turn_id,utterance_id,youtube_id,source_url,title,category,priority,subtitle_path,video_path,audio_path,split_group_id,split_strategy,split,emotion_label,emotion_label_source,emotion_label_confidence,review_flag,review_reason,usable_for_phase2,turn_text,utterance_text,turn_start_time,turn_end_time,turn_duration_seconds,duration_seconds,turn_boundary_type,turn_confidence,turn_marker_count,turn_piece_count,turn_piece_ids,turn_source_utterance_ids,turn_source_utterance_count,source_video_path,source_audio_path,clip_video_path,clip_audio_path,clip_start_seconds,clip_end_seconds,clip_duration_seconds,clip_status,start_time,end_time,source_offset_seconds,source_offset_status,speaker_cluster_id,speaker_cluster_overlap_seconds,speaker_cluster_source,speaker_role,speaker_role_source,speaker_role_confidence,witness_in_segment,witness_speaking_status,visual_target_role,visual_speaker_match,role_mapping_notes,corpus_exclusion_status,corpus_exclusion_reason,witness_only,witness_only_reason,training_use_categories,training_use_reason,speaker_visible_during_speech,face_visible_ratio,visual_verification_confidence,visual_verification_source,visual_verification_status,raw_video_path,video_features_path,video_features_status,phase1_basic_emotion,phase1_basic_emotion_confidence,phase1_basic_emotion_entropy,phase1_basic_emotion_probabilities,phase1_basic_emotion_checkpoint,phase1_basic_emotion_source,phase1_basic_emotion_modalities,phase1_basic_emotion_requested_modalities,phase1_basic_emotion_model_config,review_selection_reason
DCBWoWhsTpA_turn05919,DCBWoWhsTpA_turn05919,DCBWoWhsTpA,https://www.youtube.com/live/DCBWoWhsTpA,LIVE: Lindsay Clancy trial Day 14,full_trial_stream,5,/Users/rajeshpmu/Desktop/LegalMemoCMT/data/phase2/clancy/corpus/raw/live-lindsay-clancy-trial-day-14/live-lindsay-clancy-trial-day-14_DCBWoWhsTpA.en.vtt,/Users/rajeshpmu/Desktop/LegalMemoCMT/data/processed/phase2/clancy/turn_clips/video/DCBWoWhsTpA/DCBWoWhsTpA_turn05919.mp4,/Users/rajeshpmu/Desktop/LegalMemoCMT/data/processed/phase2/clancy/turn_clips/audio/DCBWoWhsTpA/DCBWoWhsTpA_turn05919.wav,DCBWoWhsTpA,group_by_youtube_id,dev,neutral,text_keyword_heuristic,LOW,NO,neutral default,YES,What is Celebrite?,What is Celebrite?,00:05:59.980,00:06:01.426,1.446,1.446,marker,MEDIUM,1,3,"DCBWoWhsTpA_utt00213#p02,DCBWoWhsTpA_utt00214#p01,DCBWoWhsTpA_utt00215#p01","DCBWoWhsTpA_utt00213,DCBWoWhsTpA_utt00214,DCBWoWhsTpA_utt00215",3,/Users/rajeshpmu/Desktop/LegalMemoCMT/data/phase2/clancy/corpus/raw/live-lindsay-clancy-trial-day-14/live-lindsay-clancy-trial-day-14_DCBWoWhsTpA.mp4,/Users/rajeshpmu/Desktop/LegalMemoCMT/data/phase2/clancy/corpus/raw/live-lindsay-clancy-trial-day-14/live-lindsay-clancy-trial-day-14_DCBWoWhsTpA.wav,/Users/rajeshpmu/Desktop/LegalMemoCMT/data/processed/phase2/clancy/turn_clips/video/DCBWoWhsTpA/DCBWoWhsTpA_turn05919.mp4,/Users/rajeshpmu/Desktop/LegalMemoCMT/data/processed/phase2/clancy/turn_clips/audio/DCBWoWhsTpA/DCBWoWhsTpA_turn05919.wav,359.98,361.426,1.446,created,00:05:59.980,00:06:01.426,0.0,default_zero,SPEAKER_18,0.574,pyannote/speaker-diarization-3.1,Witness,manual_verified_diarization,HIGH,YES,SPEAKING,Witness,YES,Witness 15 identified by manual audio/video review,INCLUDE,,YES,speaker_role=Witness,split_dev;usable,"usable because speaker_role=Witness, witness_speaking_status=SPEAKING, clip_status=created, duration=1.446s, and source is not excluded",YES,0.6,HIGH,manual_clip_review,HUMAN_VERIFIED,/Users/rajeshpmu/Desktop/LegalMemoCMT/data/processed/phase2/clancy/turn_clips/video/DCBWoWhsTpA/DCBWoWhsTpA_turn05919.mp4,/Users/rajeshpmu/Desktop/LegalMemoCMT/data/processed/phase2/clancy/vit_facecrop_embeddings/DCBWoWhsTpA/DCBWoWhsTpA_turn05919.npy,created,neutral,0.522277,0.998333,"{""anger"": 0.016254, ""disgust"": 0.407637, ""fear"": 0.012057, ""joy"": 0.015423, ""neutral"": 0.522277, ""sadness"": 0.005059, ""surprise"": 0.021292}",/Users/rajeshpmu/Desktop/LegalMemoCMT/results/facial_cues/meld_vit_facecrop_gated_video_aux/fold_4/best_model.pt,phase1_meld_checkpoint_pseudo_label,"audio,text,video","audio,text,video","{""audio_dim"": 128, ""audio_model_name"": ""facebook/hubert-base-ls960"", ""dropout"": 0.1, ""encoder_mode"": ""paper"", ""freeze_audio_backbone"": false, ""freeze_text_backbone"": false, ""fusion_dim"": 256, ""fusion_mode"": ""gated"", ""fusion_pooling"": ""min"", ""max_audio_len"": 256, ""max_text_len"": 128, ""max_video_len"": 32, ""num_classes"": 7, ""num_heads"": 4, ""num_layers"": 2, ""text_dim"": 256, ""text_model_name"": ""bert-base-uncased"", ""use_video"": true, ""video_dim"": 768, ""vocab_size"": 30000}",confidence<=0.6
DCBWoWhsTpA_turn05931,DCBWoWhsTpA_turn05931,DCBWoWhsTpA,https://www.youtube.com/live/DCBWoWhsTpA,LIVE: Lindsay Clancy trial Day 14,full_trial_stream,5,/Users/rajeshpmu/Desktop/LegalMemoCMT/data/phase2/clancy/corpus/raw/live-lindsay-clancy-trial-day-14/live-lindsay-clancy-trial-day-14_DCBWoWhsTpA.en.vtt,/Users/rajeshpmu/Desktop/LegalMemoCMT/data/processed/phase2/clancy/turn_clips/video/DCBWoWhsTpA/DCBWoWhsTpA_turn05931.mp4,/Users/rajeshpmu/Desktop/LegalMemoCMT/data/processed/phase2/clancy/turn_clips/audio/DCBWoWhsTpA/DCBWoWhsTpA_turn05931.wav,DCBWoWhsTpA,group_by_youtube_id,dev,neutral,text_keyword_heuristic,LOW,NO,neutral default,YES,"Uh yes, there's constantly uh changes being made to devices which make it uh difficult to extract the data. There are changes being made to the software that means that the data that we extract is now different to the data that we extracted previously. uh a new feature, for example, or a change that's made by the software developer. So, we're constantly uh changing our software to be able to extract that data and to decode more data.","Uh yes, there's constantly uh changes being made to devices which make it uh difficult to extract the data. There are changes being made to the software that means that the data that we extract is now different to the data that we extracted previously. uh a new feature, for example, or a change that's made by the software developer. So, we're constantly uh changing our software to be able to extract that data and to decode more data.",00:08:33.570,00:09:00.383,26.813,26.813,marker,MEDIUM,1,25,"DCBWoWhsTpA_utt00339#p02,DCBWoWhsTpA_utt00340#p01,DCBWoWhsTpA_utt00341#p01,DCBWoWhsTpA_utt00342#p01,DCBWoWhsTpA_utt00343#p01,DCBWoWhsTpA_utt00344#p01,DCBWoWhsTpA_utt00345#p01,DCBWoWhsTpA_utt00346#p01,DCBWoWhsTpA_utt00347#p01,DCBWoWhsTpA_utt00348#p01,DCBWoWhsTpA_utt00349#p01,DCBWoWhsTpA_utt00350#p01,DCBWoWhsTpA_utt00351#p01,DCBWoWhsTpA_utt00352#p01,DCBWoWhsTpA_utt00353#p01,DCBWoWhsTpA_utt00354#p01,DCBWoWhsTpA_utt00355#p01,DCBWoWhsTpA_utt00356#p01,DCBWoWhsTpA_utt00357#p01,DCBWoWhsTpA_utt00358#p01,DCBWoWhsTpA_utt00359#p01,DCBWoWhsTpA_utt00360#p01,DCBWoWhsTpA_utt00361#p01,DCBWoWhsTpA_utt00362#p01,DCBWoWhsTpA_utt00363#p01","DCBWoWhsTpA_utt00339,DCBWoWhsTpA_utt00340,DCBWoWhsTpA_utt00341,DCBWoWhsTpA_utt00342,DCBWoWhsTpA_utt00343,DCBWoWhsTpA_utt00344,DCBWoWhsTpA_utt00345,DCBWoWhsTpA_utt00346,DCBWoWhsTpA_utt00347,DCBWoWhsTpA_utt00348,DCBWoWhsTpA_utt00349,DCBWoWhsTpA_utt00350,DCBWoWhsTpA_utt00351,DCBWoWhsTpA_utt00352,DCBWoWhsTpA_utt00353,DCBWoWhsTpA_utt00354,DCBWoWhsTpA_utt00355,DCBWoWhsTpA_utt00356,DCBWoWhsTpA_utt00357,DCBWoWhsTpA_utt00358,DCBWoWhsTpA_utt00359,DCBWoWhsTpA_utt00360,DCBWoWhsTpA_utt00361,DCBWoWhsTpA_utt00362,DCBWoWhsTpA_utt00363",25,/Users/rajeshpmu/Desktop/LegalMemoCMT/data/phase2/clancy/corpus/raw/live-lindsay-clancy-trial-day-14/live-lindsay-clancy-trial-day-14_DCBWoWhsTpA.mp4,/Users/rajeshpmu/Desktop/LegalMemoCMT/data/phase2/clancy/corpus/raw/live-lindsay-clancy-trial-day-14/live-lindsay-clancy-trial-day-14_DCBWoWhsTpA.wav,/Users/rajeshpmu/Desktop/LegalMemoCMT/data/processed/phase2/clancy/turn_clips/video/DCBWoWhsTpA/DCBWoWhsTpA_turn05931.mp4,/Users/rajeshpmu/Desktop/LegalMemoCMT/data/processed/phase2/clancy/turn_clips/audio/DCBWoWhsTpA/DCBWoWhsTpA_turn05931.wav,513.57,540.383,26.813,created,00:08:33.570,00:09:00.383,0.0,default_zero,SPEAKER_18,22.022,pyannote/speaker-diarization-3.1,Witness,manual_verified_diarization,HIGH,YES,SPEAKING,Witness,YES,Witness 15 identified by manual audio/video review,INCLUDE,,YES,speaker_role=Witness,split_dev;usable,"usable because speaker_role=Witness, witness_speaking_status=SPEAKING, clip_status=created, duration=26.813s, and source is not excluded",YES,0.6,HIGH,manual_clip_review,HUMAN_VERIFIED,/Users/rajeshpmu/Desktop/LegalMemoCMT/data/processed/phase2/clancy/turn_clips/video/DCBWoWhsTpA/DCBWoWhsTpA_turn05931.mp4,/Users/rajeshpmu/Desktop/LegalMemoCMT/data/processed/phase2/clancy/vit_facecrop_embeddings/DCBWoWhsTpA/DCBWoWhsTpA_turn05931.npy,created,neutral,0.284326,1.663486,"{""anger"": 0.038306, ""disgust"": 0.004344, ""fear"": 0.086052, ""joy"": 0.25103, ""neutral"": 0.284326, ""sadness"": 0.165839, ""surprise"": 0.170103}",/Users/rajeshpmu/Desktop/LegalMemoCMT/results/facial_cues/meld_vit_facecrop_gated_video_aux/fold_4/best_model.pt,phase1_meld_checkpoint_pseudo_label,"audio,text,video","audio,text,video","{""audio_dim"": 128, ""audio_model_name"": ""facebook/hubert-base-ls960"", ""dropout"": 0.1, ""encoder_mode"": ""paper"", ""freeze_audio_backbone"": false, ""freeze_text_backbone"": false, ""fusion_dim"": 256, ""fusion_mode"": ""gated"", ""fusion_pooling"": ""min"", ""max_audio_len"": 256, ""max_text_len"": 128, ""max_video_len"": 32, ""num_classes"": 7, ""num_heads"": 4, ""num_layers"": 2, ""text_dim"": 256, ""text_model_name"": ""bert-base-uncased"", ""use_video"": true, ""video_dim"": 768, ""vocab_size"": 30000}",confidence<=0.6
DCBWoWhsTpA_turn05967,DCBWoWhsTpA_turn05967,DCBWoWhsTpA,https://www.youtube.com/live/DCBWoWhsTpA,LIVE: Lindsay Clancy trial Day 14,full_trial_stream,5,/Users/rajeshpmu/Desktop/LegalMemoCMT/data/phase2/clancy/corpus/raw/live-lindsay-clancy-trial-day-14/live-lindsay-clancy-trial-day-14_DCBWoWhsTpA.en.vtt,/Users/rajeshpmu/Desktop/LegalMemoCMT/data/processed/phase2/clancy/turn_clips/video/DCBWoWhsTpA/DCBWoWhsTpA_turn05967.mp4,/Users/rajeshpmu/Desktop/LegalMemoCMT/data/processed/phase2/clancy/turn_clips/audio/DCBWoWhsTpA/DCBWoWhsTpA_turn05967.wav,DCBWoWhsTpA,group_by_youtube_id,dev,neutral,text_keyword_heuristic,LOW,NO,neutral default,YES,"Uh so I actually tried to just highlight some of the high points for the day. Uh I realized a few days ago while reviewing this, there was uh records uh there that show a a high of 123 and 122 which I'd not highlighted.","Uh so I actually tried to just highlight some of the high points for the day. Uh I realized a few days ago while reviewing this, there was uh records uh there that show a a high of 123 and 122 which I'd not highlighted.",00:17:06.526,00:17:20.615,14.089,14.089,marker,MEDIUM,1,13,"DCBWoWhsTpA_utt00765#p02,DCBWoWhsTpA_utt00766#p01,DCBWoWhsTpA_utt00767#p01,DCBWoWhsTpA_utt00768#p01,DCBWoWhsTpA_utt00769#p01,DCBWoWhsTpA_utt00770#p01,DCBWoWhsTpA_utt00771#p01,DCBWoWhsTpA_utt00772#p01,DCBWoWhsTpA_utt00773#p01,DCBWoWhsTpA_utt00774#p01,DCBWoWhsTpA_utt00775#p01,DCBWoWhsTpA_utt00776#p01,DCBWoWhsTpA_utt00777#p01","DCBWoWhsTpA_utt00765,DCBWoWhsTpA_utt00766,DCBWoWhsTpA_utt00767,DCBWoWhsTpA_utt00768,DCBWoWhsTpA_utt00769,DCBWoWhsTpA_utt00770,DCBWoWhsTpA_utt00771,DCBWoWhsTpA_utt00772,DCBWoWhsTpA_utt00773,DCBWoWhsTpA_utt00774,DCBWoWhsTpA_utt00775,DCBWoWhsTpA_utt00776,DCBWoWhsTpA_utt00777",13,/Users/rajeshpmu/Desktop/LegalMemoCMT/data/phase2/clancy/corpus/raw/live-lindsay-clancy-trial-day-14/live-lindsay-clancy-trial-day-14_DCBWoWhsTpA.mp4,/Users/rajeshpmu/Desktop/LegalMemoCMT/data/phase2/clancy/corpus/raw/live-lindsay-clancy-trial-day-14/live-lindsay-clancy-trial-day-14_DCBWoWhsTpA.wav,/Users/rajeshpmu/Desktop/LegalMemoCMT/data/processed/phase2/clancy/turn_clips/video/DCBWoWhsTpA/DCBWoWhsTpA_turn05967.mp4,/Users/rajeshpmu/Desktop/LegalMemoCMT/data/processed/phase2/clancy/turn_clips/audio/DCBWoWhsTpA/DCBWoWhsTpA_turn05967.wav,1026.526,1040.615,14.089,created,00:17:06.526,00:17:20.615,0.0,default_zero,SPEAKER_18,12.583,pyannote/speaker-diarization-3.1,Witness,manual_verified_diarization,HIGH,YES,SPEAKING,Witness,YES,Witness 15 identified by manual audio/video review,INCLUDE,,YES,speaker_role=Witness,split_dev;usable,"usable because speaker_role=Witness, witness_speaking_status=SPEAKING, clip_status=created, duration=14.089s, and source is not excluded",YES,0.6,HIGH,manual_clip_review,HUMAN_VERIFIED,/Users/rajeshpmu/Desktop/LegalMemoCMT/data/processed/phase2/clancy/turn_clips/video/DCBWoWhsTpA/DCBWoWhsTpA_turn05967.mp4,/Users/rajeshpmu/Desktop/LegalMemoCMT/data/processed/phase2/clancy/vit_facecrop_embeddings/DCBWoWhsTpA/DCBWoWhsTpA_turn05967.npy,created,neutral,0.527841,1.319354,"{""anger"": 0.262962, ""disgust"": 0.045677, ""fear"": 0.022257, ""joy"": 0.081881, ""neutral"": 0.527841, ""sadness"": 0.045245, ""surprise"": 0.014136}",/Users/rajeshpmu/Desktop/LegalMemoCMT/results/facial_cues/meld_vit_facecrop_gated_video_aux/fold_4/best_model.pt,phase1_meld_checkpoint_pseudo_label,"audio,text,video","audio,text,video","{""audio_dim"": 128, ""audio_model_name"": ""facebook/hubert-base-ls960"", ""dropout"": 0.1, ""encoder_mode"": ""paper"", ""freeze_audio_backbone"": false, ""freeze_text_backbone"": false, ""fusion_dim"": 256, ""fusion_mode"": ""gated"", ""fusion_pooling"": ""min"", ""max_audio_len"": 256, ""max_text_len"": 128, ""max_video_len"": 32, ""num_classes"": 7, ""num_heads"": 4, ""num_layers"": 2, ""text_dim"": 256, ""text_model_name"": ""bert-base-uncased"", ""use_video"": true, ""video_dim"": 768, ""vocab_size"": 30000}",confidence<=0.6
DCBWoWhsTpA_turn05970,DCBWoWhsTpA_turn05970,DCBWoWhsTpA,https://www.youtube.com/live/DCBWoWhsTpA,LIVE: Lindsay Clancy trial Day 14,full_trial_stream,5,/Users/rajeshpmu/Desktop/LegalMemoCMT/data/phase2/clancy/corpus/raw/live-lindsay-clancy-trial-day-14/live-lindsay-clancy-trial-day-14_DCBWoWhsTpA.en.vtt,/Users/rajeshpmu/Desktop/LegalMemoCMT/data/processed/phase2/clancy/turn_clips/video/DCBWoWhsTpA/DCBWoWhsTpA_turn05970.mp4,/Users/rajeshpmu/Desktop/LegalMemoCMT/data/processed/phase2/clancy/turn_clips/audio/DCBWoWhsTpA/DCBWoWhsTpA_turn05970.wav,DCBWoWhsTpA,group_by_youtube_id,dev,neutral,text_keyword_heuristic,LOW,NO,neutral default,YES,Uh so the last heart rate record was at 17 2352. So 23 minutes past 5 uh in the afternoon with a heart rate of 57 beats per minute.,Uh so the last heart rate record was at 17 2352. So 23 minutes past 5 uh in the afternoon with a heart rate of 57 beats per minute.,00:17:31.936,00:17:41.230,9.294,9.294,marker,MEDIUM,1,9,"DCBWoWhsTpA_utt00785#p02,DCBWoWhsTpA_utt00786#p01,DCBWoWhsTpA_utt00787#p01,DCBWoWhsTpA_utt00788#p01,DCBWoWhsTpA_utt00789#p01,DCBWoWhsTpA_utt00790#p01,DCBWoWhsTpA_utt00791#p01,DCBWoWhsTpA_utt00792#p01,DCBWoWhsTpA_utt00793#p01","DCBWoWhsTpA_utt00785,DCBWoWhsTpA_utt00786,DCBWoWhsTpA_utt00787,DCBWoWhsTpA_utt00788,DCBWoWhsTpA_utt00789,DCBWoWhsTpA_utt00790,DCBWoWhsTpA_utt00791,DCBWoWhsTpA_utt00792,DCBWoWhsTpA_utt00793",9,/Users/rajeshpmu/Desktop/LegalMemoCMT/data/phase2/clancy/corpus/raw/live-lindsay-clancy-trial-day-14/live-lindsay-clancy-trial-day-14_DCBWoWhsTpA.mp4,/Users/rajeshpmu/Desktop/LegalMemoCMT/data/phase2/clancy/corpus/raw/live-lindsay-clancy-trial-day-14/live-lindsay-clancy-trial-day-14_DCBWoWhsTpA.wav,/Users/rajeshpmu/Desktop/LegalMemoCMT/data/processed/phase2/clancy/turn_clips/video/DCBWoWhsTpA/DCBWoWhsTpA_turn05970.mp4,/Users/rajeshpmu/Desktop/LegalMemoCMT/data/processed/phase2/clancy/turn_clips/audio/DCBWoWhsTpA/DCBWoWhsTpA_turn05970.wav,1051.936,1061.23,9.294,created,00:17:31.936,00:17:41.230,0.0,default_zero,SPEAKER_18,4.993,pyannote/speaker-diarization-3.1,Witness,manual_verified_diarization,HIGH,YES,SPEAKING,Witness,YES,Witness 15 identified by manual audio/video review,INCLUDE,,YES,speaker_role=Witness,split_dev;usable,"usable because speaker_role=Witness, witness_speaking_status=SPEAKING, clip_status=created, duration=9.294s, and source is not excluded",YES,0.6,HIGH,manual_clip_review,HUMAN_VERIFIED,/Users/rajeshpmu/Desktop/LegalMemoCMT/data/processed/phase2/clancy/turn_clips/video/DCBWoWhsTpA/DCBWoWhsTpA_turn05970.mp4,/Users/rajeshpmu/Desktop/LegalMemoCMT/data/processed/phase2/clancy/vit_facecrop_embeddings/DCBWoWhsTpA/DCBWoWhsTpA_turn05970.npy,created,neutral,0.557679,1.421679,"{""anger"": 0.066642, ""disgust"": 0.065734, ""fear"": 0.017259, ""joy"": 0.119213, ""neutral"": 0.557679, ""sadness"": 0.055976, ""surprise"": 0.117498}",/Users/rajeshpmu/Desktop/LegalMemoCMT/results/facial_cues/meld_vit_facecrop_gated_video_aux/fold_4/best_model.pt,phase1_meld_checkpoint_pseudo_label,"audio,text,video","audio,text,video","{""audio_dim"": 128, ""audio_model_name"": ""facebook/hubert-base-ls960"", ""dropout"": 0.1, ""encoder_mode"": ""paper"", ""freeze_audio_backbone"": false, ""freeze_text_backbone"": false, ""fusion_dim"": 256, ""fusion_mode"": ""gated"", ""fusion_pooling"": ""min"", ""max_audio_len"": 256, ""max_text_len"": 128, ""max_video_len"": 32, ""num_classes"": 7, ""num_heads"": 4, ""num_layers"": 2, ""text_dim"": 256, ""text_model_name"": ""bert-base-uncased"", ""use_video"": true, ""video_dim"": 768, ""vocab_size"": 30000}",confidence<=0.6
DCBWoWhsTpA_turn05971,DCBWoWhsTpA_turn05971,DCBWoWhsTpA,https://www.youtube.com/live/DCBWoWhsTpA,LIVE: Lindsay Clancy trial Day 14,full_trial_stream,5,/Users/rajeshpmu/Desktop/LegalMemoCMT/data/phase2/clancy/corpus/raw/live-lindsay-clancy-trial-day-14/live-lindsay-clancy-trial-day-14_DCBWoWhsTpA.en.vtt,/Users/rajeshpmu/Desktop/LegalMemoCMT/data/processed/phase2/clancy/turn_clips/video/DCBWoWhsTpA/DCBWoWhsTpA_turn05971.mp4,/Users/rajeshpmu/Desktop/LegalMemoCMT/data/processed/phase2/clancy/turn_clips/audio/DCBWoWhsTpA/DCBWoWhsTpA_turn05971.wav,DCBWoWhsTpA,group_by_youtube_id,dev,neutral,text_keyword_heuristic,LOW,NO,neutral default,YES,"What was the average heart rate for for the day for the defendants um phone? Uh there was a range of heart rates uh going between uh as low as uh I believe around 50 and as high as around 122. On average it was around uh high 80s, early 90s.","What was the average heart rate for for the day for the defendants um phone? Uh there was a range of heart rates uh going between uh as low as uh I believe around 50 and as high as around 122. On average it was around uh high 80s, early 90s.",00:17:41.230,00:18:01.635,20.405,20.405,marker,MEDIUM,1,15,"DCBWoWhsTpA_utt00793#p02,DCBWoWhsTpA_utt00794#p01,DCBWoWhsTpA_utt00795#p01,DCBWoWhsTpA_utt00796#p01,DCBWoWhsTpA_utt00797#p01,DCBWoWhsTpA_utt00798#p01,DCBWoWhsTpA_utt00799#p01,DCBWoWhsTpA_utt00800#p01,DCBWoWhsTpA_utt00801#p01,DCBWoWhsTpA_utt00802#p01,DCBWoWhsTpA_utt00803#p01,DCBWoWhsTpA_utt00804#p01,DCBWoWhsTpA_utt00805#p01,DCBWoWhsTpA_utt00806#p01,DCBWoWhsTpA_utt00807#p01","DCBWoWhsTpA_utt00793,DCBWoWhsTpA_utt00794,DCBWoWhsTpA_utt00795,DCBWoWhsTpA_utt00796,DCBWoWhsTpA_utt00797,DCBWoWhsTpA_utt00798,DCBWoWhsTpA_utt00799,DCBWoWhsTpA_utt00800,DCBWoWhsTpA_utt00801,DCBWoWhsTpA_utt00802,DCBWoWhsTpA_utt00803,DCBWoWhsTpA_utt00804,DCBWoWhsTpA_utt00805,DCBWoWhsTpA_utt00806,DCBWoWhsTpA_utt00807",15,/Users/rajeshpmu/Desktop/LegalMemoCMT/data/phase2/clancy/corpus/raw/live-lindsay-clancy-trial-day-14/live-lindsay-clancy-trial-day-14_DCBWoWhsTpA.mp4,/Users/rajeshpmu/Desktop/LegalMemoCMT/data/phase2/clancy/corpus/raw/live-lindsay-clancy-trial-day-14/live-lindsay-clancy-trial-day-14_DCBWoWhsTpA.wav,/Users/rajeshpmu/Desktop/LegalMemoCMT/data/processed/phase2/clancy/turn_clips/video/DCBWoWhsTpA/DCBWoWhsTpA_turn05971.mp4,/Users/rajeshpmu/Desktop/LegalMemoCMT/data/processed/phase2/clancy/turn_clips/audio/DCBWoWhsTpA/DCBWoWhsTpA_turn05971.wav,1061.23,1081.635,20.405,created,00:17:41.230,00:18:01.635,0.0,default_zero,SPEAKER_18,11.762,pyannote/speaker-diarization-3.1,Witness,manual_verified_diarization,HIGH,YES,SPEAKING,Witness,YES,Witness 15 identified by manual audio/video review,INCLUDE,,YES,speaker_role=Witness,split_dev;usable,"usable because speaker_role=Witness, witness_speaking_status=SPEAKING, clip_status=created, duration=20.405s, and source is not excluded",YES,0.6,HIGH,manual_clip_review,HUMAN_VERIFIED,/Users/rajeshpmu/Desktop/LegalMemoCMT/data/processed/phase2/clancy/turn_clips/video/DCBWoWhsTpA/DCBWoWhsTpA_turn05971.mp4,/Users/rajeshpmu/Desktop/LegalMemoCMT/data/processed/phase2/clancy/vit_facecrop_embeddings/DCBWoWhsTpA/DCBWoWhsTpA_turn05971.npy,created,neutral,0.518723,1.461376,"{""anger"": 0.054988, ""disgust"": 0.045757, ""fear"": 0.02295, ""joy"": 0.087824, ""neutral"": 0.518723, ""sadness"": 0.18668, ""surprise"": 0.083077}",/Users/rajeshpmu/Desktop/LegalMemoCMT/results/facial_cues/meld_vit_facecrop_gated_video_aux/fold_4/best_model.pt,phase1_meld_checkpoint_pseudo_label,"audio,text,video","audio,text,video","{""audio_dim"": 128, ""audio_model_name"": ""facebook/hubert-base-ls960"", ""dropout"": 0.1, ""encoder_mode"": ""paper"", ""freeze_audio_backbone"": false, ""freeze_text_backbone"": false, ""fusion_dim"": 256, ""fusion_mode"": ""gated"", ""fusion_pooling"": ""min"", ""max_audio_len"": 256, ""max_text_len"": 128, ""max_video_len"": 32, ""num_classes"": 7, ""num_heads"": 4, ""num_layers"": 2, ""text_dim"": 256, ""text_model_name"": ""bert-base-uncased"", ""use_video"": true, ""video_dim"": 768, ""vocab_size"": 30000}",confidence<=0.6
DCBWoWhsTpA_turn05976,DCBWoWhsTpA_turn05976,DCBWoWhsTpA,https://www.youtube.com/live/DCBWoWhsTpA,LIVE: Lindsay Clancy trial Day 14,full_trial_stream,5,/Users/rajeshpmu/Desktop/LegalMemoCMT/data/phase2/clancy/corpus/raw/live-lindsay-clancy-trial-day-14/live-lindsay-clancy-trial-day-14_DCBWoWhsTpA.en.vtt,/Users/rajeshpmu/Desktop/LegalMemoCMT/data/processed/phase2/clancy/turn_clips/video/DCBWoWhsTpA/DCBWoWhsTpA_turn05976.mp4,/Users/rajeshpmu/Desktop/LegalMemoCMT/data/processed/phase2/clancy/turn_clips/audio/DCBWoWhsTpA/DCBWoWhsTpA_turn05976.wav,DCBWoWhsTpA,group_by_youtube_id,dev,neutral,text_keyword_heuristic,LOW,NO,neutral default,YES,"Uh if the watch was taken off, if the watch was turned off, uh","Uh if the watch was taken off, if the watch was turned off, uh",00:18:25.539,00:18:30.141,4.602,4.602,marker,MEDIUM,1,7,"DCBWoWhsTpA_utt00827#p02,DCBWoWhsTpA_utt00828#p01,DCBWoWhsTpA_utt00829#p01,DCBWoWhsTpA_utt00830#p01,DCBWoWhsTpA_utt00831#p01,DCBWoWhsTpA_utt00832#p01,DCBWoWhsTpA_utt00833#p01","DCBWoWhsTpA_utt00827,DCBWoWhsTpA_utt00828,DCBWoWhsTpA_utt00829,DCBWoWhsTpA_utt00830,DCBWoWhsTpA_utt00831,DCBWoWhsTpA_utt00832,DCBWoWhsTpA_utt00833",7,/Users/rajeshpmu/Desktop/LegalMemoCMT/data/phase2/clancy/corpus/raw/live-lindsay-clancy-trial-day-14/live-lindsay-clancy-trial-day-14_DCBWoWhsTpA.mp4,/Users/rajeshpmu/Desktop/LegalMemoCMT/data/phase2/clancy/corpus/raw/live-lindsay-clancy-trial-day-14/live-lindsay-clancy-trial-day-14_DCBWoWhsTpA.wav,/Users/rajeshpmu/Desktop/LegalMemoCMT/data/processed/phase2/clancy/turn_clips/video/DCBWoWhsTpA/DCBWoWhsTpA_turn05976.mp4,/Users/rajeshpmu/Desktop/LegalMemoCMT/data/processed/phase2/clancy/turn_clips/audio/DCBWoWhsTpA/DCBWoWhsTpA_turn05976.wav,1105.539,1110.141,4.602,created,00:18:25.539,00:18:30.141,0.0,default_zero,SPEAKER_18,2.369,pyannote/speaker-diarization-3.1,Witness,manual_verified_diarization,HIGH,YES,SPEAKING,Witness,YES,Witness 15 identified by manual audio/video review,INCLUDE,,YES,speaker_role=Witness,split_dev;usable,"usable because speaker_role=Witness, witness_speaking_status=SPEAKING, clip_status=created, duration=4.602s, and source is not excluded",YES,0.6,HIGH,manual_clip_review,HUMAN_VERIFIED,/Users/rajeshpmu/Desktop/LegalMemoCMT/data/processed/phase2/clancy/turn_clips/video/DCBWoWhsTpA/DCBWoWhsTpA_turn05976.mp4,/Users/rajeshpmu/Desktop/LegalMemoCMT/data/processed/phase2/clancy/vit_facecrop_embeddings/DCBWoWhsTpA/DCBWoWhsTpA_turn05976.npy,created,sadness,0.462815,1.249315,"{""anger"": 0.060867, ""disgust"": 0.009564, ""fear"": 0.025916, ""joy"": 0.063508, ""neutral"": 0.36889, ""sadness"": 0.462815, ""surprise"": 0.008439}",/Users/rajeshpmu/Desktop/LegalMemoCMT/results/facial_cues/meld_vit_facecrop_gated_video_aux/fold_4/best_model.pt,phase1_meld_checkpoint_pseudo_label,"audio,text,video","audio,text,video","{""audio_dim"": 128, ""audio_model_name"": ""facebook/hubert-base-ls960"", ""dropout"": 0.1, ""encoder_mode"": ""paper"", ""freeze_audio_backbone"": false, ""freeze_text_backbone"": false, ""fusion_dim"": 256, ""fusion_mode"": ""gated"", ""fusion_pooling"": ""min"", ""max_audio_len"": 256, ""max_text_len"": 128, ""max_video_len"": 32, ""num_classes"": 7, ""num_heads"": 4, ""num_layers"": 2, ""text_dim"": 256, ""text_model_name"": ""bert-base-uncased"", ""use_video"": true, ""video_dim"": 768, ""vocab_size"": 30000}",confidence<=0.6
DCBWoWhsTpA_turn06091,DCBWoWhsTpA_turn06091,DCBWoWhsTpA,https://www.youtube.com/live/DCBWoWhsTpA,LIVE: Lindsay Clancy trial Day 14,full_trial_stream,5,/Users/rajeshpmu/Desktop/LegalMemoCMT/data/phase2/clancy/corpus/raw/live-lindsay-clancy-trial-day-14/live-lindsay-clancy-trial-day-14_DCBWoWhsTpA.en.vtt,/Users/rajeshpmu/Desktop/LegalMemoCMT/data/processed/phase2/clancy/turn_clips/video/DCBWoWhsTpA/DCBWoWhsTpA_turn06091.mp4,/Users/rajeshpmu/Desktop/LegalMemoCMT/data/processed/phase2/clancy/turn_clips/audio/DCBWoWhsTpA/DCBWoWhsTpA_turn06091.wav,DCBWoWhsTpA,group_by_youtube_id,dev,neutral,text_keyword_heuristic,LOW,NO,neutral default,YES,Correct. what application was on screen at the time?,Correct. what application was on screen at the time?,00:44:12.955,00:44:15.313,2.358,2.358,marker,MEDIUM,1,5,"DCBWoWhsTpA_utt01931#p02,DCBWoWhsTpA_utt01932#p01,DCBWoWhsTpA_utt01933#p01,DCBWoWhsTpA_utt01934#p01,DCBWoWhsTpA_utt01935#p01","DCBWoWhsTpA_utt01931,DCBWoWhsTpA_utt01932,DCBWoWhsTpA_utt01933,DCBWoWhsTpA_utt01934,DCBWoWhsTpA_utt01935",5,/Users/rajeshpmu/Desktop/LegalMemoCMT/data/phase2/clancy/corpus/raw/live-lindsay-clancy-trial-day-14/live-lindsay-clancy-trial-day-14_DCBWoWhsTpA.mp4,/Users/rajeshpmu/Desktop/LegalMemoCMT/data/phase2/clancy/corpus/raw/live-lindsay-clancy-trial-day-14/live-lindsay-clancy-trial-day-14_DCBWoWhsTpA.wav,/Users/rajeshpmu/Desktop/LegalMemoCMT/data/processed/phase2/clancy/turn_clips/video/DCBWoWhsTpA/DCBWoWhsTpA_turn06091.mp4,/Users/rajeshpmu/Desktop/LegalMemoCMT/data/processed/phase2/clancy/turn_clips/audio/DCBWoWhsTpA/DCBWoWhsTpA_turn06091.wav,2652.955,2655.313,2.358,created,00:44:12.955,00:44:15.313,0.0,default_zero,SPEAKER_18,1.378,pyannote/speaker-diarization-3.1,Witness,manual_verified_diarization,HIGH,YES,SPEAKING,Witness,YES,Witness 15 identified by manual audio/video review,INCLUDE,,YES,speaker_role=Witness,split_dev;usable,"usable because speaker_role=Witness, witness_speaking_status=SPEAKING, clip_status=created, duration=2.358s, and source is not excluded",YES,0.6,HIGH,manual_clip_review,HUMAN_VERIFIED,/Users/rajeshpmu/Desktop/LegalMemoCMT/data/processed/phase2/clancy/turn_clips/video/DCBWoWhsTpA/DCBWoWhsTpA_turn06091.mp4,/Users/rajeshpmu/Desktop/LegalMemoCMT/data/processed/phase2/clancy/vit_facecrop_embeddings/DCBWoWhsTpA/DCBWoWhsTpA_turn06091.npy,created,neutral,0.582739,1.021914,"{""anger"": 0.026851, ""disgust"": 0.326109, ""fear"": 0.009355, ""joy"": 0.040168, ""neutral"": 0.582739, ""sadness"": 0.009612, ""surprise"": 0.005166}",/Users/rajeshpmu/Desktop/LegalMemoCMT/results/facial_cues/meld_vit_facecrop_gated_video_aux/fold_4/best_model.pt,phase1_meld_checkpoint_pseudo_label,"audio,text,video","audio,text,video","{""audio_dim"": 128, ""audio_model_name"": ""facebook/hubert-base-ls960"", ""dropout"": 0.1, ""encoder_mode"": ""paper"", ""freeze_audio_backbone"": false, ""freeze_text_backbone"": false, ""fusion_dim"": 256, ""fusion_mode"": ""gated"", ""fusion_pooling"": ""min"", ""max_audio_len"": 256, ""max_text_len"": 128, ""max_video_len"": 32, ""num_classes"": 7, ""num_heads"": 4, ""num_layers"": 2, ""text_dim"": 256, ""text_model_name"": ""bert-base-uncased"", ""use_video"": true, ""video_dim"": 768, ""vocab_size"": 30000}",confidence<=0.6
DCBWoWhsTpA_turn06119,DCBWoWhsTpA_turn06119,DCBWoWhsTpA,https://www.youtube.com/live/DCBWoWhsTpA,LIVE: Lindsay Clancy trial Day 14,full_trial_stream,5,/Users/rajeshpmu/Desktop/LegalMemoCMT/data/phase2/clancy/corpus/raw/live-lindsay-clancy-trial-day-14/live-lindsay-clancy-trial-day-14_DCBWoWhsTpA.en.vtt,/Users/rajeshpmu/Desktop/LegalMemoCMT/data/processed/phase2/clancy/turn_clips/video/DCBWoWhsTpA/DCBWoWhsTpA_turn06119.mp4,/Users/rajeshpmu/Desktop/LegalMemoCMT/data/processed/phase2/clancy/turn_clips/audio/DCBWoWhsTpA/DCBWoWhsTpA_turn06119.wav,DCBWoWhsTpA,group_by_youtube_id,dev,neutral,text_keyword_heuristic,LOW,NO,neutral default,YES,"Uh so flight climb started uh is how it's listed within the database and within the software. Uh but it actually the flight climb time is when the flight climb has been recognized by the device as the device has already uh climbed up those stairs. So even though it says flight climb started, that's that's technically the time that the flight climb uh or the first flight climb had ended.","Uh so flight climb started uh is how it's listed within the database and within the software. Uh but it actually the flight climb time is when the flight climb has been recognized by the device as the device has already uh climbed up those stairs. So even though it says flight climb started, that's that's technically the time that the flight climb uh or the first flight climb had ended.",00:48:47.182,00:49:12.492,25.31,25.31,marker,MEDIUM,1,23,"DCBWoWhsTpA_utt02131#p02,DCBWoWhsTpA_utt02132#p01,DCBWoWhsTpA_utt02133#p01,DCBWoWhsTpA_utt02134#p01,DCBWoWhsTpA_utt02135#p01,DCBWoWhsTpA_utt02136#p01,DCBWoWhsTpA_utt02137#p01,DCBWoWhsTpA_utt02138#p01,DCBWoWhsTpA_utt02139#p01,DCBWoWhsTpA_utt02140#p01,DCBWoWhsTpA_utt02141#p01,DCBWoWhsTpA_utt02142#p01,DCBWoWhsTpA_utt02143#p01,DCBWoWhsTpA_utt02144#p01,DCBWoWhsTpA_utt02145#p01,DCBWoWhsTpA_utt02146#p01,DCBWoWhsTpA_utt02147#p01,DCBWoWhsTpA_utt02148#p01,DCBWoWhsTpA_utt02149#p01,DCBWoWhsTpA_utt02150#p01,DCBWoWhsTpA_utt02151#p01,DCBWoWhsTpA_utt02152#p01,DCBWoWhsTpA_utt02153#p01","DCBWoWhsTpA_utt02131,DCBWoWhsTpA_utt02132,DCBWoWhsTpA_utt02133,DCBWoWhsTpA_utt02134,DCBWoWhsTpA_utt02135,DCBWoWhsTpA_utt02136,DCBWoWhsTpA_utt02137,DCBWoWhsTpA_utt02138,DCBWoWhsTpA_utt02139,DCBWoWhsTpA_utt02140,DCBWoWhsTpA_utt02141,DCBWoWhsTpA_utt02142,DCBWoWhsTpA_utt02143,DCBWoWhsTpA_utt02144,DCBWoWhsTpA_utt02145,DCBWoWhsTpA_utt02146,DCBWoWhsTpA_utt02147,DCBWoWhsTpA_utt02148,DCBWoWhsTpA_utt02149,DCBWoWhsTpA_utt02150,DCBWoWhsTpA_utt02151,DCBWoWhsTpA_utt02152,DCBWoWhsTpA_utt02153",23,/Users/rajeshpmu/Desktop/LegalMemoCMT/data/phase2/clancy/corpus/raw/live-lindsay-clancy-trial-day-14/live-lindsay-clancy-trial-day-14_DCBWoWhsTpA.mp4,/Users/rajeshpmu/Desktop/LegalMemoCMT/data/phase2/clancy/corpus/raw/live-lindsay-clancy-trial-day-14/live-lindsay-clancy-trial-day-14_DCBWoWhsTpA.wav,/Users/rajeshpmu/Desktop/LegalMemoCMT/data/processed/phase2/clancy/turn_clips/video/DCBWoWhsTpA/DCBWoWhsTpA_turn06119.mp4,/Users/rajeshpmu/Desktop/LegalMemoCMT/data/processed/phase2/clancy/turn_clips/audio/DCBWoWhsTpA/DCBWoWhsTpA_turn06119.wav,2927.182,2952.492,25.31,created,00:48:47.182,00:49:12.492,0.0,default_zero,SPEAKER_18,20.908,pyannote/speaker-diarization-3.1,Witness,manual_verified_diarization,HIGH,YES,SPEAKING,Witness,YES,Witness 15 identified by manual audio/video review,INCLUDE,,YES,speaker_role=Witness,split_dev;usable,"usable because speaker_role=Witness, witness_speaking_status=SPEAKING, clip_status=created, duration=25.310s, and source is not excluded",YES,0.6,HIGH,manual_clip_review,HUMAN_VERIFIED,/Users/rajeshpmu/Desktop/LegalMemoCMT/data/processed/phase2/clancy/turn_clips/video/DCBWoWhsTpA/DCBWoWhsTpA_turn06119.mp4,/Users/rajeshpmu/Desktop/LegalMemoCMT/data/processed/phase2/clancy/vit_facecrop_embeddings/DCBWoWhsTpA/DCBWoWhsTpA_turn06119.npy,created,neutral,0.583167,1.316517,"{""anger"": 0.089841, ""disgust"": 0.035013, ""fear"": 0.014252, ""joy"": 0.116491, ""neutral"": 0.583167, ""sadness"": 0.139958, ""surprise"": 0.021278}",/Users/rajeshpmu/Desktop/LegalMemoCMT/results/facial_cues/meld_vit_facecrop_gated_video_aux/fold_4/best_model.pt,phase1_meld_checkpoint_pseudo_label,"audio,text,video","audio,text,video","{""audio_dim"": 128, ""audio_model_name"": ""facebook/hubert-base-ls960"", ""dropout"": 0.1, ""encoder_mode"": ""paper"", ""freeze_audio_backbone"": false, ""freeze_text_backbone"": false, ""fusion_dim"": 256, ""fusion_mode"": ""gated"", ""fusion_pooling"": ""min"", ""max_audio_len"": 256, ""max_text_len"": 128, ""max_video_len"": 32, ""num_classes"": 7, ""num_heads"": 4, ""num_layers"": 2, ""text_dim"": 256, ""text_model_name"": ""bert-base-uncased"", ""use_video"": true, ""video_dim"": 768, ""vocab_size"": 30000}",confidence<=0.6
DCBWoWhsTpA_turn06121,DCBWoWhsTpA_turn06121,DCBWoWhsTpA,https://www.youtube.com/live/DCBWoWhsTpA,LIVE: Lindsay Clancy trial Day 14,full_trial_stream,5,/Users/rajeshpmu/Desktop/LegalMemoCMT/data/phase2/clancy/corpus/raw/live-lindsay-clancy-trial-day-14/live-lindsay-clancy-trial-day-14_DCBWoWhsTpA.en.vtt,/Users/rajeshpmu/Desktop/LegalMemoCMT/data/processed/phase2/clancy/turn_clips/video/DCBWoWhsTpA/DCBWoWhsTpA_turn06121.mp4,/Users/rajeshpmu/Desktop/LegalMemoCMT/data/processed/phase2/clancy/turn_clips/audio/DCBWoWhsTpA/DCBWoWhsTpA_turn06121.wav,DCBWoWhsTpA,group_by_youtube_id,dev,neutral,text_keyword_heuristic,LOW,NO,neutral default,YES,"Yes, that that indicates the phone has now realized I'm 3 m higher than I was the last time I checked. Uh therefore a flight climb has already been completed at that point","Yes, that that indicates the phone has now realized I'm 3 m higher than I was the last time I checked. Uh therefore a flight climb has already been completed at that point",00:49:23.896,00:49:34.375,10.479,10.479,marker,MEDIUM,1,11,"DCBWoWhsTpA_utt02163#p02,DCBWoWhsTpA_utt02164#p01,DCBWoWhsTpA_utt02165#p01,DCBWoWhsTpA_utt02166#p01,DCBWoWhsTpA_utt02167#p01,DCBWoWhsTpA_utt02168#p01,DCBWoWhsTpA_utt02169#p01,DCBWoWhsTpA_utt02170#p01,DCBWoWhsTpA_utt02171#p01,DCBWoWhsTpA_utt02172#p01,DCBWoWhsTpA_utt02173#p01","DCBWoWhsTpA_utt02163,DCBWoWhsTpA_utt02164,DCBWoWhsTpA_utt02165,DCBWoWhsTpA_utt02166,DCBWoWhsTpA_utt02167,DCBWoWhsTpA_utt02168,DCBWoWhsTpA_utt02169,DCBWoWhsTpA_utt02170,DCBWoWhsTpA_utt02171,DCBWoWhsTpA_utt02172,DCBWoWhsTpA_utt02173",11,/Users/rajeshpmu/Desktop/LegalMemoCMT/data/phase2/clancy/corpus/raw/live-lindsay-clancy-trial-day-14/live-lindsay-clancy-trial-day-14_DCBWoWhsTpA.mp4,/Users/rajeshpmu/Desktop/LegalMemoCMT/data/phase2/clancy/corpus/raw/live-lindsay-clancy-trial-day-14/live-lindsay-clancy-trial-day-14_DCBWoWhsTpA.wav,/Users/rajeshpmu/Desktop/LegalMemoCMT/data/processed/phase2/clancy/turn_clips/video/DCBWoWhsTpA/DCBWoWhsTpA_turn06121.mp4,/Users/rajeshpmu/Desktop/LegalMemoCMT/data/processed/phase2/clancy/turn_clips/audio/DCBWoWhsTpA/DCBWoWhsTpA_turn06121.wav,2963.896,2974.375,10.479,created,00:49:23.896,00:49:34.375,0.0,default_zero,SPEAKER_18,3.46,pyannote/speaker-diarization-3.1,Witness,manual_verified_diarization,HIGH,YES,SPEAKING,Witness,YES,Witness 15 identified by manual audio/video review,INCLUDE,,YES,speaker_role=Witness,split_dev;usable,"usable because speaker_role=Witness, witness_speaking_status=SPEAKING, clip_status=created, duration=10.479s, and source is not excluded",YES,0.6,HIGH,manual_clip_review,HUMAN_VERIFIED,/Users/rajeshpmu/Desktop/LegalMemoCMT/data/processed/phase2/clancy/turn_clips/video/DCBWoWhsTpA/DCBWoWhsTpA_turn06121.mp4,/Users/rajeshpmu/Desktop/LegalMemoCMT/data/processed/phase2/clancy/vit_facecrop_embeddings/DCBWoWhsTpA/DCBWoWhsTpA_turn06121.npy,created,neutral,0.500415,1.482497,"{""anger"": 0.102793, ""disgust"": 0.081411, ""fear"": 0.020002, ""joy"": 0.156206, ""neutral"": 0.500415, ""sadness"": 0.120275, ""surprise"": 0.018898}",/Users/rajeshpmu/Desktop/LegalMemoCMT/results/facial_cues/meld_vit_facecrop_gated_video_aux/fold_4/best_model.pt,phase1_meld_checkpoint_pseudo_label,"audio,text,video","audio,text,video","{""audio_dim"": 128, ""audio_model_name"": ""facebook/hubert-base-ls960"", ""dropout"": 0.1, ""encoder_mode"": ""paper"", ""freeze_audio_backbone"": false, ""freeze_text_backbone"": false, ""fusion_dim"": 256, ""fusion_mode"": ""gated"", ""fusion_pooling"": ""min"", ""max_audio_len"": 256, ""max_text_len"": 128, ""max_video_len"": 32, ""num_classes"": 7, ""num_heads"": 4, ""num_layers"": 2, ""text_dim"": 256, ""text_model_name"": ""bert-base-uncased"", ""use_video"": true, ""video_dim"": 768, ""vocab_size"": 30000}",confidence<=0.6
DCBWoWhsTpA_turn06158,DCBWoWhsTpA_turn06158,DCBWoWhsTpA,https://www.youtube.com/live/DCBWoWhsTpA,LIVE: Lindsay Clancy trial Day 14,full_trial_stream,5,/Users/rajeshpmu/Desktop/LegalMemoCMT/data/phase2/clancy/corpus/raw/live-lindsay-clancy-trial-day-14/live-lindsay-clancy-trial-day-14_DCBWoWhsTpA.en.vtt,/Users/rajeshpmu/Desktop/LegalMemoCMT/data/processed/phase2/clancy/turn_clips/video/DCBWoWhsTpA/DCBWoWhsTpA_turn06158.mp4,/Users/rajeshpmu/Desktop/LegalMemoCMT/data/processed/phase2/clancy/turn_clips/audio/DCBWoWhsTpA/DCBWoWhsTpA_turn06158.wav,DCBWoWhsTpA,group_by_youtube_id,dev,neutral,text_keyword_heuristic,LOW,NO,neutral default,YES,"Uh yes, not until um like the phone was seized by police, I believe.","Uh yes, not until um like the phone was seized by police, I believe.",00:56:32.769,00:56:39.021,6.252,6.252,marker,MEDIUM,1,5,"DCBWoWhsTpA_utt02409#p02,DCBWoWhsTpA_utt02410#p01,DCBWoWhsTpA_utt02411#p01,DCBWoWhsTpA_utt02412#p01,DCBWoWhsTpA_utt02413#p01","DCBWoWhsTpA_utt02409,DCBWoWhsTpA_utt02410,DCBWoWhsTpA_utt02411,DCBWoWhsTpA_utt02412,DCBWoWhsTpA_utt02413",5,/Users/rajeshpmu/Desktop/LegalMemoCMT/data/phase2/clancy/corpus/raw/live-lindsay-clancy-trial-day-14/live-lindsay-clancy-trial-day-14_DCBWoWhsTpA.mp4,/Users/rajeshpmu/Desktop/LegalMemoCMT/data/phase2/clancy/corpus/raw/live-lindsay-clancy-trial-day-14/live-lindsay-clancy-trial-day-14_DCBWoWhsTpA.wav,/Users/rajeshpmu/Desktop/LegalMemoCMT/data/processed/phase2/clancy/turn_clips/video/DCBWoWhsTpA/DCBWoWhsTpA_turn06158.mp4,/Users/rajeshpmu/Desktop/LegalMemoCMT/data/processed/phase2/clancy/turn_clips/audio/DCBWoWhsTpA/DCBWoWhsTpA_turn06158.wav,3392.769,3399.021,6.252,created,00:56:32.769,00:56:39.021,0.0,default_zero,SPEAKER_18,2.667,pyannote/speaker-diarization-3.1,Witness,manual_verified_diarization,HIGH,YES,SPEAKING,Witness,YES,Witness 15 identified by manual audio/video review,INCLUDE,,YES,speaker_role=Witness,split_dev;usable,"usable because speaker_role=Witness, witness_speaking_status=SPEAKING, clip_status=created, duration=6.252s, and source is not excluded",YES,0.6,HIGH,manual_clip_review,HUMAN_VERIFIED,/Users/rajeshpmu/Desktop/LegalMemoCMT/data/processed/phase2/clancy/turn_clips/video/DCBWoWhsTpA/DCBWoWhsTpA_turn06158.mp4,/Users/rajeshpmu/Desktop/LegalMemoCMT/data/processed/phase2/clancy/vit_facecrop_embeddings/DCBWoWhsTpA/DCBWoWhsTpA_turn06158.npy,created,sadness,0.563321,1.19059,"{""anger"": 0.052743, ""disgust"": 0.015107, ""fear"": 0.021651, ""joy"": 0.043544, ""neutral"": 0.285958, ""sadness"": 0.563321, ""surprise"": 0.017676}",/Users/rajeshpmu/Desktop/LegalMemoCMT/results/facial_cues/meld_vit_facecrop_gated_video_aux/fold_4/best_model.pt,phase1_meld_checkpoint_pseudo_label,"audio,text,video","audio,text,video","{""audio_dim"": 128, ""audio_model_name"": ""facebook/hubert-base-ls960"", ""dropout"": 0.1, ""encoder_mode"": ""paper"", ""freeze_audio_backbone"": false, ""freeze_text_backbone"": false, ""fusion_dim"": 256, ""fusion_mode"": ""gated"", ""fusion_pooling"": ""min"", ""max_audio_len"": 256, ""max_text_len"": 128, ""max_video_len"": 32, ""num_classes"": 7, ""num_heads"": 4, ""num_layers"": 2, ""text_dim"": 256, ""text_model_name"": ""bert-base-uncased"", ""use_video"": true, ""video_dim"": 768, ""vocab_size"": 30000}",confidence<=0.6
DCBWoWhsTpA_turn06159,DCBWoWhsTpA_turn06159,DCBWoWhsTpA,https://www.youtube.com/live/DCBWoWhsTpA,LIVE: Lindsay Clancy trial Day 14,full_trial_stream,5,/Users/rajeshpmu/Desktop/LegalMemoCMT/data/phase2/clancy/corpus/raw/live-lindsay-clancy-trial-day-14/live-lindsay-clancy-trial-day-14_DCBWoWhsTpA.en.vtt,/Users/rajeshpmu/Desktop/LegalMemoCMT/data/processed/phase2/clancy/turn_clips/video/DCBWoWhsTpA/DCBWoWhsTpA_turn06159.mp4,/Users/rajeshpmu/Desktop/LegalMemoCMT/data/processed/phase2/clancy/turn_clips/audio/DCBWoWhsTpA/DCBWoWhsTpA_turn06159.wav,DCBWoWhsTpA,group_by_youtube_id,dev,neutral,text_keyword_heuristic,LOW,NO,neutral default,YES,"But there's other activity, but appeared to be after the incident.","But there's other activity, but appeared to be after the incident.",00:56:39.021,00:56:44.162,5.141,5.141,marker,MEDIUM,1,5,"DCBWoWhsTpA_utt02413#p02,DCBWoWhsTpA_utt02414#p01,DCBWoWhsTpA_utt02415#p01,DCBWoWhsTpA_utt02416#p01,DCBWoWhsTpA_utt02417#p01","DCBWoWhsTpA_utt02413,DCBWoWhsTpA_utt02414,DCBWoWhsTpA_utt02415,DCBWoWhsTpA_utt02416,DCBWoWhsTpA_utt02417",5,/Users/rajeshpmu/Desktop/LegalMemoCMT/data/phase2/clancy/corpus/raw/live-lindsay-clancy-trial-day-14/live-lindsay-clancy-trial-day-14_DCBWoWhsTpA.mp4,/Users/rajeshpmu/Desktop/LegalMemoCMT/data/phase2/clancy/corpus/raw/live-lindsay-clancy-trial-day-14/live-lindsay-clancy-trial-day-14_DCBWoWhsTpA.wav,/Users/rajeshpmu/Desktop/LegalMemoCMT/data/processed/phase2/clancy/turn_clips/video/DCBWoWhsTpA/DCBWoWhsTpA_turn06159.mp4,/Users/rajeshpmu/Desktop/LegalMemoCMT/data/processed/phase2/clancy/turn_clips/audio/DCBWoWhsTpA/DCBWoWhsTpA_turn06159.wav,3399.021,3404.162,5.141,created,00:56:39.021,00:56:44.162,0.0,default_zero,SPEAKER_18,3.212,pyannote/speaker-diarization-3.1,Witness,manual_verified_diarization,HIGH,YES,SPEAKING,Witness,YES,Witness 15 identified by manual audio/video review,INCLUDE,,YES,speaker_role=Witness,split_dev;usable,"usable because speaker_role=Witness, witness_speaking_status=SPEAKING, clip_status=created, duration=5.141s, and source is not excluded",YES,0.6,HIGH,manual_clip_review,HUMAN_VERIFIED,/Users/rajeshpmu/Desktop/LegalMemoCMT/data/processed/phase2/clancy/turn_clips/video/DCBWoWhsTpA/DCBWoWhsTpA_turn06159.mp4,/Users/rajeshpmu/Desktop/LegalMemoCMT/data/processed/phase2/clancy/vit_facecrop_embeddings/DCBWoWhsTpA/DCBWoWhsTpA_turn06159.npy,created,neutral,0.542082,1.259715,"{""anger"": 0.045687, ""disgust"": 0.034713, ""fear"": 0.035994, ""joy"": 0.036354, ""neutral"": 0.542082, ""sadness"": 0.287397, ""surprise"": 0.017773}",/Users/rajeshpmu/Desktop/LegalMemoCMT/results/facial_cues/meld_vit_facecrop_gated_video_aux/fold_4/best_model.pt,phase1_meld_checkpoint_pseudo_label,"audio,text,video","audio,text,video","{""audio_dim"": 128, ""audio_model_name"": ""facebook/hubert-base-ls960"", ""dropout"": 0.1, ""encoder_mode"": ""paper"", ""freeze_audio_backbone"": false, ""freeze_text_backbone"": false, ""fusion_dim"": 256, ""fusion_mode"": ""gated"", ""fusion_pooling"": ""min"", ""max_audio_len"": 256, ""max_text_len"": 128, ""max_video_len"": 32, ""num_classes"": 7, ""num_heads"": 4, ""num_layers"": 2, ""text_dim"": 256, ""text_model_name"": ""bert-base-uncased"", ""use_video"": true, ""video_dim"": 768, ""vocab_size"": 30000}",confidence<=0.6
DCBWoWhsTpA_turn06260,DCBWoWhsTpA_turn06260,DCBWoWhsTpA,https://www.youtube.com/live/DCBWoWhsTpA,LIVE: Lindsay Clancy trial Day 14,full_trial_stream,5,/Users/rajeshpmu/Desktop/LegalMemoCMT/data/phase2/clancy/corpus/raw/live-lindsay-clancy-trial-day-14/live-lindsay-clancy-trial-day-14_DCBWoWhsTpA.en.vtt,/Users/rajeshpmu/Desktop/LegalMemoCMT/data/processed/phase2/clancy/turn_clips/video/DCBWoWhsTpA/DCBWoWhsTpA_turn06260.mp4,/Users/rajeshpmu/Desktop/LegalMemoCMT/data/processed/phase2/clancy/turn_clips/audio/DCBWoWhsTpA/DCBWoWhsTpA_turn06260.wav,DCBWoWhsTpA,group_by_youtube_id,dev,neutral,text_keyword_heuristic,LOW,NO,neutral default,YES,"And can you tell me what the response is? Uh, the one on screen at the moment is the response sent from mommy to Lindsay's phone saying, ""That's a big roll of snow. I was wondering if you got enough for the kids to play in, and it's pretty nice day, too. Gives them something to do on a day without school.""","And can you tell me what the response is? Uh, the one on screen at the moment is the response sent from mommy to Lindsay's phone saying, ""That's a big roll of snow. I was wondering if you got enough for the kids to play in, and it's pretty nice day, too. Gives them something to do on a day without school.""",01:06:58.434,01:07:16.922,18.488,18.488,marker,MEDIUM,1,21,"DCBWoWhsTpA_utt02965#p02,DCBWoWhsTpA_utt02966#p01,DCBWoWhsTpA_utt02967#p01,DCBWoWhsTpA_utt02968#p01,DCBWoWhsTpA_utt02969#p01,DCBWoWhsTpA_utt02970#p01,DCBWoWhsTpA_utt02971#p01,DCBWoWhsTpA_utt02972#p01,DCBWoWhsTpA_utt02973#p01,DCBWoWhsTpA_utt02974#p01,DCBWoWhsTpA_utt02975#p01,DCBWoWhsTpA_utt02976#p01,DCBWoWhsTpA_utt02977#p01,DCBWoWhsTpA_utt02978#p01,DCBWoWhsTpA_utt02979#p01,DCBWoWhsTpA_utt02980#p01,DCBWoWhsTpA_utt02981#p01,DCBWoWhsTpA_utt02982#p01,DCBWoWhsTpA_utt02983#p01,DCBWoWhsTpA_utt02984#p01,DCBWoWhsTpA_utt02985#p01","DCBWoWhsTpA_utt02965,DCBWoWhsTpA_utt02966,DCBWoWhsTpA_utt02967,DCBWoWhsTpA_utt02968,DCBWoWhsTpA_utt02969,DCBWoWhsTpA_utt02970,DCBWoWhsTpA_utt02971,DCBWoWhsTpA_utt02972,DCBWoWhsTpA_utt02973,DCBWoWhsTpA_utt02974,DCBWoWhsTpA_utt02975,DCBWoWhsTpA_utt02976,DCBWoWhsTpA_utt02977,DCBWoWhsTpA_utt02978,DCBWoWhsTpA_utt02979,DCBWoWhsTpA_utt02980,DCBWoWhsTpA_utt02981,DCBWoWhsTpA_utt02982,DCBWoWhsTpA_utt02983,DCBWoWhsTpA_utt02984,DCBWoWhsTpA_utt02985",21,/Users/rajeshpmu/Desktop/LegalMemoCMT/data/phase2/clancy/corpus/raw/live-lindsay-clancy-trial-day-14/live-lindsay-clancy-trial-day-14_DCBWoWhsTpA.mp4,/Users/rajeshpmu/Desktop/LegalMemoCMT/data/phase2/clancy/corpus/raw/live-lindsay-clancy-trial-day-14/live-lindsay-clancy-trial-day-14_DCBWoWhsTpA.wav,/Users/rajeshpmu/Desktop/LegalMemoCMT/data/processed/phase2/clancy/turn_clips/video/DCBWoWhsTpA/DCBWoWhsTpA_turn06260.mp4,/Users/rajeshpmu/Desktop/LegalMemoCMT/data/processed/phase2/clancy/turn_clips/audio/DCBWoWhsTpA/DCBWoWhsTpA_turn06260.wav,4018.434,4036.922,18.488,created,01:06:58.434,01:07:16.922,0.0,default_zero,SPEAKER_18,13.938,pyannote/speaker-diarization-3.1,Witness,manual_verified_diarization,HIGH,YES,SPEAKING,Witness,YES,Witness 15 identified by manual audio/video review,INCLUDE,,YES,speaker_role=Witness,split_dev;usable,"usable because speaker_role=Witness, witness_speaking_status=SPEAKING, clip_status=created, duration=18.488s, and source is not excluded",YES,0.6,HIGH,manual_clip_review,HUMAN_VERIFIED,/Users/rajeshpmu/Desktop/LegalMemoCMT/data/processed/phase2/clancy/turn_clips/video/DCBWoWhsTpA/DCBWoWhsTpA_turn06260.mp4,/Users/rajeshpmu/Desktop/LegalMemoCMT/data/processed/phase2/clancy/vit_facecrop_embeddings/DCBWoWhsTpA/DCBWoWhsTpA_turn06260.npy,created,anger,0.471075,0.955619,"{""anger"": 0.471075, ""disgust"": 0.002288, ""fear"": 0.010425, ""joy"": 0.033865, ""neutral"": 0.467997, ""sadness"": 0.010184, ""surprise"": 0.004166}",/Users/rajeshpmu/Desktop/LegalMemoCMT/results/facial_cues/meld_vit_facecrop_gated_video_aux/fold_4/best_model.pt,phase1_meld_checkpoint_pseudo_label,"audio,text,video","audio,text,video","{""audio_dim"": 128, ""audio_model_name"": ""facebook/hubert-base-ls960"", ""dropout"": 0.1, ""encoder_mode"": ""paper"", ""freeze_audio_backbone"": false, ""freeze_text_backbone"": false, ""fusion_dim"": 256, ""fusion_mode"": ""gated"", ""fusion_pooling"": ""min"", ""max_audio_len"": 256, ""max_text_len"": 128, ""max_video_len"": 32, ""num_classes"": 7, ""num_heads"": 4, ""num_layers"": 2, ""text_dim"": 256, ""text_model_name"": ""bert-base-uncased"", ""use_video"": true, ""video_dim"": 768, ""vocab_size"": 30000}",confidence<=0.6
DCBWoWhsTpA_turn06284,DCBWoWhsTpA_turn06284,DCBWoWhsTpA,https://www.youtube.com/live/DCBWoWhsTpA,LIVE: Lindsay Clancy trial Day 14,full_trial_stream,5,/Users/rajeshpmu/Desktop/LegalMemoCMT/data/phase2/clancy/corpus/raw/live-lindsay-clancy-trial-day-14/live-lindsay-clancy-trial-day-14_DCBWoWhsTpA.en.vtt,/Users/rajeshpmu/Desktop/LegalMemoCMT/data/processed/phase2/clancy/turn_clips/video/DCBWoWhsTpA/DCBWoWhsTpA_turn06284.mp4,/Users/rajeshpmu/Desktop/LegalMemoCMT/data/processed/phase2/clancy/turn_clips/audio/DCBWoWhsTpA/DCBWoWhsTpA_turn06284.wav,DCBWoWhsTpA,group_by_youtube_id,dev,neutral,text_keyword_heuristic,LOW,NO,neutral default,YES,"Uh it appears that Lindsay uh reacted to an image uh with the love emoji,","Uh it appears that Lindsay uh reacted to an image uh with the love emoji,",01:09:59.532,01:10:04.727,5.195,5.195,marker,MEDIUM,1,5,"DCBWoWhsTpA_utt03133#p02,DCBWoWhsTpA_utt03134#p01,DCBWoWhsTpA_utt03135#p01,DCBWoWhsTpA_utt03136#p01,DCBWoWhsTpA_utt03137#p01","DCBWoWhsTpA_utt03133,DCBWoWhsTpA_utt03134,DCBWoWhsTpA_utt03135,DCBWoWhsTpA_utt03136,DCBWoWhsTpA_utt03137",5,/Users/rajeshpmu/Desktop/LegalMemoCMT/data/phase2/clancy/corpus/raw/live-lindsay-clancy-trial-day-14/live-lindsay-clancy-trial-day-14_DCBWoWhsTpA.mp4,/Users/rajeshpmu/Desktop/LegalMemoCMT/data/phase2/clancy/corpus/raw/live-lindsay-clancy-trial-day-14/live-lindsay-clancy-trial-day-14_DCBWoWhsTpA.wav,/Users/rajeshpmu/Desktop/LegalMemoCMT/data/processed/phase2/clancy/turn_clips/video/DCBWoWhsTpA/DCBWoWhsTpA_turn06284.mp4,/Users/rajeshpmu/Desktop/LegalMemoCMT/data/processed/phase2/clancy/turn_clips/audio/DCBWoWhsTpA/DCBWoWhsTpA_turn06284.wav,4199.532,4204.727,5.195,created,01:09:59.532,01:10:04.727,0.0,default_zero,SPEAKER_18,4.517,pyannote/speaker-diarization-3.1,Witness,manual_verified_diarization,HIGH,YES,SPEAKING,Witness,YES,Witness 15 identified by manual audio/video review,INCLUDE,,YES,speaker_role=Witness,split_dev;usable,"usable because speaker_role=Witness, witness_speaking_status=SPEAKING, clip_status=created, duration=5.195s, and source is not excluded",YES,0.6,HIGH,manual_clip_review,HUMAN_VERIFIED,/Users/rajeshpmu/Desktop/LegalMemoCMT/data/processed/phase2/clancy/turn_clips/video/DCBWoWhsTpA/DCBWoWhsTpA_turn06284.mp4,/Users/rajeshpmu/Desktop/LegalMemoCMT/data/processed/phase2/clancy/vit_facecrop_embeddings/DCBWoWhsTpA/DCBWoWhsTpA_turn06284.npy,created,surprise,0.58547,1.216225,"{""anger"": 0.025109, ""disgust"": 0.017637, ""fear"": 0.053159, ""joy"": 0.03614, ""neutral"": 0.247405, ""sadness"": 0.035081, ""surprise"": 0.58547}",/Users/rajeshpmu/Desktop/LegalMemoCMT/results/facial_cues/meld_vit_facecrop_gated_video_aux/fold_4/best_model.pt,phase1_meld_checkpoint_pseudo_label,"audio,text,video","audio,text,video","{""audio_dim"": 128, ""audio_model_name"": ""facebook/hubert-base-ls960"", ""dropout"": 0.1, ""encoder_mode"": ""paper"", ""freeze_audio_backbone"": false, ""freeze_text_backbone"": false, ""fusion_dim"": 256, ""fusion_mode"": ""gated"", ""fusion_pooling"": ""min"", ""max_audio_len"": 256, ""max_text_len"": 128, ""max_video_len"": 32, ""num_classes"": 7, ""num_heads"": 4, ""num_layers"": 2, ""text_dim"": 256, ""text_model_name"": ""bert-base-uncased"", ""use_video"": true, ""video_dim"": 768, ""vocab_size"": 30000}",confidence<=0.6
DCBWoWhsTpA_turn06291,DCBWoWhsTpA_turn06291,DCBWoWhsTpA,https://www.youtube.com/live/DCBWoWhsTpA,LIVE: Lindsay Clancy trial Day 14,full_trial_stream,5,/Users/rajeshpmu/Desktop/LegalMemoCMT/data/phase2/clancy/corpus/raw/live-lindsay-clancy-trial-day-14/live-lindsay-clancy-trial-day-14_DCBWoWhsTpA.en.vtt,/Users/rajeshpmu/Desktop/LegalMemoCMT/data/processed/phase2/clancy/turn_clips/video/DCBWoWhsTpA/DCBWoWhsTpA_turn06291.mp4,/Users/rajeshpmu/Desktop/LegalMemoCMT/data/processed/phase2/clancy/turn_clips/audio/DCBWoWhsTpA/DCBWoWhsTpA_turn06291.wav,DCBWoWhsTpA,group_by_youtube_id,dev,neutral,text_keyword_heuristic,LOW,NO,neutral default,YES,"Uh yeah, she also responded okay her urine looked good. So nothing going wrong with her kidneys. A few","Uh yeah, she also responded okay her urine looked good. So nothing going wrong with her kidneys. A few",01:10:14.155,01:10:19.909,5.754,5.754,marker,MEDIUM,1,7,"DCBWoWhsTpA_utt03151#p02,DCBWoWhsTpA_utt03152#p01,DCBWoWhsTpA_utt03153#p01,DCBWoWhsTpA_utt03154#p01,DCBWoWhsTpA_utt03155#p01,DCBWoWhsTpA_utt03156#p01,DCBWoWhsTpA_utt03157#p01","DCBWoWhsTpA_utt03151,DCBWoWhsTpA_utt03152,DCBWoWhsTpA_utt03153,DCBWoWhsTpA_utt03154,DCBWoWhsTpA_utt03155,DCBWoWhsTpA_utt03156,DCBWoWhsTpA_utt03157",7,/Users/rajeshpmu/Desktop/LegalMemoCMT/data/phase2/clancy/corpus/raw/live-lindsay-clancy-trial-day-14/live-lindsay-clancy-trial-day-14_DCBWoWhsTpA.mp4,/Users/rajeshpmu/Desktop/LegalMemoCMT/data/phase2/clancy/corpus/raw/live-lindsay-clancy-trial-day-14/live-lindsay-clancy-trial-day-14_DCBWoWhsTpA.wav,/Users/rajeshpmu/Desktop/LegalMemoCMT/data/processed/phase2/clancy/turn_clips/video/DCBWoWhsTpA/DCBWoWhsTpA_turn06291.mp4,/Users/rajeshpmu/Desktop/LegalMemoCMT/data/processed/phase2/clancy/turn_clips/audio/DCBWoWhsTpA/DCBWoWhsTpA_turn06291.wav,4214.155,4219.909,5.754,created,01:10:14.155,01:10:19.909,0.0,default_zero,SPEAKER_18,4.305,pyannote/speaker-diarization-3.1,Witness,manual_verified_diarization,HIGH,YES,SPEAKING,Witness,YES,Witness 15 identified by manual audio/video review,INCLUDE,,YES,speaker_role=Witness,split_dev;usable,"usable because speaker_role=Witness, witness_speaking_status=SPEAKING, clip_status=created, duration=5.754s, and source is not excluded",YES,0.6,HIGH,manual_clip_review,HUMAN_VERIFIED,/Users/rajeshpmu/Desktop/LegalMemoCMT/data/processed/phase2/clancy/turn_clips/video/DCBWoWhsTpA/DCBWoWhsTpA_turn06291.mp4,/Users/rajeshpmu/Desktop/LegalMemoCMT/data/processed/phase2/clancy/vit_facecrop_embeddings/DCBWoWhsTpA/DCBWoWhsTpA_turn06291.npy,created,neutral,0.585933,1.246843,"{""anger"": 0.112027, ""disgust"": 0.009252, ""fear"": 0.034489, ""joy"": 0.034669, ""neutral"": 0.585933, ""sadness"": 0.19905, ""surprise"": 0.02458}",/Users/rajeshpmu/Desktop/LegalMemoCMT/results/facial_cues/meld_vit_facecrop_gated_video_aux/fold_4/best_model.pt,phase1_meld_checkpoint_pseudo_label,"audio,text,video","audio,text,video","{""audio_dim"": 128, ""audio_model_name"": ""facebook/hubert-base-ls960"", ""dropout"": 0.1, ""encoder_mode"": ""paper"", ""freeze_audio_backbone"": false, ""freeze_text_backbone"": false, ""fusion_dim"": 256, ""fusion_mode"": ""gated"", ""fusion_pooling"": ""min"", ""max_audio_len"": 256, ""max_text_len"": 128, ""max_video_len"": 32, ""num_classes"": 7, ""num_heads"": 4, ""num_layers"": 2, ""text_dim"": 256, ""text_model_name"": ""bert-base-uncased"", ""use_video"": true, ""video_dim"": 768, ""vocab_size"": 30000}",confidence<=0.6
DCBWoWhsTpA_turn06300,DCBWoWhsTpA_turn06300,DCBWoWhsTpA,https://www.youtube.com/live/DCBWoWhsTpA,LIVE: Lindsay Clancy trial Day 14,full_trial_stream,5,/Users/rajeshpmu/Desktop/LegalMemoCMT/data/phase2/clancy/corpus/raw/live-lindsay-clancy-trial-day-14/live-lindsay-clancy-trial-day-14_DCBWoWhsTpA.en.vtt,/Users/rajeshpmu/Desktop/LegalMemoCMT/data/processed/phase2/clancy/turn_clips/video/DCBWoWhsTpA/DCBWoWhsTpA_turn06300.mp4,/Users/rajeshpmu/Desktop/LegalMemoCMT/data/processed/phase2/clancy/turn_clips/audio/DCBWoWhsTpA/DCBWoWhsTpA_turn06300.wav,DCBWoWhsTpA,group_by_youtube_id,dev,neutral,text_keyword_heuristic,LOW,NO,neutral default,YES,You're a good mama.,You're a good mama.,01:10:47.338,01:10:48.835,1.497,1.497,marker,MEDIUM,1,3,"DCBWoWhsTpA_utt03187#p02,DCBWoWhsTpA_utt03188#p01,DCBWoWhsTpA_utt03189#p01","DCBWoWhsTpA_utt03187,DCBWoWhsTpA_utt03188,DCBWoWhsTpA_utt03189",3,/Users/rajeshpmu/Desktop/LegalMemoCMT/data/phase2/clancy/corpus/raw/live-lindsay-clancy-trial-day-14/live-lindsay-clancy-trial-day-14_DCBWoWhsTpA.mp4,/Users/rajeshpmu/Desktop/LegalMemoCMT/data/phase2/clancy/corpus/raw/live-lindsay-clancy-trial-day-14/live-lindsay-clancy-trial-day-14_DCBWoWhsTpA.wav,/Users/rajeshpmu/Desktop/LegalMemoCMT/data/processed/phase2/clancy/turn_clips/video/DCBWoWhsTpA/DCBWoWhsTpA_turn06300.mp4,/Users/rajeshpmu/Desktop/LegalMemoCMT/data/processed/phase2/clancy/turn_clips/audio/DCBWoWhsTpA/DCBWoWhsTpA_turn06300.wav,4247.338,4248.835,1.497,created,01:10:47.338,01:10:48.835,0.0,default_zero,SPEAKER_18,0.725,pyannote/speaker-diarization-3.1,Witness,manual_verified_diarization,HIGH,YES,SPEAKING,Witness,YES,Witness 15 identified by manual audio/video review,INCLUDE,,YES,speaker_role=Witness,split_dev;usable,"usable because speaker_role=Witness, witness_speaking_status=SPEAKING, clip_status=created, duration=1.497s, and source is not excluded",YES,0.6,HIGH,manual_clip_review,HUMAN_VERIFIED,/Users/rajeshpmu/Desktop/LegalMemoCMT/data/processed/phase2/clancy/turn_clips/video/DCBWoWhsTpA/DCBWoWhsTpA_turn06300.mp4,/Users/rajeshpmu/Desktop/LegalMemoCMT/data/processed/phase2/clancy/vit_facecrop_embeddings/DCBWoWhsTpA/DCBWoWhsTpA_turn06300.npy,created,anger,0.451298,1.200669,"{""anger"": 0.451298, ""disgust"": 0.003434, ""fear"": 0.045147, ""joy"": 0.062336, ""neutral"": 0.397636, ""sadness"": 0.004209, ""surprise"": 0.03594}",/Users/rajeshpmu/Desktop/LegalMemoCMT/results/facial_cues/meld_vit_facecrop_gated_video_aux/fold_4/best_model.pt,phase1_meld_checkpoint_pseudo_label,"audio,text,video","audio,text,video","{""audio_dim"": 128, ""audio_model_name"": ""facebook/hubert-base-ls960"", ""dropout"": 0.1, ""encoder_mode"": ""paper"", ""freeze_audio_backbone"": false, ""freeze_text_backbone"": false, ""fusion_dim"": 256, ""fusion_mode"": ""gated"", ""fusion_pooling"": ""min"", ""max_audio_len"": 256, ""max_text_len"": 128, ""max_video_len"": 32, ""num_classes"": 7, ""num_heads"": 4, ""num_layers"": 2, ""text_dim"": 256, ""text_model_name"": ""bert-base-uncased"", ""use_video"": true, ""video_dim"": 768, ""vocab_size"": 30000}",confidence<=0.6
DCBWoWhsTpA_turn06302,DCBWoWhsTpA_turn06302,DCBWoWhsTpA,https://www.youtube.com/live/DCBWoWhsTpA,LIVE: Lindsay Clancy trial Day 14,full_trial_stream,5,/Users/rajeshpmu/Desktop/LegalMemoCMT/data/phase2/clancy/corpus/raw/live-lindsay-clancy-trial-day-14/live-lindsay-clancy-trial-day-14_DCBWoWhsTpA.en.vtt,/Users/rajeshpmu/Desktop/LegalMemoCMT/data/processed/phase2/clancy/turn_clips/video/DCBWoWhsTpA/DCBWoWhsTpA_turn06302.mp4,/Users/rajeshpmu/Desktop/LegalMemoCMT/data/processed/phase2/clancy/turn_clips/audio/DCBWoWhsTpA/DCBWoWhsTpA_turn06302.wav,DCBWoWhsTpA,group_by_youtube_id,dev,neutral,text_keyword_heuristic,LOW,NO,neutral default,YES,Uh she responds with an emoji uh which is the face covered in hearts.,Uh she responds with an emoji uh which is the face covered in hearts.,01:10:50.423,01:10:54.998,4.575,4.575,marker,MEDIUM,1,5,"DCBWoWhsTpA_utt03191#p02,DCBWoWhsTpA_utt03192#p01,DCBWoWhsTpA_utt03193#p01,DCBWoWhsTpA_utt03194#p01,DCBWoWhsTpA_utt03195#p01","DCBWoWhsTpA_utt03191,DCBWoWhsTpA_utt03192,DCBWoWhsTpA_utt03193,DCBWoWhsTpA_utt03194,DCBWoWhsTpA_utt03195",5,/Users/rajeshpmu/Desktop/LegalMemoCMT/data/phase2/clancy/corpus/raw/live-lindsay-clancy-trial-day-14/live-lindsay-clancy-trial-day-14_DCBWoWhsTpA.mp4,/Users/rajeshpmu/Desktop/LegalMemoCMT/data/phase2/clancy/corpus/raw/live-lindsay-clancy-trial-day-14/live-lindsay-clancy-trial-day-14_DCBWoWhsTpA.wav,/Users/rajeshpmu/Desktop/LegalMemoCMT/data/processed/phase2/clancy/turn_clips/video/DCBWoWhsTpA/DCBWoWhsTpA_turn06302.mp4,/Users/rajeshpmu/Desktop/LegalMemoCMT/data/processed/phase2/clancy/turn_clips/audio/DCBWoWhsTpA/DCBWoWhsTpA_turn06302.wav,4250.423,4254.998,4.575,created,01:10:50.423,01:10:54.998,0.0,default_zero,SPEAKER_18,4.575,pyannote/speaker-diarization-3.1,Witness,manual_verified_diarization,HIGH,YES,SPEAKING,Witness,YES,Witness 15 identified by manual audio/video review,INCLUDE,,YES,speaker_role=Witness,split_dev;usable,"usable because speaker_role=Witness, witness_speaking_status=SPEAKING, clip_status=created, duration=4.575s, and source is not excluded",YES,0.6,HIGH,manual_clip_review,HUMAN_VERIFIED,/Users/rajeshpmu/Desktop/LegalMemoCMT/data/processed/phase2/clancy/turn_clips/video/DCBWoWhsTpA/DCBWoWhsTpA_turn06302.mp4,/Users/rajeshpmu/Desktop/LegalMemoCMT/data/processed/phase2/clancy/vit_facecrop_embeddings/DCBWoWhsTpA/DCBWoWhsTpA_turn06302.npy,created,neutral,0.431697,1.382995,"{""anger"": 0.034341, ""disgust"": 0.009976, ""fear"": 0.032504, ""joy"": 0.10065, ""neutral"": 0.431697, ""sadness"": 0.049736, ""surprise"": 0.341096}",/Users/rajeshpmu/Desktop/LegalMemoCMT/results/facial_cues/meld_vit_facecrop_gated_video_aux/fold_4/best_model.pt,phase1_meld_checkpoint_pseudo_label,"audio,text,video","audio,text,video","{""audio_dim"": 128, ""audio_model_name"": ""facebook/hubert-base-ls960"", ""dropout"": 0.1, ""encoder_mode"": ""paper"", ""freeze_audio_backbone"": false, ""freeze_text_backbone"": false, ""fusion_dim"": 256, ""fusion_mode"": ""gated"", ""fusion_pooling"": ""min"", ""max_audio_len"": 256, ""max_text_len"": 128, ""max_video_len"": 32, ""num_classes"": 7, ""num_heads"": 4, ""num_layers"": 2, ""text_dim"": 256, ""text_model_name"": ""bert-base-uncased"", ""use_video"": true, ""video_dim"": 768, ""vocab_size"": 30000}",confidence<=0.6
DCBWoWhsTpA_turn06364,DCBWoWhsTpA_turn06364,DCBWoWhsTpA,https://www.youtube.com/live/DCBWoWhsTpA,LIVE: Lindsay Clancy trial Day 14,full_trial_stream,5,/Users/rajeshpmu/Desktop/LegalMemoCMT/data/phase2/clancy/corpus/raw/live-lindsay-clancy-trial-day-14/live-lindsay-clancy-trial-day-14_DCBWoWhsTpA.en.vtt,/Users/rajeshpmu/Desktop/LegalMemoCMT/data/processed/phase2/clancy/turn_clips/video/DCBWoWhsTpA/DCBWoWhsTpA_turn06364.mp4,/Users/rajeshpmu/Desktop/LegalMemoCMT/data/processed/phase2/clancy/turn_clips/audio/DCBWoWhsTpA/DCBWoWhsTpA_turn06364.wav,DCBWoWhsTpA,group_by_youtube_id,dev,neutral,text_keyword_heuristic,LOW,NO,neutral default,YES,How do you look at a watch?,How do you look at a watch?,01:17:09.200,01:17:11.254,2.054,2.054,marker,MEDIUM,1,3,"DCBWoWhsTpA_utt03505#p02,DCBWoWhsTpA_utt03506#p01,DCBWoWhsTpA_utt03507#p01","DCBWoWhsTpA_utt03505,DCBWoWhsTpA_utt03506,DCBWoWhsTpA_utt03507",3,/Users/rajeshpmu/Desktop/LegalMemoCMT/data/phase2/clancy/corpus/raw/live-lindsay-clancy-trial-day-14/live-lindsay-clancy-trial-day-14_DCBWoWhsTpA.mp4,/Users/rajeshpmu/Desktop/LegalMemoCMT/data/phase2/clancy/corpus/raw/live-lindsay-clancy-trial-day-14/live-lindsay-clancy-trial-day-14_DCBWoWhsTpA.wav,/Users/rajeshpmu/Desktop/LegalMemoCMT/data/processed/phase2/clancy/turn_clips/video/DCBWoWhsTpA/DCBWoWhsTpA_turn06364.mp4,/Users/rajeshpmu/Desktop/LegalMemoCMT/data/processed/phase2/clancy/turn_clips/audio/DCBWoWhsTpA/DCBWoWhsTpA_turn06364.wav,4629.2,4631.254,2.054,created,01:17:09.200,01:17:11.254,0.0,default_zero,SPEAKER_18,1.128,pyannote/speaker-diarization-3.1,Witness,manual_verified_diarization,HIGH,YES,SPEAKING,Witness,YES,Witness 15 identified by manual audio/video review,INCLUDE,,YES,speaker_role=Witness,split_dev;usable,"usable because speaker_role=Witness, witness_speaking_status=SPEAKING, clip_status=created, duration=2.054s, and source is not excluded",YES,0.6,HIGH,manual_clip_review,HUMAN_VERIFIED,/Users/rajeshpmu/Desktop/LegalMemoCMT/data/processed/phase2/clancy/turn_clips/video/DCBWoWhsTpA/DCBWoWhsTpA_turn06364.mp4,/Users/rajeshpmu/Desktop/LegalMemoCMT/data/processed/phase2/clancy/vit_facecrop_embeddings/DCBWoWhsTpA/DCBWoWhsTpA_turn06364.npy,created,disgust,0.589878,1.047796,"{""anger"": 0.023191, ""disgust"": 0.589878, ""fear"": 0.016218, ""joy"": 0.016102, ""neutral"": 0.316221, ""sadness"": 0.01963, ""surprise"": 0.018759}",/Users/rajeshpmu/Desktop/LegalMemoCMT/results/facial_cues/meld_vit_facecrop_gated_video_aux/fold_4/best_model.pt,phase1_meld_checkpoint_pseudo_label,"audio,text,video","audio,text,video","{""audio_dim"": 128, ""audio_model_name"": ""facebook/hubert-base-ls960"", ""dropout"": 0.1, ""encoder_mode"": ""paper"", ""freeze_audio_backbone"": false, ""freeze_text_backbone"": false, ""fusion_dim"": 256, ""fusion_mode"": ""gated"", ""fusion_pooling"": ""min"", ""max_audio_len"": 256, ""max_text_len"": 128, ""max_video_len"": 32, ""num_classes"": 7, ""num_heads"": 4, ""num_layers"": 2, ""text_dim"": 256, ""text_model_name"": ""bert-base-uncased"", ""use_video"": true, ""video_dim"": 768, ""vocab_size"": 30000}",confidence<=0.6
DCBWoWhsTpA_turn06486,DCBWoWhsTpA_turn06486,DCBWoWhsTpA,https://www.youtube.com/live/DCBWoWhsTpA,LIVE: Lindsay Clancy trial Day 14,full_trial_stream,5,/Users/rajeshpmu/Desktop/LegalMemoCMT/data/phase2/clancy/corpus/raw/live-lindsay-clancy-trial-day-14/live-lindsay-clancy-trial-day-14_DCBWoWhsTpA.en.vtt,/Users/rajeshpmu/Desktop/LegalMemoCMT/data/processed/phase2/clancy/turn_clips/video/DCBWoWhsTpA/DCBWoWhsTpA_turn06486.mp4,/Users/rajeshpmu/Desktop/LegalMemoCMT/data/processed/phase2/clancy/turn_clips/audio/DCBWoWhsTpA/DCBWoWhsTpA_turn06486.wav,DCBWoWhsTpA,group_by_youtube_id,dev,neutral,text_keyword_heuristic,LOW,NO,neutral default,YES,"Um, did you observe, for example, that on occasion when she would be involved with the delivery of a baby that she would become emotional? Lindsay was often emotional during um birth um of complete strangers. She would she would cry and she would just say that was so beautiful. Um you could just tell that she really loved being in that setting","Um, did you observe, for example, that on occasion when she would be involved with the delivery of a baby that she would become emotional? Lindsay was often emotional during um birth um of complete strangers. She would she would cry and she would just say that was so beautiful. Um you could just tell that she really loved being in that setting",01:38:37.349,01:39:04.990,27.641,27.641,marker,MEDIUM,1,21,"DCBWoWhsTpA_utt04467#p02,DCBWoWhsTpA_utt04468#p01,DCBWoWhsTpA_utt04469#p01,DCBWoWhsTpA_utt04470#p01,DCBWoWhsTpA_utt04471#p01,DCBWoWhsTpA_utt04472#p01,DCBWoWhsTpA_utt04473#p01,DCBWoWhsTpA_utt04474#p01,DCBWoWhsTpA_utt04475#p01,DCBWoWhsTpA_utt04476#p01,DCBWoWhsTpA_utt04477#p01,DCBWoWhsTpA_utt04478#p01,DCBWoWhsTpA_utt04479#p01,DCBWoWhsTpA_utt04480#p01,DCBWoWhsTpA_utt04481#p01,DCBWoWhsTpA_utt04482#p01,DCBWoWhsTpA_utt04483#p01,DCBWoWhsTpA_utt04484#p01,DCBWoWhsTpA_utt04485#p01,DCBWoWhsTpA_utt04486#p01,DCBWoWhsTpA_utt04487#p01","DCBWoWhsTpA_utt04467,DCBWoWhsTpA_utt04468,DCBWoWhsTpA_utt04469,DCBWoWhsTpA_utt04470,DCBWoWhsTpA_utt04471,DCBWoWhsTpA_utt04472,DCBWoWhsTpA_utt04473,DCBWoWhsTpA_utt04474,DCBWoWhsTpA_utt04475,DCBWoWhsTpA_utt04476,DCBWoWhsTpA_utt04477,DCBWoWhsTpA_utt04478,DCBWoWhsTpA_utt04479,DCBWoWhsTpA_utt04480,DCBWoWhsTpA_utt04481,DCBWoWhsTpA_utt04482,DCBWoWhsTpA_utt04483,DCBWoWhsTpA_utt04484,DCBWoWhsTpA_utt04485,DCBWoWhsTpA_utt04486,DCBWoWhsTpA_utt04487",21,/Users/rajeshpmu/Desktop/LegalMemoCMT/data/phase2/clancy/corpus/raw/live-lindsay-clancy-trial-day-14/live-lindsay-clancy-trial-day-14_DCBWoWhsTpA.mp4,/Users/rajeshpmu/Desktop/LegalMemoCMT/data/phase2/clancy/corpus/raw/live-lindsay-clancy-trial-day-14/live-lindsay-clancy-trial-day-14_DCBWoWhsTpA.wav,/Users/rajeshpmu/Desktop/LegalMemoCMT/data/processed/phase2/clancy/turn_clips/video/DCBWoWhsTpA/DCBWoWhsTpA_turn06486.mp4,/Users/rajeshpmu/Desktop/LegalMemoCMT/data/processed/phase2/clancy/turn_clips/audio/DCBWoWhsTpA/DCBWoWhsTpA_turn06486.wav,5917.349,5944.99,27.641,created,01:38:37.349,01:39:04.990,0.0,default_zero,SPEAKER_01,11.441,pyannote/speaker-diarization-3.1,Witness,manual_verified_diarization,HIGH,YES,SPEAKING,Witness,YES,Witness 19 identified by manual audio/video review,INCLUDE,,YES,speaker_role=Witness,split_dev;usable,"usable because speaker_role=Witness, witness_speaking_status=SPEAKING, clip_status=created, duration=27.641s, and source is not excluded",YES,0.6,HIGH,manual_clip_review,HUMAN_VERIFIED,/Users/rajeshpmu/Desktop/LegalMemoCMT/data/processed/phase2/clancy/turn_clips/video/DCBWoWhsTpA/DCBWoWhsTpA_turn06486.mp4,/Users/rajeshpmu/Desktop/LegalMemoCMT/data/processed/phase2/clancy/vit_facecrop_embeddings/DCBWoWhsTpA/DCBWoWhsTpA_turn06486.npy,created,anger,0.536997,1.300646,"{""anger"": 0.536997, ""disgust"": 0.019676, ""fear"": 0.032886, ""joy"": 0.066395, ""neutral"": 0.269671, ""sadness"": 0.030676, ""surprise"": 0.0437}",/Users/rajeshpmu/Desktop/LegalMemoCMT/results/facial_cues/meld_vit_facecrop_gated_video_aux/fold_4/best_model.pt,phase1_meld_checkpoint_pseudo_label,"audio,text,video","audio,text,video","{""audio_dim"": 128, ""audio_model_name"": ""facebook/hubert-base-ls960"", ""dropout"": 0.1, ""encoder_mode"": ""paper"", ""freeze_audio_backbone"": false, ""freeze_text_backbone"": false, ""fusion_dim"": 256, ""fusion_mode"": ""gated"", ""fusion_pooling"": ""min"", ""max_audio_len"": 256, ""max_text_len"": 128, ""max_video_len"": 32, ""num_classes"": 7, ""num_heads"": 4, ""num_layers"": 2, ""text_dim"": 256, ""text_model_name"": ""bert-base-uncased"", ""use_video"": true, ""video_dim"": 768, ""vocab_size"": 30000}",confidence<=0.6
DCBWoWhsTpA_turn06565,DCBWoWhsTpA_turn06565,DCBWoWhsTpA,https://www.youtube.com/live/DCBWoWhsTpA,LIVE: Lindsay Clancy trial Day 14,full_trial_stream,5,/Users/rajeshpmu/Desktop/LegalMemoCMT/data/phase2/clancy/corpus/raw/live-lindsay-clancy-trial-day-14/live-lindsay-clancy-trial-day-14_DCBWoWhsTpA.en.vtt,/Users/rajeshpmu/Desktop/LegalMemoCMT/data/processed/phase2/clancy/turn_clips/video/DCBWoWhsTpA/DCBWoWhsTpA_turn06565.mp4,/Users/rajeshpmu/Desktop/LegalMemoCMT/data/processed/phase2/clancy/turn_clips/audio/DCBWoWhsTpA/DCBWoWhsTpA_turn06565.wav,DCBWoWhsTpA,group_by_youtube_id,dev,neutral,text_keyword_heuristic,LOW,NO,neutral default,YES,Um based on communication with Lindsay and I started communicating with Pat directly at that time. Um she was reporting her mood was worsening um as she described as depression. um her she was having more suicidal thoughts. Um she was insomnia continued to be an issue. Um she was really not feeling like herself.,Um based on communication with Lindsay and I started communicating with Pat directly at that time. Um she was reporting her mood was worsening um as she described as depression. um her she was having more suicidal thoughts. Um she was insomnia continued to be an issue. Um she was really not feeling like herself.,01:50:09.043,01:50:32.621,23.578,23.578,marker,MEDIUM,1,19,"DCBWoWhsTpA_utt05025#p02,DCBWoWhsTpA_utt05026#p01,DCBWoWhsTpA_utt05027#p01,DCBWoWhsTpA_utt05028#p01,DCBWoWhsTpA_utt05029#p01,DCBWoWhsTpA_utt05030#p01,DCBWoWhsTpA_utt05031#p01,DCBWoWhsTpA_utt05032#p01,DCBWoWhsTpA_utt05033#p01,DCBWoWhsTpA_utt05034#p01,DCBWoWhsTpA_utt05035#p01,DCBWoWhsTpA_utt05036#p01,DCBWoWhsTpA_utt05037#p01,DCBWoWhsTpA_utt05038#p01,DCBWoWhsTpA_utt05039#p01,DCBWoWhsTpA_utt05040#p01,DCBWoWhsTpA_utt05041#p01,DCBWoWhsTpA_utt05042#p01,DCBWoWhsTpA_utt05043#p01","DCBWoWhsTpA_utt05025,DCBWoWhsTpA_utt05026,DCBWoWhsTpA_utt05027,DCBWoWhsTpA_utt05028,DCBWoWhsTpA_utt05029,DCBWoWhsTpA_utt05030,DCBWoWhsTpA_utt05031,DCBWoWhsTpA_utt05032,DCBWoWhsTpA_utt05033,DCBWoWhsTpA_utt05034,DCBWoWhsTpA_utt05035,DCBWoWhsTpA_utt05036,DCBWoWhsTpA_utt05037,DCBWoWhsTpA_utt05038,DCBWoWhsTpA_utt05039,DCBWoWhsTpA_utt05040,DCBWoWhsTpA_utt05041,DCBWoWhsTpA_utt05042,DCBWoWhsTpA_utt05043",19,/Users/rajeshpmu/Desktop/LegalMemoCMT/data/phase2/clancy/corpus/raw/live-lindsay-clancy-trial-day-14/live-lindsay-clancy-trial-day-14_DCBWoWhsTpA.mp4,/Users/rajeshpmu/Desktop/LegalMemoCMT/data/phase2/clancy/corpus/raw/live-lindsay-clancy-trial-day-14/live-lindsay-clancy-trial-day-14_DCBWoWhsTpA.wav,/Users/rajeshpmu/Desktop/LegalMemoCMT/data/processed/phase2/clancy/turn_clips/video/DCBWoWhsTpA/DCBWoWhsTpA_turn06565.mp4,/Users/rajeshpmu/Desktop/LegalMemoCMT/data/processed/phase2/clancy/turn_clips/audio/DCBWoWhsTpA/DCBWoWhsTpA_turn06565.wav,6609.043,6632.621,23.578,created,01:50:09.043,01:50:32.621,0.0,default_zero,SPEAKER_07,9.653,pyannote/speaker-diarization-3.1,Witness,manual_verified_diarization,HIGH,YES,SPEAKING,Witness,YES,Witness 18 identified by manual audio/video review,INCLUDE,,YES,speaker_role=Witness,split_dev;usable,"usable because speaker_role=Witness, witness_speaking_status=SPEAKING, clip_status=created, duration=23.578s, and source is not excluded",YES,0.6,HIGH,manual_clip_review,HUMAN_VERIFIED,/Users/rajeshpmu/Desktop/LegalMemoCMT/data/processed/phase2/clancy/turn_clips/video/DCBWoWhsTpA/DCBWoWhsTpA_turn06565.mp4,/Users/rajeshpmu/Desktop/LegalMemoCMT/data/processed/phase2/clancy/vit_facecrop_embeddings/DCBWoWhsTpA/DCBWoWhsTpA_turn06565.npy,created,neutral,0.391605,1.458963,"{""anger"": 0.021279, ""disgust"": 0.007232, ""fear"": 0.1319, ""joy"": 0.072183, ""neutral"": 0.391605, ""sadness"": 0.324635, ""surprise"": 0.051166}",/Users/rajeshpmu/Desktop/LegalMemoCMT/results/facial_cues/meld_vit_facecrop_gated_video_aux/fold_4/best_model.pt,phase1_meld_checkpoint_pseudo_label,"audio,text,video","audio,text,video","{""audio_dim"": 128, ""audio_model_name"": ""facebook/hubert-base-ls960"", ""dropout"": 0.1, ""encoder_mode"": ""paper"", ""freeze_audio_backbone"": false, ""freeze_text_backbone"": false, ""fusion_dim"": 256, ""fusion_mode"": ""gated"", ""fusion_pooling"": ""min"", ""max_audio_len"": 256, ""max_text_len"": 128, ""max_video_len"": 32, ""num_classes"": 7, ""num_heads"": 4, ""num_layers"": 2, ""text_dim"": 256, ""text_model_name"": ""bert-base-uncased"", ""use_video"": true, ""video_dim"": 768, ""vocab_size"": 30000}",confidence<=0.6
DCBWoWhsTpA_turn06568,DCBWoWhsTpA_turn06568,DCBWoWhsTpA,https://www.youtube.com/live/DCBWoWhsTpA,LIVE: Lindsay Clancy trial Day 14,full_trial_stream,5,/Users/rajeshpmu/Desktop/LegalMemoCMT/data/phase2/clancy/corpus/raw/live-lindsay-clancy-trial-day-14/live-lindsay-clancy-trial-day-14_DCBWoWhsTpA.en.vtt,/Users/rajeshpmu/Desktop/LegalMemoCMT/data/processed/phase2/clancy/turn_clips/video/DCBWoWhsTpA/DCBWoWhsTpA_turn06568.mp4,/Users/rajeshpmu/Desktop/LegalMemoCMT/data/processed/phase2/clancy/turn_clips/audio/DCBWoWhsTpA/DCBWoWhsTpA_turn06568.wav,DCBWoWhsTpA,group_by_youtube_id,dev,neutral,text_keyword_heuristic,LOW,NO,neutral default,YES,"And and what did she tell you about seeing the doctors and if she was on any medication and if so what effect did they have on her? So, the first thing she said about the doctors was back in October when she said that she saw a doctor for Zoloft and had a very awful uh reaction to that Zoloft.","And and what did she tell you about seeing the doctors and if she was on any medication and if so what effect did they have on her? So, the first thing she said about the doctors was back in October when she said that she saw a doctor for Zoloft and had a very awful uh reaction to that Zoloft.",01:50:41.492,01:50:58.915,17.423,17.423,marker,MEDIUM,1,17,"DCBWoWhsTpA_utt05053#p02,DCBWoWhsTpA_utt05054#p01,DCBWoWhsTpA_utt05055#p01,DCBWoWhsTpA_utt05056#p01,DCBWoWhsTpA_utt05057#p01,DCBWoWhsTpA_utt05058#p01,DCBWoWhsTpA_utt05059#p01,DCBWoWhsTpA_utt05060#p01,DCBWoWhsTpA_utt05061#p01,DCBWoWhsTpA_utt05062#p01,DCBWoWhsTpA_utt05063#p01,DCBWoWhsTpA_utt05064#p01,DCBWoWhsTpA_utt05065#p01,DCBWoWhsTpA_utt05066#p01,DCBWoWhsTpA_utt05067#p01,DCBWoWhsTpA_utt05068#p01,DCBWoWhsTpA_utt05069#p01","DCBWoWhsTpA_utt05053,DCBWoWhsTpA_utt05054,DCBWoWhsTpA_utt05055,DCBWoWhsTpA_utt05056,DCBWoWhsTpA_utt05057,DCBWoWhsTpA_utt05058,DCBWoWhsTpA_utt05059,DCBWoWhsTpA_utt05060,DCBWoWhsTpA_utt05061,DCBWoWhsTpA_utt05062,DCBWoWhsTpA_utt05063,DCBWoWhsTpA_utt05064,DCBWoWhsTpA_utt05065,DCBWoWhsTpA_utt05066,DCBWoWhsTpA_utt05067,DCBWoWhsTpA_utt05068,DCBWoWhsTpA_utt05069",17,/Users/rajeshpmu/Desktop/LegalMemoCMT/data/phase2/clancy/corpus/raw/live-lindsay-clancy-trial-day-14/live-lindsay-clancy-trial-day-14_DCBWoWhsTpA.mp4,/Users/rajeshpmu/Desktop/LegalMemoCMT/data/phase2/clancy/corpus/raw/live-lindsay-clancy-trial-day-14/live-lindsay-clancy-trial-day-14_DCBWoWhsTpA.wav,/Users/rajeshpmu/Desktop/LegalMemoCMT/data/processed/phase2/clancy/turn_clips/video/DCBWoWhsTpA/DCBWoWhsTpA_turn06568.mp4,/Users/rajeshpmu/Desktop/LegalMemoCMT/data/processed/phase2/clancy/turn_clips/audio/DCBWoWhsTpA/DCBWoWhsTpA_turn06568.wav,6641.492,6658.915,17.423,created,01:50:41.492,01:50:58.915,0.0,default_zero,SPEAKER_07,8.894,pyannote/speaker-diarization-3.1,Witness,manual_verified_diarization,HIGH,YES,SPEAKING,Witness,YES,Witness 18 identified by manual audio/video review,INCLUDE,,YES,speaker_role=Witness,split_dev;usable,"usable because speaker_role=Witness, witness_speaking_status=SPEAKING, clip_status=created, duration=17.423s, and source is not excluded",YES,0.6,HIGH,manual_clip_review,HUMAN_VERIFIED,/Users/rajeshpmu/Desktop/LegalMemoCMT/data/processed/phase2/clancy/turn_clips/video/DCBWoWhsTpA/DCBWoWhsTpA_turn06568.mp4,/Users/rajeshpmu/Desktop/LegalMemoCMT/data/processed/phase2/clancy/vit_facecrop_embeddings/DCBWoWhsTpA/DCBWoWhsTpA_turn06568.npy,created,surprise,0.361904,1.490553,"{""anger"": 0.02275, ""disgust"": 0.02746, ""fear"": 0.07427, ""joy"": 0.029673, ""neutral"": 0.346014, ""sadness"": 0.13793, ""surprise"": 0.361904}",/Users/rajeshpmu/Desktop/LegalMemoCMT/results/facial_cues/meld_vit_facecrop_gated_video_aux/fold_4/best_model.pt,phase1_meld_checkpoint_pseudo_label,"audio,text,video","audio,text,video","{""audio_dim"": 128, ""audio_model_name"": ""facebook/hubert-base-ls960"", ""dropout"": 0.1, ""encoder_mode"": ""paper"", ""freeze_audio_backbone"": false, ""freeze_text_backbone"": false, ""fusion_dim"": 256, ""fusion_mode"": ""gated"", ""fusion_pooling"": ""min"", ""max_audio_len"": 256, ""max_text_len"": 128, ""max_video_len"": 32, ""num_classes"": 7, ""num_heads"": 4, ""num_layers"": 2, ""text_dim"": 256, ""text_model_name"": ""bert-base-uncased"", ""use_video"": true, ""video_dim"": 768, ""vocab_size"": 30000}",confidence<=0.6
DCBWoWhsTpA_turn06570,DCBWoWhsTpA_turn06570,DCBWoWhsTpA,https://www.youtube.com/live/DCBWoWhsTpA,LIVE: Lindsay Clancy trial Day 14,full_trial_stream,5,/Users/rajeshpmu/Desktop/LegalMemoCMT/data/phase2/clancy/corpus/raw/live-lindsay-clancy-trial-day-14/live-lindsay-clancy-trial-day-14_DCBWoWhsTpA.en.vtt,/Users/rajeshpmu/Desktop/LegalMemoCMT/data/processed/phase2/clancy/turn_clips/video/DCBWoWhsTpA/DCBWoWhsTpA_turn06570.mp4,/Users/rajeshpmu/Desktop/LegalMemoCMT/data/processed/phase2/clancy/turn_clips/audio/DCBWoWhsTpA/DCBWoWhsTpA_turn06570.wav,DCBWoWhsTpA,group_by_youtube_id,dev,neutral,text_keyword_heuristic,LOW,NO,neutral default,YES,"Um, [snorts] I don't believe she shared that specific with me.","Um, [snorts] I don't believe she shared that specific with me.",01:51:00.842,01:51:03.954,3.112,3.112,marker,MEDIUM,1,5,"DCBWoWhsTpA_utt05071#p02,DCBWoWhsTpA_utt05072#p01,DCBWoWhsTpA_utt05073#p01,DCBWoWhsTpA_utt05074#p01,DCBWoWhsTpA_utt05075#p01","DCBWoWhsTpA_utt05071,DCBWoWhsTpA_utt05072,DCBWoWhsTpA_utt05073,DCBWoWhsTpA_utt05074,DCBWoWhsTpA_utt05075",5,/Users/rajeshpmu/Desktop/LegalMemoCMT/data/phase2/clancy/corpus/raw/live-lindsay-clancy-trial-day-14/live-lindsay-clancy-trial-day-14_DCBWoWhsTpA.mp4,/Users/rajeshpmu/Desktop/LegalMemoCMT/data/phase2/clancy/corpus/raw/live-lindsay-clancy-trial-day-14/live-lindsay-clancy-trial-day-14_DCBWoWhsTpA.wav,/Users/rajeshpmu/Desktop/LegalMemoCMT/data/processed/phase2/clancy/turn_clips/video/DCBWoWhsTpA/DCBWoWhsTpA_turn06570.mp4,/Users/rajeshpmu/Desktop/LegalMemoCMT/data/processed/phase2/clancy/turn_clips/audio/DCBWoWhsTpA/DCBWoWhsTpA_turn06570.wav,6660.842,6663.954,3.112,created,01:51:00.842,01:51:03.954,0.0,default_zero,SPEAKER_07,3.112,pyannote/speaker-diarization-3.1,Witness,manual_verified_diarization,HIGH,YES,SPEAKING,Witness,YES,Witness 18 identified by manual audio/video review,INCLUDE,,YES,speaker_role=Witness,split_dev;usable,"usable because speaker_role=Witness, witness_speaking_status=SPEAKING, clip_status=created, duration=3.112s, and source is not excluded",YES,0.6,HIGH,manual_clip_review,HUMAN_VERIFIED,/Users/rajeshpmu/Desktop/LegalMemoCMT/data/processed/phase2/clancy/turn_clips/video/DCBWoWhsTpA/DCBWoWhsTpA_turn06570.mp4,/Users/rajeshpmu/Desktop/LegalMemoCMT/data/processed/phase2/clancy/vit_facecrop_embeddings/DCBWoWhsTpA/DCBWoWhsTpA_turn06570.npy,created,disgust,0.472638,1.276982,"{""anger"": 0.013748, ""disgust"": 0.472638, ""fear"": 0.015749, ""joy"": 0.115096, ""neutral"": 0.046108, ""sadness"": 0.008938, ""surprise"": 0.327724}",/Users/rajeshpmu/Desktop/LegalMemoCMT/results/facial_cues/meld_vit_facecrop_gated_video_aux/fold_4/best_model.pt,phase1_meld_checkpoint_pseudo_label,"audio,text,video","audio,text,video","{""audio_dim"": 128, ""audio_model_name"": ""facebook/hubert-base-ls960"", ""dropout"": 0.1, ""encoder_mode"": ""paper"", ""freeze_audio_backbone"": false, ""freeze_text_backbone"": false, ""fusion_dim"": 256, ""fusion_mode"": ""gated"", ""fusion_pooling"": ""min"", ""max_audio_len"": 256, ""max_text_len"": 128, ""max_video_len"": 32, ""num_classes"": 7, ""num_heads"": 4, ""num_layers"": 2, ""text_dim"": 256, ""text_model_name"": ""bert-base-uncased"", ""use_video"": true, ""video_dim"": 768, ""vocab_size"": 30000}",confidence<=0.6
DCBWoWhsTpA_turn06580,DCBWoWhsTpA_turn06580,DCBWoWhsTpA,https://www.youtube.com/live/DCBWoWhsTpA,LIVE: Lindsay Clancy trial Day 14,full_trial_stream,5,/Users/rajeshpmu/Desktop/LegalMemoCMT/data/phase2/clancy/corpus/raw/live-lindsay-clancy-trial-day-14/live-lindsay-clancy-trial-day-14_DCBWoWhsTpA.en.vtt,/Users/rajeshpmu/Desktop/LegalMemoCMT/data/processed/phase2/clancy/turn_clips/video/DCBWoWhsTpA/DCBWoWhsTpA_turn06580.mp4,/Users/rajeshpmu/Desktop/LegalMemoCMT/data/processed/phase2/clancy/turn_clips/audio/DCBWoWhsTpA/DCBWoWhsTpA_turn06580.wav,DCBWoWhsTpA,group_by_youtube_id,dev,neutral,text_keyword_heuristic,LOW,NO,neutral default,YES,"And while she was at MLAN hospital, um, ultimately do you know how she got out of MLAN hospital? Uh it was my understanding that she was weaning off of some medication that she was on um and then was eventually discharged 5 days later.","And while she was at MLAN hospital, um, ultimately do you know how she got out of MLAN hospital? Uh it was my understanding that she was weaning off of some medication that she was on um and then was eventually discharged 5 days later.",01:52:08.322,01:52:27.080,18.758,18.758,marker,MEDIUM,1,15,"DCBWoWhsTpA_utt05139#p02,DCBWoWhsTpA_utt05140#p01,DCBWoWhsTpA_utt05141#p01,DCBWoWhsTpA_utt05142#p01,DCBWoWhsTpA_utt05143#p01,DCBWoWhsTpA_utt05144#p01,DCBWoWhsTpA_utt05145#p01,DCBWoWhsTpA_utt05146#p01,DCBWoWhsTpA_utt05147#p01,DCBWoWhsTpA_utt05148#p01,DCBWoWhsTpA_utt05149#p01,DCBWoWhsTpA_utt05150#p01,DCBWoWhsTpA_utt05151#p01,DCBWoWhsTpA_utt05152#p01,DCBWoWhsTpA_utt05153#p01","DCBWoWhsTpA_utt05139,DCBWoWhsTpA_utt05140,DCBWoWhsTpA_utt05141,DCBWoWhsTpA_utt05142,DCBWoWhsTpA_utt05143,DCBWoWhsTpA_utt05144,DCBWoWhsTpA_utt05145,DCBWoWhsTpA_utt05146,DCBWoWhsTpA_utt05147,DCBWoWhsTpA_utt05148,DCBWoWhsTpA_utt05149,DCBWoWhsTpA_utt05150,DCBWoWhsTpA_utt05151,DCBWoWhsTpA_utt05152,DCBWoWhsTpA_utt05153",15,/Users/rajeshpmu/Desktop/LegalMemoCMT/data/phase2/clancy/corpus/raw/live-lindsay-clancy-trial-day-14/live-lindsay-clancy-trial-day-14_DCBWoWhsTpA.mp4,/Users/rajeshpmu/Desktop/LegalMemoCMT/data/phase2/clancy/corpus/raw/live-lindsay-clancy-trial-day-14/live-lindsay-clancy-trial-day-14_DCBWoWhsTpA.wav,/Users/rajeshpmu/Desktop/LegalMemoCMT/data/processed/phase2/clancy/turn_clips/video/DCBWoWhsTpA/DCBWoWhsTpA_turn06580.mp4,/Users/rajeshpmu/Desktop/LegalMemoCMT/data/processed/phase2/clancy/turn_clips/audio/DCBWoWhsTpA/DCBWoWhsTpA_turn06580.wav,6728.322,6747.08,18.758,created,01:52:08.322,01:52:27.080,0.0,default_zero,SPEAKER_07,10.817,pyannote/speaker-diarization-3.1,Witness,manual_verified_diarization,HIGH,YES,SPEAKING,Witness,YES,Witness 18 identified by manual audio/video review,INCLUDE,,YES,speaker_role=Witness,split_dev;usable,"usable because speaker_role=Witness, witness_speaking_status=SPEAKING, clip_status=created, duration=18.758s, and source is not excluded",YES,0.6,HIGH,manual_clip_review,HUMAN_VERIFIED,/Users/rajeshpmu/Desktop/LegalMemoCMT/data/processed/phase2/clancy/turn_clips/video/DCBWoWhsTpA/DCBWoWhsTpA_turn06580.mp4,/Users/rajeshpmu/Desktop/LegalMemoCMT/data/processed/phase2/clancy/vit_facecrop_embeddings/DCBWoWhsTpA/DCBWoWhsTpA_turn06580.npy,created,sadness,0.517706,1.28298,"{""anger"": 0.03948, ""disgust"": 0.018506, ""fear"": 0.044462, ""joy"": 0.042123, ""neutral"": 0.30728, ""sadness"": 0.517706, ""surprise"": 0.030443}",/Users/rajeshpmu/Desktop/LegalMemoCMT/results/facial_cues/meld_vit_facecrop_gated_video_aux/fold_4/best_model.pt,phase1_meld_checkpoint_pseudo_label,"audio,text,video","audio,text,video","{""audio_dim"": 128, ""audio_model_name"": ""facebook/hubert-base-ls960"", ""dropout"": 0.1, ""encoder_mode"": ""paper"", ""freeze_audio_backbone"": false, ""freeze_text_backbone"": false, ""fusion_dim"": 256, ""fusion_mode"": ""gated"", ""fusion_pooling"": ""min"", ""max_audio_len"": 256, ""max_text_len"": 128, ""max_video_len"": 32, ""num_classes"": 7, ""num_heads"": 4, ""num_layers"": 2, ""text_dim"": 256, ""text_model_name"": ""bert-base-uncased"", ""use_video"": true, ""video_dim"": 768, ""vocab_size"": 30000}",confidence<=0.6
DCBWoWhsTpA_turn06588,DCBWoWhsTpA_turn06588,DCBWoWhsTpA,https://www.youtube.com/live/DCBWoWhsTpA,LIVE: Lindsay Clancy trial Day 14,full_trial_stream,5,/Users/rajeshpmu/Desktop/LegalMemoCMT/data/phase2/clancy/corpus/raw/live-lindsay-clancy-trial-day-14/live-lindsay-clancy-trial-day-14_DCBWoWhsTpA.en.vtt,/Users/rajeshpmu/Desktop/LegalMemoCMT/data/processed/phase2/clancy/turn_clips/video/DCBWoWhsTpA/DCBWoWhsTpA_turn06588.mp4,/Users/rajeshpmu/Desktop/LegalMemoCMT/data/processed/phase2/clancy/turn_clips/audio/DCBWoWhsTpA/DCBWoWhsTpA_turn06588.wav,DCBWoWhsTpA,group_by_youtube_id,dev,neutral,text_keyword_heuristic,LOW,NO,neutral default,YES,Would she get out of MLAN? What did she appear to you and what did she say to you? She I believe she said she felt that that was a good plan and that she was starting to feel better.,Would she get out of MLAN? What did she appear to you and what did she say to you? She I believe she said she felt that that was a good plan and that she was starting to feel better.,01:53:04.497,01:53:17.843,13.346,13.346,marker,MEDIUM,1,13,"DCBWoWhsTpA_utt05195#p02,DCBWoWhsTpA_utt05196#p01,DCBWoWhsTpA_utt05197#p01,DCBWoWhsTpA_utt05198#p01,DCBWoWhsTpA_utt05199#p01,DCBWoWhsTpA_utt05200#p01,DCBWoWhsTpA_utt05201#p01,DCBWoWhsTpA_utt05202#p01,DCBWoWhsTpA_utt05203#p01,DCBWoWhsTpA_utt05204#p01,DCBWoWhsTpA_utt05205#p01,DCBWoWhsTpA_utt05206#p01,DCBWoWhsTpA_utt05207#p01","DCBWoWhsTpA_utt05195,DCBWoWhsTpA_utt05196,DCBWoWhsTpA_utt05197,DCBWoWhsTpA_utt05198,DCBWoWhsTpA_utt05199,DCBWoWhsTpA_utt05200,DCBWoWhsTpA_utt05201,DCBWoWhsTpA_utt05202,DCBWoWhsTpA_utt05203,DCBWoWhsTpA_utt05204,DCBWoWhsTpA_utt05205,DCBWoWhsTpA_utt05206,DCBWoWhsTpA_utt05207",13,/Users/rajeshpmu/Desktop/LegalMemoCMT/data/phase2/clancy/corpus/raw/live-lindsay-clancy-trial-day-14/live-lindsay-clancy-trial-day-14_DCBWoWhsTpA.mp4,/Users/rajeshpmu/Desktop/LegalMemoCMT/data/phase2/clancy/corpus/raw/live-lindsay-clancy-trial-day-14/live-lindsay-clancy-trial-day-14_DCBWoWhsTpA.wav,/Users/rajeshpmu/Desktop/LegalMemoCMT/data/processed/phase2/clancy/turn_clips/video/DCBWoWhsTpA/DCBWoWhsTpA_turn06588.mp4,/Users/rajeshpmu/Desktop/LegalMemoCMT/data/processed/phase2/clancy/turn_clips/audio/DCBWoWhsTpA/DCBWoWhsTpA_turn06588.wav,6784.497,6797.843,13.346,created,01:53:04.497,01:53:17.843,0.0,default_zero,SPEAKER_07,6.716,pyannote/speaker-diarization-3.1,Witness,manual_verified_diarization,HIGH,YES,SPEAKING,Witness,YES,Witness 18 identified by manual audio/video review,INCLUDE,,YES,speaker_role=Witness,split_dev;usable,"usable because speaker_role=Witness, witness_speaking_status=SPEAKING, clip_status=created, duration=13.346s, and source is not excluded",YES,0.6,HIGH,manual_clip_review,HUMAN_VERIFIED,/Users/rajeshpmu/Desktop/LegalMemoCMT/data/processed/phase2/clancy/turn_clips/video/DCBWoWhsTpA/DCBWoWhsTpA_turn06588.mp4,/Users/rajeshpmu/Desktop/LegalMemoCMT/data/processed/phase2/clancy/vit_facecrop_embeddings/DCBWoWhsTpA/DCBWoWhsTpA_turn06588.npy,created,neutral,0.573814,1.209078,"{""anger"": 0.02752, ""disgust"": 0.015457, ""fear"": 0.105072, ""joy"": 0.024599, ""neutral"": 0.573814, ""sadness"": 0.240554, ""surprise"": 0.012984}",/Users/rajeshpmu/Desktop/LegalMemoCMT/results/facial_cues/meld_vit_facecrop_gated_video_aux/fold_4/best_model.pt,phase1_meld_checkpoint_pseudo_label,"audio,text,video","audio,text,video","{""audio_dim"": 128, ""audio_model_name"": ""facebook/hubert-base-ls960"", ""dropout"": 0.1, ""encoder_mode"": ""paper"", ""freeze_audio_backbone"": false, ""freeze_text_backbone"": false, ""fusion_dim"": 256, ""fusion_mode"": ""gated"", ""fusion_pooling"": ""min"", ""max_audio_len"": 256, ""max_text_len"": 128, ""max_video_len"": 32, ""num_classes"": 7, ""num_heads"": 4, ""num_layers"": 2, ""text_dim"": 256, ""text_model_name"": ""bert-base-uncased"", ""use_video"": true, ""video_dim"": 768, ""vocab_size"": 30000}",confidence<=0.6
DCBWoWhsTpA_turn06599,DCBWoWhsTpA_turn06599,DCBWoWhsTpA,https://www.youtube.com/live/DCBWoWhsTpA,LIVE: Lindsay Clancy trial Day 14,full_trial_stream,5,/Users/rajeshpmu/Desktop/LegalMemoCMT/data/phase2/clancy/corpus/raw/live-lindsay-clancy-trial-day-14/live-lindsay-clancy-trial-day-14_DCBWoWhsTpA.en.vtt,/Users/rajeshpmu/Desktop/LegalMemoCMT/data/processed/phase2/clancy/turn_clips/video/DCBWoWhsTpA/DCBWoWhsTpA_turn06599.mp4,/Users/rajeshpmu/Desktop/LegalMemoCMT/data/processed/phase2/clancy/turn_clips/audio/DCBWoWhsTpA/DCBWoWhsTpA_turn06599.wav,DCBWoWhsTpA,group_by_youtube_id,dev,neutral,text_keyword_heuristic,LOW,NO,neutral default,YES,"How did she appear at that? I think she looked like she was going through the motions of putting together a birthday party for her daughter. Um, but she looked tired. She looked like she was still struggling.","How did she appear at that? I think she looked like she was going through the motions of putting together a birthday party for her daughter. Um, but she looked tired. She looked like she was still struggling.",01:53:58.810,01:54:15.210,16.4,16.4,marker,MEDIUM,1,11,"DCBWoWhsTpA_utt05253#p02,DCBWoWhsTpA_utt05256#p01,DCBWoWhsTpA_utt05257#p01,DCBWoWhsTpA_utt05258#p01,DCBWoWhsTpA_utt05259#p01,DCBWoWhsTpA_utt05260#p01,DCBWoWhsTpA_utt05261#p01,DCBWoWhsTpA_utt05262#p01,DCBWoWhsTpA_utt05263#p01,DCBWoWhsTpA_utt05264#p01,DCBWoWhsTpA_utt05265#p01","DCBWoWhsTpA_utt05253,DCBWoWhsTpA_utt05256,DCBWoWhsTpA_utt05257,DCBWoWhsTpA_utt05258,DCBWoWhsTpA_utt05259,DCBWoWhsTpA_utt05260,DCBWoWhsTpA_utt05261,DCBWoWhsTpA_utt05262,DCBWoWhsTpA_utt05263,DCBWoWhsTpA_utt05264,DCBWoWhsTpA_utt05265",11,/Users/rajeshpmu/Desktop/LegalMemoCMT/data/phase2/clancy/corpus/raw/live-lindsay-clancy-trial-day-14/live-lindsay-clancy-trial-day-14_DCBWoWhsTpA.mp4,/Users/rajeshpmu/Desktop/LegalMemoCMT/data/phase2/clancy/corpus/raw/live-lindsay-clancy-trial-day-14/live-lindsay-clancy-trial-day-14_DCBWoWhsTpA.wav,/Users/rajeshpmu/Desktop/LegalMemoCMT/data/processed/phase2/clancy/turn_clips/video/DCBWoWhsTpA/DCBWoWhsTpA_turn06599.mp4,/Users/rajeshpmu/Desktop/LegalMemoCMT/data/processed/phase2/clancy/turn_clips/audio/DCBWoWhsTpA/DCBWoWhsTpA_turn06599.wav,6838.81,6855.21,16.4,created,01:53:58.810,01:54:15.210,0.0,default_zero,SPEAKER_07,6.514,pyannote/speaker-diarization-3.1,Witness,manual_verified_diarization,HIGH,YES,SPEAKING,Witness,YES,Witness 18 identified by manual audio/video review,INCLUDE,,YES,speaker_role=Witness,split_dev;usable,"usable because speaker_role=Witness, witness_speaking_status=SPEAKING, clip_status=created, duration=16.400s, and source is not excluded",YES,0.6,HIGH,manual_clip_review,HUMAN_VERIFIED,/Users/rajeshpmu/Desktop/LegalMemoCMT/data/processed/phase2/clancy/turn_clips/video/DCBWoWhsTpA/DCBWoWhsTpA_turn06599.mp4,/Users/rajeshpmu/Desktop/LegalMemoCMT/data/processed/phase2/clancy/vit_facecrop_embeddings/DCBWoWhsTpA/DCBWoWhsTpA_turn06599.npy,created,sadness,0.348702,1.595495,"{""anger"": 0.047835, ""disgust"": 0.09047, ""fear"": 0.079572, ""joy"": 0.045436, ""neutral"": 0.334214, ""sadness"": 0.348702, ""surprise"": 0.053771}",/Users/rajeshpmu/Desktop/LegalMemoCMT/results/facial_cues/meld_vit_facecrop_gated_video_aux/fold_4/best_model.pt,phase1_meld_checkpoint_pseudo_label,"audio,text,video","audio,text,video","{""audio_dim"": 128, ""audio_model_name"": ""facebook/hubert-base-ls960"", ""dropout"": 0.1, ""encoder_mode"": ""paper"", ""freeze_audio_backbone"": false, ""freeze_text_backbone"": false, ""fusion_dim"": 256, ""fusion_mode"": ""gated"", ""fusion_pooling"": ""min"", ""max_audio_len"": 256, ""max_text_len"": 128, ""max_video_len"": 32, ""num_classes"": 7, ""num_heads"": 4, ""num_layers"": 2, ""text_dim"": 256, ""text_model_name"": ""bert-base-uncased"", ""use_video"": true, ""video_dim"": 768, ""vocab_size"": 30000}",confidence<=0.6
DCBWoWhsTpA_turn06660,DCBWoWhsTpA_turn06660,DCBWoWhsTpA,https://www.youtube.com/live/DCBWoWhsTpA,LIVE: Lindsay Clancy trial Day 14,full_trial_stream,5,/Users/rajeshpmu/Desktop/LegalMemoCMT/data/phase2/clancy/corpus/raw/live-lindsay-clancy-trial-day-14/live-lindsay-clancy-trial-day-14_DCBWoWhsTpA.en.vtt,/Users/rajeshpmu/Desktop/LegalMemoCMT/data/processed/phase2/clancy/turn_clips/video/DCBWoWhsTpA/DCBWoWhsTpA_turn06660.mp4,/Users/rajeshpmu/Desktop/LegalMemoCMT/data/processed/phase2/clancy/turn_clips/audio/DCBWoWhsTpA/DCBWoWhsTpA_turn06660.wav,DCBWoWhsTpA,group_by_youtube_id,dev,neutral,text_keyword_heuristic,LOW,NO,neutral default,YES,I reached out and called? Yes. I did not visit her at her home. No.,I reached out and called? Yes. I did not visit her at her home. No.,01:58:18.777,01:58:22.413,3.636,3.636,marker,MEDIUM,1,5,"DCBWoWhsTpA_utt05519#p02,DCBWoWhsTpA_utt05520#p01,DCBWoWhsTpA_utt05521#p01,DCBWoWhsTpA_utt05522#p01,DCBWoWhsTpA_utt05523#p01","DCBWoWhsTpA_utt05519,DCBWoWhsTpA_utt05520,DCBWoWhsTpA_utt05521,DCBWoWhsTpA_utt05522,DCBWoWhsTpA_utt05523",5,/Users/rajeshpmu/Desktop/LegalMemoCMT/data/phase2/clancy/corpus/raw/live-lindsay-clancy-trial-day-14/live-lindsay-clancy-trial-day-14_DCBWoWhsTpA.mp4,/Users/rajeshpmu/Desktop/LegalMemoCMT/data/phase2/clancy/corpus/raw/live-lindsay-clancy-trial-day-14/live-lindsay-clancy-trial-day-14_DCBWoWhsTpA.wav,/Users/rajeshpmu/Desktop/LegalMemoCMT/data/processed/phase2/clancy/turn_clips/video/DCBWoWhsTpA/DCBWoWhsTpA_turn06660.mp4,/Users/rajeshpmu/Desktop/LegalMemoCMT/data/processed/phase2/clancy/turn_clips/audio/DCBWoWhsTpA/DCBWoWhsTpA_turn06660.wav,7098.777,7102.413,3.636,created,01:58:18.777,01:58:22.413,0.0,default_zero,SPEAKER_07,2.507,pyannote/speaker-diarization-3.1,Witness,manual_verified_diarization,HIGH,YES,SPEAKING,Witness,YES,Witness 18 identified by manual audio/video review,INCLUDE,,YES,speaker_role=Witness,split_dev;usable,"usable because speaker_role=Witness, witness_speaking_status=SPEAKING, clip_status=created, duration=3.636s, and source is not excluded",YES,0.6,HIGH,manual_clip_review,HUMAN_VERIFIED,/Users/rajeshpmu/Desktop/LegalMemoCMT/data/processed/phase2/clancy/turn_clips/video/DCBWoWhsTpA/DCBWoWhsTpA_turn06660.mp4,/Users/rajeshpmu/Desktop/LegalMemoCMT/data/processed/phase2/clancy/vit_facecrop_embeddings/DCBWoWhsTpA/DCBWoWhsTpA_turn06660.npy,created,disgust,0.46221,1.296913,"{""anger"": 0.014872, ""disgust"": 0.46221, ""fear"": 0.055496, ""joy"": 0.038757, ""neutral"": 0.355895, ""sadness"": 0.060628, ""surprise"": 0.012142}",/Users/rajeshpmu/Desktop/LegalMemoCMT/results/facial_cues/meld_vit_facecrop_gated_video_aux/fold_4/best_model.pt,phase1_meld_checkpoint_pseudo_label,"audio,text,video","audio,text,video","{""audio_dim"": 128, ""audio_model_name"": ""facebook/hubert-base-ls960"", ""dropout"": 0.1, ""encoder_mode"": ""paper"", ""freeze_audio_backbone"": false, ""freeze_text_backbone"": false, ""fusion_dim"": 256, ""fusion_mode"": ""gated"", ""fusion_pooling"": ""min"", ""max_audio_len"": 256, ""max_text_len"": 128, ""max_video_len"": 32, ""num_classes"": 7, ""num_heads"": 4, ""num_layers"": 2, ""text_dim"": 256, ""text_model_name"": ""bert-base-uncased"", ""use_video"": true, ""video_dim"": 768, ""vocab_size"": 30000}",confidence<=0.6
DCBWoWhsTpA_turn06661,DCBWoWhsTpA_turn06661,DCBWoWhsTpA,https://www.youtube.com/live/DCBWoWhsTpA,LIVE: Lindsay Clancy trial Day 14,full_trial_stream,5,/Users/rajeshpmu/Desktop/LegalMemoCMT/data/phase2/clancy/corpus/raw/live-lindsay-clancy-trial-day-14/live-lindsay-clancy-trial-day-14_DCBWoWhsTpA.en.vtt,/Users/rajeshpmu/Desktop/LegalMemoCMT/data/processed/phase2/clancy/turn_clips/video/DCBWoWhsTpA/DCBWoWhsTpA_turn06661.mp4,/Users/rajeshpmu/Desktop/LegalMemoCMT/data/processed/phase2/clancy/turn_clips/audio/DCBWoWhsTpA/DCBWoWhsTpA_turn06661.wav,DCBWoWhsTpA,group_by_youtube_id,dev,neutral,text_keyword_heuristic,LOW,NO,neutral default,YES,"When you called, did she respond? Did she answer the phone?","When you called, did she respond? Did she answer the phone?",01:58:22.413,01:58:26.428,4.015,4.015,marker,MEDIUM,1,5,"DCBWoWhsTpA_utt05523#p02,DCBWoWhsTpA_utt05524#p01,DCBWoWhsTpA_utt05525#p01,DCBWoWhsTpA_utt05526#p01,DCBWoWhsTpA_utt05527#p01","DCBWoWhsTpA_utt05523,DCBWoWhsTpA_utt05524,DCBWoWhsTpA_utt05525,DCBWoWhsTpA_utt05526,DCBWoWhsTpA_utt05527",5,/Users/rajeshpmu/Desktop/LegalMemoCMT/data/phase2/clancy/corpus/raw/live-lindsay-clancy-trial-day-14/live-lindsay-clancy-trial-day-14_DCBWoWhsTpA.mp4,/Users/rajeshpmu/Desktop/LegalMemoCMT/data/phase2/clancy/corpus/raw/live-lindsay-clancy-trial-day-14/live-lindsay-clancy-trial-day-14_DCBWoWhsTpA.wav,/Users/rajeshpmu/Desktop/LegalMemoCMT/data/processed/phase2/clancy/turn_clips/video/DCBWoWhsTpA/DCBWoWhsTpA_turn06661.mp4,/Users/rajeshpmu/Desktop/LegalMemoCMT/data/processed/phase2/clancy/turn_clips/audio/DCBWoWhsTpA/DCBWoWhsTpA_turn06661.wav,7102.413,7106.428,4.015,created,01:58:22.413,01:58:26.428,0.0,default_zero,SPEAKER_07,1.499,pyannote/speaker-diarization-3.1,Witness,manual_verified_diarization,HIGH,YES,SPEAKING,Witness,YES,Witness 18 identified by manual audio/video review,INCLUDE,,YES,speaker_role=Witness,split_dev;usable,"usable because speaker_role=Witness, witness_speaking_status=SPEAKING, clip_status=created, duration=4.015s, and source is not excluded",YES,0.6,HIGH,manual_clip_review,HUMAN_VERIFIED,/Users/rajeshpmu/Desktop/LegalMemoCMT/data/processed/phase2/clancy/turn_clips/video/DCBWoWhsTpA/DCBWoWhsTpA_turn06661.mp4,/Users/rajeshpmu/Desktop/LegalMemoCMT/data/processed/phase2/clancy/vit_facecrop_embeddings/DCBWoWhsTpA/DCBWoWhsTpA_turn06661.npy,created,neutral,0.436556,1.373367,"{""anger"": 0.038849, ""disgust"": 0.122721, ""fear"": 0.025491, ""joy"": 0.04948, ""neutral"": 0.436556, ""sadness"": 0.323237, ""surprise"": 0.003666}",/Users/rajeshpmu/Desktop/LegalMemoCMT/results/facial_cues/meld_vit_facecrop_gated_video_aux/fold_4/best_model.pt,phase1_meld_checkpoint_pseudo_label,"audio,text,video","audio,text,video","{""audio_dim"": 128, ""audio_model_name"": ""facebook/hubert-base-ls960"", ""dropout"": 0.1, ""encoder_mode"": ""paper"", ""freeze_audio_backbone"": false, ""freeze_text_backbone"": false, ""fusion_dim"": 256, ""fusion_mode"": ""gated"", ""fusion_pooling"": ""min"", ""max_audio_len"": 256, ""max_text_len"": 128, ""max_video_len"": 32, ""num_classes"": 7, ""num_heads"": 4, ""num_layers"": 2, ""text_dim"": 256, ""text_model_name"": ""bert-base-uncased"", ""use_video"": true, ""video_dim"": 768, ""vocab_size"": 30000}",confidence<=0.6
DCBWoWhsTpA_turn06662,DCBWoWhsTpA_turn06662,DCBWoWhsTpA,https://www.youtube.com/live/DCBWoWhsTpA,LIVE: Lindsay Clancy trial Day 14,full_trial_stream,5,/Users/rajeshpmu/Desktop/LegalMemoCMT/data/phase2/clancy/corpus/raw/live-lindsay-clancy-trial-day-14/live-lindsay-clancy-trial-day-14_DCBWoWhsTpA.en.vtt,/Users/rajeshpmu/Desktop/LegalMemoCMT/data/processed/phase2/clancy/turn_clips/video/DCBWoWhsTpA/DCBWoWhsTpA_turn06662.mp4,/Users/rajeshpmu/Desktop/LegalMemoCMT/data/processed/phase2/clancy/turn_clips/audio/DCBWoWhsTpA/DCBWoWhsTpA_turn06662.wav,DCBWoWhsTpA,group_by_youtube_id,dev,neutral,text_keyword_heuristic,LOW,NO,neutral default,YES,I'm sorry. Let me backtrack. I I can't recall whether I made a phone call. I can recall the majority of our communication between January 1st and January 24th was via text message.,I'm sorry. Let me backtrack. I I can't recall whether I made a phone call. I can recall the majority of our communication between January 1st and January 24th was via text message.,01:58:26.428,01:58:38.111,11.683,11.683,marker,MEDIUM,1,11,"DCBWoWhsTpA_utt05527#p02,DCBWoWhsTpA_utt05528#p01,DCBWoWhsTpA_utt05529#p01,DCBWoWhsTpA_utt05530#p01,DCBWoWhsTpA_utt05531#p01,DCBWoWhsTpA_utt05532#p01,DCBWoWhsTpA_utt05533#p01,DCBWoWhsTpA_utt05534#p01,DCBWoWhsTpA_utt05535#p01,DCBWoWhsTpA_utt05536#p01,DCBWoWhsTpA_utt05537#p01","DCBWoWhsTpA_utt05527,DCBWoWhsTpA_utt05528,DCBWoWhsTpA_utt05529,DCBWoWhsTpA_utt05530,DCBWoWhsTpA_utt05531,DCBWoWhsTpA_utt05532,DCBWoWhsTpA_utt05533,DCBWoWhsTpA_utt05534,DCBWoWhsTpA_utt05535,DCBWoWhsTpA_utt05536,DCBWoWhsTpA_utt05537",11,/Users/rajeshpmu/Desktop/LegalMemoCMT/data/phase2/clancy/corpus/raw/live-lindsay-clancy-trial-day-14/live-lindsay-clancy-trial-day-14_DCBWoWhsTpA.mp4,/Users/rajeshpmu/Desktop/LegalMemoCMT/data/phase2/clancy/corpus/raw/live-lindsay-clancy-trial-day-14/live-lindsay-clancy-trial-day-14_DCBWoWhsTpA.wav,/Users/rajeshpmu/Desktop/LegalMemoCMT/data/processed/phase2/clancy/turn_clips/video/DCBWoWhsTpA/DCBWoWhsTpA_turn06662.mp4,/Users/rajeshpmu/Desktop/LegalMemoCMT/data/processed/phase2/clancy/turn_clips/audio/DCBWoWhsTpA/DCBWoWhsTpA_turn06662.wav,7106.428,7118.111,11.683,created,01:58:26.428,01:58:38.111,0.0,default_zero,SPEAKER_07,9.79,pyannote/speaker-diarization-3.1,Witness,manual_verified_diarization,HIGH,YES,SPEAKING,Witness,YES,Witness 18 identified by manual audio/video review,INCLUDE,,YES,speaker_role=Witness,split_dev;usable,"usable because speaker_role=Witness, witness_speaking_status=SPEAKING, clip_status=created, duration=11.683s, and source is not excluded",YES,0.6,HIGH,manual_clip_review,HUMAN_VERIFIED,/Users/rajeshpmu/Desktop/LegalMemoCMT/data/processed/phase2/clancy/turn_clips/video/DCBWoWhsTpA/DCBWoWhsTpA_turn06662.mp4,/Users/rajeshpmu/Desktop/LegalMemoCMT/data/processed/phase2/clancy/vit_facecrop_embeddings/DCBWoWhsTpA/DCBWoWhsTpA_turn06662.npy,created,neutral,0.52662,1.413957,"{""anger"": 0.019315, ""disgust"": 0.088034, ""fear"": 0.20405, ""joy"": 0.052385, ""neutral"": 0.52662, ""sadness"": 0.078924, ""surprise"": 0.030672}",/Users/rajeshpmu/Desktop/LegalMemoCMT/results/facial_cues/meld_vit_facecrop_gated_video_aux/fold_4/best_model.pt,phase1_meld_checkpoint_pseudo_label,"audio,text,video","audio,text,video","{""audio_dim"": 128, ""audio_model_name"": ""facebook/hubert-base-ls960"", ""dropout"": 0.1, ""encoder_mode"": ""paper"", ""freeze_audio_backbone"": false, ""freeze_text_backbone"": false, ""fusion_dim"": 256, ""fusion_mode"": ""gated"", ""fusion_pooling"": ""min"", ""max_audio_len"": 256, ""max_text_len"": 128, ""max_video_len"": 32, ""num_classes"": 7, ""num_heads"": 4, ""num_layers"": 2, ""text_dim"": 256, ""text_model_name"": ""bert-base-uncased"", ""use_video"": true, ""video_dim"": 768, ""vocab_size"": 30000}",confidence<=0.6
DCBWoWhsTpA_turn06713,DCBWoWhsTpA_turn06713,DCBWoWhsTpA,https://www.youtube.com/live/DCBWoWhsTpA,LIVE: Lindsay Clancy trial Day 14,full_trial_stream,5,/Users/rajeshpmu/Desktop/LegalMemoCMT/data/phase2/clancy/corpus/raw/live-lindsay-clancy-trial-day-14/live-lindsay-clancy-trial-day-14_DCBWoWhsTpA.en.vtt,/Users/rajeshpmu/Desktop/LegalMemoCMT/data/processed/phase2/clancy/turn_clips/video/DCBWoWhsTpA/DCBWoWhsTpA_turn06713.mp4,/Users/rajeshpmu/Desktop/LegalMemoCMT/data/processed/phase2/clancy/turn_clips/audio/DCBWoWhsTpA/DCBWoWhsTpA_turn06713.wav,DCBWoWhsTpA,group_by_youtube_id,dev,neutral,text_keyword_heuristic,LOW,NO,neutral default,YES,"I noticed that she was had become very anxious. She was uh she told me she was anxious about going back to work because Ken was having trouble taking a bottle and she didn't feel right about leaving him. And as a result of that, did she tell you that she was going to put off going back to work? [snorts]","I noticed that she was had become very anxious. She was uh she told me she was anxious about going back to work because Ken was having trouble taking a bottle and she didn't feel right about leaving him. And as a result of that, did she tell you that she was going to put off going back to work? [snorts]",02:04:23.651,02:04:45.911,22.26,22.26,marker,MEDIUM,1,19,"DCBWoWhsTpA_utt05801#p02,DCBWoWhsTpA_utt05802#p01,DCBWoWhsTpA_utt05803#p01,DCBWoWhsTpA_utt05804#p01,DCBWoWhsTpA_utt05805#p01,DCBWoWhsTpA_utt05806#p01,DCBWoWhsTpA_utt05807#p01,DCBWoWhsTpA_utt05808#p01,DCBWoWhsTpA_utt05809#p01,DCBWoWhsTpA_utt05810#p01,DCBWoWhsTpA_utt05811#p01,DCBWoWhsTpA_utt05812#p01,DCBWoWhsTpA_utt05813#p01,DCBWoWhsTpA_utt05814#p01,DCBWoWhsTpA_utt05815#p01,DCBWoWhsTpA_utt05816#p01,DCBWoWhsTpA_utt05817#p01,DCBWoWhsTpA_utt05818#p01,DCBWoWhsTpA_utt05819#p01","DCBWoWhsTpA_utt05801,DCBWoWhsTpA_utt05802,DCBWoWhsTpA_utt05803,DCBWoWhsTpA_utt05804,DCBWoWhsTpA_utt05805,DCBWoWhsTpA_utt05806,DCBWoWhsTpA_utt05807,DCBWoWhsTpA_utt05808,DCBWoWhsTpA_utt05809,DCBWoWhsTpA_utt05810,DCBWoWhsTpA_utt05811,DCBWoWhsTpA_utt05812,DCBWoWhsTpA_utt05813,DCBWoWhsTpA_utt05814,DCBWoWhsTpA_utt05815,DCBWoWhsTpA_utt05816,DCBWoWhsTpA_utt05817,DCBWoWhsTpA_utt05818,DCBWoWhsTpA_utt05819",19,/Users/rajeshpmu/Desktop/LegalMemoCMT/data/phase2/clancy/corpus/raw/live-lindsay-clancy-trial-day-14/live-lindsay-clancy-trial-day-14_DCBWoWhsTpA.mp4,/Users/rajeshpmu/Desktop/LegalMemoCMT/data/phase2/clancy/corpus/raw/live-lindsay-clancy-trial-day-14/live-lindsay-clancy-trial-day-14_DCBWoWhsTpA.wav,/Users/rajeshpmu/Desktop/LegalMemoCMT/data/processed/phase2/clancy/turn_clips/video/DCBWoWhsTpA/DCBWoWhsTpA_turn06713.mp4,/Users/rajeshpmu/Desktop/LegalMemoCMT/data/processed/phase2/clancy/turn_clips/audio/DCBWoWhsTpA/DCBWoWhsTpA_turn06713.wav,7463.651,7485.911,22.26,created,02:04:23.651,02:04:45.911,0.0,default_zero,SPEAKER_02,8.326,pyannote/speaker-diarization-3.1,Witness,manual_verified_diarization,HIGH,YES,SPEAKING,Witness,YES,Witness 16 identified by manual audio/video review,INCLUDE,,YES,speaker_role=Witness,split_dev;usable,"usable because speaker_role=Witness, witness_speaking_status=SPEAKING, clip_status=created, duration=22.260s, and source is not excluded",YES,0.6,HIGH,manual_clip_review,HUMAN_VERIFIED,/Users/rajeshpmu/Desktop/LegalMemoCMT/data/processed/phase2/clancy/turn_clips/video/DCBWoWhsTpA/DCBWoWhsTpA_turn06713.mp4,/Users/rajeshpmu/Desktop/LegalMemoCMT/data/processed/phase2/clancy/vit_facecrop_embeddings/DCBWoWhsTpA/DCBWoWhsTpA_turn06713.npy,created,sadness,0.346581,1.61204,"{""anger"": 0.035786, ""disgust"": 0.036112, ""fear"": 0.08523, ""joy"": 0.095046, ""neutral"": 0.317362, ""sadness"": 0.346581, ""surprise"": 0.083883}",/Users/rajeshpmu/Desktop/LegalMemoCMT/results/facial_cues/meld_vit_facecrop_gated_video_aux/fold_4/best_model.pt,phase1_meld_checkpoint_pseudo_label,"audio,text,video","audio,text,video","{""audio_dim"": 128, ""audio_model_name"": ""facebook/hubert-base-ls960"", ""dropout"": 0.1, ""encoder_mode"": ""paper"", ""freeze_audio_backbone"": false, ""freeze_text_backbone"": false, ""fusion_dim"": 256, ""fusion_mode"": ""gated"", ""fusion_pooling"": ""min"", ""max_audio_len"": 256, ""max_text_len"": 128, ""max_video_len"": 32, ""num_classes"": 7, ""num_heads"": 4, ""num_layers"": 2, ""text_dim"": 256, ""text_model_name"": ""bert-base-uncased"", ""use_video"": true, ""video_dim"": 768, ""vocab_size"": 30000}",confidence<=0.6
DCBWoWhsTpA_turn06757,DCBWoWhsTpA_turn06757,DCBWoWhsTpA,https://www.youtube.com/live/DCBWoWhsTpA,LIVE: Lindsay Clancy trial Day 14,full_trial_stream,5,/Users/rajeshpmu/Desktop/LegalMemoCMT/data/phase2/clancy/corpus/raw/live-lindsay-clancy-trial-day-14/live-lindsay-clancy-trial-day-14_DCBWoWhsTpA.en.vtt,/Users/rajeshpmu/Desktop/LegalMemoCMT/data/processed/phase2/clancy/turn_clips/video/DCBWoWhsTpA/DCBWoWhsTpA_turn06757.mp4,/Users/rajeshpmu/Desktop/LegalMemoCMT/data/processed/phase2/clancy/turn_clips/audio/DCBWoWhsTpA/DCBWoWhsTpA_turn06757.wav,DCBWoWhsTpA,group_by_youtube_id,dev,confidence,text_keyword_heuristic,HIGH,YES,keyword match,YES,And was your husband with you?,And was your husband with you?,02:09:01.805,02:09:03.927,2.122,2.122,marker,MEDIUM,1,3,"DCBWoWhsTpA_utt06023#p02,DCBWoWhsTpA_utt06024#p01,DCBWoWhsTpA_utt06025#p01","DCBWoWhsTpA_utt06023,DCBWoWhsTpA_utt06024,DCBWoWhsTpA_utt06025",3,/Users/rajeshpmu/Desktop/LegalMemoCMT/data/phase2/clancy/corpus/raw/live-lindsay-clancy-trial-day-14/live-lindsay-clancy-trial-day-14_DCBWoWhsTpA.mp4,/Users/rajeshpmu/Desktop/LegalMemoCMT/data/phase2/clancy/corpus/raw/live-lindsay-clancy-trial-day-14/live-lindsay-clancy-trial-day-14_DCBWoWhsTpA.wav,/Users/rajeshpmu/Desktop/LegalMemoCMT/data/processed/phase2/clancy/turn_clips/video/DCBWoWhsTpA/DCBWoWhsTpA_turn06757.mp4,/Users/rajeshpmu/Desktop/LegalMemoCMT/data/processed/phase2/clancy/turn_clips/audio/DCBWoWhsTpA/DCBWoWhsTpA_turn06757.wav,7741.805,7743.927,2.122,created,02:09:01.805,02:09:03.927,0.0,default_zero,SPEAKER_02,1.444,pyannote/speaker-diarization-3.1,Witness,manual_verified_diarization,HIGH,YES,SPEAKING,Witness,YES,Witness 16 identified by manual audio/video review,INCLUDE,,YES,speaker_role=Witness,split_dev;usable,"usable because speaker_role=Witness, witness_speaking_status=SPEAKING, clip_status=created, duration=2.122s, and source is not excluded",YES,0.6,HIGH,manual_clip_review,HUMAN_VERIFIED,/Users/rajeshpmu/Desktop/LegalMemoCMT/data/processed/phase2/clancy/turn_clips/video/DCBWoWhsTpA/DCBWoWhsTpA_turn06757.mp4,/Users/rajeshpmu/Desktop/LegalMemoCMT/data/processed/phase2/clancy/vit_facecrop_embeddings/DCBWoWhsTpA/DCBWoWhsTpA_turn06757.npy,created,neutral,0.458871,1.223468,"{""anger"": 0.007483, ""disgust"": 0.361865, ""fear"": 0.119548, ""joy"": 0.018902, ""neutral"": 0.458871, ""sadness"": 0.024519, ""surprise"": 0.008812}",/Users/rajeshpmu/Desktop/LegalMemoCMT/results/facial_cues/meld_vit_facecrop_gated_video_aux/fold_4/best_model.pt,phase1_meld_checkpoint_pseudo_label,"audio,text,video","audio,text,video","{""audio_dim"": 128, ""audio_model_name"": ""facebook/hubert-base-ls960"", ""dropout"": 0.1, ""encoder_mode"": ""paper"", ""freeze_audio_backbone"": false, ""freeze_text_backbone"": false, ""fusion_dim"": 256, ""fusion_mode"": ""gated"", ""fusion_pooling"": ""min"", ""max_audio_len"": 256, ""max_text_len"": 128, ""max_video_len"": 32, ""num_classes"": 7, ""num_heads"": 4, ""num_layers"": 2, ""text_dim"": 256, ""text_model_name"": ""bert-base-uncased"", ""use_video"": true, ""video_dim"": 768, ""vocab_size"": 30000}",confidence<=0.6
DCBWoWhsTpA_turn06768,DCBWoWhsTpA_turn06768,DCBWoWhsTpA,https://www.youtube.com/live/DCBWoWhsTpA,LIVE: Lindsay Clancy trial Day 14,full_trial_stream,5,/Users/rajeshpmu/Desktop/LegalMemoCMT/data/phase2/clancy/corpus/raw/live-lindsay-clancy-trial-day-14/live-lindsay-clancy-trial-day-14_DCBWoWhsTpA.en.vtt,/Users/rajeshpmu/Desktop/LegalMemoCMT/data/processed/phase2/clancy/turn_clips/video/DCBWoWhsTpA/DCBWoWhsTpA_turn06768.mp4,/Users/rajeshpmu/Desktop/LegalMemoCMT/data/processed/phase2/clancy/turn_clips/audio/DCBWoWhsTpA/DCBWoWhsTpA_turn06768.wav,DCBWoWhsTpA,group_by_youtube_id,dev,neutral,text_keyword_heuristic,LOW,NO,neutral default,YES,Yeah. And school pictures. And you had your kids pictures taken.,Yeah. And school pictures. And you had your kids pictures taken.,02:09:28.813,02:09:32.191,3.378,3.378,marker,MEDIUM,1,5,"DCBWoWhsTpA_utt06055#p02,DCBWoWhsTpA_utt06056#p01,DCBWoWhsTpA_utt06057#p01,DCBWoWhsTpA_utt06058#p01,DCBWoWhsTpA_utt06059#p01","DCBWoWhsTpA_utt06055,DCBWoWhsTpA_utt06056,DCBWoWhsTpA_utt06057,DCBWoWhsTpA_utt06058,DCBWoWhsTpA_utt06059",5,/Users/rajeshpmu/Desktop/LegalMemoCMT/data/phase2/clancy/corpus/raw/live-lindsay-clancy-trial-day-14/live-lindsay-clancy-trial-day-14_DCBWoWhsTpA.mp4,/Users/rajeshpmu/Desktop/LegalMemoCMT/data/phase2/clancy/corpus/raw/live-lindsay-clancy-trial-day-14/live-lindsay-clancy-trial-day-14_DCBWoWhsTpA.wav,/Users/rajeshpmu/Desktop/LegalMemoCMT/data/processed/phase2/clancy/turn_clips/video/DCBWoWhsTpA/DCBWoWhsTpA_turn06768.mp4,/Users/rajeshpmu/Desktop/LegalMemoCMT/data/processed/phase2/clancy/turn_clips/audio/DCBWoWhsTpA/DCBWoWhsTpA_turn06768.wav,7768.813,7772.191,3.378,created,02:09:28.813,02:09:32.191,0.0,default_zero,SPEAKER_02,1.114,pyannote/speaker-diarization-3.1,Witness,manual_verified_diarization,HIGH,YES,SPEAKING,Witness,YES,Witness 16 identified by manual audio/video review,INCLUDE,,YES,speaker_role=Witness,split_dev;usable,"usable because speaker_role=Witness, witness_speaking_status=SPEAKING, clip_status=created, duration=3.378s, and source is not excluded",YES,0.6,HIGH,manual_clip_review,HUMAN_VERIFIED,/Users/rajeshpmu/Desktop/LegalMemoCMT/data/processed/phase2/clancy/turn_clips/video/DCBWoWhsTpA/DCBWoWhsTpA_turn06768.mp4,/Users/rajeshpmu/Desktop/LegalMemoCMT/data/processed/phase2/clancy/vit_facecrop_embeddings/DCBWoWhsTpA/DCBWoWhsTpA_turn06768.npy,created,neutral,0.531714,1.151056,"{""anger"": 0.330704, ""disgust"": 0.003859, ""fear"": 0.026011, ""joy"": 0.067619, ""neutral"": 0.531714, ""sadness"": 0.009354, ""surprise"": 0.030739}",/Users/rajeshpmu/Desktop/LegalMemoCMT/results/facial_cues/meld_vit_facecrop_gated_video_aux/fold_4/best_model.pt,phase1_meld_checkpoint_pseudo_label,"audio,text,video","audio,text,video","{""audio_dim"": 128, ""audio_model_name"": ""facebook/hubert-base-ls960"", ""dropout"": 0.1, ""encoder_mode"": ""paper"", ""freeze_audio_backbone"": false, ""freeze_text_backbone"": false, ""fusion_dim"": 256, ""fusion_mode"": ""gated"", ""fusion_pooling"": ""min"", ""max_audio_len"": 256, ""max_text_len"": 128, ""max_video_len"": 32, ""num_classes"": 7, ""num_heads"": 4, ""num_layers"": 2, ""text_dim"": 256, ""text_model_name"": ""bert-base-uncased"", ""use_video"": true, ""video_dim"": 768, ""vocab_size"": 30000}",confidence<=0.6
DCBWoWhsTpA_turn06771,DCBWoWhsTpA_turn06771,DCBWoWhsTpA,https://www.youtube.com/live/DCBWoWhsTpA,LIVE: Lindsay Clancy trial Day 14,full_trial_stream,5,/Users/rajeshpmu/Desktop/LegalMemoCMT/data/phase2/clancy/corpus/raw/live-lindsay-clancy-trial-day-14/live-lindsay-clancy-trial-day-14_DCBWoWhsTpA.en.vtt,/Users/rajeshpmu/Desktop/LegalMemoCMT/data/processed/phase2/clancy/turn_clips/video/DCBWoWhsTpA/DCBWoWhsTpA_turn06771.mp4,/Users/rajeshpmu/Desktop/LegalMemoCMT/data/processed/phase2/clancy/turn_clips/audio/DCBWoWhsTpA/DCBWoWhsTpA_turn06771.wav,DCBWoWhsTpA,group_by_youtube_id,dev,neutral,text_keyword_heuristic,LOW,NO,neutral default,YES,"Yes, I stayed more than my husband because he needed to go back home to work.","Yes, I stayed more than my husband because he needed to go back home to work.",02:09:43.882,02:09:48.866,4.984,4.984,marker,MEDIUM,1,7,"DCBWoWhsTpA_utt06071#p02,DCBWoWhsTpA_utt06072#p01,DCBWoWhsTpA_utt06073#p01,DCBWoWhsTpA_utt06074#p01,DCBWoWhsTpA_utt06075#p01,DCBWoWhsTpA_utt06076#p01,DCBWoWhsTpA_utt06077#p01","DCBWoWhsTpA_utt06071,DCBWoWhsTpA_utt06072,DCBWoWhsTpA_utt06073,DCBWoWhsTpA_utt06074,DCBWoWhsTpA_utt06075,DCBWoWhsTpA_utt06076,DCBWoWhsTpA_utt06077",7,/Users/rajeshpmu/Desktop/LegalMemoCMT/data/phase2/clancy/corpus/raw/live-lindsay-clancy-trial-day-14/live-lindsay-clancy-trial-day-14_DCBWoWhsTpA.mp4,/Users/rajeshpmu/Desktop/LegalMemoCMT/data/phase2/clancy/corpus/raw/live-lindsay-clancy-trial-day-14/live-lindsay-clancy-trial-day-14_DCBWoWhsTpA.wav,/Users/rajeshpmu/Desktop/LegalMemoCMT/data/processed/phase2/clancy/turn_clips/video/DCBWoWhsTpA/DCBWoWhsTpA_turn06771.mp4,/Users/rajeshpmu/Desktop/LegalMemoCMT/data/processed/phase2/clancy/turn_clips/audio/DCBWoWhsTpA/DCBWoWhsTpA_turn06771.wav,7783.882,7788.866,4.984,created,02:09:43.882,02:09:48.866,0.0,default_zero,SPEAKER_02,4.569,pyannote/speaker-diarization-3.1,Witness,manual_verified_diarization,HIGH,YES,SPEAKING,Witness,YES,Witness 16 identified by manual audio/video review,INCLUDE,,YES,speaker_role=Witness,split_dev;usable,"usable because speaker_role=Witness, witness_speaking_status=SPEAKING, clip_status=created, duration=4.984s, and source is not excluded",YES,0.6,HIGH,manual_clip_review,HUMAN_VERIFIED,/Users/rajeshpmu/Desktop/LegalMemoCMT/data/processed/phase2/clancy/turn_clips/video/DCBWoWhsTpA/DCBWoWhsTpA_turn06771.mp4,/Users/rajeshpmu/Desktop/LegalMemoCMT/data/processed/phase2/clancy/vit_facecrop_embeddings/DCBWoWhsTpA/DCBWoWhsTpA_turn06771.npy,created,neutral,0.555499,1.067516,"{""anger"": 0.021833, ""disgust"": 0.005301, ""fear"": 0.342994, ""joy"": 0.028022, ""neutral"": 0.555499, ""sadness"": 0.039093, ""surprise"": 0.007258}",/Users/rajeshpmu/Desktop/LegalMemoCMT/results/facial_cues/meld_vit_facecrop_gated_video_aux/fold_4/best_model.pt,phase1_meld_checkpoint_pseudo_label,"audio,text,video","audio,text,video","{""audio_dim"": 128, ""audio_model_name"": ""facebook/hubert-base-ls960"", ""dropout"": 0.1, ""encoder_mode"": ""paper"", ""freeze_audio_backbone"": false, ""freeze_text_backbone"": false, ""fusion_dim"": 256, ""fusion_mode"": ""gated"", ""fusion_pooling"": ""min"", ""max_audio_len"": 256, ""max_text_len"": 128, ""max_video_len"": 32, ""num_classes"": 7, ""num_heads"": 4, ""num_layers"": 2, ""text_dim"": 256, ""text_model_name"": ""bert-base-uncased"", ""use_video"": true, ""video_dim"": 768, ""vocab_size"": 30000}",confidence<=0.6
DCBWoWhsTpA_turn06777,DCBWoWhsTpA_turn06777,DCBWoWhsTpA,https://www.youtube.com/live/DCBWoWhsTpA,LIVE: Lindsay Clancy trial Day 14,full_trial_stream,5,/Users/rajeshpmu/Desktop/LegalMemoCMT/data/phase2/clancy/corpus/raw/live-lindsay-clancy-trial-day-14/live-lindsay-clancy-trial-day-14_DCBWoWhsTpA.en.vtt,/Users/rajeshpmu/Desktop/LegalMemoCMT/data/processed/phase2/clancy/turn_clips/video/DCBWoWhsTpA/DCBWoWhsTpA_turn06777.mp4,/Users/rajeshpmu/Desktop/LegalMemoCMT/data/processed/phase2/clancy/turn_clips/audio/DCBWoWhsTpA/DCBWoWhsTpA_turn06777.wav,DCBWoWhsTpA,group_by_youtube_id,dev,neutral,text_keyword_heuristic,LOW,NO,neutral default,YES,So tell us uh is there an incident that came to your mind that you recall that uh occurred on one evening that indicated to you how seriously she was suffering? Um there were many um one particular evening that was disturbing to me was that I mean she was afraid. She was afraid to be alone and she actually asked if she could sleep with me.,So tell us uh is there an incident that came to your mind that you recall that uh occurred on one evening that indicated to you how seriously she was suffering? Um there were many um one particular evening that was disturbing to me was that I mean she was afraid. She was afraid to be alone and she actually asked if she could sleep with me.,02:10:13.175,02:10:42.699,29.524,29.524,marker,MEDIUM,1,23,"DCBWoWhsTpA_utt06107#p02,DCBWoWhsTpA_utt06108#p01,DCBWoWhsTpA_utt06109#p01,DCBWoWhsTpA_utt06110#p01,DCBWoWhsTpA_utt06111#p01,DCBWoWhsTpA_utt06112#p01,DCBWoWhsTpA_utt06113#p01,DCBWoWhsTpA_utt06114#p01,DCBWoWhsTpA_utt06115#p01,DCBWoWhsTpA_utt06116#p01,DCBWoWhsTpA_utt06117#p01,DCBWoWhsTpA_utt06118#p01,DCBWoWhsTpA_utt06119#p01,DCBWoWhsTpA_utt06120#p01,DCBWoWhsTpA_utt06121#p01,DCBWoWhsTpA_utt06122#p01,DCBWoWhsTpA_utt06123#p01,DCBWoWhsTpA_utt06124#p01,DCBWoWhsTpA_utt06125#p01,DCBWoWhsTpA_utt06126#p01,DCBWoWhsTpA_utt06127#p01,DCBWoWhsTpA_utt06128#p01,DCBWoWhsTpA_utt06129#p01","DCBWoWhsTpA_utt06107,DCBWoWhsTpA_utt06108,DCBWoWhsTpA_utt06109,DCBWoWhsTpA_utt06110,DCBWoWhsTpA_utt06111,DCBWoWhsTpA_utt06112,DCBWoWhsTpA_utt06113,DCBWoWhsTpA_utt06114,DCBWoWhsTpA_utt06115,DCBWoWhsTpA_utt06116,DCBWoWhsTpA_utt06117,DCBWoWhsTpA_utt06118,DCBWoWhsTpA_utt06119,DCBWoWhsTpA_utt06120,DCBWoWhsTpA_utt06121,DCBWoWhsTpA_utt06122,DCBWoWhsTpA_utt06123,DCBWoWhsTpA_utt06124,DCBWoWhsTpA_utt06125,DCBWoWhsTpA_utt06126,DCBWoWhsTpA_utt06127,DCBWoWhsTpA_utt06128,DCBWoWhsTpA_utt06129",23,/Users/rajeshpmu/Desktop/LegalMemoCMT/data/phase2/clancy/corpus/raw/live-lindsay-clancy-trial-day-14/live-lindsay-clancy-trial-day-14_DCBWoWhsTpA.mp4,/Users/rajeshpmu/Desktop/LegalMemoCMT/data/phase2/clancy/corpus/raw/live-lindsay-clancy-trial-day-14/live-lindsay-clancy-trial-day-14_DCBWoWhsTpA.wav,/Users/rajeshpmu/Desktop/LegalMemoCMT/data/processed/phase2/clancy/turn_clips/video/DCBWoWhsTpA/DCBWoWhsTpA_turn06777.mp4,/Users/rajeshpmu/Desktop/LegalMemoCMT/data/processed/phase2/clancy/turn_clips/audio/DCBWoWhsTpA/DCBWoWhsTpA_turn06777.wav,7813.175,7842.699,29.524,created,02:10:13.175,02:10:42.699,0.0,default_zero,SPEAKER_02,7.003,pyannote/speaker-diarization-3.1,Witness,manual_verified_diarization,HIGH,YES,SPEAKING,Witness,YES,Witness 16 identified by manual audio/video review,INCLUDE,,YES,speaker_role=Witness,split_dev;usable,"usable because speaker_role=Witness, witness_speaking_status=SPEAKING, clip_status=created, duration=29.524s, and source is not excluded",YES,0.6,HIGH,manual_clip_review,HUMAN_VERIFIED,/Users/rajeshpmu/Desktop/LegalMemoCMT/data/processed/phase2/clancy/turn_clips/video/DCBWoWhsTpA/DCBWoWhsTpA_turn06777.mp4,/Users/rajeshpmu/Desktop/LegalMemoCMT/data/processed/phase2/clancy/vit_facecrop_embeddings/DCBWoWhsTpA/DCBWoWhsTpA_turn06777.npy,created,sadness,0.498784,1.411781,"{""anger"": 0.021852, ""disgust"": 0.024939, ""fear"": 0.034389, ""joy"": 0.053912, ""neutral"": 0.150676, ""sadness"": 0.498784, ""surprise"": 0.215449}",/Users/rajeshpmu/Desktop/LegalMemoCMT/results/facial_cues/meld_vit_facecrop_gated_video_aux/fold_4/best_model.pt,phase1_meld_checkpoint_pseudo_label,"audio,text,video","audio,text,video","{""audio_dim"": 128, ""audio_model_name"": ""facebook/hubert-base-ls960"", ""dropout"": 0.1, ""encoder_mode"": ""paper"", ""freeze_audio_backbone"": false, ""freeze_text_backbone"": false, ""fusion_dim"": 256, ""fusion_mode"": ""gated"", ""fusion_pooling"": ""min"", ""max_audio_len"": 256, ""max_text_len"": 128, ""max_video_len"": 32, ""num_classes"": 7, ""num_heads"": 4, ""num_layers"": 2, ""text_dim"": 256, ""text_model_name"": ""bert-base-uncased"", ""use_video"": true, ""video_dim"": 768, ""vocab_size"": 30000}",confidence<=0.6
DCBWoWhsTpA_turn06782,DCBWoWhsTpA_turn06782,DCBWoWhsTpA,https://www.youtube.com/live/DCBWoWhsTpA,LIVE: Lindsay Clancy trial Day 14,full_trial_stream,5,/Users/rajeshpmu/Desktop/LegalMemoCMT/data/phase2/clancy/corpus/raw/live-lindsay-clancy-trial-day-14/live-lindsay-clancy-trial-day-14_DCBWoWhsTpA.en.vtt,/Users/rajeshpmu/Desktop/LegalMemoCMT/data/processed/phase2/clancy/turn_clips/video/DCBWoWhsTpA/DCBWoWhsTpA_turn06782.mp4,/Users/rajeshpmu/Desktop/LegalMemoCMT/data/processed/phase2/clancy/turn_clips/audio/DCBWoWhsTpA/DCBWoWhsTpA_turn06782.wav,DCBWoWhsTpA,group_by_youtube_id,dev,neutral,text_keyword_heuristic,LOW,NO,neutral default,YES,"Yes. Um, I was down there probably most of December through um Christmas Eve and then I left on Christmas Eve to come home to see my other daughter and her family and then Lindsay actually came to my house later the day on Christmas Day. Was she with Pat?","Yes. Um, I was down there probably most of December through um Christmas Eve and then I left on Christmas Eve to come home to see my other daughter and her family and then Lindsay actually came to my house later the day on Christmas Day. Was she with Pat?",02:11:02.382,02:11:22.604,20.222,20.222,marker,MEDIUM,1,20,"DCBWoWhsTpA_utt06147#p02,DCBWoWhsTpA_utt06148#p01,DCBWoWhsTpA_utt06149#p01,DCBWoWhsTpA_utt06150#p01,DCBWoWhsTpA_utt06151#p01,DCBWoWhsTpA_utt06152#p01,DCBWoWhsTpA_utt06153#p01,DCBWoWhsTpA_utt06154#p01,DCBWoWhsTpA_utt06155#p01,DCBWoWhsTpA_utt06156#p01,DCBWoWhsTpA_utt06157#p01,DCBWoWhsTpA_utt06158#p01,DCBWoWhsTpA_utt06159#p01,DCBWoWhsTpA_utt06160#p01,DCBWoWhsTpA_utt06161#p01,DCBWoWhsTpA_utt06162#p01,DCBWoWhsTpA_utt06163#p01,DCBWoWhsTpA_utt06163#p02,DCBWoWhsTpA_utt06164#p01,DCBWoWhsTpA_utt06165#p01","DCBWoWhsTpA_utt06147,DCBWoWhsTpA_utt06148,DCBWoWhsTpA_utt06149,DCBWoWhsTpA_utt06150,DCBWoWhsTpA_utt06151,DCBWoWhsTpA_utt06152,DCBWoWhsTpA_utt06153,DCBWoWhsTpA_utt06154,DCBWoWhsTpA_utt06155,DCBWoWhsTpA_utt06156,DCBWoWhsTpA_utt06157,DCBWoWhsTpA_utt06158,DCBWoWhsTpA_utt06159,DCBWoWhsTpA_utt06160,DCBWoWhsTpA_utt06161,DCBWoWhsTpA_utt06162,DCBWoWhsTpA_utt06163,DCBWoWhsTpA_utt06164,DCBWoWhsTpA_utt06165",19,/Users/rajeshpmu/Desktop/LegalMemoCMT/data/phase2/clancy/corpus/raw/live-lindsay-clancy-trial-day-14/live-lindsay-clancy-trial-day-14_DCBWoWhsTpA.mp4,/Users/rajeshpmu/Desktop/LegalMemoCMT/data/phase2/clancy/corpus/raw/live-lindsay-clancy-trial-day-14/live-lindsay-clancy-trial-day-14_DCBWoWhsTpA.wav,/Users/rajeshpmu/Desktop/LegalMemoCMT/data/processed/phase2/clancy/turn_clips/video/DCBWoWhsTpA/DCBWoWhsTpA_turn06782.mp4,/Users/rajeshpmu/Desktop/LegalMemoCMT/data/processed/phase2/clancy/turn_clips/audio/DCBWoWhsTpA/DCBWoWhsTpA_turn06782.wav,7862.382,7882.604,20.222,created,02:11:02.382,02:11:22.604,0.0,default_zero,SPEAKER_02,7.797,pyannote/speaker-diarization-3.1,Witness,manual_verified_diarization,HIGH,YES,SPEAKING,Witness,YES,Witness 16 identified by manual audio/video review,INCLUDE,,YES,speaker_role=Witness,split_dev;usable,"usable because speaker_role=Witness, witness_speaking_status=SPEAKING, clip_status=created, duration=20.222s, and source is not excluded",YES,0.6,HIGH,manual_clip_review,HUMAN_VERIFIED,/Users/rajeshpmu/Desktop/LegalMemoCMT/data/processed/phase2/clancy/turn_clips/video/DCBWoWhsTpA/DCBWoWhsTpA_turn06782.mp4,/Users/rajeshpmu/Desktop/LegalMemoCMT/data/processed/phase2/clancy/vit_facecrop_embeddings/DCBWoWhsTpA/DCBWoWhsTpA_turn06782.npy,created,neutral,0.418434,1.403662,"{""anger"": 0.026675, ""disgust"": 0.026162, ""fear"": 0.237034, ""joy"": 0.033744, ""neutral"": 0.418434, ""sadness"": 0.248041, ""surprise"": 0.00991}",/Users/rajeshpmu/Desktop/LegalMemoCMT/results/facial_cues/meld_vit_facecrop_gated_video_aux/fold_4/best_model.pt,phase1_meld_checkpoint_pseudo_label,"audio,text,video","audio,text,video","{""audio_dim"": 128, ""audio_model_name"": ""facebook/hubert-base-ls960"", ""dropout"": 0.1, ""encoder_mode"": ""paper"", ""freeze_audio_backbone"": false, ""freeze_text_backbone"": false, ""fusion_dim"": 256, ""fusion_mode"": ""gated"", ""fusion_pooling"": ""min"", ""max_audio_len"": 256, ""max_text_len"": 128, ""max_video_len"": 32, ""num_classes"": 7, ""num_heads"": 4, ""num_layers"": 2, ""text_dim"": 256, ""text_model_name"": ""bert-base-uncased"", ""use_video"": true, ""video_dim"": 768, ""vocab_size"": 30000}",confidence<=0.6
DCBWoWhsTpA_turn06801,DCBWoWhsTpA_turn06801,DCBWoWhsTpA,https://www.youtube.com/live/DCBWoWhsTpA,LIVE: Lindsay Clancy trial Day 14,full_trial_stream,5,/Users/rajeshpmu/Desktop/LegalMemoCMT/data/phase2/clancy/corpus/raw/live-lindsay-clancy-trial-day-14/live-lindsay-clancy-trial-day-14_DCBWoWhsTpA.en.vtt,/Users/rajeshpmu/Desktop/LegalMemoCMT/data/processed/phase2/clancy/turn_clips/video/DCBWoWhsTpA/DCBWoWhsTpA_turn06801.mp4,/Users/rajeshpmu/Desktop/LegalMemoCMT/data/processed/phase2/clancy/turn_clips/audio/DCBWoWhsTpA/DCBWoWhsTpA_turn06801.wav,DCBWoWhsTpA,group_by_youtube_id,dev,neutral,text_keyword_heuristic,LOW,NO,neutral default,YES,"Yes. She said, ""The school knows some something's going on because I'm not driving my car to, you know, they see that I'm not driving my car to pick the kids up.""","Yes. She said, ""The school knows some something's going on because I'm not driving my car to, you know, they see that I'm not driving my car to pick the kids up.""",02:13:32.562,02:13:42.685,10.123,10.123,marker,MEDIUM,1,11,"DCBWoWhsTpA_utt06283#p02,DCBWoWhsTpA_utt06284#p01,DCBWoWhsTpA_utt06285#p01,DCBWoWhsTpA_utt06286#p01,DCBWoWhsTpA_utt06287#p01,DCBWoWhsTpA_utt06288#p01,DCBWoWhsTpA_utt06289#p01,DCBWoWhsTpA_utt06290#p01,DCBWoWhsTpA_utt06291#p01,DCBWoWhsTpA_utt06292#p01,DCBWoWhsTpA_utt06293#p01","DCBWoWhsTpA_utt06283,DCBWoWhsTpA_utt06284,DCBWoWhsTpA_utt06285,DCBWoWhsTpA_utt06286,DCBWoWhsTpA_utt06287,DCBWoWhsTpA_utt06288,DCBWoWhsTpA_utt06289,DCBWoWhsTpA_utt06290,DCBWoWhsTpA_utt06291,DCBWoWhsTpA_utt06292,DCBWoWhsTpA_utt06293",11,/Users/rajeshpmu/Desktop/LegalMemoCMT/data/phase2/clancy/corpus/raw/live-lindsay-clancy-trial-day-14/live-lindsay-clancy-trial-day-14_DCBWoWhsTpA.mp4,/Users/rajeshpmu/Desktop/LegalMemoCMT/data/phase2/clancy/corpus/raw/live-lindsay-clancy-trial-day-14/live-lindsay-clancy-trial-day-14_DCBWoWhsTpA.wav,/Users/rajeshpmu/Desktop/LegalMemoCMT/data/processed/phase2/clancy/turn_clips/video/DCBWoWhsTpA/DCBWoWhsTpA_turn06801.mp4,/Users/rajeshpmu/Desktop/LegalMemoCMT/data/processed/phase2/clancy/turn_clips/audio/DCBWoWhsTpA/DCBWoWhsTpA_turn06801.wav,8012.562,8022.685,10.123,created,02:13:32.562,02:13:42.685,0.0,default_zero,SPEAKER_02,8.393,pyannote/speaker-diarization-3.1,Witness,manual_verified_diarization,HIGH,YES,SPEAKING,Witness,YES,Witness 16 identified by manual audio/video review,INCLUDE,,YES,speaker_role=Witness,split_dev;usable,"usable because speaker_role=Witness, witness_speaking_status=SPEAKING, clip_status=created, duration=10.123s, and source is not excluded",YES,0.6,HIGH,manual_clip_review,HUMAN_VERIFIED,/Users/rajeshpmu/Desktop/LegalMemoCMT/data/processed/phase2/clancy/turn_clips/video/DCBWoWhsTpA/DCBWoWhsTpA_turn06801.mp4,/Users/rajeshpmu/Desktop/LegalMemoCMT/data/processed/phase2/clancy/vit_facecrop_embeddings/DCBWoWhsTpA/DCBWoWhsTpA_turn06801.npy,created,sadness,0.544674,1.288092,"{""anger"": 0.024719, ""disgust"": 0.005337, ""fear"": 0.05267, ""joy"": 0.236491, ""neutral"": 0.107264, ""sadness"": 0.544674, ""surprise"": 0.028845}",/Users/rajeshpmu/Desktop/LegalMemoCMT/results/facial_cues/meld_vit_facecrop_gated_video_aux/fold_4/best_model.pt,phase1_meld_checkpoint_pseudo_label,"audio,text,video","audio,text,video","{""audio_dim"": 128, ""audio_model_name"": ""facebook/hubert-base-ls960"", ""dropout"": 0.1, ""encoder_mode"": ""paper"", ""freeze_audio_backbone"": false, ""freeze_text_backbone"": false, ""fusion_dim"": 256, ""fusion_mode"": ""gated"", ""fusion_pooling"": ""min"", ""max_audio_len"": 256, ""max_text_len"": 128, ""max_video_len"": 32, ""num_classes"": 7, ""num_heads"": 4, ""num_layers"": 2, ""text_dim"": 256, ""text_model_name"": ""bert-base-uncased"", ""use_video"": true, ""video_dim"": 768, ""vocab_size"": 30000}",confidence<=0.6
DCBWoWhsTpA_turn06805,DCBWoWhsTpA_turn06805,DCBWoWhsTpA,https://www.youtube.com/live/DCBWoWhsTpA,LIVE: Lindsay Clancy trial Day 14,full_trial_stream,5,/Users/rajeshpmu/Desktop/LegalMemoCMT/data/phase2/clancy/corpus/raw/live-lindsay-clancy-trial-day-14/live-lindsay-clancy-trial-day-14_DCBWoWhsTpA.en.vtt,/Users/rajeshpmu/Desktop/LegalMemoCMT/data/processed/phase2/clancy/turn_clips/video/DCBWoWhsTpA/DCBWoWhsTpA_turn06805.mp4,/Users/rajeshpmu/Desktop/LegalMemoCMT/data/processed/phase2/clancy/turn_clips/audio/DCBWoWhsTpA/DCBWoWhsTpA_turn06805.wav,DCBWoWhsTpA,group_by_youtube_id,dev,neutral,text_keyword_heuristic,LOW,NO,neutral default,YES,"She said that she couldn't remember anything. The medication was pretty much just destroying her mind and it wasn't her. She said, ""This isn't me. I I just want to feel better and enjoy my kids again.","She said that she couldn't remember anything. The medication was pretty much just destroying her mind and it wasn't her. She said, ""This isn't me. I I just want to feel better and enjoy my kids again.",02:13:52.891,02:14:06.555,13.664,13.664,marker,MEDIUM,1,13,"DCBWoWhsTpA_utt06305#p02,DCBWoWhsTpA_utt06306#p01,DCBWoWhsTpA_utt06307#p01,DCBWoWhsTpA_utt06308#p01,DCBWoWhsTpA_utt06309#p01,DCBWoWhsTpA_utt06310#p01,DCBWoWhsTpA_utt06311#p01,DCBWoWhsTpA_utt06312#p01,DCBWoWhsTpA_utt06313#p01,DCBWoWhsTpA_utt06314#p01,DCBWoWhsTpA_utt06315#p01,DCBWoWhsTpA_utt06316#p01,DCBWoWhsTpA_utt06317#p01","DCBWoWhsTpA_utt06305,DCBWoWhsTpA_utt06306,DCBWoWhsTpA_utt06307,DCBWoWhsTpA_utt06308,DCBWoWhsTpA_utt06309,DCBWoWhsTpA_utt06310,DCBWoWhsTpA_utt06311,DCBWoWhsTpA_utt06312,DCBWoWhsTpA_utt06313,DCBWoWhsTpA_utt06314,DCBWoWhsTpA_utt06315,DCBWoWhsTpA_utt06316,DCBWoWhsTpA_utt06317",13,/Users/rajeshpmu/Desktop/LegalMemoCMT/data/phase2/clancy/corpus/raw/live-lindsay-clancy-trial-day-14/live-lindsay-clancy-trial-day-14_DCBWoWhsTpA.mp4,/Users/rajeshpmu/Desktop/LegalMemoCMT/data/phase2/clancy/corpus/raw/live-lindsay-clancy-trial-day-14/live-lindsay-clancy-trial-day-14_DCBWoWhsTpA.wav,/Users/rajeshpmu/Desktop/LegalMemoCMT/data/processed/phase2/clancy/turn_clips/video/DCBWoWhsTpA/DCBWoWhsTpA_turn06805.mp4,/Users/rajeshpmu/Desktop/LegalMemoCMT/data/processed/phase2/clancy/turn_clips/audio/DCBWoWhsTpA/DCBWoWhsTpA_turn06805.wav,8032.891,8046.555,13.664,created,02:13:52.891,02:14:06.555,0.0,default_zero,SPEAKER_02,11.621,pyannote/speaker-diarization-3.1,Witness,manual_verified_diarization,HIGH,YES,SPEAKING,Witness,YES,Witness 16 identified by manual audio/video review,INCLUDE,,YES,speaker_role=Witness,split_dev;usable,"usable because speaker_role=Witness, witness_speaking_status=SPEAKING, clip_status=created, duration=13.664s, and source is not excluded",YES,0.6,HIGH,manual_clip_review,HUMAN_VERIFIED,/Users/rajeshpmu/Desktop/LegalMemoCMT/data/processed/phase2/clancy/turn_clips/video/DCBWoWhsTpA/DCBWoWhsTpA_turn06805.mp4,/Users/rajeshpmu/Desktop/LegalMemoCMT/data/processed/phase2/clancy/vit_facecrop_embeddings/DCBWoWhsTpA/DCBWoWhsTpA_turn06805.npy,created,joy,0.451288,1.518009,"{""anger"": 0.03989, ""disgust"": 0.003526, ""fear"": 0.117107, ""joy"": 0.451288, ""neutral"": 0.115579, ""sadness"": 0.202273, ""surprise"": 0.070338}",/Users/rajeshpmu/Desktop/LegalMemoCMT/results/facial_cues/meld_vit_facecrop_gated_video_aux/fold_4/best_model.pt,phase1_meld_checkpoint_pseudo_label,"audio,text,video","audio,text,video","{""audio_dim"": 128, ""audio_model_name"": ""facebook/hubert-base-ls960"", ""dropout"": 0.1, ""encoder_mode"": ""paper"", ""freeze_audio_backbone"": false, ""freeze_text_backbone"": false, ""fusion_dim"": 256, ""fusion_mode"": ""gated"", ""fusion_pooling"": ""min"", ""max_audio_len"": 256, ""max_text_len"": 128, ""max_video_len"": 32, ""num_classes"": 7, ""num_heads"": 4, ""num_layers"": 2, ""text_dim"": 256, ""text_model_name"": ""bert-base-uncased"", ""use_video"": true, ""video_dim"": 768, ""vocab_size"": 30000}",confidence<=0.6
DCBWoWhsTpA_turn06809,DCBWoWhsTpA_turn06809,DCBWoWhsTpA,https://www.youtube.com/live/DCBWoWhsTpA,LIVE: Lindsay Clancy trial Day 14,full_trial_stream,5,/Users/rajeshpmu/Desktop/LegalMemoCMT/data/phase2/clancy/corpus/raw/live-lindsay-clancy-trial-day-14/live-lindsay-clancy-trial-day-14_DCBWoWhsTpA.en.vtt,/Users/rajeshpmu/Desktop/LegalMemoCMT/data/processed/phase2/clancy/turn_clips/video/DCBWoWhsTpA/DCBWoWhsTpA_turn06809.mp4,/Users/rajeshpmu/Desktop/LegalMemoCMT/data/processed/phase2/clancy/turn_clips/audio/DCBWoWhsTpA/DCBWoWhsTpA_turn06809.wav,DCBWoWhsTpA,group_by_youtube_id,dev,neutral,text_keyword_heuristic,LOW,NO,neutral default,YES,What did she tell you?,What did she tell you?,02:14:41.745,02:14:43.638,1.893,1.893,marker,MEDIUM,1,3,"DCBWoWhsTpA_utt06347#p02,DCBWoWhsTpA_utt06348#p01,DCBWoWhsTpA_utt06349#p01","DCBWoWhsTpA_utt06347,DCBWoWhsTpA_utt06348,DCBWoWhsTpA_utt06349",3,/Users/rajeshpmu/Desktop/LegalMemoCMT/data/phase2/clancy/corpus/raw/live-lindsay-clancy-trial-day-14/live-lindsay-clancy-trial-day-14_DCBWoWhsTpA.mp4,/Users/rajeshpmu/Desktop/LegalMemoCMT/data/phase2/clancy/corpus/raw/live-lindsay-clancy-trial-day-14/live-lindsay-clancy-trial-day-14_DCBWoWhsTpA.wav,/Users/rajeshpmu/Desktop/LegalMemoCMT/data/processed/phase2/clancy/turn_clips/video/DCBWoWhsTpA/DCBWoWhsTpA_turn06809.mp4,/Users/rajeshpmu/Desktop/LegalMemoCMT/data/processed/phase2/clancy/turn_clips/audio/DCBWoWhsTpA/DCBWoWhsTpA_turn06809.wav,8081.745,8083.638,1.893,created,02:14:41.745,02:14:43.638,0.0,default_zero,SPEAKER_02,1.005,pyannote/speaker-diarization-3.1,Witness,manual_verified_diarization,HIGH,YES,SPEAKING,Witness,YES,Witness 16 identified by manual audio/video review,INCLUDE,,YES,speaker_role=Witness,split_dev;usable,"usable because speaker_role=Witness, witness_speaking_status=SPEAKING, clip_status=created, duration=1.893s, and source is not excluded",YES,0.6,HIGH,manual_clip_review,HUMAN_VERIFIED,/Users/rajeshpmu/Desktop/LegalMemoCMT/data/processed/phase2/clancy/turn_clips/video/DCBWoWhsTpA/DCBWoWhsTpA_turn06809.mp4,/Users/rajeshpmu/Desktop/LegalMemoCMT/data/processed/phase2/clancy/vit_facecrop_embeddings/DCBWoWhsTpA/DCBWoWhsTpA_turn06809.npy,created,neutral,0.562507,0.953955,"{""anger"": 0.014481, ""disgust"": 0.376002, ""fear"": 0.014537, ""joy"": 0.009997, ""neutral"": 0.562507, ""sadness"": 0.019728, ""surprise"": 0.002749}",/Users/rajeshpmu/Desktop/LegalMemoCMT/results/facial_cues/meld_vit_facecrop_gated_video_aux/fold_4/best_model.pt,phase1_meld_checkpoint_pseudo_label,"audio,text,video","audio,text,video","{""audio_dim"": 128, ""audio_model_name"": ""facebook/hubert-base-ls960"", ""dropout"": 0.1, ""encoder_mode"": ""paper"", ""freeze_audio_backbone"": false, ""freeze_text_backbone"": false, ""fusion_dim"": 256, ""fusion_mode"": ""gated"", ""fusion_pooling"": ""min"", ""max_audio_len"": 256, ""max_text_len"": 128, ""max_video_len"": 32, ""num_classes"": 7, ""num_heads"": 4, ""num_layers"": 2, ""text_dim"": 256, ""text_model_name"": ""bert-base-uncased"", ""use_video"": true, ""video_dim"": 768, ""vocab_size"": 30000}",confidence<=0.6
DCBWoWhsTpA_turn06810,DCBWoWhsTpA_turn06810,DCBWoWhsTpA,https://www.youtube.com/live/DCBWoWhsTpA,LIVE: Lindsay Clancy trial Day 14,full_trial_stream,5,/Users/rajeshpmu/Desktop/LegalMemoCMT/data/phase2/clancy/corpus/raw/live-lindsay-clancy-trial-day-14/live-lindsay-clancy-trial-day-14_DCBWoWhsTpA.en.vtt,/Users/rajeshpmu/Desktop/LegalMemoCMT/data/processed/phase2/clancy/turn_clips/video/DCBWoWhsTpA/DCBWoWhsTpA_turn06810.mp4,/Users/rajeshpmu/Desktop/LegalMemoCMT/data/processed/phase2/clancy/turn_clips/audio/DCBWoWhsTpA/DCBWoWhsTpA_turn06810.wav,DCBWoWhsTpA,group_by_youtube_id,dev,neutral,text_keyword_heuristic,LOW,NO,neutral default,YES,She told us that she had thoughts of harming the children.,She told us that she had thoughts of harming the children.,02:14:43.638,02:14:48.870,5.232,5.232,marker,MEDIUM,1,3,"DCBWoWhsTpA_utt06349#p02,DCBWoWhsTpA_utt06350#p01,DCBWoWhsTpA_utt06351#p01","DCBWoWhsTpA_utt06349,DCBWoWhsTpA_utt06350,DCBWoWhsTpA_utt06351",3,/Users/rajeshpmu/Desktop/LegalMemoCMT/data/phase2/clancy/corpus/raw/live-lindsay-clancy-trial-day-14/live-lindsay-clancy-trial-day-14_DCBWoWhsTpA.mp4,/Users/rajeshpmu/Desktop/LegalMemoCMT/data/phase2/clancy/corpus/raw/live-lindsay-clancy-trial-day-14/live-lindsay-clancy-trial-day-14_DCBWoWhsTpA.wav,/Users/rajeshpmu/Desktop/LegalMemoCMT/data/processed/phase2/clancy/turn_clips/video/DCBWoWhsTpA/DCBWoWhsTpA_turn06810.mp4,/Users/rajeshpmu/Desktop/LegalMemoCMT/data/processed/phase2/clancy/turn_clips/audio/DCBWoWhsTpA/DCBWoWhsTpA_turn06810.wav,8083.638,8088.87,5.232,created,02:14:43.638,02:14:48.870,0.0,default_zero,SPEAKER_02,2.505,pyannote/speaker-diarization-3.1,Witness,manual_verified_diarization,HIGH,YES,SPEAKING,Witness,YES,Witness 16 identified by manual audio/video review,INCLUDE,,YES,speaker_role=Witness,split_dev;usable,"usable because speaker_role=Witness, witness_speaking_status=SPEAKING, clip_status=created, duration=5.232s, and source is not excluded",YES,0.6,HIGH,manual_clip_review,HUMAN_VERIFIED,/Users/rajeshpmu/Desktop/LegalMemoCMT/data/processed/phase2/clancy/turn_clips/video/DCBWoWhsTpA/DCBWoWhsTpA_turn06810.mp4,/Users/rajeshpmu/Desktop/LegalMemoCMT/data/processed/phase2/clancy/vit_facecrop_embeddings/DCBWoWhsTpA/DCBWoWhsTpA_turn06810.npy,created,surprise,0.457935,1.461161,"{""anger"": 0.014433, ""disgust"": 0.014564, ""fear"": 0.065247, ""joy"": 0.05813, ""neutral"": 0.199331, ""sadness"": 0.19036, ""surprise"": 0.457935}",/Users/rajeshpmu/Desktop/LegalMemoCMT/results/facial_cues/meld_vit_facecrop_gated_video_aux/fold_4/best_model.pt,phase1_meld_checkpoint_pseudo_label,"audio,text,video","audio,text,video","{""audio_dim"": 128, ""audio_model_name"": ""facebook/hubert-base-ls960"", ""dropout"": 0.1, ""encoder_mode"": ""paper"", ""freeze_audio_backbone"": false, ""freeze_text_backbone"": false, ""fusion_dim"": 256, ""fusion_mode"": ""gated"", ""fusion_pooling"": ""min"", ""max_audio_len"": 256, ""max_text_len"": 128, ""max_video_len"": 32, ""num_classes"": 7, ""num_heads"": 4, ""num_layers"": 2, ""text_dim"": 256, ""text_model_name"": ""bert-base-uncased"", ""use_video"": true, ""video_dim"": 768, ""vocab_size"": 30000}",confidence<=0.6
DCBWoWhsTpA_turn06850,DCBWoWhsTpA_turn06850,DCBWoWhsTpA,https://www.youtube.com/live/DCBWoWhsTpA,LIVE: Lindsay Clancy trial Day 14,full_trial_stream,5,/Users/rajeshpmu/Desktop/LegalMemoCMT/data/phase2/clancy/corpus/raw/live-lindsay-clancy-trial-day-14/live-lindsay-clancy-trial-day-14_DCBWoWhsTpA.en.vtt,/Users/rajeshpmu/Desktop/LegalMemoCMT/data/processed/phase2/clancy/turn_clips/video/DCBWoWhsTpA/DCBWoWhsTpA_turn06850.mp4,/Users/rajeshpmu/Desktop/LegalMemoCMT/data/processed/phase2/clancy/turn_clips/audio/DCBWoWhsTpA/DCBWoWhsTpA_turn06850.wav,DCBWoWhsTpA,group_by_youtube_id,dev,neutral,text_keyword_heuristic,LOW,NO,neutral default,YES,"She said she was she just said she was afraid to be alone. She And one reason I believe she said she didn't know if she was going to be able to sleep, but mainly she was afraid to be alone.","She said she was she just said she was afraid to be alone. She And one reason I believe she said she didn't know if she was going to be able to sleep, but mainly she was afraid to be alone.",02:22:29.757,02:22:40.097,10.34,10.34,marker,MEDIUM,1,11,"DCBWoWhsTpA_utt06633#p02,DCBWoWhsTpA_utt06634#p01,DCBWoWhsTpA_utt06635#p01,DCBWoWhsTpA_utt06636#p01,DCBWoWhsTpA_utt06637#p01,DCBWoWhsTpA_utt06638#p01,DCBWoWhsTpA_utt06639#p01,DCBWoWhsTpA_utt06640#p01,DCBWoWhsTpA_utt06641#p01,DCBWoWhsTpA_utt06642#p01,DCBWoWhsTpA_utt06643#p01","DCBWoWhsTpA_utt06633,DCBWoWhsTpA_utt06634,DCBWoWhsTpA_utt06635,DCBWoWhsTpA_utt06636,DCBWoWhsTpA_utt06637,DCBWoWhsTpA_utt06638,DCBWoWhsTpA_utt06639,DCBWoWhsTpA_utt06640,DCBWoWhsTpA_utt06641,DCBWoWhsTpA_utt06642,DCBWoWhsTpA_utt06643",11,/Users/rajeshpmu/Desktop/LegalMemoCMT/data/phase2/clancy/corpus/raw/live-lindsay-clancy-trial-day-14/live-lindsay-clancy-trial-day-14_DCBWoWhsTpA.mp4,/Users/rajeshpmu/Desktop/LegalMemoCMT/data/phase2/clancy/corpus/raw/live-lindsay-clancy-trial-day-14/live-lindsay-clancy-trial-day-14_DCBWoWhsTpA.wav,/Users/rajeshpmu/Desktop/LegalMemoCMT/data/processed/phase2/clancy/turn_clips/video/DCBWoWhsTpA/DCBWoWhsTpA_turn06850.mp4,/Users/rajeshpmu/Desktop/LegalMemoCMT/data/processed/phase2/clancy/turn_clips/audio/DCBWoWhsTpA/DCBWoWhsTpA_turn06850.wav,8549.757,8560.097,10.34,created,02:22:29.757,02:22:40.097,0.0,default_zero,SPEAKER_02,8.869,pyannote/speaker-diarization-3.1,Witness,manual_verified_diarization,HIGH,YES,SPEAKING,Witness,YES,Witness 16 identified by manual audio/video review,INCLUDE,,YES,speaker_role=Witness,split_dev;usable,"usable because speaker_role=Witness, witness_speaking_status=SPEAKING, clip_status=created, duration=10.340s, and source is not excluded",YES,0.6,HIGH,manual_clip_review,HUMAN_VERIFIED,/Users/rajeshpmu/Desktop/LegalMemoCMT/data/processed/phase2/clancy/turn_clips/video/DCBWoWhsTpA/DCBWoWhsTpA_turn06850.mp4,/Users/rajeshpmu/Desktop/LegalMemoCMT/data/processed/phase2/clancy/vit_facecrop_embeddings/DCBWoWhsTpA/DCBWoWhsTpA_turn06850.npy,created,sadness,0.575738,1.212177,"{""anger"": 0.027027, ""disgust"": 0.014765, ""fear"": 0.063592, ""joy"": 0.035437, ""neutral"": 0.258872, ""sadness"": 0.575738, ""surprise"": 0.024569}",/Users/rajeshpmu/Desktop/LegalMemoCMT/results/facial_cues/meld_vit_facecrop_gated_video_aux/fold_4/best_model.pt,phase1_meld_checkpoint_pseudo_label,"audio,text,video","audio,text,video","{""audio_dim"": 128, ""audio_model_name"": ""facebook/hubert-base-ls960"", ""dropout"": 0.1, ""encoder_mode"": ""paper"", ""freeze_audio_backbone"": false, ""freeze_text_backbone"": false, ""fusion_dim"": 256, ""fusion_mode"": ""gated"", ""fusion_pooling"": ""min"", ""max_audio_len"": 256, ""max_text_len"": 128, ""max_video_len"": 32, ""num_classes"": 7, ""num_heads"": 4, ""num_layers"": 2, ""text_dim"": 256, ""text_model_name"": ""bert-base-uncased"", ""use_video"": true, ""video_dim"": 768, ""vocab_size"": 30000}",confidence<=0.6
DCBWoWhsTpA_turn06901,DCBWoWhsTpA_turn06901,DCBWoWhsTpA,https://www.youtube.com/live/DCBWoWhsTpA,LIVE: Lindsay Clancy trial Day 14,full_trial_stream,5,/Users/rajeshpmu/Desktop/LegalMemoCMT/data/phase2/clancy/corpus/raw/live-lindsay-clancy-trial-day-14/live-lindsay-clancy-trial-day-14_DCBWoWhsTpA.en.vtt,/Users/rajeshpmu/Desktop/LegalMemoCMT/data/processed/phase2/clancy/turn_clips/video/DCBWoWhsTpA/DCBWoWhsTpA_turn06901.mp4,/Users/rajeshpmu/Desktop/LegalMemoCMT/data/processed/phase2/clancy/turn_clips/audio/DCBWoWhsTpA/DCBWoWhsTpA_turn06901.wav,DCBWoWhsTpA,group_by_youtube_id,dev,neutral,text_keyword_heuristic,LOW,NO,neutral default,YES,"I do not recall. I remember speaking to the police. I had just found out what had happened and I was pretty much in shock. So, anything I remember honestly I remember two things I told the police. Anything else that you have there, I must have said, but I'm don't recall them. I can I've been going through my mind. I can honestly recall two things I told the police during that interview. I was pretty much in shock.","I do not recall. I remember speaking to the police. I had just found out what had happened and I was pretty much in shock. So, anything I remember honestly I remember two things I told the police. Anything else that you have there, I must have said, but I'm don't recall them. I can I've been going through my mind. I can honestly recall two things I told the police during that interview. I was pretty much in shock.",02:39:28.850,02:39:56.096,27.246,27.246,marker,MEDIUM,1,25,"DCBWoWhsTpA_utt07415#p02,DCBWoWhsTpA_utt07416#p01,DCBWoWhsTpA_utt07417#p01,DCBWoWhsTpA_utt07418#p01,DCBWoWhsTpA_utt07419#p01,DCBWoWhsTpA_utt07420#p01,DCBWoWhsTpA_utt07421#p01,DCBWoWhsTpA_utt07422#p01,DCBWoWhsTpA_utt07423#p01,DCBWoWhsTpA_utt07424#p01,DCBWoWhsTpA_utt07425#p01,DCBWoWhsTpA_utt07426#p01,DCBWoWhsTpA_utt07427#p01,DCBWoWhsTpA_utt07428#p01,DCBWoWhsTpA_utt07429#p01,DCBWoWhsTpA_utt07430#p01,DCBWoWhsTpA_utt07431#p01,DCBWoWhsTpA_utt07432#p01,DCBWoWhsTpA_utt07433#p01,DCBWoWhsTpA_utt07434#p01,DCBWoWhsTpA_utt07435#p01,DCBWoWhsTpA_utt07436#p01,DCBWoWhsTpA_utt07437#p01,DCBWoWhsTpA_utt07438#p01,DCBWoWhsTpA_utt07439#p01","DCBWoWhsTpA_utt07415,DCBWoWhsTpA_utt07416,DCBWoWhsTpA_utt07417,DCBWoWhsTpA_utt07418,DCBWoWhsTpA_utt07419,DCBWoWhsTpA_utt07420,DCBWoWhsTpA_utt07421,DCBWoWhsTpA_utt07422,DCBWoWhsTpA_utt07423,DCBWoWhsTpA_utt07424,DCBWoWhsTpA_utt07425,DCBWoWhsTpA_utt07426,DCBWoWhsTpA_utt07427,DCBWoWhsTpA_utt07428,DCBWoWhsTpA_utt07429,DCBWoWhsTpA_utt07430,DCBWoWhsTpA_utt07431,DCBWoWhsTpA_utt07432,DCBWoWhsTpA_utt07433,DCBWoWhsTpA_utt07434,DCBWoWhsTpA_utt07435,DCBWoWhsTpA_utt07436,DCBWoWhsTpA_utt07437,DCBWoWhsTpA_utt07438,DCBWoWhsTpA_utt07439",25,/Users/rajeshpmu/Desktop/LegalMemoCMT/data/phase2/clancy/corpus/raw/live-lindsay-clancy-trial-day-14/live-lindsay-clancy-trial-day-14_DCBWoWhsTpA.mp4,/Users/rajeshpmu/Desktop/LegalMemoCMT/data/phase2/clancy/corpus/raw/live-lindsay-clancy-trial-day-14/live-lindsay-clancy-trial-day-14_DCBWoWhsTpA.wav,/Users/rajeshpmu/Desktop/LegalMemoCMT/data/processed/phase2/clancy/turn_clips/video/DCBWoWhsTpA/DCBWoWhsTpA_turn06901.mp4,/Users/rajeshpmu/Desktop/LegalMemoCMT/data/processed/phase2/clancy/turn_clips/audio/DCBWoWhsTpA/DCBWoWhsTpA_turn06901.wav,9568.85,9596.096,27.246,created,02:39:28.850,02:39:56.096,0.0,default_zero,SPEAKER_02,15.525,pyannote/speaker-diarization-3.1,Witness,manual_verified_diarization,HIGH,YES,SPEAKING,Witness,YES,Witness 16 identified by manual audio/video review,INCLUDE,,YES,speaker_role=Witness,split_dev;usable,"usable because speaker_role=Witness, witness_speaking_status=SPEAKING, clip_status=created, duration=27.246s, and source is not excluded",YES,0.6,HIGH,manual_clip_review,HUMAN_VERIFIED,/Users/rajeshpmu/Desktop/LegalMemoCMT/data/processed/phase2/clancy/turn_clips/video/DCBWoWhsTpA/DCBWoWhsTpA_turn06901.mp4,/Users/rajeshpmu/Desktop/LegalMemoCMT/data/processed/phase2/clancy/vit_facecrop_embeddings/DCBWoWhsTpA/DCBWoWhsTpA_turn06901.npy,created,sadness,0.54454,1.366402,"{""anger"": 0.036226, ""disgust"": 0.151594, ""fear"": 0.027556, ""joy"": 0.032375, ""neutral"": 0.173594, ""sadness"": 0.54454, ""surprise"": 0.034115}",/Users/rajeshpmu/Desktop/LegalMemoCMT/results/facial_cues/meld_vit_facecrop_gated_video_aux/fold_4/best_model.pt,phase1_meld_checkpoint_pseudo_label,"audio,text,video","audio,text,video","{""audio_dim"": 128, ""audio_model_name"": ""facebook/hubert-base-ls960"", ""dropout"": 0.1, ""encoder_mode"": ""paper"", ""freeze_audio_backbone"": false, ""freeze_text_backbone"": false, ""fusion_dim"": 256, ""fusion_mode"": ""gated"", ""fusion_pooling"": ""min"", ""max_audio_len"": 256, ""max_text_len"": 128, ""max_video_len"": 32, ""num_classes"": 7, ""num_heads"": 4, ""num_layers"": 2, ""text_dim"": 256, ""text_model_name"": ""bert-base-uncased"", ""use_video"": true, ""video_dim"": 768, ""vocab_size"": 30000}",confidence<=0.6
DCBWoWhsTpA_turn06940,DCBWoWhsTpA_turn06940,DCBWoWhsTpA,https://www.youtube.com/live/DCBWoWhsTpA,LIVE: Lindsay Clancy trial Day 14,full_trial_stream,5,/Users/rajeshpmu/Desktop/LegalMemoCMT/data/phase2/clancy/corpus/raw/live-lindsay-clancy-trial-day-14/live-lindsay-clancy-trial-day-14_DCBWoWhsTpA.en.vtt,/Users/rajeshpmu/Desktop/LegalMemoCMT/data/processed/phase2/clancy/turn_clips/video/DCBWoWhsTpA/DCBWoWhsTpA_turn06940.mp4,/Users/rajeshpmu/Desktop/LegalMemoCMT/data/processed/phase2/clancy/turn_clips/audio/DCBWoWhsTpA/DCBWoWhsTpA_turn06940.wav,DCBWoWhsTpA,group_by_youtube_id,dev,neutral,text_keyword_heuristic,LOW,NO,neutral default,YES,Uh I'm an emergency medicine doctor. I work full-time at Newton Welsley Hospital.,Uh I'm an emergency medicine doctor. I work full-time at Newton Welsley Hospital.,02:49:04.433,02:49:07.398,2.965,2.965,marker,MEDIUM,1,7,"DCBWoWhsTpA_utt07811#p02,DCBWoWhsTpA_utt07812#p01,DCBWoWhsTpA_utt07813#p01,DCBWoWhsTpA_utt07814#p01,DCBWoWhsTpA_utt07815#p01,DCBWoWhsTpA_utt07816#p01,DCBWoWhsTpA_utt07817#p01","DCBWoWhsTpA_utt07811,DCBWoWhsTpA_utt07812,DCBWoWhsTpA_utt07813,DCBWoWhsTpA_utt07814,DCBWoWhsTpA_utt07815,DCBWoWhsTpA_utt07816,DCBWoWhsTpA_utt07817",7,/Users/rajeshpmu/Desktop/LegalMemoCMT/data/phase2/clancy/corpus/raw/live-lindsay-clancy-trial-day-14/live-lindsay-clancy-trial-day-14_DCBWoWhsTpA.mp4,/Users/rajeshpmu/Desktop/LegalMemoCMT/data/phase2/clancy/corpus/raw/live-lindsay-clancy-trial-day-14/live-lindsay-clancy-trial-day-14_DCBWoWhsTpA.wav,/Users/rajeshpmu/Desktop/LegalMemoCMT/data/processed/phase2/clancy/turn_clips/video/DCBWoWhsTpA/DCBWoWhsTpA_turn06940.mp4,/Users/rajeshpmu/Desktop/LegalMemoCMT/data/processed/phase2/clancy/turn_clips/audio/DCBWoWhsTpA/DCBWoWhsTpA_turn06940.wav,10144.433,10147.398,2.965,created,02:49:04.433,02:49:07.398,0.0,default_zero,SPEAKER_17,2.535,pyannote/speaker-diarization-3.1,Witness,manual_verified_diarization,HIGH,YES,SPEAKING,Witness,YES,Witness 17 identified by manual audio/video review,INCLUDE,,YES,speaker_role=Witness,split_dev;usable,"usable because speaker_role=Witness, witness_speaking_status=SPEAKING, clip_status=created, duration=2.965s, and source is not excluded",YES,0.6,HIGH,manual_clip_review,HUMAN_VERIFIED,/Users/rajeshpmu/Desktop/LegalMemoCMT/data/processed/phase2/clancy/turn_clips/video/DCBWoWhsTpA/DCBWoWhsTpA_turn06940.mp4,/Users/rajeshpmu/Desktop/LegalMemoCMT/data/processed/phase2/clancy/vit_facecrop_embeddings/DCBWoWhsTpA/DCBWoWhsTpA_turn06940.npy,created,neutral,0.467909,1.280979,"{""anger"": 0.059731, ""disgust"": 0.006838, ""fear"": 0.079759, ""joy"": 0.030316, ""neutral"": 0.467909, ""sadness"": 0.344793, ""surprise"": 0.010655}",/Users/rajeshpmu/Desktop/LegalMemoCMT/results/facial_cues/meld_vit_facecrop_gated_video_aux/fold_4/best_model.pt,phase1_meld_checkpoint_pseudo_label,"audio,text,video","audio,text,video","{""audio_dim"": 128, ""audio_model_name"": ""facebook/hubert-base-ls960"", ""dropout"": 0.1, ""encoder_mode"": ""paper"", ""freeze_audio_backbone"": false, ""freeze_text_backbone"": false, ""fusion_dim"": 256, ""fusion_mode"": ""gated"", ""fusion_pooling"": ""min"", ""max_audio_len"": 256, ""max_text_len"": 128, ""max_video_len"": 32, ""num_classes"": 7, ""num_heads"": 4, ""num_layers"": 2, ""text_dim"": 256, ""text_model_name"": ""bert-base-uncased"", ""use_video"": true, ""video_dim"": 768, ""vocab_size"": 30000}",confidence<=0.6
DCBWoWhsTpA_turn06944,DCBWoWhsTpA_turn06944,DCBWoWhsTpA,https://www.youtube.com/live/DCBWoWhsTpA,LIVE: Lindsay Clancy trial Day 14,full_trial_stream,5,/Users/rajeshpmu/Desktop/LegalMemoCMT/data/phase2/clancy/corpus/raw/live-lindsay-clancy-trial-day-14/live-lindsay-clancy-trial-day-14_DCBWoWhsTpA.en.vtt,/Users/rajeshpmu/Desktop/LegalMemoCMT/data/processed/phase2/clancy/turn_clips/video/DCBWoWhsTpA/DCBWoWhsTpA_turn06944.mp4,/Users/rajeshpmu/Desktop/LegalMemoCMT/data/processed/phase2/clancy/turn_clips/audio/DCBWoWhsTpA/DCBWoWhsTpA_turn06944.wav,DCBWoWhsTpA,group_by_youtube_id,dev,neutral,text_keyword_heuristic,LOW,NO,neutral default,YES,I am. I'm board certified in emergency medicine.,I am. I'm board certified in emergency medicine.,02:49:12.709,02:49:15.163,2.454,2.454,marker,MEDIUM,1,5,"DCBWoWhsTpA_utt07825#p02,DCBWoWhsTpA_utt07826#p01,DCBWoWhsTpA_utt07827#p01,DCBWoWhsTpA_utt07828#p01,DCBWoWhsTpA_utt07829#p01","DCBWoWhsTpA_utt07825,DCBWoWhsTpA_utt07826,DCBWoWhsTpA_utt07827,DCBWoWhsTpA_utt07828,DCBWoWhsTpA_utt07829",5,/Users/rajeshpmu/Desktop/LegalMemoCMT/data/phase2/clancy/corpus/raw/live-lindsay-clancy-trial-day-14/live-lindsay-clancy-trial-day-14_DCBWoWhsTpA.mp4,/Users/rajeshpmu/Desktop/LegalMemoCMT/data/phase2/clancy/corpus/raw/live-lindsay-clancy-trial-day-14/live-lindsay-clancy-trial-day-14_DCBWoWhsTpA.wav,/Users/rajeshpmu/Desktop/LegalMemoCMT/data/processed/phase2/clancy/turn_clips/video/DCBWoWhsTpA/DCBWoWhsTpA_turn06944.mp4,/Users/rajeshpmu/Desktop/LegalMemoCMT/data/processed/phase2/clancy/turn_clips/audio/DCBWoWhsTpA/DCBWoWhsTpA_turn06944.wav,10152.709,10155.163,2.454,created,02:49:12.709,02:49:15.163,0.0,default_zero,SPEAKER_17,1.684,pyannote/speaker-diarization-3.1,Witness,manual_verified_diarization,HIGH,YES,SPEAKING,Witness,YES,Witness 17 identified by manual audio/video review,INCLUDE,,YES,speaker_role=Witness,split_dev;usable,"usable because speaker_role=Witness, witness_speaking_status=SPEAKING, clip_status=created, duration=2.454s, and source is not excluded",YES,0.6,HIGH,manual_clip_review,HUMAN_VERIFIED,/Users/rajeshpmu/Desktop/LegalMemoCMT/data/processed/phase2/clancy/turn_clips/video/DCBWoWhsTpA/DCBWoWhsTpA_turn06944.mp4,/Users/rajeshpmu/Desktop/LegalMemoCMT/data/processed/phase2/clancy/vit_facecrop_embeddings/DCBWoWhsTpA/DCBWoWhsTpA_turn06944.npy,created,sadness,0.507082,1.330877,"{""anger"": 0.211202, ""disgust"": 0.012601, ""fear"": 0.024205, ""joy"": 0.053435, ""neutral"": 0.181252, ""sadness"": 0.507082, ""surprise"": 0.010222}",/Users/rajeshpmu/Desktop/LegalMemoCMT/results/facial_cues/meld_vit_facecrop_gated_video_aux/fold_4/best_model.pt,phase1_meld_checkpoint_pseudo_label,"audio,text,video","audio,text,video","{""audio_dim"": 128, ""audio_model_name"": ""facebook/hubert-base-ls960"", ""dropout"": 0.1, ""encoder_mode"": ""paper"", ""freeze_audio_backbone"": false, ""freeze_text_backbone"": false, ""fusion_dim"": 256, ""fusion_mode"": ""gated"", ""fusion_pooling"": ""min"", ""max_audio_len"": 256, ""max_text_len"": 128, ""max_video_len"": 32, ""num_classes"": 7, ""num_heads"": 4, ""num_layers"": 2, ""text_dim"": 256, ""text_model_name"": ""bert-base-uncased"", ""use_video"": true, ""video_dim"": 768, ""vocab_size"": 30000}",confidence<=0.6
