turn_id,utterance_id,youtube_id,source_url,title,category,priority,subtitle_path,video_path,audio_path,split_group_id,split_strategy,split,emotion_label,emotion_label_source,emotion_label_confidence,review_flag,review_reason,usable_for_phase2,turn_text,utterance_text,turn_start_time,turn_end_time,turn_duration_seconds,duration_seconds,turn_boundary_type,turn_confidence,turn_marker_count,turn_piece_count,turn_piece_ids,turn_source_utterance_ids,turn_source_utterance_count,speaker_cluster_id,speaker_cluster_overlap_seconds,speaker_cluster_source,speaker_role,speaker_role_source,speaker_role_confidence,corpus_exclusion_status,corpus_exclusion_reason,witness_in_segment,witness_speaking_status,visual_target_role,visual_speaker_match,source_video_path,source_audio_path,clip_video_path,clip_audio_path,clip_start_seconds,clip_end_seconds,clip_duration_seconds,clip_status,start_time,end_time,source_offset_seconds,source_offset_status,witness_only,witness_only_reason,training_use_categories,training_use_reason,tupac_witness_speaking_validation_status,tupac_witness_speaking_validation_source,tupac_witness_speaking_validation_confidence,manual_review_status,manual_review_reviewer,manual_review_notes,tupac_validated_witness_speaking,speaker_visible_during_speech,face_visible_ratio,visual_verification_status,visual_verification_confidence,visual_reviewer,visual_review_notes,face_detected,face_track_id,active_speaker_detected,active_speaker_confidence,active_speaker_frame_ratio,speaker_face_match,speaker_face_match_confidence,target_witness_visible,target_witness_speaking,visual_emotion_eligible,asd_model,asd_status,track_count,max_track_frames,asd_review_status,asd_review_reason,asd_review_priority,asd_identity_warning
DiurriBQxVs_turn00167,DiurriBQxVs_turn00167,DiurriBQxVs,,,,,/Users/rajeshpmu/Desktop/LegalMemoCMT/data/phase2/tupac/corpus/raw/keefe-d-s-lawyer-cross-exams-ex-suge-knight-security-reggie-wright-abo/keefe-d-s-lawyer-cross-exams-ex-suge-knight-security-reggie-wright-abo_DiurriBQxVs.en.vtt,/Users/rajeshpmu/Desktop/LegalMemoCMT/data/processed/phase2/tupac/turn_clips/video/DiurriBQxVs/DiurriBQxVs_turn00167.mp4,/Users/rajeshpmu/Desktop/LegalMemoCMT/data/processed/phase2/tupac/turn_clips/audio/DiurriBQxVs/DiurriBQxVs_turn00167.wav,,,,,,,,,YES,"My company Right Way was making money, but I also received a salary from Death Row.","My company Right Way was making money, but I also received a salary from Death Row.",00:17:19.915,00:17:23.576,3.661,3.661,marker,MEDIUM,1,7,"DiurriBQxVs_utt01111#p02,DiurriBQxVs_utt01112#p01,DiurriBQxVs_utt01113#p01,DiurriBQxVs_utt01114#p01,DiurriBQxVs_utt01115#p01,DiurriBQxVs_utt01116#p01,DiurriBQxVs_utt01117#p01","DiurriBQxVs_utt01111,DiurriBQxVs_utt01112,DiurriBQxVs_utt01113,DiurriBQxVs_utt01114,DiurriBQxVs_utt01115,DiurriBQxVs_utt01116,DiurriBQxVs_utt01117",7,SPEAKER_00,2.974,pyannote/speaker-diarization-3.1,Witness,manual_verified_diarization,HIGH,,,YES,SPEAKING,UNKNOWN,UNKNOWN,/Users/rajeshpmu/Desktop/LegalMemoCMT/data/phase2/tupac/corpus/raw/keefe-d-s-lawyer-cross-exams-ex-suge-knight-security-reggie-wright-abo/keefe-d-s-lawyer-cross-exams-ex-suge-knight-security-reggie-wright-abo_DiurriBQxVs.mp4,/Users/rajeshpmu/Desktop/LegalMemoCMT/data/phase2/tupac/corpus/raw/keefe-d-s-lawyer-cross-exams-ex-suge-knight-security-reggie-wright-abo/keefe-d-s-lawyer-cross-exams-ex-suge-knight-security-reggie-wright-abo_DiurriBQxVs.wav,/Users/rajeshpmu/Desktop/LegalMemoCMT/data/processed/phase2/tupac/turn_clips/video/DiurriBQxVs/DiurriBQxVs_turn00167.mp4,/Users/rajeshpmu/Desktop/LegalMemoCMT/data/processed/phase2/tupac/turn_clips/audio/DiurriBQxVs/DiurriBQxVs_turn00167.wav,1039.915,1043.576,3.661,reused,00:17:19.915,00:17:23.576,0.000,default_zero,YES,speaker_role=Witness,review,review because candidate needs manual validation,HUMAN_VERIFIED,manual_clip_review,HIGH,CONFIRMED,your-name,Manually reviewed and confirmed Tupac witness-speaking rows,YES,,,UNREVIEWED,,,,NO,,UNKNOWN,0.000000,0.000000,UNKNOWN,,UNKNOWN,UNKNOWN,NO,audio_energy_plus_mouth_motion_baseline,FAILED_NO_FACE_DATA,0,0,AUTO_REJECT_CANDIDATE,excluded_or_not_verified_witness_speaking_input,LOW,Speaker-face identity still requires human confirmation
DiurriBQxVs_turn00018,DiurriBQxVs_turn00018,DiurriBQxVs,,,,,/Users/rajeshpmu/Desktop/LegalMemoCMT/data/phase2/tupac/corpus/raw/keefe-d-s-lawyer-cross-exams-ex-suge-knight-security-reggie-wright-abo/keefe-d-s-lawyer-cross-exams-ex-suge-knight-security-reggie-wright-abo_DiurriBQxVs.en.vtt,/Users/rajeshpmu/Desktop/LegalMemoCMT/data/processed/phase2/tupac/turn_clips/video/DiurriBQxVs/DiurriBQxVs_turn00018.mp4,/Users/rajeshpmu/Desktop/LegalMemoCMT/data/processed/phase2/tupac/turn_clips/audio/DiurriBQxVs/DiurriBQxVs_turn00018.wav,,,,,,,,,YES,"Kevin Gaffney but to say you can make $5,000 or $10,000, I of have conversation like that with Detective Log.","Kevin Gaffney but to say you can make $5,000 or $10,000, I of have conversation like that with Detective Log.",00:01:53.662,00:02:00.857,7.195,7.195,marker,MEDIUM,1,9,"DiurriBQxVs_utt00113#p02,DiurriBQxVs_utt00114#p01,DiurriBQxVs_utt00115#p01,DiurriBQxVs_utt00116#p01,DiurriBQxVs_utt00117#p01,DiurriBQxVs_utt00118#p01,DiurriBQxVs_utt00119#p01,DiurriBQxVs_utt00120#p01,DiurriBQxVs_utt00121#p01","DiurriBQxVs_utt00113,DiurriBQxVs_utt00114,DiurriBQxVs_utt00115,DiurriBQxVs_utt00116,DiurriBQxVs_utt00117,DiurriBQxVs_utt00118,DiurriBQxVs_utt00119,DiurriBQxVs_utt00120,DiurriBQxVs_utt00121",9,SPEAKER_00,4.156,pyannote/speaker-diarization-3.1,Witness,manual_verified_diarization,HIGH,,,YES,SPEAKING,UNKNOWN,UNKNOWN,/Users/rajeshpmu/Desktop/LegalMemoCMT/data/phase2/tupac/corpus/raw/keefe-d-s-lawyer-cross-exams-ex-suge-knight-security-reggie-wright-abo/keefe-d-s-lawyer-cross-exams-ex-suge-knight-security-reggie-wright-abo_DiurriBQxVs.mp4,/Users/rajeshpmu/Desktop/LegalMemoCMT/data/phase2/tupac/corpus/raw/keefe-d-s-lawyer-cross-exams-ex-suge-knight-security-reggie-wright-abo/keefe-d-s-lawyer-cross-exams-ex-suge-knight-security-reggie-wright-abo_DiurriBQxVs.wav,/Users/rajeshpmu/Desktop/LegalMemoCMT/data/processed/phase2/tupac/turn_clips/video/DiurriBQxVs/DiurriBQxVs_turn00018.mp4,/Users/rajeshpmu/Desktop/LegalMemoCMT/data/processed/phase2/tupac/turn_clips/audio/DiurriBQxVs/DiurriBQxVs_turn00018.wav,113.662,120.857,7.195,reused,00:01:53.662,00:02:00.857,0.000,default_zero,YES,speaker_role=Witness,review,review because candidate needs manual validation,HUMAN_VERIFIED,manual_clip_review,HIGH,CONFIRMED,your-name,Manually reviewed and confirmed Tupac witness-speaking rows,YES,,,UNREVIEWED,,,,NO,,UNKNOWN,0.000000,0.000000,UNKNOWN,,UNKNOWN,UNKNOWN,NO,audio_energy_plus_mouth_motion_baseline,FAILED_NO_FACE_DATA,0,0,AUTO_REJECT_CANDIDATE,excluded_or_not_verified_witness_speaking_input,LOW,Speaker-face identity still requires human confirmation
DiurriBQxVs_turn00221,DiurriBQxVs_turn00221,DiurriBQxVs,,,,,/Users/rajeshpmu/Desktop/LegalMemoCMT/data/phase2/tupac/corpus/raw/keefe-d-s-lawyer-cross-exams-ex-suge-knight-security-reggie-wright-abo/keefe-d-s-lawyer-cross-exams-ex-suge-knight-security-reggie-wright-abo_DiurriBQxVs.en.vtt,/Users/rajeshpmu/Desktop/LegalMemoCMT/data/processed/phase2/tupac/turn_clips/video/DiurriBQxVs/DiurriBQxVs_turn00221.mp4,/Users/rajeshpmu/Desktop/LegalMemoCMT/data/processed/phase2/tupac/turn_clips/audio/DiurriBQxVs/DiurriBQxVs_turn00221.wav,,,,,,,,,YES,"But one thing about it, he would get his At least Mr. Shakur wants security in, if not both, and myself. He will make sure we got in.","But one thing about it, he would get his At least Mr. Shakur wants security in, if not both, and myself. He will make sure we got in.",00:23:50.985,00:24:02.335,11.350,11.350,marker,MEDIUM,1,11,"DiurriBQxVs_utt01531#p02,DiurriBQxVs_utt01532#p01,DiurriBQxVs_utt01533#p01,DiurriBQxVs_utt01534#p01,DiurriBQxVs_utt01535#p01,DiurriBQxVs_utt01536#p01,DiurriBQxVs_utt01537#p01,DiurriBQxVs_utt01538#p01,DiurriBQxVs_utt01539#p01,DiurriBQxVs_utt01540#p01,DiurriBQxVs_utt01541#p01","DiurriBQxVs_utt01531,DiurriBQxVs_utt01532,DiurriBQxVs_utt01533,DiurriBQxVs_utt01534,DiurriBQxVs_utt01535,DiurriBQxVs_utt01536,DiurriBQxVs_utt01537,DiurriBQxVs_utt01538,DiurriBQxVs_utt01539,DiurriBQxVs_utt01540,DiurriBQxVs_utt01541",11,SPEAKER_00,2.362,pyannote/speaker-diarization-3.1,Witness,manual_verified_diarization,HIGH,,,YES,SPEAKING,UNKNOWN,UNKNOWN,/Users/rajeshpmu/Desktop/LegalMemoCMT/data/phase2/tupac/corpus/raw/keefe-d-s-lawyer-cross-exams-ex-suge-knight-security-reggie-wright-abo/keefe-d-s-lawyer-cross-exams-ex-suge-knight-security-reggie-wright-abo_DiurriBQxVs.mp4,/Users/rajeshpmu/Desktop/LegalMemoCMT/data/phase2/tupac/corpus/raw/keefe-d-s-lawyer-cross-exams-ex-suge-knight-security-reggie-wright-abo/keefe-d-s-lawyer-cross-exams-ex-suge-knight-security-reggie-wright-abo_DiurriBQxVs.wav,/Users/rajeshpmu/Desktop/LegalMemoCMT/data/processed/phase2/tupac/turn_clips/video/DiurriBQxVs/DiurriBQxVs_turn00221.mp4,/Users/rajeshpmu/Desktop/LegalMemoCMT/data/processed/phase2/tupac/turn_clips/audio/DiurriBQxVs/DiurriBQxVs_turn00221.wav,1430.985,1442.335,11.350,reused,00:23:50.985,00:24:02.335,0.000,default_zero,YES,speaker_role=Witness,review,review because candidate needs manual validation,HUMAN_VERIFIED,manual_clip_review,HIGH,CONFIRMED,your-name,Manually reviewed and confirmed Tupac witness-speaking rows,YES,,,UNREVIEWED,,,,NO,,UNKNOWN,0.000000,0.000000,UNKNOWN,,UNKNOWN,UNKNOWN,NO,audio_energy_plus_mouth_motion_baseline,FAILED_NO_FACE_DATA,0,0,AUTO_REJECT_CANDIDATE,excluded_or_not_verified_witness_speaking_input,LOW,Speaker-face identity still requires human confirmation
DiurriBQxVs_turn00025,DiurriBQxVs_turn00025,DiurriBQxVs,,,,,/Users/rajeshpmu/Desktop/LegalMemoCMT/data/phase2/tupac/corpus/raw/keefe-d-s-lawyer-cross-exams-ex-suge-knight-security-reggie-wright-abo/keefe-d-s-lawyer-cross-exams-ex-suge-knight-security-reggie-wright-abo_DiurriBQxVs.en.vtt,/Users/rajeshpmu/Desktop/LegalMemoCMT/data/processed/phase2/tupac/turn_clips/video/DiurriBQxVs/DiurriBQxVs_turn00025.mp4,/Users/rajeshpmu/Desktop/LegalMemoCMT/data/processed/phase2/tupac/turn_clips/audio/DiurriBQxVs/DiurriBQxVs_turn00025.wav,,,,,,,,,YES,"Uh that's that's accurate, so I might have said that.","Uh that's that's accurate, so I might have said that.",00:03:01.654,00:03:05.090,3.436,3.436,marker,MEDIUM,1,5,"DiurriBQxVs_utt00177#p02,DiurriBQxVs_utt00178#p01,DiurriBQxVs_utt00179#p01,DiurriBQxVs_utt00180#p01,DiurriBQxVs_utt00181#p01","DiurriBQxVs_utt00177,DiurriBQxVs_utt00178,DiurriBQxVs_utt00179,DiurriBQxVs_utt00180,DiurriBQxVs_utt00181",5,SPEAKER_00,2.414,pyannote/speaker-diarization-3.1,Witness,manual_verified_diarization,HIGH,,,YES,SPEAKING,UNKNOWN,UNKNOWN,/Users/rajeshpmu/Desktop/LegalMemoCMT/data/phase2/tupac/corpus/raw/keefe-d-s-lawyer-cross-exams-ex-suge-knight-security-reggie-wright-abo/keefe-d-s-lawyer-cross-exams-ex-suge-knight-security-reggie-wright-abo_DiurriBQxVs.mp4,/Users/rajeshpmu/Desktop/LegalMemoCMT/data/phase2/tupac/corpus/raw/keefe-d-s-lawyer-cross-exams-ex-suge-knight-security-reggie-wright-abo/keefe-d-s-lawyer-cross-exams-ex-suge-knight-security-reggie-wright-abo_DiurriBQxVs.wav,/Users/rajeshpmu/Desktop/LegalMemoCMT/data/processed/phase2/tupac/turn_clips/video/DiurriBQxVs/DiurriBQxVs_turn00025.mp4,/Users/rajeshpmu/Desktop/LegalMemoCMT/data/processed/phase2/tupac/turn_clips/audio/DiurriBQxVs/DiurriBQxVs_turn00025.wav,181.654,185.090,3.436,reused,00:03:01.654,00:03:05.090,0.000,default_zero,YES,speaker_role=Witness,review,review because candidate needs manual validation,HUMAN_VERIFIED,manual_clip_review,HIGH,CONFIRMED,your-name,Manually reviewed and confirmed Tupac witness-speaking rows,YES,,,UNREVIEWED,,,,NO,,UNKNOWN,0.000000,0.000000,UNKNOWN,,UNKNOWN,UNKNOWN,NO,audio_energy_plus_mouth_motion_baseline,FAILED_NO_FACE_DATA,0,0,AUTO_REJECT_CANDIDATE,excluded_or_not_verified_witness_speaking_input,LOW,Speaker-face identity still requires human confirmation
DiurriBQxVs_turn00337,DiurriBQxVs_turn00337,DiurriBQxVs,,,,,/Users/rajeshpmu/Desktop/LegalMemoCMT/data/phase2/tupac/corpus/raw/keefe-d-s-lawyer-cross-exams-ex-suge-knight-security-reggie-wright-abo/keefe-d-s-lawyer-cross-exams-ex-suge-knight-security-reggie-wright-abo_DiurriBQxVs.en.vtt,/Users/rajeshpmu/Desktop/LegalMemoCMT/data/processed/phase2/tupac/turn_clips/video/DiurriBQxVs/DiurriBQxVs_turn00337.mp4,/Users/rajeshpmu/Desktop/LegalMemoCMT/data/processed/phase2/tupac/turn_clips/audio/DiurriBQxVs/DiurriBQxVs_turn00337.wav,,,,,,,,,YES,"Uh no, actually, well, it happened The reason why I got in trouble cuz it went across state lines to Memphis, It's Memphis, Tennessee.","Uh no, actually, well, it happened The reason why I got in trouble cuz it went across state lines to Memphis, It's Memphis, Tennessee.",00:34:27.473,00:34:34.957,7.484,7.484,marker,MEDIUM,1,9,"DiurriBQxVs_utt02219#p02,DiurriBQxVs_utt02220#p01,DiurriBQxVs_utt02221#p01,DiurriBQxVs_utt02222#p01,DiurriBQxVs_utt02223#p01,DiurriBQxVs_utt02224#p01,DiurriBQxVs_utt02225#p01,DiurriBQxVs_utt02226#p01,DiurriBQxVs_utt02227#p01","DiurriBQxVs_utt02219,DiurriBQxVs_utt02220,DiurriBQxVs_utt02221,DiurriBQxVs_utt02222,DiurriBQxVs_utt02223,DiurriBQxVs_utt02224,DiurriBQxVs_utt02225,DiurriBQxVs_utt02226,DiurriBQxVs_utt02227",9,SPEAKER_00,5.114,pyannote/speaker-diarization-3.1,Witness,manual_verified_diarization,HIGH,,,YES,SPEAKING,UNKNOWN,UNKNOWN,/Users/rajeshpmu/Desktop/LegalMemoCMT/data/phase2/tupac/corpus/raw/keefe-d-s-lawyer-cross-exams-ex-suge-knight-security-reggie-wright-abo/keefe-d-s-lawyer-cross-exams-ex-suge-knight-security-reggie-wright-abo_DiurriBQxVs.mp4,/Users/rajeshpmu/Desktop/LegalMemoCMT/data/phase2/tupac/corpus/raw/keefe-d-s-lawyer-cross-exams-ex-suge-knight-security-reggie-wright-abo/keefe-d-s-lawyer-cross-exams-ex-suge-knight-security-reggie-wright-abo_DiurriBQxVs.wav,/Users/rajeshpmu/Desktop/LegalMemoCMT/data/processed/phase2/tupac/turn_clips/video/DiurriBQxVs/DiurriBQxVs_turn00337.mp4,/Users/rajeshpmu/Desktop/LegalMemoCMT/data/processed/phase2/tupac/turn_clips/audio/DiurriBQxVs/DiurriBQxVs_turn00337.wav,2067.473,2074.957,7.484,reused,00:34:27.473,00:34:34.957,0.000,default_zero,YES,speaker_role=Witness,review,review because candidate needs manual validation,HUMAN_VERIFIED,manual_clip_review,HIGH,CONFIRMED,your-name,Manually reviewed and confirmed Tupac witness-speaking rows,YES,,,UNREVIEWED,,,,NO,,UNKNOWN,0.000000,0.000000,UNKNOWN,,UNKNOWN,UNKNOWN,NO,audio_energy_plus_mouth_motion_baseline,FAILED_NO_FACE_DATA,0,0,AUTO_REJECT_CANDIDATE,excluded_or_not_verified_witness_speaking_input,LOW,Speaker-face identity still requires human confirmation
DiurriBQxVs_turn00357,DiurriBQxVs_turn00357,DiurriBQxVs,,,,,/Users/rajeshpmu/Desktop/LegalMemoCMT/data/phase2/tupac/corpus/raw/keefe-d-s-lawyer-cross-exams-ex-suge-knight-security-reggie-wright-abo/keefe-d-s-lawyer-cross-exams-ex-suge-knight-security-reggie-wright-abo_DiurriBQxVs.en.vtt,/Users/rajeshpmu/Desktop/LegalMemoCMT/data/processed/phase2/tupac/turn_clips/video/DiurriBQxVs/DiurriBQxVs_turn00357.mp4,/Users/rajeshpmu/Desktop/LegalMemoCMT/data/processed/phase2/tupac/turn_clips/audio/DiurriBQxVs/DiurriBQxVs_turn00357.wav,,,,,,,,,YES,"I wasn't around with Mr. Knight about 70 to 80% of uh his life. So, I guess if a lot of 20%, I wasn't with him.","I wasn't around with Mr. Knight about 70 to 80% of uh his life. So, I guess if a lot of 20%, I wasn't with him.",00:35:50.559,00:35:59.372,8.813,8.813,marker,MEDIUM,1,9,"DiurriBQxVs_utt02307#p02,DiurriBQxVs_utt02308#p01,DiurriBQxVs_utt02309#p01,DiurriBQxVs_utt02310#p01,DiurriBQxVs_utt02311#p01,DiurriBQxVs_utt02312#p01,DiurriBQxVs_utt02313#p01,DiurriBQxVs_utt02314#p01,DiurriBQxVs_utt02315#p01","DiurriBQxVs_utt02307,DiurriBQxVs_utt02308,DiurriBQxVs_utt02309,DiurriBQxVs_utt02310,DiurriBQxVs_utt02311,DiurriBQxVs_utt02312,DiurriBQxVs_utt02313,DiurriBQxVs_utt02314,DiurriBQxVs_utt02315",9,SPEAKER_00,8.813,pyannote/speaker-diarization-3.1,Witness,manual_verified_diarization,HIGH,,,YES,SPEAKING,UNKNOWN,UNKNOWN,/Users/rajeshpmu/Desktop/LegalMemoCMT/data/phase2/tupac/corpus/raw/keefe-d-s-lawyer-cross-exams-ex-suge-knight-security-reggie-wright-abo/keefe-d-s-lawyer-cross-exams-ex-suge-knight-security-reggie-wright-abo_DiurriBQxVs.mp4,/Users/rajeshpmu/Desktop/LegalMemoCMT/data/phase2/tupac/corpus/raw/keefe-d-s-lawyer-cross-exams-ex-suge-knight-security-reggie-wright-abo/keefe-d-s-lawyer-cross-exams-ex-suge-knight-security-reggie-wright-abo_DiurriBQxVs.wav,/Users/rajeshpmu/Desktop/LegalMemoCMT/data/processed/phase2/tupac/turn_clips/video/DiurriBQxVs/DiurriBQxVs_turn00357.mp4,/Users/rajeshpmu/Desktop/LegalMemoCMT/data/processed/phase2/tupac/turn_clips/audio/DiurriBQxVs/DiurriBQxVs_turn00357.wav,2150.559,2159.372,8.813,reused,00:35:50.559,00:35:59.372,0.000,default_zero,YES,speaker_role=Witness,review,review because candidate needs manual validation,HUMAN_VERIFIED,manual_clip_review,HIGH,CONFIRMED,your-name,Manually reviewed and confirmed Tupac witness-speaking rows,YES,,,UNREVIEWED,,,,NO,,UNKNOWN,0.000000,0.000000,UNKNOWN,,UNKNOWN,UNKNOWN,NO,audio_energy_plus_mouth_motion_baseline,FAILED_NO_FACE_DATA,0,0,AUTO_REJECT_CANDIDATE,excluded_or_not_verified_witness_speaking_input,LOW,Speaker-face identity still requires human confirmation
DiurriBQxVs_turn00358,DiurriBQxVs_turn00358,DiurriBQxVs,,,,,/Users/rajeshpmu/Desktop/LegalMemoCMT/data/phase2/tupac/corpus/raw/keefe-d-s-lawyer-cross-exams-ex-suge-knight-security-reggie-wright-abo/keefe-d-s-lawyer-cross-exams-ex-suge-knight-security-reggie-wright-abo_DiurriBQxVs.en.vtt,/Users/rajeshpmu/Desktop/LegalMemoCMT/data/processed/phase2/tupac/turn_clips/video/DiurriBQxVs/DiurriBQxVs_turn00358.mp4,/Users/rajeshpmu/Desktop/LegalMemoCMT/data/processed/phase2/tupac/turn_clips/audio/DiurriBQxVs/DiurriBQxVs_turn00358.wav,,,,,,,,,YES,Okay. Probably,Okay. Probably,00:35:59.372,00:36:00.179,0.807,0.807,marker,MEDIUM,1,5,"DiurriBQxVs_utt02315#p02,DiurriBQxVs_utt02316#p01,DiurriBQxVs_utt02317#p01,DiurriBQxVs_utt02318#p01,DiurriBQxVs_utt02319#p01","DiurriBQxVs_utt02315,DiurriBQxVs_utt02316,DiurriBQxVs_utt02317,DiurriBQxVs_utt02318,DiurriBQxVs_utt02319",5,SPEAKER_00,0.807,pyannote/speaker-diarization-3.1,Witness,manual_verified_diarization,HIGH,,,YES,SPEAKING,UNKNOWN,UNKNOWN,/Users/rajeshpmu/Desktop/LegalMemoCMT/data/phase2/tupac/corpus/raw/keefe-d-s-lawyer-cross-exams-ex-suge-knight-security-reggie-wright-abo/keefe-d-s-lawyer-cross-exams-ex-suge-knight-security-reggie-wright-abo_DiurriBQxVs.mp4,/Users/rajeshpmu/Desktop/LegalMemoCMT/data/phase2/tupac/corpus/raw/keefe-d-s-lawyer-cross-exams-ex-suge-knight-security-reggie-wright-abo/keefe-d-s-lawyer-cross-exams-ex-suge-knight-security-reggie-wright-abo_DiurriBQxVs.wav,/Users/rajeshpmu/Desktop/LegalMemoCMT/data/processed/phase2/tupac/turn_clips/video/DiurriBQxVs/DiurriBQxVs_turn00358.mp4,/Users/rajeshpmu/Desktop/LegalMemoCMT/data/processed/phase2/tupac/turn_clips/audio/DiurriBQxVs/DiurriBQxVs_turn00358.wav,2159.372,2160.179,0.807,reused,00:35:59.372,00:36:00.179,0.000,default_zero,YES,speaker_role=Witness,review,review because candidate needs manual validation,HUMAN_VERIFIED,manual_clip_review,HIGH,CONFIRMED,your-name,Manually reviewed and confirmed Tupac witness-speaking rows,YES,,,UNREVIEWED,,,,NO,,UNKNOWN,0.000000,0.000000,UNKNOWN,,UNKNOWN,UNKNOWN,NO,audio_energy_plus_mouth_motion_baseline,FAILED_NO_FACE_DATA,0,0,AUTO_REJECT_CANDIDATE,excluded_or_not_verified_witness_speaking_input,LOW,Speaker-face identity still requires human confirmation
DiurriBQxVs_turn00359,DiurriBQxVs_turn00359,DiurriBQxVs,,,,,/Users/rajeshpmu/Desktop/LegalMemoCMT/data/phase2/tupac/corpus/raw/keefe-d-s-lawyer-cross-exams-ex-suge-knight-security-reggie-wright-abo/keefe-d-s-lawyer-cross-exams-ex-suge-knight-security-reggie-wright-abo_DiurriBQxVs.en.vtt,/Users/rajeshpmu/Desktop/LegalMemoCMT/data/processed/phase2/tupac/turn_clips/video/DiurriBQxVs/DiurriBQxVs_turn00359.mp4,/Users/rajeshpmu/Desktop/LegalMemoCMT/data/processed/phase2/tupac/turn_clips/audio/DiurriBQxVs/DiurriBQxVs_turn00359.wav,,,,,,,,,YES,"in the last year of his life, I mean, probably. Cuz there's a lot of times he laid up, sleeping with somebody, you know, I wasn't with him.","in the last year of his life, I mean, probably. Cuz there's a lot of times he laid up, sleeping with somebody, you know, I wasn't with him.",00:36:00.179,00:36:06.445,6.266,6.266,marker,MEDIUM,1,9,"DiurriBQxVs_utt02319#p02,DiurriBQxVs_utt02320#p01,DiurriBQxVs_utt02321#p01,DiurriBQxVs_utt02322#p01,DiurriBQxVs_utt02323#p01,DiurriBQxVs_utt02324#p01,DiurriBQxVs_utt02325#p01,DiurriBQxVs_utt02326#p01,DiurriBQxVs_utt02327#p01","DiurriBQxVs_utt02319,DiurriBQxVs_utt02320,DiurriBQxVs_utt02321,DiurriBQxVs_utt02322,DiurriBQxVs_utt02323,DiurriBQxVs_utt02324,DiurriBQxVs_utt02325,DiurriBQxVs_utt02326,DiurriBQxVs_utt02327",9,SPEAKER_00,5.184,pyannote/speaker-diarization-3.1,Witness,manual_verified_diarization,HIGH,,,YES,SPEAKING,UNKNOWN,UNKNOWN,/Users/rajeshpmu/Desktop/LegalMemoCMT/data/phase2/tupac/corpus/raw/keefe-d-s-lawyer-cross-exams-ex-suge-knight-security-reggie-wright-abo/keefe-d-s-lawyer-cross-exams-ex-suge-knight-security-reggie-wright-abo_DiurriBQxVs.mp4,/Users/rajeshpmu/Desktop/LegalMemoCMT/data/phase2/tupac/corpus/raw/keefe-d-s-lawyer-cross-exams-ex-suge-knight-security-reggie-wright-abo/keefe-d-s-lawyer-cross-exams-ex-suge-knight-security-reggie-wright-abo_DiurriBQxVs.wav,/Users/rajeshpmu/Desktop/LegalMemoCMT/data/processed/phase2/tupac/turn_clips/video/DiurriBQxVs/DiurriBQxVs_turn00359.mp4,/Users/rajeshpmu/Desktop/LegalMemoCMT/data/processed/phase2/tupac/turn_clips/audio/DiurriBQxVs/DiurriBQxVs_turn00359.wav,2160.179,2166.445,6.266,reused,00:36:00.179,00:36:06.445,0.000,default_zero,YES,speaker_role=Witness,review,review because candidate needs manual validation,HUMAN_VERIFIED,manual_clip_review,HIGH,CONFIRMED,your-name,Manually reviewed and confirmed Tupac witness-speaking rows,YES,,,UNREVIEWED,,,,NO,,UNKNOWN,0.000000,0.000000,UNKNOWN,,UNKNOWN,UNKNOWN,NO,audio_energy_plus_mouth_motion_baseline,FAILED_NO_FACE_DATA,0,0,AUTO_REJECT_CANDIDATE,excluded_or_not_verified_witness_speaking_input,LOW,Speaker-face identity still requires human confirmation
DiurriBQxVs_turn00363,DiurriBQxVs_turn00363,DiurriBQxVs,,,,,/Users/rajeshpmu/Desktop/LegalMemoCMT/data/phase2/tupac/corpus/raw/keefe-d-s-lawyer-cross-exams-ex-suge-knight-security-reggie-wright-abo/keefe-d-s-lawyer-cross-exams-ex-suge-knight-security-reggie-wright-abo_DiurriBQxVs.en.vtt,/Users/rajeshpmu/Desktop/LegalMemoCMT/data/processed/phase2/tupac/turn_clips/video/DiurriBQxVs/DiurriBQxVs_turn00363.mp4,/Users/rajeshpmu/Desktop/LegalMemoCMT/data/processed/phase2/tupac/turn_clips/audio/DiurriBQxVs/DiurriBQxVs_turn00363.wav,,,,,,,,,YES,"By his calling, not anyone else.","By his calling, not anyone else.",00:36:15.875,00:36:18.223,2.348,2.348,marker,MEDIUM,1,5,"DiurriBQxVs_utt02339#p02,DiurriBQxVs_utt02340#p01,DiurriBQxVs_utt02341#p01,DiurriBQxVs_utt02342#p01,DiurriBQxVs_utt02343#p01","DiurriBQxVs_utt02339,DiurriBQxVs_utt02340,DiurriBQxVs_utt02341,DiurriBQxVs_utt02342,DiurriBQxVs_utt02343",5,SPEAKER_00,1.520,pyannote/speaker-diarization-3.1,Witness,manual_verified_diarization,HIGH,,,YES,SPEAKING,UNKNOWN,UNKNOWN,/Users/rajeshpmu/Desktop/LegalMemoCMT/data/phase2/tupac/corpus/raw/keefe-d-s-lawyer-cross-exams-ex-suge-knight-security-reggie-wright-abo/keefe-d-s-lawyer-cross-exams-ex-suge-knight-security-reggie-wright-abo_DiurriBQxVs.mp4,/Users/rajeshpmu/Desktop/LegalMemoCMT/data/phase2/tupac/corpus/raw/keefe-d-s-lawyer-cross-exams-ex-suge-knight-security-reggie-wright-abo/keefe-d-s-lawyer-cross-exams-ex-suge-knight-security-reggie-wright-abo_DiurriBQxVs.wav,/Users/rajeshpmu/Desktop/LegalMemoCMT/data/processed/phase2/tupac/turn_clips/video/DiurriBQxVs/DiurriBQxVs_turn00363.mp4,/Users/rajeshpmu/Desktop/LegalMemoCMT/data/processed/phase2/tupac/turn_clips/audio/DiurriBQxVs/DiurriBQxVs_turn00363.wav,2175.875,2178.223,2.348,reused,00:36:15.875,00:36:18.223,0.000,default_zero,YES,speaker_role=Witness,review,review because candidate needs manual validation,HUMAN_VERIFIED,manual_clip_review,HIGH,CONFIRMED,your-name,Manually reviewed and confirmed Tupac witness-speaking rows,YES,,,UNREVIEWED,,,,NO,,UNKNOWN,0.000000,0.000000,UNKNOWN,,UNKNOWN,UNKNOWN,NO,audio_energy_plus_mouth_motion_baseline,FAILED_NO_FACE_DATA,0,0,AUTO_REJECT_CANDIDATE,excluded_or_not_verified_witness_speaking_input,LOW,Speaker-face identity still requires human confirmation
DiurriBQxVs_turn00386,DiurriBQxVs_turn00386,DiurriBQxVs,,,,,/Users/rajeshpmu/Desktop/LegalMemoCMT/data/phase2/tupac/corpus/raw/keefe-d-s-lawyer-cross-exams-ex-suge-knight-security-reggie-wright-abo/keefe-d-s-lawyer-cross-exams-ex-suge-knight-security-reggie-wright-abo_DiurriBQxVs.en.vtt,/Users/rajeshpmu/Desktop/LegalMemoCMT/data/processed/phase2/tupac/turn_clips/video/DiurriBQxVs/DiurriBQxVs_turn00386.mp4,/Users/rajeshpmu/Desktop/LegalMemoCMT/data/processed/phase2/tupac/turn_clips/audio/DiurriBQxVs/DiurriBQxVs_turn00386.wav,,,,,,,,,YES,"Well, there's a young lady sitting in here right now that I signed, uh you know, while he was incarcerated to the record label.","Well, there's a young lady sitting in here right now that I signed, uh you know, while he was incarcerated to the record label.",00:41:24.915,00:41:33.006,8.091,8.091,marker,MEDIUM,1,9,"DiurriBQxVs_utt02469#p02,DiurriBQxVs_utt02470#p01,DiurriBQxVs_utt02471#p01,DiurriBQxVs_utt02472#p01,DiurriBQxVs_utt02473#p01,DiurriBQxVs_utt02474#p01,DiurriBQxVs_utt02475#p01,DiurriBQxVs_utt02476#p01,DiurriBQxVs_utt02477#p01","DiurriBQxVs_utt02469,DiurriBQxVs_utt02470,DiurriBQxVs_utt02471,DiurriBQxVs_utt02472,DiurriBQxVs_utt02473,DiurriBQxVs_utt02474,DiurriBQxVs_utt02475,DiurriBQxVs_utt02476,DiurriBQxVs_utt02477",9,SPEAKER_00,1.445,pyannote/speaker-diarization-3.1,Witness,manual_verified_diarization,HIGH,,,YES,SPEAKING,UNKNOWN,UNKNOWN,/Users/rajeshpmu/Desktop/LegalMemoCMT/data/phase2/tupac/corpus/raw/keefe-d-s-lawyer-cross-exams-ex-suge-knight-security-reggie-wright-abo/keefe-d-s-lawyer-cross-exams-ex-suge-knight-security-reggie-wright-abo_DiurriBQxVs.mp4,/Users/rajeshpmu/Desktop/LegalMemoCMT/data/phase2/tupac/corpus/raw/keefe-d-s-lawyer-cross-exams-ex-suge-knight-security-reggie-wright-abo/keefe-d-s-lawyer-cross-exams-ex-suge-knight-security-reggie-wright-abo_DiurriBQxVs.wav,/Users/rajeshpmu/Desktop/LegalMemoCMT/data/processed/phase2/tupac/turn_clips/video/DiurriBQxVs/DiurriBQxVs_turn00386.mp4,/Users/rajeshpmu/Desktop/LegalMemoCMT/data/processed/phase2/tupac/turn_clips/audio/DiurriBQxVs/DiurriBQxVs_turn00386.wav,2484.915,2493.006,8.091,reused,00:41:24.915,00:41:33.006,0.000,default_zero,YES,speaker_role=Witness,review,review because candidate needs manual validation,HUMAN_VERIFIED,manual_clip_review,HIGH,CONFIRMED,your-name,Manually reviewed and confirmed Tupac witness-speaking rows,YES,,,UNREVIEWED,,,,NO,,UNKNOWN,0.000000,0.000000,UNKNOWN,,UNKNOWN,UNKNOWN,NO,audio_energy_plus_mouth_motion_baseline,FAILED_NO_FACE_DATA,0,0,AUTO_REJECT_CANDIDATE,excluded_or_not_verified_witness_speaking_input,LOW,Speaker-face identity still requires human confirmation
DiurriBQxVs_turn00387,DiurriBQxVs_turn00387,DiurriBQxVs,,,,,/Users/rajeshpmu/Desktop/LegalMemoCMT/data/phase2/tupac/corpus/raw/keefe-d-s-lawyer-cross-exams-ex-suge-knight-security-reggie-wright-abo/keefe-d-s-lawyer-cross-exams-ex-suge-knight-security-reggie-wright-abo_DiurriBQxVs.en.vtt,/Users/rajeshpmu/Desktop/LegalMemoCMT/data/processed/phase2/tupac/turn_clips/video/DiurriBQxVs/DiurriBQxVs_turn00387.mp4,/Users/rajeshpmu/Desktop/LegalMemoCMT/data/processed/phase2/tupac/turn_clips/audio/DiurriBQxVs/DiurriBQxVs_turn00387.wav,,,,,,,,,YES,There was a a writing?,There was a a writing?,00:41:33.006,00:41:34.724,1.718,1.718,marker,MEDIUM,1,3,"DiurriBQxVs_utt02477#p02,DiurriBQxVs_utt02478#p01,DiurriBQxVs_utt02479#p01","DiurriBQxVs_utt02477,DiurriBQxVs_utt02478,DiurriBQxVs_utt02479",3,SPEAKER_00,0.407,pyannote/speaker-diarization-3.1,Witness,manual_verified_diarization,HIGH,,,YES,SPEAKING,UNKNOWN,UNKNOWN,/Users/rajeshpmu/Desktop/LegalMemoCMT/data/phase2/tupac/corpus/raw/keefe-d-s-lawyer-cross-exams-ex-suge-knight-security-reggie-wright-abo/keefe-d-s-lawyer-cross-exams-ex-suge-knight-security-reggie-wright-abo_DiurriBQxVs.mp4,/Users/rajeshpmu/Desktop/LegalMemoCMT/data/phase2/tupac/corpus/raw/keefe-d-s-lawyer-cross-exams-ex-suge-knight-security-reggie-wright-abo/keefe-d-s-lawyer-cross-exams-ex-suge-knight-security-reggie-wright-abo_DiurriBQxVs.wav,/Users/rajeshpmu/Desktop/LegalMemoCMT/data/processed/phase2/tupac/turn_clips/video/DiurriBQxVs/DiurriBQxVs_turn00387.mp4,/Users/rajeshpmu/Desktop/LegalMemoCMT/data/processed/phase2/tupac/turn_clips/audio/DiurriBQxVs/DiurriBQxVs_turn00387.wav,2493.006,2494.724,1.718,reused,00:41:33.006,00:41:34.724,0.000,default_zero,YES,speaker_role=Witness,review,review because candidate needs manual validation,HUMAN_VERIFIED,manual_clip_review,HIGH,CONFIRMED,your-name,Manually reviewed and confirmed Tupac witness-speaking rows,YES,,,UNREVIEWED,,,,NO,,UNKNOWN,0.000000,0.000000,UNKNOWN,,UNKNOWN,UNKNOWN,NO,audio_energy_plus_mouth_motion_baseline,FAILED_NO_FACE_DATA,0,0,AUTO_REJECT_CANDIDATE,excluded_or_not_verified_witness_speaking_input,LOW,Speaker-face identity still requires human confirmation
DiurriBQxVs_turn00096,DiurriBQxVs_turn00096,DiurriBQxVs,,,,,/Users/rajeshpmu/Desktop/LegalMemoCMT/data/phase2/tupac/corpus/raw/keefe-d-s-lawyer-cross-exams-ex-suge-knight-security-reggie-wright-abo/keefe-d-s-lawyer-cross-exams-ex-suge-knight-security-reggie-wright-abo_DiurriBQxVs.en.vtt,/Users/rajeshpmu/Desktop/LegalMemoCMT/data/processed/phase2/tupac/turn_clips/video/DiurriBQxVs/DiurriBQxVs_turn00096.mp4,/Users/rajeshpmu/Desktop/LegalMemoCMT/data/processed/phase2/tupac/turn_clips/audio/DiurriBQxVs/DiurriBQxVs_turn00096.wav,,,,,,,,,YES,That and myself [clears throat] was to be a good witness.,That and myself [clears throat] was to be a good witness.,00:10:29.672,00:10:32.273,2.601,2.601,marker,MEDIUM,1,5,"DiurriBQxVs_utt00645#p02,DiurriBQxVs_utt00646#p01,DiurriBQxVs_utt00647#p01,DiurriBQxVs_utt00648#p01,DiurriBQxVs_utt00649#p01","DiurriBQxVs_utt00645,DiurriBQxVs_utt00646,DiurriBQxVs_utt00647,DiurriBQxVs_utt00648,DiurriBQxVs_utt00649",5,SPEAKER_00,1.855,pyannote/speaker-diarization-3.1,Witness,manual_verified_diarization,HIGH,,,YES,SPEAKING,UNKNOWN,UNKNOWN,/Users/rajeshpmu/Desktop/LegalMemoCMT/data/phase2/tupac/corpus/raw/keefe-d-s-lawyer-cross-exams-ex-suge-knight-security-reggie-wright-abo/keefe-d-s-lawyer-cross-exams-ex-suge-knight-security-reggie-wright-abo_DiurriBQxVs.mp4,/Users/rajeshpmu/Desktop/LegalMemoCMT/data/phase2/tupac/corpus/raw/keefe-d-s-lawyer-cross-exams-ex-suge-knight-security-reggie-wright-abo/keefe-d-s-lawyer-cross-exams-ex-suge-knight-security-reggie-wright-abo_DiurriBQxVs.wav,/Users/rajeshpmu/Desktop/LegalMemoCMT/data/processed/phase2/tupac/turn_clips/video/DiurriBQxVs/DiurriBQxVs_turn00096.mp4,/Users/rajeshpmu/Desktop/LegalMemoCMT/data/processed/phase2/tupac/turn_clips/audio/DiurriBQxVs/DiurriBQxVs_turn00096.wav,629.672,632.273,2.601,reused,00:10:29.672,00:10:32.273,0.000,default_zero,YES,speaker_role=Witness,review,review because candidate needs manual validation,HUMAN_VERIFIED,manual_clip_review,HIGH,CONFIRMED,your-name,Manually reviewed and confirmed Tupac witness-speaking rows,YES,,,UNREVIEWED,,,,NO,,UNKNOWN,0.000000,0.000000,UNKNOWN,,UNKNOWN,UNKNOWN,NO,audio_energy_plus_mouth_motion_baseline,FAILED_NO_FACE_DATA,0,0,AUTO_REJECT_CANDIDATE,excluded_or_not_verified_witness_speaking_input,LOW,Speaker-face identity still requires human confirmation
DiurriBQxVs_turn00100,DiurriBQxVs_turn00100,DiurriBQxVs,,,,,/Users/rajeshpmu/Desktop/LegalMemoCMT/data/phase2/tupac/corpus/raw/keefe-d-s-lawyer-cross-exams-ex-suge-knight-security-reggie-wright-abo/keefe-d-s-lawyer-cross-exams-ex-suge-knight-security-reggie-wright-abo_DiurriBQxVs.en.vtt,/Users/rajeshpmu/Desktop/LegalMemoCMT/data/processed/phase2/tupac/turn_clips/video/DiurriBQxVs/DiurriBQxVs_turn00100.mp4,/Users/rajeshpmu/Desktop/LegalMemoCMT/data/processed/phase2/tupac/turn_clips/audio/DiurriBQxVs/DiurriBQxVs_turn00100.wav,,,,,,,,,YES,As fresh as you can.,As fresh as you can.,00:10:44.915,00:10:46.178,1.263,1.263,marker,MEDIUM,1,3,"DiurriBQxVs_utt00665#p02,DiurriBQxVs_utt00666#p01,DiurriBQxVs_utt00667#p01","DiurriBQxVs_utt00665,DiurriBQxVs_utt00666,DiurriBQxVs_utt00667",3,SPEAKER_00,0.450,pyannote/speaker-diarization-3.1,Witness,manual_verified_diarization,HIGH,,,YES,SPEAKING,UNKNOWN,UNKNOWN,/Users/rajeshpmu/Desktop/LegalMemoCMT/data/phase2/tupac/corpus/raw/keefe-d-s-lawyer-cross-exams-ex-suge-knight-security-reggie-wright-abo/keefe-d-s-lawyer-cross-exams-ex-suge-knight-security-reggie-wright-abo_DiurriBQxVs.mp4,/Users/rajeshpmu/Desktop/LegalMemoCMT/data/phase2/tupac/corpus/raw/keefe-d-s-lawyer-cross-exams-ex-suge-knight-security-reggie-wright-abo/keefe-d-s-lawyer-cross-exams-ex-suge-knight-security-reggie-wright-abo_DiurriBQxVs.wav,/Users/rajeshpmu/Desktop/LegalMemoCMT/data/processed/phase2/tupac/turn_clips/video/DiurriBQxVs/DiurriBQxVs_turn00100.mp4,/Users/rajeshpmu/Desktop/LegalMemoCMT/data/processed/phase2/tupac/turn_clips/audio/DiurriBQxVs/DiurriBQxVs_turn00100.wav,644.915,646.178,1.263,reused,00:10:44.915,00:10:46.178,0.000,default_zero,YES,speaker_role=Witness,review,review because candidate needs manual validation,HUMAN_VERIFIED,manual_clip_review,HIGH,CONFIRMED,your-name,Manually reviewed and confirmed Tupac witness-speaking rows,YES,,,UNREVIEWED,,,,NO,,UNKNOWN,0.000000,0.000000,UNKNOWN,,UNKNOWN,UNKNOWN,NO,audio_energy_plus_mouth_motion_baseline,FAILED_NO_FACE_DATA,0,0,AUTO_REJECT_CANDIDATE,excluded_or_not_verified_witness_speaking_input,LOW,Speaker-face identity still requires human confirmation
Wt1h7rnCvZQ_turn04777,Wt1h7rnCvZQ_turn04777,Wt1h7rnCvZQ,,,,,/Users/rajeshpmu/Desktop/LegalMemoCMT/data/phase2/tupac/corpus/raw/live-nv-v-duane-keffe-d-davis-day-2-tupac-murder-trial/live-nv-v-duane-keffe-d-davis-day-2-tupac-murder-trial_Wt1h7rnCvZQ.en.vtt,/Users/rajeshpmu/Desktop/LegalMemoCMT/data/processed/phase2/tupac/turn_clips/video/Wt1h7rnCvZQ/Wt1h7rnCvZQ_turn04777.mp4,/Users/rajeshpmu/Desktop/LegalMemoCMT/data/processed/phase2/tupac/turn_clips/audio/Wt1h7rnCvZQ/Wt1h7rnCvZQ_turn04777.wav,,,,,,,,,YES,"So, um, you can see the the, uh, cartridge cases are kind of straddling the two lanes.","So, um, you can see the the, uh, cartridge cases are kind of straddling the two lanes.",02:58:42.470,02:58:47.757,5.287,5.287,marker,MEDIUM,1,7,"Wt1h7rnCvZQ_utt06661#p02,Wt1h7rnCvZQ_utt06662#p01,Wt1h7rnCvZQ_utt06663#p01,Wt1h7rnCvZQ_utt06664#p01,Wt1h7rnCvZQ_utt06665#p01,Wt1h7rnCvZQ_utt06666#p01,Wt1h7rnCvZQ_utt06667#p01","Wt1h7rnCvZQ_utt06661,Wt1h7rnCvZQ_utt06662,Wt1h7rnCvZQ_utt06663,Wt1h7rnCvZQ_utt06664,Wt1h7rnCvZQ_utt06665,Wt1h7rnCvZQ_utt06666,Wt1h7rnCvZQ_utt06667",7,SPEAKER_11,5.133,pyannote/speaker-diarization-3.1,Witness,manual_verified_diarization,HIGH,,,YES,SPEAKING,UNKNOWN,UNKNOWN,/Users/rajeshpmu/Desktop/LegalMemoCMT/data/phase2/tupac/corpus/raw/live-nv-v-duane-keffe-d-davis-day-2-tupac-murder-trial/live-nv-v-duane-keffe-d-davis-day-2-tupac-murder-trial_Wt1h7rnCvZQ.mp4,/Users/rajeshpmu/Desktop/LegalMemoCMT/data/phase2/tupac/corpus/raw/live-nv-v-duane-keffe-d-davis-day-2-tupac-murder-trial/live-nv-v-duane-keffe-d-davis-day-2-tupac-murder-trial_Wt1h7rnCvZQ.wav,/Users/rajeshpmu/Desktop/LegalMemoCMT/data/processed/phase2/tupac/turn_clips/video/Wt1h7rnCvZQ/Wt1h7rnCvZQ_turn04777.mp4,/Users/rajeshpmu/Desktop/LegalMemoCMT/data/processed/phase2/tupac/turn_clips/audio/Wt1h7rnCvZQ/Wt1h7rnCvZQ_turn04777.wav,10722.470,10727.757,5.287,reused,02:58:42.470,02:58:47.757,0.000,default_zero,YES,speaker_role=Witness,review,review because candidate needs manual validation,HUMAN_VERIFIED,manual_clip_review,HIGH,CONFIRMED,your-name,Manually reviewed and confirmed Tupac witness-speaking rows,YES,,,UNREVIEWED,,,,NO,,UNKNOWN,0.000000,0.000000,UNKNOWN,,UNKNOWN,UNKNOWN,NO,audio_energy_plus_mouth_motion_baseline,FAILED_NO_FACE_DATA,0,0,AUTO_REJECT_CANDIDATE,excluded_or_not_verified_witness_speaking_input,LOW,Speaker-face identity still requires human confirmation
Wt1h7rnCvZQ_turn04784,Wt1h7rnCvZQ_turn04784,Wt1h7rnCvZQ,,,,,/Users/rajeshpmu/Desktop/LegalMemoCMT/data/phase2/tupac/corpus/raw/live-nv-v-duane-keffe-d-davis-day-2-tupac-murder-trial/live-nv-v-duane-keffe-d-davis-day-2-tupac-murder-trial_Wt1h7rnCvZQ.en.vtt,/Users/rajeshpmu/Desktop/LegalMemoCMT/data/processed/phase2/tupac/turn_clips/video/Wt1h7rnCvZQ/Wt1h7rnCvZQ_turn04784.mp4,/Users/rajeshpmu/Desktop/LegalMemoCMT/data/processed/phase2/tupac/turn_clips/audio/Wt1h7rnCvZQ/Wt1h7rnCvZQ_turn04784.wav,,,,,,,,,YES,How do you know Dan?,How do you know Dan?,02:59:33.146,02:59:34.888,1.742,1.742,marker,MEDIUM,1,3,"Wt1h7rnCvZQ_utt06707#p02,Wt1h7rnCvZQ_utt06708#p01,Wt1h7rnCvZQ_utt06709#p01","Wt1h7rnCvZQ_utt06707,Wt1h7rnCvZQ_utt06708,Wt1h7rnCvZQ_utt06709",3,SPEAKER_11,0.895,pyannote/speaker-diarization-3.1,Witness,manual_verified_diarization,HIGH,,,YES,SPEAKING,UNKNOWN,UNKNOWN,/Users/rajeshpmu/Desktop/LegalMemoCMT/data/phase2/tupac/corpus/raw/live-nv-v-duane-keffe-d-davis-day-2-tupac-murder-trial/live-nv-v-duane-keffe-d-davis-day-2-tupac-murder-trial_Wt1h7rnCvZQ.mp4,/Users/rajeshpmu/Desktop/LegalMemoCMT/data/phase2/tupac/corpus/raw/live-nv-v-duane-keffe-d-davis-day-2-tupac-murder-trial/live-nv-v-duane-keffe-d-davis-day-2-tupac-murder-trial_Wt1h7rnCvZQ.wav,/Users/rajeshpmu/Desktop/LegalMemoCMT/data/processed/phase2/tupac/turn_clips/video/Wt1h7rnCvZQ/Wt1h7rnCvZQ_turn04784.mp4,/Users/rajeshpmu/Desktop/LegalMemoCMT/data/processed/phase2/tupac/turn_clips/audio/Wt1h7rnCvZQ/Wt1h7rnCvZQ_turn04784.wav,10773.146,10774.888,1.742,reused,02:59:33.146,02:59:34.888,0.000,default_zero,YES,speaker_role=Witness,review,review because candidate needs manual validation,HUMAN_VERIFIED,manual_clip_review,HIGH,CONFIRMED,your-name,Manually reviewed and confirmed Tupac witness-speaking rows,YES,,,UNREVIEWED,,,,NO,,UNKNOWN,0.000000,0.000000,UNKNOWN,,UNKNOWN,UNKNOWN,NO,audio_energy_plus_mouth_motion_baseline,FAILED_NO_FACE_DATA,0,0,AUTO_REJECT_CANDIDATE,excluded_or_not_verified_witness_speaking_input,LOW,Speaker-face identity still requires human confirmation
Wt1h7rnCvZQ_turn05260,Wt1h7rnCvZQ_turn05260,Wt1h7rnCvZQ,,,,,/Users/rajeshpmu/Desktop/LegalMemoCMT/data/phase2/tupac/corpus/raw/live-nv-v-duane-keffe-d-davis-day-2-tupac-murder-trial/live-nv-v-duane-keffe-d-davis-day-2-tupac-murder-trial_Wt1h7rnCvZQ.en.vtt,/Users/rajeshpmu/Desktop/LegalMemoCMT/data/processed/phase2/tupac/turn_clips/video/Wt1h7rnCvZQ/Wt1h7rnCvZQ_turn05260.mp4,/Users/rajeshpmu/Desktop/LegalMemoCMT/data/processed/phase2/tupac/turn_clips/audio/Wt1h7rnCvZQ/Wt1h7rnCvZQ_turn05260.wav,,,,,,,,,YES,"I grew up in the city of Compton, California. I was born and raised um there until about the age of 19.","I grew up in the city of Compton, California. I was born and raised um there until about the age of 19.",05:37:42.715,05:37:51.235,8.520,8.520,marker,MEDIUM,1,7,"Wt1h7rnCvZQ_utt11275#p02,Wt1h7rnCvZQ_utt11276#p01,Wt1h7rnCvZQ_utt11277#p01,Wt1h7rnCvZQ_utt11278#p01,Wt1h7rnCvZQ_utt11279#p01,Wt1h7rnCvZQ_utt11280#p01,Wt1h7rnCvZQ_utt11281#p01","Wt1h7rnCvZQ_utt11275,Wt1h7rnCvZQ_utt11276,Wt1h7rnCvZQ_utt11277,Wt1h7rnCvZQ_utt11278,Wt1h7rnCvZQ_utt11279,Wt1h7rnCvZQ_utt11280,Wt1h7rnCvZQ_utt11281",7,SPEAKER_25,3.465,pyannote/speaker-diarization-3.1,Witness,manual_verified_diarization,HIGH,,,YES,SPEAKING,UNKNOWN,UNKNOWN,/Users/rajeshpmu/Desktop/LegalMemoCMT/data/phase2/tupac/corpus/raw/live-nv-v-duane-keffe-d-davis-day-2-tupac-murder-trial/live-nv-v-duane-keffe-d-davis-day-2-tupac-murder-trial_Wt1h7rnCvZQ.mp4,/Users/rajeshpmu/Desktop/LegalMemoCMT/data/phase2/tupac/corpus/raw/live-nv-v-duane-keffe-d-davis-day-2-tupac-murder-trial/live-nv-v-duane-keffe-d-davis-day-2-tupac-murder-trial_Wt1h7rnCvZQ.wav,/Users/rajeshpmu/Desktop/LegalMemoCMT/data/processed/phase2/tupac/turn_clips/video/Wt1h7rnCvZQ/Wt1h7rnCvZQ_turn05260.mp4,/Users/rajeshpmu/Desktop/LegalMemoCMT/data/processed/phase2/tupac/turn_clips/audio/Wt1h7rnCvZQ/Wt1h7rnCvZQ_turn05260.wav,20262.715,20271.235,8.520,reused,05:37:42.715,05:37:51.235,0.000,default_zero,YES,speaker_role=Witness,review,review because candidate needs manual validation,HUMAN_VERIFIED,manual_clip_review,HIGH,CONFIRMED,your-name,Manually reviewed and confirmed Tupac witness-speaking rows,YES,,,UNREVIEWED,,,,NO,,UNKNOWN,0.000000,0.000000,UNKNOWN,,UNKNOWN,UNKNOWN,NO,audio_energy_plus_mouth_motion_baseline,FAILED_NO_FACE_DATA,0,0,AUTO_REJECT_CANDIDATE,excluded_or_not_verified_witness_speaking_input,LOW,Speaker-face identity still requires human confirmation
Wt1h7rnCvZQ_turn05299,Wt1h7rnCvZQ_turn05299,Wt1h7rnCvZQ,,,,,/Users/rajeshpmu/Desktop/LegalMemoCMT/data/phase2/tupac/corpus/raw/live-nv-v-duane-keffe-d-davis-day-2-tupac-murder-trial/live-nv-v-duane-keffe-d-davis-day-2-tupac-murder-trial_Wt1h7rnCvZQ.en.vtt,/Users/rajeshpmu/Desktop/LegalMemoCMT/data/processed/phase2/tupac/turn_clips/video/Wt1h7rnCvZQ/Wt1h7rnCvZQ_turn05299.mp4,/Users/rajeshpmu/Desktop/LegalMemoCMT/data/processed/phase2/tupac/turn_clips/audio/Wt1h7rnCvZQ/Wt1h7rnCvZQ_turn05299.wav,,,,,,,,,YES,Yes sir.,Yes sir.,05:43:39.281,05:43:40.405,1.124,1.124,marker,MEDIUM,1,3,"Wt1h7rnCvZQ_utt11571#p02,Wt1h7rnCvZQ_utt11572#p01,Wt1h7rnCvZQ_utt11573#p01","Wt1h7rnCvZQ_utt11571,Wt1h7rnCvZQ_utt11572,Wt1h7rnCvZQ_utt11573",3,SPEAKER_25,0.455,pyannote/speaker-diarization-3.1,Witness,manual_verified_diarization,HIGH,,,YES,SPEAKING,UNKNOWN,UNKNOWN,/Users/rajeshpmu/Desktop/LegalMemoCMT/data/phase2/tupac/corpus/raw/live-nv-v-duane-keffe-d-davis-day-2-tupac-murder-trial/live-nv-v-duane-keffe-d-davis-day-2-tupac-murder-trial_Wt1h7rnCvZQ.mp4,/Users/rajeshpmu/Desktop/LegalMemoCMT/data/phase2/tupac/corpus/raw/live-nv-v-duane-keffe-d-davis-day-2-tupac-murder-trial/live-nv-v-duane-keffe-d-davis-day-2-tupac-murder-trial_Wt1h7rnCvZQ.wav,/Users/rajeshpmu/Desktop/LegalMemoCMT/data/processed/phase2/tupac/turn_clips/video/Wt1h7rnCvZQ/Wt1h7rnCvZQ_turn05299.mp4,/Users/rajeshpmu/Desktop/LegalMemoCMT/data/processed/phase2/tupac/turn_clips/audio/Wt1h7rnCvZQ/Wt1h7rnCvZQ_turn05299.wav,20619.281,20620.405,1.124,reused,05:43:39.281,05:43:40.405,0.000,default_zero,YES,speaker_role=Witness,review,review because candidate needs manual validation,HUMAN_VERIFIED,manual_clip_review,HIGH,CONFIRMED,your-name,Manually reviewed and confirmed Tupac witness-speaking rows,YES,,,UNREVIEWED,,,,NO,,UNKNOWN,0.000000,0.000000,UNKNOWN,,UNKNOWN,UNKNOWN,NO,audio_energy_plus_mouth_motion_baseline,FAILED_NO_FACE_DATA,0,0,AUTO_REJECT_CANDIDATE,excluded_or_not_verified_witness_speaking_input,LOW,Speaker-face identity still requires human confirmation
Wt1h7rnCvZQ_turn05394,Wt1h7rnCvZQ_turn05394,Wt1h7rnCvZQ,,,,,/Users/rajeshpmu/Desktop/LegalMemoCMT/data/phase2/tupac/corpus/raw/live-nv-v-duane-keffe-d-davis-day-2-tupac-murder-trial/live-nv-v-duane-keffe-d-davis-day-2-tupac-murder-trial_Wt1h7rnCvZQ.en.vtt,/Users/rajeshpmu/Desktop/LegalMemoCMT/data/processed/phase2/tupac/turn_clips/video/Wt1h7rnCvZQ/Wt1h7rnCvZQ_turn05394.mp4,/Users/rajeshpmu/Desktop/LegalMemoCMT/data/processed/phase2/tupac/turn_clips/audio/Wt1h7rnCvZQ/Wt1h7rnCvZQ_turn05394.wav,,,,,,,,,YES,"So we had a meeting in Mr. K um office. He said it. Mr. Kiss said it. [cough] My guys probably wouldn't have did anything if I didn't echo it today. I can't say I echoed it and agreed to it, but I'm sure I did.","So we had a meeting in Mr. K um office. He said it. Mr. Kiss said it. [cough] My guys probably wouldn't have did anything if I didn't echo it today. I can't say I echoed it and agreed to it, but I'm sure I did.",06:00:40.435,06:00:55.946,15.511,15.511,marker,MEDIUM,1,13,"Wt1h7rnCvZQ_utt12423#p02,Wt1h7rnCvZQ_utt12424#p01,Wt1h7rnCvZQ_utt12425#p01,Wt1h7rnCvZQ_utt12426#p01,Wt1h7rnCvZQ_utt12427#p01,Wt1h7rnCvZQ_utt12428#p01,Wt1h7rnCvZQ_utt12429#p01,Wt1h7rnCvZQ_utt12430#p01,Wt1h7rnCvZQ_utt12431#p01,Wt1h7rnCvZQ_utt12432#p01,Wt1h7rnCvZQ_utt12433#p01,Wt1h7rnCvZQ_utt12434#p01,Wt1h7rnCvZQ_utt12435#p01","Wt1h7rnCvZQ_utt12423,Wt1h7rnCvZQ_utt12424,Wt1h7rnCvZQ_utt12425,Wt1h7rnCvZQ_utt12426,Wt1h7rnCvZQ_utt12427,Wt1h7rnCvZQ_utt12428,Wt1h7rnCvZQ_utt12429,Wt1h7rnCvZQ_utt12430,Wt1h7rnCvZQ_utt12431,Wt1h7rnCvZQ_utt12432,Wt1h7rnCvZQ_utt12433,Wt1h7rnCvZQ_utt12434,Wt1h7rnCvZQ_utt12435",13,SPEAKER_25,2.717,pyannote/speaker-diarization-3.1,Witness,manual_verified_diarization,HIGH,,,YES,SPEAKING,UNKNOWN,UNKNOWN,/Users/rajeshpmu/Desktop/LegalMemoCMT/data/phase2/tupac/corpus/raw/live-nv-v-duane-keffe-d-davis-day-2-tupac-murder-trial/live-nv-v-duane-keffe-d-davis-day-2-tupac-murder-trial_Wt1h7rnCvZQ.mp4,/Users/rajeshpmu/Desktop/LegalMemoCMT/data/phase2/tupac/corpus/raw/live-nv-v-duane-keffe-d-davis-day-2-tupac-murder-trial/live-nv-v-duane-keffe-d-davis-day-2-tupac-murder-trial_Wt1h7rnCvZQ.wav,/Users/rajeshpmu/Desktop/LegalMemoCMT/data/processed/phase2/tupac/turn_clips/video/Wt1h7rnCvZQ/Wt1h7rnCvZQ_turn05394.mp4,/Users/rajeshpmu/Desktop/LegalMemoCMT/data/processed/phase2/tupac/turn_clips/audio/Wt1h7rnCvZQ/Wt1h7rnCvZQ_turn05394.wav,21640.435,21655.946,15.511,reused,06:00:40.435,06:00:55.946,0.000,default_zero,YES,speaker_role=Witness,review,review because candidate needs manual validation,HUMAN_VERIFIED,manual_clip_review,HIGH,CONFIRMED,your-name,Manually reviewed and confirmed Tupac witness-speaking rows,YES,,,UNREVIEWED,,,,NO,,UNKNOWN,0.000000,0.000000,UNKNOWN,,UNKNOWN,UNKNOWN,NO,audio_energy_plus_mouth_motion_baseline,FAILED_NO_FACE_DATA,0,0,AUTO_REJECT_CANDIDATE,excluded_or_not_verified_witness_speaking_input,LOW,Speaker-face identity still requires human confirmation
Wt1h7rnCvZQ_turn05408,Wt1h7rnCvZQ_turn05408,Wt1h7rnCvZQ,,,,,/Users/rajeshpmu/Desktop/LegalMemoCMT/data/phase2/tupac/corpus/raw/live-nv-v-duane-keffe-d-davis-day-2-tupac-murder-trial/live-nv-v-duane-keffe-d-davis-day-2-tupac-murder-trial_Wt1h7rnCvZQ.en.vtt,/Users/rajeshpmu/Desktop/LegalMemoCMT/data/processed/phase2/tupac/turn_clips/video/Wt1h7rnCvZQ/Wt1h7rnCvZQ_turn05408.mp4,/Users/rajeshpmu/Desktop/LegalMemoCMT/data/processed/phase2/tupac/turn_clips/audio/Wt1h7rnCvZQ/Wt1h7rnCvZQ_turn05408.wav,,,,,,,,,YES,[clears throat],[clears throat],06:03:40.402,06:03:41.205,0.803,0.803,marker,MEDIUM,1,3,"Wt1h7rnCvZQ_utt12573#p02,Wt1h7rnCvZQ_utt12574#p01,Wt1h7rnCvZQ_utt12575#p01","Wt1h7rnCvZQ_utt12573,Wt1h7rnCvZQ_utt12574,Wt1h7rnCvZQ_utt12575",3,SPEAKER_25,0.219,pyannote/speaker-diarization-3.1,Witness,manual_verified_diarization,HIGH,,,YES,SPEAKING,UNKNOWN,UNKNOWN,/Users/rajeshpmu/Desktop/LegalMemoCMT/data/phase2/tupac/corpus/raw/live-nv-v-duane-keffe-d-davis-day-2-tupac-murder-trial/live-nv-v-duane-keffe-d-davis-day-2-tupac-murder-trial_Wt1h7rnCvZQ.mp4,/Users/rajeshpmu/Desktop/LegalMemoCMT/data/phase2/tupac/corpus/raw/live-nv-v-duane-keffe-d-davis-day-2-tupac-murder-trial/live-nv-v-duane-keffe-d-davis-day-2-tupac-murder-trial_Wt1h7rnCvZQ.wav,/Users/rajeshpmu/Desktop/LegalMemoCMT/data/processed/phase2/tupac/turn_clips/video/Wt1h7rnCvZQ/Wt1h7rnCvZQ_turn05408.mp4,/Users/rajeshpmu/Desktop/LegalMemoCMT/data/processed/phase2/tupac/turn_clips/audio/Wt1h7rnCvZQ/Wt1h7rnCvZQ_turn05408.wav,21820.402,21821.205,0.803,reused,06:03:40.402,06:03:41.205,0.000,default_zero,YES,speaker_role=Witness,review,review because candidate needs manual validation,HUMAN_VERIFIED,manual_clip_review,HIGH,CONFIRMED,your-name,Manually reviewed and confirmed Tupac witness-speaking rows,YES,,,UNREVIEWED,,,,NO,,UNKNOWN,0.000000,0.000000,UNKNOWN,,UNKNOWN,UNKNOWN,NO,audio_energy_plus_mouth_motion_baseline,FAILED_NO_FACE_DATA,0,0,AUTO_REJECT_CANDIDATE,excluded_or_not_verified_witness_speaking_input,LOW,Speaker-face identity still requires human confirmation
Wt1h7rnCvZQ_turn05411,Wt1h7rnCvZQ_turn05411,Wt1h7rnCvZQ,,,,,/Users/rajeshpmu/Desktop/LegalMemoCMT/data/phase2/tupac/corpus/raw/live-nv-v-duane-keffe-d-davis-day-2-tupac-murder-trial/live-nv-v-duane-keffe-d-davis-day-2-tupac-murder-trial_Wt1h7rnCvZQ.en.vtt,/Users/rajeshpmu/Desktop/LegalMemoCMT/data/processed/phase2/tupac/turn_clips/video/Wt1h7rnCvZQ/Wt1h7rnCvZQ_turn05411.mp4,/Users/rajeshpmu/Desktop/LegalMemoCMT/data/processed/phase2/tupac/turn_clips/audio/Wt1h7rnCvZQ/Wt1h7rnCvZQ_turn05411.wav,,,,,,,,,YES,Definitely the plan. Uh that was definitely the plan and there was a reason that I knew he had to come but that was definitely the plan.,Definitely the plan. Uh that was definitely the plan and there was a reason that I knew he had to come but that was definitely the plan.,06:04:29.254,06:04:37.207,7.953,7.953,marker,MEDIUM,1,9,"Wt1h7rnCvZQ_utt12615#p02,Wt1h7rnCvZQ_utt12616#p01,Wt1h7rnCvZQ_utt12617#p01,Wt1h7rnCvZQ_utt12618#p01,Wt1h7rnCvZQ_utt12619#p01,Wt1h7rnCvZQ_utt12620#p01,Wt1h7rnCvZQ_utt12621#p01,Wt1h7rnCvZQ_utt12622#p01,Wt1h7rnCvZQ_utt12623#p01","Wt1h7rnCvZQ_utt12615,Wt1h7rnCvZQ_utt12616,Wt1h7rnCvZQ_utt12617,Wt1h7rnCvZQ_utt12618,Wt1h7rnCvZQ_utt12619,Wt1h7rnCvZQ_utt12620,Wt1h7rnCvZQ_utt12621,Wt1h7rnCvZQ_utt12622,Wt1h7rnCvZQ_utt12623",9,SPEAKER_25,3.679,pyannote/speaker-diarization-3.1,Witness,manual_verified_diarization,HIGH,,,YES,SPEAKING,UNKNOWN,UNKNOWN,/Users/rajeshpmu/Desktop/LegalMemoCMT/data/phase2/tupac/corpus/raw/live-nv-v-duane-keffe-d-davis-day-2-tupac-murder-trial/live-nv-v-duane-keffe-d-davis-day-2-tupac-murder-trial_Wt1h7rnCvZQ.mp4,/Users/rajeshpmu/Desktop/LegalMemoCMT/data/phase2/tupac/corpus/raw/live-nv-v-duane-keffe-d-davis-day-2-tupac-murder-trial/live-nv-v-duane-keffe-d-davis-day-2-tupac-murder-trial_Wt1h7rnCvZQ.wav,/Users/rajeshpmu/Desktop/LegalMemoCMT/data/processed/phase2/tupac/turn_clips/video/Wt1h7rnCvZQ/Wt1h7rnCvZQ_turn05411.mp4,/Users/rajeshpmu/Desktop/LegalMemoCMT/data/processed/phase2/tupac/turn_clips/audio/Wt1h7rnCvZQ/Wt1h7rnCvZQ_turn05411.wav,21869.254,21877.207,7.953,reused,06:04:29.254,06:04:37.207,0.000,default_zero,YES,speaker_role=Witness,review,review because candidate needs manual validation,HUMAN_VERIFIED,manual_clip_review,HIGH,CONFIRMED,your-name,Manually reviewed and confirmed Tupac witness-speaking rows,YES,,,UNREVIEWED,,,,NO,,UNKNOWN,0.000000,0.000000,UNKNOWN,,UNKNOWN,UNKNOWN,NO,audio_energy_plus_mouth_motion_baseline,FAILED_NO_FACE_DATA,0,0,AUTO_REJECT_CANDIDATE,excluded_or_not_verified_witness_speaking_input,LOW,Speaker-face identity still requires human confirmation
Wt1h7rnCvZQ_turn05417,Wt1h7rnCvZQ_turn05417,Wt1h7rnCvZQ,,,,,/Users/rajeshpmu/Desktop/LegalMemoCMT/data/phase2/tupac/corpus/raw/live-nv-v-duane-keffe-d-davis-day-2-tupac-murder-trial/live-nv-v-duane-keffe-d-davis-day-2-tupac-murder-trial_Wt1h7rnCvZQ.en.vtt,/Users/rajeshpmu/Desktop/LegalMemoCMT/data/processed/phase2/tupac/turn_clips/video/Wt1h7rnCvZQ/Wt1h7rnCvZQ_turn05417.mp4,/Users/rajeshpmu/Desktop/LegalMemoCMT/data/processed/phase2/tupac/turn_clips/audio/Wt1h7rnCvZQ/Wt1h7rnCvZQ_turn05417.wav,,,,,,,,,YES,I was the point of contact for the club. Yes.,I was the point of contact for the club. Yes.,06:05:26.940,06:05:28.034,1.094,1.094,marker,MEDIUM,1,5,"Wt1h7rnCvZQ_utt12667#p02,Wt1h7rnCvZQ_utt12668#p01,Wt1h7rnCvZQ_utt12669#p01,Wt1h7rnCvZQ_utt12670#p01,Wt1h7rnCvZQ_utt12671#p01","Wt1h7rnCvZQ_utt12667,Wt1h7rnCvZQ_utt12668,Wt1h7rnCvZQ_utt12669,Wt1h7rnCvZQ_utt12670,Wt1h7rnCvZQ_utt12671",5,SPEAKER_25,1.094,pyannote/speaker-diarization-3.1,Witness,manual_verified_diarization,HIGH,,,YES,SPEAKING,UNKNOWN,UNKNOWN,/Users/rajeshpmu/Desktop/LegalMemoCMT/data/phase2/tupac/corpus/raw/live-nv-v-duane-keffe-d-davis-day-2-tupac-murder-trial/live-nv-v-duane-keffe-d-davis-day-2-tupac-murder-trial_Wt1h7rnCvZQ.mp4,/Users/rajeshpmu/Desktop/LegalMemoCMT/data/phase2/tupac/corpus/raw/live-nv-v-duane-keffe-d-davis-day-2-tupac-murder-trial/live-nv-v-duane-keffe-d-davis-day-2-tupac-murder-trial_Wt1h7rnCvZQ.wav,/Users/rajeshpmu/Desktop/LegalMemoCMT/data/processed/phase2/tupac/turn_clips/video/Wt1h7rnCvZQ/Wt1h7rnCvZQ_turn05417.mp4,/Users/rajeshpmu/Desktop/LegalMemoCMT/data/processed/phase2/tupac/turn_clips/audio/Wt1h7rnCvZQ/Wt1h7rnCvZQ_turn05417.wav,21926.940,21928.034,1.094,reused,06:05:26.940,06:05:28.034,0.000,default_zero,YES,speaker_role=Witness,review,review because candidate needs manual validation,HUMAN_VERIFIED,manual_clip_review,HIGH,CONFIRMED,your-name,Manually reviewed and confirmed Tupac witness-speaking rows,YES,,,UNREVIEWED,,,,NO,,UNKNOWN,0.000000,0.000000,UNKNOWN,,UNKNOWN,UNKNOWN,NO,audio_energy_plus_mouth_motion_baseline,FAILED_NO_FACE_DATA,0,0,AUTO_REJECT_CANDIDATE,excluded_or_not_verified_witness_speaking_input,LOW,Speaker-face identity still requires human confirmation
Wt1h7rnCvZQ_turn05419,Wt1h7rnCvZQ_turn05419,Wt1h7rnCvZQ,,,,,/Users/rajeshpmu/Desktop/LegalMemoCMT/data/phase2/tupac/corpus/raw/live-nv-v-duane-keffe-d-davis-day-2-tupac-murder-trial/live-nv-v-duane-keffe-d-davis-day-2-tupac-murder-trial_Wt1h7rnCvZQ.en.vtt,/Users/rajeshpmu/Desktop/LegalMemoCMT/data/processed/phase2/tupac/turn_clips/video/Wt1h7rnCvZQ/Wt1h7rnCvZQ_turn05419.mp4,/Users/rajeshpmu/Desktop/LegalMemoCMT/data/processed/phase2/tupac/turn_clips/audio/Wt1h7rnCvZQ/Wt1h7rnCvZQ_turn05419.wav,,,,,,,,,YES,he was the one that got them there.,he was the one that got them there.,06:05:41.456,06:05:43.226,1.770,1.770,marker,MEDIUM,1,3,"Wt1h7rnCvZQ_utt12685#p02,Wt1h7rnCvZQ_utt12686#p01,Wt1h7rnCvZQ_utt12687#p01","Wt1h7rnCvZQ_utt12685,Wt1h7rnCvZQ_utt12686,Wt1h7rnCvZQ_utt12687",3,SPEAKER_25,1.289,pyannote/speaker-diarization-3.1,Witness,manual_verified_diarization,HIGH,,,YES,SPEAKING,UNKNOWN,UNKNOWN,/Users/rajeshpmu/Desktop/LegalMemoCMT/data/phase2/tupac/corpus/raw/live-nv-v-duane-keffe-d-davis-day-2-tupac-murder-trial/live-nv-v-duane-keffe-d-davis-day-2-tupac-murder-trial_Wt1h7rnCvZQ.mp4,/Users/rajeshpmu/Desktop/LegalMemoCMT/data/phase2/tupac/corpus/raw/live-nv-v-duane-keffe-d-davis-day-2-tupac-murder-trial/live-nv-v-duane-keffe-d-davis-day-2-tupac-murder-trial_Wt1h7rnCvZQ.wav,/Users/rajeshpmu/Desktop/LegalMemoCMT/data/processed/phase2/tupac/turn_clips/video/Wt1h7rnCvZQ/Wt1h7rnCvZQ_turn05419.mp4,/Users/rajeshpmu/Desktop/LegalMemoCMT/data/processed/phase2/tupac/turn_clips/audio/Wt1h7rnCvZQ/Wt1h7rnCvZQ_turn05419.wav,21941.456,21943.226,1.770,reused,06:05:41.456,06:05:43.226,0.000,default_zero,YES,speaker_role=Witness,review,review because candidate needs manual validation,HUMAN_VERIFIED,manual_clip_review,HIGH,CONFIRMED,your-name,Manually reviewed and confirmed Tupac witness-speaking rows,YES,,,UNREVIEWED,,,,NO,,UNKNOWN,0.000000,0.000000,UNKNOWN,,UNKNOWN,UNKNOWN,NO,audio_energy_plus_mouth_motion_baseline,FAILED_NO_FACE_DATA,0,0,AUTO_REJECT_CANDIDATE,excluded_or_not_verified_witness_speaking_input,LOW,Speaker-face identity still requires human confirmation
Wt1h7rnCvZQ_turn05452,Wt1h7rnCvZQ_turn05452,Wt1h7rnCvZQ,,,,,/Users/rajeshpmu/Desktop/LegalMemoCMT/data/phase2/tupac/corpus/raw/live-nv-v-duane-keffe-d-davis-day-2-tupac-murder-trial/live-nv-v-duane-keffe-d-davis-day-2-tupac-murder-trial_Wt1h7rnCvZQ.en.vtt,/Users/rajeshpmu/Desktop/LegalMemoCMT/data/processed/phase2/tupac/turn_clips/video/Wt1h7rnCvZQ/Wt1h7rnCvZQ_turn05452.mp4,/Users/rajeshpmu/Desktop/LegalMemoCMT/data/processed/phase2/tupac/turn_clips/audio/Wt1h7rnCvZQ/Wt1h7rnCvZQ_turn05452.wav,,,,,,,,,YES,You go to the fight.,You go to the fight.,06:09:18.975,06:09:20.562,1.587,1.587,marker,MEDIUM,1,3,"Wt1h7rnCvZQ_utt12891#p02,Wt1h7rnCvZQ_utt12892#p01,Wt1h7rnCvZQ_utt12893#p01","Wt1h7rnCvZQ_utt12891,Wt1h7rnCvZQ_utt12892,Wt1h7rnCvZQ_utt12893",3,SPEAKER_25,0.872,pyannote/speaker-diarization-3.1,Witness,manual_verified_diarization,HIGH,,,YES,SPEAKING,UNKNOWN,UNKNOWN,/Users/rajeshpmu/Desktop/LegalMemoCMT/data/phase2/tupac/corpus/raw/live-nv-v-duane-keffe-d-davis-day-2-tupac-murder-trial/live-nv-v-duane-keffe-d-davis-day-2-tupac-murder-trial_Wt1h7rnCvZQ.mp4,/Users/rajeshpmu/Desktop/LegalMemoCMT/data/phase2/tupac/corpus/raw/live-nv-v-duane-keffe-d-davis-day-2-tupac-murder-trial/live-nv-v-duane-keffe-d-davis-day-2-tupac-murder-trial_Wt1h7rnCvZQ.wav,/Users/rajeshpmu/Desktop/LegalMemoCMT/data/processed/phase2/tupac/turn_clips/video/Wt1h7rnCvZQ/Wt1h7rnCvZQ_turn05452.mp4,/Users/rajeshpmu/Desktop/LegalMemoCMT/data/processed/phase2/tupac/turn_clips/audio/Wt1h7rnCvZQ/Wt1h7rnCvZQ_turn05452.wav,22158.975,22160.562,1.587,reused,06:09:18.975,06:09:20.562,0.000,default_zero,YES,speaker_role=Witness,review,review because candidate needs manual validation,HUMAN_VERIFIED,manual_clip_review,HIGH,CONFIRMED,your-name,Manually reviewed and confirmed Tupac witness-speaking rows,YES,,,UNREVIEWED,,,,NO,,UNKNOWN,0.000000,0.000000,UNKNOWN,,UNKNOWN,UNKNOWN,NO,audio_energy_plus_mouth_motion_baseline,FAILED_NO_FACE_DATA,0,0,AUTO_REJECT_CANDIDATE,excluded_or_not_verified_witness_speaking_input,LOW,Speaker-face identity still requires human confirmation
Wt1h7rnCvZQ_turn05477,Wt1h7rnCvZQ_turn05477,Wt1h7rnCvZQ,,,,,/Users/rajeshpmu/Desktop/LegalMemoCMT/data/phase2/tupac/corpus/raw/live-nv-v-duane-keffe-d-davis-day-2-tupac-murder-trial/live-nv-v-duane-keffe-d-davis-day-2-tupac-murder-trial_Wt1h7rnCvZQ.en.vtt,/Users/rajeshpmu/Desktop/LegalMemoCMT/data/processed/phase2/tupac/turn_clips/video/Wt1h7rnCvZQ/Wt1h7rnCvZQ_turn05477.mp4,/Users/rajeshpmu/Desktop/LegalMemoCMT/data/processed/phase2/tupac/turn_clips/audio/Wt1h7rnCvZQ/Wt1h7rnCvZQ_turn05477.wav,,,,,,,,,YES,"That's his um little brother. Yes, sir.","That's his um little brother. Yes, sir.",06:13:10.611,06:13:13.634,3.023,3.023,marker,MEDIUM,1,3,"Wt1h7rnCvZQ_utt13077#p02,Wt1h7rnCvZQ_utt13078#p01,Wt1h7rnCvZQ_utt13079#p01","Wt1h7rnCvZQ_utt13077,Wt1h7rnCvZQ_utt13078,Wt1h7rnCvZQ_utt13079",3,SPEAKER_25,1.414,pyannote/speaker-diarization-3.1,Witness,manual_verified_diarization,HIGH,,,YES,SPEAKING,UNKNOWN,UNKNOWN,/Users/rajeshpmu/Desktop/LegalMemoCMT/data/phase2/tupac/corpus/raw/live-nv-v-duane-keffe-d-davis-day-2-tupac-murder-trial/live-nv-v-duane-keffe-d-davis-day-2-tupac-murder-trial_Wt1h7rnCvZQ.mp4,/Users/rajeshpmu/Desktop/LegalMemoCMT/data/phase2/tupac/corpus/raw/live-nv-v-duane-keffe-d-davis-day-2-tupac-murder-trial/live-nv-v-duane-keffe-d-davis-day-2-tupac-murder-trial_Wt1h7rnCvZQ.wav,/Users/rajeshpmu/Desktop/LegalMemoCMT/data/processed/phase2/tupac/turn_clips/video/Wt1h7rnCvZQ/Wt1h7rnCvZQ_turn05477.mp4,/Users/rajeshpmu/Desktop/LegalMemoCMT/data/processed/phase2/tupac/turn_clips/audio/Wt1h7rnCvZQ/Wt1h7rnCvZQ_turn05477.wav,22390.611,22393.634,3.023,reused,06:13:10.611,06:13:13.634,0.000,default_zero,YES,speaker_role=Witness,review,review because candidate needs manual validation,HUMAN_VERIFIED,manual_clip_review,HIGH,CONFIRMED,your-name,Manually reviewed and confirmed Tupac witness-speaking rows,YES,,,UNREVIEWED,,,,NO,,UNKNOWN,0.000000,0.000000,UNKNOWN,,UNKNOWN,UNKNOWN,NO,audio_energy_plus_mouth_motion_baseline,FAILED_NO_FACE_DATA,0,0,AUTO_REJECT_CANDIDATE,excluded_or_not_verified_witness_speaking_input,LOW,Speaker-face identity still requires human confirmation
Wt1h7rnCvZQ_turn05489,Wt1h7rnCvZQ_turn05489,Wt1h7rnCvZQ,,,,,/Users/rajeshpmu/Desktop/LegalMemoCMT/data/phase2/tupac/corpus/raw/live-nv-v-duane-keffe-d-davis-day-2-tupac-murder-trial/live-nv-v-duane-keffe-d-davis-day-2-tupac-murder-trial_Wt1h7rnCvZQ.en.vtt,/Users/rajeshpmu/Desktop/LegalMemoCMT/data/processed/phase2/tupac/turn_clips/video/Wt1h7rnCvZQ/Wt1h7rnCvZQ_turn05489.mp4,/Users/rajeshpmu/Desktop/LegalMemoCMT/data/processed/phase2/tupac/turn_clips/audio/Wt1h7rnCvZQ/Wt1h7rnCvZQ_turn05489.wav,,,,,,,,,YES,That's correct. him and another gentleman who initially was with him by the name of Michael Moore.,That's correct. him and another gentleman who initially was with him by the name of Michael Moore.,06:14:36.038,06:14:41.921,5.883,5.883,marker,MEDIUM,1,7,"Wt1h7rnCvZQ_utt13155#p02,Wt1h7rnCvZQ_utt13156#p01,Wt1h7rnCvZQ_utt13157#p01,Wt1h7rnCvZQ_utt13158#p01,Wt1h7rnCvZQ_utt13159#p01,Wt1h7rnCvZQ_utt13160#p01,Wt1h7rnCvZQ_utt13161#p01","Wt1h7rnCvZQ_utt13155,Wt1h7rnCvZQ_utt13156,Wt1h7rnCvZQ_utt13157,Wt1h7rnCvZQ_utt13158,Wt1h7rnCvZQ_utt13159,Wt1h7rnCvZQ_utt13160,Wt1h7rnCvZQ_utt13161",7,SPEAKER_25,2.110,pyannote/speaker-diarization-3.1,Witness,manual_verified_diarization,HIGH,,,YES,SPEAKING,UNKNOWN,UNKNOWN,/Users/rajeshpmu/Desktop/LegalMemoCMT/data/phase2/tupac/corpus/raw/live-nv-v-duane-keffe-d-davis-day-2-tupac-murder-trial/live-nv-v-duane-keffe-d-davis-day-2-tupac-murder-trial_Wt1h7rnCvZQ.mp4,/Users/rajeshpmu/Desktop/LegalMemoCMT/data/phase2/tupac/corpus/raw/live-nv-v-duane-keffe-d-davis-day-2-tupac-murder-trial/live-nv-v-duane-keffe-d-davis-day-2-tupac-murder-trial_Wt1h7rnCvZQ.wav,/Users/rajeshpmu/Desktop/LegalMemoCMT/data/processed/phase2/tupac/turn_clips/video/Wt1h7rnCvZQ/Wt1h7rnCvZQ_turn05489.mp4,/Users/rajeshpmu/Desktop/LegalMemoCMT/data/processed/phase2/tupac/turn_clips/audio/Wt1h7rnCvZQ/Wt1h7rnCvZQ_turn05489.wav,22476.038,22481.921,5.883,reused,06:14:36.038,06:14:41.921,0.000,default_zero,YES,speaker_role=Witness,review,review because candidate needs manual validation,HUMAN_VERIFIED,manual_clip_review,HIGH,CONFIRMED,your-name,Manually reviewed and confirmed Tupac witness-speaking rows,YES,,,UNREVIEWED,,,,NO,,UNKNOWN,0.000000,0.000000,UNKNOWN,,UNKNOWN,UNKNOWN,NO,audio_energy_plus_mouth_motion_baseline,FAILED_NO_FACE_DATA,0,0,AUTO_REJECT_CANDIDATE,excluded_or_not_verified_witness_speaking_input,LOW,Speaker-face identity still requires human confirmation
Wt1h7rnCvZQ_turn05505,Wt1h7rnCvZQ_turn05505,Wt1h7rnCvZQ,,,,,/Users/rajeshpmu/Desktop/LegalMemoCMT/data/phase2/tupac/corpus/raw/live-nv-v-duane-keffe-d-davis-day-2-tupac-murder-trial/live-nv-v-duane-keffe-d-davis-day-2-tupac-murder-trial_Wt1h7rnCvZQ.en.vtt,/Users/rajeshpmu/Desktop/LegalMemoCMT/data/processed/phase2/tupac/turn_clips/video/Wt1h7rnCvZQ/Wt1h7rnCvZQ_turn05505.mp4,/Users/rajeshpmu/Desktop/LegalMemoCMT/data/processed/phase2/tupac/turn_clips/audio/Wt1h7rnCvZQ/Wt1h7rnCvZQ_turn05505.wav,,,,,,,,,YES,"Yes, Mr. um bunch of uh he had a Toyota Supra that was black and he had one bullet to the uh the driver side fender.","Yes, Mr. um bunch of uh he had a Toyota Supra that was black and he had one bullet to the uh the driver side fender.",06:16:23.838,06:16:34.300,10.462,10.462,marker,MEDIUM,1,7,"Wt1h7rnCvZQ_utt13245#p02,Wt1h7rnCvZQ_utt13246#p01,Wt1h7rnCvZQ_utt13247#p01,Wt1h7rnCvZQ_utt13248#p01,Wt1h7rnCvZQ_utt13249#p01,Wt1h7rnCvZQ_utt13250#p01,Wt1h7rnCvZQ_utt13251#p01","Wt1h7rnCvZQ_utt13245,Wt1h7rnCvZQ_utt13246,Wt1h7rnCvZQ_utt13247,Wt1h7rnCvZQ_utt13248,Wt1h7rnCvZQ_utt13249,Wt1h7rnCvZQ_utt13250,Wt1h7rnCvZQ_utt13251",7,SPEAKER_25,3.347,pyannote/speaker-diarization-3.1,Witness,manual_verified_diarization,HIGH,,,YES,SPEAKING,UNKNOWN,UNKNOWN,/Users/rajeshpmu/Desktop/LegalMemoCMT/data/phase2/tupac/corpus/raw/live-nv-v-duane-keffe-d-davis-day-2-tupac-murder-trial/live-nv-v-duane-keffe-d-davis-day-2-tupac-murder-trial_Wt1h7rnCvZQ.mp4,/Users/rajeshpmu/Desktop/LegalMemoCMT/data/phase2/tupac/corpus/raw/live-nv-v-duane-keffe-d-davis-day-2-tupac-murder-trial/live-nv-v-duane-keffe-d-davis-day-2-tupac-murder-trial_Wt1h7rnCvZQ.wav,/Users/rajeshpmu/Desktop/LegalMemoCMT/data/processed/phase2/tupac/turn_clips/video/Wt1h7rnCvZQ/Wt1h7rnCvZQ_turn05505.mp4,/Users/rajeshpmu/Desktop/LegalMemoCMT/data/processed/phase2/tupac/turn_clips/audio/Wt1h7rnCvZQ/Wt1h7rnCvZQ_turn05505.wav,22583.838,22594.300,10.462,reused,06:16:23.838,06:16:34.300,0.000,default_zero,YES,speaker_role=Witness,review,review because candidate needs manual validation,HUMAN_VERIFIED,manual_clip_review,HIGH,CONFIRMED,your-name,Manually reviewed and confirmed Tupac witness-speaking rows,YES,,,UNREVIEWED,,,,NO,,UNKNOWN,0.000000,0.000000,UNKNOWN,,UNKNOWN,UNKNOWN,NO,audio_energy_plus_mouth_motion_baseline,FAILED_NO_FACE_DATA,0,0,AUTO_REJECT_CANDIDATE,excluded_or_not_verified_witness_speaking_input,LOW,Speaker-face identity still requires human confirmation
Wt1h7rnCvZQ_turn05512,Wt1h7rnCvZQ_turn05512,Wt1h7rnCvZQ,,,,,/Users/rajeshpmu/Desktop/LegalMemoCMT/data/phase2/tupac/corpus/raw/live-nv-v-duane-keffe-d-davis-day-2-tupac-murder-trial/live-nv-v-duane-keffe-d-davis-day-2-tupac-murder-trial_Wt1h7rnCvZQ.en.vtt,/Users/rajeshpmu/Desktop/LegalMemoCMT/data/processed/phase2/tupac/turn_clips/video/Wt1h7rnCvZQ/Wt1h7rnCvZQ_turn05512.mp4,/Users/rajeshpmu/Desktop/LegalMemoCMT/data/processed/phase2/tupac/turn_clips/audio/Wt1h7rnCvZQ/Wt1h7rnCvZQ_turn05512.wav,,,,,,,,,YES,How do you do that?,How do you do that?,06:17:42.123,06:17:43.951,1.828,1.828,marker,MEDIUM,1,3,"Wt1h7rnCvZQ_utt13309#p02,Wt1h7rnCvZQ_utt13310#p01,Wt1h7rnCvZQ_utt13311#p01","Wt1h7rnCvZQ_utt13309,Wt1h7rnCvZQ_utt13310,Wt1h7rnCvZQ_utt13311",3,SPEAKER_25,0.692,pyannote/speaker-diarization-3.1,Witness,manual_verified_diarization,HIGH,,,YES,SPEAKING,UNKNOWN,UNKNOWN,/Users/rajeshpmu/Desktop/LegalMemoCMT/data/phase2/tupac/corpus/raw/live-nv-v-duane-keffe-d-davis-day-2-tupac-murder-trial/live-nv-v-duane-keffe-d-davis-day-2-tupac-murder-trial_Wt1h7rnCvZQ.mp4,/Users/rajeshpmu/Desktop/LegalMemoCMT/data/phase2/tupac/corpus/raw/live-nv-v-duane-keffe-d-davis-day-2-tupac-murder-trial/live-nv-v-duane-keffe-d-davis-day-2-tupac-murder-trial_Wt1h7rnCvZQ.wav,/Users/rajeshpmu/Desktop/LegalMemoCMT/data/processed/phase2/tupac/turn_clips/video/Wt1h7rnCvZQ/Wt1h7rnCvZQ_turn05512.mp4,/Users/rajeshpmu/Desktop/LegalMemoCMT/data/processed/phase2/tupac/turn_clips/audio/Wt1h7rnCvZQ/Wt1h7rnCvZQ_turn05512.wav,22662.123,22663.951,1.828,reused,06:17:42.123,06:17:43.951,0.000,default_zero,YES,speaker_role=Witness,review,review because candidate needs manual validation,HUMAN_VERIFIED,manual_clip_review,HIGH,CONFIRMED,your-name,Manually reviewed and confirmed Tupac witness-speaking rows,YES,,,UNREVIEWED,,,,NO,,UNKNOWN,0.000000,0.000000,UNKNOWN,,UNKNOWN,UNKNOWN,NO,audio_energy_plus_mouth_motion_baseline,FAILED_NO_FACE_DATA,0,0,AUTO_REJECT_CANDIDATE,excluded_or_not_verified_witness_speaking_input,LOW,Speaker-face identity still requires human confirmation
Wt1h7rnCvZQ_turn05558,Wt1h7rnCvZQ_turn05558,Wt1h7rnCvZQ,,,,,/Users/rajeshpmu/Desktop/LegalMemoCMT/data/phase2/tupac/corpus/raw/live-nv-v-duane-keffe-d-davis-day-2-tupac-murder-trial/live-nv-v-duane-keffe-d-davis-day-2-tupac-murder-trial_Wt1h7rnCvZQ.en.vtt,/Users/rajeshpmu/Desktop/LegalMemoCMT/data/processed/phase2/tupac/turn_clips/video/Wt1h7rnCvZQ/Wt1h7rnCvZQ_turn05558.mp4,/Users/rajeshpmu/Desktop/LegalMemoCMT/data/processed/phase2/tupac/turn_clips/audio/Wt1h7rnCvZQ/Wt1h7rnCvZQ_turn05558.wav,,,,,,,,,YES,I thought it was blue. I saw,I thought it was blue. I saw,06:26:43.399,06:26:46.561,3.162,3.162,marker,MEDIUM,1,3,"Wt1h7rnCvZQ_utt13617#p02,Wt1h7rnCvZQ_utt13618#p01,Wt1h7rnCvZQ_utt13619#p01","Wt1h7rnCvZQ_utt13617,Wt1h7rnCvZQ_utt13618,Wt1h7rnCvZQ_utt13619",3,SPEAKER_25,2.575,pyannote/speaker-diarization-3.1,Witness,manual_verified_diarization,HIGH,,,YES,SPEAKING,UNKNOWN,UNKNOWN,/Users/rajeshpmu/Desktop/LegalMemoCMT/data/phase2/tupac/corpus/raw/live-nv-v-duane-keffe-d-davis-day-2-tupac-murder-trial/live-nv-v-duane-keffe-d-davis-day-2-tupac-murder-trial_Wt1h7rnCvZQ.mp4,/Users/rajeshpmu/Desktop/LegalMemoCMT/data/phase2/tupac/corpus/raw/live-nv-v-duane-keffe-d-davis-day-2-tupac-murder-trial/live-nv-v-duane-keffe-d-davis-day-2-tupac-murder-trial_Wt1h7rnCvZQ.wav,/Users/rajeshpmu/Desktop/LegalMemoCMT/data/processed/phase2/tupac/turn_clips/video/Wt1h7rnCvZQ/Wt1h7rnCvZQ_turn05558.mp4,/Users/rajeshpmu/Desktop/LegalMemoCMT/data/processed/phase2/tupac/turn_clips/audio/Wt1h7rnCvZQ/Wt1h7rnCvZQ_turn05558.wav,23203.399,23206.561,3.162,reused,06:26:43.399,06:26:46.561,0.000,default_zero,YES,speaker_role=Witness,review,review because candidate needs manual validation,HUMAN_VERIFIED,manual_clip_review,HIGH,CONFIRMED,your-name,Manually reviewed and confirmed Tupac witness-speaking rows,YES,,,UNREVIEWED,,,,NO,,UNKNOWN,0.000000,0.000000,UNKNOWN,,UNKNOWN,UNKNOWN,NO,audio_energy_plus_mouth_motion_baseline,FAILED_NO_FACE_DATA,0,0,AUTO_REJECT_CANDIDATE,excluded_or_not_verified_witness_speaking_input,LOW,Speaker-face identity still requires human confirmation
Wt1h7rnCvZQ_turn05565,Wt1h7rnCvZQ_turn05565,Wt1h7rnCvZQ,,,,,/Users/rajeshpmu/Desktop/LegalMemoCMT/data/phase2/tupac/corpus/raw/live-nv-v-duane-keffe-d-davis-day-2-tupac-murder-trial/live-nv-v-duane-keffe-d-davis-day-2-tupac-murder-trial_Wt1h7rnCvZQ.en.vtt,/Users/rajeshpmu/Desktop/LegalMemoCMT/data/processed/phase2/tupac/turn_clips/video/Wt1h7rnCvZQ/Wt1h7rnCvZQ_turn05565.mp4,/Users/rajeshpmu/Desktop/LegalMemoCMT/data/processed/phase2/tupac/turn_clips/audio/Wt1h7rnCvZQ/Wt1h7rnCvZQ_turn05565.wav,,,,,,,,,YES,Can you see that?,Can you see that?,06:27:45.830,06:27:46.931,1.101,1.101,marker,MEDIUM,1,2,"Wt1h7rnCvZQ_utt13646#p01,Wt1h7rnCvZQ_utt13647#p01","Wt1h7rnCvZQ_utt13646,Wt1h7rnCvZQ_utt13647",2,SPEAKER_25,1.101,pyannote/speaker-diarization-3.1,Witness,manual_verified_diarization,HIGH,,,YES,SPEAKING,UNKNOWN,UNKNOWN,/Users/rajeshpmu/Desktop/LegalMemoCMT/data/phase2/tupac/corpus/raw/live-nv-v-duane-keffe-d-davis-day-2-tupac-murder-trial/live-nv-v-duane-keffe-d-davis-day-2-tupac-murder-trial_Wt1h7rnCvZQ.mp4,/Users/rajeshpmu/Desktop/LegalMemoCMT/data/phase2/tupac/corpus/raw/live-nv-v-duane-keffe-d-davis-day-2-tupac-murder-trial/live-nv-v-duane-keffe-d-davis-day-2-tupac-murder-trial_Wt1h7rnCvZQ.wav,/Users/rajeshpmu/Desktop/LegalMemoCMT/data/processed/phase2/tupac/turn_clips/video/Wt1h7rnCvZQ/Wt1h7rnCvZQ_turn05565.mp4,/Users/rajeshpmu/Desktop/LegalMemoCMT/data/processed/phase2/tupac/turn_clips/audio/Wt1h7rnCvZQ/Wt1h7rnCvZQ_turn05565.wav,23265.830,23266.931,1.101,reused,06:27:45.830,06:27:46.931,0.000,default_zero,YES,speaker_role=Witness,review,review because candidate needs manual validation,HUMAN_VERIFIED,manual_clip_review,HIGH,CONFIRMED,your-name,Manually reviewed and confirmed Tupac witness-speaking rows,YES,,,UNREVIEWED,,,,NO,,UNKNOWN,0.000000,0.000000,UNKNOWN,,UNKNOWN,UNKNOWN,NO,audio_energy_plus_mouth_motion_baseline,FAILED_NO_FACE_DATA,0,0,AUTO_REJECT_CANDIDATE,excluded_or_not_verified_witness_speaking_input,LOW,Speaker-face identity still requires human confirmation
Wt1h7rnCvZQ_turn05630,Wt1h7rnCvZQ_turn05630,Wt1h7rnCvZQ,,,,,/Users/rajeshpmu/Desktop/LegalMemoCMT/data/phase2/tupac/corpus/raw/live-nv-v-duane-keffe-d-davis-day-2-tupac-murder-trial/live-nv-v-duane-keffe-d-davis-day-2-tupac-murder-trial_Wt1h7rnCvZQ.en.vtt,/Users/rajeshpmu/Desktop/LegalMemoCMT/data/processed/phase2/tupac/turn_clips/video/Wt1h7rnCvZQ/Wt1h7rnCvZQ_turn05630.mp4,/Users/rajeshpmu/Desktop/LegalMemoCMT/data/processed/phase2/tupac/turn_clips/audio/Wt1h7rnCvZQ/Wt1h7rnCvZQ_turn05630.wav,,,,,,,,,YES,Okay. I'm not saying that you're the person that did that. I'm just saying you were that,Okay. I'm not saying that you're the person that did that. I'm just saying you were that,06:52:37.655,06:52:41.268,3.613,3.613,marker,MEDIUM,1,7,"Wt1h7rnCvZQ_utt14039#p02,Wt1h7rnCvZQ_utt14040#p01,Wt1h7rnCvZQ_utt14041#p01,Wt1h7rnCvZQ_utt14042#p01,Wt1h7rnCvZQ_utt14043#p01,Wt1h7rnCvZQ_utt14044#p01,Wt1h7rnCvZQ_utt14045#p01","Wt1h7rnCvZQ_utt14039,Wt1h7rnCvZQ_utt14040,Wt1h7rnCvZQ_utt14041,Wt1h7rnCvZQ_utt14042,Wt1h7rnCvZQ_utt14043,Wt1h7rnCvZQ_utt14044,Wt1h7rnCvZQ_utt14045",7,SPEAKER_25,3.613,pyannote/speaker-diarization-3.1,Witness,manual_verified_diarization,HIGH,,,YES,SPEAKING,UNKNOWN,UNKNOWN,/Users/rajeshpmu/Desktop/LegalMemoCMT/data/phase2/tupac/corpus/raw/live-nv-v-duane-keffe-d-davis-day-2-tupac-murder-trial/live-nv-v-duane-keffe-d-davis-day-2-tupac-murder-trial_Wt1h7rnCvZQ.mp4,/Users/rajeshpmu/Desktop/LegalMemoCMT/data/phase2/tupac/corpus/raw/live-nv-v-duane-keffe-d-davis-day-2-tupac-murder-trial/live-nv-v-duane-keffe-d-davis-day-2-tupac-murder-trial_Wt1h7rnCvZQ.wav,/Users/rajeshpmu/Desktop/LegalMemoCMT/data/processed/phase2/tupac/turn_clips/video/Wt1h7rnCvZQ/Wt1h7rnCvZQ_turn05630.mp4,/Users/rajeshpmu/Desktop/LegalMemoCMT/data/processed/phase2/tupac/turn_clips/audio/Wt1h7rnCvZQ/Wt1h7rnCvZQ_turn05630.wav,24757.655,24761.268,3.613,reused,06:52:37.655,06:52:41.268,0.000,default_zero,YES,speaker_role=Witness,review,review because candidate needs manual validation,HUMAN_VERIFIED,manual_clip_review,HIGH,CONFIRMED,your-name,Manually reviewed and confirmed Tupac witness-speaking rows,YES,,,UNREVIEWED,,,,NO,,UNKNOWN,0.000000,0.000000,UNKNOWN,,UNKNOWN,UNKNOWN,NO,audio_energy_plus_mouth_motion_baseline,FAILED_NO_FACE_DATA,0,0,AUTO_REJECT_CANDIDATE,excluded_or_not_verified_witness_speaking_input,LOW,Speaker-face identity still requires human confirmation
Wt1h7rnCvZQ_turn05652,Wt1h7rnCvZQ_turn05652,Wt1h7rnCvZQ,,,,,/Users/rajeshpmu/Desktop/LegalMemoCMT/data/phase2/tupac/corpus/raw/live-nv-v-duane-keffe-d-davis-day-2-tupac-murder-trial/live-nv-v-duane-keffe-d-davis-day-2-tupac-murder-trial_Wt1h7rnCvZQ.en.vtt,/Users/rajeshpmu/Desktop/LegalMemoCMT/data/processed/phase2/tupac/turn_clips/video/Wt1h7rnCvZQ/Wt1h7rnCvZQ_turn05652.mp4,/Users/rajeshpmu/Desktop/LegalMemoCMT/data/processed/phase2/tupac/turn_clips/audio/Wt1h7rnCvZQ/Wt1h7rnCvZQ_turn05652.wav,,,,,,,,,YES,Uh that's correct.,Uh that's correct.,06:55:09.167,06:55:10.252,1.085,1.085,marker,MEDIUM,1,3,"Wt1h7rnCvZQ_utt14171#p02,Wt1h7rnCvZQ_utt14172#p01,Wt1h7rnCvZQ_utt14173#p01","Wt1h7rnCvZQ_utt14171,Wt1h7rnCvZQ_utt14172,Wt1h7rnCvZQ_utt14173",3,SPEAKER_25,0.612,pyannote/speaker-diarization-3.1,Witness,manual_verified_diarization,HIGH,,,YES,SPEAKING,UNKNOWN,UNKNOWN,/Users/rajeshpmu/Desktop/LegalMemoCMT/data/phase2/tupac/corpus/raw/live-nv-v-duane-keffe-d-davis-day-2-tupac-murder-trial/live-nv-v-duane-keffe-d-davis-day-2-tupac-murder-trial_Wt1h7rnCvZQ.mp4,/Users/rajeshpmu/Desktop/LegalMemoCMT/data/phase2/tupac/corpus/raw/live-nv-v-duane-keffe-d-davis-day-2-tupac-murder-trial/live-nv-v-duane-keffe-d-davis-day-2-tupac-murder-trial_Wt1h7rnCvZQ.wav,/Users/rajeshpmu/Desktop/LegalMemoCMT/data/processed/phase2/tupac/turn_clips/video/Wt1h7rnCvZQ/Wt1h7rnCvZQ_turn05652.mp4,/Users/rajeshpmu/Desktop/LegalMemoCMT/data/processed/phase2/tupac/turn_clips/audio/Wt1h7rnCvZQ/Wt1h7rnCvZQ_turn05652.wav,24909.167,24910.252,1.085,reused,06:55:09.167,06:55:10.252,0.000,default_zero,YES,speaker_role=Witness,review,review because candidate needs manual validation,HUMAN_VERIFIED,manual_clip_review,HIGH,CONFIRMED,your-name,Manually reviewed and confirmed Tupac witness-speaking rows,YES,,,UNREVIEWED,,,,NO,,UNKNOWN,0.000000,0.000000,UNKNOWN,,UNKNOWN,UNKNOWN,NO,audio_energy_plus_mouth_motion_baseline,FAILED_NO_FACE_DATA,0,0,AUTO_REJECT_CANDIDATE,excluded_or_not_verified_witness_speaking_input,LOW,Speaker-face identity still requires human confirmation
Wt1h7rnCvZQ_turn05656,Wt1h7rnCvZQ_turn05656,Wt1h7rnCvZQ,,,,,/Users/rajeshpmu/Desktop/LegalMemoCMT/data/phase2/tupac/corpus/raw/live-nv-v-duane-keffe-d-davis-day-2-tupac-murder-trial/live-nv-v-duane-keffe-d-davis-day-2-tupac-murder-trial_Wt1h7rnCvZQ.en.vtt,/Users/rajeshpmu/Desktop/LegalMemoCMT/data/processed/phase2/tupac/turn_clips/video/Wt1h7rnCvZQ/Wt1h7rnCvZQ_turn05656.mp4,/Users/rajeshpmu/Desktop/LegalMemoCMT/data/processed/phase2/tupac/turn_clips/audio/Wt1h7rnCvZQ/Wt1h7rnCvZQ_turn05656.wav,,,,,,,,,YES,"Well, you had did about 10 interviews in the last two months. So, I may have said something like that.","Well, you had did about 10 interviews in the last two months. So, I may have said something like that.",06:55:29.089,06:55:34.288,5.199,5.199,marker,MEDIUM,1,7,"Wt1h7rnCvZQ_utt14191#p02,Wt1h7rnCvZQ_utt14192#p01,Wt1h7rnCvZQ_utt14193#p01,Wt1h7rnCvZQ_utt14194#p01,Wt1h7rnCvZQ_utt14195#p01,Wt1h7rnCvZQ_utt14196#p01,Wt1h7rnCvZQ_utt14197#p01","Wt1h7rnCvZQ_utt14191,Wt1h7rnCvZQ_utt14192,Wt1h7rnCvZQ_utt14193,Wt1h7rnCvZQ_utt14194,Wt1h7rnCvZQ_utt14195,Wt1h7rnCvZQ_utt14196,Wt1h7rnCvZQ_utt14197",7,SPEAKER_25,4.885,pyannote/speaker-diarization-3.1,Witness,manual_verified_diarization,HIGH,,,YES,SPEAKING,UNKNOWN,UNKNOWN,/Users/rajeshpmu/Desktop/LegalMemoCMT/data/phase2/tupac/corpus/raw/live-nv-v-duane-keffe-d-davis-day-2-tupac-murder-trial/live-nv-v-duane-keffe-d-davis-day-2-tupac-murder-trial_Wt1h7rnCvZQ.mp4,/Users/rajeshpmu/Desktop/LegalMemoCMT/data/phase2/tupac/corpus/raw/live-nv-v-duane-keffe-d-davis-day-2-tupac-murder-trial/live-nv-v-duane-keffe-d-davis-day-2-tupac-murder-trial_Wt1h7rnCvZQ.wav,/Users/rajeshpmu/Desktop/LegalMemoCMT/data/processed/phase2/tupac/turn_clips/video/Wt1h7rnCvZQ/Wt1h7rnCvZQ_turn05656.mp4,/Users/rajeshpmu/Desktop/LegalMemoCMT/data/processed/phase2/tupac/turn_clips/audio/Wt1h7rnCvZQ/Wt1h7rnCvZQ_turn05656.wav,24929.089,24934.288,5.199,reused,06:55:29.089,06:55:34.288,0.000,default_zero,YES,speaker_role=Witness,review,review because candidate needs manual validation,HUMAN_VERIFIED,manual_clip_review,HIGH,CONFIRMED,your-name,Manually reviewed and confirmed Tupac witness-speaking rows,YES,,,UNREVIEWED,,,,NO,,UNKNOWN,0.000000,0.000000,UNKNOWN,,UNKNOWN,UNKNOWN,NO,audio_energy_plus_mouth_motion_baseline,FAILED_NO_FACE_DATA,0,0,AUTO_REJECT_CANDIDATE,excluded_or_not_verified_witness_speaking_input,LOW,Speaker-face identity still requires human confirmation
Wt1h7rnCvZQ_turn05704,Wt1h7rnCvZQ_turn05704,Wt1h7rnCvZQ,,,,,/Users/rajeshpmu/Desktop/LegalMemoCMT/data/phase2/tupac/corpus/raw/live-nv-v-duane-keffe-d-davis-day-2-tupac-murder-trial/live-nv-v-duane-keffe-d-davis-day-2-tupac-murder-trial_Wt1h7rnCvZQ.en.vtt,/Users/rajeshpmu/Desktop/LegalMemoCMT/data/processed/phase2/tupac/turn_clips/video/Wt1h7rnCvZQ/Wt1h7rnCvZQ_turn05704.mp4,/Users/rajeshpmu/Desktop/LegalMemoCMT/data/processed/phase2/tupac/turn_clips/audio/Wt1h7rnCvZQ/Wt1h7rnCvZQ_turn05704.wav,,,,,,,,,YES,"eventually that grew, but yes. 94 not as much. 95 96. Yes, sir.","eventually that grew, but yes. 94 not as much. 95 96. Yes, sir.",07:00:51.514,07:00:56.984,5.470,5.470,marker,MEDIUM,1,5,"Wt1h7rnCvZQ_utt14497#p02,Wt1h7rnCvZQ_utt14498#p01,Wt1h7rnCvZQ_utt14499#p01,Wt1h7rnCvZQ_utt14500#p01,Wt1h7rnCvZQ_utt14501#p01","Wt1h7rnCvZQ_utt14497,Wt1h7rnCvZQ_utt14498,Wt1h7rnCvZQ_utt14499,Wt1h7rnCvZQ_utt14500,Wt1h7rnCvZQ_utt14501",5,SPEAKER_25,3.895,pyannote/speaker-diarization-3.1,Witness,manual_verified_diarization,HIGH,,,YES,SPEAKING,UNKNOWN,UNKNOWN,/Users/rajeshpmu/Desktop/LegalMemoCMT/data/phase2/tupac/corpus/raw/live-nv-v-duane-keffe-d-davis-day-2-tupac-murder-trial/live-nv-v-duane-keffe-d-davis-day-2-tupac-murder-trial_Wt1h7rnCvZQ.mp4,/Users/rajeshpmu/Desktop/LegalMemoCMT/data/phase2/tupac/corpus/raw/live-nv-v-duane-keffe-d-davis-day-2-tupac-murder-trial/live-nv-v-duane-keffe-d-davis-day-2-tupac-murder-trial_Wt1h7rnCvZQ.wav,/Users/rajeshpmu/Desktop/LegalMemoCMT/data/processed/phase2/tupac/turn_clips/video/Wt1h7rnCvZQ/Wt1h7rnCvZQ_turn05704.mp4,/Users/rajeshpmu/Desktop/LegalMemoCMT/data/processed/phase2/tupac/turn_clips/audio/Wt1h7rnCvZQ/Wt1h7rnCvZQ_turn05704.wav,25251.514,25256.984,5.470,reused,07:00:51.514,07:00:56.984,0.000,default_zero,YES,speaker_role=Witness,review,review because candidate needs manual validation,HUMAN_VERIFIED,manual_clip_review,HIGH,CONFIRMED,your-name,Manually reviewed and confirmed Tupac witness-speaking rows,YES,,,UNREVIEWED,,,,NO,,UNKNOWN,0.000000,0.000000,UNKNOWN,,UNKNOWN,UNKNOWN,NO,audio_energy_plus_mouth_motion_baseline,FAILED_NO_FACE_DATA,0,0,AUTO_REJECT_CANDIDATE,excluded_or_not_verified_witness_speaking_input,LOW,Speaker-face identity still requires human confirmation
Wt1h7rnCvZQ_turn05841,Wt1h7rnCvZQ_turn05841,Wt1h7rnCvZQ,,,,,/Users/rajeshpmu/Desktop/LegalMemoCMT/data/phase2/tupac/corpus/raw/live-nv-v-duane-keffe-d-davis-day-2-tupac-murder-trial/live-nv-v-duane-keffe-d-davis-day-2-tupac-murder-trial_Wt1h7rnCvZQ.en.vtt,/Users/rajeshpmu/Desktop/LegalMemoCMT/data/processed/phase2/tupac/turn_clips/video/Wt1h7rnCvZQ/Wt1h7rnCvZQ_turn05841.mp4,/Users/rajeshpmu/Desktop/LegalMemoCMT/data/processed/phase2/tupac/turn_clips/audio/Wt1h7rnCvZQ/Wt1h7rnCvZQ_turn05841.wav,,,,,,,,,YES,right? But,right? But,07:18:33.326,07:18:34.129,0.803,0.803,marker,MEDIUM,1,3,"Wt1h7rnCvZQ_utt15491#p02,Wt1h7rnCvZQ_utt15492#p01,Wt1h7rnCvZQ_utt15493#p01","Wt1h7rnCvZQ_utt15491,Wt1h7rnCvZQ_utt15492,Wt1h7rnCvZQ_utt15493",3,SPEAKER_25,0.803,pyannote/speaker-diarization-3.1,Witness,manual_verified_diarization,HIGH,,,YES,SPEAKING,UNKNOWN,UNKNOWN,/Users/rajeshpmu/Desktop/LegalMemoCMT/data/phase2/tupac/corpus/raw/live-nv-v-duane-keffe-d-davis-day-2-tupac-murder-trial/live-nv-v-duane-keffe-d-davis-day-2-tupac-murder-trial_Wt1h7rnCvZQ.mp4,/Users/rajeshpmu/Desktop/LegalMemoCMT/data/phase2/tupac/corpus/raw/live-nv-v-duane-keffe-d-davis-day-2-tupac-murder-trial/live-nv-v-duane-keffe-d-davis-day-2-tupac-murder-trial_Wt1h7rnCvZQ.wav,/Users/rajeshpmu/Desktop/LegalMemoCMT/data/processed/phase2/tupac/turn_clips/video/Wt1h7rnCvZQ/Wt1h7rnCvZQ_turn05841.mp4,/Users/rajeshpmu/Desktop/LegalMemoCMT/data/processed/phase2/tupac/turn_clips/audio/Wt1h7rnCvZQ/Wt1h7rnCvZQ_turn05841.wav,26313.326,26314.129,0.803,reused,07:18:33.326,07:18:34.129,0.000,default_zero,YES,speaker_role=Witness,review,review because candidate needs manual validation,HUMAN_VERIFIED,manual_clip_review,HIGH,CONFIRMED,your-name,Manually reviewed and confirmed Tupac witness-speaking rows,YES,,,UNREVIEWED,,,,NO,,UNKNOWN,0.000000,0.000000,UNKNOWN,,UNKNOWN,UNKNOWN,NO,audio_energy_plus_mouth_motion_baseline,FAILED_NO_FACE_DATA,0,0,AUTO_REJECT_CANDIDATE,excluded_or_not_verified_witness_speaking_input,LOW,Speaker-face identity still requires human confirmation
Wt1h7rnCvZQ_turn05932,Wt1h7rnCvZQ_turn05932,Wt1h7rnCvZQ,,,,,/Users/rajeshpmu/Desktop/LegalMemoCMT/data/phase2/tupac/corpus/raw/live-nv-v-duane-keffe-d-davis-day-2-tupac-murder-trial/live-nv-v-duane-keffe-d-davis-day-2-tupac-murder-trial_Wt1h7rnCvZQ.en.vtt,/Users/rajeshpmu/Desktop/LegalMemoCMT/data/processed/phase2/tupac/turn_clips/video/Wt1h7rnCvZQ/Wt1h7rnCvZQ_turn05932.mp4,/Users/rajeshpmu/Desktop/LegalMemoCMT/data/processed/phase2/tupac/turn_clips/audio/Wt1h7rnCvZQ/Wt1h7rnCvZQ_turn05932.wav,,,,,,,,,YES,"Uh no actually well it happened the reason why I got in trouble because it went across state lines to Memphis. It's actually Memphis, Tennessee.","Uh no actually well it happened the reason why I got in trouble because it went across state lines to Memphis. It's actually Memphis, Tennessee.",07:29:08.887,07:29:16.996,8.109,8.109,marker,MEDIUM,1,9,"Wt1h7rnCvZQ_utt16061#p02,Wt1h7rnCvZQ_utt16062#p01,Wt1h7rnCvZQ_utt16063#p01,Wt1h7rnCvZQ_utt16064#p01,Wt1h7rnCvZQ_utt16065#p01,Wt1h7rnCvZQ_utt16066#p01,Wt1h7rnCvZQ_utt16067#p01,Wt1h7rnCvZQ_utt16068#p01,Wt1h7rnCvZQ_utt16069#p01","Wt1h7rnCvZQ_utt16061,Wt1h7rnCvZQ_utt16062,Wt1h7rnCvZQ_utt16063,Wt1h7rnCvZQ_utt16064,Wt1h7rnCvZQ_utt16065,Wt1h7rnCvZQ_utt16066,Wt1h7rnCvZQ_utt16067,Wt1h7rnCvZQ_utt16068,Wt1h7rnCvZQ_utt16069",9,SPEAKER_25,7.218,pyannote/speaker-diarization-3.1,Witness,manual_verified_diarization,HIGH,,,YES,SPEAKING,UNKNOWN,UNKNOWN,/Users/rajeshpmu/Desktop/LegalMemoCMT/data/phase2/tupac/corpus/raw/live-nv-v-duane-keffe-d-davis-day-2-tupac-murder-trial/live-nv-v-duane-keffe-d-davis-day-2-tupac-murder-trial_Wt1h7rnCvZQ.mp4,/Users/rajeshpmu/Desktop/LegalMemoCMT/data/phase2/tupac/corpus/raw/live-nv-v-duane-keffe-d-davis-day-2-tupac-murder-trial/live-nv-v-duane-keffe-d-davis-day-2-tupac-murder-trial_Wt1h7rnCvZQ.wav,/Users/rajeshpmu/Desktop/LegalMemoCMT/data/processed/phase2/tupac/turn_clips/video/Wt1h7rnCvZQ/Wt1h7rnCvZQ_turn05932.mp4,/Users/rajeshpmu/Desktop/LegalMemoCMT/data/processed/phase2/tupac/turn_clips/audio/Wt1h7rnCvZQ/Wt1h7rnCvZQ_turn05932.wav,26948.887,26956.996,8.109,reused,07:29:08.887,07:29:16.996,0.000,default_zero,YES,speaker_role=Witness,review,review because candidate needs manual validation,HUMAN_VERIFIED,manual_clip_review,HIGH,CONFIRMED,your-name,Manually reviewed and confirmed Tupac witness-speaking rows,YES,,,UNREVIEWED,,,,NO,,UNKNOWN,0.000000,0.000000,UNKNOWN,,UNKNOWN,UNKNOWN,NO,audio_energy_plus_mouth_motion_baseline,FAILED_NO_FACE_DATA,0,0,AUTO_REJECT_CANDIDATE,excluded_or_not_verified_witness_speaking_input,LOW,Speaker-face identity still requires human confirmation
Wt1h7rnCvZQ_turn05952,Wt1h7rnCvZQ_turn05952,Wt1h7rnCvZQ,,,,,/Users/rajeshpmu/Desktop/LegalMemoCMT/data/phase2/tupac/corpus/raw/live-nv-v-duane-keffe-d-davis-day-2-tupac-murder-trial/live-nv-v-duane-keffe-d-davis-day-2-tupac-murder-trial_Wt1h7rnCvZQ.en.vtt,/Users/rajeshpmu/Desktop/LegalMemoCMT/data/processed/phase2/tupac/turn_clips/video/Wt1h7rnCvZQ/Wt1h7rnCvZQ_turn05952.mp4,/Users/rajeshpmu/Desktop/LegalMemoCMT/data/processed/phase2/tupac/turn_clips/audio/Wt1h7rnCvZQ/Wt1h7rnCvZQ_turn05952.wav,,,,,,,,,YES,"Public. And when I say that, I mean public cuz a lot of times he laid up sleep with somebody and I wasn't with him.","Public. And when I say that, I mean public cuz a lot of times he laid up sleep with somebody and I wasn't with him.",07:30:41.759,07:30:47.946,6.187,6.187,marker,MEDIUM,1,9,"Wt1h7rnCvZQ_utt16149#p02,Wt1h7rnCvZQ_utt16150#p01,Wt1h7rnCvZQ_utt16151#p01,Wt1h7rnCvZQ_utt16152#p01,Wt1h7rnCvZQ_utt16153#p01,Wt1h7rnCvZQ_utt16154#p01,Wt1h7rnCvZQ_utt16155#p01,Wt1h7rnCvZQ_utt16156#p01,Wt1h7rnCvZQ_utt16157#p01","Wt1h7rnCvZQ_utt16149,Wt1h7rnCvZQ_utt16150,Wt1h7rnCvZQ_utt16151,Wt1h7rnCvZQ_utt16152,Wt1h7rnCvZQ_utt16153,Wt1h7rnCvZQ_utt16154,Wt1h7rnCvZQ_utt16155,Wt1h7rnCvZQ_utt16156,Wt1h7rnCvZQ_utt16157",9,SPEAKER_25,5.556,pyannote/speaker-diarization-3.1,Witness,manual_verified_diarization,HIGH,,,YES,SPEAKING,UNKNOWN,UNKNOWN,/Users/rajeshpmu/Desktop/LegalMemoCMT/data/phase2/tupac/corpus/raw/live-nv-v-duane-keffe-d-davis-day-2-tupac-murder-trial/live-nv-v-duane-keffe-d-davis-day-2-tupac-murder-trial_Wt1h7rnCvZQ.mp4,/Users/rajeshpmu/Desktop/LegalMemoCMT/data/phase2/tupac/corpus/raw/live-nv-v-duane-keffe-d-davis-day-2-tupac-murder-trial/live-nv-v-duane-keffe-d-davis-day-2-tupac-murder-trial_Wt1h7rnCvZQ.wav,/Users/rajeshpmu/Desktop/LegalMemoCMT/data/processed/phase2/tupac/turn_clips/video/Wt1h7rnCvZQ/Wt1h7rnCvZQ_turn05952.mp4,/Users/rajeshpmu/Desktop/LegalMemoCMT/data/processed/phase2/tupac/turn_clips/audio/Wt1h7rnCvZQ/Wt1h7rnCvZQ_turn05952.wav,27041.759,27047.946,6.187,reused,07:30:41.759,07:30:47.946,0.000,default_zero,YES,speaker_role=Witness,review,review because candidate needs manual validation,HUMAN_VERIFIED,manual_clip_review,HIGH,CONFIRMED,your-name,Manually reviewed and confirmed Tupac witness-speaking rows,YES,,,UNREVIEWED,,,,NO,,UNKNOWN,0.000000,0.000000,UNKNOWN,,UNKNOWN,UNKNOWN,NO,audio_energy_plus_mouth_motion_baseline,FAILED_NO_FACE_DATA,0,0,AUTO_REJECT_CANDIDATE,excluded_or_not_verified_witness_speaking_input,LOW,Speaker-face identity still requires human confirmation
Wt1h7rnCvZQ_turn05955,Wt1h7rnCvZQ_turn05955,Wt1h7rnCvZQ,,,,,/Users/rajeshpmu/Desktop/LegalMemoCMT/data/phase2/tupac/corpus/raw/live-nv-v-duane-keffe-d-davis-day-2-tupac-murder-trial/live-nv-v-duane-keffe-d-davis-day-2-tupac-murder-trial_Wt1h7rnCvZQ.en.vtt,/Users/rajeshpmu/Desktop/LegalMemoCMT/data/processed/phase2/tupac/turn_clips/video/Wt1h7rnCvZQ/Wt1h7rnCvZQ_turn05955.mp4,/Users/rajeshpmu/Desktop/LegalMemoCMT/data/processed/phase2/tupac/turn_clips/audio/Wt1h7rnCvZQ/Wt1h7rnCvZQ_turn05955.wav,,,,,,,,,YES,"by his calling, not anyone else.","by his calling, not anyone else.",07:30:57.737,07:31:00.555,2.818,2.818,marker,MEDIUM,1,3,"Wt1h7rnCvZQ_utt16169#p02,Wt1h7rnCvZQ_utt16170#p01,Wt1h7rnCvZQ_utt16171#p01","Wt1h7rnCvZQ_utt16169,Wt1h7rnCvZQ_utt16170,Wt1h7rnCvZQ_utt16171",3,SPEAKER_25,1.917,pyannote/speaker-diarization-3.1,Witness,manual_verified_diarization,HIGH,,,YES,SPEAKING,UNKNOWN,UNKNOWN,/Users/rajeshpmu/Desktop/LegalMemoCMT/data/phase2/tupac/corpus/raw/live-nv-v-duane-keffe-d-davis-day-2-tupac-murder-trial/live-nv-v-duane-keffe-d-davis-day-2-tupac-murder-trial_Wt1h7rnCvZQ.mp4,/Users/rajeshpmu/Desktop/LegalMemoCMT/data/phase2/tupac/corpus/raw/live-nv-v-duane-keffe-d-davis-day-2-tupac-murder-trial/live-nv-v-duane-keffe-d-davis-day-2-tupac-murder-trial_Wt1h7rnCvZQ.wav,/Users/rajeshpmu/Desktop/LegalMemoCMT/data/processed/phase2/tupac/turn_clips/video/Wt1h7rnCvZQ/Wt1h7rnCvZQ_turn05955.mp4,/Users/rajeshpmu/Desktop/LegalMemoCMT/data/processed/phase2/tupac/turn_clips/audio/Wt1h7rnCvZQ/Wt1h7rnCvZQ_turn05955.wav,27057.737,27060.555,2.818,reused,07:30:57.737,07:31:00.555,0.000,default_zero,YES,speaker_role=Witness,review,review because candidate needs manual validation,HUMAN_VERIFIED,manual_clip_review,HIGH,CONFIRMED,your-name,Manually reviewed and confirmed Tupac witness-speaking rows,YES,,,UNREVIEWED,,,,NO,,UNKNOWN,0.000000,0.000000,UNKNOWN,,UNKNOWN,UNKNOWN,NO,audio_energy_plus_mouth_motion_baseline,FAILED_NO_FACE_DATA,0,0,AUTO_REJECT_CANDIDATE,excluded_or_not_verified_witness_speaking_input,LOW,Speaker-face identity still requires human confirmation
Wt1h7rnCvZQ_turn04263,Wt1h7rnCvZQ_turn04263,Wt1h7rnCvZQ,,,,,/Users/rajeshpmu/Desktop/LegalMemoCMT/data/phase2/tupac/corpus/raw/live-nv-v-duane-keffe-d-davis-day-2-tupac-murder-trial/live-nv-v-duane-keffe-d-davis-day-2-tupac-murder-trial_Wt1h7rnCvZQ.en.vtt,/Users/rajeshpmu/Desktop/LegalMemoCMT/data/processed/phase2/tupac/turn_clips/video/Wt1h7rnCvZQ/Wt1h7rnCvZQ_turn04263.mp4,/Users/rajeshpmu/Desktop/LegalMemoCMT/data/processed/phase2/tupac/turn_clips/audio/Wt1h7rnCvZQ/Wt1h7rnCvZQ_turn04263.wav,,,,,,,,,YES,"Stop it just here for a second to orient everybody. So the camera is it being operated manually by a cameraman so he can stop it on something that he's looking at? uh he can stop it at a location, but that movement that you saw was just the camera in rotation, just scanning the area.","Stop it just here for a second to orient everybody. So the camera is it being operated manually by a cameraman so he can stop it on something that he's looking at? uh he can stop it at a location, but that movement that you saw was just the camera in rotation, just scanning the area.",01:20:17.669,01:20:35.081,17.412,17.412,marker,MEDIUM,1,16,"Wt1h7rnCvZQ_utt03036#p01,Wt1h7rnCvZQ_utt03037#p01,Wt1h7rnCvZQ_utt03038#p01,Wt1h7rnCvZQ_utt03039#p01,Wt1h7rnCvZQ_utt03040#p01,Wt1h7rnCvZQ_utt03041#p01,Wt1h7rnCvZQ_utt03042#p01,Wt1h7rnCvZQ_utt03043#p01,Wt1h7rnCvZQ_utt03044#p01,Wt1h7rnCvZQ_utt03045#p01,Wt1h7rnCvZQ_utt03046#p01,Wt1h7rnCvZQ_utt03047#p01,Wt1h7rnCvZQ_utt03048#p01,Wt1h7rnCvZQ_utt03049#p01,Wt1h7rnCvZQ_utt03050#p01,Wt1h7rnCvZQ_utt03051#p01","Wt1h7rnCvZQ_utt03036,Wt1h7rnCvZQ_utt03037,Wt1h7rnCvZQ_utt03038,Wt1h7rnCvZQ_utt03039,Wt1h7rnCvZQ_utt03040,Wt1h7rnCvZQ_utt03041,Wt1h7rnCvZQ_utt03042,Wt1h7rnCvZQ_utt03043,Wt1h7rnCvZQ_utt03044,Wt1h7rnCvZQ_utt03045,Wt1h7rnCvZQ_utt03046,Wt1h7rnCvZQ_utt03047,Wt1h7rnCvZQ_utt03048,Wt1h7rnCvZQ_utt03049,Wt1h7rnCvZQ_utt03050,Wt1h7rnCvZQ_utt03051",16,SPEAKER_13,8.370,pyannote/speaker-diarization-3.1,Witness,manual_verified_diarization,HIGH,,,YES,SPEAKING,UNKNOWN,UNKNOWN,/Users/rajeshpmu/Desktop/LegalMemoCMT/data/phase2/tupac/corpus/raw/live-nv-v-duane-keffe-d-davis-day-2-tupac-murder-trial/live-nv-v-duane-keffe-d-davis-day-2-tupac-murder-trial_Wt1h7rnCvZQ.mp4,/Users/rajeshpmu/Desktop/LegalMemoCMT/data/phase2/tupac/corpus/raw/live-nv-v-duane-keffe-d-davis-day-2-tupac-murder-trial/live-nv-v-duane-keffe-d-davis-day-2-tupac-murder-trial_Wt1h7rnCvZQ.wav,/Users/rajeshpmu/Desktop/LegalMemoCMT/data/processed/phase2/tupac/turn_clips/video/Wt1h7rnCvZQ/Wt1h7rnCvZQ_turn04263.mp4,/Users/rajeshpmu/Desktop/LegalMemoCMT/data/processed/phase2/tupac/turn_clips/audio/Wt1h7rnCvZQ/Wt1h7rnCvZQ_turn04263.wav,4817.669,4835.081,17.412,reused,01:20:17.669,01:20:35.081,0.000,default_zero,YES,speaker_role=Witness,review,review because candidate needs manual validation,HUMAN_VERIFIED,manual_clip_review,HIGH,CONFIRMED,your-name,Manually reviewed and confirmed Tupac witness-speaking rows,YES,,,UNREVIEWED,,,,NO,,UNKNOWN,0.000000,0.000000,UNKNOWN,,UNKNOWN,UNKNOWN,NO,audio_energy_plus_mouth_motion_baseline,FAILED_NO_FACE_DATA,0,0,AUTO_REJECT_CANDIDATE,excluded_or_not_verified_witness_speaking_input,LOW,Speaker-face identity still requires human confirmation
YCH11exBTlY_turn06038,YCH11exBTlY_turn06038,YCH11exBTlY,,,,,/Users/rajeshpmu/Desktop/LegalMemoCMT/data/phase2/tupac/corpus/raw/retired-lvmpd-officer-testimony-in-tupac-murder-trial/retired-lvmpd-officer-testimony-in-tupac-murder-trial_YCH11exBTlY.en.vtt,/Users/rajeshpmu/Desktop/LegalMemoCMT/data/processed/phase2/tupac/turn_clips/video/YCH11exBTlY/YCH11exBTlY_turn06038.mp4,/Users/rajeshpmu/Desktop/LegalMemoCMT/data/processed/phase2/tupac/turn_clips/audio/YCH11exBTlY/YCH11exBTlY_turn06038.wav,,,,,,,,,YES,"So, um you can see the the cartridge cases are kind of straddling the two lanes. you for a second, Mr. O'Kelly. Um there's a mouse sitting right there. Don't click it. It just uh it'll freeze up the whole system, but it you can use it as a pointer.","So, um you can see the the cartridge cases are kind of straddling the two lanes. you for a second, Mr. O'Kelly. Um there's a mouse sitting right there. Don't click it. It just uh it'll freeze up the whole system, but it you can use it as a pointer.",00:06:38.080,00:06:52.743,14.663,14.663,marker,MEDIUM,1,16,"YCH11exBTlY_utt00327#p01,YCH11exBTlY_utt00328#p01,YCH11exBTlY_utt00329#p01,YCH11exBTlY_utt00330#p01,YCH11exBTlY_utt00331#p01,YCH11exBTlY_utt00331#p02,YCH11exBTlY_utt00332#p01,YCH11exBTlY_utt00333#p01,YCH11exBTlY_utt00334#p01,YCH11exBTlY_utt00335#p01,YCH11exBTlY_utt00336#p01,YCH11exBTlY_utt00337#p01,YCH11exBTlY_utt00338#p01,YCH11exBTlY_utt00339#p01,YCH11exBTlY_utt00340#p01,YCH11exBTlY_utt00341#p01","YCH11exBTlY_utt00327,YCH11exBTlY_utt00328,YCH11exBTlY_utt00329,YCH11exBTlY_utt00330,YCH11exBTlY_utt00331,YCH11exBTlY_utt00332,YCH11exBTlY_utt00333,YCH11exBTlY_utt00334,YCH11exBTlY_utt00335,YCH11exBTlY_utt00336,YCH11exBTlY_utt00337,YCH11exBTlY_utt00338,YCH11exBTlY_utt00339,YCH11exBTlY_utt00340,YCH11exBTlY_utt00341",15,SPEAKER_01,4.909,pyannote/speaker-diarization-3.1,Witness,manual_verified_diarization,HIGH,,,YES,SPEAKING,UNKNOWN,UNKNOWN,/Users/rajeshpmu/Desktop/LegalMemoCMT/data/phase2/tupac/corpus/raw/retired-lvmpd-officer-testimony-in-tupac-murder-trial/retired-lvmpd-officer-testimony-in-tupac-murder-trial_YCH11exBTlY.mp4,/Users/rajeshpmu/Desktop/LegalMemoCMT/data/phase2/tupac/corpus/raw/retired-lvmpd-officer-testimony-in-tupac-murder-trial/retired-lvmpd-officer-testimony-in-tupac-murder-trial_YCH11exBTlY.wav,/Users/rajeshpmu/Desktop/LegalMemoCMT/data/processed/phase2/tupac/turn_clips/video/YCH11exBTlY/YCH11exBTlY_turn06038.mp4,/Users/rajeshpmu/Desktop/LegalMemoCMT/data/processed/phase2/tupac/turn_clips/audio/YCH11exBTlY/YCH11exBTlY_turn06038.wav,398.080,412.743,14.663,reused,00:06:38.080,00:06:52.743,0.000,default_zero,YES,speaker_role=Witness,review,review because candidate needs manual validation,HUMAN_VERIFIED,manual_clip_review,HIGH,CONFIRMED,your-name,Manually reviewed and confirmed Tupac witness-speaking rows,YES,,,UNREVIEWED,,,,NO,,UNKNOWN,0.000000,0.000000,UNKNOWN,,UNKNOWN,UNKNOWN,NO,audio_energy_plus_mouth_motion_baseline,FAILED_NO_FACE_DATA,0,0,AUTO_REJECT_CANDIDATE,excluded_or_not_verified_witness_speaking_input,LOW,Speaker-face identity still requires human confirmation
YCH11exBTlY_turn06042,YCH11exBTlY_turn06042,YCH11exBTlY,,,,,/Users/rajeshpmu/Desktop/LegalMemoCMT/data/phase2/tupac/corpus/raw/retired-lvmpd-officer-testimony-in-tupac-murder-trial/retired-lvmpd-officer-testimony-in-tupac-murder-trial_YCH11exBTlY.en.vtt,/Users/rajeshpmu/Desktop/LegalMemoCMT/data/processed/phase2/tupac/turn_clips/video/YCH11exBTlY/YCH11exBTlY_turn06042.mp4,/Users/rajeshpmu/Desktop/LegalMemoCMT/data/processed/phase2/tupac/turn_clips/audio/YCH11exBTlY/YCH11exBTlY_turn06042.wav,,,,,,,,,YES,How do you know Dan?,How do you know Dan?,00:07:29.051,00:07:30.738,1.687,1.687,marker,MEDIUM,1,3,"YCH11exBTlY_utt00373#p02,YCH11exBTlY_utt00374#p01,YCH11exBTlY_utt00375#p01","YCH11exBTlY_utt00373,YCH11exBTlY_utt00374,YCH11exBTlY_utt00375",3,SPEAKER_01,0.803,pyannote/speaker-diarization-3.1,Witness,manual_verified_diarization,HIGH,,,YES,SPEAKING,UNKNOWN,UNKNOWN,/Users/rajeshpmu/Desktop/LegalMemoCMT/data/phase2/tupac/corpus/raw/retired-lvmpd-officer-testimony-in-tupac-murder-trial/retired-lvmpd-officer-testimony-in-tupac-murder-trial_YCH11exBTlY.mp4,/Users/rajeshpmu/Desktop/LegalMemoCMT/data/phase2/tupac/corpus/raw/retired-lvmpd-officer-testimony-in-tupac-murder-trial/retired-lvmpd-officer-testimony-in-tupac-murder-trial_YCH11exBTlY.wav,/Users/rajeshpmu/Desktop/LegalMemoCMT/data/processed/phase2/tupac/turn_clips/video/YCH11exBTlY/YCH11exBTlY_turn06042.mp4,/Users/rajeshpmu/Desktop/LegalMemoCMT/data/processed/phase2/tupac/turn_clips/audio/YCH11exBTlY/YCH11exBTlY_turn06042.wav,449.051,450.738,1.687,reused,00:07:29.051,00:07:30.738,0.000,default_zero,YES,speaker_role=Witness,review,review because candidate needs manual validation,HUMAN_VERIFIED,manual_clip_review,HIGH,CONFIRMED,your-name,Manually reviewed and confirmed Tupac witness-speaking rows,YES,,,UNREVIEWED,,,,NO,,UNKNOWN,0.000000,0.000000,UNKNOWN,,UNKNOWN,UNKNOWN,NO,audio_energy_plus_mouth_motion_baseline,FAILED_NO_FACE_DATA,0,0,AUTO_REJECT_CANDIDATE,excluded_or_not_verified_witness_speaking_input,LOW,Speaker-face identity still requires human confirmation
gozVH0bYxzY_turn07081,gozVH0bYxzY_turn07081,gozVH0bYxzY,,,,,/Users/rajeshpmu/Desktop/LegalMemoCMT/data/phase2/tupac/corpus/raw/2pac-trial-day-2-reggie-wright-and-mob-james-testify-8-18-2026/2pac-trial-day-2-reggie-wright-and-mob-james-testify-8-18-2026_gozVH0bYxzY.en.vtt,/Users/rajeshpmu/Desktop/LegalMemoCMT/data/processed/phase2/tupac/turn_clips/video/gozVH0bYxzY/gozVH0bYxzY_turn07081.mp4,/Users/rajeshpmu/Desktop/LegalMemoCMT/data/processed/phase2/tupac/turn_clips/audio/gozVH0bYxzY/gozVH0bYxzY_turn07081.wav,,,,,,,,,YES,How do you know Dan?,How do you know Dan?,03:04:30.506,03:04:32.279,1.773,1.773,marker,MEDIUM,1,3,"gozVH0bYxzY_utt06567#p02,gozVH0bYxzY_utt06568#p01,gozVH0bYxzY_utt06569#p01","gozVH0bYxzY_utt06567,gozVH0bYxzY_utt06568,gozVH0bYxzY_utt06569",3,SPEAKER_19,0.864,pyannote/speaker-diarization-3.1,Witness,manual_verified_diarization,HIGH,,,YES,SPEAKING,UNKNOWN,UNKNOWN,/Users/rajeshpmu/Desktop/LegalMemoCMT/data/phase2/tupac/corpus/raw/2pac-trial-day-2-reggie-wright-and-mob-james-testify-8-18-2026/2pac-trial-day-2-reggie-wright-and-mob-james-testify-8-18-2026_gozVH0bYxzY.mp4,/Users/rajeshpmu/Desktop/LegalMemoCMT/data/phase2/tupac/corpus/raw/2pac-trial-day-2-reggie-wright-and-mob-james-testify-8-18-2026/2pac-trial-day-2-reggie-wright-and-mob-james-testify-8-18-2026_gozVH0bYxzY.wav,/Users/rajeshpmu/Desktop/LegalMemoCMT/data/processed/phase2/tupac/turn_clips/video/gozVH0bYxzY/gozVH0bYxzY_turn07081.mp4,/Users/rajeshpmu/Desktop/LegalMemoCMT/data/processed/phase2/tupac/turn_clips/audio/gozVH0bYxzY/gozVH0bYxzY_turn07081.wav,11070.506,11072.279,1.773,reused,03:04:30.506,03:04:32.279,0.000,default_zero,YES,speaker_role=Witness,review,review because candidate needs manual validation,HUMAN_VERIFIED,manual_clip_review,HIGH,CONFIRMED,your-name,Manually reviewed and confirmed Tupac witness-speaking rows,YES,,,UNREVIEWED,,,,NO,,UNKNOWN,0.000000,0.000000,UNKNOWN,,UNKNOWN,UNKNOWN,NO,audio_energy_plus_mouth_motion_baseline,FAILED_NO_FACE_DATA,0,0,AUTO_REJECT_CANDIDATE,excluded_or_not_verified_witness_speaking_input,LOW,Speaker-face identity still requires human confirmation
gozVH0bYxzY_turn06571,gozVH0bYxzY_turn06571,gozVH0bYxzY,,,,,/Users/rajeshpmu/Desktop/LegalMemoCMT/data/phase2/tupac/corpus/raw/2pac-trial-day-2-reggie-wright-and-mob-james-testify-8-18-2026/2pac-trial-day-2-reggie-wright-and-mob-james-testify-8-18-2026_gozVH0bYxzY.en.vtt,/Users/rajeshpmu/Desktop/LegalMemoCMT/data/processed/phase2/tupac/turn_clips/video/gozVH0bYxzY/gozVH0bYxzY_turn06571.mp4,/Users/rajeshpmu/Desktop/LegalMemoCMT/data/processed/phase2/tupac/turn_clips/audio/gozVH0bYxzY/gozVH0bYxzY_turn06571.wav,,,,,,,,,YES,"Stop it just here for a second to orient everybody. So the camera is it being operated manually by a cameraman so he can stop it on something that he's looking at? uh he can stop it at a location, but that movement that you saw was just the camera in rotation, just scanning the area. But","Stop it just here for a second to orient everybody. So the camera is it being operated manually by a cameraman so he can stop it on something that he's looking at? uh he can stop it at a location, but that movement that you saw was just the camera in rotation, just scanning the area. But",01:25:15.110,01:25:32.796,17.686,17.686,marker,MEDIUM,1,16,"gozVH0bYxzY_utt02910#p01,gozVH0bYxzY_utt02911#p01,gozVH0bYxzY_utt02912#p01,gozVH0bYxzY_utt02913#p01,gozVH0bYxzY_utt02914#p01,gozVH0bYxzY_utt02915#p01,gozVH0bYxzY_utt02916#p01,gozVH0bYxzY_utt02917#p01,gozVH0bYxzY_utt02918#p01,gozVH0bYxzY_utt02919#p01,gozVH0bYxzY_utt02920#p01,gozVH0bYxzY_utt02921#p01,gozVH0bYxzY_utt02922#p01,gozVH0bYxzY_utt02923#p01,gozVH0bYxzY_utt02924#p01,gozVH0bYxzY_utt02925#p01","gozVH0bYxzY_utt02910,gozVH0bYxzY_utt02911,gozVH0bYxzY_utt02912,gozVH0bYxzY_utt02913,gozVH0bYxzY_utt02914,gozVH0bYxzY_utt02915,gozVH0bYxzY_utt02916,gozVH0bYxzY_utt02917,gozVH0bYxzY_utt02918,gozVH0bYxzY_utt02919,gozVH0bYxzY_utt02920,gozVH0bYxzY_utt02921,gozVH0bYxzY_utt02922,gozVH0bYxzY_utt02923,gozVH0bYxzY_utt02924,gozVH0bYxzY_utt02925",16,SPEAKER_20,8.505,pyannote/speaker-diarization-3.1,Witness,manual_verified_diarization,HIGH,,,YES,SPEAKING,UNKNOWN,UNKNOWN,/Users/rajeshpmu/Desktop/LegalMemoCMT/data/phase2/tupac/corpus/raw/2pac-trial-day-2-reggie-wright-and-mob-james-testify-8-18-2026/2pac-trial-day-2-reggie-wright-and-mob-james-testify-8-18-2026_gozVH0bYxzY.mp4,/Users/rajeshpmu/Desktop/LegalMemoCMT/data/phase2/tupac/corpus/raw/2pac-trial-day-2-reggie-wright-and-mob-james-testify-8-18-2026/2pac-trial-day-2-reggie-wright-and-mob-james-testify-8-18-2026_gozVH0bYxzY.wav,/Users/rajeshpmu/Desktop/LegalMemoCMT/data/processed/phase2/tupac/turn_clips/video/gozVH0bYxzY/gozVH0bYxzY_turn06571.mp4,/Users/rajeshpmu/Desktop/LegalMemoCMT/data/processed/phase2/tupac/turn_clips/audio/gozVH0bYxzY/gozVH0bYxzY_turn06571.wav,5115.110,5132.796,17.686,reused,01:25:15.110,01:25:32.796,0.000,default_zero,YES,speaker_role=Witness,review,review because candidate needs manual validation,HUMAN_VERIFIED,manual_clip_review,HIGH,CONFIRMED,your-name,Manually reviewed and confirmed Tupac witness-speaking rows,YES,,,UNREVIEWED,,,,NO,,UNKNOWN,0.000000,0.000000,UNKNOWN,,UNKNOWN,UNKNOWN,NO,audio_energy_plus_mouth_motion_baseline,FAILED_NO_FACE_DATA,0,0,AUTO_REJECT_CANDIDATE,excluded_or_not_verified_witness_speaking_input,LOW,Speaker-face identity still requires human confirmation
lOcZ_IJbM3I_turn08551,lOcZ_IJbM3I_turn08551,lOcZ_IJbM3I,,,,,/Users/rajeshpmu/Desktop/LegalMemoCMT/data/phase2/tupac/corpus/raw/reggie-wright-jr-full-testimony-in-tupac-murder-trial/reggie-wright-jr-full-testimony-in-tupac-murder-trial_lOcZ_IJbM3I.en.vtt,/Users/rajeshpmu/Desktop/LegalMemoCMT/data/processed/phase2/tupac/turn_clips/video/lOcZ_IJbM3I/lOcZ_IJbM3I_turn08551.mp4,/Users/rajeshpmu/Desktop/LegalMemoCMT/data/processed/phase2/tupac/turn_clips/audio/lOcZ_IJbM3I/lOcZ_IJbM3I_turn08551.wav,,,,,,,,,YES,Who ran towards the street?,Who ran towards the street?,00:20:59.147,00:21:00.708,1.561,1.561,marker,MEDIUM,1,3,"lOcZ_IJbM3I_utt01271#p02,lOcZ_IJbM3I_utt01272#p01,lOcZ_IJbM3I_utt01273#p01","lOcZ_IJbM3I_utt01271,lOcZ_IJbM3I_utt01272,lOcZ_IJbM3I_utt01273",3,SPEAKER_10,1.060,pyannote/speaker-diarization-3.1,Witness,manual_verified_diarization,HIGH,,,YES,SPEAKING,UNKNOWN,UNKNOWN,/Users/rajeshpmu/Desktop/LegalMemoCMT/data/phase2/tupac/corpus/raw/reggie-wright-jr-full-testimony-in-tupac-murder-trial/reggie-wright-jr-full-testimony-in-tupac-murder-trial_lOcZ_IJbM3I.mp4,/Users/rajeshpmu/Desktop/LegalMemoCMT/data/phase2/tupac/corpus/raw/reggie-wright-jr-full-testimony-in-tupac-murder-trial/reggie-wright-jr-full-testimony-in-tupac-murder-trial_lOcZ_IJbM3I.wav,/Users/rajeshpmu/Desktop/LegalMemoCMT/data/processed/phase2/tupac/turn_clips/video/lOcZ_IJbM3I/lOcZ_IJbM3I_turn08551.mp4,/Users/rajeshpmu/Desktop/LegalMemoCMT/data/processed/phase2/tupac/turn_clips/audio/lOcZ_IJbM3I/lOcZ_IJbM3I_turn08551.wav,1259.147,1260.708,1.561,reused,00:20:59.147,00:21:00.708,0.000,default_zero,YES,speaker_role=Witness,review,review because candidate needs manual validation,HUMAN_VERIFIED,manual_clip_review,HIGH,CONFIRMED,your-name,Manually reviewed and confirmed Tupac witness-speaking rows,YES,,,UNREVIEWED,,,,NO,,UNKNOWN,0.000000,0.000000,UNKNOWN,,UNKNOWN,UNKNOWN,NO,audio_energy_plus_mouth_motion_baseline,FAILED_NO_FACE_DATA,0,0,AUTO_REJECT_CANDIDATE,excluded_or_not_verified_witness_speaking_input,LOW,Speaker-face identity still requires human confirmation
lOcZ_IJbM3I_turn08574,lOcZ_IJbM3I_turn08574,lOcZ_IJbM3I,,,,,/Users/rajeshpmu/Desktop/LegalMemoCMT/data/phase2/tupac/corpus/raw/reggie-wright-jr-full-testimony-in-tupac-murder-trial/reggie-wright-jr-full-testimony-in-tupac-murder-trial_lOcZ_IJbM3I.en.vtt,/Users/rajeshpmu/Desktop/LegalMemoCMT/data/processed/phase2/tupac/turn_clips/video/lOcZ_IJbM3I/lOcZ_IJbM3I_turn08574.mp4,/Users/rajeshpmu/Desktop/LegalMemoCMT/data/processed/phase2/tupac/turn_clips/audio/lOcZ_IJbM3I/lOcZ_IJbM3I_turn08574.wav,,,,,,,,,YES,662 on the keyboard of your phone it would spell out the word MOB which means members of the Bloods.,662 on the keyboard of your phone it would spell out the word MOB which means members of the Bloods.,00:23:26.395,00:23:32.515,6.120,6.120,marker,MEDIUM,1,7,"lOcZ_IJbM3I_utt01439#p02,lOcZ_IJbM3I_utt01440#p01,lOcZ_IJbM3I_utt01441#p01,lOcZ_IJbM3I_utt01442#p01,lOcZ_IJbM3I_utt01443#p01,lOcZ_IJbM3I_utt01444#p01,lOcZ_IJbM3I_utt01445#p01","lOcZ_IJbM3I_utt01439,lOcZ_IJbM3I_utt01440,lOcZ_IJbM3I_utt01441,lOcZ_IJbM3I_utt01442,lOcZ_IJbM3I_utt01443,lOcZ_IJbM3I_utt01444,lOcZ_IJbM3I_utt01445",7,SPEAKER_10,5.179,pyannote/speaker-diarization-3.1,Witness,manual_verified_diarization,HIGH,,,YES,SPEAKING,UNKNOWN,UNKNOWN,/Users/rajeshpmu/Desktop/LegalMemoCMT/data/phase2/tupac/corpus/raw/reggie-wright-jr-full-testimony-in-tupac-murder-trial/reggie-wright-jr-full-testimony-in-tupac-murder-trial_lOcZ_IJbM3I.mp4,/Users/rajeshpmu/Desktop/LegalMemoCMT/data/phase2/tupac/corpus/raw/reggie-wright-jr-full-testimony-in-tupac-murder-trial/reggie-wright-jr-full-testimony-in-tupac-murder-trial_lOcZ_IJbM3I.wav,/Users/rajeshpmu/Desktop/LegalMemoCMT/data/processed/phase2/tupac/turn_clips/video/lOcZ_IJbM3I/lOcZ_IJbM3I_turn08574.mp4,/Users/rajeshpmu/Desktop/LegalMemoCMT/data/processed/phase2/tupac/turn_clips/audio/lOcZ_IJbM3I/lOcZ_IJbM3I_turn08574.wav,1406.395,1412.515,6.120,reused,00:23:26.395,00:23:32.515,0.000,default_zero,YES,speaker_role=Witness,review,review because candidate needs manual validation,HUMAN_VERIFIED,manual_clip_review,HIGH,CONFIRMED,your-name,Manually reviewed and confirmed Tupac witness-speaking rows,YES,,,UNREVIEWED,,,,NO,,UNKNOWN,0.000000,0.000000,UNKNOWN,,UNKNOWN,UNKNOWN,NO,audio_energy_plus_mouth_motion_baseline,FAILED_NO_FACE_DATA,0,0,AUTO_REJECT_CANDIDATE,excluded_or_not_verified_witness_speaking_input,LOW,Speaker-face identity still requires human confirmation
lOcZ_IJbM3I_turn08429,lOcZ_IJbM3I_turn08429,lOcZ_IJbM3I,,,,,/Users/rajeshpmu/Desktop/LegalMemoCMT/data/phase2/tupac/corpus/raw/reggie-wright-jr-full-testimony-in-tupac-murder-trial/reggie-wright-jr-full-testimony-in-tupac-murder-trial_lOcZ_IJbM3I.en.vtt,/Users/rajeshpmu/Desktop/LegalMemoCMT/data/processed/phase2/tupac/turn_clips/video/lOcZ_IJbM3I/lOcZ_IJbM3I_turn08429.mp4,/Users/rajeshpmu/Desktop/LegalMemoCMT/data/processed/phase2/tupac/turn_clips/audio/lOcZ_IJbM3I/lOcZ_IJbM3I_turn08429.wav,,,,,,,,,YES,"I received a medical uh retirement for a I have vascular vascular necrosis in my right ankle, but that's not why I'm like this. This This is a result of COVID.","I received a medical uh retirement for a I have vascular vascular necrosis in my right ankle, but that's not why I'm like this. This This is a result of COVID.",00:02:28.375,00:02:39.355,10.980,10.980,marker,MEDIUM,1,13,"lOcZ_IJbM3I_utt00133#p02,lOcZ_IJbM3I_utt00134#p01,lOcZ_IJbM3I_utt00135#p01,lOcZ_IJbM3I_utt00136#p01,lOcZ_IJbM3I_utt00137#p01,lOcZ_IJbM3I_utt00138#p01,lOcZ_IJbM3I_utt00139#p01,lOcZ_IJbM3I_utt00140#p01,lOcZ_IJbM3I_utt00141#p01,lOcZ_IJbM3I_utt00142#p01,lOcZ_IJbM3I_utt00143#p01,lOcZ_IJbM3I_utt00144#p01,lOcZ_IJbM3I_utt00145#p01","lOcZ_IJbM3I_utt00133,lOcZ_IJbM3I_utt00134,lOcZ_IJbM3I_utt00135,lOcZ_IJbM3I_utt00136,lOcZ_IJbM3I_utt00137,lOcZ_IJbM3I_utt00138,lOcZ_IJbM3I_utt00139,lOcZ_IJbM3I_utt00140,lOcZ_IJbM3I_utt00141,lOcZ_IJbM3I_utt00142,lOcZ_IJbM3I_utt00143,lOcZ_IJbM3I_utt00144,lOcZ_IJbM3I_utt00145",13,SPEAKER_10,10.365,pyannote/speaker-diarization-3.1,Witness,manual_verified_diarization,HIGH,,,YES,SPEAKING,UNKNOWN,UNKNOWN,/Users/rajeshpmu/Desktop/LegalMemoCMT/data/phase2/tupac/corpus/raw/reggie-wright-jr-full-testimony-in-tupac-murder-trial/reggie-wright-jr-full-testimony-in-tupac-murder-trial_lOcZ_IJbM3I.mp4,/Users/rajeshpmu/Desktop/LegalMemoCMT/data/phase2/tupac/corpus/raw/reggie-wright-jr-full-testimony-in-tupac-murder-trial/reggie-wright-jr-full-testimony-in-tupac-murder-trial_lOcZ_IJbM3I.wav,/Users/rajeshpmu/Desktop/LegalMemoCMT/data/processed/phase2/tupac/turn_clips/video/lOcZ_IJbM3I/lOcZ_IJbM3I_turn08429.mp4,/Users/rajeshpmu/Desktop/LegalMemoCMT/data/processed/phase2/tupac/turn_clips/audio/lOcZ_IJbM3I/lOcZ_IJbM3I_turn08429.wav,148.375,159.355,10.980,reused,00:02:28.375,00:02:39.355,0.000,default_zero,YES,speaker_role=Witness,review,review because candidate needs manual validation,HUMAN_VERIFIED,manual_clip_review,HIGH,CONFIRMED,your-name,Manually reviewed and confirmed Tupac witness-speaking rows,YES,,,UNREVIEWED,,,,NO,,UNKNOWN,0.000000,0.000000,UNKNOWN,,UNKNOWN,UNKNOWN,NO,audio_energy_plus_mouth_motion_baseline,FAILED_NO_FACE_DATA,0,0,AUTO_REJECT_CANDIDATE,excluded_or_not_verified_witness_speaking_input,LOW,Speaker-face identity still requires human confirmation
lOcZ_IJbM3I_turn08603,lOcZ_IJbM3I_turn08603,lOcZ_IJbM3I,,,,,/Users/rajeshpmu/Desktop/LegalMemoCMT/data/phase2/tupac/corpus/raw/reggie-wright-jr-full-testimony-in-tupac-murder-trial/reggie-wright-jr-full-testimony-in-tupac-murder-trial_lOcZ_IJbM3I.en.vtt,/Users/rajeshpmu/Desktop/LegalMemoCMT/data/processed/phase2/tupac/turn_clips/video/lOcZ_IJbM3I/lOcZ_IJbM3I_turn08603.mp4,/Users/rajeshpmu/Desktop/LegalMemoCMT/data/processed/phase2/tupac/turn_clips/audio/lOcZ_IJbM3I/lOcZ_IJbM3I_turn08603.wav,,,,,,,,,YES,[clears throat],[clears throat],00:27:34.670,00:27:35.595,0.925,0.925,marker,MEDIUM,1,3,"lOcZ_IJbM3I_utt01693#p02,lOcZ_IJbM3I_utt01694#p01,lOcZ_IJbM3I_utt01695#p01","lOcZ_IJbM3I_utt01693,lOcZ_IJbM3I_utt01694,lOcZ_IJbM3I_utt01695",3,SPEAKER_10,0.925,pyannote/speaker-diarization-3.1,Witness,manual_verified_diarization,HIGH,,,YES,SPEAKING,UNKNOWN,UNKNOWN,/Users/rajeshpmu/Desktop/LegalMemoCMT/data/phase2/tupac/corpus/raw/reggie-wright-jr-full-testimony-in-tupac-murder-trial/reggie-wright-jr-full-testimony-in-tupac-murder-trial_lOcZ_IJbM3I.mp4,/Users/rajeshpmu/Desktop/LegalMemoCMT/data/phase2/tupac/corpus/raw/reggie-wright-jr-full-testimony-in-tupac-murder-trial/reggie-wright-jr-full-testimony-in-tupac-murder-trial_lOcZ_IJbM3I.wav,/Users/rajeshpmu/Desktop/LegalMemoCMT/data/processed/phase2/tupac/turn_clips/video/lOcZ_IJbM3I/lOcZ_IJbM3I_turn08603.mp4,/Users/rajeshpmu/Desktop/LegalMemoCMT/data/processed/phase2/tupac/turn_clips/audio/lOcZ_IJbM3I/lOcZ_IJbM3I_turn08603.wav,1654.670,1655.595,0.925,reused,00:27:34.670,00:27:35.595,0.000,default_zero,YES,speaker_role=Witness,review,review because candidate needs manual validation,HUMAN_VERIFIED,manual_clip_review,HIGH,CONFIRMED,your-name,Manually reviewed and confirmed Tupac witness-speaking rows,YES,,,UNREVIEWED,,,,NO,,UNKNOWN,0.000000,0.000000,UNKNOWN,,UNKNOWN,UNKNOWN,NO,audio_energy_plus_mouth_motion_baseline,FAILED_NO_FACE_DATA,0,0,AUTO_REJECT_CANDIDATE,excluded_or_not_verified_witness_speaking_input,LOW,Speaker-face identity still requires human confirmation
lOcZ_IJbM3I_turn08612,lOcZ_IJbM3I_turn08612,lOcZ_IJbM3I,,,,,/Users/rajeshpmu/Desktop/LegalMemoCMT/data/phase2/tupac/corpus/raw/reggie-wright-jr-full-testimony-in-tupac-murder-trial/reggie-wright-jr-full-testimony-in-tupac-murder-trial_lOcZ_IJbM3I.en.vtt,/Users/rajeshpmu/Desktop/LegalMemoCMT/data/processed/phase2/tupac/turn_clips/video/lOcZ_IJbM3I/lOcZ_IJbM3I_turn08612.mp4,/Users/rajeshpmu/Desktop/LegalMemoCMT/data/processed/phase2/tupac/turn_clips/audio/lOcZ_IJbM3I/lOcZ_IJbM3I_turn08612.wav,,,,,,,,,YES,"I was the point of contact for the club, yes.","I was the point of contact for the club, yes.",00:29:21.716,00:29:22.714,0.998,0.998,marker,MEDIUM,1,5,"lOcZ_IJbM3I_utt01807#p02,lOcZ_IJbM3I_utt01808#p01,lOcZ_IJbM3I_utt01809#p01,lOcZ_IJbM3I_utt01810#p01,lOcZ_IJbM3I_utt01811#p01","lOcZ_IJbM3I_utt01807,lOcZ_IJbM3I_utt01808,lOcZ_IJbM3I_utt01809,lOcZ_IJbM3I_utt01810,lOcZ_IJbM3I_utt01811",5,SPEAKER_10,0.998,pyannote/speaker-diarization-3.1,Witness,manual_verified_diarization,HIGH,,,YES,SPEAKING,UNKNOWN,UNKNOWN,/Users/rajeshpmu/Desktop/LegalMemoCMT/data/phase2/tupac/corpus/raw/reggie-wright-jr-full-testimony-in-tupac-murder-trial/reggie-wright-jr-full-testimony-in-tupac-murder-trial_lOcZ_IJbM3I.mp4,/Users/rajeshpmu/Desktop/LegalMemoCMT/data/phase2/tupac/corpus/raw/reggie-wright-jr-full-testimony-in-tupac-murder-trial/reggie-wright-jr-full-testimony-in-tupac-murder-trial_lOcZ_IJbM3I.wav,/Users/rajeshpmu/Desktop/LegalMemoCMT/data/processed/phase2/tupac/turn_clips/video/lOcZ_IJbM3I/lOcZ_IJbM3I_turn08612.mp4,/Users/rajeshpmu/Desktop/LegalMemoCMT/data/processed/phase2/tupac/turn_clips/audio/lOcZ_IJbM3I/lOcZ_IJbM3I_turn08612.wav,1761.716,1762.714,0.998,reused,00:29:21.716,00:29:22.714,0.000,default_zero,YES,speaker_role=Witness,review,review because candidate needs manual validation,HUMAN_VERIFIED,manual_clip_review,HIGH,CONFIRMED,your-name,Manually reviewed and confirmed Tupac witness-speaking rows,YES,,,UNREVIEWED,,,,NO,,UNKNOWN,0.000000,0.000000,UNKNOWN,,UNKNOWN,UNKNOWN,NO,audio_energy_plus_mouth_motion_baseline,FAILED_NO_FACE_DATA,0,0,AUTO_REJECT_CANDIDATE,excluded_or_not_verified_witness_speaking_input,LOW,Speaker-face identity still requires human confirmation
lOcZ_IJbM3I_turn08614,lOcZ_IJbM3I_turn08614,lOcZ_IJbM3I,,,,,/Users/rajeshpmu/Desktop/LegalMemoCMT/data/phase2/tupac/corpus/raw/reggie-wright-jr-full-testimony-in-tupac-murder-trial/reggie-wright-jr-full-testimony-in-tupac-murder-trial_lOcZ_IJbM3I.en.vtt,/Users/rajeshpmu/Desktop/LegalMemoCMT/data/processed/phase2/tupac/turn_clips/video/lOcZ_IJbM3I/lOcZ_IJbM3I_turn08614.mp4,/Users/rajeshpmu/Desktop/LegalMemoCMT/data/processed/phase2/tupac/turn_clips/audio/lOcZ_IJbM3I/lOcZ_IJbM3I_turn08614.wav,,,,,,,,,YES,He was the one that got them there.,He was the one that got them there.,00:29:36.488,00:29:37.969,1.481,1.481,marker,MEDIUM,1,3,"lOcZ_IJbM3I_utt01825#p02,lOcZ_IJbM3I_utt01826#p01,lOcZ_IJbM3I_utt01827#p01","lOcZ_IJbM3I_utt01825,lOcZ_IJbM3I_utt01826,lOcZ_IJbM3I_utt01827",3,SPEAKER_10,0.953,pyannote/speaker-diarization-3.1,Witness,manual_verified_diarization,HIGH,,,YES,SPEAKING,UNKNOWN,UNKNOWN,/Users/rajeshpmu/Desktop/LegalMemoCMT/data/phase2/tupac/corpus/raw/reggie-wright-jr-full-testimony-in-tupac-murder-trial/reggie-wright-jr-full-testimony-in-tupac-murder-trial_lOcZ_IJbM3I.mp4,/Users/rajeshpmu/Desktop/LegalMemoCMT/data/phase2/tupac/corpus/raw/reggie-wright-jr-full-testimony-in-tupac-murder-trial/reggie-wright-jr-full-testimony-in-tupac-murder-trial_lOcZ_IJbM3I.wav,/Users/rajeshpmu/Desktop/LegalMemoCMT/data/processed/phase2/tupac/turn_clips/video/lOcZ_IJbM3I/lOcZ_IJbM3I_turn08614.mp4,/Users/rajeshpmu/Desktop/LegalMemoCMT/data/processed/phase2/tupac/turn_clips/audio/lOcZ_IJbM3I/lOcZ_IJbM3I_turn08614.wav,1776.488,1777.969,1.481,reused,00:29:36.488,00:29:37.969,0.000,default_zero,YES,speaker_role=Witness,review,review because candidate needs manual validation,HUMAN_VERIFIED,manual_clip_review,HIGH,CONFIRMED,your-name,Manually reviewed and confirmed Tupac witness-speaking rows,YES,,,UNREVIEWED,,,,NO,,UNKNOWN,0.000000,0.000000,UNKNOWN,,UNKNOWN,UNKNOWN,NO,audio_energy_plus_mouth_motion_baseline,FAILED_NO_FACE_DATA,0,0,AUTO_REJECT_CANDIDATE,excluded_or_not_verified_witness_speaking_input,LOW,Speaker-face identity still requires human confirmation
lOcZ_IJbM3I_turn08671,lOcZ_IJbM3I_turn08671,lOcZ_IJbM3I,,,,,/Users/rajeshpmu/Desktop/LegalMemoCMT/data/phase2/tupac/corpus/raw/reggie-wright-jr-full-testimony-in-tupac-murder-trial/reggie-wright-jr-full-testimony-in-tupac-murder-trial_lOcZ_IJbM3I.en.vtt,/Users/rajeshpmu/Desktop/LegalMemoCMT/data/processed/phase2/tupac/turn_clips/video/lOcZ_IJbM3I/lOcZ_IJbM3I_turn08671.mp4,/Users/rajeshpmu/Desktop/LegalMemoCMT/data/processed/phase2/tupac/turn_clips/audio/lOcZ_IJbM3I/lOcZ_IJbM3I_turn08671.wav,,,,,,,,,YES,"No, I stayed here uh the whole time until you know, until I was contacted by some other individuals.","No, I stayed here uh the whole time until you know, until I was contacted by some other individuals.",00:35:15.241,00:35:22.537,7.296,7.296,marker,MEDIUM,1,11,"lOcZ_IJbM3I_utt02181#p02,lOcZ_IJbM3I_utt02182#p01,lOcZ_IJbM3I_utt02183#p01,lOcZ_IJbM3I_utt02184#p01,lOcZ_IJbM3I_utt02185#p01,lOcZ_IJbM3I_utt02186#p01,lOcZ_IJbM3I_utt02187#p01,lOcZ_IJbM3I_utt02188#p01,lOcZ_IJbM3I_utt02189#p01,lOcZ_IJbM3I_utt02190#p01,lOcZ_IJbM3I_utt02191#p01","lOcZ_IJbM3I_utt02181,lOcZ_IJbM3I_utt02182,lOcZ_IJbM3I_utt02183,lOcZ_IJbM3I_utt02184,lOcZ_IJbM3I_utt02185,lOcZ_IJbM3I_utt02186,lOcZ_IJbM3I_utt02187,lOcZ_IJbM3I_utt02188,lOcZ_IJbM3I_utt02189,lOcZ_IJbM3I_utt02190,lOcZ_IJbM3I_utt02191",11,SPEAKER_10,2.784,pyannote/speaker-diarization-3.1,Witness,manual_verified_diarization,HIGH,,,YES,SPEAKING,UNKNOWN,UNKNOWN,/Users/rajeshpmu/Desktop/LegalMemoCMT/data/phase2/tupac/corpus/raw/reggie-wright-jr-full-testimony-in-tupac-murder-trial/reggie-wright-jr-full-testimony-in-tupac-murder-trial_lOcZ_IJbM3I.mp4,/Users/rajeshpmu/Desktop/LegalMemoCMT/data/phase2/tupac/corpus/raw/reggie-wright-jr-full-testimony-in-tupac-murder-trial/reggie-wright-jr-full-testimony-in-tupac-murder-trial_lOcZ_IJbM3I.wav,/Users/rajeshpmu/Desktop/LegalMemoCMT/data/processed/phase2/tupac/turn_clips/video/lOcZ_IJbM3I/lOcZ_IJbM3I_turn08671.mp4,/Users/rajeshpmu/Desktop/LegalMemoCMT/data/processed/phase2/tupac/turn_clips/audio/lOcZ_IJbM3I/lOcZ_IJbM3I_turn08671.wav,2115.241,2122.537,7.296,reused,00:35:15.241,00:35:22.537,0.000,default_zero,YES,speaker_role=Witness,review,review because candidate needs manual validation,HUMAN_VERIFIED,manual_clip_review,HIGH,CONFIRMED,your-name,Manually reviewed and confirmed Tupac witness-speaking rows,YES,,,UNREVIEWED,,,,NO,,UNKNOWN,0.000000,0.000000,UNKNOWN,,UNKNOWN,UNKNOWN,NO,audio_energy_plus_mouth_motion_baseline,FAILED_NO_FACE_DATA,0,0,AUTO_REJECT_CANDIDATE,excluded_or_not_verified_witness_speaking_input,LOW,Speaker-face identity still requires human confirmation
lOcZ_IJbM3I_turn08676,lOcZ_IJbM3I_turn08676,lOcZ_IJbM3I,,,,,/Users/rajeshpmu/Desktop/LegalMemoCMT/data/phase2/tupac/corpus/raw/reggie-wright-jr-full-testimony-in-tupac-murder-trial/reggie-wright-jr-full-testimony-in-tupac-murder-trial_lOcZ_IJbM3I.en.vtt,/Users/rajeshpmu/Desktop/LegalMemoCMT/data/processed/phase2/tupac/turn_clips/video/lOcZ_IJbM3I/lOcZ_IJbM3I_turn08676.mp4,/Users/rajeshpmu/Desktop/LegalMemoCMT/data/processed/phase2/tupac/turn_clips/audio/lOcZ_IJbM3I/lOcZ_IJbM3I_turn08676.wav,,,,,,,,,YES,How did you find out about that?,How did you find out about that?,00:36:03.127,00:36:05.673,2.546,2.546,marker,MEDIUM,1,3,"lOcZ_IJbM3I_utt02227#p02,lOcZ_IJbM3I_utt02228#p01,lOcZ_IJbM3I_utt02229#p01","lOcZ_IJbM3I_utt02227,lOcZ_IJbM3I_utt02228,lOcZ_IJbM3I_utt02229",3,SPEAKER_10,0.877,pyannote/speaker-diarization-3.1,Witness,manual_verified_diarization,HIGH,,,YES,SPEAKING,UNKNOWN,UNKNOWN,/Users/rajeshpmu/Desktop/LegalMemoCMT/data/phase2/tupac/corpus/raw/reggie-wright-jr-full-testimony-in-tupac-murder-trial/reggie-wright-jr-full-testimony-in-tupac-murder-trial_lOcZ_IJbM3I.mp4,/Users/rajeshpmu/Desktop/LegalMemoCMT/data/phase2/tupac/corpus/raw/reggie-wright-jr-full-testimony-in-tupac-murder-trial/reggie-wright-jr-full-testimony-in-tupac-murder-trial_lOcZ_IJbM3I.wav,/Users/rajeshpmu/Desktop/LegalMemoCMT/data/processed/phase2/tupac/turn_clips/video/lOcZ_IJbM3I/lOcZ_IJbM3I_turn08676.mp4,/Users/rajeshpmu/Desktop/LegalMemoCMT/data/processed/phase2/tupac/turn_clips/audio/lOcZ_IJbM3I/lOcZ_IJbM3I_turn08676.wav,2163.127,2165.673,2.546,reused,00:36:03.127,00:36:05.673,0.000,default_zero,YES,speaker_role=Witness,review,review because candidate needs manual validation,HUMAN_VERIFIED,manual_clip_review,HIGH,CONFIRMED,your-name,Manually reviewed and confirmed Tupac witness-speaking rows,YES,,,UNREVIEWED,,,,NO,,UNKNOWN,0.000000,0.000000,UNKNOWN,,UNKNOWN,UNKNOWN,NO,audio_energy_plus_mouth_motion_baseline,FAILED_NO_FACE_DATA,0,0,AUTO_REJECT_CANDIDATE,excluded_or_not_verified_witness_speaking_input,LOW,Speaker-face identity still requires human confirmation
lOcZ_IJbM3I_turn08679,lOcZ_IJbM3I_turn08679,lOcZ_IJbM3I,,,,,/Users/rajeshpmu/Desktop/LegalMemoCMT/data/phase2/tupac/corpus/raw/reggie-wright-jr-full-testimony-in-tupac-murder-trial/reggie-wright-jr-full-testimony-in-tupac-murder-trial_lOcZ_IJbM3I.en.vtt,/Users/rajeshpmu/Desktop/LegalMemoCMT/data/processed/phase2/tupac/turn_clips/video/lOcZ_IJbM3I/lOcZ_IJbM3I_turn08679.mp4,/Users/rajeshpmu/Desktop/LegalMemoCMT/data/processed/phase2/tupac/turn_clips/audio/lOcZ_IJbM3I/lOcZ_IJbM3I_turn08679.wav,,,,,,,,,YES,"That's his, um, little brother. Yes, sir.","That's his, um, little brother. Yes, sir.",00:37:05.168,00:37:07.501,2.333,2.333,marker,MEDIUM,1,5,"lOcZ_IJbM3I_utt02293#p02,lOcZ_IJbM3I_utt02294#p01,lOcZ_IJbM3I_utt02295#p01,lOcZ_IJbM3I_utt02296#p01,lOcZ_IJbM3I_utt02297#p01","lOcZ_IJbM3I_utt02293,lOcZ_IJbM3I_utt02294,lOcZ_IJbM3I_utt02295,lOcZ_IJbM3I_utt02296,lOcZ_IJbM3I_utt02297",5,SPEAKER_10,0.878,pyannote/speaker-diarization-3.1,Witness,manual_verified_diarization,HIGH,,,YES,SPEAKING,UNKNOWN,UNKNOWN,/Users/rajeshpmu/Desktop/LegalMemoCMT/data/phase2/tupac/corpus/raw/reggie-wright-jr-full-testimony-in-tupac-murder-trial/reggie-wright-jr-full-testimony-in-tupac-murder-trial_lOcZ_IJbM3I.mp4,/Users/rajeshpmu/Desktop/LegalMemoCMT/data/phase2/tupac/corpus/raw/reggie-wright-jr-full-testimony-in-tupac-murder-trial/reggie-wright-jr-full-testimony-in-tupac-murder-trial_lOcZ_IJbM3I.wav,/Users/rajeshpmu/Desktop/LegalMemoCMT/data/processed/phase2/tupac/turn_clips/video/lOcZ_IJbM3I/lOcZ_IJbM3I_turn08679.mp4,/Users/rajeshpmu/Desktop/LegalMemoCMT/data/processed/phase2/tupac/turn_clips/audio/lOcZ_IJbM3I/lOcZ_IJbM3I_turn08679.wav,2225.168,2227.501,2.333,reused,00:37:05.168,00:37:07.501,0.000,default_zero,YES,speaker_role=Witness,review,review because candidate needs manual validation,HUMAN_VERIFIED,manual_clip_review,HIGH,CONFIRMED,your-name,Manually reviewed and confirmed Tupac witness-speaking rows,YES,,,UNREVIEWED,,,,NO,,UNKNOWN,0.000000,0.000000,UNKNOWN,,UNKNOWN,UNKNOWN,NO,audio_energy_plus_mouth_motion_baseline,FAILED_NO_FACE_DATA,0,0,AUTO_REJECT_CANDIDATE,excluded_or_not_verified_witness_speaking_input,LOW,Speaker-face identity still requires human confirmation
lOcZ_IJbM3I_turn08699,lOcZ_IJbM3I_turn08699,lOcZ_IJbM3I,,,,,/Users/rajeshpmu/Desktop/LegalMemoCMT/data/phase2/tupac/corpus/raw/reggie-wright-jr-full-testimony-in-tupac-murder-trial/reggie-wright-jr-full-testimony-in-tupac-murder-trial_lOcZ_IJbM3I.en.vtt,/Users/rajeshpmu/Desktop/LegalMemoCMT/data/processed/phase2/tupac/turn_clips/video/lOcZ_IJbM3I/lOcZ_IJbM3I_turn08699.mp4,/Users/rajeshpmu/Desktop/LegalMemoCMT/data/processed/phase2/tupac/turn_clips/audio/lOcZ_IJbM3I/lOcZ_IJbM3I_turn08699.wav,,,,,,,,,YES,I I just knew who normally would be there.,I I just knew who normally would be there.,00:39:14.593,00:39:17.436,2.843,2.843,marker,MEDIUM,1,5,"lOcZ_IJbM3I_utt02435#p02,lOcZ_IJbM3I_utt02436#p01,lOcZ_IJbM3I_utt02437#p01,lOcZ_IJbM3I_utt02438#p01,lOcZ_IJbM3I_utt02439#p01","lOcZ_IJbM3I_utt02435,lOcZ_IJbM3I_utt02436,lOcZ_IJbM3I_utt02437,lOcZ_IJbM3I_utt02438,lOcZ_IJbM3I_utt02439",5,SPEAKER_10,1.435,pyannote/speaker-diarization-3.1,Witness,manual_verified_diarization,HIGH,,,YES,SPEAKING,UNKNOWN,UNKNOWN,/Users/rajeshpmu/Desktop/LegalMemoCMT/data/phase2/tupac/corpus/raw/reggie-wright-jr-full-testimony-in-tupac-murder-trial/reggie-wright-jr-full-testimony-in-tupac-murder-trial_lOcZ_IJbM3I.mp4,/Users/rajeshpmu/Desktop/LegalMemoCMT/data/phase2/tupac/corpus/raw/reggie-wright-jr-full-testimony-in-tupac-murder-trial/reggie-wright-jr-full-testimony-in-tupac-murder-trial_lOcZ_IJbM3I.wav,/Users/rajeshpmu/Desktop/LegalMemoCMT/data/processed/phase2/tupac/turn_clips/video/lOcZ_IJbM3I/lOcZ_IJbM3I_turn08699.mp4,/Users/rajeshpmu/Desktop/LegalMemoCMT/data/processed/phase2/tupac/turn_clips/audio/lOcZ_IJbM3I/lOcZ_IJbM3I_turn08699.wav,2354.593,2357.436,2.843,reused,00:39:14.593,00:39:17.436,0.000,default_zero,YES,speaker_role=Witness,review,review because candidate needs manual validation,HUMAN_VERIFIED,manual_clip_review,HIGH,CONFIRMED,your-name,Manually reviewed and confirmed Tupac witness-speaking rows,YES,,,UNREVIEWED,,,,NO,,UNKNOWN,0.000000,0.000000,UNKNOWN,,UNKNOWN,UNKNOWN,NO,audio_energy_plus_mouth_motion_baseline,FAILED_NO_FACE_DATA,0,0,AUTO_REJECT_CANDIDATE,excluded_or_not_verified_witness_speaking_input,LOW,Speaker-face identity still requires human confirmation
lOcZ_IJbM3I_turn08704,lOcZ_IJbM3I_turn08704,lOcZ_IJbM3I,,,,,/Users/rajeshpmu/Desktop/LegalMemoCMT/data/phase2/tupac/corpus/raw/reggie-wright-jr-full-testimony-in-tupac-murder-trial/reggie-wright-jr-full-testimony-in-tupac-murder-trial_lOcZ_IJbM3I.en.vtt,/Users/rajeshpmu/Desktop/LegalMemoCMT/data/processed/phase2/tupac/turn_clips/video/lOcZ_IJbM3I/lOcZ_IJbM3I_turn08704.mp4,/Users/rajeshpmu/Desktop/LegalMemoCMT/data/processed/phase2/tupac/turn_clips/audio/lOcZ_IJbM3I/lOcZ_IJbM3I_turn08704.wav,,,,,,,,,YES,"So, did you go to UMC then?","So, did you go to UMC then?",00:40:02.389,00:40:04.353,1.964,1.964,marker,MEDIUM,1,3,"lOcZ_IJbM3I_utt02483#p02,lOcZ_IJbM3I_utt02484#p01,lOcZ_IJbM3I_utt02485#p01","lOcZ_IJbM3I_utt02483,lOcZ_IJbM3I_utt02484,lOcZ_IJbM3I_utt02485",3,SPEAKER_10,1.964,pyannote/speaker-diarization-3.1,Witness,manual_verified_diarization,HIGH,,,YES,SPEAKING,UNKNOWN,UNKNOWN,/Users/rajeshpmu/Desktop/LegalMemoCMT/data/phase2/tupac/corpus/raw/reggie-wright-jr-full-testimony-in-tupac-murder-trial/reggie-wright-jr-full-testimony-in-tupac-murder-trial_lOcZ_IJbM3I.mp4,/Users/rajeshpmu/Desktop/LegalMemoCMT/data/phase2/tupac/corpus/raw/reggie-wright-jr-full-testimony-in-tupac-murder-trial/reggie-wright-jr-full-testimony-in-tupac-murder-trial_lOcZ_IJbM3I.wav,/Users/rajeshpmu/Desktop/LegalMemoCMT/data/processed/phase2/tupac/turn_clips/video/lOcZ_IJbM3I/lOcZ_IJbM3I_turn08704.mp4,/Users/rajeshpmu/Desktop/LegalMemoCMT/data/processed/phase2/tupac/turn_clips/audio/lOcZ_IJbM3I/lOcZ_IJbM3I_turn08704.wav,2402.389,2404.353,1.964,reused,00:40:02.389,00:40:04.353,0.000,default_zero,YES,speaker_role=Witness,review,review because candidate needs manual validation,HUMAN_VERIFIED,manual_clip_review,HIGH,CONFIRMED,your-name,Manually reviewed and confirmed Tupac witness-speaking rows,YES,,,UNREVIEWED,,,,NO,,UNKNOWN,0.000000,0.000000,UNKNOWN,,UNKNOWN,UNKNOWN,NO,audio_energy_plus_mouth_motion_baseline,FAILED_NO_FACE_DATA,0,0,AUTO_REJECT_CANDIDATE,excluded_or_not_verified_witness_speaking_input,LOW,Speaker-face identity still requires human confirmation
lOcZ_IJbM3I_turn08442,lOcZ_IJbM3I_turn08442,lOcZ_IJbM3I,,,,,/Users/rajeshpmu/Desktop/LegalMemoCMT/data/phase2/tupac/corpus/raw/reggie-wright-jr-full-testimony-in-tupac-murder-trial/reggie-wright-jr-full-testimony-in-tupac-murder-trial_lOcZ_IJbM3I.en.vtt,/Users/rajeshpmu/Desktop/LegalMemoCMT/data/processed/phase2/tupac/turn_clips/video/lOcZ_IJbM3I/lOcZ_IJbM3I_turn08442.mp4,/Users/rajeshpmu/Desktop/LegalMemoCMT/data/processed/phase2/tupac/turn_clips/audio/lOcZ_IJbM3I/lOcZ_IJbM3I_turn08442.wav,,,,,,,,,YES,And who ran Death Row Records at that time?,And who ran Death Row Records at that time?,00:04:04.252,00:04:07.430,3.178,3.178,marker,MEDIUM,1,5,"lOcZ_IJbM3I_utt00239#p02,lOcZ_IJbM3I_utt00240#p01,lOcZ_IJbM3I_utt00241#p01,lOcZ_IJbM3I_utt00242#p01,lOcZ_IJbM3I_utt00243#p01","lOcZ_IJbM3I_utt00239,lOcZ_IJbM3I_utt00240,lOcZ_IJbM3I_utt00241,lOcZ_IJbM3I_utt00242,lOcZ_IJbM3I_utt00243",5,SPEAKER_10,1.951,pyannote/speaker-diarization-3.1,Witness,manual_verified_diarization,HIGH,,,YES,SPEAKING,UNKNOWN,UNKNOWN,/Users/rajeshpmu/Desktop/LegalMemoCMT/data/phase2/tupac/corpus/raw/reggie-wright-jr-full-testimony-in-tupac-murder-trial/reggie-wright-jr-full-testimony-in-tupac-murder-trial_lOcZ_IJbM3I.mp4,/Users/rajeshpmu/Desktop/LegalMemoCMT/data/phase2/tupac/corpus/raw/reggie-wright-jr-full-testimony-in-tupac-murder-trial/reggie-wright-jr-full-testimony-in-tupac-murder-trial_lOcZ_IJbM3I.wav,/Users/rajeshpmu/Desktop/LegalMemoCMT/data/processed/phase2/tupac/turn_clips/video/lOcZ_IJbM3I/lOcZ_IJbM3I_turn08442.mp4,/Users/rajeshpmu/Desktop/LegalMemoCMT/data/processed/phase2/tupac/turn_clips/audio/lOcZ_IJbM3I/lOcZ_IJbM3I_turn08442.wav,244.252,247.430,3.178,reused,00:04:04.252,00:04:07.430,0.000,default_zero,YES,speaker_role=Witness,review,review because candidate needs manual validation,HUMAN_VERIFIED,manual_clip_review,HIGH,CONFIRMED,your-name,Manually reviewed and confirmed Tupac witness-speaking rows,YES,,,UNREVIEWED,,,,NO,,UNKNOWN,0.000000,0.000000,UNKNOWN,,UNKNOWN,UNKNOWN,NO,audio_energy_plus_mouth_motion_baseline,FAILED_NO_FACE_DATA,0,0,AUTO_REJECT_CANDIDATE,excluded_or_not_verified_witness_speaking_input,LOW,Speaker-face identity still requires human confirmation
lOcZ_IJbM3I_turn08779,lOcZ_IJbM3I_turn08779,lOcZ_IJbM3I,,,,,/Users/rajeshpmu/Desktop/LegalMemoCMT/data/phase2/tupac/corpus/raw/reggie-wright-jr-full-testimony-in-tupac-murder-trial/reggie-wright-jr-full-testimony-in-tupac-murder-trial_lOcZ_IJbM3I.en.vtt,/Users/rajeshpmu/Desktop/LegalMemoCMT/data/processed/phase2/tupac/turn_clips/video/lOcZ_IJbM3I/lOcZ_IJbM3I_turn08779.mp4,/Users/rajeshpmu/Desktop/LegalMemoCMT/data/processed/phase2/tupac/turn_clips/audio/lOcZ_IJbM3I/lOcZ_IJbM3I_turn08779.wav,,,,,,,,,YES,The one that I saw that's right in front of Mr. McDonald right now is Roger Williams.,The one that I saw that's right in front of Mr. McDonald right now is Roger Williams.,00:50:34.390,00:50:37.595,3.205,3.205,marker,MEDIUM,1,6,"lOcZ_IJbM3I_utt02968#p01,lOcZ_IJbM3I_utt02969#p01,lOcZ_IJbM3I_utt02970#p01,lOcZ_IJbM3I_utt02971#p01,lOcZ_IJbM3I_utt02972#p01,lOcZ_IJbM3I_utt02973#p01","lOcZ_IJbM3I_utt02968,lOcZ_IJbM3I_utt02969,lOcZ_IJbM3I_utt02970,lOcZ_IJbM3I_utt02971,lOcZ_IJbM3I_utt02972,lOcZ_IJbM3I_utt02973",6,SPEAKER_10,3.205,pyannote/speaker-diarization-3.1,Witness,manual_verified_diarization,HIGH,,,YES,SPEAKING,UNKNOWN,UNKNOWN,/Users/rajeshpmu/Desktop/LegalMemoCMT/data/phase2/tupac/corpus/raw/reggie-wright-jr-full-testimony-in-tupac-murder-trial/reggie-wright-jr-full-testimony-in-tupac-murder-trial_lOcZ_IJbM3I.mp4,/Users/rajeshpmu/Desktop/LegalMemoCMT/data/phase2/tupac/corpus/raw/reggie-wright-jr-full-testimony-in-tupac-murder-trial/reggie-wright-jr-full-testimony-in-tupac-murder-trial_lOcZ_IJbM3I.wav,/Users/rajeshpmu/Desktop/LegalMemoCMT/data/processed/phase2/tupac/turn_clips/video/lOcZ_IJbM3I/lOcZ_IJbM3I_turn08779.mp4,/Users/rajeshpmu/Desktop/LegalMemoCMT/data/processed/phase2/tupac/turn_clips/audio/lOcZ_IJbM3I/lOcZ_IJbM3I_turn08779.wav,3034.390,3037.595,3.205,reused,00:50:34.390,00:50:37.595,0.000,default_zero,YES,speaker_role=Witness,review,review because candidate needs manual validation,HUMAN_VERIFIED,manual_clip_review,HIGH,CONFIRMED,your-name,Manually reviewed and confirmed Tupac witness-speaking rows,YES,,,UNREVIEWED,,,,NO,,UNKNOWN,0.000000,0.000000,UNKNOWN,,UNKNOWN,UNKNOWN,NO,audio_energy_plus_mouth_motion_baseline,FAILED_NO_FACE_DATA,0,0,AUTO_REJECT_CANDIDATE,excluded_or_not_verified_witness_speaking_input,LOW,Speaker-face identity still requires human confirmation
lOcZ_IJbM3I_turn08863,lOcZ_IJbM3I_turn08863,lOcZ_IJbM3I,,,,,/Users/rajeshpmu/Desktop/LegalMemoCMT/data/phase2/tupac/corpus/raw/reggie-wright-jr-full-testimony-in-tupac-murder-trial/reggie-wright-jr-full-testimony-in-tupac-murder-trial_lOcZ_IJbM3I.en.vtt,/Users/rajeshpmu/Desktop/LegalMemoCMT/data/processed/phase2/tupac/turn_clips/video/lOcZ_IJbM3I/lOcZ_IJbM3I_turn08863.mp4,/Users/rajeshpmu/Desktop/LegalMemoCMT/data/processed/phase2/tupac/turn_clips/audio/lOcZ_IJbM3I/lOcZ_IJbM3I_turn08863.wav,,,,,,,,,YES,Can you tell us about that?,Can you tell us about that?,01:02:52.778,01:02:54.803,2.025,2.025,marker,MEDIUM,1,3,"lOcZ_IJbM3I_utt03405#p02,lOcZ_IJbM3I_utt03406#p01,lOcZ_IJbM3I_utt03407#p01","lOcZ_IJbM3I_utt03405,lOcZ_IJbM3I_utt03406,lOcZ_IJbM3I_utt03407",3,SPEAKER_10,0.793,pyannote/speaker-diarization-3.1,Witness,manual_verified_diarization,HIGH,,,YES,SPEAKING,UNKNOWN,UNKNOWN,/Users/rajeshpmu/Desktop/LegalMemoCMT/data/phase2/tupac/corpus/raw/reggie-wright-jr-full-testimony-in-tupac-murder-trial/reggie-wright-jr-full-testimony-in-tupac-murder-trial_lOcZ_IJbM3I.mp4,/Users/rajeshpmu/Desktop/LegalMemoCMT/data/phase2/tupac/corpus/raw/reggie-wright-jr-full-testimony-in-tupac-murder-trial/reggie-wright-jr-full-testimony-in-tupac-murder-trial_lOcZ_IJbM3I.wav,/Users/rajeshpmu/Desktop/LegalMemoCMT/data/processed/phase2/tupac/turn_clips/video/lOcZ_IJbM3I/lOcZ_IJbM3I_turn08863.mp4,/Users/rajeshpmu/Desktop/LegalMemoCMT/data/processed/phase2/tupac/turn_clips/audio/lOcZ_IJbM3I/lOcZ_IJbM3I_turn08863.wav,3772.778,3774.803,2.025,reused,01:02:52.778,01:02:54.803,0.000,default_zero,YES,speaker_role=Witness,review,review because candidate needs manual validation,HUMAN_VERIFIED,manual_clip_review,HIGH,CONFIRMED,your-name,Manually reviewed and confirmed Tupac witness-speaking rows,YES,,,UNREVIEWED,,,,NO,,UNKNOWN,0.000000,0.000000,UNKNOWN,,UNKNOWN,UNKNOWN,NO,audio_energy_plus_mouth_motion_baseline,FAILED_NO_FACE_DATA,0,0,AUTO_REJECT_CANDIDATE,excluded_or_not_verified_witness_speaking_input,LOW,Speaker-face identity still requires human confirmation
lOcZ_IJbM3I_turn08936,lOcZ_IJbM3I_turn08936,lOcZ_IJbM3I,,,,,/Users/rajeshpmu/Desktop/LegalMemoCMT/data/phase2/tupac/corpus/raw/reggie-wright-jr-full-testimony-in-tupac-murder-trial/reggie-wright-jr-full-testimony-in-tupac-murder-trial_lOcZ_IJbM3I.en.vtt,/Users/rajeshpmu/Desktop/LegalMemoCMT/data/processed/phase2/tupac/turn_clips/video/lOcZ_IJbM3I/lOcZ_IJbM3I_turn08936.mp4,/Users/rajeshpmu/Desktop/LegalMemoCMT/data/processed/phase2/tupac/turn_clips/audio/lOcZ_IJbM3I/lOcZ_IJbM3I_turn08936.wav,,,,,,,,,YES,"I mean my address is 1628 East Pine Street, Compton, California.","I mean my address is 1628 East Pine Street, Compton, California.",01:10:48.569,01:10:52.445,3.876,3.876,marker,MEDIUM,1,5,"lOcZ_IJbM3I_utt03899#p02,lOcZ_IJbM3I_utt03900#p01,lOcZ_IJbM3I_utt03901#p01,lOcZ_IJbM3I_utt03902#p01,lOcZ_IJbM3I_utt03903#p01","lOcZ_IJbM3I_utt03899,lOcZ_IJbM3I_utt03900,lOcZ_IJbM3I_utt03901,lOcZ_IJbM3I_utt03902,lOcZ_IJbM3I_utt03903",5,SPEAKER_10,3.034,pyannote/speaker-diarization-3.1,Witness,manual_verified_diarization,HIGH,,,YES,SPEAKING,UNKNOWN,UNKNOWN,/Users/rajeshpmu/Desktop/LegalMemoCMT/data/phase2/tupac/corpus/raw/reggie-wright-jr-full-testimony-in-tupac-murder-trial/reggie-wright-jr-full-testimony-in-tupac-murder-trial_lOcZ_IJbM3I.mp4,/Users/rajeshpmu/Desktop/LegalMemoCMT/data/phase2/tupac/corpus/raw/reggie-wright-jr-full-testimony-in-tupac-murder-trial/reggie-wright-jr-full-testimony-in-tupac-murder-trial_lOcZ_IJbM3I.wav,/Users/rajeshpmu/Desktop/LegalMemoCMT/data/processed/phase2/tupac/turn_clips/video/lOcZ_IJbM3I/lOcZ_IJbM3I_turn08936.mp4,/Users/rajeshpmu/Desktop/LegalMemoCMT/data/processed/phase2/tupac/turn_clips/audio/lOcZ_IJbM3I/lOcZ_IJbM3I_turn08936.wav,4248.569,4252.445,3.876,reused,01:10:48.569,01:10:52.445,0.000,default_zero,YES,speaker_role=Witness,review,review because candidate needs manual validation,HUMAN_VERIFIED,manual_clip_review,HIGH,CONFIRMED,your-name,Manually reviewed and confirmed Tupac witness-speaking rows,YES,,,UNREVIEWED,,,,NO,,UNKNOWN,0.000000,0.000000,UNKNOWN,,UNKNOWN,UNKNOWN,NO,audio_energy_plus_mouth_motion_baseline,FAILED_NO_FACE_DATA,0,0,AUTO_REJECT_CANDIDATE,excluded_or_not_verified_witness_speaking_input,LOW,Speaker-face identity still requires human confirmation
lOcZ_IJbM3I_turn08993,lOcZ_IJbM3I_turn08993,lOcZ_IJbM3I,,,,,/Users/rajeshpmu/Desktop/LegalMemoCMT/data/phase2/tupac/corpus/raw/reggie-wright-jr-full-testimony-in-tupac-murder-trial/reggie-wright-jr-full-testimony-in-tupac-murder-trial_lOcZ_IJbM3I.en.vtt,/Users/rajeshpmu/Desktop/LegalMemoCMT/data/processed/phase2/tupac/turn_clips/video/lOcZ_IJbM3I/lOcZ_IJbM3I_turn08993.mp4,/Users/rajeshpmu/Desktop/LegalMemoCMT/data/processed/phase2/tupac/turn_clips/audio/lOcZ_IJbM3I/lOcZ_IJbM3I_turn08993.wav,,,,,,,,,YES,That is my sole to be a good witness.,That is my sole to be a good witness.,01:16:45.372,01:16:47.617,2.245,2.245,marker,MEDIUM,1,3,"lOcZ_IJbM3I_utt04289#p02,lOcZ_IJbM3I_utt04290#p01,lOcZ_IJbM3I_utt04291#p01","lOcZ_IJbM3I_utt04289,lOcZ_IJbM3I_utt04290,lOcZ_IJbM3I_utt04291",3,SPEAKER_10,1.382,pyannote/speaker-diarization-3.1,Witness,manual_verified_diarization,HIGH,,,YES,SPEAKING,UNKNOWN,UNKNOWN,/Users/rajeshpmu/Desktop/LegalMemoCMT/data/phase2/tupac/corpus/raw/reggie-wright-jr-full-testimony-in-tupac-murder-trial/reggie-wright-jr-full-testimony-in-tupac-murder-trial_lOcZ_IJbM3I.mp4,/Users/rajeshpmu/Desktop/LegalMemoCMT/data/phase2/tupac/corpus/raw/reggie-wright-jr-full-testimony-in-tupac-murder-trial/reggie-wright-jr-full-testimony-in-tupac-murder-trial_lOcZ_IJbM3I.wav,/Users/rajeshpmu/Desktop/LegalMemoCMT/data/processed/phase2/tupac/turn_clips/video/lOcZ_IJbM3I/lOcZ_IJbM3I_turn08993.mp4,/Users/rajeshpmu/Desktop/LegalMemoCMT/data/processed/phase2/tupac/turn_clips/audio/lOcZ_IJbM3I/lOcZ_IJbM3I_turn08993.wav,4605.372,4607.617,2.245,reused,01:16:45.372,01:16:47.617,0.000,default_zero,YES,speaker_role=Witness,review,review because candidate needs manual validation,HUMAN_VERIFIED,manual_clip_review,HIGH,CONFIRMED,your-name,Manually reviewed and confirmed Tupac witness-speaking rows,YES,,,UNREVIEWED,,,,NO,,UNKNOWN,0.000000,0.000000,UNKNOWN,,UNKNOWN,UNKNOWN,NO,audio_energy_plus_mouth_motion_baseline,FAILED_NO_FACE_DATA,0,0,AUTO_REJECT_CANDIDATE,excluded_or_not_verified_witness_speaking_input,LOW,Speaker-face identity still requires human confirmation
lOcZ_IJbM3I_turn08997,lOcZ_IJbM3I_turn08997,lOcZ_IJbM3I,,,,,/Users/rajeshpmu/Desktop/LegalMemoCMT/data/phase2/tupac/corpus/raw/reggie-wright-jr-full-testimony-in-tupac-murder-trial/reggie-wright-jr-full-testimony-in-tupac-murder-trial_lOcZ_IJbM3I.en.vtt,/Users/rajeshpmu/Desktop/LegalMemoCMT/data/processed/phase2/tupac/turn_clips/video/lOcZ_IJbM3I/lOcZ_IJbM3I_turn08997.mp4,/Users/rajeshpmu/Desktop/LegalMemoCMT/data/processed/phase2/tupac/turn_clips/audio/lOcZ_IJbM3I/lOcZ_IJbM3I_turn08997.wav,,,,,,,,,YES,As best you can.,As best you can.,01:17:00.221,01:17:01.392,1.171,1.171,marker,MEDIUM,1,3,"lOcZ_IJbM3I_utt04307#p02,lOcZ_IJbM3I_utt04308#p01,lOcZ_IJbM3I_utt04309#p01","lOcZ_IJbM3I_utt04307,lOcZ_IJbM3I_utt04308,lOcZ_IJbM3I_utt04309",3,SPEAKER_10,0.371,pyannote/speaker-diarization-3.1,Witness,manual_verified_diarization,HIGH,,,YES,SPEAKING,UNKNOWN,UNKNOWN,/Users/rajeshpmu/Desktop/LegalMemoCMT/data/phase2/tupac/corpus/raw/reggie-wright-jr-full-testimony-in-tupac-murder-trial/reggie-wright-jr-full-testimony-in-tupac-murder-trial_lOcZ_IJbM3I.mp4,/Users/rajeshpmu/Desktop/LegalMemoCMT/data/phase2/tupac/corpus/raw/reggie-wright-jr-full-testimony-in-tupac-murder-trial/reggie-wright-jr-full-testimony-in-tupac-murder-trial_lOcZ_IJbM3I.wav,/Users/rajeshpmu/Desktop/LegalMemoCMT/data/processed/phase2/tupac/turn_clips/video/lOcZ_IJbM3I/lOcZ_IJbM3I_turn08997.mp4,/Users/rajeshpmu/Desktop/LegalMemoCMT/data/processed/phase2/tupac/turn_clips/audio/lOcZ_IJbM3I/lOcZ_IJbM3I_turn08997.wav,4620.221,4621.392,1.171,reused,01:17:00.221,01:17:01.392,0.000,default_zero,YES,speaker_role=Witness,review,review because candidate needs manual validation,HUMAN_VERIFIED,manual_clip_review,HIGH,CONFIRMED,your-name,Manually reviewed and confirmed Tupac witness-speaking rows,YES,,,UNREVIEWED,,,,NO,,UNKNOWN,0.000000,0.000000,UNKNOWN,,UNKNOWN,UNKNOWN,NO,audio_energy_plus_mouth_motion_baseline,FAILED_NO_FACE_DATA,0,0,AUTO_REJECT_CANDIDATE,excluded_or_not_verified_witness_speaking_input,LOW,Speaker-face identity still requires human confirmation
lOcZ_IJbM3I_turn09046,lOcZ_IJbM3I_turn09046,lOcZ_IJbM3I,,,,,/Users/rajeshpmu/Desktop/LegalMemoCMT/data/phase2/tupac/corpus/raw/reggie-wright-jr-full-testimony-in-tupac-murder-trial/reggie-wright-jr-full-testimony-in-tupac-murder-trial_lOcZ_IJbM3I.en.vtt,/Users/rajeshpmu/Desktop/LegalMemoCMT/data/processed/phase2/tupac/turn_clips/video/lOcZ_IJbM3I/lOcZ_IJbM3I_turn09046.mp4,/Users/rajeshpmu/Desktop/LegalMemoCMT/data/processed/phase2/tupac/turn_clips/audio/lOcZ_IJbM3I/lOcZ_IJbM3I_turn09046.wav,,,,,,,,,YES,"But the well, I'll say Club 662 are under Mr. Khalessi.","But the well, I'll say Club 662 are under Mr. Khalessi.",01:21:29.979,01:21:34.003,4.024,4.024,marker,MEDIUM,1,5,"lOcZ_IJbM3I_utt04605#p02,lOcZ_IJbM3I_utt04606#p01,lOcZ_IJbM3I_utt04607#p01,lOcZ_IJbM3I_utt04608#p01,lOcZ_IJbM3I_utt04609#p01","lOcZ_IJbM3I_utt04605,lOcZ_IJbM3I_utt04606,lOcZ_IJbM3I_utt04607,lOcZ_IJbM3I_utt04608,lOcZ_IJbM3I_utt04609",5,SPEAKER_10,4.024,pyannote/speaker-diarization-3.1,Witness,manual_verified_diarization,HIGH,,,YES,SPEAKING,UNKNOWN,UNKNOWN,/Users/rajeshpmu/Desktop/LegalMemoCMT/data/phase2/tupac/corpus/raw/reggie-wright-jr-full-testimony-in-tupac-murder-trial/reggie-wright-jr-full-testimony-in-tupac-murder-trial_lOcZ_IJbM3I.mp4,/Users/rajeshpmu/Desktop/LegalMemoCMT/data/phase2/tupac/corpus/raw/reggie-wright-jr-full-testimony-in-tupac-murder-trial/reggie-wright-jr-full-testimony-in-tupac-murder-trial_lOcZ_IJbM3I.wav,/Users/rajeshpmu/Desktop/LegalMemoCMT/data/processed/phase2/tupac/turn_clips/video/lOcZ_IJbM3I/lOcZ_IJbM3I_turn09046.mp4,/Users/rajeshpmu/Desktop/LegalMemoCMT/data/processed/phase2/tupac/turn_clips/audio/lOcZ_IJbM3I/lOcZ_IJbM3I_turn09046.wav,4889.979,4894.003,4.024,reused,01:21:29.979,01:21:34.003,0.000,default_zero,YES,speaker_role=Witness,review,review because candidate needs manual validation,HUMAN_VERIFIED,manual_clip_review,HIGH,CONFIRMED,your-name,Manually reviewed and confirmed Tupac witness-speaking rows,YES,,,UNREVIEWED,,,,NO,,UNKNOWN,0.000000,0.000000,UNKNOWN,,UNKNOWN,UNKNOWN,NO,audio_energy_plus_mouth_motion_baseline,FAILED_NO_FACE_DATA,0,0,AUTO_REJECT_CANDIDATE,excluded_or_not_verified_witness_speaking_input,LOW,Speaker-face identity still requires human confirmation
lOcZ_IJbM3I_turn09067,lOcZ_IJbM3I_turn09067,lOcZ_IJbM3I,,,,,/Users/rajeshpmu/Desktop/LegalMemoCMT/data/phase2/tupac/corpus/raw/reggie-wright-jr-full-testimony-in-tupac-murder-trial/reggie-wright-jr-full-testimony-in-tupac-murder-trial_lOcZ_IJbM3I.en.vtt,/Users/rajeshpmu/Desktop/LegalMemoCMT/data/processed/phase2/tupac/turn_clips/video/lOcZ_IJbM3I/lOcZ_IJbM3I_turn09067.mp4,/Users/rajeshpmu/Desktop/LegalMemoCMT/data/processed/phase2/tupac/turn_clips/audio/lOcZ_IJbM3I/lOcZ_IJbM3I_turn09067.wav,,,,,,,,,YES,"My company, right where we were making money, but I also received a salary from Death Row.","My company, right where we were making money, but I also received a salary from Death Row.",01:23:34.398,01:23:38.678,4.280,4.280,marker,MEDIUM,1,7,"lOcZ_IJbM3I_utt04753#p02,lOcZ_IJbM3I_utt04754#p01,lOcZ_IJbM3I_utt04755#p01,lOcZ_IJbM3I_utt04756#p01,lOcZ_IJbM3I_utt04757#p01,lOcZ_IJbM3I_utt04758#p01,lOcZ_IJbM3I_utt04759#p01","lOcZ_IJbM3I_utt04753,lOcZ_IJbM3I_utt04754,lOcZ_IJbM3I_utt04755,lOcZ_IJbM3I_utt04756,lOcZ_IJbM3I_utt04757,lOcZ_IJbM3I_utt04758,lOcZ_IJbM3I_utt04759",7,SPEAKER_10,3.245,pyannote/speaker-diarization-3.1,Witness,manual_verified_diarization,HIGH,,,YES,SPEAKING,UNKNOWN,UNKNOWN,/Users/rajeshpmu/Desktop/LegalMemoCMT/data/phase2/tupac/corpus/raw/reggie-wright-jr-full-testimony-in-tupac-murder-trial/reggie-wright-jr-full-testimony-in-tupac-murder-trial_lOcZ_IJbM3I.mp4,/Users/rajeshpmu/Desktop/LegalMemoCMT/data/phase2/tupac/corpus/raw/reggie-wright-jr-full-testimony-in-tupac-murder-trial/reggie-wright-jr-full-testimony-in-tupac-murder-trial_lOcZ_IJbM3I.wav,/Users/rajeshpmu/Desktop/LegalMemoCMT/data/processed/phase2/tupac/turn_clips/video/lOcZ_IJbM3I/lOcZ_IJbM3I_turn09067.mp4,/Users/rajeshpmu/Desktop/LegalMemoCMT/data/processed/phase2/tupac/turn_clips/audio/lOcZ_IJbM3I/lOcZ_IJbM3I_turn09067.wav,5014.398,5018.678,4.280,reused,01:23:34.398,01:23:38.678,0.000,default_zero,YES,speaker_role=Witness,review,review because candidate needs manual validation,HUMAN_VERIFIED,manual_clip_review,HIGH,CONFIRMED,your-name,Manually reviewed and confirmed Tupac witness-speaking rows,YES,,,UNREVIEWED,,,,NO,,UNKNOWN,0.000000,0.000000,UNKNOWN,,UNKNOWN,UNKNOWN,NO,audio_energy_plus_mouth_motion_baseline,FAILED_NO_FACE_DATA,0,0,AUTO_REJECT_CANDIDATE,excluded_or_not_verified_witness_speaking_input,LOW,Speaker-face identity still requires human confirmation
lOcZ_IJbM3I_turn09228,lOcZ_IJbM3I_turn09228,lOcZ_IJbM3I,,,,,/Users/rajeshpmu/Desktop/LegalMemoCMT/data/phase2/tupac/corpus/raw/reggie-wright-jr-full-testimony-in-tupac-murder-trial/reggie-wright-jr-full-testimony-in-tupac-murder-trial_lOcZ_IJbM3I.en.vtt,/Users/rajeshpmu/Desktop/LegalMemoCMT/data/processed/phase2/tupac/turn_clips/video/lOcZ_IJbM3I/lOcZ_IJbM3I_turn09228.mp4,/Users/rajeshpmu/Desktop/LegalMemoCMT/data/processed/phase2/tupac/turn_clips/audio/lOcZ_IJbM3I/lOcZ_IJbM3I_turn09228.wav,,,,,,,,,YES,"Uh no, actually. Well, it happened The reason why I got in trouble cuz it went across state lines to Memphis. It's actually Memphis, Tennessee.","Uh no, actually. Well, it happened The reason why I got in trouble cuz it went across state lines to Memphis. It's actually Memphis, Tennessee.",01:40:41.233,01:40:48.779,7.546,7.546,marker,MEDIUM,1,9,"lOcZ_IJbM3I_utt05837#p02,lOcZ_IJbM3I_utt05838#p01,lOcZ_IJbM3I_utt05839#p01,lOcZ_IJbM3I_utt05840#p01,lOcZ_IJbM3I_utt05841#p01,lOcZ_IJbM3I_utt05842#p01,lOcZ_IJbM3I_utt05843#p01,lOcZ_IJbM3I_utt05844#p01,lOcZ_IJbM3I_utt05845#p01","lOcZ_IJbM3I_utt05837,lOcZ_IJbM3I_utt05838,lOcZ_IJbM3I_utt05839,lOcZ_IJbM3I_utt05840,lOcZ_IJbM3I_utt05841,lOcZ_IJbM3I_utt05842,lOcZ_IJbM3I_utt05843,lOcZ_IJbM3I_utt05844,lOcZ_IJbM3I_utt05845",9,SPEAKER_10,6.579,pyannote/speaker-diarization-3.1,Witness,manual_verified_diarization,HIGH,,,YES,SPEAKING,UNKNOWN,UNKNOWN,/Users/rajeshpmu/Desktop/LegalMemoCMT/data/phase2/tupac/corpus/raw/reggie-wright-jr-full-testimony-in-tupac-murder-trial/reggie-wright-jr-full-testimony-in-tupac-murder-trial_lOcZ_IJbM3I.mp4,/Users/rajeshpmu/Desktop/LegalMemoCMT/data/phase2/tupac/corpus/raw/reggie-wright-jr-full-testimony-in-tupac-murder-trial/reggie-wright-jr-full-testimony-in-tupac-murder-trial_lOcZ_IJbM3I.wav,/Users/rajeshpmu/Desktop/LegalMemoCMT/data/processed/phase2/tupac/turn_clips/video/lOcZ_IJbM3I/lOcZ_IJbM3I_turn09228.mp4,/Users/rajeshpmu/Desktop/LegalMemoCMT/data/processed/phase2/tupac/turn_clips/audio/lOcZ_IJbM3I/lOcZ_IJbM3I_turn09228.wav,6041.233,6048.779,7.546,reused,01:40:41.233,01:40:48.779,0.000,default_zero,YES,speaker_role=Witness,review,review because candidate needs manual validation,HUMAN_VERIFIED,manual_clip_review,HIGH,CONFIRMED,your-name,Manually reviewed and confirmed Tupac witness-speaking rows,YES,,,UNREVIEWED,,,,NO,,UNKNOWN,0.000000,0.000000,UNKNOWN,,UNKNOWN,UNKNOWN,NO,audio_energy_plus_mouth_motion_baseline,FAILED_NO_FACE_DATA,0,0,AUTO_REJECT_CANDIDATE,excluded_or_not_verified_witness_speaking_input,LOW,Speaker-face identity still requires human confirmation
lOcZ_IJbM3I_turn08510,lOcZ_IJbM3I_turn08510,lOcZ_IJbM3I,,,,,/Users/rajeshpmu/Desktop/LegalMemoCMT/data/phase2/tupac/corpus/raw/reggie-wright-jr-full-testimony-in-tupac-murder-trial/reggie-wright-jr-full-testimony-in-tupac-murder-trial_lOcZ_IJbM3I.en.vtt,/Users/rajeshpmu/Desktop/LegalMemoCMT/data/processed/phase2/tupac/turn_clips/video/lOcZ_IJbM3I/lOcZ_IJbM3I_turn08510.mp4,/Users/rajeshpmu/Desktop/LegalMemoCMT/data/processed/phase2/tupac/turn_clips/audio/lOcZ_IJbM3I/lOcZ_IJbM3I_turn08510.wav,,,,,,,,,YES,"Uh there's debated how that happened, but","Uh there's debated how that happened, but",00:14:07.827,00:14:11.655,3.828,3.828,marker,MEDIUM,1,7,"lOcZ_IJbM3I_utt00849#p02,lOcZ_IJbM3I_utt00850#p01,lOcZ_IJbM3I_utt00851#p01,lOcZ_IJbM3I_utt00852#p01,lOcZ_IJbM3I_utt00853#p01,lOcZ_IJbM3I_utt00854#p01,lOcZ_IJbM3I_utt00855#p01","lOcZ_IJbM3I_utt00849,lOcZ_IJbM3I_utt00850,lOcZ_IJbM3I_utt00851,lOcZ_IJbM3I_utt00852,lOcZ_IJbM3I_utt00853,lOcZ_IJbM3I_utt00854,lOcZ_IJbM3I_utt00855",7,SPEAKER_10,2.025,pyannote/speaker-diarization-3.1,Witness,manual_verified_diarization,HIGH,,,YES,SPEAKING,UNKNOWN,UNKNOWN,/Users/rajeshpmu/Desktop/LegalMemoCMT/data/phase2/tupac/corpus/raw/reggie-wright-jr-full-testimony-in-tupac-murder-trial/reggie-wright-jr-full-testimony-in-tupac-murder-trial_lOcZ_IJbM3I.mp4,/Users/rajeshpmu/Desktop/LegalMemoCMT/data/phase2/tupac/corpus/raw/reggie-wright-jr-full-testimony-in-tupac-murder-trial/reggie-wright-jr-full-testimony-in-tupac-murder-trial_lOcZ_IJbM3I.wav,/Users/rajeshpmu/Desktop/LegalMemoCMT/data/processed/phase2/tupac/turn_clips/video/lOcZ_IJbM3I/lOcZ_IJbM3I_turn08510.mp4,/Users/rajeshpmu/Desktop/LegalMemoCMT/data/processed/phase2/tupac/turn_clips/audio/lOcZ_IJbM3I/lOcZ_IJbM3I_turn08510.wav,847.827,851.655,3.828,reused,00:14:07.827,00:14:11.655,0.000,default_zero,YES,speaker_role=Witness,review,review because candidate needs manual validation,HUMAN_VERIFIED,manual_clip_review,HIGH,CONFIRMED,your-name,Manually reviewed and confirmed Tupac witness-speaking rows,YES,,,UNREVIEWED,,,,NO,,UNKNOWN,0.000000,0.000000,UNKNOWN,,UNKNOWN,UNKNOWN,NO,audio_energy_plus_mouth_motion_baseline,FAILED_NO_FACE_DATA,0,0,AUTO_REJECT_CANDIDATE,excluded_or_not_verified_witness_speaking_input,LOW,Speaker-face identity still requires human confirmation
lOcZ_IJbM3I_turn08517,lOcZ_IJbM3I_turn08517,lOcZ_IJbM3I,,,,,/Users/rajeshpmu/Desktop/LegalMemoCMT/data/phase2/tupac/corpus/raw/reggie-wright-jr-full-testimony-in-tupac-murder-trial/reggie-wright-jr-full-testimony-in-tupac-murder-trial_lOcZ_IJbM3I.en.vtt,/Users/rajeshpmu/Desktop/LegalMemoCMT/data/processed/phase2/tupac/turn_clips/video/lOcZ_IJbM3I/lOcZ_IJbM3I_turn08517.mp4,/Users/rajeshpmu/Desktop/LegalMemoCMT/data/processed/phase2/tupac/turn_clips/audio/lOcZ_IJbM3I/lOcZ_IJbM3I_turn08517.wav,,,,,,,,,YES,"So, you know, if you don't know, if you don't know. something like that. I don't I wouldn't call it that, but yes.","So, you know, if you don't know, if you don't know. something like that. I don't I wouldn't call it that, but yes.",00:14:39.559,00:14:44.504,4.945,4.945,marker,MEDIUM,1,10,"lOcZ_IJbM3I_utt00885#p02,lOcZ_IJbM3I_utt00886#p01,lOcZ_IJbM3I_utt00887#p01,lOcZ_IJbM3I_utt00888#p01,lOcZ_IJbM3I_utt00889#p01,lOcZ_IJbM3I_utt00889#p02,lOcZ_IJbM3I_utt00890#p01,lOcZ_IJbM3I_utt00891#p01,lOcZ_IJbM3I_utt00892#p01,lOcZ_IJbM3I_utt00893#p01","lOcZ_IJbM3I_utt00885,lOcZ_IJbM3I_utt00886,lOcZ_IJbM3I_utt00887,lOcZ_IJbM3I_utt00888,lOcZ_IJbM3I_utt00889,lOcZ_IJbM3I_utt00890,lOcZ_IJbM3I_utt00891,lOcZ_IJbM3I_utt00892,lOcZ_IJbM3I_utt00893",9,SPEAKER_10,2.025,pyannote/speaker-diarization-3.1,Witness,manual_verified_diarization,HIGH,,,YES,SPEAKING,UNKNOWN,UNKNOWN,/Users/rajeshpmu/Desktop/LegalMemoCMT/data/phase2/tupac/corpus/raw/reggie-wright-jr-full-testimony-in-tupac-murder-trial/reggie-wright-jr-full-testimony-in-tupac-murder-trial_lOcZ_IJbM3I.mp4,/Users/rajeshpmu/Desktop/LegalMemoCMT/data/phase2/tupac/corpus/raw/reggie-wright-jr-full-testimony-in-tupac-murder-trial/reggie-wright-jr-full-testimony-in-tupac-murder-trial_lOcZ_IJbM3I.wav,/Users/rajeshpmu/Desktop/LegalMemoCMT/data/processed/phase2/tupac/turn_clips/video/lOcZ_IJbM3I/lOcZ_IJbM3I_turn08517.mp4,/Users/rajeshpmu/Desktop/LegalMemoCMT/data/processed/phase2/tupac/turn_clips/audio/lOcZ_IJbM3I/lOcZ_IJbM3I_turn08517.wav,879.559,884.504,4.945,reused,00:14:39.559,00:14:44.504,0.000,default_zero,YES,speaker_role=Witness,review,review because candidate needs manual validation,HUMAN_VERIFIED,manual_clip_review,HIGH,CONFIRMED,your-name,Manually reviewed and confirmed Tupac witness-speaking rows,YES,,,UNREVIEWED,,,,NO,,UNKNOWN,0.000000,0.000000,UNKNOWN,,UNKNOWN,UNKNOWN,NO,audio_energy_plus_mouth_motion_baseline,FAILED_NO_FACE_DATA,0,0,AUTO_REJECT_CANDIDATE,excluded_or_not_verified_witness_speaking_input,LOW,Speaker-face identity still requires human confirmation
nEzTBJWiyqM_turn09395,nEzTBJWiyqM_turn09395,nEzTBJWiyqM,,,,,/Users/rajeshpmu/Desktop/LegalMemoCMT/data/phase2/tupac/corpus/raw/tupac-murder-trial-doctor-reveals-details-from-tupac-shakur-s-1996-aut/tupac-murder-trial-doctor-reveals-details-from-tupac-shakur-s-1996-aut_nEzTBJWiyqM.en.vtt,/Users/rajeshpmu/Desktop/LegalMemoCMT/data/processed/phase2/tupac/turn_clips/video/nEzTBJWiyqM/nEzTBJWiyqM_turn09395.mp4,/Users/rajeshpmu/Desktop/LegalMemoCMT/data/processed/phase2/tupac/turn_clips/audio/nEzTBJWiyqM/nEzTBJWiyqM_turn09395.wav,,,,,,,,,YES,Yes we take uh multiple angles of those projectiles. Photos of multiple angles.,Yes we take uh multiple angles of those projectiles. Photos of multiple angles.,00:12:53.957,00:12:59.863,5.906,5.906,marker,MEDIUM,1,7,"nEzTBJWiyqM_utt00675#p02,nEzTBJWiyqM_utt00676#p01,nEzTBJWiyqM_utt00677#p01,nEzTBJWiyqM_utt00678#p01,nEzTBJWiyqM_utt00679#p01,nEzTBJWiyqM_utt00680#p01,nEzTBJWiyqM_utt00681#p01","nEzTBJWiyqM_utt00675,nEzTBJWiyqM_utt00676,nEzTBJWiyqM_utt00677,nEzTBJWiyqM_utt00678,nEzTBJWiyqM_utt00679,nEzTBJWiyqM_utt00680,nEzTBJWiyqM_utt00681",7,SPEAKER_02,2.813,pyannote/speaker-diarization-3.1,Witness,manual_verified_diarization,HIGH,,,YES,SPEAKING,UNKNOWN,UNKNOWN,/Users/rajeshpmu/Desktop/LegalMemoCMT/data/phase2/tupac/corpus/raw/tupac-murder-trial-doctor-reveals-details-from-tupac-shakur-s-1996-aut/tupac-murder-trial-doctor-reveals-details-from-tupac-shakur-s-1996-aut_nEzTBJWiyqM.mp4,/Users/rajeshpmu/Desktop/LegalMemoCMT/data/phase2/tupac/corpus/raw/tupac-murder-trial-doctor-reveals-details-from-tupac-shakur-s-1996-aut/tupac-murder-trial-doctor-reveals-details-from-tupac-shakur-s-1996-aut_nEzTBJWiyqM.wav,/Users/rajeshpmu/Desktop/LegalMemoCMT/data/processed/phase2/tupac/turn_clips/video/nEzTBJWiyqM/nEzTBJWiyqM_turn09395.mp4,/Users/rajeshpmu/Desktop/LegalMemoCMT/data/processed/phase2/tupac/turn_clips/audio/nEzTBJWiyqM/nEzTBJWiyqM_turn09395.wav,773.957,779.863,5.906,reused,00:12:53.957,00:12:59.863,0.000,default_zero,YES,speaker_role=Witness,review,review because candidate needs manual validation,HUMAN_VERIFIED,manual_clip_review,HIGH,CONFIRMED,your-name,Manually reviewed and confirmed Tupac witness-speaking rows,YES,,,UNREVIEWED,,,,NO,,UNKNOWN,0.000000,0.000000,UNKNOWN,,UNKNOWN,UNKNOWN,NO,audio_energy_plus_mouth_motion_baseline,FAILED_NO_FACE_DATA,0,0,AUTO_REJECT_CANDIDATE,excluded_or_not_verified_witness_speaking_input,LOW,Speaker-face identity still requires human confirmation
pvNr1jnlRpc_turn09612,pvNr1jnlRpc_turn09612,pvNr1jnlRpc,,,,,/Users/rajeshpmu/Desktop/LegalMemoCMT/data/phase2/tupac/corpus/raw/tupac-murder-trial-mob-james-reveals-death-row-secrets-in-explosive-te/tupac-murder-trial-mob-james-reveals-death-row-secrets-in-explosive-te_pvNr1jnlRpc.en.vtt,/Users/rajeshpmu/Desktop/LegalMemoCMT/data/processed/phase2/tupac/turn_clips/video/pvNr1jnlRpc/pvNr1jnlRpc_turn09612.mp4,/Users/rajeshpmu/Desktop/LegalMemoCMT/data/processed/phase2/tupac/turn_clips/audio/pvNr1jnlRpc/pvNr1jnlRpc_turn09612.wav,,,,,,,,,YES,Okay. Some people would describe being shot in the head even slightly. that that's that's I mean wrong.,Okay. Some people would describe being shot in the head even slightly. that that's that's I mean wrong.,00:12:30.497,00:12:36.733,6.236,6.236,marker,MEDIUM,1,8,"pvNr1jnlRpc_utt00759#p02,pvNr1jnlRpc_utt00760#p01,pvNr1jnlRpc_utt00761#p01,pvNr1jnlRpc_utt00762#p01,pvNr1jnlRpc_utt00763#p01,pvNr1jnlRpc_utt00763#p02,pvNr1jnlRpc_utt00764#p01,pvNr1jnlRpc_utt00765#p01","pvNr1jnlRpc_utt00759,pvNr1jnlRpc_utt00760,pvNr1jnlRpc_utt00761,pvNr1jnlRpc_utt00762,pvNr1jnlRpc_utt00763,pvNr1jnlRpc_utt00764,pvNr1jnlRpc_utt00765",7,SPEAKER_01,2.751,pyannote/speaker-diarization-3.1,Witness,manual_verified_diarization,HIGH,,,YES,SPEAKING,UNKNOWN,UNKNOWN,/Users/rajeshpmu/Desktop/LegalMemoCMT/data/phase2/tupac/corpus/raw/tupac-murder-trial-mob-james-reveals-death-row-secrets-in-explosive-te/tupac-murder-trial-mob-james-reveals-death-row-secrets-in-explosive-te_pvNr1jnlRpc.mp4,/Users/rajeshpmu/Desktop/LegalMemoCMT/data/phase2/tupac/corpus/raw/tupac-murder-trial-mob-james-reveals-death-row-secrets-in-explosive-te/tupac-murder-trial-mob-james-reveals-death-row-secrets-in-explosive-te_pvNr1jnlRpc.wav,/Users/rajeshpmu/Desktop/LegalMemoCMT/data/processed/phase2/tupac/turn_clips/video/pvNr1jnlRpc/pvNr1jnlRpc_turn09612.mp4,/Users/rajeshpmu/Desktop/LegalMemoCMT/data/processed/phase2/tupac/turn_clips/audio/pvNr1jnlRpc/pvNr1jnlRpc_turn09612.wav,750.497,756.733,6.236,reused,00:12:30.497,00:12:36.733,0.000,default_zero,YES,speaker_role=Witness,review,review because candidate needs manual validation,HUMAN_VERIFIED,manual_clip_review,HIGH,CONFIRMED,your-name,Manually reviewed and confirmed Tupac witness-speaking rows,YES,,,UNREVIEWED,,,,NO,,UNKNOWN,0.000000,0.000000,UNKNOWN,,UNKNOWN,UNKNOWN,NO,audio_energy_plus_mouth_motion_baseline,FAILED_NO_FACE_DATA,0,0,AUTO_REJECT_CANDIDATE,excluded_or_not_verified_witness_speaking_input,LOW,Speaker-face identity still requires human confirmation
