source_group_id,source_audio_path,speaker_cluster_id,manifest_turn_row_count,turn_row_duration_seconds,turn_row_duration_minutes,turn_interval_union_seconds,diarization_segment_count,diarization_segment_seconds,sample_utterance_ids,sample_time_ranges,sample_clip_video_paths,sample_clip_audio_paths,sample_text,role_label,role_confidence,witness_speaking_status
EA-DSbYev9I,,SPEAKER_29,656,4007.903,66.798,4007.903,0,0.000,EA-DSbYev9I_turn00912 | EA-DSbYev9I_turn00913 | EA-DSbYev9I_turn00914,01:04:07.780 -> 01:04:08.586 | 01:04:08.586 -> 01:04:09.090 | 01:04:09.090 -> 01:04:10.115,/Users/rajeshpmu/Desktop/LegalMemoCMT/data/phase2/tupac/corpus/raw/nv-v-duane-keffe-d-davis-day-2-mob-james-reggie-wright-jr-and-the-corn/nv-v-duane-keffe-d-davis-day-2-mob-james-reggie-wright-jr-and-the-corn_EA-DSbYev9I.mp4 | /Users/rajeshpmu/Desktop/LegalMemoCMT/data/phase2/tupac/corpus/raw/nv-v-duane-keffe-d-davis-day-2-mob-james-reggie-wright-jr-and-the-corn/nv-v-duane-keffe-d-davis-day-2-mob-james-reggie-wright-jr-and-the-corn_EA-DSbYev9I.mp4 | /Users/rajeshpmu/Desktop/LegalMemoCMT/data/phase2/tupac/corpus/raw/nv-v-duane-keffe-d-davis-day-2-mob-james-reggie-wright-jr-and-the-corn/nv-v-duane-keffe-d-davis-day-2-mob-james-reggie-wright-jr-and-the-corn_EA-DSbYev9I.mp4,/Users/rajeshpmu/Desktop/LegalMemoCMT/data/phase2/tupac/corpus/raw/nv-v-duane-keffe-d-davis-day-2-mob-james-reggie-wright-jr-and-the-corn/nv-v-duane-keffe-d-davis-day-2-mob-james-reggie-wright-jr-and-the-corn_EA-DSbYev9I.wav | /Users/rajeshpmu/Desktop/LegalMemoCMT/data/phase2/tupac/corpus/raw/nv-v-duane-keffe-d-davis-day-2-mob-james-reggie-wright-jr-and-the-corn/nv-v-duane-keffe-d-davis-day-2-mob-james-reggie-wright-jr-and-the-corn_EA-DSbYev9I.wav | /Users/rajeshpmu/Desktop/LegalMemoCMT/data/phase2/tupac/corpus/raw/nv-v-duane-keffe-d-davis-day-2-mob-james-reggie-wright-jr-and-the-corn/nv-v-duane-keffe-d-davis-day-2-mob-james-reggie-wright-jr-and-the-corn_EA-DSbYev9I.wav,Dr. G. Morning. || Good morning. || How are you doing?,UNKNOWN,LOW,UNKNOWN
Wt1h7rnCvZQ,,SPEAKER_08,610,4265.857,71.098,4265.857,0,0.000,Wt1h7rnCvZQ_turn04119 | Wt1h7rnCvZQ_turn04137 | Wt1h7rnCvZQ_turn04138,00:57:00.534 -> 00:57:03.265 | 00:58:19.595 -> 00:58:21.392 | 00:58:21.392 -> 00:58:23.832,/Users/rajeshpmu/Desktop/LegalMemoCMT/data/phase2/tupac/corpus/raw/live-nv-v-duane-keffe-d-davis-day-2-tupac-murder-trial/live-nv-v-duane-keffe-d-davis-day-2-tupac-murder-trial_Wt1h7rnCvZQ.mp4 | /Users/rajeshpmu/Desktop/LegalMemoCMT/data/phase2/tupac/corpus/raw/live-nv-v-duane-keffe-d-davis-day-2-tupac-murder-trial/live-nv-v-duane-keffe-d-davis-day-2-tupac-murder-trial_Wt1h7rnCvZQ.mp4 | /Users/rajeshpmu/Desktop/LegalMemoCMT/data/phase2/tupac/corpus/raw/live-nv-v-duane-keffe-d-davis-day-2-tupac-murder-trial/live-nv-v-duane-keffe-d-davis-day-2-tupac-murder-trial_Wt1h7rnCvZQ.mp4,/Users/rajeshpmu/Desktop/LegalMemoCMT/data/phase2/tupac/corpus/raw/live-nv-v-duane-keffe-d-davis-day-2-tupac-murder-trial/live-nv-v-duane-keffe-d-davis-day-2-tupac-murder-trial_Wt1h7rnCvZQ.wav | /Users/rajeshpmu/Desktop/LegalMemoCMT/data/phase2/tupac/corpus/raw/live-nv-v-duane-keffe-d-davis-day-2-tupac-murder-trial/live-nv-v-duane-keffe-d-davis-day-2-tupac-murder-trial_Wt1h7rnCvZQ.wav | /Users/rajeshpmu/Desktop/LegalMemoCMT/data/phase2/tupac/corpus/raw/live-nv-v-duane-keffe-d-davis-day-2-tupac-murder-trial/live-nv-v-duane-keffe-d-davis-day-2-tupac-murder-trial_Wt1h7rnCvZQ.wav,"Just for the record with exhibit number, || Pass examination. Mr. Sant. || Yes, sir. Thank you, Dr. G. Morning.",UNKNOWN,LOW,UNKNOWN
gozVH0bYxzY,,SPEAKER_17,602,4529.737,75.496,4529.737,0,0.000,gozVH0bYxzY_turn06443 | gozVH0bYxzY_turn06444 | gozVH0bYxzY_turn06445,01:03:19.355 -> 01:03:21.730 | 01:03:21.730 -> 01:03:22.715 | 01:03:22.715 -> 01:03:24.050,/Users/rajeshpmu/Desktop/LegalMemoCMT/data/phase2/tupac/corpus/raw/2pac-trial-day-2-reggie-wright-and-mob-james-testify-8-18-2026/2pac-trial-day-2-reggie-wright-and-mob-james-testify-8-18-2026_gozVH0bYxzY.mp4 | /Users/rajeshpmu/Desktop/LegalMemoCMT/data/phase2/tupac/corpus/raw/2pac-trial-day-2-reggie-wright-and-mob-james-testify-8-18-2026/2pac-trial-day-2-reggie-wright-and-mob-james-testify-8-18-2026_gozVH0bYxzY.mp4 | /Users/rajeshpmu/Desktop/LegalMemoCMT/data/phase2/tupac/corpus/raw/2pac-trial-day-2-reggie-wright-and-mob-james-testify-8-18-2026/2pac-trial-day-2-reggie-wright-and-mob-james-testify-8-18-2026_gozVH0bYxzY.mp4,/Users/rajeshpmu/Desktop/LegalMemoCMT/data/phase2/tupac/corpus/raw/2pac-trial-day-2-reggie-wright-and-mob-james-testify-8-18-2026/2pac-trial-day-2-reggie-wright-and-mob-james-testify-8-18-2026_gozVH0bYxzY.wav | /Users/rajeshpmu/Desktop/LegalMemoCMT/data/phase2/tupac/corpus/raw/2pac-trial-day-2-reggie-wright-and-mob-james-testify-8-18-2026/2pac-trial-day-2-reggie-wright-and-mob-james-testify-8-18-2026_gozVH0bYxzY.wav | /Users/rajeshpmu/Desktop/LegalMemoCMT/data/phase2/tupac/corpus/raw/2pac-trial-day-2-reggie-wright-and-mob-james-testify-8-18-2026/2pac-trial-day-2-reggie-wright-and-mob-james-testify-8-18-2026_gozVH0bYxzY.wav,"Yes, sir. Thank you, Dr. Good morning. || How are you doing? || Good. How are you?",UNKNOWN,LOW,UNKNOWN
EA-DSbYev9I,,SPEAKER_02,464,9855.950,164.266,9855.950,0,0.000,EA-DSbYev9I_turn00418 | EA-DSbYev9I_turn00419 | EA-DSbYev9I_turn00426,00:07:36.034 -> 00:07:37.618 | 00:07:37.618 -> 00:08:57.223 | 00:09:06.058 -> 00:09:40.075,/Users/rajeshpmu/Desktop/LegalMemoCMT/data/phase2/tupac/corpus/raw/nv-v-duane-keffe-d-davis-day-2-mob-james-reggie-wright-jr-and-the-corn/nv-v-duane-keffe-d-davis-day-2-mob-james-reggie-wright-jr-and-the-corn_EA-DSbYev9I.mp4 | /Users/rajeshpmu/Desktop/LegalMemoCMT/data/phase2/tupac/corpus/raw/nv-v-duane-keffe-d-davis-day-2-mob-james-reggie-wright-jr-and-the-corn/nv-v-duane-keffe-d-davis-day-2-mob-james-reggie-wright-jr-and-the-corn_EA-DSbYev9I.mp4 | /Users/rajeshpmu/Desktop/LegalMemoCMT/data/phase2/tupac/corpus/raw/nv-v-duane-keffe-d-davis-day-2-mob-james-reggie-wright-jr-and-the-corn/nv-v-duane-keffe-d-davis-day-2-mob-james-reggie-wright-jr-and-the-corn_EA-DSbYev9I.mp4,/Users/rajeshpmu/Desktop/LegalMemoCMT/data/phase2/tupac/corpus/raw/nv-v-duane-keffe-d-davis-day-2-mob-james-reggie-wright-jr-and-the-corn/nv-v-duane-keffe-d-davis-day-2-mob-james-reggie-wright-jr-and-the-corn_EA-DSbYev9I.wav | /Users/rajeshpmu/Desktop/LegalMemoCMT/data/phase2/tupac/corpus/raw/nv-v-duane-keffe-d-davis-day-2-mob-james-reggie-wright-jr-and-the-corn/nv-v-duane-keffe-d-davis-day-2-mob-james-reggie-wright-jr-and-the-corn_EA-DSbYev9I.wav | /Users/rajeshpmu/Desktop/LegalMemoCMT/data/phase2/tupac/corpus/raw/nv-v-duane-keffe-d-davis-day-2-mob-james-reggie-wright-jr-and-the-corn/nv-v-duane-keffe-d-davis-day-2-mob-james-reggie-wright-jr-and-the-corn_EA-DSbYev9I.wav,"Bring the jury. || For all of you just um popping into this || They're just like, ""No, we're good.""",UNKNOWN,LOW,UNKNOWN
EA-DSbYev9I,,SPEAKER_26,414,2234.660,37.244,2234.660,0,0.000,EA-DSbYev9I_turn02145 | EA-DSbYev9I_turn02146 | EA-DSbYev9I_turn02149,04:37:04.074 -> 04:37:08.562 | 04:37:08.562 -> 04:37:08.860 | 04:38:30.316 -> 04:38:35.042,/Users/rajeshpmu/Desktop/LegalMemoCMT/data/phase2/tupac/corpus/raw/nv-v-duane-keffe-d-davis-day-2-mob-james-reggie-wright-jr-and-the-corn/nv-v-duane-keffe-d-davis-day-2-mob-james-reggie-wright-jr-and-the-corn_EA-DSbYev9I.mp4 | /Users/rajeshpmu/Desktop/LegalMemoCMT/data/phase2/tupac/corpus/raw/nv-v-duane-keffe-d-davis-day-2-mob-james-reggie-wright-jr-and-the-corn/nv-v-duane-keffe-d-davis-day-2-mob-james-reggie-wright-jr-and-the-corn_EA-DSbYev9I.mp4 | /Users/rajeshpmu/Desktop/LegalMemoCMT/data/phase2/tupac/corpus/raw/nv-v-duane-keffe-d-davis-day-2-mob-james-reggie-wright-jr-and-the-corn/nv-v-duane-keffe-d-davis-day-2-mob-james-reggie-wright-jr-and-the-corn_EA-DSbYev9I.mp4,/Users/rajeshpmu/Desktop/LegalMemoCMT/data/phase2/tupac/corpus/raw/nv-v-duane-keffe-d-davis-day-2-mob-james-reggie-wright-jr-and-the-corn/nv-v-duane-keffe-d-davis-day-2-mob-james-reggie-wright-jr-and-the-corn_EA-DSbYev9I.wav | /Users/rajeshpmu/Desktop/LegalMemoCMT/data/phase2/tupac/corpus/raw/nv-v-duane-keffe-d-davis-day-2-mob-james-reggie-wright-jr-and-the-corn/nv-v-duane-keffe-d-davis-day-2-mob-james-reggie-wright-jr-and-the-corn_EA-DSbYev9I.wav | /Users/rajeshpmu/Desktop/LegalMemoCMT/data/phase2/tupac/corpus/raw/nv-v-duane-keffe-d-davis-day-2-mob-james-reggie-wright-jr-and-the-corn/nv-v-duane-keffe-d-davis-day-2-mob-james-reggie-wright-jr-and-the-corn_EA-DSbYev9I.wav,"Thank you, honor. Mr. McDonald, it's || Correct. || Thank you, honor. Mr. McDonald, it's",UNKNOWN,LOW,UNKNOWN
gozVH0bYxzY,,SPEAKER_15,355,2302.371,38.373,2302.371,0,0.000,gozVH0bYxzY_turn07364 | gozVH0bYxzY_turn07365 | gozVH0bYxzY_turn07366,05:04:12.237 -> 05:04:16.951 | 05:04:16.951 -> 05:04:17.252 | 05:04:17.252 -> 05:04:20.314,/Users/rajeshpmu/Desktop/LegalMemoCMT/data/phase2/tupac/corpus/raw/2pac-trial-day-2-reggie-wright-and-mob-james-testify-8-18-2026/2pac-trial-day-2-reggie-wright-and-mob-james-testify-8-18-2026_gozVH0bYxzY.mp4 | /Users/rajeshpmu/Desktop/LegalMemoCMT/data/phase2/tupac/corpus/raw/2pac-trial-day-2-reggie-wright-and-mob-james-testify-8-18-2026/2pac-trial-day-2-reggie-wright-and-mob-james-testify-8-18-2026_gozVH0bYxzY.mp4 | /Users/rajeshpmu/Desktop/LegalMemoCMT/data/phase2/tupac/corpus/raw/2pac-trial-day-2-reggie-wright-and-mob-james-testify-8-18-2026/2pac-trial-day-2-reggie-wright-and-mob-james-testify-8-18-2026_gozVH0bYxzY.mp4,/Users/rajeshpmu/Desktop/LegalMemoCMT/data/phase2/tupac/corpus/raw/2pac-trial-day-2-reggie-wright-and-mob-james-testify-8-18-2026/2pac-trial-day-2-reggie-wright-and-mob-james-testify-8-18-2026_gozVH0bYxzY.wav | /Users/rajeshpmu/Desktop/LegalMemoCMT/data/phase2/tupac/corpus/raw/2pac-trial-day-2-reggie-wright-and-mob-james-testify-8-18-2026/2pac-trial-day-2-reggie-wright-and-mob-james-testify-8-18-2026_gozVH0bYxzY.wav | /Users/rajeshpmu/Desktop/LegalMemoCMT/data/phase2/tupac/corpus/raw/2pac-trial-day-2-reggie-wright-and-mob-james-testify-8-18-2026/2pac-trial-day-2-reggie-wright-and-mob-james-testify-8-18-2026_gozVH0bYxzY.wav,"Thank you, honor. Mr. McDonald, it's || Correct. || Um that you didn't volunteer to come or",UNKNOWN,LOW,UNKNOWN
EA-DSbYev9I,,SPEAKER_39,346,1901.689,31.695,1901.689,0,0.000,EA-DSbYev9I_turn00428 | EA-DSbYev9I_turn00749 | EA-DSbYev9I_turn00753,00:09:52.769 -> 00:09:55.225 | 00:38:49.599 -> 00:38:58.052 | 00:39:07.278 -> 00:39:10.610,/Users/rajeshpmu/Desktop/LegalMemoCMT/data/phase2/tupac/corpus/raw/nv-v-duane-keffe-d-davis-day-2-mob-james-reggie-wright-jr-and-the-corn/nv-v-duane-keffe-d-davis-day-2-mob-james-reggie-wright-jr-and-the-corn_EA-DSbYev9I.mp4 | /Users/rajeshpmu/Desktop/LegalMemoCMT/data/phase2/tupac/corpus/raw/nv-v-duane-keffe-d-davis-day-2-mob-james-reggie-wright-jr-and-the-corn/nv-v-duane-keffe-d-davis-day-2-mob-james-reggie-wright-jr-and-the-corn_EA-DSbYev9I.mp4 | /Users/rajeshpmu/Desktop/LegalMemoCMT/data/phase2/tupac/corpus/raw/nv-v-duane-keffe-d-davis-day-2-mob-james-reggie-wright-jr-and-the-corn/nv-v-duane-keffe-d-davis-day-2-mob-james-reggie-wright-jr-and-the-corn_EA-DSbYev9I.mp4,/Users/rajeshpmu/Desktop/LegalMemoCMT/data/phase2/tupac/corpus/raw/nv-v-duane-keffe-d-davis-day-2-mob-james-reggie-wright-jr-and-the-corn/nv-v-duane-keffe-d-davis-day-2-mob-james-reggie-wright-jr-and-the-corn_EA-DSbYev9I.wav | /Users/rajeshpmu/Desktop/LegalMemoCMT/data/phase2/tupac/corpus/raw/nv-v-duane-keffe-d-davis-day-2-mob-james-reggie-wright-jr-and-the-corn/nv-v-duane-keffe-d-davis-day-2-mob-james-reggie-wright-jr-and-the-corn_EA-DSbYev9I.wav | /Users/rajeshpmu/Desktop/LegalMemoCMT/data/phase2/tupac/corpus/raw/nv-v-duane-keffe-d-davis-day-2-mob-james-reggie-wright-jr-and-the-corn/nv-v-duane-keffe-d-davis-day-2-mob-james-reggie-wright-jr-and-the-corn_EA-DSbYev9I.wav,"We're going to finish that recording and || Did you have a field training officer in || Um, do crime scene analysts respond to",UNKNOWN,LOW,UNKNOWN
Wt1h7rnCvZQ,,SPEAKER_07,326,1915.895,31.932,1915.895,0,0.000,Wt1h7rnCvZQ_turn04960 | Wt1h7rnCvZQ_turn04961 | Wt1h7rnCvZQ_turn04962,04:59:14.877 -> 04:59:19.591 | 04:59:19.591 -> 04:59:19.804 | 04:59:19.804 -> 04:59:23.113,/Users/rajeshpmu/Desktop/LegalMemoCMT/data/phase2/tupac/corpus/raw/live-nv-v-duane-keffe-d-davis-day-2-tupac-murder-trial/live-nv-v-duane-keffe-d-davis-day-2-tupac-murder-trial_Wt1h7rnCvZQ.mp4 | /Users/rajeshpmu/Desktop/LegalMemoCMT/data/phase2/tupac/corpus/raw/live-nv-v-duane-keffe-d-davis-day-2-tupac-murder-trial/live-nv-v-duane-keffe-d-davis-day-2-tupac-murder-trial_Wt1h7rnCvZQ.mp4 | /Users/rajeshpmu/Desktop/LegalMemoCMT/data/phase2/tupac/corpus/raw/live-nv-v-duane-keffe-d-davis-day-2-tupac-murder-trial/live-nv-v-duane-keffe-d-davis-day-2-tupac-murder-trial_Wt1h7rnCvZQ.mp4,/Users/rajeshpmu/Desktop/LegalMemoCMT/data/phase2/tupac/corpus/raw/live-nv-v-duane-keffe-d-davis-day-2-tupac-murder-trial/live-nv-v-duane-keffe-d-davis-day-2-tupac-murder-trial_Wt1h7rnCvZQ.wav | /Users/rajeshpmu/Desktop/LegalMemoCMT/data/phase2/tupac/corpus/raw/live-nv-v-duane-keffe-d-davis-day-2-tupac-murder-trial/live-nv-v-duane-keffe-d-davis-day-2-tupac-murder-trial_Wt1h7rnCvZQ.wav | /Users/rajeshpmu/Desktop/LegalMemoCMT/data/phase2/tupac/corpus/raw/live-nv-v-duane-keffe-d-davis-day-2-tupac-murder-trial/live-nv-v-duane-keffe-d-davis-day-2-tupac-murder-trial_Wt1h7rnCvZQ.wav,"Thank you, honor. Mr. McDonald, it's || Correct. || Um, that you [clears throat] didn't",UNKNOWN,LOW,UNKNOWN
lOcZ_IJbM3I,,SPEAKER_02,299,1630.664,27.178,1630.664,0,0.000,lOcZ_IJbM3I_turn08413 | lOcZ_IJbM3I_turn08414 | lOcZ_IJbM3I_turn08415,00:01:30.990 -> 00:01:32.194 | 00:01:32.194 -> 00:01:33.615 | 00:01:33.615 -> 00:01:34.506,/Users/rajeshpmu/Desktop/LegalMemoCMT/data/phase2/tupac/corpus/raw/reggie-wright-jr-full-testimony-in-tupac-murder-trial/reggie-wright-jr-full-testimony-in-tupac-murder-trial_lOcZ_IJbM3I.mp4 | /Users/rajeshpmu/Desktop/LegalMemoCMT/data/phase2/tupac/corpus/raw/reggie-wright-jr-full-testimony-in-tupac-murder-trial/reggie-wright-jr-full-testimony-in-tupac-murder-trial_lOcZ_IJbM3I.mp4 | /Users/rajeshpmu/Desktop/LegalMemoCMT/data/phase2/tupac/corpus/raw/reggie-wright-jr-full-testimony-in-tupac-murder-trial/reggie-wright-jr-full-testimony-in-tupac-murder-trial_lOcZ_IJbM3I.mp4,/Users/rajeshpmu/Desktop/LegalMemoCMT/data/phase2/tupac/corpus/raw/reggie-wright-jr-full-testimony-in-tupac-murder-trial/reggie-wright-jr-full-testimony-in-tupac-murder-trial_lOcZ_IJbM3I.wav | /Users/rajeshpmu/Desktop/LegalMemoCMT/data/phase2/tupac/corpus/raw/reggie-wright-jr-full-testimony-in-tupac-murder-trial/reggie-wright-jr-full-testimony-in-tupac-murder-trial_lOcZ_IJbM3I.wav | /Users/rajeshpmu/Desktop/LegalMemoCMT/data/phase2/tupac/corpus/raw/reggie-wright-jr-full-testimony-in-tupac-murder-trial/reggie-wright-jr-full-testimony-in-tupac-murder-trial_lOcZ_IJbM3I.wav,"Good afternoon, sir. || Do you mind if I call you Reggie? || Yeah, of course.",UNKNOWN,LOW,UNKNOWN
EA-DSbYev9I,,SPEAKER_15,286,2682.260,44.704,2682.260,0,0.000,EA-DSbYev9I_turn02637 | EA-DSbYev9I_turn02645 | EA-DSbYev9I_turn02646,05:57:51.275 -> 05:58:07.195 | 05:58:42.652 -> 05:58:45.514 | 05:58:45.514 -> 05:58:53.875,/Users/rajeshpmu/Desktop/LegalMemoCMT/data/phase2/tupac/corpus/raw/nv-v-duane-keffe-d-davis-day-2-mob-james-reggie-wright-jr-and-the-corn/nv-v-duane-keffe-d-davis-day-2-mob-james-reggie-wright-jr-and-the-corn_EA-DSbYev9I.mp4 | /Users/rajeshpmu/Desktop/LegalMemoCMT/data/phase2/tupac/corpus/raw/nv-v-duane-keffe-d-davis-day-2-mob-james-reggie-wright-jr-and-the-corn/nv-v-duane-keffe-d-davis-day-2-mob-james-reggie-wright-jr-and-the-corn_EA-DSbYev9I.mp4 | /Users/rajeshpmu/Desktop/LegalMemoCMT/data/phase2/tupac/corpus/raw/nv-v-duane-keffe-d-davis-day-2-mob-james-reggie-wright-jr-and-the-corn/nv-v-duane-keffe-d-davis-day-2-mob-james-reggie-wright-jr-and-the-corn_EA-DSbYev9I.mp4,/Users/rajeshpmu/Desktop/LegalMemoCMT/data/phase2/tupac/corpus/raw/nv-v-duane-keffe-d-davis-day-2-mob-james-reggie-wright-jr-and-the-corn/nv-v-duane-keffe-d-davis-day-2-mob-james-reggie-wright-jr-and-the-corn_EA-DSbYev9I.wav | /Users/rajeshpmu/Desktop/LegalMemoCMT/data/phase2/tupac/corpus/raw/nv-v-duane-keffe-d-davis-day-2-mob-james-reggie-wright-jr-and-the-corn/nv-v-duane-keffe-d-davis-day-2-mob-james-reggie-wright-jr-and-the-corn_EA-DSbYev9I.wav | /Users/rajeshpmu/Desktop/LegalMemoCMT/data/phase2/tupac/corpus/raw/nv-v-duane-keffe-d-davis-day-2-mob-james-reggie-wright-jr-and-the-corn/nv-v-duane-keffe-d-davis-day-2-mob-james-reggie-wright-jr-and-the-corn_EA-DSbYev9I.wav,"Original Libert Wright Jr. || Okay. Um sir, where did you grow up? || I grew up in the city of Compton,",UNKNOWN,LOW,UNKNOWN
gozVH0bYxzY,,SPEAKER_08,264,3328.174,55.470,3328.174,0,0.000,gozVH0bYxzY_turn07243 | gozVH0bYxzY_turn07244 | gozVH0bYxzY_turn07245,03:55:25.742 -> 03:55:29.784 | 03:55:29.784 -> 03:55:37.522 | 03:55:37.522 -> 03:55:40.152,/Users/rajeshpmu/Desktop/LegalMemoCMT/data/phase2/tupac/corpus/raw/2pac-trial-day-2-reggie-wright-and-mob-james-testify-8-18-2026/2pac-trial-day-2-reggie-wright-and-mob-james-testify-8-18-2026_gozVH0bYxzY.mp4 | /Users/rajeshpmu/Desktop/LegalMemoCMT/data/phase2/tupac/corpus/raw/2pac-trial-day-2-reggie-wright-and-mob-james-testify-8-18-2026/2pac-trial-day-2-reggie-wright-and-mob-james-testify-8-18-2026_gozVH0bYxzY.mp4 | /Users/rajeshpmu/Desktop/LegalMemoCMT/data/phase2/tupac/corpus/raw/2pac-trial-day-2-reggie-wright-and-mob-james-testify-8-18-2026/2pac-trial-day-2-reggie-wright-and-mob-james-testify-8-18-2026_gozVH0bYxzY.mp4,/Users/rajeshpmu/Desktop/LegalMemoCMT/data/phase2/tupac/corpus/raw/2pac-trial-day-2-reggie-wright-and-mob-james-testify-8-18-2026/2pac-trial-day-2-reggie-wright-and-mob-james-testify-8-18-2026_gozVH0bYxzY.wav | /Users/rajeshpmu/Desktop/LegalMemoCMT/data/phase2/tupac/corpus/raw/2pac-trial-day-2-reggie-wright-and-mob-james-testify-8-18-2026/2pac-trial-day-2-reggie-wright-and-mob-james-testify-8-18-2026_gozVH0bYxzY.wav | /Users/rajeshpmu/Desktop/LegalMemoCMT/data/phase2/tupac/corpus/raw/2pac-trial-day-2-reggie-wright-and-mob-james-testify-8-18-2026/2pac-trial-day-2-reggie-wright-and-mob-james-testify-8-18-2026_gozVH0bYxzY.wav,"Oh, man. I'm Hey, justice for Tupac, || All the the haters and || that they didn't didn't know. Yeah. And",UNKNOWN,LOW,UNKNOWN
Wt1h7rnCvZQ,,SPEAKER_17,260,2607.545,43.459,2607.545,0,0.000,Wt1h7rnCvZQ_turn03750 | Wt1h7rnCvZQ_turn04024 | Wt1h7rnCvZQ_turn04025,00:10:59.519 -> 00:11:07.723 | 00:38:52.201 -> 00:38:54.675 | 00:38:54.675 -> 00:38:55.047,/Users/rajeshpmu/Desktop/LegalMemoCMT/data/phase2/tupac/corpus/raw/live-nv-v-duane-keffe-d-davis-day-2-tupac-murder-trial/live-nv-v-duane-keffe-d-davis-day-2-tupac-murder-trial_Wt1h7rnCvZQ.mp4 | /Users/rajeshpmu/Desktop/LegalMemoCMT/data/phase2/tupac/corpus/raw/live-nv-v-duane-keffe-d-davis-day-2-tupac-murder-trial/live-nv-v-duane-keffe-d-davis-day-2-tupac-murder-trial_Wt1h7rnCvZQ.mp4 | /Users/rajeshpmu/Desktop/LegalMemoCMT/data/phase2/tupac/corpus/raw/live-nv-v-duane-keffe-d-davis-day-2-tupac-murder-trial/live-nv-v-duane-keffe-d-davis-day-2-tupac-murder-trial_Wt1h7rnCvZQ.mp4,/Users/rajeshpmu/Desktop/LegalMemoCMT/data/phase2/tupac/corpus/raw/live-nv-v-duane-keffe-d-davis-day-2-tupac-murder-trial/live-nv-v-duane-keffe-d-davis-day-2-tupac-murder-trial_Wt1h7rnCvZQ.wav | /Users/rajeshpmu/Desktop/LegalMemoCMT/data/phase2/tupac/corpus/raw/live-nv-v-duane-keffe-d-davis-day-2-tupac-murder-trial/live-nv-v-duane-keffe-d-davis-day-2-tupac-murder-trial_Wt1h7rnCvZQ.wav | /Users/rajeshpmu/Desktop/LegalMemoCMT/data/phase2/tupac/corpus/raw/live-nv-v-duane-keffe-d-davis-day-2-tupac-murder-trial/live-nv-v-duane-keffe-d-davis-day-2-tupac-murder-trial_Wt1h7rnCvZQ.wav,We're going to finish that recording and || Uh I'm going to take you back 30 years || Okay.,UNKNOWN,LOW,UNKNOWN
lOcZ_IJbM3I,,SPEAKER_10,255,2567.454,42.791,2567.454,0,0.000,lOcZ_IJbM3I_turn08411 | lOcZ_IJbM3I_turn08416 | lOcZ_IJbM3I_turn08417,00:00:35.992 -> 00:00:52.708 | 00:01:34.506 -> 00:01:37.247 | 00:01:37.247 -> 00:01:45.835,/Users/rajeshpmu/Desktop/LegalMemoCMT/data/phase2/tupac/corpus/raw/reggie-wright-jr-full-testimony-in-tupac-murder-trial/reggie-wright-jr-full-testimony-in-tupac-murder-trial_lOcZ_IJbM3I.mp4 | /Users/rajeshpmu/Desktop/LegalMemoCMT/data/phase2/tupac/corpus/raw/reggie-wright-jr-full-testimony-in-tupac-murder-trial/reggie-wright-jr-full-testimony-in-tupac-murder-trial_lOcZ_IJbM3I.mp4 | /Users/rajeshpmu/Desktop/LegalMemoCMT/data/phase2/tupac/corpus/raw/reggie-wright-jr-full-testimony-in-tupac-murder-trial/reggie-wright-jr-full-testimony-in-tupac-murder-trial_lOcZ_IJbM3I.mp4,/Users/rajeshpmu/Desktop/LegalMemoCMT/data/phase2/tupac/corpus/raw/reggie-wright-jr-full-testimony-in-tupac-murder-trial/reggie-wright-jr-full-testimony-in-tupac-murder-trial_lOcZ_IJbM3I.wav | /Users/rajeshpmu/Desktop/LegalMemoCMT/data/phase2/tupac/corpus/raw/reggie-wright-jr-full-testimony-in-tupac-murder-trial/reggie-wright-jr-full-testimony-in-tupac-murder-trial_lOcZ_IJbM3I.wav | /Users/rajeshpmu/Desktop/LegalMemoCMT/data/phase2/tupac/corpus/raw/reggie-wright-jr-full-testimony-in-tupac-murder-trial/reggie-wright-jr-full-testimony-in-tupac-murder-trial_lOcZ_IJbM3I.wav,"Reginald Lilburn || Okay. Uh || I grew up in the city of Compton,",UNKNOWN,LOW,UNKNOWN
EA-DSbYev9I,,SPEAKER_37,252,1033.902,17.232,1033.902,0,0.000,EA-DSbYev9I_turn00431 | EA-DSbYev9I_turn00433 | EA-DSbYev9I_turn00434,00:12:17.110 -> 00:12:37.691 | 00:12:47.998 -> 00:12:49.847 | 00:12:49.847 -> 00:12:51.289,/Users/rajeshpmu/Desktop/LegalMemoCMT/data/phase2/tupac/corpus/raw/nv-v-duane-keffe-d-davis-day-2-mob-james-reggie-wright-jr-and-the-corn/nv-v-duane-keffe-d-davis-day-2-mob-james-reggie-wright-jr-and-the-corn_EA-DSbYev9I.mp4 | /Users/rajeshpmu/Desktop/LegalMemoCMT/data/phase2/tupac/corpus/raw/nv-v-duane-keffe-d-davis-day-2-mob-james-reggie-wright-jr-and-the-corn/nv-v-duane-keffe-d-davis-day-2-mob-james-reggie-wright-jr-and-the-corn_EA-DSbYev9I.mp4 | /Users/rajeshpmu/Desktop/LegalMemoCMT/data/phase2/tupac/corpus/raw/nv-v-duane-keffe-d-davis-day-2-mob-james-reggie-wright-jr-and-the-corn/nv-v-duane-keffe-d-davis-day-2-mob-james-reggie-wright-jr-and-the-corn_EA-DSbYev9I.mp4,/Users/rajeshpmu/Desktop/LegalMemoCMT/data/phase2/tupac/corpus/raw/nv-v-duane-keffe-d-davis-day-2-mob-james-reggie-wright-jr-and-the-corn/nv-v-duane-keffe-d-davis-day-2-mob-james-reggie-wright-jr-and-the-corn_EA-DSbYev9I.wav | /Users/rajeshpmu/Desktop/LegalMemoCMT/data/phase2/tupac/corpus/raw/nv-v-duane-keffe-d-davis-day-2-mob-james-reggie-wright-jr-and-the-corn/nv-v-duane-keffe-d-davis-day-2-mob-james-reggie-wright-jr-and-the-corn_EA-DSbYev9I.wav | /Users/rajeshpmu/Desktop/LegalMemoCMT/data/phase2/tupac/corpus/raw/nv-v-duane-keffe-d-davis-day-2-mob-james-reggie-wright-jr-and-the-corn/nv-v-duane-keffe-d-davis-day-2-mob-james-reggie-wright-jr-and-the-corn_EA-DSbYev9I.wav,Okay. I back and ask you a question || May have seen the shooting or heard. || We're going to try this again.,UNKNOWN,LOW,UNKNOWN
gozVH0bYxzY,,SPEAKER_24,247,2630.357,43.839,2630.357,0,0.000,gozVH0bYxzY_turn06090 | gozVH0bYxzY_turn06334 | gozVH0bYxzY_turn06339,00:15:57.118 -> 00:16:05.324 | 00:44:00.186 -> 00:44:04.147 | 00:44:38.077 -> 00:44:48.403,/Users/rajeshpmu/Desktop/LegalMemoCMT/data/phase2/tupac/corpus/raw/2pac-trial-day-2-reggie-wright-and-mob-james-testify-8-18-2026/2pac-trial-day-2-reggie-wright-and-mob-james-testify-8-18-2026_gozVH0bYxzY.mp4 | /Users/rajeshpmu/Desktop/LegalMemoCMT/data/phase2/tupac/corpus/raw/2pac-trial-day-2-reggie-wright-and-mob-james-testify-8-18-2026/2pac-trial-day-2-reggie-wright-and-mob-james-testify-8-18-2026_gozVH0bYxzY.mp4 | /Users/rajeshpmu/Desktop/LegalMemoCMT/data/phase2/tupac/corpus/raw/2pac-trial-day-2-reggie-wright-and-mob-james-testify-8-18-2026/2pac-trial-day-2-reggie-wright-and-mob-james-testify-8-18-2026_gozVH0bYxzY.mp4,/Users/rajeshpmu/Desktop/LegalMemoCMT/data/phase2/tupac/corpus/raw/2pac-trial-day-2-reggie-wright-and-mob-james-testify-8-18-2026/2pac-trial-day-2-reggie-wright-and-mob-james-testify-8-18-2026_gozVH0bYxzY.wav | /Users/rajeshpmu/Desktop/LegalMemoCMT/data/phase2/tupac/corpus/raw/2pac-trial-day-2-reggie-wright-and-mob-james-testify-8-18-2026/2pac-trial-day-2-reggie-wright-and-mob-james-testify-8-18-2026_gozVH0bYxzY.wav | /Users/rajeshpmu/Desktop/LegalMemoCMT/data/phase2/tupac/corpus/raw/2pac-trial-day-2-reggie-wright-and-mob-james-testify-8-18-2026/2pac-trial-day-2-reggie-wright-and-mob-james-testify-8-18-2026_gozVH0bYxzY.wav,"We're going to finish that recording and || What does a crime scene analyst for the || Um, do crime scene analysts respond to",UNKNOWN,LOW,UNKNOWN
lOcZ_IJbM3I,,SPEAKER_05,246,1338.336,22.306,1338.336,0,0.000,lOcZ_IJbM3I_turn08892 | lOcZ_IJbM3I_turn08894 | lOcZ_IJbM3I_turn08896,01:06:16.524 -> 01:06:21.189 | 01:06:23.430 -> 01:06:26.145 | 01:06:30.828 -> 01:06:39.948,/Users/rajeshpmu/Desktop/LegalMemoCMT/data/phase2/tupac/corpus/raw/reggie-wright-jr-full-testimony-in-tupac-murder-trial/reggie-wright-jr-full-testimony-in-tupac-murder-trial_lOcZ_IJbM3I.mp4 | /Users/rajeshpmu/Desktop/LegalMemoCMT/data/phase2/tupac/corpus/raw/reggie-wright-jr-full-testimony-in-tupac-murder-trial/reggie-wright-jr-full-testimony-in-tupac-murder-trial_lOcZ_IJbM3I.mp4 | /Users/rajeshpmu/Desktop/LegalMemoCMT/data/phase2/tupac/corpus/raw/reggie-wright-jr-full-testimony-in-tupac-murder-trial/reggie-wright-jr-full-testimony-in-tupac-murder-trial_lOcZ_IJbM3I.mp4,/Users/rajeshpmu/Desktop/LegalMemoCMT/data/phase2/tupac/corpus/raw/reggie-wright-jr-full-testimony-in-tupac-murder-trial/reggie-wright-jr-full-testimony-in-tupac-murder-trial_lOcZ_IJbM3I.wav | /Users/rajeshpmu/Desktop/LegalMemoCMT/data/phase2/tupac/corpus/raw/reggie-wright-jr-full-testimony-in-tupac-murder-trial/reggie-wright-jr-full-testimony-in-tupac-murder-trial_lOcZ_IJbM3I.wav | /Users/rajeshpmu/Desktop/LegalMemoCMT/data/phase2/tupac/corpus/raw/reggie-wright-jr-full-testimony-in-tupac-murder-trial/reggie-wright-jr-full-testimony-in-tupac-murder-trial_lOcZ_IJbM3I.wav,Thank you. || You have a || Uh I'm I'm sure you probably,UNKNOWN,LOW,UNKNOWN
Wt1h7rnCvZQ,,SPEAKER_16,245,1289.696,21.495,1289.696,0,0.000,Wt1h7rnCvZQ_turn03751 | Wt1h7rnCvZQ_turn03752 | Wt1h7rnCvZQ_turn03753,00:11:07.723 -> 00:12:10.736 | 00:12:10.736 -> 00:12:12.104 | 00:12:12.104 -> 00:12:13.212,/Users/rajeshpmu/Desktop/LegalMemoCMT/data/phase2/tupac/corpus/raw/live-nv-v-duane-keffe-d-davis-day-2-tupac-murder-trial/live-nv-v-duane-keffe-d-davis-day-2-tupac-murder-trial_Wt1h7rnCvZQ.mp4 | /Users/rajeshpmu/Desktop/LegalMemoCMT/data/phase2/tupac/corpus/raw/live-nv-v-duane-keffe-d-davis-day-2-tupac-murder-trial/live-nv-v-duane-keffe-d-davis-day-2-tupac-murder-trial_Wt1h7rnCvZQ.mp4 | /Users/rajeshpmu/Desktop/LegalMemoCMT/data/phase2/tupac/corpus/raw/live-nv-v-duane-keffe-d-davis-day-2-tupac-murder-trial/live-nv-v-duane-keffe-d-davis-day-2-tupac-murder-trial_Wt1h7rnCvZQ.mp4,/Users/rajeshpmu/Desktop/LegalMemoCMT/data/phase2/tupac/corpus/raw/live-nv-v-duane-keffe-d-davis-day-2-tupac-murder-trial/live-nv-v-duane-keffe-d-davis-day-2-tupac-murder-trial_Wt1h7rnCvZQ.wav | /Users/rajeshpmu/Desktop/LegalMemoCMT/data/phase2/tupac/corpus/raw/live-nv-v-duane-keffe-d-davis-day-2-tupac-murder-trial/live-nv-v-duane-keffe-d-davis-day-2-tupac-murder-trial_Wt1h7rnCvZQ.wav | /Users/rajeshpmu/Desktop/LegalMemoCMT/data/phase2/tupac/corpus/raw/live-nv-v-duane-keffe-d-davis-day-2-tupac-murder-trial/live-nv-v-duane-keffe-d-davis-day-2-tupac-murder-trial_Wt1h7rnCvZQ.wav,"Okay, sounds good. You may proceed. Okay. I'll go back and ask you a question again. Uh while you were there in the parking structure and you heard the commotion, people running would be south on Fairfax or back in toward the parking area.  || Anybody that you saw that || I seen running?",UNKNOWN,LOW,UNKNOWN
DiurriBQxVs,,SPEAKER_05,243,1324.021,22.067,1324.021,0,0.000,DiurriBQxVs_turn00001 | DiurriBQxVs_turn00003 | DiurriBQxVs_turn00005,00:00:01.030 -> 00:00:05.338 | 00:00:07.590 -> 00:00:10.560 | 00:00:15.204 -> 00:00:24.953,/Users/rajeshpmu/Desktop/LegalMemoCMT/data/phase2/tupac/corpus/raw/keefe-d-s-lawyer-cross-exams-ex-suge-knight-security-reggie-wright-abo/keefe-d-s-lawyer-cross-exams-ex-suge-knight-security-reggie-wright-abo_DiurriBQxVs.mp4 | /Users/rajeshpmu/Desktop/LegalMemoCMT/data/phase2/tupac/corpus/raw/keefe-d-s-lawyer-cross-exams-ex-suge-knight-security-reggie-wright-abo/keefe-d-s-lawyer-cross-exams-ex-suge-knight-security-reggie-wright-abo_DiurriBQxVs.mp4 | /Users/rajeshpmu/Desktop/LegalMemoCMT/data/phase2/tupac/corpus/raw/keefe-d-s-lawyer-cross-exams-ex-suge-knight-security-reggie-wright-abo/keefe-d-s-lawyer-cross-exams-ex-suge-knight-security-reggie-wright-abo_DiurriBQxVs.mp4,/Users/rajeshpmu/Desktop/LegalMemoCMT/data/phase2/tupac/corpus/raw/keefe-d-s-lawyer-cross-exams-ex-suge-knight-security-reggie-wright-abo/keefe-d-s-lawyer-cross-exams-ex-suge-knight-security-reggie-wright-abo_DiurriBQxVs.wav | /Users/rajeshpmu/Desktop/LegalMemoCMT/data/phase2/tupac/corpus/raw/keefe-d-s-lawyer-cross-exams-ex-suge-knight-security-reggie-wright-abo/keefe-d-s-lawyer-cross-exams-ex-suge-knight-security-reggie-wright-abo_DiurriBQxVs.wav | /Users/rajeshpmu/Desktop/LegalMemoCMT/data/phase2/tupac/corpus/raw/keefe-d-s-lawyer-cross-exams-ex-suge-knight-security-reggie-wright-abo/keefe-d-s-lawyer-cross-exams-ex-suge-knight-security-reggie-wright-abo_DiurriBQxVs.wav,"Thank you. Mr. Wright, have you and I ever met? || You have a || Uh I'm sure you probably anticipating",UNKNOWN,LOW,UNKNOWN
Wt1h7rnCvZQ,,SPEAKER_25,215,2723.665,45.394,2723.665,0,0.000,Wt1h7rnCvZQ_turn05253 | Wt1h7rnCvZQ_turn05254 | Wt1h7rnCvZQ_turn05259,05:36:36.158 -> 05:36:42.740 | 05:36:42.740 -> 05:36:58.168 | 05:37:39.678 -> 05:37:42.715,/Users/rajeshpmu/Desktop/LegalMemoCMT/data/phase2/tupac/corpus/raw/live-nv-v-duane-keffe-d-davis-day-2-tupac-murder-trial/live-nv-v-duane-keffe-d-davis-day-2-tupac-murder-trial_Wt1h7rnCvZQ.mp4 | /Users/rajeshpmu/Desktop/LegalMemoCMT/data/phase2/tupac/corpus/raw/live-nv-v-duane-keffe-d-davis-day-2-tupac-murder-trial/live-nv-v-duane-keffe-d-davis-day-2-tupac-murder-trial_Wt1h7rnCvZQ.mp4 | /Users/rajeshpmu/Desktop/LegalMemoCMT/data/phase2/tupac/corpus/raw/live-nv-v-duane-keffe-d-davis-day-2-tupac-murder-trial/live-nv-v-duane-keffe-d-davis-day-2-tupac-murder-trial_Wt1h7rnCvZQ.mp4,/Users/rajeshpmu/Desktop/LegalMemoCMT/data/phase2/tupac/corpus/raw/live-nv-v-duane-keffe-d-davis-day-2-tupac-murder-trial/live-nv-v-duane-keffe-d-davis-day-2-tupac-murder-trial_Wt1h7rnCvZQ.wav | /Users/rajeshpmu/Desktop/LegalMemoCMT/data/phase2/tupac/corpus/raw/live-nv-v-duane-keffe-d-davis-day-2-tupac-murder-trial/live-nv-v-duane-keffe-d-davis-day-2-tupac-murder-trial_Wt1h7rnCvZQ.wav | /Users/rajeshpmu/Desktop/LegalMemoCMT/data/phase2/tupac/corpus/raw/live-nv-v-duane-keffe-d-davis-day-2-tupac-murder-trial/live-nv-v-duane-keffe-d-davis-day-2-tupac-murder-trial_Wt1h7rnCvZQ.wav,"May I please have you state and spell || Regginald Liurn Wright Jr. || Okay. Um, sir, where did you grow up?",UNKNOWN,LOW,UNKNOWN
gozVH0bYxzY,,SPEAKER_26,200,1077.321,17.955,1077.321,0,0.000,gozVH0bYxzY_turn06092 | gozVH0bYxzY_turn06093 | gozVH0bYxzY_turn06094,00:17:08.362 -> 00:17:09.606 | 00:17:09.606 -> 00:17:10.812 | 00:17:10.812 -> 00:17:11.298,/Users/rajeshpmu/Desktop/LegalMemoCMT/data/phase2/tupac/corpus/raw/2pac-trial-day-2-reggie-wright-and-mob-james-testify-8-18-2026/2pac-trial-day-2-reggie-wright-and-mob-james-testify-8-18-2026_gozVH0bYxzY.mp4 | /Users/rajeshpmu/Desktop/LegalMemoCMT/data/phase2/tupac/corpus/raw/2pac-trial-day-2-reggie-wright-and-mob-james-testify-8-18-2026/2pac-trial-day-2-reggie-wright-and-mob-james-testify-8-18-2026_gozVH0bYxzY.mp4 | /Users/rajeshpmu/Desktop/LegalMemoCMT/data/phase2/tupac/corpus/raw/2pac-trial-day-2-reggie-wright-and-mob-james-testify-8-18-2026/2pac-trial-day-2-reggie-wright-and-mob-james-testify-8-18-2026_gozVH0bYxzY.mp4,/Users/rajeshpmu/Desktop/LegalMemoCMT/data/phase2/tupac/corpus/raw/2pac-trial-day-2-reggie-wright-and-mob-james-testify-8-18-2026/2pac-trial-day-2-reggie-wright-and-mob-james-testify-8-18-2026_gozVH0bYxzY.wav | /Users/rajeshpmu/Desktop/LegalMemoCMT/data/phase2/tupac/corpus/raw/2pac-trial-day-2-reggie-wright-and-mob-james-testify-8-18-2026/2pac-trial-day-2-reggie-wright-and-mob-james-testify-8-18-2026_gozVH0bYxzY.wav | /Users/rajeshpmu/Desktop/LegalMemoCMT/data/phase2/tupac/corpus/raw/2pac-trial-day-2-reggie-wright-and-mob-james-testify-8-18-2026/2pac-trial-day-2-reggie-wright-and-mob-james-testify-8-18-2026_gozVH0bYxzY.wav,Anybody that you saw? || I seen running. || Yeah.,UNKNOWN,LOW,UNKNOWN
EA-DSbYev9I,,SPEAKER_14,162,667.593,11.127,667.593,0,0.000,EA-DSbYev9I_turn00420 | EA-DSbYev9I_turn00421 | EA-DSbYev9I_turn00422,00:08:57.223 -> 00:08:58.832 | 00:08:58.832 -> 00:09:00.115 | 00:09:00.115 -> 00:09:01.736,/Users/rajeshpmu/Desktop/LegalMemoCMT/data/phase2/tupac/corpus/raw/nv-v-duane-keffe-d-davis-day-2-mob-james-reggie-wright-jr-and-the-corn/nv-v-duane-keffe-d-davis-day-2-mob-james-reggie-wright-jr-and-the-corn_EA-DSbYev9I.mp4 | /Users/rajeshpmu/Desktop/LegalMemoCMT/data/phase2/tupac/corpus/raw/nv-v-duane-keffe-d-davis-day-2-mob-james-reggie-wright-jr-and-the-corn/nv-v-duane-keffe-d-davis-day-2-mob-james-reggie-wright-jr-and-the-corn_EA-DSbYev9I.mp4 | /Users/rajeshpmu/Desktop/LegalMemoCMT/data/phase2/tupac/corpus/raw/nv-v-duane-keffe-d-davis-day-2-mob-james-reggie-wright-jr-and-the-corn/nv-v-duane-keffe-d-davis-day-2-mob-james-reggie-wright-jr-and-the-corn_EA-DSbYev9I.mp4,/Users/rajeshpmu/Desktop/LegalMemoCMT/data/phase2/tupac/corpus/raw/nv-v-duane-keffe-d-davis-day-2-mob-james-reggie-wright-jr-and-the-corn/nv-v-duane-keffe-d-davis-day-2-mob-james-reggie-wright-jr-and-the-corn_EA-DSbYev9I.wav | /Users/rajeshpmu/Desktop/LegalMemoCMT/data/phase2/tupac/corpus/raw/nv-v-duane-keffe-d-davis-day-2-mob-james-reggie-wright-jr-and-the-corn/nv-v-duane-keffe-d-davis-day-2-mob-james-reggie-wright-jr-and-the-corn_EA-DSbYev9I.wav | /Users/rajeshpmu/Desktop/LegalMemoCMT/data/phase2/tupac/corpus/raw/nv-v-duane-keffe-d-davis-day-2-mob-james-reggie-wright-jr-and-the-corn/nv-v-duane-keffe-d-davis-day-2-mob-james-reggie-wright-jr-and-the-corn_EA-DSbYev9I.wav,State versus Davis C377. || I didn't have a chance to tap. || We need to address outside the presence,UNKNOWN,LOW,UNKNOWN
Wt1h7rnCvZQ,,SPEAKER_03,158,6987.749,116.462,6987.749,0,0.000,Wt1h7rnCvZQ_turn03747 | Wt1h7rnCvZQ_turn03748 | Wt1h7rnCvZQ_turn03749,00:10:09.436 -> 00:10:10.821 | 00:10:10.821 -> 00:10:47.720 | 00:10:47.720 -> 00:10:59.519,/Users/rajeshpmu/Desktop/LegalMemoCMT/data/phase2/tupac/corpus/raw/live-nv-v-duane-keffe-d-davis-day-2-tupac-murder-trial/live-nv-v-duane-keffe-d-davis-day-2-tupac-murder-trial_Wt1h7rnCvZQ.mp4 | /Users/rajeshpmu/Desktop/LegalMemoCMT/data/phase2/tupac/corpus/raw/live-nv-v-duane-keffe-d-davis-day-2-tupac-murder-trial/live-nv-v-duane-keffe-d-davis-day-2-tupac-murder-trial_Wt1h7rnCvZQ.mp4 | /Users/rajeshpmu/Desktop/LegalMemoCMT/data/phase2/tupac/corpus/raw/live-nv-v-duane-keffe-d-davis-day-2-tupac-murder-trial/live-nv-v-duane-keffe-d-davis-day-2-tupac-murder-trial_Wt1h7rnCvZQ.mp4,/Users/rajeshpmu/Desktop/LegalMemoCMT/data/phase2/tupac/corpus/raw/live-nv-v-duane-keffe-d-davis-day-2-tupac-murder-trial/live-nv-v-duane-keffe-d-davis-day-2-tupac-murder-trial_Wt1h7rnCvZQ.wav | /Users/rajeshpmu/Desktop/LegalMemoCMT/data/phase2/tupac/corpus/raw/live-nv-v-duane-keffe-d-davis-day-2-tupac-murder-trial/live-nv-v-duane-keffe-d-davis-day-2-tupac-murder-trial_Wt1h7rnCvZQ.wav | /Users/rajeshpmu/Desktop/LegalMemoCMT/data/phase2/tupac/corpus/raw/live-nv-v-duane-keffe-d-davis-day-2-tupac-murder-trial/live-nv-v-duane-keffe-d-davis-day-2-tupac-murder-trial_Wt1h7rnCvZQ.wav,"Not from the state. No. || Okay. Let's bring the jury in. Stand up || Yes, sir. You may be seated. All right. Welcome back, ladies and gentlemen. I hope you had a restful evening. We are still in the state's case and chief. So, at this time, I'm going to turn to Mr. Djakamo. Uh, who's your next witness that w",UNKNOWN,LOW,UNKNOWN
EA-DSbYev9I,,SPEAKER_19,155,1520.723,25.345,1520.723,0,0.000,EA-DSbYev9I_turn02142 | EA-DSbYev9I_turn02143 | EA-DSbYev9I_turn02156,04:36:54.962 -> 04:36:55.432 | 04:36:55.432 -> 04:37:02.343 | 04:38:54.537 -> 04:38:56.433,/Users/rajeshpmu/Desktop/LegalMemoCMT/data/phase2/tupac/corpus/raw/nv-v-duane-keffe-d-davis-day-2-mob-james-reggie-wright-jr-and-the-corn/nv-v-duane-keffe-d-davis-day-2-mob-james-reggie-wright-jr-and-the-corn_EA-DSbYev9I.mp4 | /Users/rajeshpmu/Desktop/LegalMemoCMT/data/phase2/tupac/corpus/raw/nv-v-duane-keffe-d-davis-day-2-mob-james-reggie-wright-jr-and-the-corn/nv-v-duane-keffe-d-davis-day-2-mob-james-reggie-wright-jr-and-the-corn_EA-DSbYev9I.mp4 | /Users/rajeshpmu/Desktop/LegalMemoCMT/data/phase2/tupac/corpus/raw/nv-v-duane-keffe-d-davis-day-2-mob-james-reggie-wright-jr-and-the-corn/nv-v-duane-keffe-d-davis-day-2-mob-james-reggie-wright-jr-and-the-corn_EA-DSbYev9I.mp4,/Users/rajeshpmu/Desktop/LegalMemoCMT/data/phase2/tupac/corpus/raw/nv-v-duane-keffe-d-davis-day-2-mob-james-reggie-wright-jr-and-the-corn/nv-v-duane-keffe-d-davis-day-2-mob-james-reggie-wright-jr-and-the-corn_EA-DSbYev9I.wav | /Users/rajeshpmu/Desktop/LegalMemoCMT/data/phase2/tupac/corpus/raw/nv-v-duane-keffe-d-davis-day-2-mob-james-reggie-wright-jr-and-the-corn/nv-v-duane-keffe-d-davis-day-2-mob-james-reggie-wright-jr-and-the-corn_EA-DSbYev9I.wav | /Users/rajeshpmu/Desktop/LegalMemoCMT/data/phase2/tupac/corpus/raw/nv-v-duane-keffe-d-davis-day-2-mob-james-reggie-wright-jr-and-the-corn/nv-v-duane-keffe-d-davis-day-2-mob-james-reggie-wright-jr-and-the-corn_EA-DSbYev9I.wav,etc.? || James McDonald. J A M S D O N A L D. || What was Club 662?,UNKNOWN,LOW,UNKNOWN
EA-DSbYev9I,,SPEAKER_32,146,2588.452,43.141,2588.452,0,0.000,EA-DSbYev9I_turn01478 | EA-DSbYev9I_turn01749 | EA-DSbYev9I_turn01750,02:44:35.414 -> 02:44:52.268 | 03:09:37.856 -> 03:09:40.463 | 03:09:40.463 -> 03:09:45.828,/Users/rajeshpmu/Desktop/LegalMemoCMT/data/phase2/tupac/corpus/raw/nv-v-duane-keffe-d-davis-day-2-mob-james-reggie-wright-jr-and-the-corn/nv-v-duane-keffe-d-davis-day-2-mob-james-reggie-wright-jr-and-the-corn_EA-DSbYev9I.mp4 | /Users/rajeshpmu/Desktop/LegalMemoCMT/data/phase2/tupac/corpus/raw/nv-v-duane-keffe-d-davis-day-2-mob-james-reggie-wright-jr-and-the-corn/nv-v-duane-keffe-d-davis-day-2-mob-james-reggie-wright-jr-and-the-corn_EA-DSbYev9I.mp4 | /Users/rajeshpmu/Desktop/LegalMemoCMT/data/phase2/tupac/corpus/raw/nv-v-duane-keffe-d-davis-day-2-mob-james-reggie-wright-jr-and-the-corn/nv-v-duane-keffe-d-davis-day-2-mob-james-reggie-wright-jr-and-the-corn_EA-DSbYev9I.mp4,/Users/rajeshpmu/Desktop/LegalMemoCMT/data/phase2/tupac/corpus/raw/nv-v-duane-keffe-d-davis-day-2-mob-james-reggie-wright-jr-and-the-corn/nv-v-duane-keffe-d-davis-day-2-mob-james-reggie-wright-jr-and-the-corn_EA-DSbYev9I.wav | /Users/rajeshpmu/Desktop/LegalMemoCMT/data/phase2/tupac/corpus/raw/nv-v-duane-keffe-d-davis-day-2-mob-james-reggie-wright-jr-and-the-corn/nv-v-duane-keffe-d-davis-day-2-mob-james-reggie-wright-jr-and-the-corn_EA-DSbYev9I.wav | /Users/rajeshpmu/Desktop/LegalMemoCMT/data/phase2/tupac/corpus/raw/nv-v-duane-keffe-d-davis-day-2-mob-james-reggie-wright-jr-and-the-corn/nv-v-duane-keffe-d-davis-day-2-mob-james-reggie-wright-jr-and-the-corn_EA-DSbYev9I.wav,"That shit's flipped. council. I'm going to back up just a little bit here when you come in. || Sir, how are you currently employed? || I'm a deputy marshal in district court",UNKNOWN,LOW,UNKNOWN
gozVH0bYxzY,,SPEAKER_11,145,3880.042,64.667,3880.042,0,0.000,gozVH0bYxzY_turn06085 | gozVH0bYxzY_turn06086 | gozVH0bYxzY_turn06087,00:15:07.154 -> 00:15:08.343 | 00:15:08.343 -> 00:15:42.446 | 00:15:42.446 -> 00:15:44.343,/Users/rajeshpmu/Desktop/LegalMemoCMT/data/phase2/tupac/corpus/raw/2pac-trial-day-2-reggie-wright-and-mob-james-testify-8-18-2026/2pac-trial-day-2-reggie-wright-and-mob-james-testify-8-18-2026_gozVH0bYxzY.mp4 | /Users/rajeshpmu/Desktop/LegalMemoCMT/data/phase2/tupac/corpus/raw/2pac-trial-day-2-reggie-wright-and-mob-james-testify-8-18-2026/2pac-trial-day-2-reggie-wright-and-mob-james-testify-8-18-2026_gozVH0bYxzY.mp4 | /Users/rajeshpmu/Desktop/LegalMemoCMT/data/phase2/tupac/corpus/raw/2pac-trial-day-2-reggie-wright-and-mob-james-testify-8-18-2026/2pac-trial-day-2-reggie-wright-and-mob-james-testify-8-18-2026_gozVH0bYxzY.mp4,/Users/rajeshpmu/Desktop/LegalMemoCMT/data/phase2/tupac/corpus/raw/2pac-trial-day-2-reggie-wright-and-mob-james-testify-8-18-2026/2pac-trial-day-2-reggie-wright-and-mob-james-testify-8-18-2026_gozVH0bYxzY.wav | /Users/rajeshpmu/Desktop/LegalMemoCMT/data/phase2/tupac/corpus/raw/2pac-trial-day-2-reggie-wright-and-mob-james-testify-8-18-2026/2pac-trial-day-2-reggie-wright-and-mob-james-testify-8-18-2026_gozVH0bYxzY.wav | /Users/rajeshpmu/Desktop/LegalMemoCMT/data/phase2/tupac/corpus/raw/2pac-trial-day-2-reggie-wright-and-mob-james-testify-8-18-2026/2pac-trial-day-2-reggie-wright-and-mob-james-testify-8-18-2026_gozVH0bYxzY.wav,"from the state? No. || Okay, let's bring the jury in. Stand up || Yes, sir.",UNKNOWN,LOW,UNKNOWN
DiurriBQxVs,,SPEAKER_00,117,933.341,15.556,933.341,0,0.000,DiurriBQxVs_turn00004 | DiurriBQxVs_turn00006 | DiurriBQxVs_turn00008,00:00:10.560 -> 00:00:15.204 | 00:00:24.953 -> 00:00:30.555 | 00:00:45.174 -> 00:00:50.010,/Users/rajeshpmu/Desktop/LegalMemoCMT/data/phase2/tupac/corpus/raw/keefe-d-s-lawyer-cross-exams-ex-suge-knight-security-reggie-wright-abo/keefe-d-s-lawyer-cross-exams-ex-suge-knight-security-reggie-wright-abo_DiurriBQxVs.mp4 | /Users/rajeshpmu/Desktop/LegalMemoCMT/data/phase2/tupac/corpus/raw/keefe-d-s-lawyer-cross-exams-ex-suge-knight-security-reggie-wright-abo/keefe-d-s-lawyer-cross-exams-ex-suge-knight-security-reggie-wright-abo_DiurriBQxVs.mp4 | /Users/rajeshpmu/Desktop/LegalMemoCMT/data/phase2/tupac/corpus/raw/keefe-d-s-lawyer-cross-exams-ex-suge-knight-security-reggie-wright-abo/keefe-d-s-lawyer-cross-exams-ex-suge-knight-security-reggie-wright-abo_DiurriBQxVs.mp4,/Users/rajeshpmu/Desktop/LegalMemoCMT/data/phase2/tupac/corpus/raw/keefe-d-s-lawyer-cross-exams-ex-suge-knight-security-reggie-wright-abo/keefe-d-s-lawyer-cross-exams-ex-suge-knight-security-reggie-wright-abo_DiurriBQxVs.wav | /Users/rajeshpmu/Desktop/LegalMemoCMT/data/phase2/tupac/corpus/raw/keefe-d-s-lawyer-cross-exams-ex-suge-knight-security-reggie-wright-abo/keefe-d-s-lawyer-cross-exams-ex-suge-knight-security-reggie-wright-abo_DiurriBQxVs.wav | /Users/rajeshpmu/Desktop/LegalMemoCMT/data/phase2/tupac/corpus/raw/keefe-d-s-lawyer-cross-exams-ex-suge-knight-security-reggie-wright-abo/keefe-d-s-lawyer-cross-exams-ex-suge-knight-security-reggie-wright-abo_DiurriBQxVs.wav,"Uh YouTube channel that I || Uh that's correct. || Well, you had about 10 interviews in the",UNKNOWN,LOW,UNKNOWN
pvNr1jnlRpc,,SPEAKER_01,116,1173.568,19.559,1173.568,0,0.000,pvNr1jnlRpc_turn09500 | pvNr1jnlRpc_turn09501 | pvNr1jnlRpc_turn09519,00:00:51.533 -> 00:00:54.030 | 00:00:55.870 -> 00:01:00.726 | 00:01:54.480 -> 00:01:55.524,/Users/rajeshpmu/Desktop/LegalMemoCMT/data/phase2/tupac/corpus/raw/tupac-murder-trial-mob-james-reveals-death-row-secrets-in-explosive-te/tupac-murder-trial-mob-james-reveals-death-row-secrets-in-explosive-te_pvNr1jnlRpc.mp4 | /Users/rajeshpmu/Desktop/LegalMemoCMT/data/phase2/tupac/corpus/raw/tupac-murder-trial-mob-james-reveals-death-row-secrets-in-explosive-te/tupac-murder-trial-mob-james-reveals-death-row-secrets-in-explosive-te_pvNr1jnlRpc.mp4 | /Users/rajeshpmu/Desktop/LegalMemoCMT/data/phase2/tupac/corpus/raw/tupac-murder-trial-mob-james-reveals-death-row-secrets-in-explosive-te/tupac-murder-trial-mob-james-reveals-death-row-secrets-in-explosive-te_pvNr1jnlRpc.mp4,/Users/rajeshpmu/Desktop/LegalMemoCMT/data/phase2/tupac/corpus/raw/tupac-murder-trial-mob-james-reveals-death-row-secrets-in-explosive-te/tupac-murder-trial-mob-james-reveals-death-row-secrets-in-explosive-te_pvNr1jnlRpc.wav | /Users/rajeshpmu/Desktop/LegalMemoCMT/data/phase2/tupac/corpus/raw/tupac-murder-trial-mob-james-reveals-death-row-secrets-in-explosive-te/tupac-murder-trial-mob-james-reveals-death-row-secrets-in-explosive-te_pvNr1jnlRpc.wav | /Users/rajeshpmu/Desktop/LegalMemoCMT/data/phase2/tupac/corpus/raw/tupac-murder-trial-mob-james-reveals-death-row-secrets-in-explosive-te/tupac-murder-trial-mob-james-reveals-death-row-secrets-in-explosive-te_pvNr1jnlRpc.wav,"Uh did the number 662 mean anything? || Well, to the new guys || No?",UNKNOWN,LOW,UNKNOWN
Wt1h7rnCvZQ,,SPEAKER_24,114,1239.923,20.665,1239.923,0,0.000,Wt1h7rnCvZQ_turn04958 | Wt1h7rnCvZQ_turn04968 | Wt1h7rnCvZQ_turn04969,04:59:07.653 -> 04:59:12.165 | 04:59:38.158 -> 04:59:40.938 | 04:59:40.938 -> 04:59:57.188,/Users/rajeshpmu/Desktop/LegalMemoCMT/data/phase2/tupac/corpus/raw/live-nv-v-duane-keffe-d-davis-day-2-tupac-murder-trial/live-nv-v-duane-keffe-d-davis-day-2-tupac-murder-trial_Wt1h7rnCvZQ.mp4 | /Users/rajeshpmu/Desktop/LegalMemoCMT/data/phase2/tupac/corpus/raw/live-nv-v-duane-keffe-d-davis-day-2-tupac-murder-trial/live-nv-v-duane-keffe-d-davis-day-2-tupac-murder-trial_Wt1h7rnCvZQ.mp4 | /Users/rajeshpmu/Desktop/LegalMemoCMT/data/phase2/tupac/corpus/raw/live-nv-v-duane-keffe-d-davis-day-2-tupac-murder-trial/live-nv-v-duane-keffe-d-davis-day-2-tupac-murder-trial_Wt1h7rnCvZQ.mp4,/Users/rajeshpmu/Desktop/LegalMemoCMT/data/phase2/tupac/corpus/raw/live-nv-v-duane-keffe-d-davis-day-2-tupac-murder-trial/live-nv-v-duane-keffe-d-davis-day-2-tupac-murder-trial_Wt1h7rnCvZQ.wav | /Users/rajeshpmu/Desktop/LegalMemoCMT/data/phase2/tupac/corpus/raw/live-nv-v-duane-keffe-d-davis-day-2-tupac-murder-trial/live-nv-v-duane-keffe-d-davis-day-2-tupac-murder-trial_Wt1h7rnCvZQ.wav | /Users/rajeshpmu/Desktop/LegalMemoCMT/data/phase2/tupac/corpus/raw/live-nv-v-duane-keffe-d-davis-day-2-tupac-murder-trial/live-nv-v-duane-keffe-d-davis-day-2-tupac-murder-trial_Wt1h7rnCvZQ.wav,James McDonald. J A M- E-S MC D O N A L || What was Club 662? || It was a club that you bought and we,UNKNOWN,LOW,UNKNOWN
gozVH0bYxzY,,SPEAKER_09,107,1216.687,20.278,1216.687,0,0.000,gozVH0bYxzY_turn07277 | gozVH0bYxzY_turn07362 | gozVH0bYxzY_turn07374,03:58:35.612 -> 03:58:39.547 | 05:04:05.105 -> 05:04:09.147 | 05:05:00.310 -> 05:05:03.012,/Users/rajeshpmu/Desktop/LegalMemoCMT/data/phase2/tupac/corpus/raw/2pac-trial-day-2-reggie-wright-and-mob-james-testify-8-18-2026/2pac-trial-day-2-reggie-wright-and-mob-james-testify-8-18-2026_gozVH0bYxzY.mp4 | /Users/rajeshpmu/Desktop/LegalMemoCMT/data/phase2/tupac/corpus/raw/2pac-trial-day-2-reggie-wright-and-mob-james-testify-8-18-2026/2pac-trial-day-2-reggie-wright-and-mob-james-testify-8-18-2026_gozVH0bYxzY.mp4 | /Users/rajeshpmu/Desktop/LegalMemoCMT/data/phase2/tupac/corpus/raw/2pac-trial-day-2-reggie-wright-and-mob-james-testify-8-18-2026/2pac-trial-day-2-reggie-wright-and-mob-james-testify-8-18-2026_gozVH0bYxzY.mp4,/Users/rajeshpmu/Desktop/LegalMemoCMT/data/phase2/tupac/corpus/raw/2pac-trial-day-2-reggie-wright-and-mob-james-testify-8-18-2026/2pac-trial-day-2-reggie-wright-and-mob-james-testify-8-18-2026_gozVH0bYxzY.wav | /Users/rajeshpmu/Desktop/LegalMemoCMT/data/phase2/tupac/corpus/raw/2pac-trial-day-2-reggie-wright-and-mob-james-testify-8-18-2026/2pac-trial-day-2-reggie-wright-and-mob-james-testify-8-18-2026_gozVH0bYxzY.wav | /Users/rajeshpmu/Desktop/LegalMemoCMT/data/phase2/tupac/corpus/raw/2pac-trial-day-2-reggie-wright-and-mob-james-testify-8-18-2026/2pac-trial-day-2-reggie-wright-and-mob-james-testify-8-18-2026_gozVH0bYxzY.wav,"So, how can you how can you about to || James McDonald. J A M- S M C D O N A L || Well, to the new guys, that was part of",UNKNOWN,LOW,UNKNOWN
pvNr1jnlRpc,,SPEAKER_03,103,508.259,8.471,508.259,0,0.000,pvNr1jnlRpc_turn09490 | pvNr1jnlRpc_turn09491 | pvNr1jnlRpc_turn09492,00:00:08.637 -> 00:00:13.449 | 00:00:13.449 -> 00:00:13.719 | 00:00:13.719 -> 00:00:16.635,/Users/rajeshpmu/Desktop/LegalMemoCMT/data/phase2/tupac/corpus/raw/tupac-murder-trial-mob-james-reveals-death-row-secrets-in-explosive-te/tupac-murder-trial-mob-james-reveals-death-row-secrets-in-explosive-te_pvNr1jnlRpc.mp4 | /Users/rajeshpmu/Desktop/LegalMemoCMT/data/phase2/tupac/corpus/raw/tupac-murder-trial-mob-james-reveals-death-row-secrets-in-explosive-te/tupac-murder-trial-mob-james-reveals-death-row-secrets-in-explosive-te_pvNr1jnlRpc.mp4 | /Users/rajeshpmu/Desktop/LegalMemoCMT/data/phase2/tupac/corpus/raw/tupac-murder-trial-mob-james-reveals-death-row-secrets-in-explosive-te/tupac-murder-trial-mob-james-reveals-death-row-secrets-in-explosive-te_pvNr1jnlRpc.mp4,/Users/rajeshpmu/Desktop/LegalMemoCMT/data/phase2/tupac/corpus/raw/tupac-murder-trial-mob-james-reveals-death-row-secrets-in-explosive-te/tupac-murder-trial-mob-james-reveals-death-row-secrets-in-explosive-te_pvNr1jnlRpc.wav | /Users/rajeshpmu/Desktop/LegalMemoCMT/data/phase2/tupac/corpus/raw/tupac-murder-trial-mob-james-reveals-death-row-secrets-in-explosive-te/tupac-murder-trial-mob-james-reveals-death-row-secrets-in-explosive-te_pvNr1jnlRpc.wav | /Users/rajeshpmu/Desktop/LegalMemoCMT/data/phase2/tupac/corpus/raw/tupac-murder-trial-mob-james-reveals-death-row-secrets-in-explosive-te/tupac-murder-trial-mob-james-reveals-death-row-secrets-in-explosive-te_pvNr1jnlRpc.wav,"Thank you, Your Honor. Mr. McDonald, || Right. || Um that you didn't volunteer to come or",UNKNOWN,LOW,UNKNOWN
pvNr1jnlRpc,,SPEAKER_04,84,378.122,6.302,378.122,0,0.000,pvNr1jnlRpc_turn09645 | pvNr1jnlRpc_turn09646 | pvNr1jnlRpc_turn09647,00:20:13.732 -> 00:20:15.582 | 00:20:15.582 -> 00:20:15.997 | 00:20:15.997 -> 00:20:17.517,/Users/rajeshpmu/Desktop/LegalMemoCMT/data/phase2/tupac/corpus/raw/tupac-murder-trial-mob-james-reveals-death-row-secrets-in-explosive-te/tupac-murder-trial-mob-james-reveals-death-row-secrets-in-explosive-te_pvNr1jnlRpc.mp4 | /Users/rajeshpmu/Desktop/LegalMemoCMT/data/phase2/tupac/corpus/raw/tupac-murder-trial-mob-james-reveals-death-row-secrets-in-explosive-te/tupac-murder-trial-mob-james-reveals-death-row-secrets-in-explosive-te_pvNr1jnlRpc.mp4 | /Users/rajeshpmu/Desktop/LegalMemoCMT/data/phase2/tupac/corpus/raw/tupac-murder-trial-mob-james-reveals-death-row-secrets-in-explosive-te/tupac-murder-trial-mob-james-reveals-death-row-secrets-in-explosive-te_pvNr1jnlRpc.mp4,/Users/rajeshpmu/Desktop/LegalMemoCMT/data/phase2/tupac/corpus/raw/tupac-murder-trial-mob-james-reveals-death-row-secrets-in-explosive-te/tupac-murder-trial-mob-james-reveals-death-row-secrets-in-explosive-te_pvNr1jnlRpc.wav | /Users/rajeshpmu/Desktop/LegalMemoCMT/data/phase2/tupac/corpus/raw/tupac-murder-trial-mob-james-reveals-death-row-secrets-in-explosive-te/tupac-murder-trial-mob-james-reveals-death-row-secrets-in-explosive-te_pvNr1jnlRpc.wav | /Users/rajeshpmu/Desktop/LegalMemoCMT/data/phase2/tupac/corpus/raw/tupac-murder-trial-mob-james-reveals-death-row-secrets-in-explosive-te/tupac-murder-trial-mob-james-reveals-death-row-secrets-in-explosive-te_pvNr1jnlRpc.wav,"Sir, have you ever met me? || Excuse me? || Have you ever met me before?",UNKNOWN,LOW,UNKNOWN
Wt1h7rnCvZQ,,SPEAKER_11,74,2518.366,41.973,2518.366,0,0.000,Wt1h7rnCvZQ_turn04733 | Wt1h7rnCvZQ_turn04735 | Wt1h7rnCvZQ_turn04737,02:46:16.876 -> 02:46:22.795 | 02:46:27.329 -> 02:46:33.480 | 02:46:41.249 -> 02:46:44.782,/Users/rajeshpmu/Desktop/LegalMemoCMT/data/phase2/tupac/corpus/raw/live-nv-v-duane-keffe-d-davis-day-2-tupac-murder-trial/live-nv-v-duane-keffe-d-davis-day-2-tupac-murder-trial_Wt1h7rnCvZQ.mp4 | /Users/rajeshpmu/Desktop/LegalMemoCMT/data/phase2/tupac/corpus/raw/live-nv-v-duane-keffe-d-davis-day-2-tupac-murder-trial/live-nv-v-duane-keffe-d-davis-day-2-tupac-murder-trial_Wt1h7rnCvZQ.mp4 | /Users/rajeshpmu/Desktop/LegalMemoCMT/data/phase2/tupac/corpus/raw/live-nv-v-duane-keffe-d-davis-day-2-tupac-murder-trial/live-nv-v-duane-keffe-d-davis-day-2-tupac-murder-trial_Wt1h7rnCvZQ.mp4,/Users/rajeshpmu/Desktop/LegalMemoCMT/data/phase2/tupac/corpus/raw/live-nv-v-duane-keffe-d-davis-day-2-tupac-murder-trial/live-nv-v-duane-keffe-d-davis-day-2-tupac-murder-trial_Wt1h7rnCvZQ.wav | /Users/rajeshpmu/Desktop/LegalMemoCMT/data/phase2/tupac/corpus/raw/live-nv-v-duane-keffe-d-davis-day-2-tupac-murder-trial/live-nv-v-duane-keffe-d-davis-day-2-tupac-murder-trial_Wt1h7rnCvZQ.wav | /Users/rajeshpmu/Desktop/LegalMemoCMT/data/phase2/tupac/corpus/raw/live-nv-v-duane-keffe-d-davis-day-2-tupac-murder-trial/live-nv-v-duane-keffe-d-davis-day-2-tupac-murder-trial_Wt1h7rnCvZQ.wav,"It's Dean O. Kelly and it's D E A N O || I'm a deputy marshal in district court || Yes, I was for 20 plus years.",UNKNOWN,LOW,UNKNOWN
nEzTBJWiyqM,,SPEAKER_03,74,458.479,7.641,458.479,0,0.000,nEzTBJWiyqM_turn09316 | nEzTBJWiyqM_turn09318 | nEzTBJWiyqM_turn09319,00:00:29.532 -> 00:00:31.519 | 00:00:37.917 -> 00:00:47.020 | 00:00:47.020 -> 00:00:47.349,/Users/rajeshpmu/Desktop/LegalMemoCMT/data/phase2/tupac/corpus/raw/tupac-murder-trial-doctor-reveals-details-from-tupac-shakur-s-1996-aut/tupac-murder-trial-doctor-reveals-details-from-tupac-shakur-s-1996-aut_nEzTBJWiyqM.mp4 | /Users/rajeshpmu/Desktop/LegalMemoCMT/data/phase2/tupac/corpus/raw/tupac-murder-trial-doctor-reveals-details-from-tupac-shakur-s-1996-aut/tupac-murder-trial-doctor-reveals-details-from-tupac-shakur-s-1996-aut_nEzTBJWiyqM.mp4 | /Users/rajeshpmu/Desktop/LegalMemoCMT/data/phase2/tupac/corpus/raw/tupac-murder-trial-doctor-reveals-details-from-tupac-shakur-s-1996-aut/tupac-murder-trial-doctor-reveals-details-from-tupac-shakur-s-1996-aut_nEzTBJWiyqM.mp4,/Users/rajeshpmu/Desktop/LegalMemoCMT/data/phase2/tupac/corpus/raw/tupac-murder-trial-doctor-reveals-details-from-tupac-shakur-s-1996-aut/tupac-murder-trial-doctor-reveals-details-from-tupac-shakur-s-1996-aut_nEzTBJWiyqM.wav | /Users/rajeshpmu/Desktop/LegalMemoCMT/data/phase2/tupac/corpus/raw/tupac-murder-trial-doctor-reveals-details-from-tupac-shakur-s-1996-aut/tupac-murder-trial-doctor-reveals-details-from-tupac-shakur-s-1996-aut_nEzTBJWiyqM.wav | /Users/rajeshpmu/Desktop/LegalMemoCMT/data/phase2/tupac/corpus/raw/tupac-murder-trial-doctor-reveals-details-from-tupac-shakur-s-1996-aut/tupac-murder-trial-doctor-reveals-details-from-tupac-shakur-s-1996-aut_nEzTBJWiyqM.wav,What does that mean you do with the || And in order to hold the position that || Yes.,UNKNOWN,LOW,UNKNOWN
EA-DSbYev9I,,SPEAKER_36,67,601.669,10.028,601.669,0,0.000,EA-DSbYev9I_turn00994 | EA-DSbYev9I_turn00996 | EA-DSbYev9I_turn00997,01:14:11.131 -> 01:14:15.822 | 01:14:18.350 -> 01:14:21.640 | 01:14:21.640 -> 01:14:23.948,/Users/rajeshpmu/Desktop/LegalMemoCMT/data/phase2/tupac/corpus/raw/nv-v-duane-keffe-d-davis-day-2-mob-james-reggie-wright-jr-and-the-corn/nv-v-duane-keffe-d-davis-day-2-mob-james-reggie-wright-jr-and-the-corn_EA-DSbYev9I.mp4 | /Users/rajeshpmu/Desktop/LegalMemoCMT/data/phase2/tupac/corpus/raw/nv-v-duane-keffe-d-davis-day-2-mob-james-reggie-wright-jr-and-the-corn/nv-v-duane-keffe-d-davis-day-2-mob-james-reggie-wright-jr-and-the-corn_EA-DSbYev9I.mp4 | /Users/rajeshpmu/Desktop/LegalMemoCMT/data/phase2/tupac/corpus/raw/nv-v-duane-keffe-d-davis-day-2-mob-james-reggie-wright-jr-and-the-corn/nv-v-duane-keffe-d-davis-day-2-mob-james-reggie-wright-jr-and-the-corn_EA-DSbYev9I.mp4,/Users/rajeshpmu/Desktop/LegalMemoCMT/data/phase2/tupac/corpus/raw/nv-v-duane-keffe-d-davis-day-2-mob-james-reggie-wright-jr-and-the-corn/nv-v-duane-keffe-d-davis-day-2-mob-james-reggie-wright-jr-and-the-corn_EA-DSbYev9I.wav | /Users/rajeshpmu/Desktop/LegalMemoCMT/data/phase2/tupac/corpus/raw/nv-v-duane-keffe-d-davis-day-2-mob-james-reggie-wright-jr-and-the-corn/nv-v-duane-keffe-d-davis-day-2-mob-james-reggie-wright-jr-and-the-corn_EA-DSbYev9I.wav | /Users/rajeshpmu/Desktop/LegalMemoCMT/data/phase2/tupac/corpus/raw/nv-v-duane-keffe-d-davis-day-2-mob-james-reggie-wright-jr-and-the-corn/nv-v-duane-keffe-d-davis-day-2-mob-james-reggie-wright-jr-and-the-corn_EA-DSbYev9I.wav,"Michael Ingram. M I C H A E L I N G R A || Mr. Jack, whenever you're ready, || I work as an investigator for MGM",UNKNOWN,LOW,UNKNOWN
gozVH0bYxzY,,SPEAKER_19,65,2149.605,35.827,2149.605,0,0.000,gozVH0bYxzY_turn07018 | gozVH0bYxzY_turn07027 | gozVH0bYxzY_turn07029,02:50:11.532 -> 02:50:13.258 | 02:51:14.316 -> 02:51:20.026 | 02:51:23.124 -> 02:51:30.604,/Users/rajeshpmu/Desktop/LegalMemoCMT/data/phase2/tupac/corpus/raw/2pac-trial-day-2-reggie-wright-and-mob-james-testify-8-18-2026/2pac-trial-day-2-reggie-wright-and-mob-james-testify-8-18-2026_gozVH0bYxzY.mp4 | /Users/rajeshpmu/Desktop/LegalMemoCMT/data/phase2/tupac/corpus/raw/2pac-trial-day-2-reggie-wright-and-mob-james-testify-8-18-2026/2pac-trial-day-2-reggie-wright-and-mob-james-testify-8-18-2026_gozVH0bYxzY.mp4 | /Users/rajeshpmu/Desktop/LegalMemoCMT/data/phase2/tupac/corpus/raw/2pac-trial-day-2-reggie-wright-and-mob-james-testify-8-18-2026/2pac-trial-day-2-reggie-wright-and-mob-james-testify-8-18-2026_gozVH0bYxzY.mp4,/Users/rajeshpmu/Desktop/LegalMemoCMT/data/phase2/tupac/corpus/raw/2pac-trial-day-2-reggie-wright-and-mob-james-testify-8-18-2026/2pac-trial-day-2-reggie-wright-and-mob-james-testify-8-18-2026_gozVH0bYxzY.wav | /Users/rajeshpmu/Desktop/LegalMemoCMT/data/phase2/tupac/corpus/raw/2pac-trial-day-2-reggie-wright-and-mob-james-testify-8-18-2026/2pac-trial-day-2-reggie-wright-and-mob-james-testify-8-18-2026_gozVH0bYxzY.wav | /Users/rajeshpmu/Desktop/LegalMemoCMT/data/phase2/tupac/corpus/raw/2pac-trial-day-2-reggie-wright-and-mob-james-testify-8-18-2026/2pac-trial-day-2-reggie-wright-and-mob-james-testify-8-18-2026_gozVH0bYxzY.wav,"State anything further? || It's Dean O. Kelly and it's D E A N O || Sir, how are you currently employed? I'm",UNKNOWN,LOW,UNKNOWN
nEzTBJWiyqM,,SPEAKER_02,58,517.006,8.617,517.006,0,0.000,nEzTBJWiyqM_turn09312 | nEzTBJWiyqM_turn09313 | nEzTBJWiyqM_turn09314,00:00:16.673 -> 00:00:21.915 | 00:00:21.915 -> 00:00:24.026 | 00:00:24.026 -> 00:00:26.115,/Users/rajeshpmu/Desktop/LegalMemoCMT/data/phase2/tupac/corpus/raw/tupac-murder-trial-doctor-reveals-details-from-tupac-shakur-s-1996-aut/tupac-murder-trial-doctor-reveals-details-from-tupac-shakur-s-1996-aut_nEzTBJWiyqM.mp4 | /Users/rajeshpmu/Desktop/LegalMemoCMT/data/phase2/tupac/corpus/raw/tupac-murder-trial-doctor-reveals-details-from-tupac-shakur-s-1996-aut/tupac-murder-trial-doctor-reveals-details-from-tupac-shakur-s-1996-aut_nEzTBJWiyqM.mp4 | /Users/rajeshpmu/Desktop/LegalMemoCMT/data/phase2/tupac/corpus/raw/tupac-murder-trial-doctor-reveals-details-from-tupac-shakur-s-1996-aut/tupac-murder-trial-doctor-reveals-details-from-tupac-shakur-s-1996-aut_nEzTBJWiyqM.mp4,/Users/rajeshpmu/Desktop/LegalMemoCMT/data/phase2/tupac/corpus/raw/tupac-murder-trial-doctor-reveals-details-from-tupac-shakur-s-1996-aut/tupac-murder-trial-doctor-reveals-details-from-tupac-shakur-s-1996-aut_nEzTBJWiyqM.wav | /Users/rajeshpmu/Desktop/LegalMemoCMT/data/phase2/tupac/corpus/raw/tupac-murder-trial-doctor-reveals-details-from-tupac-shakur-s-1996-aut/tupac-murder-trial-doctor-reveals-details-from-tupac-shakur-s-1996-aut_nEzTBJWiyqM.wav | /Users/rajeshpmu/Desktop/LegalMemoCMT/data/phase2/tupac/corpus/raw/tupac-murder-trial-doctor-reveals-details-from-tupac-shakur-s-1996-aut/tupac-murder-trial-doctor-reveals-details-from-tupac-shakur-s-1996-aut_nEzTBJWiyqM.wav,"Good morning. I'm Dr. Lisa Gavin, L I S || Thank you, Dr. Gavin. Mr. DiGiacomo, you || Dr. How are you employed?",UNKNOWN,LOW,UNKNOWN
EA-DSbYev9I,,SPEAKER_23,52,589.269,9.821,589.269,0,0.000,EA-DSbYev9I_turn00795 | EA-DSbYev9I_turn00796 | EA-DSbYev9I_turn00797,00:45:19.626 -> 00:45:21.119 | 00:45:21.119 -> 00:45:27.036 | 00:45:27.036 -> 00:45:30.097,/Users/rajeshpmu/Desktop/LegalMemoCMT/data/phase2/tupac/corpus/raw/nv-v-duane-keffe-d-davis-day-2-mob-james-reggie-wright-jr-and-the-corn/nv-v-duane-keffe-d-davis-day-2-mob-james-reggie-wright-jr-and-the-corn_EA-DSbYev9I.mp4 | /Users/rajeshpmu/Desktop/LegalMemoCMT/data/phase2/tupac/corpus/raw/nv-v-duane-keffe-d-davis-day-2-mob-james-reggie-wright-jr-and-the-corn/nv-v-duane-keffe-d-davis-day-2-mob-james-reggie-wright-jr-and-the-corn_EA-DSbYev9I.mp4 | /Users/rajeshpmu/Desktop/LegalMemoCMT/data/phase2/tupac/corpus/raw/nv-v-duane-keffe-d-davis-day-2-mob-james-reggie-wright-jr-and-the-corn/nv-v-duane-keffe-d-davis-day-2-mob-james-reggie-wright-jr-and-the-corn_EA-DSbYev9I.mp4,/Users/rajeshpmu/Desktop/LegalMemoCMT/data/phase2/tupac/corpus/raw/nv-v-duane-keffe-d-davis-day-2-mob-james-reggie-wright-jr-and-the-corn/nv-v-duane-keffe-d-davis-day-2-mob-james-reggie-wright-jr-and-the-corn_EA-DSbYev9I.wav | /Users/rajeshpmu/Desktop/LegalMemoCMT/data/phase2/tupac/corpus/raw/nv-v-duane-keffe-d-davis-day-2-mob-james-reggie-wright-jr-and-the-corn/nv-v-duane-keffe-d-davis-day-2-mob-james-reggie-wright-jr-and-the-corn_EA-DSbYev9I.wav | /Users/rajeshpmu/Desktop/LegalMemoCMT/data/phase2/tupac/corpus/raw/nv-v-duane-keffe-d-davis-day-2-mob-james-reggie-wright-jr-and-the-corn/nv-v-duane-keffe-d-davis-day-2-mob-james-reggie-wright-jr-and-the-corn_EA-DSbYev9I.wav,"Thank you, Dr. Gavin. Mr. Dejo, you may || Dr. How are you employed? I am a || Oh, who could have seen that coming?",UNKNOWN,LOW,UNKNOWN
gozVH0bYxzY,,SPEAKER_33,50,641.066,10.684,641.066,0,0.000,gozVH0bYxzY_turn06364 | gozVH0bYxzY_turn06365 | gozVH0bYxzY_turn06366,00:49:13.892 -> 00:49:19.138 | 00:49:19.138 -> 00:49:20.985 | 00:49:20.985 -> 00:49:23.224,/Users/rajeshpmu/Desktop/LegalMemoCMT/data/phase2/tupac/corpus/raw/2pac-trial-day-2-reggie-wright-and-mob-james-testify-8-18-2026/2pac-trial-day-2-reggie-wright-and-mob-james-testify-8-18-2026_gozVH0bYxzY.mp4 | /Users/rajeshpmu/Desktop/LegalMemoCMT/data/phase2/tupac/corpus/raw/2pac-trial-day-2-reggie-wright-and-mob-james-testify-8-18-2026/2pac-trial-day-2-reggie-wright-and-mob-james-testify-8-18-2026_gozVH0bYxzY.mp4 | /Users/rajeshpmu/Desktop/LegalMemoCMT/data/phase2/tupac/corpus/raw/2pac-trial-day-2-reggie-wright-and-mob-james-testify-8-18-2026/2pac-trial-day-2-reggie-wright-and-mob-james-testify-8-18-2026_gozVH0bYxzY.mp4,/Users/rajeshpmu/Desktop/LegalMemoCMT/data/phase2/tupac/corpus/raw/2pac-trial-day-2-reggie-wright-and-mob-james-testify-8-18-2026/2pac-trial-day-2-reggie-wright-and-mob-james-testify-8-18-2026_gozVH0bYxzY.wav | /Users/rajeshpmu/Desktop/LegalMemoCMT/data/phase2/tupac/corpus/raw/2pac-trial-day-2-reggie-wright-and-mob-james-testify-8-18-2026/2pac-trial-day-2-reggie-wright-and-mob-james-testify-8-18-2026_gozVH0bYxzY.wav | /Users/rajeshpmu/Desktop/LegalMemoCMT/data/phase2/tupac/corpus/raw/2pac-trial-day-2-reggie-wright-and-mob-james-testify-8-18-2026/2pac-trial-day-2-reggie-wright-and-mob-james-testify-8-18-2026_gozVH0bYxzY.wav,"Good morning. I'm Dr. Lisa Gavin. L I S || Thank you, Dr. Gavin. Mr. Doc, you may || Dr. How are you employed?",UNKNOWN,LOW,UNKNOWN
Wt1h7rnCvZQ,,SPEAKER_01,48,633.754,10.563,633.754,0,0.000,Wt1h7rnCvZQ_turn04058 | Wt1h7rnCvZQ_turn04059 | Wt1h7rnCvZQ_turn04060,00:44:16.372 -> 00:44:23.907 | 00:44:23.907 -> 00:44:25.705 | 00:44:25.705 -> 00:44:29.545,/Users/rajeshpmu/Desktop/LegalMemoCMT/data/phase2/tupac/corpus/raw/live-nv-v-duane-keffe-d-davis-day-2-tupac-murder-trial/live-nv-v-duane-keffe-d-davis-day-2-tupac-murder-trial_Wt1h7rnCvZQ.mp4 | /Users/rajeshpmu/Desktop/LegalMemoCMT/data/phase2/tupac/corpus/raw/live-nv-v-duane-keffe-d-davis-day-2-tupac-murder-trial/live-nv-v-duane-keffe-d-davis-day-2-tupac-murder-trial_Wt1h7rnCvZQ.mp4 | /Users/rajeshpmu/Desktop/LegalMemoCMT/data/phase2/tupac/corpus/raw/live-nv-v-duane-keffe-d-davis-day-2-tupac-murder-trial/live-nv-v-duane-keffe-d-davis-day-2-tupac-murder-trial_Wt1h7rnCvZQ.mp4,/Users/rajeshpmu/Desktop/LegalMemoCMT/data/phase2/tupac/corpus/raw/live-nv-v-duane-keffe-d-davis-day-2-tupac-murder-trial/live-nv-v-duane-keffe-d-davis-day-2-tupac-murder-trial_Wt1h7rnCvZQ.wav | /Users/rajeshpmu/Desktop/LegalMemoCMT/data/phase2/tupac/corpus/raw/live-nv-v-duane-keffe-d-davis-day-2-tupac-murder-trial/live-nv-v-duane-keffe-d-davis-day-2-tupac-murder-trial_Wt1h7rnCvZQ.wav | /Users/rajeshpmu/Desktop/LegalMemoCMT/data/phase2/tupac/corpus/raw/live-nv-v-duane-keffe-d-davis-day-2-tupac-murder-trial/live-nv-v-duane-keffe-d-davis-day-2-tupac-murder-trial_Wt1h7rnCvZQ.wav,Good morning. I'm Dr. Lisa Gavin. L I S || Dr. How are you employed? || I am a forensic pathologist medical,UNKNOWN,LOW,UNKNOWN
Wt1h7rnCvZQ,,SPEAKER_13,47,592.725,9.879,592.725,0,0.000,Wt1h7rnCvZQ_turn04199 | Wt1h7rnCvZQ_turn04201 | Wt1h7rnCvZQ_turn04202,01:06:13.807 -> 01:06:19.887 | 01:06:22.041 -> 01:06:23.800 | 01:06:23.800 -> 01:06:26.886,/Users/rajeshpmu/Desktop/LegalMemoCMT/data/phase2/tupac/corpus/raw/live-nv-v-duane-keffe-d-davis-day-2-tupac-murder-trial/live-nv-v-duane-keffe-d-davis-day-2-tupac-murder-trial_Wt1h7rnCvZQ.mp4 | /Users/rajeshpmu/Desktop/LegalMemoCMT/data/phase2/tupac/corpus/raw/live-nv-v-duane-keffe-d-davis-day-2-tupac-murder-trial/live-nv-v-duane-keffe-d-davis-day-2-tupac-murder-trial_Wt1h7rnCvZQ.mp4 | /Users/rajeshpmu/Desktop/LegalMemoCMT/data/phase2/tupac/corpus/raw/live-nv-v-duane-keffe-d-davis-day-2-tupac-murder-trial/live-nv-v-duane-keffe-d-davis-day-2-tupac-murder-trial_Wt1h7rnCvZQ.mp4,/Users/rajeshpmu/Desktop/LegalMemoCMT/data/phase2/tupac/corpus/raw/live-nv-v-duane-keffe-d-davis-day-2-tupac-murder-trial/live-nv-v-duane-keffe-d-davis-day-2-tupac-murder-trial_Wt1h7rnCvZQ.wav | /Users/rajeshpmu/Desktop/LegalMemoCMT/data/phase2/tupac/corpus/raw/live-nv-v-duane-keffe-d-davis-day-2-tupac-murder-trial/live-nv-v-duane-keffe-d-davis-day-2-tupac-murder-trial_Wt1h7rnCvZQ.wav | /Users/rajeshpmu/Desktop/LegalMemoCMT/data/phase2/tupac/corpus/raw/live-nv-v-duane-keffe-d-davis-day-2-tupac-murder-trial/live-nv-v-duane-keffe-d-davis-day-2-tupac-murder-trial_Wt1h7rnCvZQ.wav,"Michael Ingram. M I C H A L I N G R A M. || Sir, how are you? || I work as an investigator for MGM",UNKNOWN,LOW,UNKNOWN
YCH11exBTlY,,SPEAKER_00,46,335.302,5.588,335.302,0,0.000,YCH11exBTlY_turn06007 | YCH11exBTlY_turn06008 | YCH11exBTlY_turn06010,00:00:29.665 -> 00:00:30.477 | 00:00:30.477 -> 00:00:40.154 | 00:00:42.815 -> 00:01:02.426,/Users/rajeshpmu/Desktop/LegalMemoCMT/data/phase2/tupac/corpus/raw/retired-lvmpd-officer-testimony-in-tupac-murder-trial/retired-lvmpd-officer-testimony-in-tupac-murder-trial_YCH11exBTlY.mp4 | /Users/rajeshpmu/Desktop/LegalMemoCMT/data/phase2/tupac/corpus/raw/retired-lvmpd-officer-testimony-in-tupac-murder-trial/retired-lvmpd-officer-testimony-in-tupac-murder-trial_YCH11exBTlY.mp4 | /Users/rajeshpmu/Desktop/LegalMemoCMT/data/phase2/tupac/corpus/raw/retired-lvmpd-officer-testimony-in-tupac-murder-trial/retired-lvmpd-officer-testimony-in-tupac-murder-trial_YCH11exBTlY.mp4,/Users/rajeshpmu/Desktop/LegalMemoCMT/data/phase2/tupac/corpus/raw/retired-lvmpd-officer-testimony-in-tupac-murder-trial/retired-lvmpd-officer-testimony-in-tupac-murder-trial_YCH11exBTlY.wav | /Users/rajeshpmu/Desktop/LegalMemoCMT/data/phase2/tupac/corpus/raw/retired-lvmpd-officer-testimony-in-tupac-murder-trial/retired-lvmpd-officer-testimony-in-tupac-murder-trial_YCH11exBTlY.wav | /Users/rajeshpmu/Desktop/LegalMemoCMT/data/phase2/tupac/corpus/raw/retired-lvmpd-officer-testimony-in-tupac-murder-trial/retired-lvmpd-officer-testimony-in-tupac-murder-trial_YCH11exBTlY.wav,Yes. || And uh || And then I'm going to go back and show,UNKNOWN,LOW,UNKNOWN
gozVH0bYxzY,,SPEAKER_20,46,564.748,9.412,564.748,0,0.000,gozVH0bYxzY_turn06504 | gozVH0bYxzY_turn06506 | gozVH0bYxzY_turn06507,01:11:10.891 -> 01:11:16.113 | 01:11:19.561 -> 01:11:21.320 | 01:11:21.320 -> 01:11:24.879,/Users/rajeshpmu/Desktop/LegalMemoCMT/data/phase2/tupac/corpus/raw/2pac-trial-day-2-reggie-wright-and-mob-james-testify-8-18-2026/2pac-trial-day-2-reggie-wright-and-mob-james-testify-8-18-2026_gozVH0bYxzY.mp4 | /Users/rajeshpmu/Desktop/LegalMemoCMT/data/phase2/tupac/corpus/raw/2pac-trial-day-2-reggie-wright-and-mob-james-testify-8-18-2026/2pac-trial-day-2-reggie-wright-and-mob-james-testify-8-18-2026_gozVH0bYxzY.mp4 | /Users/rajeshpmu/Desktop/LegalMemoCMT/data/phase2/tupac/corpus/raw/2pac-trial-day-2-reggie-wright-and-mob-james-testify-8-18-2026/2pac-trial-day-2-reggie-wright-and-mob-james-testify-8-18-2026_gozVH0bYxzY.mp4,/Users/rajeshpmu/Desktop/LegalMemoCMT/data/phase2/tupac/corpus/raw/2pac-trial-day-2-reggie-wright-and-mob-james-testify-8-18-2026/2pac-trial-day-2-reggie-wright-and-mob-james-testify-8-18-2026_gozVH0bYxzY.wav | /Users/rajeshpmu/Desktop/LegalMemoCMT/data/phase2/tupac/corpus/raw/2pac-trial-day-2-reggie-wright-and-mob-james-testify-8-18-2026/2pac-trial-day-2-reggie-wright-and-mob-james-testify-8-18-2026_gozVH0bYxzY.wav | /Users/rajeshpmu/Desktop/LegalMemoCMT/data/phase2/tupac/corpus/raw/2pac-trial-day-2-reggie-wright-and-mob-james-testify-8-18-2026/2pac-trial-day-2-reggie-wright-and-mob-james-testify-8-18-2026_gozVH0bYxzY.wav,Michael Ingram. M I C H A E L I N G R A || sir. How are you? || I work as an investigator for MGM,UNKNOWN,LOW,UNKNOWN
lOcZ_IJbM3I,,SPEAKER_08,41,299.275,4.988,299.275,0,0.000,lOcZ_IJbM3I_turn08406 | lOcZ_IJbM3I_turn08412 | lOcZ_IJbM3I_turn08661,00:00:15.644 -> 00:00:22.362 | 00:00:52.708 -> 00:01:29.630 | 00:34:35.849 -> 00:34:37.423,/Users/rajeshpmu/Desktop/LegalMemoCMT/data/phase2/tupac/corpus/raw/reggie-wright-jr-full-testimony-in-tupac-murder-trial/reggie-wright-jr-full-testimony-in-tupac-murder-trial_lOcZ_IJbM3I.mp4 | /Users/rajeshpmu/Desktop/LegalMemoCMT/data/phase2/tupac/corpus/raw/reggie-wright-jr-full-testimony-in-tupac-murder-trial/reggie-wright-jr-full-testimony-in-tupac-murder-trial_lOcZ_IJbM3I.mp4 | /Users/rajeshpmu/Desktop/LegalMemoCMT/data/phase2/tupac/corpus/raw/reggie-wright-jr-full-testimony-in-tupac-murder-trial/reggie-wright-jr-full-testimony-in-tupac-murder-trial_lOcZ_IJbM3I.mp4,/Users/rajeshpmu/Desktop/LegalMemoCMT/data/phase2/tupac/corpus/raw/reggie-wright-jr-full-testimony-in-tupac-murder-trial/reggie-wright-jr-full-testimony-in-tupac-murder-trial_lOcZ_IJbM3I.wav | /Users/rajeshpmu/Desktop/LegalMemoCMT/data/phase2/tupac/corpus/raw/reggie-wright-jr-full-testimony-in-tupac-murder-trial/reggie-wright-jr-full-testimony-in-tupac-murder-trial_lOcZ_IJbM3I.wav | /Users/rajeshpmu/Desktop/LegalMemoCMT/data/phase2/tupac/corpus/raw/reggie-wright-jr-full-testimony-in-tupac-murder-trial/reggie-wright-jr-full-testimony-in-tupac-murder-trial_lOcZ_IJbM3I.wav,"Okay, perfect. Got it. All right, we'll || Thank you, sir. Whenever you're ready, || I'm just saying that that's the problem",UNKNOWN,LOW,UNKNOWN
EA-DSbYev9I,,SPEAKER_03,36,340.165,5.669,340.165,0,0.000,EA-DSbYev9I_turn00432 | EA-DSbYev9I_turn00577 | EA-DSbYev9I_turn00608,00:12:37.691 -> 00:12:47.998 | 00:23:31.764 -> 00:23:33.435 | 00:25:50.720 -> 00:25:52.330,/Users/rajeshpmu/Desktop/LegalMemoCMT/data/phase2/tupac/corpus/raw/nv-v-duane-keffe-d-davis-day-2-mob-james-reggie-wright-jr-and-the-corn/nv-v-duane-keffe-d-davis-day-2-mob-james-reggie-wright-jr-and-the-corn_EA-DSbYev9I.mp4 | /Users/rajeshpmu/Desktop/LegalMemoCMT/data/phase2/tupac/corpus/raw/nv-v-duane-keffe-d-davis-day-2-mob-james-reggie-wright-jr-and-the-corn/nv-v-duane-keffe-d-davis-day-2-mob-james-reggie-wright-jr-and-the-corn_EA-DSbYev9I.mp4 | /Users/rajeshpmu/Desktop/LegalMemoCMT/data/phase2/tupac/corpus/raw/nv-v-duane-keffe-d-davis-day-2-mob-james-reggie-wright-jr-and-the-corn/nv-v-duane-keffe-d-davis-day-2-mob-james-reggie-wright-jr-and-the-corn_EA-DSbYev9I.mp4,/Users/rajeshpmu/Desktop/LegalMemoCMT/data/phase2/tupac/corpus/raw/nv-v-duane-keffe-d-davis-day-2-mob-james-reggie-wright-jr-and-the-corn/nv-v-duane-keffe-d-davis-day-2-mob-james-reggie-wright-jr-and-the-corn_EA-DSbYev9I.wav | /Users/rajeshpmu/Desktop/LegalMemoCMT/data/phase2/tupac/corpus/raw/nv-v-duane-keffe-d-davis-day-2-mob-james-reggie-wright-jr-and-the-corn/nv-v-duane-keffe-d-davis-day-2-mob-james-reggie-wright-jr-and-the-corn_EA-DSbYev9I.wav | /Users/rajeshpmu/Desktop/LegalMemoCMT/data/phase2/tupac/corpus/raw/nv-v-duane-keffe-d-davis-day-2-mob-james-reggie-wright-jr-and-the-corn/nv-v-duane-keffe-d-davis-day-2-mob-james-reggie-wright-jr-and-the-corn_EA-DSbYev9I.wav,"They're like, ""Let's try this again. Did || Okay. Which party was that? || Different Gina Davis.",UNKNOWN,LOW,UNKNOWN
EA-DSbYev9I,,SPEAKER_04,33,152.534,2.542,152.534,0,0.000,EA-DSbYev9I_turn00423 | EA-DSbYev9I_turn00424 | EA-DSbYev9I_turn00760,00:09:01.736 -> 00:09:03.634 | 00:09:03.634 -> 00:09:05.432 | 00:40:02.870 -> 00:40:58.100,/Users/rajeshpmu/Desktop/LegalMemoCMT/data/phase2/tupac/corpus/raw/nv-v-duane-keffe-d-davis-day-2-mob-james-reggie-wright-jr-and-the-corn/nv-v-duane-keffe-d-davis-day-2-mob-james-reggie-wright-jr-and-the-corn_EA-DSbYev9I.mp4 | /Users/rajeshpmu/Desktop/LegalMemoCMT/data/phase2/tupac/corpus/raw/nv-v-duane-keffe-d-davis-day-2-mob-james-reggie-wright-jr-and-the-corn/nv-v-duane-keffe-d-davis-day-2-mob-james-reggie-wright-jr-and-the-corn_EA-DSbYev9I.mp4 | /Users/rajeshpmu/Desktop/LegalMemoCMT/data/phase2/tupac/corpus/raw/nv-v-duane-keffe-d-davis-day-2-mob-james-reggie-wright-jr-and-the-corn/nv-v-duane-keffe-d-davis-day-2-mob-james-reggie-wright-jr-and-the-corn_EA-DSbYev9I.mp4,/Users/rajeshpmu/Desktop/LegalMemoCMT/data/phase2/tupac/corpus/raw/nv-v-duane-keffe-d-davis-day-2-mob-james-reggie-wright-jr-and-the-corn/nv-v-duane-keffe-d-davis-day-2-mob-james-reggie-wright-jr-and-the-corn_EA-DSbYev9I.wav | /Users/rajeshpmu/Desktop/LegalMemoCMT/data/phase2/tupac/corpus/raw/nv-v-duane-keffe-d-davis-day-2-mob-james-reggie-wright-jr-and-the-corn/nv-v-duane-keffe-d-davis-day-2-mob-james-reggie-wright-jr-and-the-corn_EA-DSbYev9I.wav | /Users/rajeshpmu/Desktop/LegalMemoCMT/data/phase2/tupac/corpus/raw/nv-v-duane-keffe-d-davis-day-2-mob-james-reggie-wright-jr-and-the-corn/nv-v-duane-keffe-d-davis-day-2-mob-james-reggie-wright-jr-and-the-corn_EA-DSbYev9I.wav,"yet. Not from the state, || Okay, let's bring the jury in. Stay with || start with state proposed exhibits 44 to",UNKNOWN,LOW,UNKNOWN
gozVH0bYxzY,,SPEAKER_27,32,448.946,7.482,448.946,0,0.000,gozVH0bYxzY_turn06091 | gozVH0bYxzY_turn06100 | gozVH0bYxzY_turn06106,00:16:05.324 -> 00:17:08.362 | 00:17:30.352 -> 00:17:33.079 | 00:18:06.218 -> 00:18:21.830,/Users/rajeshpmu/Desktop/LegalMemoCMT/data/phase2/tupac/corpus/raw/2pac-trial-day-2-reggie-wright-and-mob-james-testify-8-18-2026/2pac-trial-day-2-reggie-wright-and-mob-james-testify-8-18-2026_gozVH0bYxzY.mp4 | /Users/rajeshpmu/Desktop/LegalMemoCMT/data/phase2/tupac/corpus/raw/2pac-trial-day-2-reggie-wright-and-mob-james-testify-8-18-2026/2pac-trial-day-2-reggie-wright-and-mob-james-testify-8-18-2026_gozVH0bYxzY.mp4 | /Users/rajeshpmu/Desktop/LegalMemoCMT/data/phase2/tupac/corpus/raw/2pac-trial-day-2-reggie-wright-and-mob-james-testify-8-18-2026/2pac-trial-day-2-reggie-wright-and-mob-james-testify-8-18-2026_gozVH0bYxzY.mp4,/Users/rajeshpmu/Desktop/LegalMemoCMT/data/phase2/tupac/corpus/raw/2pac-trial-day-2-reggie-wright-and-mob-james-testify-8-18-2026/2pac-trial-day-2-reggie-wright-and-mob-james-testify-8-18-2026_gozVH0bYxzY.wav | /Users/rajeshpmu/Desktop/LegalMemoCMT/data/phase2/tupac/corpus/raw/2pac-trial-day-2-reggie-wright-and-mob-james-testify-8-18-2026/2pac-trial-day-2-reggie-wright-and-mob-james-testify-8-18-2026_gozVH0bYxzY.wav | /Users/rajeshpmu/Desktop/LegalMemoCMT/data/phase2/tupac/corpus/raw/2pac-trial-day-2-reggie-wright-and-mob-james-testify-8-18-2026/2pac-trial-day-2-reggie-wright-and-mob-james-testify-8-18-2026_gozVH0bYxzY.wav,"Okay, sounds good. You may proceed. Okay. I'll go back and ask you a question again. Uh while you were there in pressure and you heard the commotion of people running to be south on Fairfax or back in towards the parking areas. Uh did you r || Oh, they didn't run around the corner. || Yeah, I did. Well, no. That's why I said",UNKNOWN,LOW,UNKNOWN
nEzTBJWiyqM,,SPEAKER_01,32,200.728,3.345,200.728,0,0.000,nEzTBJWiyqM_turn09396 | nEzTBJWiyqM_turn09419 | nEzTBJWiyqM_turn09420,00:12:59.863 -> 00:13:03.419 | 00:14:19.935 -> 00:14:21.555 | 00:14:21.555 -> 00:14:24.548,/Users/rajeshpmu/Desktop/LegalMemoCMT/data/phase2/tupac/corpus/raw/tupac-murder-trial-doctor-reveals-details-from-tupac-shakur-s-1996-aut/tupac-murder-trial-doctor-reveals-details-from-tupac-shakur-s-1996-aut_nEzTBJWiyqM.mp4 | /Users/rajeshpmu/Desktop/LegalMemoCMT/data/phase2/tupac/corpus/raw/tupac-murder-trial-doctor-reveals-details-from-tupac-shakur-s-1996-aut/tupac-murder-trial-doctor-reveals-details-from-tupac-shakur-s-1996-aut_nEzTBJWiyqM.mp4 | /Users/rajeshpmu/Desktop/LegalMemoCMT/data/phase2/tupac/corpus/raw/tupac-murder-trial-doctor-reveals-details-from-tupac-shakur-s-1996-aut/tupac-murder-trial-doctor-reveals-details-from-tupac-shakur-s-1996-aut_nEzTBJWiyqM.mp4,/Users/rajeshpmu/Desktop/LegalMemoCMT/data/phase2/tupac/corpus/raw/tupac-murder-trial-doctor-reveals-details-from-tupac-shakur-s-1996-aut/tupac-murder-trial-doctor-reveals-details-from-tupac-shakur-s-1996-aut_nEzTBJWiyqM.wav | /Users/rajeshpmu/Desktop/LegalMemoCMT/data/phase2/tupac/corpus/raw/tupac-murder-trial-doctor-reveals-details-from-tupac-shakur-s-1996-aut/tupac-murder-trial-doctor-reveals-details-from-tupac-shakur-s-1996-aut_nEzTBJWiyqM.wav | /Users/rajeshpmu/Desktop/LegalMemoCMT/data/phase2/tupac/corpus/raw/tupac-murder-trial-doctor-reveals-details-from-tupac-shakur-s-1996-aut/tupac-murder-trial-doctor-reveals-details-from-tupac-shakur-s-1996-aut_nEzTBJWiyqM.wav,"You got to just for the record what || Cross-examination, Mr. Sand. || Yes, sir. Thank you.",UNKNOWN,LOW,UNKNOWN
DiurriBQxVs,,SPEAKER_04,31,146.300,2.438,146.300,0,0.000,DiurriBQxVs_turn00111 | DiurriBQxVs_turn00113 | DiurriBQxVs_turn00115,00:11:37.428 -> 00:11:38.733 | 00:11:39.195 -> 00:11:41.095 | 00:11:43.750 -> 00:11:45.924,/Users/rajeshpmu/Desktop/LegalMemoCMT/data/phase2/tupac/corpus/raw/keefe-d-s-lawyer-cross-exams-ex-suge-knight-security-reggie-wright-abo/keefe-d-s-lawyer-cross-exams-ex-suge-knight-security-reggie-wright-abo_DiurriBQxVs.mp4 | /Users/rajeshpmu/Desktop/LegalMemoCMT/data/phase2/tupac/corpus/raw/keefe-d-s-lawyer-cross-exams-ex-suge-knight-security-reggie-wright-abo/keefe-d-s-lawyer-cross-exams-ex-suge-knight-security-reggie-wright-abo_DiurriBQxVs.mp4 | /Users/rajeshpmu/Desktop/LegalMemoCMT/data/phase2/tupac/corpus/raw/keefe-d-s-lawyer-cross-exams-ex-suge-knight-security-reggie-wright-abo/keefe-d-s-lawyer-cross-exams-ex-suge-knight-security-reggie-wright-abo_DiurriBQxVs.mp4,/Users/rajeshpmu/Desktop/LegalMemoCMT/data/phase2/tupac/corpus/raw/keefe-d-s-lawyer-cross-exams-ex-suge-knight-security-reggie-wright-abo/keefe-d-s-lawyer-cross-exams-ex-suge-knight-security-reggie-wright-abo_DiurriBQxVs.wav | /Users/rajeshpmu/Desktop/LegalMemoCMT/data/phase2/tupac/corpus/raw/keefe-d-s-lawyer-cross-exams-ex-suge-knight-security-reggie-wright-abo/keefe-d-s-lawyer-cross-exams-ex-suge-knight-security-reggie-wright-abo_DiurriBQxVs.wav | /Users/rajeshpmu/Desktop/LegalMemoCMT/data/phase2/tupac/corpus/raw/keefe-d-s-lawyer-cross-exams-ex-suge-knight-security-reggie-wright-abo/keefe-d-s-lawyer-cross-exams-ex-suge-knight-security-reggie-wright-abo_DiurriBQxVs.wav,"C, I think? || C. || May I approach the witness?",UNKNOWN,LOW,UNKNOWN
EA-DSbYev9I,,SPEAKER_05,30,241.802,4.030,241.802,0,0.000,EA-DSbYev9I_turn01589 | EA-DSbYev9I_turn01593 | EA-DSbYev9I_turn01597,02:56:58.475 -> 02:57:06.667 | 02:57:21.370 -> 02:57:21.703 | 02:57:28.666 -> 02:57:50.520,/Users/rajeshpmu/Desktop/LegalMemoCMT/data/phase2/tupac/corpus/raw/nv-v-duane-keffe-d-davis-day-2-mob-james-reggie-wright-jr-and-the-corn/nv-v-duane-keffe-d-davis-day-2-mob-james-reggie-wright-jr-and-the-corn_EA-DSbYev9I.mp4 | /Users/rajeshpmu/Desktop/LegalMemoCMT/data/phase2/tupac/corpus/raw/nv-v-duane-keffe-d-davis-day-2-mob-james-reggie-wright-jr-and-the-corn/nv-v-duane-keffe-d-davis-day-2-mob-james-reggie-wright-jr-and-the-corn_EA-DSbYev9I.mp4 | /Users/rajeshpmu/Desktop/LegalMemoCMT/data/phase2/tupac/corpus/raw/nv-v-duane-keffe-d-davis-day-2-mob-james-reggie-wright-jr-and-the-corn/nv-v-duane-keffe-d-davis-day-2-mob-james-reggie-wright-jr-and-the-corn_EA-DSbYev9I.mp4,/Users/rajeshpmu/Desktop/LegalMemoCMT/data/phase2/tupac/corpus/raw/nv-v-duane-keffe-d-davis-day-2-mob-james-reggie-wright-jr-and-the-corn/nv-v-duane-keffe-d-davis-day-2-mob-james-reggie-wright-jr-and-the-corn_EA-DSbYev9I.wav | /Users/rajeshpmu/Desktop/LegalMemoCMT/data/phase2/tupac/corpus/raw/nv-v-duane-keffe-d-davis-day-2-mob-james-reggie-wright-jr-and-the-corn/nv-v-duane-keffe-d-davis-day-2-mob-james-reggie-wright-jr-and-the-corn_EA-DSbYev9I.wav | /Users/rajeshpmu/Desktop/LegalMemoCMT/data/phase2/tupac/corpus/raw/nv-v-duane-keffe-d-davis-day-2-mob-james-reggie-wright-jr-and-the-corn/nv-v-duane-keffe-d-davis-day-2-mob-james-reggie-wright-jr-and-the-corn_EA-DSbYev9I.wav,William Hidem. William Wi Li A M and || Correct. || Um at a well actually sometime prior to,UNKNOWN,LOW,UNKNOWN
EA-DSbYev9I,,SPEAKER_31,30,246.667,4.111,246.667,0,0.000,EA-DSbYev9I_turn00466 | EA-DSbYev9I_turn01454 | EA-DSbYev9I_turn01455,00:14:41.860 -> 00:15:02.325 | 02:42:52.395 -> 02:42:57.886 | 02:42:57.886 -> 02:42:59.670,/Users/rajeshpmu/Desktop/LegalMemoCMT/data/phase2/tupac/corpus/raw/nv-v-duane-keffe-d-davis-day-2-mob-james-reggie-wright-jr-and-the-corn/nv-v-duane-keffe-d-davis-day-2-mob-james-reggie-wright-jr-and-the-corn_EA-DSbYev9I.mp4 | /Users/rajeshpmu/Desktop/LegalMemoCMT/data/phase2/tupac/corpus/raw/nv-v-duane-keffe-d-davis-day-2-mob-james-reggie-wright-jr-and-the-corn/nv-v-duane-keffe-d-davis-day-2-mob-james-reggie-wright-jr-and-the-corn_EA-DSbYev9I.mp4 | /Users/rajeshpmu/Desktop/LegalMemoCMT/data/phase2/tupac/corpus/raw/nv-v-duane-keffe-d-davis-day-2-mob-james-reggie-wright-jr-and-the-corn/nv-v-duane-keffe-d-davis-day-2-mob-james-reggie-wright-jr-and-the-corn_EA-DSbYev9I.mp4,/Users/rajeshpmu/Desktop/LegalMemoCMT/data/phase2/tupac/corpus/raw/nv-v-duane-keffe-d-davis-day-2-mob-james-reggie-wright-jr-and-the-corn/nv-v-duane-keffe-d-davis-day-2-mob-james-reggie-wright-jr-and-the-corn_EA-DSbYev9I.wav | /Users/rajeshpmu/Desktop/LegalMemoCMT/data/phase2/tupac/corpus/raw/nv-v-duane-keffe-d-davis-day-2-mob-james-reggie-wright-jr-and-the-corn/nv-v-duane-keffe-d-davis-day-2-mob-james-reggie-wright-jr-and-the-corn_EA-DSbYev9I.wav | /Users/rajeshpmu/Desktop/LegalMemoCMT/data/phase2/tupac/corpus/raw/nv-v-duane-keffe-d-davis-day-2-mob-james-reggie-wright-jr-and-the-corn/nv-v-duane-keffe-d-davis-day-2-mob-james-reggie-wright-jr-and-the-corn_EA-DSbYev9I.wav,"either parking your car coming to you or || And sir, if you please state your full || Kenneth Rios, Ken Nos.",UNKNOWN,LOW,UNKNOWN
YCH11exBTlY,,SPEAKER_01,30,644.391,10.740,644.391,0,0.000,YCH11exBTlY_turn06009 | YCH11exBTlY_turn06020 | YCH11exBTlY_turn06022,00:00:40.154 -> 00:00:42.815 | 00:01:53.706 -> 00:02:01.018 | 00:02:05.156 -> 00:02:35.413,/Users/rajeshpmu/Desktop/LegalMemoCMT/data/phase2/tupac/corpus/raw/retired-lvmpd-officer-testimony-in-tupac-murder-trial/retired-lvmpd-officer-testimony-in-tupac-murder-trial_YCH11exBTlY.mp4 | /Users/rajeshpmu/Desktop/LegalMemoCMT/data/phase2/tupac/corpus/raw/retired-lvmpd-officer-testimony-in-tupac-murder-trial/retired-lvmpd-officer-testimony-in-tupac-murder-trial_YCH11exBTlY.mp4 | /Users/rajeshpmu/Desktop/LegalMemoCMT/data/phase2/tupac/corpus/raw/retired-lvmpd-officer-testimony-in-tupac-murder-trial/retired-lvmpd-officer-testimony-in-tupac-murder-trial_YCH11exBTlY.mp4,/Users/rajeshpmu/Desktop/LegalMemoCMT/data/phase2/tupac/corpus/raw/retired-lvmpd-officer-testimony-in-tupac-murder-trial/retired-lvmpd-officer-testimony-in-tupac-murder-trial_YCH11exBTlY.wav | /Users/rajeshpmu/Desktop/LegalMemoCMT/data/phase2/tupac/corpus/raw/retired-lvmpd-officer-testimony-in-tupac-murder-trial/retired-lvmpd-officer-testimony-in-tupac-murder-trial_YCH11exBTlY.wav | /Users/rajeshpmu/Desktop/LegalMemoCMT/data/phase2/tupac/corpus/raw/retired-lvmpd-officer-testimony-in-tupac-murder-trial/retired-lvmpd-officer-testimony-in-tupac-murder-trial_YCH11exBTlY.wav,"Quite a bit different today. Yes, that's || We were uh conducting enforcement || Yes. Uh as we were out with a",UNKNOWN,LOW,UNKNOWN
gozVH0bYxzY,,UNKNOWN,29,94.758,1.579,94.758,0,0.000,gozVH0bYxzY_turn06177 | gozVH0bYxzY_turn06178 | gozVH0bYxzY_turn06250,00:27:01.007 -> 00:27:02.635 | 00:27:02.635 -> 00:27:04.734 | 00:33:17.188 -> 00:33:20.950,/Users/rajeshpmu/Desktop/LegalMemoCMT/data/phase2/tupac/corpus/raw/2pac-trial-day-2-reggie-wright-and-mob-james-testify-8-18-2026/2pac-trial-day-2-reggie-wright-and-mob-james-testify-8-18-2026_gozVH0bYxzY.mp4 | /Users/rajeshpmu/Desktop/LegalMemoCMT/data/phase2/tupac/corpus/raw/2pac-trial-day-2-reggie-wright-and-mob-james-testify-8-18-2026/2pac-trial-day-2-reggie-wright-and-mob-james-testify-8-18-2026_gozVH0bYxzY.mp4 | /Users/rajeshpmu/Desktop/LegalMemoCMT/data/phase2/tupac/corpus/raw/2pac-trial-day-2-reggie-wright-and-mob-james-testify-8-18-2026/2pac-trial-day-2-reggie-wright-and-mob-james-testify-8-18-2026_gozVH0bYxzY.mp4,/Users/rajeshpmu/Desktop/LegalMemoCMT/data/phase2/tupac/corpus/raw/2pac-trial-day-2-reggie-wright-and-mob-james-testify-8-18-2026/2pac-trial-day-2-reggie-wright-and-mob-james-testify-8-18-2026_gozVH0bYxzY.wav | /Users/rajeshpmu/Desktop/LegalMemoCMT/data/phase2/tupac/corpus/raw/2pac-trial-day-2-reggie-wright-and-mob-james-testify-8-18-2026/2pac-trial-day-2-reggie-wright-and-mob-james-testify-8-18-2026_gozVH0bYxzY.wav | /Users/rajeshpmu/Desktop/LegalMemoCMT/data/phase2/tupac/corpus/raw/2pac-trial-day-2-reggie-wright-and-mob-james-testify-8-18-2026/2pac-trial-day-2-reggie-wright-and-mob-james-testify-8-18-2026_gozVH0bYxzY.wav,Yeah. || Okay. || between the fathers and it was quick,UNKNOWN,LOW,UNKNOWN
lOcZ_IJbM3I,,UNKNOWN,29,89.900,1.498,89.900,0,0.000,lOcZ_IJbM3I_turn08407 | lOcZ_IJbM3I_turn08531 | lOcZ_IJbM3I_turn08722,00:00:22.362 -> 00:00:23.670 | 00:17:23.436 -> 00:17:24.330 | 00:41:56.723 -> 00:41:57.313,/Users/rajeshpmu/Desktop/LegalMemoCMT/data/phase2/tupac/corpus/raw/reggie-wright-jr-full-testimony-in-tupac-murder-trial/reggie-wright-jr-full-testimony-in-tupac-murder-trial_lOcZ_IJbM3I.mp4 | /Users/rajeshpmu/Desktop/LegalMemoCMT/data/phase2/tupac/corpus/raw/reggie-wright-jr-full-testimony-in-tupac-murder-trial/reggie-wright-jr-full-testimony-in-tupac-murder-trial_lOcZ_IJbM3I.mp4 | /Users/rajeshpmu/Desktop/LegalMemoCMT/data/phase2/tupac/corpus/raw/reggie-wright-jr-full-testimony-in-tupac-murder-trial/reggie-wright-jr-full-testimony-in-tupac-murder-trial_lOcZ_IJbM3I.mp4,/Users/rajeshpmu/Desktop/LegalMemoCMT/data/phase2/tupac/corpus/raw/reggie-wright-jr-full-testimony-in-tupac-murder-trial/reggie-wright-jr-full-testimony-in-tupac-murder-trial_lOcZ_IJbM3I.wav | /Users/rajeshpmu/Desktop/LegalMemoCMT/data/phase2/tupac/corpus/raw/reggie-wright-jr-full-testimony-in-tupac-murder-trial/reggie-wright-jr-full-testimony-in-tupac-murder-trial_lOcZ_IJbM3I.wav | /Users/rajeshpmu/Desktop/LegalMemoCMT/data/phase2/tupac/corpus/raw/reggie-wright-jr-full-testimony-in-tupac-murder-trial/reggie-wright-jr-full-testimony-in-tupac-murder-trial_lOcZ_IJbM3I.wav,"Raise your right hand. || Um || Yes, sir.",UNKNOWN,LOW,UNKNOWN
Wt1h7rnCvZQ,,UNKNOWN,26,199.565,3.326,199.565,0,0.000,Wt1h7rnCvZQ_turn03759 | Wt1h7rnCvZQ_turn04047 | Wt1h7rnCvZQ_turn04121,00:12:24.317 -> 00:12:27.910 | 00:43:05.377 -> 00:43:07.670 | 00:57:04.392 -> 00:57:05.395,/Users/rajeshpmu/Desktop/LegalMemoCMT/data/phase2/tupac/corpus/raw/live-nv-v-duane-keffe-d-davis-day-2-tupac-murder-trial/live-nv-v-duane-keffe-d-davis-day-2-tupac-murder-trial_Wt1h7rnCvZQ.mp4 | /Users/rajeshpmu/Desktop/LegalMemoCMT/data/phase2/tupac/corpus/raw/live-nv-v-duane-keffe-d-davis-day-2-tupac-murder-trial/live-nv-v-duane-keffe-d-davis-day-2-tupac-murder-trial_Wt1h7rnCvZQ.mp4 | /Users/rajeshpmu/Desktop/LegalMemoCMT/data/phase2/tupac/corpus/raw/live-nv-v-duane-keffe-d-davis-day-2-tupac-murder-trial/live-nv-v-duane-keffe-d-davis-day-2-tupac-murder-trial_Wt1h7rnCvZQ.mp4,/Users/rajeshpmu/Desktop/LegalMemoCMT/data/phase2/tupac/corpus/raw/live-nv-v-duane-keffe-d-davis-day-2-tupac-murder-trial/live-nv-v-duane-keffe-d-davis-day-2-tupac-murder-trial_Wt1h7rnCvZQ.wav | /Users/rajeshpmu/Desktop/LegalMemoCMT/data/phase2/tupac/corpus/raw/live-nv-v-duane-keffe-d-davis-day-2-tupac-murder-trial/live-nv-v-duane-keffe-d-davis-day-2-tupac-murder-trial_Wt1h7rnCvZQ.wav | /Users/rajeshpmu/Desktop/LegalMemoCMT/data/phase2/tupac/corpus/raw/live-nv-v-duane-keffe-d-davis-day-2-tupac-murder-trial/live-nv-v-duane-keffe-d-davis-day-2-tupac-murder-trial_Wt1h7rnCvZQ.wav,the uh singer. || Any objection? They will be admitted. || 56.,UNKNOWN,LOW,UNKNOWN
gozVH0bYxzY,,SPEAKER_03,24,225.887,3.765,225.887,0,0.000,gozVH0bYxzY_turn06901 | gozVH0bYxzY_turn06909 | gozVH0bYxzY_turn06911,02:39:54.428 -> 02:40:02.983 | 02:40:37.356 -> 02:40:48.823 | 02:40:53.067 -> 02:41:01.319,/Users/rajeshpmu/Desktop/LegalMemoCMT/data/phase2/tupac/corpus/raw/2pac-trial-day-2-reggie-wright-and-mob-james-testify-8-18-2026/2pac-trial-day-2-reggie-wright-and-mob-james-testify-8-18-2026_gozVH0bYxzY.mp4 | /Users/rajeshpmu/Desktop/LegalMemoCMT/data/phase2/tupac/corpus/raw/2pac-trial-day-2-reggie-wright-and-mob-james-testify-8-18-2026/2pac-trial-day-2-reggie-wright-and-mob-james-testify-8-18-2026_gozVH0bYxzY.mp4 | /Users/rajeshpmu/Desktop/LegalMemoCMT/data/phase2/tupac/corpus/raw/2pac-trial-day-2-reggie-wright-and-mob-james-testify-8-18-2026/2pac-trial-day-2-reggie-wright-and-mob-james-testify-8-18-2026_gozVH0bYxzY.mp4,/Users/rajeshpmu/Desktop/LegalMemoCMT/data/phase2/tupac/corpus/raw/2pac-trial-day-2-reggie-wright-and-mob-james-testify-8-18-2026/2pac-trial-day-2-reggie-wright-and-mob-james-testify-8-18-2026_gozVH0bYxzY.wav | /Users/rajeshpmu/Desktop/LegalMemoCMT/data/phase2/tupac/corpus/raw/2pac-trial-day-2-reggie-wright-and-mob-james-testify-8-18-2026/2pac-trial-day-2-reggie-wright-and-mob-james-testify-8-18-2026_gozVH0bYxzY.wav | /Users/rajeshpmu/Desktop/LegalMemoCMT/data/phase2/tupac/corpus/raw/2pac-trial-day-2-reggie-wright-and-mob-james-testify-8-18-2026/2pac-trial-day-2-reggie-wright-and-mob-james-testify-8-18-2026_gozVH0bYxzY.wav,"Uh, it's William Hyde. William Wi L I A || Yes, I had two metro officers with me || Well, I was on the ramp of the third",UNKNOWN,LOW,UNKNOWN
Wt1h7rnCvZQ,,SPEAKER_23,23,222.721,3.712,222.721,0,0.000,Wt1h7rnCvZQ_turn04604 | Wt1h7rnCvZQ_turn04612 | Wt1h7rnCvZQ_turn04614,02:34:57.304 -> 02:35:05.378 | 02:35:39.916 -> 02:35:51.303 | 02:35:55.548 -> 02:36:03.799,/Users/rajeshpmu/Desktop/LegalMemoCMT/data/phase2/tupac/corpus/raw/live-nv-v-duane-keffe-d-davis-day-2-tupac-murder-trial/live-nv-v-duane-keffe-d-davis-day-2-tupac-murder-trial_Wt1h7rnCvZQ.mp4 | /Users/rajeshpmu/Desktop/LegalMemoCMT/data/phase2/tupac/corpus/raw/live-nv-v-duane-keffe-d-davis-day-2-tupac-murder-trial/live-nv-v-duane-keffe-d-davis-day-2-tupac-murder-trial_Wt1h7rnCvZQ.mp4 | /Users/rajeshpmu/Desktop/LegalMemoCMT/data/phase2/tupac/corpus/raw/live-nv-v-duane-keffe-d-davis-day-2-tupac-murder-trial/live-nv-v-duane-keffe-d-davis-day-2-tupac-murder-trial_Wt1h7rnCvZQ.mp4,/Users/rajeshpmu/Desktop/LegalMemoCMT/data/phase2/tupac/corpus/raw/live-nv-v-duane-keffe-d-davis-day-2-tupac-murder-trial/live-nv-v-duane-keffe-d-davis-day-2-tupac-murder-trial_Wt1h7rnCvZQ.wav | /Users/rajeshpmu/Desktop/LegalMemoCMT/data/phase2/tupac/corpus/raw/live-nv-v-duane-keffe-d-davis-day-2-tupac-murder-trial/live-nv-v-duane-keffe-d-davis-day-2-tupac-murder-trial_Wt1h7rnCvZQ.wav | /Users/rajeshpmu/Desktop/LegalMemoCMT/data/phase2/tupac/corpus/raw/live-nv-v-duane-keffe-d-davis-day-2-tupac-murder-trial/live-nv-v-duane-keffe-d-davis-day-2-tupac-murder-trial_Wt1h7rnCvZQ.wav,"Uh, it's William Hyde. William Wi L I A || Yes, I had two metro officers with me || Well, I was on the ramp of the third",UNKNOWN,LOW,UNKNOWN
Wt1h7rnCvZQ,,SPEAKER_10,21,266.115,4.435,266.115,0,0.000,Wt1h7rnCvZQ_turn04498 | Wt1h7rnCvZQ_turn04499 | Wt1h7rnCvZQ_turn04502,02:22:09.767 -> 02:22:14.857 | 02:22:14.857 -> 02:22:18.946 | 02:22:25.858 -> 02:22:32.589,/Users/rajeshpmu/Desktop/LegalMemoCMT/data/phase2/tupac/corpus/raw/live-nv-v-duane-keffe-d-davis-day-2-tupac-murder-trial/live-nv-v-duane-keffe-d-davis-day-2-tupac-murder-trial_Wt1h7rnCvZQ.mp4 | /Users/rajeshpmu/Desktop/LegalMemoCMT/data/phase2/tupac/corpus/raw/live-nv-v-duane-keffe-d-davis-day-2-tupac-murder-trial/live-nv-v-duane-keffe-d-davis-day-2-tupac-murder-trial_Wt1h7rnCvZQ.mp4 | /Users/rajeshpmu/Desktop/LegalMemoCMT/data/phase2/tupac/corpus/raw/live-nv-v-duane-keffe-d-davis-day-2-tupac-murder-trial/live-nv-v-duane-keffe-d-davis-day-2-tupac-murder-trial_Wt1h7rnCvZQ.mp4,/Users/rajeshpmu/Desktop/LegalMemoCMT/data/phase2/tupac/corpus/raw/live-nv-v-duane-keffe-d-davis-day-2-tupac-murder-trial/live-nv-v-duane-keffe-d-davis-day-2-tupac-murder-trial_Wt1h7rnCvZQ.wav | /Users/rajeshpmu/Desktop/LegalMemoCMT/data/phase2/tupac/corpus/raw/live-nv-v-duane-keffe-d-davis-day-2-tupac-murder-trial/live-nv-v-duane-keffe-d-davis-day-2-tupac-murder-trial_Wt1h7rnCvZQ.wav | /Users/rajeshpmu/Desktop/LegalMemoCMT/data/phase2/tupac/corpus/raw/live-nv-v-duane-keffe-d-davis-day-2-tupac-murder-trial/live-nv-v-duane-keffe-d-davis-day-2-tupac-murder-trial_Wt1h7rnCvZQ.wav,"And sir, if you please state your full || Kenneth Rios. K N T H R I O S. || Uh, I was employed as a Las Vegas I",UNKNOWN,LOW,UNKNOWN
gozVH0bYxzY,,SPEAKER_18,21,253.220,4.220,253.220,0,0.000,gozVH0bYxzY_turn06793 | gozVH0bYxzY_turn06794 | gozVH0bYxzY_turn06797,02:27:07.207 -> 02:27:12.367 | 02:27:12.367 -> 02:27:15.943 | 02:27:22.855 -> 02:27:30.028,/Users/rajeshpmu/Desktop/LegalMemoCMT/data/phase2/tupac/corpus/raw/2pac-trial-day-2-reggie-wright-and-mob-james-testify-8-18-2026/2pac-trial-day-2-reggie-wright-and-mob-james-testify-8-18-2026_gozVH0bYxzY.mp4 | /Users/rajeshpmu/Desktop/LegalMemoCMT/data/phase2/tupac/corpus/raw/2pac-trial-day-2-reggie-wright-and-mob-james-testify-8-18-2026/2pac-trial-day-2-reggie-wright-and-mob-james-testify-8-18-2026_gozVH0bYxzY.mp4 | /Users/rajeshpmu/Desktop/LegalMemoCMT/data/phase2/tupac/corpus/raw/2pac-trial-day-2-reggie-wright-and-mob-james-testify-8-18-2026/2pac-trial-day-2-reggie-wright-and-mob-james-testify-8-18-2026_gozVH0bYxzY.mp4,/Users/rajeshpmu/Desktop/LegalMemoCMT/data/phase2/tupac/corpus/raw/2pac-trial-day-2-reggie-wright-and-mob-james-testify-8-18-2026/2pac-trial-day-2-reggie-wright-and-mob-james-testify-8-18-2026_gozVH0bYxzY.wav | /Users/rajeshpmu/Desktop/LegalMemoCMT/data/phase2/tupac/corpus/raw/2pac-trial-day-2-reggie-wright-and-mob-james-testify-8-18-2026/2pac-trial-day-2-reggie-wright-and-mob-james-testify-8-18-2026_gozVH0bYxzY.wav | /Users/rajeshpmu/Desktop/LegalMemoCMT/data/phase2/tupac/corpus/raw/2pac-trial-day-2-reggie-wright-and-mob-james-testify-8-18-2026/2pac-trial-day-2-reggie-wright-and-mob-james-testify-8-18-2026_gozVH0bYxzY.wav,"And sir, if you please state your full || Kenneth Rios. Ken N || Uh, I was employed as a Las Vegas I",UNKNOWN,LOW,UNKNOWN
gozVH0bYxzY,,SPEAKER_29,21,125.228,2.087,125.228,0,0.000,gozVH0bYxzY_turn07241 | gozVH0bYxzY_turn07242 | gozVH0bYxzY_turn07250,03:55:04.835 -> 03:55:13.750 | 03:55:16.150 -> 03:55:25.742 | 03:56:05.641 -> 03:56:10.300,/Users/rajeshpmu/Desktop/LegalMemoCMT/data/phase2/tupac/corpus/raw/2pac-trial-day-2-reggie-wright-and-mob-james-testify-8-18-2026/2pac-trial-day-2-reggie-wright-and-mob-james-testify-8-18-2026_gozVH0bYxzY.mp4 | /Users/rajeshpmu/Desktop/LegalMemoCMT/data/phase2/tupac/corpus/raw/2pac-trial-day-2-reggie-wright-and-mob-james-testify-8-18-2026/2pac-trial-day-2-reggie-wright-and-mob-james-testify-8-18-2026_gozVH0bYxzY.mp4 | /Users/rajeshpmu/Desktop/LegalMemoCMT/data/phase2/tupac/corpus/raw/2pac-trial-day-2-reggie-wright-and-mob-james-testify-8-18-2026/2pac-trial-day-2-reggie-wright-and-mob-james-testify-8-18-2026_gozVH0bYxzY.mp4,/Users/rajeshpmu/Desktop/LegalMemoCMT/data/phase2/tupac/corpus/raw/2pac-trial-day-2-reggie-wright-and-mob-james-testify-8-18-2026/2pac-trial-day-2-reggie-wright-and-mob-james-testify-8-18-2026_gozVH0bYxzY.wav | /Users/rajeshpmu/Desktop/LegalMemoCMT/data/phase2/tupac/corpus/raw/2pac-trial-day-2-reggie-wright-and-mob-james-testify-8-18-2026/2pac-trial-day-2-reggie-wright-and-mob-james-testify-8-18-2026_gozVH0bYxzY.wav | /Users/rajeshpmu/Desktop/LegalMemoCMT/data/phase2/tupac/corpus/raw/2pac-trial-day-2-reggie-wright-and-mob-james-testify-8-18-2026/2pac-trial-day-2-reggie-wright-and-mob-james-testify-8-18-2026_gozVH0bYxzY.wav,"We'll be in recess. Thanks, guys. || Reggie, welcome back to R, man. So, I || Yeah. Yeah. So, I can't even talk to you",UNKNOWN,LOW,UNKNOWN
gozVH0bYxzY,,SPEAKER_34,20,251.338,4.189,251.338,0,0.000,gozVH0bYxzY_turn06324 | gozVH0bYxzY_turn06325 | gozVH0bYxzY_turn06326,00:43:13.774 -> 00:43:24.606 | 00:43:24.606 -> 00:43:26.263 | 00:43:26.263 -> 00:43:33.718,/Users/rajeshpmu/Desktop/LegalMemoCMT/data/phase2/tupac/corpus/raw/2pac-trial-day-2-reggie-wright-and-mob-james-testify-8-18-2026/2pac-trial-day-2-reggie-wright-and-mob-james-testify-8-18-2026_gozVH0bYxzY.mp4 | /Users/rajeshpmu/Desktop/LegalMemoCMT/data/phase2/tupac/corpus/raw/2pac-trial-day-2-reggie-wright-and-mob-james-testify-8-18-2026/2pac-trial-day-2-reggie-wright-and-mob-james-testify-8-18-2026_gozVH0bYxzY.mp4 | /Users/rajeshpmu/Desktop/LegalMemoCMT/data/phase2/tupac/corpus/raw/2pac-trial-day-2-reggie-wright-and-mob-james-testify-8-18-2026/2pac-trial-day-2-reggie-wright-and-mob-james-testify-8-18-2026_gozVH0bYxzY.mp4,/Users/rajeshpmu/Desktop/LegalMemoCMT/data/phase2/tupac/corpus/raw/2pac-trial-day-2-reggie-wright-and-mob-james-testify-8-18-2026/2pac-trial-day-2-reggie-wright-and-mob-james-testify-8-18-2026_gozVH0bYxzY.wav | /Users/rajeshpmu/Desktop/LegalMemoCMT/data/phase2/tupac/corpus/raw/2pac-trial-day-2-reggie-wright-and-mob-james-testify-8-18-2026/2pac-trial-day-2-reggie-wright-and-mob-james-testify-8-18-2026_gozVH0bYxzY.wav | /Users/rajeshpmu/Desktop/LegalMemoCMT/data/phase2/tupac/corpus/raw/2pac-trial-day-2-reggie-wright-and-mob-james-testify-8-18-2026/2pac-trial-day-2-reggie-wright-and-mob-james-testify-8-18-2026_gozVH0bYxzY.wav,"Thomas. You do songs where the testimony you're about to give in this action shall be the truth, the whole truth, and nothing but the truth to help you God. || I do. || You may be seated. May I please have you state and spell your first and last name for the record?",UNKNOWN,LOW,UNKNOWN
EA-DSbYev9I,,UNKNOWN,19,31.971,0.533,31.971,0,0.000,EA-DSbYev9I_turn00850 | EA-DSbYev9I_turn00988 | EA-DSbYev9I_turn01151,00:53:09.834 -> 00:53:10.310 | 01:13:34.527 -> 01:13:37.030 | 01:45:19.350 -> 01:45:19.512,/Users/rajeshpmu/Desktop/LegalMemoCMT/data/phase2/tupac/corpus/raw/nv-v-duane-keffe-d-davis-day-2-mob-james-reggie-wright-jr-and-the-corn/nv-v-duane-keffe-d-davis-day-2-mob-james-reggie-wright-jr-and-the-corn_EA-DSbYev9I.mp4 | /Users/rajeshpmu/Desktop/LegalMemoCMT/data/phase2/tupac/corpus/raw/nv-v-duane-keffe-d-davis-day-2-mob-james-reggie-wright-jr-and-the-corn/nv-v-duane-keffe-d-davis-day-2-mob-james-reggie-wright-jr-and-the-corn_EA-DSbYev9I.mp4 | /Users/rajeshpmu/Desktop/LegalMemoCMT/data/phase2/tupac/corpus/raw/nv-v-duane-keffe-d-davis-day-2-mob-james-reggie-wright-jr-and-the-corn/nv-v-duane-keffe-d-davis-day-2-mob-james-reggie-wright-jr-and-the-corn_EA-DSbYev9I.mp4,/Users/rajeshpmu/Desktop/LegalMemoCMT/data/phase2/tupac/corpus/raw/nv-v-duane-keffe-d-davis-day-2-mob-james-reggie-wright-jr-and-the-corn/nv-v-duane-keffe-d-davis-day-2-mob-james-reggie-wright-jr-and-the-corn_EA-DSbYev9I.wav | /Users/rajeshpmu/Desktop/LegalMemoCMT/data/phase2/tupac/corpus/raw/nv-v-duane-keffe-d-davis-day-2-mob-james-reggie-wright-jr-and-the-corn/nv-v-duane-keffe-d-davis-day-2-mob-james-reggie-wright-jr-and-the-corn_EA-DSbYev9I.wav | /Users/rajeshpmu/Desktop/LegalMemoCMT/data/phase2/tupac/corpus/raw/nv-v-duane-keffe-d-davis-day-2-mob-james-reggie-wright-jr-and-the-corn/nv-v-duane-keffe-d-davis-day-2-mob-james-reggie-wright-jr-and-the-corn_EA-DSbYev9I.wav,Correct. || Okay. || No.,UNKNOWN,LOW,UNKNOWN
Wt1h7rnCvZQ,,SPEAKER_15,19,220.326,3.672,220.326,0,0.000,Wt1h7rnCvZQ_turn03883 | Wt1h7rnCvZQ_turn03884 | Wt1h7rnCvZQ_turn03885,00:24:21.326 -> 00:24:41.471 | 00:24:41.471 -> 00:24:42.078 | 00:24:42.078 -> 00:24:52.686,/Users/rajeshpmu/Desktop/LegalMemoCMT/data/phase2/tupac/corpus/raw/live-nv-v-duane-keffe-d-davis-day-2-tupac-murder-trial/live-nv-v-duane-keffe-d-davis-day-2-tupac-murder-trial_Wt1h7rnCvZQ.mp4 | /Users/rajeshpmu/Desktop/LegalMemoCMT/data/phase2/tupac/corpus/raw/live-nv-v-duane-keffe-d-davis-day-2-tupac-murder-trial/live-nv-v-duane-keffe-d-davis-day-2-tupac-murder-trial_Wt1h7rnCvZQ.mp4 | /Users/rajeshpmu/Desktop/LegalMemoCMT/data/phase2/tupac/corpus/raw/live-nv-v-duane-keffe-d-davis-day-2-tupac-murder-trial/live-nv-v-duane-keffe-d-davis-day-2-tupac-murder-trial_Wt1h7rnCvZQ.mp4,/Users/rajeshpmu/Desktop/LegalMemoCMT/data/phase2/tupac/corpus/raw/live-nv-v-duane-keffe-d-davis-day-2-tupac-murder-trial/live-nv-v-duane-keffe-d-davis-day-2-tupac-murder-trial_Wt1h7rnCvZQ.wav | /Users/rajeshpmu/Desktop/LegalMemoCMT/data/phase2/tupac/corpus/raw/live-nv-v-duane-keffe-d-davis-day-2-tupac-murder-trial/live-nv-v-duane-keffe-d-davis-day-2-tupac-murder-trial_Wt1h7rnCvZQ.wav | /Users/rajeshpmu/Desktop/LegalMemoCMT/data/phase2/tupac/corpus/raw/live-nv-v-duane-keffe-d-davis-day-2-tupac-murder-trial/live-nv-v-duane-keffe-d-davis-day-2-tupac-murder-trial_Wt1h7rnCvZQ.wav,Um || Yes. || She expressed concern about,UNKNOWN,LOW,UNKNOWN
Wt1h7rnCvZQ,,SPEAKER_20,17,190.787,3.180,190.787,0,0.000,Wt1h7rnCvZQ_turn04017 | Wt1h7rnCvZQ_turn04018 | Wt1h7rnCvZQ_turn04019,00:38:12.552 -> 00:38:27.176 | 00:38:27.176 -> 00:38:28.770 | 00:38:28.770 -> 00:38:36.198,/Users/rajeshpmu/Desktop/LegalMemoCMT/data/phase2/tupac/corpus/raw/live-nv-v-duane-keffe-d-davis-day-2-tupac-murder-trial/live-nv-v-duane-keffe-d-davis-day-2-tupac-murder-trial_Wt1h7rnCvZQ.mp4 | /Users/rajeshpmu/Desktop/LegalMemoCMT/data/phase2/tupac/corpus/raw/live-nv-v-duane-keffe-d-davis-day-2-tupac-murder-trial/live-nv-v-duane-keffe-d-davis-day-2-tupac-murder-trial_Wt1h7rnCvZQ.mp4 | /Users/rajeshpmu/Desktop/LegalMemoCMT/data/phase2/tupac/corpus/raw/live-nv-v-duane-keffe-d-davis-day-2-tupac-murder-trial/live-nv-v-duane-keffe-d-davis-day-2-tupac-murder-trial_Wt1h7rnCvZQ.mp4,/Users/rajeshpmu/Desktop/LegalMemoCMT/data/phase2/tupac/corpus/raw/live-nv-v-duane-keffe-d-davis-day-2-tupac-murder-trial/live-nv-v-duane-keffe-d-davis-day-2-tupac-murder-trial_Wt1h7rnCvZQ.wav | /Users/rajeshpmu/Desktop/LegalMemoCMT/data/phase2/tupac/corpus/raw/live-nv-v-duane-keffe-d-davis-day-2-tupac-murder-trial/live-nv-v-duane-keffe-d-davis-day-2-tupac-murder-trial_Wt1h7rnCvZQ.wav | /Users/rajeshpmu/Desktop/LegalMemoCMT/data/phase2/tupac/corpus/raw/live-nv-v-duane-keffe-d-davis-day-2-tupac-murder-trial/live-nv-v-duane-keffe-d-davis-day-2-tupac-murder-trial_Wt1h7rnCvZQ.wav,"Thomas K. You do songs where the testimony you're about to give in this action shall be the truth, the whole truth, and nothing but the truth to help you be God. || I do. || You may be seated. May I please have you state and spell your first and last name for the record?",UNKNOWN,LOW,UNKNOWN
EA-DSbYev9I,,SPEAKER_08,14,68.715,1.145,68.715,0,0.000,EA-DSbYev9I_turn00732 | EA-DSbYev9I_turn00733 | EA-DSbYev9I_turn00734,00:37:42.332 -> 00:37:43.365 | 00:37:43.365 -> 00:37:47.673 | 00:37:47.673 -> 00:37:48.183,/Users/rajeshpmu/Desktop/LegalMemoCMT/data/phase2/tupac/corpus/raw/nv-v-duane-keffe-d-davis-day-2-mob-james-reggie-wright-jr-and-the-corn/nv-v-duane-keffe-d-davis-day-2-mob-james-reggie-wright-jr-and-the-corn_EA-DSbYev9I.mp4 | /Users/rajeshpmu/Desktop/LegalMemoCMT/data/phase2/tupac/corpus/raw/nv-v-duane-keffe-d-davis-day-2-mob-james-reggie-wright-jr-and-the-corn/nv-v-duane-keffe-d-davis-day-2-mob-james-reggie-wright-jr-and-the-corn_EA-DSbYev9I.mp4 | /Users/rajeshpmu/Desktop/LegalMemoCMT/data/phase2/tupac/corpus/raw/nv-v-duane-keffe-d-davis-day-2-mob-james-reggie-wright-jr-and-the-corn/nv-v-duane-keffe-d-davis-day-2-mob-james-reggie-wright-jr-and-the-corn_EA-DSbYev9I.mp4,/Users/rajeshpmu/Desktop/LegalMemoCMT/data/phase2/tupac/corpus/raw/nv-v-duane-keffe-d-davis-day-2-mob-james-reggie-wright-jr-and-the-corn/nv-v-duane-keffe-d-davis-day-2-mob-james-reggie-wright-jr-and-the-corn_EA-DSbYev9I.wav | /Users/rajeshpmu/Desktop/LegalMemoCMT/data/phase2/tupac/corpus/raw/nv-v-duane-keffe-d-davis-day-2-mob-james-reggie-wright-jr-and-the-corn/nv-v-duane-keffe-d-davis-day-2-mob-james-reggie-wright-jr-and-the-corn_EA-DSbYev9I.wav | /Users/rajeshpmu/Desktop/LegalMemoCMT/data/phase2/tupac/corpus/raw/nv-v-duane-keffe-d-davis-day-2-mob-james-reggie-wright-jr-and-the-corn/nv-v-duane-keffe-d-davis-day-2-mob-james-reggie-wright-jr-and-the-corn_EA-DSbYev9I.wav,We made it. || We do swear the testimony you're about || I do.,UNKNOWN,LOW,UNKNOWN
EA-DSbYev9I,,SPEAKER_12,14,98.045,1.634,98.045,0,0.000,EA-DSbYev9I_turn00739 | EA-DSbYev9I_turn00741 | EA-DSbYev9I_turn00742,00:38:02.884 -> 00:38:07.557 | 00:38:10.958 -> 00:38:13.009 | 00:38:13.009 -> 00:38:18.606,/Users/rajeshpmu/Desktop/LegalMemoCMT/data/phase2/tupac/corpus/raw/nv-v-duane-keffe-d-davis-day-2-mob-james-reggie-wright-jr-and-the-corn/nv-v-duane-keffe-d-davis-day-2-mob-james-reggie-wright-jr-and-the-corn_EA-DSbYev9I.mp4 | /Users/rajeshpmu/Desktop/LegalMemoCMT/data/phase2/tupac/corpus/raw/nv-v-duane-keffe-d-davis-day-2-mob-james-reggie-wright-jr-and-the-corn/nv-v-duane-keffe-d-davis-day-2-mob-james-reggie-wright-jr-and-the-corn_EA-DSbYev9I.mp4 | /Users/rajeshpmu/Desktop/LegalMemoCMT/data/phase2/tupac/corpus/raw/nv-v-duane-keffe-d-davis-day-2-mob-james-reggie-wright-jr-and-the-corn/nv-v-duane-keffe-d-davis-day-2-mob-james-reggie-wright-jr-and-the-corn_EA-DSbYev9I.mp4,/Users/rajeshpmu/Desktop/LegalMemoCMT/data/phase2/tupac/corpus/raw/nv-v-duane-keffe-d-davis-day-2-mob-james-reggie-wright-jr-and-the-corn/nv-v-duane-keffe-d-davis-day-2-mob-james-reggie-wright-jr-and-the-corn_EA-DSbYev9I.wav | /Users/rajeshpmu/Desktop/LegalMemoCMT/data/phase2/tupac/corpus/raw/nv-v-duane-keffe-d-davis-day-2-mob-james-reggie-wright-jr-and-the-corn/nv-v-duane-keffe-d-davis-day-2-mob-james-reggie-wright-jr-and-the-corn_EA-DSbYev9I.wav | /Users/rajeshpmu/Desktop/LegalMemoCMT/data/phase2/tupac/corpus/raw/nv-v-duane-keffe-d-davis-day-2-mob-james-reggie-wright-jr-and-the-corn/nv-v-duane-keffe-d-davis-day-2-mob-james-reggie-wright-jr-and-the-corn_EA-DSbYev9I.wav,"First name is Thomas. T H O M A S. Last || Thank you, sir. How are you currently || I work for Customs and Border Protection",UNKNOWN,LOW,UNKNOWN
EA-DSbYev9I,,SPEAKER_44,13,41.650,0.694,41.650,0,0.000,EA-DSbYev9I_turn00528 | EA-DSbYev9I_turn00544 | EA-DSbYev9I_turn01375,00:20:02.805 -> 00:20:10.310 | 00:21:00.104 -> 00:21:01.592 | 02:19:40.047 -> 02:19:43.472,/Users/rajeshpmu/Desktop/LegalMemoCMT/data/phase2/tupac/corpus/raw/nv-v-duane-keffe-d-davis-day-2-mob-james-reggie-wright-jr-and-the-corn/nv-v-duane-keffe-d-davis-day-2-mob-james-reggie-wright-jr-and-the-corn_EA-DSbYev9I.mp4 | /Users/rajeshpmu/Desktop/LegalMemoCMT/data/phase2/tupac/corpus/raw/nv-v-duane-keffe-d-davis-day-2-mob-james-reggie-wright-jr-and-the-corn/nv-v-duane-keffe-d-davis-day-2-mob-james-reggie-wright-jr-and-the-corn_EA-DSbYev9I.mp4 | /Users/rajeshpmu/Desktop/LegalMemoCMT/data/phase2/tupac/corpus/raw/nv-v-duane-keffe-d-davis-day-2-mob-james-reggie-wright-jr-and-the-corn/nv-v-duane-keffe-d-davis-day-2-mob-james-reggie-wright-jr-and-the-corn_EA-DSbYev9I.mp4,/Users/rajeshpmu/Desktop/LegalMemoCMT/data/phase2/tupac/corpus/raw/nv-v-duane-keffe-d-davis-day-2-mob-james-reggie-wright-jr-and-the-corn/nv-v-duane-keffe-d-davis-day-2-mob-james-reggie-wright-jr-and-the-corn_EA-DSbYev9I.wav | /Users/rajeshpmu/Desktop/LegalMemoCMT/data/phase2/tupac/corpus/raw/nv-v-duane-keffe-d-davis-day-2-mob-james-reggie-wright-jr-and-the-corn/nv-v-duane-keffe-d-davis-day-2-mob-james-reggie-wright-jr-and-the-corn_EA-DSbYev9I.wav | /Users/rajeshpmu/Desktop/LegalMemoCMT/data/phase2/tupac/corpus/raw/nv-v-duane-keffe-d-davis-day-2-mob-james-reggie-wright-jr-and-the-corn/nv-v-duane-keffe-d-davis-day-2-mob-james-reggie-wright-jr-and-the-corn_EA-DSbYev9I.wav,"went all through this in the other part || He's like, I don't know. It's late. || I really pages",UNKNOWN,LOW,UNKNOWN
gozVH0bYxzY,,SPEAKER_22,13,54.342,0.906,54.342,0,0.000,gozVH0bYxzY_turn06391 | gozVH0bYxzY_turn06473 | gozVH0bYxzY_turn06474,00:53:25.915 -> 00:53:29.910 | 01:07:26.755 -> 01:07:29.430 | 01:07:31.910 -> 01:07:41.044,/Users/rajeshpmu/Desktop/LegalMemoCMT/data/phase2/tupac/corpus/raw/2pac-trial-day-2-reggie-wright-and-mob-james-testify-8-18-2026/2pac-trial-day-2-reggie-wright-and-mob-james-testify-8-18-2026_gozVH0bYxzY.mp4 | /Users/rajeshpmu/Desktop/LegalMemoCMT/data/phase2/tupac/corpus/raw/2pac-trial-day-2-reggie-wright-and-mob-james-testify-8-18-2026/2pac-trial-day-2-reggie-wright-and-mob-james-testify-8-18-2026_gozVH0bYxzY.mp4 | /Users/rajeshpmu/Desktop/LegalMemoCMT/data/phase2/tupac/corpus/raw/2pac-trial-day-2-reggie-wright-and-mob-james-testify-8-18-2026/2pac-trial-day-2-reggie-wright-and-mob-james-testify-8-18-2026_gozVH0bYxzY.mp4,/Users/rajeshpmu/Desktop/LegalMemoCMT/data/phase2/tupac/corpus/raw/2pac-trial-day-2-reggie-wright-and-mob-james-testify-8-18-2026/2pac-trial-day-2-reggie-wright-and-mob-james-testify-8-18-2026_gozVH0bYxzY.wav | /Users/rajeshpmu/Desktop/LegalMemoCMT/data/phase2/tupac/corpus/raw/2pac-trial-day-2-reggie-wright-and-mob-james-testify-8-18-2026/2pac-trial-day-2-reggie-wright-and-mob-james-testify-8-18-2026_gozVH0bYxzY.wav | /Users/rajeshpmu/Desktop/LegalMemoCMT/data/phase2/tupac/corpus/raw/2pac-trial-day-2-reggie-wright-and-mob-james-testify-8-18-2026/2pac-trial-day-2-reggie-wright-and-mob-james-testify-8-18-2026_gozVH0bYxzY.wav,That's correct. || Any redirect? Mr. Good job || ma'am. Mr. Sam suggested I just want to,UNKNOWN,LOW,UNKNOWN
pvNr1jnlRpc,,SPEAKER_02,13,52.619,0.877,52.619,0,0.000,pvNr1jnlRpc_turn09489 | pvNr1jnlRpc_turn09644 | pvNr1jnlRpc_turn09789,00:00:06.025 -> 00:00:08.637 | 00:20:08.835 -> 00:20:13.732 | 00:34:14.476 -> 00:34:16.291,/Users/rajeshpmu/Desktop/LegalMemoCMT/data/phase2/tupac/corpus/raw/tupac-murder-trial-mob-james-reveals-death-row-secrets-in-explosive-te/tupac-murder-trial-mob-james-reveals-death-row-secrets-in-explosive-te_pvNr1jnlRpc.mp4 | /Users/rajeshpmu/Desktop/LegalMemoCMT/data/phase2/tupac/corpus/raw/tupac-murder-trial-mob-james-reveals-death-row-secrets-in-explosive-te/tupac-murder-trial-mob-james-reveals-death-row-secrets-in-explosive-te_pvNr1jnlRpc.mp4 | /Users/rajeshpmu/Desktop/LegalMemoCMT/data/phase2/tupac/corpus/raw/tupac-murder-trial-mob-james-reveals-death-row-secrets-in-explosive-te/tupac-murder-trial-mob-james-reveals-death-row-secrets-in-explosive-te_pvNr1jnlRpc.mp4,/Users/rajeshpmu/Desktop/LegalMemoCMT/data/phase2/tupac/corpus/raw/tupac-murder-trial-mob-james-reveals-death-row-secrets-in-explosive-te/tupac-murder-trial-mob-james-reveals-death-row-secrets-in-explosive-te_pvNr1jnlRpc.wav | /Users/rajeshpmu/Desktop/LegalMemoCMT/data/phase2/tupac/corpus/raw/tupac-murder-trial-mob-james-reveals-death-row-secrets-in-explosive-te/tupac-murder-trial-mob-james-reveals-death-row-secrets-in-explosive-te_pvNr1jnlRpc.wav | /Users/rajeshpmu/Desktop/LegalMemoCMT/data/phase2/tupac/corpus/raw/tupac-murder-trial-mob-james-reveals-death-row-secrets-in-explosive-te/tupac-murder-trial-mob-james-reveals-death-row-secrets-in-explosive-te_pvNr1jnlRpc.wav,"Thank you, Mr. McDonald. Uh Mr. Powell, || Okay. || No further questions, done.",UNKNOWN,LOW,UNKNOWN
DiurriBQxVs,,UNKNOWN,12,139.143,2.319,139.143,0,0.000,DiurriBQxVs_turn00002 | DiurriBQxVs_turn00114 | DiurriBQxVs_turn00116,00:00:05.338 -> 00:00:06.230 | 00:11:41.095 -> 00:11:42.750 | 00:11:45.924 -> 00:11:46.790,/Users/rajeshpmu/Desktop/LegalMemoCMT/data/phase2/tupac/corpus/raw/keefe-d-s-lawyer-cross-exams-ex-suge-knight-security-reggie-wright-abo/keefe-d-s-lawyer-cross-exams-ex-suge-knight-security-reggie-wright-abo_DiurriBQxVs.mp4 | /Users/rajeshpmu/Desktop/LegalMemoCMT/data/phase2/tupac/corpus/raw/keefe-d-s-lawyer-cross-exams-ex-suge-knight-security-reggie-wright-abo/keefe-d-s-lawyer-cross-exams-ex-suge-knight-security-reggie-wright-abo_DiurriBQxVs.mp4 | /Users/rajeshpmu/Desktop/LegalMemoCMT/data/phase2/tupac/corpus/raw/keefe-d-s-lawyer-cross-exams-ex-suge-knight-security-reggie-wright-abo/keefe-d-s-lawyer-cross-exams-ex-suge-knight-security-reggie-wright-abo_DiurriBQxVs.mp4,/Users/rajeshpmu/Desktop/LegalMemoCMT/data/phase2/tupac/corpus/raw/keefe-d-s-lawyer-cross-exams-ex-suge-knight-security-reggie-wright-abo/keefe-d-s-lawyer-cross-exams-ex-suge-knight-security-reggie-wright-abo_DiurriBQxVs.wav | /Users/rajeshpmu/Desktop/LegalMemoCMT/data/phase2/tupac/corpus/raw/keefe-d-s-lawyer-cross-exams-ex-suge-knight-security-reggie-wright-abo/keefe-d-s-lawyer-cross-exams-ex-suge-knight-security-reggie-wright-abo_DiurriBQxVs.wav | /Users/rajeshpmu/Desktop/LegalMemoCMT/data/phase2/tupac/corpus/raw/keefe-d-s-lawyer-cross-exams-ex-suge-knight-security-reggie-wright-abo/keefe-d-s-lawyer-cross-exams-ex-suge-knight-security-reggie-wright-abo_DiurriBQxVs.wav,"Uh no, sir. || Yep. || You may.",UNKNOWN,LOW,UNKNOWN
EA-DSbYev9I,,SPEAKER_21,12,52.533,0.876,52.533,0,0.000,EA-DSbYev9I_turn00724 | EA-DSbYev9I_turn02493 | EA-DSbYev9I_turn02494,00:35:23.435 -> 00:35:29.670 | 05:32:54.910 -> 05:32:57.262 | 05:32:57.262 -> 05:33:00.456,/Users/rajeshpmu/Desktop/LegalMemoCMT/data/phase2/tupac/corpus/raw/nv-v-duane-keffe-d-davis-day-2-mob-james-reggie-wright-jr-and-the-corn/nv-v-duane-keffe-d-davis-day-2-mob-james-reggie-wright-jr-and-the-corn_EA-DSbYev9I.mp4 | /Users/rajeshpmu/Desktop/LegalMemoCMT/data/phase2/tupac/corpus/raw/nv-v-duane-keffe-d-davis-day-2-mob-james-reggie-wright-jr-and-the-corn/nv-v-duane-keffe-d-davis-day-2-mob-james-reggie-wright-jr-and-the-corn_EA-DSbYev9I.mp4 | /Users/rajeshpmu/Desktop/LegalMemoCMT/data/phase2/tupac/corpus/raw/nv-v-duane-keffe-d-davis-day-2-mob-james-reggie-wright-jr-and-the-corn/nv-v-duane-keffe-d-davis-day-2-mob-james-reggie-wright-jr-and-the-corn_EA-DSbYev9I.mp4,/Users/rajeshpmu/Desktop/LegalMemoCMT/data/phase2/tupac/corpus/raw/nv-v-duane-keffe-d-davis-day-2-mob-james-reggie-wright-jr-and-the-corn/nv-v-duane-keffe-d-davis-day-2-mob-james-reggie-wright-jr-and-the-corn_EA-DSbYev9I.wav | /Users/rajeshpmu/Desktop/LegalMemoCMT/data/phase2/tupac/corpus/raw/nv-v-duane-keffe-d-davis-day-2-mob-james-reggie-wright-jr-and-the-corn/nv-v-duane-keffe-d-davis-day-2-mob-james-reggie-wright-jr-and-the-corn_EA-DSbYev9I.wav | /Users/rajeshpmu/Desktop/LegalMemoCMT/data/phase2/tupac/corpus/raw/nv-v-duane-keffe-d-davis-day-2-mob-james-reggie-wright-jr-and-the-corn/nv-v-duane-keffe-d-davis-day-2-mob-james-reggie-wright-jr-and-the-corn_EA-DSbYev9I.wav,Okay. You want another talk? Okay. || Who question to you? || He asked him that question. Shut up.,UNKNOWN,LOW,UNKNOWN
EA-DSbYev9I,,SPEAKER_43,12,51.692,0.862,51.692,0,0.000,EA-DSbYev9I_turn00545 | EA-DSbYev9I_turn00580 | EA-DSbYev9I_turn00655,00:21:01.592 -> 00:21:02.183 | 00:23:35.188 -> 00:23:37.274 | 00:28:48.461 -> 00:28:59.909,/Users/rajeshpmu/Desktop/LegalMemoCMT/data/phase2/tupac/corpus/raw/nv-v-duane-keffe-d-davis-day-2-mob-james-reggie-wright-jr-and-the-corn/nv-v-duane-keffe-d-davis-day-2-mob-james-reggie-wright-jr-and-the-corn_EA-DSbYev9I.mp4 | /Users/rajeshpmu/Desktop/LegalMemoCMT/data/phase2/tupac/corpus/raw/nv-v-duane-keffe-d-davis-day-2-mob-james-reggie-wright-jr-and-the-corn/nv-v-duane-keffe-d-davis-day-2-mob-james-reggie-wright-jr-and-the-corn_EA-DSbYev9I.mp4 | /Users/rajeshpmu/Desktop/LegalMemoCMT/data/phase2/tupac/corpus/raw/nv-v-duane-keffe-d-davis-day-2-mob-james-reggie-wright-jr-and-the-corn/nv-v-duane-keffe-d-davis-day-2-mob-james-reggie-wright-jr-and-the-corn_EA-DSbYev9I.mp4,/Users/rajeshpmu/Desktop/LegalMemoCMT/data/phase2/tupac/corpus/raw/nv-v-duane-keffe-d-davis-day-2-mob-james-reggie-wright-jr-and-the-corn/nv-v-duane-keffe-d-davis-day-2-mob-james-reggie-wright-jr-and-the-corn_EA-DSbYev9I.wav | /Users/rajeshpmu/Desktop/LegalMemoCMT/data/phase2/tupac/corpus/raw/nv-v-duane-keffe-d-davis-day-2-mob-james-reggie-wright-jr-and-the-corn/nv-v-duane-keffe-d-davis-day-2-mob-james-reggie-wright-jr-and-the-corn_EA-DSbYev9I.wav | /Users/rajeshpmu/Desktop/LegalMemoCMT/data/phase2/tupac/corpus/raw/nv-v-duane-keffe-d-davis-day-2-mob-james-reggie-wright-jr-and-the-corn/nv-v-duane-keffe-d-davis-day-2-mob-james-reggie-wright-jr-and-the-corn_EA-DSbYev9I.wav,"2:30. || I don't know what party that was. || Yeah. He was he was tall, about 6'4,",UNKNOWN,LOW,UNKNOWN
Wt1h7rnCvZQ,,SPEAKER_06,12,75.174,1.253,75.174,0,0.000,Wt1h7rnCvZQ_turn05461 | Wt1h7rnCvZQ_turn05538 | Wt1h7rnCvZQ_turn05540,06:10:24.037 -> 06:10:40.995 | 06:21:09.232 -> 06:21:17.590 | 06:23:52.070 -> 06:24:03.155,/Users/rajeshpmu/Desktop/LegalMemoCMT/data/phase2/tupac/corpus/raw/live-nv-v-duane-keffe-d-davis-day-2-tupac-murder-trial/live-nv-v-duane-keffe-d-davis-day-2-tupac-murder-trial_Wt1h7rnCvZQ.mp4 | /Users/rajeshpmu/Desktop/LegalMemoCMT/data/phase2/tupac/corpus/raw/live-nv-v-duane-keffe-d-davis-day-2-tupac-murder-trial/live-nv-v-duane-keffe-d-davis-day-2-tupac-murder-trial_Wt1h7rnCvZQ.mp4 | /Users/rajeshpmu/Desktop/LegalMemoCMT/data/phase2/tupac/corpus/raw/live-nv-v-duane-keffe-d-davis-day-2-tupac-murder-trial/live-nv-v-duane-keffe-d-davis-day-2-tupac-murder-trial_Wt1h7rnCvZQ.mp4,/Users/rajeshpmu/Desktop/LegalMemoCMT/data/phase2/tupac/corpus/raw/live-nv-v-duane-keffe-d-davis-day-2-tupac-murder-trial/live-nv-v-duane-keffe-d-davis-day-2-tupac-murder-trial_Wt1h7rnCvZQ.wav | /Users/rajeshpmu/Desktop/LegalMemoCMT/data/phase2/tupac/corpus/raw/live-nv-v-duane-keffe-d-davis-day-2-tupac-murder-trial/live-nv-v-duane-keffe-d-davis-day-2-tupac-murder-trial_Wt1h7rnCvZQ.wav | /Users/rajeshpmu/Desktop/LegalMemoCMT/data/phase2/tupac/corpus/raw/live-nv-v-duane-keffe-d-davis-day-2-tupac-murder-trial/live-nv-v-duane-keffe-d-davis-day-2-tupac-murder-trial_Wt1h7rnCvZQ.wav,"I got you. Commission honorable Mr. Brooks. || Actually, can we show uh 115? Actually, || I'll show it to you up close, Mr. Right,",UNKNOWN,LOW,UNKNOWN
gozVH0bYxzY,,SPEAKER_16,12,224.935,3.749,224.935,0,0.000,gozVH0bYxzY_turn07278 | gozVH0bYxzY_turn07899 | gozVH0bYxzY_turn07942,03:58:39.547 -> 03:58:45.102 | 06:19:32.001 -> 06:19:35.037 | 06:25:10.230 -> 06:25:13.833,/Users/rajeshpmu/Desktop/LegalMemoCMT/data/phase2/tupac/corpus/raw/2pac-trial-day-2-reggie-wright-and-mob-james-testify-8-18-2026/2pac-trial-day-2-reggie-wright-and-mob-james-testify-8-18-2026_gozVH0bYxzY.mp4 | /Users/rajeshpmu/Desktop/LegalMemoCMT/data/phase2/tupac/corpus/raw/2pac-trial-day-2-reggie-wright-and-mob-james-testify-8-18-2026/2pac-trial-day-2-reggie-wright-and-mob-james-testify-8-18-2026_gozVH0bYxzY.mp4 | /Users/rajeshpmu/Desktop/LegalMemoCMT/data/phase2/tupac/corpus/raw/2pac-trial-day-2-reggie-wright-and-mob-james-testify-8-18-2026/2pac-trial-day-2-reggie-wright-and-mob-james-testify-8-18-2026_gozVH0bYxzY.mp4,/Users/rajeshpmu/Desktop/LegalMemoCMT/data/phase2/tupac/corpus/raw/2pac-trial-day-2-reggie-wright-and-mob-james-testify-8-18-2026/2pac-trial-day-2-reggie-wright-and-mob-james-testify-8-18-2026_gozVH0bYxzY.wav | /Users/rajeshpmu/Desktop/LegalMemoCMT/data/phase2/tupac/corpus/raw/2pac-trial-day-2-reggie-wright-and-mob-james-testify-8-18-2026/2pac-trial-day-2-reggie-wright-and-mob-james-testify-8-18-2026_gozVH0bYxzY.wav | /Users/rajeshpmu/Desktop/LegalMemoCMT/data/phase2/tupac/corpus/raw/2pac-trial-day-2-reggie-wright-and-mob-james-testify-8-18-2026/2pac-trial-day-2-reggie-wright-and-mob-james-testify-8-18-2026_gozVH0bYxzY.wav,"Uh to go with my fit, I want the gold || and was Mr. Moore also a member of || to James.",UNKNOWN,LOW,UNKNOWN
EA-DSbYev9I,,SPEAKER_06,11,25.164,0.419,25.164,0,0.000,EA-DSbYev9I_turn01449 | EA-DSbYev9I_turn01450 | EA-DSbYev9I_turn01451,02:42:41.307 -> 02:42:41.755 | 02:42:41.755 -> 02:42:42.813 | 02:42:42.813 -> 02:42:48.595,/Users/rajeshpmu/Desktop/LegalMemoCMT/data/phase2/tupac/corpus/raw/nv-v-duane-keffe-d-davis-day-2-mob-james-reggie-wright-jr-and-the-corn/nv-v-duane-keffe-d-davis-day-2-mob-james-reggie-wright-jr-and-the-corn_EA-DSbYev9I.mp4 | /Users/rajeshpmu/Desktop/LegalMemoCMT/data/phase2/tupac/corpus/raw/nv-v-duane-keffe-d-davis-day-2-mob-james-reggie-wright-jr-and-the-corn/nv-v-duane-keffe-d-davis-day-2-mob-james-reggie-wright-jr-and-the-corn_EA-DSbYev9I.mp4 | /Users/rajeshpmu/Desktop/LegalMemoCMT/data/phase2/tupac/corpus/raw/nv-v-duane-keffe-d-davis-day-2-mob-james-reggie-wright-jr-and-the-corn/nv-v-duane-keffe-d-davis-day-2-mob-james-reggie-wright-jr-and-the-corn_EA-DSbYev9I.mp4,/Users/rajeshpmu/Desktop/LegalMemoCMT/data/phase2/tupac/corpus/raw/nv-v-duane-keffe-d-davis-day-2-mob-james-reggie-wright-jr-and-the-corn/nv-v-duane-keffe-d-davis-day-2-mob-james-reggie-wright-jr-and-the-corn_EA-DSbYev9I.wav | /Users/rajeshpmu/Desktop/LegalMemoCMT/data/phase2/tupac/corpus/raw/nv-v-duane-keffe-d-davis-day-2-mob-james-reggie-wright-jr-and-the-corn/nv-v-duane-keffe-d-davis-day-2-mob-james-reggie-wright-jr-and-the-corn_EA-DSbYev9I.wav | /Users/rajeshpmu/Desktop/LegalMemoCMT/data/phase2/tupac/corpus/raw/nv-v-duane-keffe-d-davis-day-2-mob-james-reggie-wright-jr-and-the-corn/nv-v-duane-keffe-d-davis-day-2-mob-james-reggie-wright-jr-and-the-corn_EA-DSbYev9I.wav,"All right. || Good morning, sir. || Good morning. Please swear to affirm the",UNKNOWN,LOW,UNKNOWN
EA-DSbYev9I,,SPEAKER_34,11,17.393,0.290,17.393,0,0.000,EA-DSbYev9I_turn00725 | EA-DSbYev9I_turn00743 | EA-DSbYev9I_turn02038,00:35:47.430 -> 00:35:50.495 | 00:38:18.606 -> 00:38:19.111 | 04:18:10.471 -> 04:18:12.119,/Users/rajeshpmu/Desktop/LegalMemoCMT/data/phase2/tupac/corpus/raw/nv-v-duane-keffe-d-davis-day-2-mob-james-reggie-wright-jr-and-the-corn/nv-v-duane-keffe-d-davis-day-2-mob-james-reggie-wright-jr-and-the-corn_EA-DSbYev9I.mp4 | /Users/rajeshpmu/Desktop/LegalMemoCMT/data/phase2/tupac/corpus/raw/nv-v-duane-keffe-d-davis-day-2-mob-james-reggie-wright-jr-and-the-corn/nv-v-duane-keffe-d-davis-day-2-mob-james-reggie-wright-jr-and-the-corn_EA-DSbYev9I.mp4 | /Users/rajeshpmu/Desktop/LegalMemoCMT/data/phase2/tupac/corpus/raw/nv-v-duane-keffe-d-davis-day-2-mob-james-reggie-wright-jr-and-the-corn/nv-v-duane-keffe-d-davis-day-2-mob-james-reggie-wright-jr-and-the-corn_EA-DSbYev9I.mp4,/Users/rajeshpmu/Desktop/LegalMemoCMT/data/phase2/tupac/corpus/raw/nv-v-duane-keffe-d-davis-day-2-mob-james-reggie-wright-jr-and-the-corn/nv-v-duane-keffe-d-davis-day-2-mob-james-reggie-wright-jr-and-the-corn_EA-DSbYev9I.wav | /Users/rajeshpmu/Desktop/LegalMemoCMT/data/phase2/tupac/corpus/raw/nv-v-duane-keffe-d-davis-day-2-mob-james-reggie-wright-jr-and-the-corn/nv-v-duane-keffe-d-davis-day-2-mob-james-reggie-wright-jr-and-the-corn_EA-DSbYev9I.wav | /Users/rajeshpmu/Desktop/LegalMemoCMT/data/phase2/tupac/corpus/raw/nv-v-duane-keffe-d-davis-day-2-mob-james-reggie-wright-jr-and-the-corn/nv-v-duane-keffe-d-davis-day-2-mob-james-reggie-wright-jr-and-the-corn_EA-DSbYev9I.wav,"Okay, they're just wrapping up. Thank || Fingerprints. || Defense to",UNKNOWN,LOW,UNKNOWN
gozVH0bYxzY,,SPEAKER_14,11,96.798,1.613,96.798,0,0.000,gozVH0bYxzY_turn06327 | gozVH0bYxzY_turn06329 | gozVH0bYxzY_turn06330,00:43:33.718 -> 00:43:38.480 | 00:43:42.149 -> 00:43:43.969 | 00:43:43.969 -> 00:43:50.100,/Users/rajeshpmu/Desktop/LegalMemoCMT/data/phase2/tupac/corpus/raw/2pac-trial-day-2-reggie-wright-and-mob-james-testify-8-18-2026/2pac-trial-day-2-reggie-wright-and-mob-james-testify-8-18-2026_gozVH0bYxzY.mp4 | /Users/rajeshpmu/Desktop/LegalMemoCMT/data/phase2/tupac/corpus/raw/2pac-trial-day-2-reggie-wright-and-mob-james-testify-8-18-2026/2pac-trial-day-2-reggie-wright-and-mob-james-testify-8-18-2026_gozVH0bYxzY.mp4 | /Users/rajeshpmu/Desktop/LegalMemoCMT/data/phase2/tupac/corpus/raw/2pac-trial-day-2-reggie-wright-and-mob-james-testify-8-18-2026/2pac-trial-day-2-reggie-wright-and-mob-james-testify-8-18-2026_gozVH0bYxzY.mp4,/Users/rajeshpmu/Desktop/LegalMemoCMT/data/phase2/tupac/corpus/raw/2pac-trial-day-2-reggie-wright-and-mob-james-testify-8-18-2026/2pac-trial-day-2-reggie-wright-and-mob-james-testify-8-18-2026_gozVH0bYxzY.wav | /Users/rajeshpmu/Desktop/LegalMemoCMT/data/phase2/tupac/corpus/raw/2pac-trial-day-2-reggie-wright-and-mob-james-testify-8-18-2026/2pac-trial-day-2-reggie-wright-and-mob-james-testify-8-18-2026_gozVH0bYxzY.wav | /Users/rajeshpmu/Desktop/LegalMemoCMT/data/phase2/tupac/corpus/raw/2pac-trial-day-2-reggie-wright-and-mob-james-testify-8-18-2026/2pac-trial-day-2-reggie-wright-and-mob-james-testify-8-18-2026_gozVH0bYxzY.wav,"First name is Thomas. T H O M A S. Last || Thank you, sir. How are you currently || I work for Customs and Border Protection",UNKNOWN,LOW,UNKNOWN
gozVH0bYxzY,,SPEAKER_31,11,53.767,0.896,53.767,0,0.000,gozVH0bYxzY_turn06790 | gozVH0bYxzY_turn06791 | gozVH0bYxzY_turn06792,02:26:58.217 -> 02:26:58.917 | 02:26:58.917 -> 02:27:04.844 | 02:27:04.844 -> 02:27:07.207,/Users/rajeshpmu/Desktop/LegalMemoCMT/data/phase2/tupac/corpus/raw/2pac-trial-day-2-reggie-wright-and-mob-james-testify-8-18-2026/2pac-trial-day-2-reggie-wright-and-mob-james-testify-8-18-2026_gozVH0bYxzY.mp4 | /Users/rajeshpmu/Desktop/LegalMemoCMT/data/phase2/tupac/corpus/raw/2pac-trial-day-2-reggie-wright-and-mob-james-testify-8-18-2026/2pac-trial-day-2-reggie-wright-and-mob-james-testify-8-18-2026_gozVH0bYxzY.mp4 | /Users/rajeshpmu/Desktop/LegalMemoCMT/data/phase2/tupac/corpus/raw/2pac-trial-day-2-reggie-wright-and-mob-james-testify-8-18-2026/2pac-trial-day-2-reggie-wright-and-mob-james-testify-8-18-2026_gozVH0bYxzY.mp4,/Users/rajeshpmu/Desktop/LegalMemoCMT/data/phase2/tupac/corpus/raw/2pac-trial-day-2-reggie-wright-and-mob-james-testify-8-18-2026/2pac-trial-day-2-reggie-wright-and-mob-james-testify-8-18-2026_gozVH0bYxzY.wav | /Users/rajeshpmu/Desktop/LegalMemoCMT/data/phase2/tupac/corpus/raw/2pac-trial-day-2-reggie-wright-and-mob-james-testify-8-18-2026/2pac-trial-day-2-reggie-wright-and-mob-james-testify-8-18-2026_gozVH0bYxzY.wav | /Users/rajeshpmu/Desktop/LegalMemoCMT/data/phase2/tupac/corpus/raw/2pac-trial-day-2-reggie-wright-and-mob-james-testify-8-18-2026/2pac-trial-day-2-reggie-wright-and-mob-james-testify-8-18-2026_gozVH0bYxzY.wav,Good morning. || Please swear affirm the testimony you're || Thank you. You may be seated.,UNKNOWN,LOW,UNKNOWN
nEzTBJWiyqM,,SPEAKER_00,11,97.499,1.625,97.499,0,0.000,nEzTBJWiyqM_turn09310 | nEzTBJWiyqM_turn09311 | nEzTBJWiyqM_turn09455,00:00:08.536 -> 00:00:09.597 | 00:00:09.597 -> 00:00:16.673 | 00:18:27.805 -> 00:18:32.230,/Users/rajeshpmu/Desktop/LegalMemoCMT/data/phase2/tupac/corpus/raw/tupac-murder-trial-doctor-reveals-details-from-tupac-shakur-s-1996-aut/tupac-murder-trial-doctor-reveals-details-from-tupac-shakur-s-1996-aut_nEzTBJWiyqM.mp4 | /Users/rajeshpmu/Desktop/LegalMemoCMT/data/phase2/tupac/corpus/raw/tupac-murder-trial-doctor-reveals-details-from-tupac-shakur-s-1996-aut/tupac-murder-trial-doctor-reveals-details-from-tupac-shakur-s-1996-aut_nEzTBJWiyqM.mp4 | /Users/rajeshpmu/Desktop/LegalMemoCMT/data/phase2/tupac/corpus/raw/tupac-murder-trial-doctor-reveals-details-from-tupac-shakur-s-1996-aut/tupac-murder-trial-doctor-reveals-details-from-tupac-shakur-s-1996-aut_nEzTBJWiyqM.mp4,/Users/rajeshpmu/Desktop/LegalMemoCMT/data/phase2/tupac/corpus/raw/tupac-murder-trial-doctor-reveals-details-from-tupac-shakur-s-1996-aut/tupac-murder-trial-doctor-reveals-details-from-tupac-shakur-s-1996-aut_nEzTBJWiyqM.wav | /Users/rajeshpmu/Desktop/LegalMemoCMT/data/phase2/tupac/corpus/raw/tupac-murder-trial-doctor-reveals-details-from-tupac-shakur-s-1996-aut/tupac-murder-trial-doctor-reveals-details-from-tupac-shakur-s-1996-aut_nEzTBJWiyqM.wav | /Users/rajeshpmu/Desktop/LegalMemoCMT/data/phase2/tupac/corpus/raw/tupac-murder-trial-doctor-reveals-details-from-tupac-shakur-s-1996-aut/tupac-murder-trial-doctor-reveals-details-from-tupac-shakur-s-1996-aut_nEzTBJWiyqM.wav,"I do. || You may be seated. May I please have you state and spell your first and last name for the record? || Any redirect, Mr. Shakur Shakur?",UNKNOWN,LOW,UNKNOWN
EA-DSbYev9I,,SPEAKER_38,10,49.516,0.825,49.516,0,0.000,EA-DSbYev9I_turn00833 | EA-DSbYev9I_turn01111 | EA-DSbYev9I_turn01654,00:50:27.912 -> 00:50:31.647 | 01:37:11.137 -> 01:37:13.276 | 03:02:44.361 -> 03:02:52.212,/Users/rajeshpmu/Desktop/LegalMemoCMT/data/phase2/tupac/corpus/raw/nv-v-duane-keffe-d-davis-day-2-mob-james-reggie-wright-jr-and-the-corn/nv-v-duane-keffe-d-davis-day-2-mob-james-reggie-wright-jr-and-the-corn_EA-DSbYev9I.mp4 | /Users/rajeshpmu/Desktop/LegalMemoCMT/data/phase2/tupac/corpus/raw/nv-v-duane-keffe-d-davis-day-2-mob-james-reggie-wright-jr-and-the-corn/nv-v-duane-keffe-d-davis-day-2-mob-james-reggie-wright-jr-and-the-corn_EA-DSbYev9I.mp4 | /Users/rajeshpmu/Desktop/LegalMemoCMT/data/phase2/tupac/corpus/raw/nv-v-duane-keffe-d-davis-day-2-mob-james-reggie-wright-jr-and-the-corn/nv-v-duane-keffe-d-davis-day-2-mob-james-reggie-wright-jr-and-the-corn_EA-DSbYev9I.mp4,/Users/rajeshpmu/Desktop/LegalMemoCMT/data/phase2/tupac/corpus/raw/nv-v-duane-keffe-d-davis-day-2-mob-james-reggie-wright-jr-and-the-corn/nv-v-duane-keffe-d-davis-day-2-mob-james-reggie-wright-jr-and-the-corn_EA-DSbYev9I.wav | /Users/rajeshpmu/Desktop/LegalMemoCMT/data/phase2/tupac/corpus/raw/nv-v-duane-keffe-d-davis-day-2-mob-james-reggie-wright-jr-and-the-corn/nv-v-duane-keffe-d-davis-day-2-mob-james-reggie-wright-jr-and-the-corn_EA-DSbYev9I.wav | /Users/rajeshpmu/Desktop/LegalMemoCMT/data/phase2/tupac/corpus/raw/nv-v-duane-keffe-d-davis-day-2-mob-james-reggie-wright-jr-and-the-corn/nv-v-duane-keffe-d-davis-day-2-mob-james-reggie-wright-jr-and-the-corn_EA-DSbYev9I.wav,That's correct. 45. || 2055 or so. || One. You want two?,UNKNOWN,LOW,UNKNOWN
EA-DSbYev9I,,SPEAKER_47,10,54.294,0.905,54.294,0,0.000,EA-DSbYev9I_turn00671 | EA-DSbYev9I_turn01125 | EA-DSbYev9I_turn01335,00:30:05.457 -> 00:30:08.845 | 01:41:08.950 -> 01:41:16.804 | 02:12:51.611 -> 02:12:59.887,/Users/rajeshpmu/Desktop/LegalMemoCMT/data/phase2/tupac/corpus/raw/nv-v-duane-keffe-d-davis-day-2-mob-james-reggie-wright-jr-and-the-corn/nv-v-duane-keffe-d-davis-day-2-mob-james-reggie-wright-jr-and-the-corn_EA-DSbYev9I.mp4 | /Users/rajeshpmu/Desktop/LegalMemoCMT/data/phase2/tupac/corpus/raw/nv-v-duane-keffe-d-davis-day-2-mob-james-reggie-wright-jr-and-the-corn/nv-v-duane-keffe-d-davis-day-2-mob-james-reggie-wright-jr-and-the-corn_EA-DSbYev9I.mp4 | /Users/rajeshpmu/Desktop/LegalMemoCMT/data/phase2/tupac/corpus/raw/nv-v-duane-keffe-d-davis-day-2-mob-james-reggie-wright-jr-and-the-corn/nv-v-duane-keffe-d-davis-day-2-mob-james-reggie-wright-jr-and-the-corn_EA-DSbYev9I.mp4,/Users/rajeshpmu/Desktop/LegalMemoCMT/data/phase2/tupac/corpus/raw/nv-v-duane-keffe-d-davis-day-2-mob-james-reggie-wright-jr-and-the-corn/nv-v-duane-keffe-d-davis-day-2-mob-james-reggie-wright-jr-and-the-corn_EA-DSbYev9I.wav | /Users/rajeshpmu/Desktop/LegalMemoCMT/data/phase2/tupac/corpus/raw/nv-v-duane-keffe-d-davis-day-2-mob-james-reggie-wright-jr-and-the-corn/nv-v-duane-keffe-d-davis-day-2-mob-james-reggie-wright-jr-and-the-corn_EA-DSbYev9I.wav | /Users/rajeshpmu/Desktop/LegalMemoCMT/data/phase2/tupac/corpus/raw/nv-v-duane-keffe-d-davis-day-2-mob-james-reggie-wright-jr-and-the-corn/nv-v-duane-keffe-d-davis-day-2-mob-james-reggie-wright-jr-and-the-corn_EA-DSbYev9I.wav,"So it was about 10 minutes. Yeah, it was || Excuse me. They're going out to the || Okay. So, it's",UNKNOWN,LOW,UNKNOWN
Wt1h7rnCvZQ,,SPEAKER_02,10,72.424,1.207,72.424,0,0.000,Wt1h7rnCvZQ_turn04495 | Wt1h7rnCvZQ_turn04496 | Wt1h7rnCvZQ_turn04497,02:22:00.778 -> 02:22:01.438 | 02:22:01.438 -> 02:22:07.868 | 02:22:07.868 -> 02:22:09.767,/Users/rajeshpmu/Desktop/LegalMemoCMT/data/phase2/tupac/corpus/raw/live-nv-v-duane-keffe-d-davis-day-2-tupac-murder-trial/live-nv-v-duane-keffe-d-davis-day-2-tupac-murder-trial_Wt1h7rnCvZQ.mp4 | /Users/rajeshpmu/Desktop/LegalMemoCMT/data/phase2/tupac/corpus/raw/live-nv-v-duane-keffe-d-davis-day-2-tupac-murder-trial/live-nv-v-duane-keffe-d-davis-day-2-tupac-murder-trial_Wt1h7rnCvZQ.mp4 | /Users/rajeshpmu/Desktop/LegalMemoCMT/data/phase2/tupac/corpus/raw/live-nv-v-duane-keffe-d-davis-day-2-tupac-murder-trial/live-nv-v-duane-keffe-d-davis-day-2-tupac-murder-trial_Wt1h7rnCvZQ.mp4,/Users/rajeshpmu/Desktop/LegalMemoCMT/data/phase2/tupac/corpus/raw/live-nv-v-duane-keffe-d-davis-day-2-tupac-murder-trial/live-nv-v-duane-keffe-d-davis-day-2-tupac-murder-trial_Wt1h7rnCvZQ.wav | /Users/rajeshpmu/Desktop/LegalMemoCMT/data/phase2/tupac/corpus/raw/live-nv-v-duane-keffe-d-davis-day-2-tupac-murder-trial/live-nv-v-duane-keffe-d-davis-day-2-tupac-murder-trial_Wt1h7rnCvZQ.wav | /Users/rajeshpmu/Desktop/LegalMemoCMT/data/phase2/tupac/corpus/raw/live-nv-v-duane-keffe-d-davis-day-2-tupac-murder-trial/live-nv-v-duane-keffe-d-davis-day-2-tupac-murder-trial_Wt1h7rnCvZQ.wav,Good morning. || Please swear to affirm the testimony || Thank you. You may be seated.,UNKNOWN,LOW,UNKNOWN
lOcZ_IJbM3I,,SPEAKER_11,10,69.037,1.151,69.037,0,0.000,lOcZ_IJbM3I_turn08652 | lOcZ_IJbM3I_turn08658 | lOcZ_IJbM3I_turn08659,00:33:53.877 -> 00:33:54.467 | 00:34:21.300 -> 00:34:35.304 | 00:34:35.304 -> 00:34:35.615,/Users/rajeshpmu/Desktop/LegalMemoCMT/data/phase2/tupac/corpus/raw/reggie-wright-jr-full-testimony-in-tupac-murder-trial/reggie-wright-jr-full-testimony-in-tupac-murder-trial_lOcZ_IJbM3I.mp4 | /Users/rajeshpmu/Desktop/LegalMemoCMT/data/phase2/tupac/corpus/raw/reggie-wright-jr-full-testimony-in-tupac-murder-trial/reggie-wright-jr-full-testimony-in-tupac-murder-trial_lOcZ_IJbM3I.mp4 | /Users/rajeshpmu/Desktop/LegalMemoCMT/data/phase2/tupac/corpus/raw/reggie-wright-jr-full-testimony-in-tupac-murder-trial/reggie-wright-jr-full-testimony-in-tupac-murder-trial_lOcZ_IJbM3I.mp4,/Users/rajeshpmu/Desktop/LegalMemoCMT/data/phase2/tupac/corpus/raw/reggie-wright-jr-full-testimony-in-tupac-murder-trial/reggie-wright-jr-full-testimony-in-tupac-murder-trial_lOcZ_IJbM3I.wav | /Users/rajeshpmu/Desktop/LegalMemoCMT/data/phase2/tupac/corpus/raw/reggie-wright-jr-full-testimony-in-tupac-murder-trial/reggie-wright-jr-full-testimony-in-tupac-murder-trial_lOcZ_IJbM3I.wav | /Users/rajeshpmu/Desktop/LegalMemoCMT/data/phase2/tupac/corpus/raw/reggie-wright-jr-full-testimony-in-tupac-murder-trial/reggie-wright-jr-full-testimony-in-tupac-murder-trial_lOcZ_IJbM3I.wav,Okay. || I got you. Which button are you on? Not a published button. || Okay.,UNKNOWN,LOW,UNKNOWN
DiurriBQxVs,,SPEAKER_03,9,44.380,0.740,44.380,0,0.000,DiurriBQxVs_turn00304 | DiurriBQxVs_turn00306 | DiurriBQxVs_turn00308,00:31:59.773 -> 00:32:04.840 | 00:32:07.701 -> 00:32:09.016 | 00:32:09.487 -> 00:32:09.783,/Users/rajeshpmu/Desktop/LegalMemoCMT/data/phase2/tupac/corpus/raw/keefe-d-s-lawyer-cross-exams-ex-suge-knight-security-reggie-wright-abo/keefe-d-s-lawyer-cross-exams-ex-suge-knight-security-reggie-wright-abo_DiurriBQxVs.mp4 | /Users/rajeshpmu/Desktop/LegalMemoCMT/data/phase2/tupac/corpus/raw/keefe-d-s-lawyer-cross-exams-ex-suge-knight-security-reggie-wright-abo/keefe-d-s-lawyer-cross-exams-ex-suge-knight-security-reggie-wright-abo_DiurriBQxVs.mp4 | /Users/rajeshpmu/Desktop/LegalMemoCMT/data/phase2/tupac/corpus/raw/keefe-d-s-lawyer-cross-exams-ex-suge-knight-security-reggie-wright-abo/keefe-d-s-lawyer-cross-exams-ex-suge-knight-security-reggie-wright-abo_DiurriBQxVs.mp4,/Users/rajeshpmu/Desktop/LegalMemoCMT/data/phase2/tupac/corpus/raw/keefe-d-s-lawyer-cross-exams-ex-suge-knight-security-reggie-wright-abo/keefe-d-s-lawyer-cross-exams-ex-suge-knight-security-reggie-wright-abo_DiurriBQxVs.wav | /Users/rajeshpmu/Desktop/LegalMemoCMT/data/phase2/tupac/corpus/raw/keefe-d-s-lawyer-cross-exams-ex-suge-knight-security-reggie-wright-abo/keefe-d-s-lawyer-cross-exams-ex-suge-knight-security-reggie-wright-abo_DiurriBQxVs.wav | /Users/rajeshpmu/Desktop/LegalMemoCMT/data/phase2/tupac/corpus/raw/keefe-d-s-lawyer-cross-exams-ex-suge-knight-security-reggie-wright-abo/keefe-d-s-lawyer-cross-exams-ex-suge-knight-security-reggie-wright-abo_DiurriBQxVs.wav,"Again, that's the that was I think you || Okay. I'm sorry. I think you have to || stand.",UNKNOWN,LOW,UNKNOWN
EA-DSbYev9I,,SPEAKER_40,9,30.481,0.508,30.481,0,0.000,EA-DSbYev9I_turn02586 | EA-DSbYev9I_turn02587 | EA-DSbYev9I_turn03128,05:46:14.449 -> 05:46:18.261 | 05:46:18.261 -> 05:46:22.708 | 07:07:03.909 -> 07:07:07.585,/Users/rajeshpmu/Desktop/LegalMemoCMT/data/phase2/tupac/corpus/raw/nv-v-duane-keffe-d-davis-day-2-mob-james-reggie-wright-jr-and-the-corn/nv-v-duane-keffe-d-davis-day-2-mob-james-reggie-wright-jr-and-the-corn_EA-DSbYev9I.mp4 | /Users/rajeshpmu/Desktop/LegalMemoCMT/data/phase2/tupac/corpus/raw/nv-v-duane-keffe-d-davis-day-2-mob-james-reggie-wright-jr-and-the-corn/nv-v-duane-keffe-d-davis-day-2-mob-james-reggie-wright-jr-and-the-corn_EA-DSbYev9I.mp4 | /Users/rajeshpmu/Desktop/LegalMemoCMT/data/phase2/tupac/corpus/raw/nv-v-duane-keffe-d-davis-day-2-mob-james-reggie-wright-jr-and-the-corn/nv-v-duane-keffe-d-davis-day-2-mob-james-reggie-wright-jr-and-the-corn_EA-DSbYev9I.mp4,/Users/rajeshpmu/Desktop/LegalMemoCMT/data/phase2/tupac/corpus/raw/nv-v-duane-keffe-d-davis-day-2-mob-james-reggie-wright-jr-and-the-corn/nv-v-duane-keffe-d-davis-day-2-mob-james-reggie-wright-jr-and-the-corn_EA-DSbYev9I.wav | /Users/rajeshpmu/Desktop/LegalMemoCMT/data/phase2/tupac/corpus/raw/nv-v-duane-keffe-d-davis-day-2-mob-james-reggie-wright-jr-and-the-corn/nv-v-duane-keffe-d-davis-day-2-mob-james-reggie-wright-jr-and-the-corn_EA-DSbYev9I.wav | /Users/rajeshpmu/Desktop/LegalMemoCMT/data/phase2/tupac/corpus/raw/nv-v-duane-keffe-d-davis-day-2-mob-james-reggie-wright-jr-and-the-corn/nv-v-duane-keffe-d-davis-day-2-mob-james-reggie-wright-jr-and-the-corn_EA-DSbYev9I.wav,"Mom, are you going to w listen to his || Yes. instead of your spicy books. || Awesome. All right, let's bring him in.",UNKNOWN,LOW,UNKNOWN
gozVH0bYxzY,,SPEAKER_06,9,52.490,0.875,52.490,0,0.000,gozVH0bYxzY_turn07275 | gozVH0bYxzY_turn07307 | gozVH0bYxzY_turn07308,03:58:27.134 -> 03:58:33.194 | 04:03:18.217 -> 04:03:35.631 | 04:03:35.631 -> 04:03:42.550,/Users/rajeshpmu/Desktop/LegalMemoCMT/data/phase2/tupac/corpus/raw/2pac-trial-day-2-reggie-wright-and-mob-james-testify-8-18-2026/2pac-trial-day-2-reggie-wright-and-mob-james-testify-8-18-2026_gozVH0bYxzY.mp4 | /Users/rajeshpmu/Desktop/LegalMemoCMT/data/phase2/tupac/corpus/raw/2pac-trial-day-2-reggie-wright-and-mob-james-testify-8-18-2026/2pac-trial-day-2-reggie-wright-and-mob-james-testify-8-18-2026_gozVH0bYxzY.mp4 | /Users/rajeshpmu/Desktop/LegalMemoCMT/data/phase2/tupac/corpus/raw/2pac-trial-day-2-reggie-wright-and-mob-james-testify-8-18-2026/2pac-trial-day-2-reggie-wright-and-mob-james-testify-8-18-2026_gozVH0bYxzY.mp4,/Users/rajeshpmu/Desktop/LegalMemoCMT/data/phase2/tupac/corpus/raw/2pac-trial-day-2-reggie-wright-and-mob-james-testify-8-18-2026/2pac-trial-day-2-reggie-wright-and-mob-james-testify-8-18-2026_gozVH0bYxzY.wav | /Users/rajeshpmu/Desktop/LegalMemoCMT/data/phase2/tupac/corpus/raw/2pac-trial-day-2-reggie-wright-and-mob-james-testify-8-18-2026/2pac-trial-day-2-reggie-wright-and-mob-james-testify-8-18-2026_gozVH0bYxzY.wav | /Users/rajeshpmu/Desktop/LegalMemoCMT/data/phase2/tupac/corpus/raw/2pac-trial-day-2-reggie-wright-and-mob-james-testify-8-18-2026/2pac-trial-day-2-reggie-wright-and-mob-james-testify-8-18-2026_gozVH0bYxzY.wav,"See, there you go. Now, how you know || She know better than that. She'll || Yeah.",UNKNOWN,LOW,UNKNOWN
Wt1h7rnCvZQ,,SPEAKER_12,8,87.003,1.450,87.003,0,0.000,Wt1h7rnCvZQ_turn04020 | Wt1h7rnCvZQ_turn04022 | Wt1h7rnCvZQ_turn04023,00:38:36.198 -> 00:38:40.918 | 00:38:44.596 -> 00:38:46.379 | 00:38:46.379 -> 00:38:52.201,/Users/rajeshpmu/Desktop/LegalMemoCMT/data/phase2/tupac/corpus/raw/live-nv-v-duane-keffe-d-davis-day-2-tupac-murder-trial/live-nv-v-duane-keffe-d-davis-day-2-tupac-murder-trial_Wt1h7rnCvZQ.mp4 | /Users/rajeshpmu/Desktop/LegalMemoCMT/data/phase2/tupac/corpus/raw/live-nv-v-duane-keffe-d-davis-day-2-tupac-murder-trial/live-nv-v-duane-keffe-d-davis-day-2-tupac-murder-trial_Wt1h7rnCvZQ.mp4 | /Users/rajeshpmu/Desktop/LegalMemoCMT/data/phase2/tupac/corpus/raw/live-nv-v-duane-keffe-d-davis-day-2-tupac-murder-trial/live-nv-v-duane-keffe-d-davis-day-2-tupac-murder-trial_Wt1h7rnCvZQ.mp4,/Users/rajeshpmu/Desktop/LegalMemoCMT/data/phase2/tupac/corpus/raw/live-nv-v-duane-keffe-d-davis-day-2-tupac-murder-trial/live-nv-v-duane-keffe-d-davis-day-2-tupac-murder-trial_Wt1h7rnCvZQ.wav | /Users/rajeshpmu/Desktop/LegalMemoCMT/data/phase2/tupac/corpus/raw/live-nv-v-duane-keffe-d-davis-day-2-tupac-murder-trial/live-nv-v-duane-keffe-d-davis-day-2-tupac-murder-trial_Wt1h7rnCvZQ.wav | /Users/rajeshpmu/Desktop/LegalMemoCMT/data/phase2/tupac/corpus/raw/live-nv-v-duane-keffe-d-davis-day-2-tupac-murder-trial/live-nv-v-duane-keffe-d-davis-day-2-tupac-murder-trial_Wt1h7rnCvZQ.wav,"First name is Thomas. T H O M A S. Last || Thank you, sir. How are you currently || I work for Customs and Border Protection",UNKNOWN,LOW,UNKNOWN
EA-DSbYev9I,,SPEAKER_10,7,22.650,0.378,22.650,0,0.000,EA-DSbYev9I_turn00955 | EA-DSbYev9I_turn00978 | EA-DSbYev9I_turn01207,01:10:00.755 -> 01:10:03.943 | 01:12:08.648 -> 01:12:11.273 | 01:52:25.117 -> 01:52:27.488,/Users/rajeshpmu/Desktop/LegalMemoCMT/data/phase2/tupac/corpus/raw/nv-v-duane-keffe-d-davis-day-2-mob-james-reggie-wright-jr-and-the-corn/nv-v-duane-keffe-d-davis-day-2-mob-james-reggie-wright-jr-and-the-corn_EA-DSbYev9I.mp4 | /Users/rajeshpmu/Desktop/LegalMemoCMT/data/phase2/tupac/corpus/raw/nv-v-duane-keffe-d-davis-day-2-mob-james-reggie-wright-jr-and-the-corn/nv-v-duane-keffe-d-davis-day-2-mob-james-reggie-wright-jr-and-the-corn_EA-DSbYev9I.mp4 | /Users/rajeshpmu/Desktop/LegalMemoCMT/data/phase2/tupac/corpus/raw/nv-v-duane-keffe-d-davis-day-2-mob-james-reggie-wright-jr-and-the-corn/nv-v-duane-keffe-d-davis-day-2-mob-james-reggie-wright-jr-and-the-corn_EA-DSbYev9I.mp4,/Users/rajeshpmu/Desktop/LegalMemoCMT/data/phase2/tupac/corpus/raw/nv-v-duane-keffe-d-davis-day-2-mob-james-reggie-wright-jr-and-the-corn/nv-v-duane-keffe-d-davis-day-2-mob-james-reggie-wright-jr-and-the-corn_EA-DSbYev9I.wav | /Users/rajeshpmu/Desktop/LegalMemoCMT/data/phase2/tupac/corpus/raw/nv-v-duane-keffe-d-davis-day-2-mob-james-reggie-wright-jr-and-the-corn/nv-v-duane-keffe-d-davis-day-2-mob-james-reggie-wright-jr-and-the-corn_EA-DSbYev9I.wav | /Users/rajeshpmu/Desktop/LegalMemoCMT/data/phase2/tupac/corpus/raw/nv-v-duane-keffe-d-davis-day-2-mob-james-reggie-wright-jr-and-the-corn/nv-v-duane-keffe-d-davis-day-2-mob-james-reggie-wright-jr-and-the-corn_EA-DSbYev9I.wav,"Probably not. Who knows? || Okay. Thank you for being with us, Dr. || just talk loud while you're over there?",UNKNOWN,LOW,UNKNOWN
EA-DSbYev9I,,SPEAKER_46,7,77.641,1.294,77.641,0,0.000,EA-DSbYev9I_turn00590 | EA-DSbYev9I_turn01012 | EA-DSbYev9I_turn03209,00:24:10.470 -> 00:24:27.269 | 01:15:48.102 -> 01:15:58.513 | 07:16:34.553 -> 07:16:36.708,/Users/rajeshpmu/Desktop/LegalMemoCMT/data/phase2/tupac/corpus/raw/nv-v-duane-keffe-d-davis-day-2-mob-james-reggie-wright-jr-and-the-corn/nv-v-duane-keffe-d-davis-day-2-mob-james-reggie-wright-jr-and-the-corn_EA-DSbYev9I.mp4 | /Users/rajeshpmu/Desktop/LegalMemoCMT/data/phase2/tupac/corpus/raw/nv-v-duane-keffe-d-davis-day-2-mob-james-reggie-wright-jr-and-the-corn/nv-v-duane-keffe-d-davis-day-2-mob-james-reggie-wright-jr-and-the-corn_EA-DSbYev9I.mp4 | /Users/rajeshpmu/Desktop/LegalMemoCMT/data/phase2/tupac/corpus/raw/nv-v-duane-keffe-d-davis-day-2-mob-james-reggie-wright-jr-and-the-corn/nv-v-duane-keffe-d-davis-day-2-mob-james-reggie-wright-jr-and-the-corn_EA-DSbYev9I.mp4,/Users/rajeshpmu/Desktop/LegalMemoCMT/data/phase2/tupac/corpus/raw/nv-v-duane-keffe-d-davis-day-2-mob-james-reggie-wright-jr-and-the-corn/nv-v-duane-keffe-d-davis-day-2-mob-james-reggie-wright-jr-and-the-corn_EA-DSbYev9I.wav | /Users/rajeshpmu/Desktop/LegalMemoCMT/data/phase2/tupac/corpus/raw/nv-v-duane-keffe-d-davis-day-2-mob-james-reggie-wright-jr-and-the-corn/nv-v-duane-keffe-d-davis-day-2-mob-james-reggie-wright-jr-and-the-corn_EA-DSbYev9I.wav | /Users/rajeshpmu/Desktop/LegalMemoCMT/data/phase2/tupac/corpus/raw/nv-v-duane-keffe-d-davis-day-2-mob-james-reggie-wright-jr-and-the-corn/nv-v-duane-keffe-d-davis-day-2-mob-james-reggie-wright-jr-and-the-corn_EA-DSbYev9I.wav,"It's at some mansion. Well, where is || Council, can you please stop SAYING BACK || Oh, well, you",UNKNOWN,LOW,UNKNOWN
Wt1h7rnCvZQ,,SPEAKER_04,7,35.020,0.584,35.020,0,0.000,Wt1h7rnCvZQ_turn05457 | Wt1h7rnCvZQ_turn05563 | Wt1h7rnCvZQ_turn05564,06:09:58.128 -> 06:10:00.461 | 06:27:28.462 -> 06:27:29.548 | 06:27:29.548 -> 06:27:42.628,/Users/rajeshpmu/Desktop/LegalMemoCMT/data/phase2/tupac/corpus/raw/live-nv-v-duane-keffe-d-davis-day-2-tupac-murder-trial/live-nv-v-duane-keffe-d-davis-day-2-tupac-murder-trial_Wt1h7rnCvZQ.mp4 | /Users/rajeshpmu/Desktop/LegalMemoCMT/data/phase2/tupac/corpus/raw/live-nv-v-duane-keffe-d-davis-day-2-tupac-murder-trial/live-nv-v-duane-keffe-d-davis-day-2-tupac-murder-trial_Wt1h7rnCvZQ.mp4 | /Users/rajeshpmu/Desktop/LegalMemoCMT/data/phase2/tupac/corpus/raw/live-nv-v-duane-keffe-d-davis-day-2-tupac-murder-trial/live-nv-v-duane-keffe-d-davis-day-2-tupac-murder-trial_Wt1h7rnCvZQ.mp4,/Users/rajeshpmu/Desktop/LegalMemoCMT/data/phase2/tupac/corpus/raw/live-nv-v-duane-keffe-d-davis-day-2-tupac-murder-trial/live-nv-v-duane-keffe-d-davis-day-2-tupac-murder-trial_Wt1h7rnCvZQ.wav | /Users/rajeshpmu/Desktop/LegalMemoCMT/data/phase2/tupac/corpus/raw/live-nv-v-duane-keffe-d-davis-day-2-tupac-murder-trial/live-nv-v-duane-keffe-d-davis-day-2-tupac-murder-trial_Wt1h7rnCvZQ.wav | /Users/rajeshpmu/Desktop/LegalMemoCMT/data/phase2/tupac/corpus/raw/live-nv-v-duane-keffe-d-davis-day-2-tupac-murder-trial/live-nv-v-duane-keffe-d-davis-day-2-tupac-murder-trial_Wt1h7rnCvZQ.wav,"Lock of Flamingo. Yes, sir. || That's correct, sir. || And then we have another video of",UNKNOWN,LOW,UNKNOWN
gozVH0bYxzY,,SPEAKER_10,7,17.882,0.298,17.882,0,0.000,gozVH0bYxzY_turn06496 | gozVH0bYxzY_turn06497 | gozVH0bYxzY_turn07090,01:09:58.968 -> 01:10:03.675 | 01:10:03.675 -> 01:10:06.070 | 03:07:04.713 -> 03:07:05.718,/Users/rajeshpmu/Desktop/LegalMemoCMT/data/phase2/tupac/corpus/raw/2pac-trial-day-2-reggie-wright-and-mob-james-testify-8-18-2026/2pac-trial-day-2-reggie-wright-and-mob-james-testify-8-18-2026_gozVH0bYxzY.mp4 | /Users/rajeshpmu/Desktop/LegalMemoCMT/data/phase2/tupac/corpus/raw/2pac-trial-day-2-reggie-wright-and-mob-james-testify-8-18-2026/2pac-trial-day-2-reggie-wright-and-mob-james-testify-8-18-2026_gozVH0bYxzY.mp4 | /Users/rajeshpmu/Desktop/LegalMemoCMT/data/phase2/tupac/corpus/raw/2pac-trial-day-2-reggie-wright-and-mob-james-testify-8-18-2026/2pac-trial-day-2-reggie-wright-and-mob-james-testify-8-18-2026_gozVH0bYxzY.mp4,/Users/rajeshpmu/Desktop/LegalMemoCMT/data/phase2/tupac/corpus/raw/2pac-trial-day-2-reggie-wright-and-mob-james-testify-8-18-2026/2pac-trial-day-2-reggie-wright-and-mob-james-testify-8-18-2026_gozVH0bYxzY.wav | /Users/rajeshpmu/Desktop/LegalMemoCMT/data/phase2/tupac/corpus/raw/2pac-trial-day-2-reggie-wright-and-mob-james-testify-8-18-2026/2pac-trial-day-2-reggie-wright-and-mob-james-testify-8-18-2026_gozVH0bYxzY.wav | /Users/rajeshpmu/Desktop/LegalMemoCMT/data/phase2/tupac/corpus/raw/2pac-trial-day-2-reggie-wright-and-mob-james-testify-8-18-2026/2pac-trial-day-2-reggie-wright-and-mob-james-testify-8-18-2026_gozVH0bYxzY.wav,"Okay. Thank you for being with us, Dr. || Thank you. You're welcome. || No objection.",UNKNOWN,LOW,UNKNOWN
gozVH0bYxzY,,SPEAKER_12,7,51.427,0.857,51.427,0,0.000,gozVH0bYxzY_turn07248 | gozVH0bYxzY_turn07256 | gozVH0bYxzY_turn07257,03:55:53.809 -> 03:56:00.054 | 03:56:29.195 -> 03:56:30.052 | 03:56:30.052 -> 03:56:58.028,/Users/rajeshpmu/Desktop/LegalMemoCMT/data/phase2/tupac/corpus/raw/2pac-trial-day-2-reggie-wright-and-mob-james-testify-8-18-2026/2pac-trial-day-2-reggie-wright-and-mob-james-testify-8-18-2026_gozVH0bYxzY.mp4 | /Users/rajeshpmu/Desktop/LegalMemoCMT/data/phase2/tupac/corpus/raw/2pac-trial-day-2-reggie-wright-and-mob-james-testify-8-18-2026/2pac-trial-day-2-reggie-wright-and-mob-james-testify-8-18-2026_gozVH0bYxzY.mp4 | /Users/rajeshpmu/Desktop/LegalMemoCMT/data/phase2/tupac/corpus/raw/2pac-trial-day-2-reggie-wright-and-mob-james-testify-8-18-2026/2pac-trial-day-2-reggie-wright-and-mob-james-testify-8-18-2026_gozVH0bYxzY.mp4,/Users/rajeshpmu/Desktop/LegalMemoCMT/data/phase2/tupac/corpus/raw/2pac-trial-day-2-reggie-wright-and-mob-james-testify-8-18-2026/2pac-trial-day-2-reggie-wright-and-mob-james-testify-8-18-2026_gozVH0bYxzY.wav | /Users/rajeshpmu/Desktop/LegalMemoCMT/data/phase2/tupac/corpus/raw/2pac-trial-day-2-reggie-wright-and-mob-james-testify-8-18-2026/2pac-trial-day-2-reggie-wright-and-mob-james-testify-8-18-2026_gozVH0bYxzY.wav | /Users/rajeshpmu/Desktop/LegalMemoCMT/data/phase2/tupac/corpus/raw/2pac-trial-day-2-reggie-wright-and-mob-james-testify-8-18-2026/2pac-trial-day-2-reggie-wright-and-mob-james-testify-8-18-2026_gozVH0bYxzY.wav,"Yeah. Yeah. Well, we can't wait to talk || yes. || So um so but there was something Well,",UNKNOWN,LOW,UNKNOWN
EA-DSbYev9I,,SPEAKER_11,6,18.342,0.306,18.342,0,0.000,EA-DSbYev9I_turn01127 | EA-DSbYev9I_turn01128 | EA-DSbYev9I_turn02621,01:41:44.390 -> 01:41:46.077 | 01:41:46.077 -> 01:41:49.113 | 05:55:23.005 -> 05:55:25.739,/Users/rajeshpmu/Desktop/LegalMemoCMT/data/phase2/tupac/corpus/raw/nv-v-duane-keffe-d-davis-day-2-mob-james-reggie-wright-jr-and-the-corn/nv-v-duane-keffe-d-davis-day-2-mob-james-reggie-wright-jr-and-the-corn_EA-DSbYev9I.mp4 | /Users/rajeshpmu/Desktop/LegalMemoCMT/data/phase2/tupac/corpus/raw/nv-v-duane-keffe-d-davis-day-2-mob-james-reggie-wright-jr-and-the-corn/nv-v-duane-keffe-d-davis-day-2-mob-james-reggie-wright-jr-and-the-corn_EA-DSbYev9I.mp4 | /Users/rajeshpmu/Desktop/LegalMemoCMT/data/phase2/tupac/corpus/raw/nv-v-duane-keffe-d-davis-day-2-mob-james-reggie-wright-jr-and-the-corn/nv-v-duane-keffe-d-davis-day-2-mob-james-reggie-wright-jr-and-the-corn_EA-DSbYev9I.mp4,/Users/rajeshpmu/Desktop/LegalMemoCMT/data/phase2/tupac/corpus/raw/nv-v-duane-keffe-d-davis-day-2-mob-james-reggie-wright-jr-and-the-corn/nv-v-duane-keffe-d-davis-day-2-mob-james-reggie-wright-jr-and-the-corn_EA-DSbYev9I.wav | /Users/rajeshpmu/Desktop/LegalMemoCMT/data/phase2/tupac/corpus/raw/nv-v-duane-keffe-d-davis-day-2-mob-james-reggie-wright-jr-and-the-corn/nv-v-duane-keffe-d-davis-day-2-mob-james-reggie-wright-jr-and-the-corn_EA-DSbYev9I.wav | /Users/rajeshpmu/Desktop/LegalMemoCMT/data/phase2/tupac/corpus/raw/nv-v-duane-keffe-d-davis-day-2-mob-james-reggie-wright-jr-and-the-corn/nv-v-duane-keffe-d-davis-day-2-mob-james-reggie-wright-jr-and-the-corn_EA-DSbYev9I.wav,"Thank you, sir. Judge, I pass the || Mr. % for cross examination. || investigating the burning smell. Anyone",UNKNOWN,LOW,UNKNOWN
EA-DSbYev9I,,SPEAKER_16,6,86.692,1.445,86.692,0,0.000,EA-DSbYev9I_turn03061 | EA-DSbYev9I_turn03071 | EA-DSbYev9I_turn03078,06:58:40.390 -> 06:58:42.312 | 06:59:30.635 -> 06:59:37.670 | 07:00:27.453 -> 07:01:03.582,/Users/rajeshpmu/Desktop/LegalMemoCMT/data/phase2/tupac/corpus/raw/nv-v-duane-keffe-d-davis-day-2-mob-james-reggie-wright-jr-and-the-corn/nv-v-duane-keffe-d-davis-day-2-mob-james-reggie-wright-jr-and-the-corn_EA-DSbYev9I.mp4 | /Users/rajeshpmu/Desktop/LegalMemoCMT/data/phase2/tupac/corpus/raw/nv-v-duane-keffe-d-davis-day-2-mob-james-reggie-wright-jr-and-the-corn/nv-v-duane-keffe-d-davis-day-2-mob-james-reggie-wright-jr-and-the-corn_EA-DSbYev9I.mp4 | /Users/rajeshpmu/Desktop/LegalMemoCMT/data/phase2/tupac/corpus/raw/nv-v-duane-keffe-d-davis-day-2-mob-james-reggie-wright-jr-and-the-corn/nv-v-duane-keffe-d-davis-day-2-mob-james-reggie-wright-jr-and-the-corn_EA-DSbYev9I.mp4,/Users/rajeshpmu/Desktop/LegalMemoCMT/data/phase2/tupac/corpus/raw/nv-v-duane-keffe-d-davis-day-2-mob-james-reggie-wright-jr-and-the-corn/nv-v-duane-keffe-d-davis-day-2-mob-james-reggie-wright-jr-and-the-corn_EA-DSbYev9I.wav | /Users/rajeshpmu/Desktop/LegalMemoCMT/data/phase2/tupac/corpus/raw/nv-v-duane-keffe-d-davis-day-2-mob-james-reggie-wright-jr-and-the-corn/nv-v-duane-keffe-d-davis-day-2-mob-james-reggie-wright-jr-and-the-corn_EA-DSbYev9I.wav | /Users/rajeshpmu/Desktop/LegalMemoCMT/data/phase2/tupac/corpus/raw/nv-v-duane-keffe-d-davis-day-2-mob-james-reggie-wright-jr-and-the-corn/nv-v-duane-keffe-d-davis-day-2-mob-james-reggie-wright-jr-and-the-corn_EA-DSbYev9I.wav,"Well, that's Mr. Knight and then that's || Right. 115 C. || Yeah, Suge's trying to keep up with",UNKNOWN,LOW,UNKNOWN
EA-DSbYev9I,,SPEAKER_24,6,16.558,0.276,16.558,0,0.000,EA-DSbYev9I_turn02220 | EA-DSbYev9I_turn02221 | EA-DSbYev9I_turn02222,04:47:11.784 -> 04:47:12.343 | 04:47:12.343 -> 04:47:14.520 | 04:47:14.520 -> 04:47:16.029,/Users/rajeshpmu/Desktop/LegalMemoCMT/data/phase2/tupac/corpus/raw/nv-v-duane-keffe-d-davis-day-2-mob-james-reggie-wright-jr-and-the-corn/nv-v-duane-keffe-d-davis-day-2-mob-james-reggie-wright-jr-and-the-corn_EA-DSbYev9I.mp4 | /Users/rajeshpmu/Desktop/LegalMemoCMT/data/phase2/tupac/corpus/raw/nv-v-duane-keffe-d-davis-day-2-mob-james-reggie-wright-jr-and-the-corn/nv-v-duane-keffe-d-davis-day-2-mob-james-reggie-wright-jr-and-the-corn_EA-DSbYev9I.mp4 | /Users/rajeshpmu/Desktop/LegalMemoCMT/data/phase2/tupac/corpus/raw/nv-v-duane-keffe-d-davis-day-2-mob-james-reggie-wright-jr-and-the-corn/nv-v-duane-keffe-d-davis-day-2-mob-james-reggie-wright-jr-and-the-corn_EA-DSbYev9I.mp4,/Users/rajeshpmu/Desktop/LegalMemoCMT/data/phase2/tupac/corpus/raw/nv-v-duane-keffe-d-davis-day-2-mob-james-reggie-wright-jr-and-the-corn/nv-v-duane-keffe-d-davis-day-2-mob-james-reggie-wright-jr-and-the-corn_EA-DSbYev9I.wav | /Users/rajeshpmu/Desktop/LegalMemoCMT/data/phase2/tupac/corpus/raw/nv-v-duane-keffe-d-davis-day-2-mob-james-reggie-wright-jr-and-the-corn/nv-v-duane-keffe-d-davis-day-2-mob-james-reggie-wright-jr-and-the-corn_EA-DSbYev9I.wav | /Users/rajeshpmu/Desktop/LegalMemoCMT/data/phase2/tupac/corpus/raw/nv-v-duane-keffe-d-davis-day-2-mob-james-reggie-wright-jr-and-the-corn/nv-v-duane-keffe-d-davis-day-2-mob-james-reggie-wright-jr-and-the-corn_EA-DSbYev9I.wav,"Not me. || Who was your brother? || Uh, Alex McDonald.",UNKNOWN,LOW,UNKNOWN
Wt1h7rnCvZQ,,SPEAKER_14,6,36.307,0.605,36.307,0,0.000,Wt1h7rnCvZQ_turn03906 | Wt1h7rnCvZQ_turn04049 | Wt1h7rnCvZQ_turn04225,00:26:22.378 -> 00:26:24.149 | 00:43:10.296 -> 00:43:12.918 | 01:08:38.555 -> 01:08:40.954,/Users/rajeshpmu/Desktop/LegalMemoCMT/data/phase2/tupac/corpus/raw/live-nv-v-duane-keffe-d-davis-day-2-tupac-murder-trial/live-nv-v-duane-keffe-d-davis-day-2-tupac-murder-trial_Wt1h7rnCvZQ.mp4 | /Users/rajeshpmu/Desktop/LegalMemoCMT/data/phase2/tupac/corpus/raw/live-nv-v-duane-keffe-d-davis-day-2-tupac-murder-trial/live-nv-v-duane-keffe-d-davis-day-2-tupac-murder-trial_Wt1h7rnCvZQ.mp4 | /Users/rajeshpmu/Desktop/LegalMemoCMT/data/phase2/tupac/corpus/raw/live-nv-v-duane-keffe-d-davis-day-2-tupac-murder-trial/live-nv-v-duane-keffe-d-davis-day-2-tupac-murder-trial_Wt1h7rnCvZQ.mp4,/Users/rajeshpmu/Desktop/LegalMemoCMT/data/phase2/tupac/corpus/raw/live-nv-v-duane-keffe-d-davis-day-2-tupac-murder-trial/live-nv-v-duane-keffe-d-davis-day-2-tupac-murder-trial_Wt1h7rnCvZQ.wav | /Users/rajeshpmu/Desktop/LegalMemoCMT/data/phase2/tupac/corpus/raw/live-nv-v-duane-keffe-d-davis-day-2-tupac-murder-trial/live-nv-v-duane-keffe-d-davis-day-2-tupac-murder-trial_Wt1h7rnCvZQ.wav | /Users/rajeshpmu/Desktop/LegalMemoCMT/data/phase2/tupac/corpus/raw/live-nv-v-duane-keffe-d-davis-day-2-tupac-murder-trial/live-nv-v-duane-keffe-d-davis-day-2-tupac-murder-trial_Wt1h7rnCvZQ.wav,"Yeah. Right. || Okay. Cross examination, Mr. Sam. I have || There's two blues.",UNKNOWN,LOW,UNKNOWN
lOcZ_IJbM3I,,SPEAKER_07,6,27.994,0.467,27.994,0,0.000,lOcZ_IJbM3I_turn08815 | lOcZ_IJbM3I_turn08834 | lOcZ_IJbM3I_turn08835,00:57:48.706 -> 00:57:51.195 | 01:00:05.630 -> 01:00:25.590 | 01:00:26.750 -> 01:00:27.595,/Users/rajeshpmu/Desktop/LegalMemoCMT/data/phase2/tupac/corpus/raw/reggie-wright-jr-full-testimony-in-tupac-murder-trial/reggie-wright-jr-full-testimony-in-tupac-murder-trial_lOcZ_IJbM3I.mp4 | /Users/rajeshpmu/Desktop/LegalMemoCMT/data/phase2/tupac/corpus/raw/reggie-wright-jr-full-testimony-in-tupac-murder-trial/reggie-wright-jr-full-testimony-in-tupac-murder-trial_lOcZ_IJbM3I.mp4 | /Users/rajeshpmu/Desktop/LegalMemoCMT/data/phase2/tupac/corpus/raw/reggie-wright-jr-full-testimony-in-tupac-murder-trial/reggie-wright-jr-full-testimony-in-tupac-murder-trial_lOcZ_IJbM3I.mp4,/Users/rajeshpmu/Desktop/LegalMemoCMT/data/phase2/tupac/corpus/raw/reggie-wright-jr-full-testimony-in-tupac-murder-trial/reggie-wright-jr-full-testimony-in-tupac-murder-trial_lOcZ_IJbM3I.wav | /Users/rajeshpmu/Desktop/LegalMemoCMT/data/phase2/tupac/corpus/raw/reggie-wright-jr-full-testimony-in-tupac-murder-trial/reggie-wright-jr-full-testimony-in-tupac-murder-trial_lOcZ_IJbM3I.wav | /Users/rajeshpmu/Desktop/LegalMemoCMT/data/phase2/tupac/corpus/raw/reggie-wright-jr-full-testimony-in-tupac-murder-trial/reggie-wright-jr-full-testimony-in-tupac-murder-trial_lOcZ_IJbM3I.wav,No objection. || We're on the record in State of the jury || The parties stipulated to the presence,UNKNOWN,LOW,UNKNOWN
EA-DSbYev9I,,SPEAKER_18,5,24.798,0.413,24.798,0,0.000,EA-DSbYev9I_turn00568 | EA-DSbYev9I_turn01986 | EA-DSbYev9I_turn02295,00:22:48.174 -> 00:22:52.313 | 04:04:16.035 -> 04:04:18.523 | 05:00:08.332 -> 05:00:10.948,/Users/rajeshpmu/Desktop/LegalMemoCMT/data/phase2/tupac/corpus/raw/nv-v-duane-keffe-d-davis-day-2-mob-james-reggie-wright-jr-and-the-corn/nv-v-duane-keffe-d-davis-day-2-mob-james-reggie-wright-jr-and-the-corn_EA-DSbYev9I.mp4 | /Users/rajeshpmu/Desktop/LegalMemoCMT/data/phase2/tupac/corpus/raw/nv-v-duane-keffe-d-davis-day-2-mob-james-reggie-wright-jr-and-the-corn/nv-v-duane-keffe-d-davis-day-2-mob-james-reggie-wright-jr-and-the-corn_EA-DSbYev9I.mp4 | /Users/rajeshpmu/Desktop/LegalMemoCMT/data/phase2/tupac/corpus/raw/nv-v-duane-keffe-d-davis-day-2-mob-james-reggie-wright-jr-and-the-corn/nv-v-duane-keffe-d-davis-day-2-mob-james-reggie-wright-jr-and-the-corn_EA-DSbYev9I.mp4,/Users/rajeshpmu/Desktop/LegalMemoCMT/data/phase2/tupac/corpus/raw/nv-v-duane-keffe-d-davis-day-2-mob-james-reggie-wright-jr-and-the-corn/nv-v-duane-keffe-d-davis-day-2-mob-james-reggie-wright-jr-and-the-corn_EA-DSbYev9I.wav | /Users/rajeshpmu/Desktop/LegalMemoCMT/data/phase2/tupac/corpus/raw/nv-v-duane-keffe-d-davis-day-2-mob-james-reggie-wright-jr-and-the-corn/nv-v-duane-keffe-d-davis-day-2-mob-james-reggie-wright-jr-and-the-corn_EA-DSbYev9I.wav | /Users/rajeshpmu/Desktop/LegalMemoCMT/data/phase2/tupac/corpus/raw/nv-v-duane-keffe-d-davis-day-2-mob-james-reggie-wright-jr-and-the-corn/nv-v-duane-keffe-d-davis-day-2-mob-james-reggie-wright-jr-and-the-corn_EA-DSbYev9I.wav,Uhhuh. || The entourage others that have gone || described as that. I mean,UNKNOWN,LOW,UNKNOWN
EA-DSbYev9I,,SPEAKER_45,5,4.672,0.078,4.672,0,0.000,EA-DSbYev9I_turn00591 | EA-DSbYev9I_turn00843 | EA-DSbYev9I_turn02306,00:24:35.430 -> 00:24:36.925 | 00:52:09.086 -> 00:52:10.074 | 05:01:07.412 -> 05:01:07.891,/Users/rajeshpmu/Desktop/LegalMemoCMT/data/phase2/tupac/corpus/raw/nv-v-duane-keffe-d-davis-day-2-mob-james-reggie-wright-jr-and-the-corn/nv-v-duane-keffe-d-davis-day-2-mob-james-reggie-wright-jr-and-the-corn_EA-DSbYev9I.mp4 | /Users/rajeshpmu/Desktop/LegalMemoCMT/data/phase2/tupac/corpus/raw/nv-v-duane-keffe-d-davis-day-2-mob-james-reggie-wright-jr-and-the-corn/nv-v-duane-keffe-d-davis-day-2-mob-james-reggie-wright-jr-and-the-corn_EA-DSbYev9I.mp4 | /Users/rajeshpmu/Desktop/LegalMemoCMT/data/phase2/tupac/corpus/raw/nv-v-duane-keffe-d-davis-day-2-mob-james-reggie-wright-jr-and-the-corn/nv-v-duane-keffe-d-davis-day-2-mob-james-reggie-wright-jr-and-the-corn_EA-DSbYev9I.mp4,/Users/rajeshpmu/Desktop/LegalMemoCMT/data/phase2/tupac/corpus/raw/nv-v-duane-keffe-d-davis-day-2-mob-james-reggie-wright-jr-and-the-corn/nv-v-duane-keffe-d-davis-day-2-mob-james-reggie-wright-jr-and-the-corn_EA-DSbYev9I.wav | /Users/rajeshpmu/Desktop/LegalMemoCMT/data/phase2/tupac/corpus/raw/nv-v-duane-keffe-d-davis-day-2-mob-james-reggie-wright-jr-and-the-corn/nv-v-duane-keffe-d-davis-day-2-mob-james-reggie-wright-jr-and-the-corn_EA-DSbYev9I.wav | /Users/rajeshpmu/Desktop/LegalMemoCMT/data/phase2/tupac/corpus/raw/nv-v-duane-keffe-d-davis-day-2-mob-james-reggie-wright-jr-and-the-corn/nv-v-duane-keffe-d-davis-day-2-mob-james-reggie-wright-jr-and-the-corn_EA-DSbYev9I.wav,"Okay. You You had no idea where that || Um, || Nothing penetrated.",UNKNOWN,LOW,UNKNOWN
Wt1h7rnCvZQ,,SPEAKER_26,5,14.304,0.238,14.304,0,0.000,Wt1h7rnCvZQ_turn05440 | Wt1h7rnCvZQ_turn05674 | Wt1h7rnCvZQ_turn05699,06:07:57.357 -> 06:07:58.514 | 06:58:15.412 -> 06:58:15.717 | 07:00:38.892 -> 07:00:39.458,/Users/rajeshpmu/Desktop/LegalMemoCMT/data/phase2/tupac/corpus/raw/live-nv-v-duane-keffe-d-davis-day-2-tupac-murder-trial/live-nv-v-duane-keffe-d-davis-day-2-tupac-murder-trial_Wt1h7rnCvZQ.mp4 | /Users/rajeshpmu/Desktop/LegalMemoCMT/data/phase2/tupac/corpus/raw/live-nv-v-duane-keffe-d-davis-day-2-tupac-murder-trial/live-nv-v-duane-keffe-d-davis-day-2-tupac-murder-trial_Wt1h7rnCvZQ.mp4 | /Users/rajeshpmu/Desktop/LegalMemoCMT/data/phase2/tupac/corpus/raw/live-nv-v-duane-keffe-d-davis-day-2-tupac-murder-trial/live-nv-v-duane-keffe-d-davis-day-2-tupac-murder-trial_Wt1h7rnCvZQ.mp4,/Users/rajeshpmu/Desktop/LegalMemoCMT/data/phase2/tupac/corpus/raw/live-nv-v-duane-keffe-d-davis-day-2-tupac-murder-trial/live-nv-v-duane-keffe-d-davis-day-2-tupac-murder-trial_Wt1h7rnCvZQ.wav | /Users/rajeshpmu/Desktop/LegalMemoCMT/data/phase2/tupac/corpus/raw/live-nv-v-duane-keffe-d-davis-day-2-tupac-murder-trial/live-nv-v-duane-keffe-d-davis-day-2-tupac-murder-trial_Wt1h7rnCvZQ.wav | /Users/rajeshpmu/Desktop/LegalMemoCMT/data/phase2/tupac/corpus/raw/live-nv-v-duane-keffe-d-davis-day-2-tupac-murder-trial/live-nv-v-duane-keffe-d-davis-day-2-tupac-murder-trial_Wt1h7rnCvZQ.wav,"That's correct, sir. || okay? || 95%.",UNKNOWN,LOW,UNKNOWN
lOcZ_IJbM3I,,SPEAKER_09,5,112.006,1.867,112.006,0,0.000,lOcZ_IJbM3I_turn08789 | lOcZ_IJbM3I_turn08791 | lOcZ_IJbM3I_turn08792,00:51:41.450 -> 00:51:42.217 | 00:51:44.376 -> 00:53:01.455 | 00:53:01.455 -> 00:53:17.478,/Users/rajeshpmu/Desktop/LegalMemoCMT/data/phase2/tupac/corpus/raw/reggie-wright-jr-full-testimony-in-tupac-murder-trial/reggie-wright-jr-full-testimony-in-tupac-murder-trial_lOcZ_IJbM3I.mp4 | /Users/rajeshpmu/Desktop/LegalMemoCMT/data/phase2/tupac/corpus/raw/reggie-wright-jr-full-testimony-in-tupac-murder-trial/reggie-wright-jr-full-testimony-in-tupac-murder-trial_lOcZ_IJbM3I.mp4 | /Users/rajeshpmu/Desktop/LegalMemoCMT/data/phase2/tupac/corpus/raw/reggie-wright-jr-full-testimony-in-tupac-murder-trial/reggie-wright-jr-full-testimony-in-tupac-murder-trial_lOcZ_IJbM3I.mp4,/Users/rajeshpmu/Desktop/LegalMemoCMT/data/phase2/tupac/corpus/raw/reggie-wright-jr-full-testimony-in-tupac-murder-trial/reggie-wright-jr-full-testimony-in-tupac-murder-trial_lOcZ_IJbM3I.wav | /Users/rajeshpmu/Desktop/LegalMemoCMT/data/phase2/tupac/corpus/raw/reggie-wright-jr-full-testimony-in-tupac-murder-trial/reggie-wright-jr-full-testimony-in-tupac-murder-trial_lOcZ_IJbM3I.wav | /Users/rajeshpmu/Desktop/LegalMemoCMT/data/phase2/tupac/corpus/raw/reggie-wright-jr-full-testimony-in-tupac-murder-trial/reggie-wright-jr-full-testimony-in-tupac-murder-trial_lOcZ_IJbM3I.wav,"See it, but || That's it. That's a different one. Mr. Shakur Mr. Knight battery Mr. Wheel I don't see Mr. I don't see Frank yet. Okay, they don't Mr. Alexander is the one with no sleeve on his shirt. He's leaving the back now. || Do you see Trayvon Lane?",UNKNOWN,LOW,UNKNOWN
DiurriBQxVs,,SPEAKER_02,4,45.209,0.753,45.209,0,0.000,DiurriBQxVs_turn00300 | DiurriBQxVs_turn00413 | DiurriBQxVs_turn00415,00:31:34.699 -> 00:31:45.186 | 00:45:17.597 -> 00:45:46.990 | 00:45:51.250 -> 00:45:53.023,/Users/rajeshpmu/Desktop/LegalMemoCMT/data/phase2/tupac/corpus/raw/keefe-d-s-lawyer-cross-exams-ex-suge-knight-security-reggie-wright-abo/keefe-d-s-lawyer-cross-exams-ex-suge-knight-security-reggie-wright-abo_DiurriBQxVs.mp4 | /Users/rajeshpmu/Desktop/LegalMemoCMT/data/phase2/tupac/corpus/raw/keefe-d-s-lawyer-cross-exams-ex-suge-knight-security-reggie-wright-abo/keefe-d-s-lawyer-cross-exams-ex-suge-knight-security-reggie-wright-abo_DiurriBQxVs.mp4 | /Users/rajeshpmu/Desktop/LegalMemoCMT/data/phase2/tupac/corpus/raw/keefe-d-s-lawyer-cross-exams-ex-suge-knight-security-reggie-wright-abo/keefe-d-s-lawyer-cross-exams-ex-suge-knight-security-reggie-wright-abo_DiurriBQxVs.mp4,/Users/rajeshpmu/Desktop/LegalMemoCMT/data/phase2/tupac/corpus/raw/keefe-d-s-lawyer-cross-exams-ex-suge-knight-security-reggie-wright-abo/keefe-d-s-lawyer-cross-exams-ex-suge-knight-security-reggie-wright-abo_DiurriBQxVs.wav | /Users/rajeshpmu/Desktop/LegalMemoCMT/data/phase2/tupac/corpus/raw/keefe-d-s-lawyer-cross-exams-ex-suge-knight-security-reggie-wright-abo/keefe-d-s-lawyer-cross-exams-ex-suge-knight-security-reggie-wright-abo_DiurriBQxVs.wav | /Users/rajeshpmu/Desktop/LegalMemoCMT/data/phase2/tupac/corpus/raw/keefe-d-s-lawyer-cross-exams-ex-suge-knight-security-reggie-wright-abo/keefe-d-s-lawyer-cross-exams-ex-suge-knight-security-reggie-wright-abo_DiurriBQxVs.wav,"Uh your honor, I think this is improper || Thanks, your honor. || Nothing from the state, your honor.",UNKNOWN,LOW,UNKNOWN
EA-DSbYev9I,,SPEAKER_13,4,10.022,0.167,10.022,0,0.000,EA-DSbYev9I_turn02612 | EA-DSbYev9I_turn02613 | EA-DSbYev9I_turn02616,05:49:12.063 -> 05:49:13.214 | 05:49:13.214 -> 05:49:16.058 | 05:49:38.558 -> 05:49:41.072,/Users/rajeshpmu/Desktop/LegalMemoCMT/data/phase2/tupac/corpus/raw/nv-v-duane-keffe-d-davis-day-2-mob-james-reggie-wright-jr-and-the-corn/nv-v-duane-keffe-d-davis-day-2-mob-james-reggie-wright-jr-and-the-corn_EA-DSbYev9I.mp4 | /Users/rajeshpmu/Desktop/LegalMemoCMT/data/phase2/tupac/corpus/raw/nv-v-duane-keffe-d-davis-day-2-mob-james-reggie-wright-jr-and-the-corn/nv-v-duane-keffe-d-davis-day-2-mob-james-reggie-wright-jr-and-the-corn_EA-DSbYev9I.mp4 | /Users/rajeshpmu/Desktop/LegalMemoCMT/data/phase2/tupac/corpus/raw/nv-v-duane-keffe-d-davis-day-2-mob-james-reggie-wright-jr-and-the-corn/nv-v-duane-keffe-d-davis-day-2-mob-james-reggie-wright-jr-and-the-corn_EA-DSbYev9I.mp4,/Users/rajeshpmu/Desktop/LegalMemoCMT/data/phase2/tupac/corpus/raw/nv-v-duane-keffe-d-davis-day-2-mob-james-reggie-wright-jr-and-the-corn/nv-v-duane-keffe-d-davis-day-2-mob-james-reggie-wright-jr-and-the-corn_EA-DSbYev9I.wav | /Users/rajeshpmu/Desktop/LegalMemoCMT/data/phase2/tupac/corpus/raw/nv-v-duane-keffe-d-davis-day-2-mob-james-reggie-wright-jr-and-the-corn/nv-v-duane-keffe-d-davis-day-2-mob-james-reggie-wright-jr-and-the-corn_EA-DSbYev9I.wav | /Users/rajeshpmu/Desktop/LegalMemoCMT/data/phase2/tupac/corpus/raw/nv-v-duane-keffe-d-davis-day-2-mob-james-reggie-wright-jr-and-the-corn/nv-v-duane-keffe-d-davis-day-2-mob-james-reggie-wright-jr-and-the-corn_EA-DSbYev9I.wav,"All right. Thank you. || All right. I know you didn't want to be || All right. See, I know you didn't want",UNKNOWN,LOW,UNKNOWN
EA-DSbYev9I,,SPEAKER_28,4,8.266,0.138,8.266,0,0.000,EA-DSbYev9I_turn00925 | EA-DSbYev9I_turn02460 | EA-DSbYev9I_turn02486,01:05:10.877 -> 01:05:14.835 | 05:29:51.252 -> 05:29:51.757 | 05:31:57.194 -> 05:31:58.797,/Users/rajeshpmu/Desktop/LegalMemoCMT/data/phase2/tupac/corpus/raw/nv-v-duane-keffe-d-davis-day-2-mob-james-reggie-wright-jr-and-the-corn/nv-v-duane-keffe-d-davis-day-2-mob-james-reggie-wright-jr-and-the-corn_EA-DSbYev9I.mp4 | /Users/rajeshpmu/Desktop/LegalMemoCMT/data/phase2/tupac/corpus/raw/nv-v-duane-keffe-d-davis-day-2-mob-james-reggie-wright-jr-and-the-corn/nv-v-duane-keffe-d-davis-day-2-mob-james-reggie-wright-jr-and-the-corn_EA-DSbYev9I.mp4 | /Users/rajeshpmu/Desktop/LegalMemoCMT/data/phase2/tupac/corpus/raw/nv-v-duane-keffe-d-davis-day-2-mob-james-reggie-wright-jr-and-the-corn/nv-v-duane-keffe-d-davis-day-2-mob-james-reggie-wright-jr-and-the-corn_EA-DSbYev9I.mp4,/Users/rajeshpmu/Desktop/LegalMemoCMT/data/phase2/tupac/corpus/raw/nv-v-duane-keffe-d-davis-day-2-mob-james-reggie-wright-jr-and-the-corn/nv-v-duane-keffe-d-davis-day-2-mob-james-reggie-wright-jr-and-the-corn_EA-DSbYev9I.wav | /Users/rajeshpmu/Desktop/LegalMemoCMT/data/phase2/tupac/corpus/raw/nv-v-duane-keffe-d-davis-day-2-mob-james-reggie-wright-jr-and-the-corn/nv-v-duane-keffe-d-davis-day-2-mob-james-reggie-wright-jr-and-the-corn_EA-DSbYev9I.wav | /Users/rajeshpmu/Desktop/LegalMemoCMT/data/phase2/tupac/corpus/raw/nv-v-duane-keffe-d-davis-day-2-mob-james-reggie-wright-jr-and-the-corn/nv-v-duane-keffe-d-davis-day-2-mob-james-reggie-wright-jr-and-the-corn_EA-DSbYev9I.wav,Right. So you're || When Okay. || Sure.,UNKNOWN,LOW,UNKNOWN
EA-DSbYev9I,,SPEAKER_41,4,26.661,0.444,26.661,0,0.000,EA-DSbYev9I_turn01729 | EA-DSbYev9I_turn02499 | EA-DSbYev9I_turn03028,03:08:08.663 -> 03:08:11.335 | 05:34:18.008 -> 05:34:22.797 | 06:54:49.110 -> 06:55:01.110,/Users/rajeshpmu/Desktop/LegalMemoCMT/data/phase2/tupac/corpus/raw/nv-v-duane-keffe-d-davis-day-2-mob-james-reggie-wright-jr-and-the-corn/nv-v-duane-keffe-d-davis-day-2-mob-james-reggie-wright-jr-and-the-corn_EA-DSbYev9I.mp4 | /Users/rajeshpmu/Desktop/LegalMemoCMT/data/phase2/tupac/corpus/raw/nv-v-duane-keffe-d-davis-day-2-mob-james-reggie-wright-jr-and-the-corn/nv-v-duane-keffe-d-davis-day-2-mob-james-reggie-wright-jr-and-the-corn_EA-DSbYev9I.mp4 | /Users/rajeshpmu/Desktop/LegalMemoCMT/data/phase2/tupac/corpus/raw/nv-v-duane-keffe-d-davis-day-2-mob-james-reggie-wright-jr-and-the-corn/nv-v-duane-keffe-d-davis-day-2-mob-james-reggie-wright-jr-and-the-corn_EA-DSbYev9I.mp4,/Users/rajeshpmu/Desktop/LegalMemoCMT/data/phase2/tupac/corpus/raw/nv-v-duane-keffe-d-davis-day-2-mob-james-reggie-wright-jr-and-the-corn/nv-v-duane-keffe-d-davis-day-2-mob-james-reggie-wright-jr-and-the-corn_EA-DSbYev9I.wav | /Users/rajeshpmu/Desktop/LegalMemoCMT/data/phase2/tupac/corpus/raw/nv-v-duane-keffe-d-davis-day-2-mob-james-reggie-wright-jr-and-the-corn/nv-v-duane-keffe-d-davis-day-2-mob-james-reggie-wright-jr-and-the-corn_EA-DSbYev9I.wav | /Users/rajeshpmu/Desktop/LegalMemoCMT/data/phase2/tupac/corpus/raw/nv-v-duane-keffe-d-davis-day-2-mob-james-reggie-wright-jr-and-the-corn/nv-v-duane-keffe-d-davis-day-2-mob-james-reggie-wright-jr-and-the-corn_EA-DSbYev9I.wav,"that. We saw every || Okay. But my question to you, my || You guys, I'm going to zoom zoom while",UNKNOWN,LOW,UNKNOWN
lOcZ_IJbM3I,,SPEAKER_01,4,20.757,0.346,20.757,0,0.000,lOcZ_IJbM3I_turn08405 | lOcZ_IJbM3I_turn08749 | lOcZ_IJbM3I_turn08750,00:00:13.208 -> 00:00:15.644 | 00:45:15.467 -> 00:45:22.568 | 00:45:22.568 -> 00:45:31.230,/Users/rajeshpmu/Desktop/LegalMemoCMT/data/phase2/tupac/corpus/raw/reggie-wright-jr-full-testimony-in-tupac-murder-trial/reggie-wright-jr-full-testimony-in-tupac-murder-trial_lOcZ_IJbM3I.mp4 | /Users/rajeshpmu/Desktop/LegalMemoCMT/data/phase2/tupac/corpus/raw/reggie-wright-jr-full-testimony-in-tupac-murder-trial/reggie-wright-jr-full-testimony-in-tupac-murder-trial_lOcZ_IJbM3I.mp4 | /Users/rajeshpmu/Desktop/LegalMemoCMT/data/phase2/tupac/corpus/raw/reggie-wright-jr-full-testimony-in-tupac-murder-trial/reggie-wright-jr-full-testimony-in-tupac-murder-trial_lOcZ_IJbM3I.mp4,/Users/rajeshpmu/Desktop/LegalMemoCMT/data/phase2/tupac/corpus/raw/reggie-wright-jr-full-testimony-in-tupac-murder-trial/reggie-wright-jr-full-testimony-in-tupac-murder-trial_lOcZ_IJbM3I.wav | /Users/rajeshpmu/Desktop/LegalMemoCMT/data/phase2/tupac/corpus/raw/reggie-wright-jr-full-testimony-in-tupac-murder-trial/reggie-wright-jr-full-testimony-in-tupac-murder-trial_lOcZ_IJbM3I.wav | /Users/rajeshpmu/Desktop/LegalMemoCMT/data/phase2/tupac/corpus/raw/reggie-wright-jr-full-testimony-in-tupac-murder-trial/reggie-wright-jr-full-testimony-in-tupac-murder-trial_lOcZ_IJbM3I.wav,I'll have him take his legal name like || Um || You want to do it on the on your,UNKNOWN,LOW,UNKNOWN
nEzTBJWiyqM,,UNKNOWN,4,2.327,0.039,2.327,0,0.000,nEzTBJWiyqM_turn09341 | nEzTBJWiyqM_turn09398 | nEzTBJWiyqM_turn09433,00:03:06.392 -> 00:03:06.910 | 00:13:04.692 -> 00:13:05.695 | 00:15:37.094 -> 00:15:37.900,/Users/rajeshpmu/Desktop/LegalMemoCMT/data/phase2/tupac/corpus/raw/tupac-murder-trial-doctor-reveals-details-from-tupac-shakur-s-1996-aut/tupac-murder-trial-doctor-reveals-details-from-tupac-shakur-s-1996-aut_nEzTBJWiyqM.mp4 | /Users/rajeshpmu/Desktop/LegalMemoCMT/data/phase2/tupac/corpus/raw/tupac-murder-trial-doctor-reveals-details-from-tupac-shakur-s-1996-aut/tupac-murder-trial-doctor-reveals-details-from-tupac-shakur-s-1996-aut_nEzTBJWiyqM.mp4 | /Users/rajeshpmu/Desktop/LegalMemoCMT/data/phase2/tupac/corpus/raw/tupac-murder-trial-doctor-reveals-details-from-tupac-shakur-s-1996-aut/tupac-murder-trial-doctor-reveals-details-from-tupac-shakur-s-1996-aut_nEzTBJWiyqM.mp4,/Users/rajeshpmu/Desktop/LegalMemoCMT/data/phase2/tupac/corpus/raw/tupac-murder-trial-doctor-reveals-details-from-tupac-shakur-s-1996-aut/tupac-murder-trial-doctor-reveals-details-from-tupac-shakur-s-1996-aut_nEzTBJWiyqM.wav | /Users/rajeshpmu/Desktop/LegalMemoCMT/data/phase2/tupac/corpus/raw/tupac-murder-trial-doctor-reveals-details-from-tupac-shakur-s-1996-aut/tupac-murder-trial-doctor-reveals-details-from-tupac-shakur-s-1996-aut_nEzTBJWiyqM.wav | /Users/rajeshpmu/Desktop/LegalMemoCMT/data/phase2/tupac/corpus/raw/tupac-murder-trial-doctor-reveals-details-from-tupac-shakur-s-1996-aut/tupac-murder-trial-doctor-reveals-details-from-tupac-shakur-s-1996-aut_nEzTBJWiyqM.wav,Yes. || 56 || That's correct.,UNKNOWN,LOW,UNKNOWN
pvNr1jnlRpc,,UNKNOWN,4,4.740,0.079,4.740,0,0.000,pvNr1jnlRpc_turn09525 | pvNr1jnlRpc_turn09540 | pvNr1jnlRpc_turn09551,00:02:35.776 -> 00:02:36.503 | 00:04:11.708 -> 00:04:13.390 | 00:05:09.707 -> 00:05:10.255,/Users/rajeshpmu/Desktop/LegalMemoCMT/data/phase2/tupac/corpus/raw/tupac-murder-trial-mob-james-reveals-death-row-secrets-in-explosive-te/tupac-murder-trial-mob-james-reveals-death-row-secrets-in-explosive-te_pvNr1jnlRpc.mp4 | /Users/rajeshpmu/Desktop/LegalMemoCMT/data/phase2/tupac/corpus/raw/tupac-murder-trial-mob-james-reveals-death-row-secrets-in-explosive-te/tupac-murder-trial-mob-james-reveals-death-row-secrets-in-explosive-te_pvNr1jnlRpc.mp4 | /Users/rajeshpmu/Desktop/LegalMemoCMT/data/phase2/tupac/corpus/raw/tupac-murder-trial-mob-james-reveals-death-row-secrets-in-explosive-te/tupac-murder-trial-mob-james-reveals-death-row-secrets-in-explosive-te_pvNr1jnlRpc.mp4,/Users/rajeshpmu/Desktop/LegalMemoCMT/data/phase2/tupac/corpus/raw/tupac-murder-trial-mob-james-reveals-death-row-secrets-in-explosive-te/tupac-murder-trial-mob-james-reveals-death-row-secrets-in-explosive-te_pvNr1jnlRpc.wav | /Users/rajeshpmu/Desktop/LegalMemoCMT/data/phase2/tupac/corpus/raw/tupac-murder-trial-mob-james-reveals-death-row-secrets-in-explosive-te/tupac-murder-trial-mob-james-reveals-death-row-secrets-in-explosive-te_pvNr1jnlRpc.wav | /Users/rajeshpmu/Desktop/LegalMemoCMT/data/phase2/tupac/corpus/raw/tupac-murder-trial-mob-james-reveals-death-row-secrets-in-explosive-te/tupac-murder-trial-mob-james-reveals-death-row-secrets-in-explosive-te_pvNr1jnlRpc.wav,Yes. || [clears throat] || Rivalry.,UNKNOWN,LOW,UNKNOWN
gozVH0bYxzY,,SPEAKER_01,3,16.490,0.275,16.490,0,0.000,gozVH0bYxzY_turn07350 | gozVH0bYxzY_turn07352 | gozVH0bYxzY_turn07869,05:01:06.948 -> 05:01:11.078 | 05:01:24.150 -> 05:01:31.572 | 06:15:13.132 -> 06:15:18.070,/Users/rajeshpmu/Desktop/LegalMemoCMT/data/phase2/tupac/corpus/raw/2pac-trial-day-2-reggie-wright-and-mob-james-testify-8-18-2026/2pac-trial-day-2-reggie-wright-and-mob-james-testify-8-18-2026_gozVH0bYxzY.mp4 | /Users/rajeshpmu/Desktop/LegalMemoCMT/data/phase2/tupac/corpus/raw/2pac-trial-day-2-reggie-wright-and-mob-james-testify-8-18-2026/2pac-trial-day-2-reggie-wright-and-mob-james-testify-8-18-2026_gozVH0bYxzY.mp4 | /Users/rajeshpmu/Desktop/LegalMemoCMT/data/phase2/tupac/corpus/raw/2pac-trial-day-2-reggie-wright-and-mob-james-testify-8-18-2026/2pac-trial-day-2-reggie-wright-and-mob-james-testify-8-18-2026_gozVH0bYxzY.mp4,/Users/rajeshpmu/Desktop/LegalMemoCMT/data/phase2/tupac/corpus/raw/2pac-trial-day-2-reggie-wright-and-mob-james-testify-8-18-2026/2pac-trial-day-2-reggie-wright-and-mob-james-testify-8-18-2026_gozVH0bYxzY.wav | /Users/rajeshpmu/Desktop/LegalMemoCMT/data/phase2/tupac/corpus/raw/2pac-trial-day-2-reggie-wright-and-mob-james-testify-8-18-2026/2pac-trial-day-2-reggie-wright-and-mob-james-testify-8-18-2026_gozVH0bYxzY.wav | /Users/rajeshpmu/Desktop/LegalMemoCMT/data/phase2/tupac/corpus/raw/2pac-trial-day-2-reggie-wright-and-mob-james-testify-8-18-2026/2pac-trial-day-2-reggie-wright-and-mob-james-testify-8-18-2026_gozVH0bYxzY.wav,[snorts] || [snorts] || I got you.,UNKNOWN,LOW,UNKNOWN
gozVH0bYxzY,,SPEAKER_05,3,167.296,2.788,167.296,0,0.000,gozVH0bYxzY_turn07283 | gozVH0bYxzY_turn07336 | gozVH0bYxzY_turn07400,03:59:57.835 -> 03:59:58.273 | 04:06:31.166 -> 04:09:17.388 | 05:06:44.697 -> 05:06:45.333,/Users/rajeshpmu/Desktop/LegalMemoCMT/data/phase2/tupac/corpus/raw/2pac-trial-day-2-reggie-wright-and-mob-james-testify-8-18-2026/2pac-trial-day-2-reggie-wright-and-mob-james-testify-8-18-2026_gozVH0bYxzY.mp4 | /Users/rajeshpmu/Desktop/LegalMemoCMT/data/phase2/tupac/corpus/raw/2pac-trial-day-2-reggie-wright-and-mob-james-testify-8-18-2026/2pac-trial-day-2-reggie-wright-and-mob-james-testify-8-18-2026_gozVH0bYxzY.mp4 | /Users/rajeshpmu/Desktop/LegalMemoCMT/data/phase2/tupac/corpus/raw/2pac-trial-day-2-reggie-wright-and-mob-james-testify-8-18-2026/2pac-trial-day-2-reggie-wright-and-mob-james-testify-8-18-2026_gozVH0bYxzY.mp4,/Users/rajeshpmu/Desktop/LegalMemoCMT/data/phase2/tupac/corpus/raw/2pac-trial-day-2-reggie-wright-and-mob-james-testify-8-18-2026/2pac-trial-day-2-reggie-wright-and-mob-james-testify-8-18-2026_gozVH0bYxzY.wav | /Users/rajeshpmu/Desktop/LegalMemoCMT/data/phase2/tupac/corpus/raw/2pac-trial-day-2-reggie-wright-and-mob-james-testify-8-18-2026/2pac-trial-day-2-reggie-wright-and-mob-james-testify-8-18-2026_gozVH0bYxzY.wav | /Users/rajeshpmu/Desktop/LegalMemoCMT/data/phase2/tupac/corpus/raw/2pac-trial-day-2-reggie-wright-and-mob-james-testify-8-18-2026/2pac-trial-day-2-reggie-wright-and-mob-james-testify-8-18-2026_gozVH0bYxzY.wav,Right. || All right. Appreciate you. || from the mob?,UNKNOWN,LOW,UNKNOWN
gozVH0bYxzY,,SPEAKER_21,3,99.573,1.660,99.573,0,0.000,gozVH0bYxzY_turn06810 | gozVH0bYxzY_turn07349 | gozVH0bYxzY_turn08294,02:28:29.910 -> 02:29:16.045 | 05:00:18.608 -> 05:01:05.752 | 07:29:03.216 -> 07:29:09.510,/Users/rajeshpmu/Desktop/LegalMemoCMT/data/phase2/tupac/corpus/raw/2pac-trial-day-2-reggie-wright-and-mob-james-testify-8-18-2026/2pac-trial-day-2-reggie-wright-and-mob-james-testify-8-18-2026_gozVH0bYxzY.mp4 | /Users/rajeshpmu/Desktop/LegalMemoCMT/data/phase2/tupac/corpus/raw/2pac-trial-day-2-reggie-wright-and-mob-james-testify-8-18-2026/2pac-trial-day-2-reggie-wright-and-mob-james-testify-8-18-2026_gozVH0bYxzY.mp4 | /Users/rajeshpmu/Desktop/LegalMemoCMT/data/phase2/tupac/corpus/raw/2pac-trial-day-2-reggie-wright-and-mob-james-testify-8-18-2026/2pac-trial-day-2-reggie-wright-and-mob-james-testify-8-18-2026_gozVH0bYxzY.mp4,/Users/rajeshpmu/Desktop/LegalMemoCMT/data/phase2/tupac/corpus/raw/2pac-trial-day-2-reggie-wright-and-mob-james-testify-8-18-2026/2pac-trial-day-2-reggie-wright-and-mob-james-testify-8-18-2026_gozVH0bYxzY.wav | /Users/rajeshpmu/Desktop/LegalMemoCMT/data/phase2/tupac/corpus/raw/2pac-trial-day-2-reggie-wright-and-mob-james-testify-8-18-2026/2pac-trial-day-2-reggie-wright-and-mob-james-testify-8-18-2026_gozVH0bYxzY.wav | /Users/rajeshpmu/Desktop/LegalMemoCMT/data/phase2/tupac/corpus/raw/2pac-trial-day-2-reggie-wright-and-mob-james-testify-8-18-2026/2pac-trial-day-2-reggie-wright-and-mob-james-testify-8-18-2026_gozVH0bYxzY.wav,"And this is 115B. || Okay, sounds good. Let's bring the jury || Let me just show you.",UNKNOWN,LOW,UNKNOWN
lOcZ_IJbM3I,,SPEAKER_00,3,11.362,0.189,11.362,0,0.000,lOcZ_IJbM3I_turn08408 | lOcZ_IJbM3I_turn08409 | lOcZ_IJbM3I_turn08410,00:00:24.630 -> 00:00:30.266 | 00:00:30.266 -> 00:00:30.998 | 00:00:30.998 -> 00:00:35.992,/Users/rajeshpmu/Desktop/LegalMemoCMT/data/phase2/tupac/corpus/raw/reggie-wright-jr-full-testimony-in-tupac-murder-trial/reggie-wright-jr-full-testimony-in-tupac-murder-trial_lOcZ_IJbM3I.mp4 | /Users/rajeshpmu/Desktop/LegalMemoCMT/data/phase2/tupac/corpus/raw/reggie-wright-jr-full-testimony-in-tupac-murder-trial/reggie-wright-jr-full-testimony-in-tupac-murder-trial_lOcZ_IJbM3I.mp4 | /Users/rajeshpmu/Desktop/LegalMemoCMT/data/phase2/tupac/corpus/raw/reggie-wright-jr-full-testimony-in-tupac-murder-trial/reggie-wright-jr-full-testimony-in-tupac-murder-trial_lOcZ_IJbM3I.mp4,/Users/rajeshpmu/Desktop/LegalMemoCMT/data/phase2/tupac/corpus/raw/reggie-wright-jr-full-testimony-in-tupac-murder-trial/reggie-wright-jr-full-testimony-in-tupac-murder-trial_lOcZ_IJbM3I.wav | /Users/rajeshpmu/Desktop/LegalMemoCMT/data/phase2/tupac/corpus/raw/reggie-wright-jr-full-testimony-in-tupac-murder-trial/reggie-wright-jr-full-testimony-in-tupac-murder-trial_lOcZ_IJbM3I.wav | /Users/rajeshpmu/Desktop/LegalMemoCMT/data/phase2/tupac/corpus/raw/reggie-wright-jr-full-testimony-in-tupac-murder-trial/reggie-wright-jr-full-testimony-in-tupac-murder-trial_lOcZ_IJbM3I.wav,"Do you do solemnly swear that the || Yes, sir. || May I please have you state and spell",UNKNOWN,LOW,UNKNOWN
lOcZ_IJbM3I,,SPEAKER_04,3,11.730,0.196,11.730,0,0.000,lOcZ_IJbM3I_turn08741 | lOcZ_IJbM3I_turn08748 | lOcZ_IJbM3I_turn08790,00:44:27.553 -> 00:44:36.127 | 00:45:14.470 -> 00:45:15.467 | 00:51:42.217 -> 00:51:44.376,/Users/rajeshpmu/Desktop/LegalMemoCMT/data/phase2/tupac/corpus/raw/reggie-wright-jr-full-testimony-in-tupac-murder-trial/reggie-wright-jr-full-testimony-in-tupac-murder-trial_lOcZ_IJbM3I.mp4 | /Users/rajeshpmu/Desktop/LegalMemoCMT/data/phase2/tupac/corpus/raw/reggie-wright-jr-full-testimony-in-tupac-murder-trial/reggie-wright-jr-full-testimony-in-tupac-murder-trial_lOcZ_IJbM3I.mp4 | /Users/rajeshpmu/Desktop/LegalMemoCMT/data/phase2/tupac/corpus/raw/reggie-wright-jr-full-testimony-in-tupac-murder-trial/reggie-wright-jr-full-testimony-in-tupac-murder-trial_lOcZ_IJbM3I.mp4,/Users/rajeshpmu/Desktop/LegalMemoCMT/data/phase2/tupac/corpus/raw/reggie-wright-jr-full-testimony-in-tupac-murder-trial/reggie-wright-jr-full-testimony-in-tupac-murder-trial_lOcZ_IJbM3I.wav | /Users/rajeshpmu/Desktop/LegalMemoCMT/data/phase2/tupac/corpus/raw/reggie-wright-jr-full-testimony-in-tupac-murder-trial/reggie-wright-jr-full-testimony-in-tupac-murder-trial_lOcZ_IJbM3I.wav | /Users/rajeshpmu/Desktop/LegalMemoCMT/data/phase2/tupac/corpus/raw/reggie-wright-jr-full-testimony-in-tupac-murder-trial/reggie-wright-jr-full-testimony-in-tupac-murder-trial_lOcZ_IJbM3I.wav,Absolutely not. || Can you get the computer up to him? || [laughter],UNKNOWN,LOW,UNKNOWN
lOcZ_IJbM3I,,SPEAKER_06,3,9.888,0.165,9.888,0,0.000,lOcZ_IJbM3I_turn09194 | lOcZ_IJbM3I_turn09195 | lOcZ_IJbM3I_turn09282,01:37:59.550 -> 01:38:04.540 | 01:38:04.540 -> 01:38:08.535 | 01:48:00.250 -> 01:48:01.153,/Users/rajeshpmu/Desktop/LegalMemoCMT/data/phase2/tupac/corpus/raw/reggie-wright-jr-full-testimony-in-tupac-murder-trial/reggie-wright-jr-full-testimony-in-tupac-murder-trial_lOcZ_IJbM3I.mp4 | /Users/rajeshpmu/Desktop/LegalMemoCMT/data/phase2/tupac/corpus/raw/reggie-wright-jr-full-testimony-in-tupac-murder-trial/reggie-wright-jr-full-testimony-in-tupac-murder-trial_lOcZ_IJbM3I.mp4 | /Users/rajeshpmu/Desktop/LegalMemoCMT/data/phase2/tupac/corpus/raw/reggie-wright-jr-full-testimony-in-tupac-murder-trial/reggie-wright-jr-full-testimony-in-tupac-murder-trial_lOcZ_IJbM3I.mp4,/Users/rajeshpmu/Desktop/LegalMemoCMT/data/phase2/tupac/corpus/raw/reggie-wright-jr-full-testimony-in-tupac-murder-trial/reggie-wright-jr-full-testimony-in-tupac-murder-trial_lOcZ_IJbM3I.wav | /Users/rajeshpmu/Desktop/LegalMemoCMT/data/phase2/tupac/corpus/raw/reggie-wright-jr-full-testimony-in-tupac-murder-trial/reggie-wright-jr-full-testimony-in-tupac-murder-trial_lOcZ_IJbM3I.wav | /Users/rajeshpmu/Desktop/LegalMemoCMT/data/phase2/tupac/corpus/raw/reggie-wright-jr-full-testimony-in-tupac-murder-trial/reggie-wright-jr-full-testimony-in-tupac-murder-trial_lOcZ_IJbM3I.wav,"Let me let me just do this as a || So, it's sustained. So, I || I do.",UNKNOWN,LOW,UNKNOWN
EA-DSbYev9I,,SPEAKER_07,2,4.592,0.077,4.592,0,0.000,EA-DSbYev9I_turn02476 | EA-DSbYev9I_turn02647,05:31:27.424 -> 05:31:30.340 | 05:58:53.875 -> 05:58:55.551,/Users/rajeshpmu/Desktop/LegalMemoCMT/data/phase2/tupac/corpus/raw/nv-v-duane-keffe-d-davis-day-2-mob-james-reggie-wright-jr-and-the-corn/nv-v-duane-keffe-d-davis-day-2-mob-james-reggie-wright-jr-and-the-corn_EA-DSbYev9I.mp4 | /Users/rajeshpmu/Desktop/LegalMemoCMT/data/phase2/tupac/corpus/raw/nv-v-duane-keffe-d-davis-day-2-mob-james-reggie-wright-jr-and-the-corn/nv-v-duane-keffe-d-davis-day-2-mob-james-reggie-wright-jr-and-the-corn_EA-DSbYev9I.mp4,/Users/rajeshpmu/Desktop/LegalMemoCMT/data/phase2/tupac/corpus/raw/nv-v-duane-keffe-d-davis-day-2-mob-james-reggie-wright-jr-and-the-corn/nv-v-duane-keffe-d-davis-day-2-mob-james-reggie-wright-jr-and-the-corn_EA-DSbYev9I.wav | /Users/rajeshpmu/Desktop/LegalMemoCMT/data/phase2/tupac/corpus/raw/nv-v-duane-keffe-d-davis-day-2-mob-james-reggie-wright-jr-and-the-corn/nv-v-duane-keffe-d-davis-day-2-mob-james-reggie-wright-jr-and-the-corn_EA-DSbYev9I.wav,"And once again, I want to I want to ask || And who was your father?",UNKNOWN,LOW,UNKNOWN
EA-DSbYev9I,,SPEAKER_09,2,7.782,0.130,7.782,0,0.000,EA-DSbYev9I_turn01356 | EA-DSbYev9I_turn02599,02:16:47.032 -> 02:16:49.300 | 05:47:56.808 -> 05:48:02.322,/Users/rajeshpmu/Desktop/LegalMemoCMT/data/phase2/tupac/corpus/raw/nv-v-duane-keffe-d-davis-day-2-mob-james-reggie-wright-jr-and-the-corn/nv-v-duane-keffe-d-davis-day-2-mob-james-reggie-wright-jr-and-the-corn_EA-DSbYev9I.mp4 | /Users/rajeshpmu/Desktop/LegalMemoCMT/data/phase2/tupac/corpus/raw/nv-v-duane-keffe-d-davis-day-2-mob-james-reggie-wright-jr-and-the-corn/nv-v-duane-keffe-d-davis-day-2-mob-james-reggie-wright-jr-and-the-corn_EA-DSbYev9I.mp4,/Users/rajeshpmu/Desktop/LegalMemoCMT/data/phase2/tupac/corpus/raw/nv-v-duane-keffe-d-davis-day-2-mob-james-reggie-wright-jr-and-the-corn/nv-v-duane-keffe-d-davis-day-2-mob-james-reggie-wright-jr-and-the-corn_EA-DSbYev9I.wav | /Users/rajeshpmu/Desktop/LegalMemoCMT/data/phase2/tupac/corpus/raw/nv-v-duane-keffe-d-davis-day-2-mob-james-reggie-wright-jr-and-the-corn/nv-v-duane-keffe-d-davis-day-2-mob-james-reggie-wright-jr-and-the-corn_EA-DSbYev9I.wav,"Mr. Okay. || right. Junior instructs. All right, I",UNKNOWN,LOW,UNKNOWN
EA-DSbYev9I,,SPEAKER_27,2,3.568,0.059,3.568,0,0.000,EA-DSbYev9I_turn01686 | EA-DSbYev9I_turn01687,03:05:26.635 -> 03:05:27.150 | 03:05:27.150 -> 03:05:30.203,/Users/rajeshpmu/Desktop/LegalMemoCMT/data/phase2/tupac/corpus/raw/nv-v-duane-keffe-d-davis-day-2-mob-james-reggie-wright-jr-and-the-corn/nv-v-duane-keffe-d-davis-day-2-mob-james-reggie-wright-jr-and-the-corn_EA-DSbYev9I.mp4 | /Users/rajeshpmu/Desktop/LegalMemoCMT/data/phase2/tupac/corpus/raw/nv-v-duane-keffe-d-davis-day-2-mob-james-reggie-wright-jr-and-the-corn/nv-v-duane-keffe-d-davis-day-2-mob-james-reggie-wright-jr-and-the-corn_EA-DSbYev9I.mp4,/Users/rajeshpmu/Desktop/LegalMemoCMT/data/phase2/tupac/corpus/raw/nv-v-duane-keffe-d-davis-day-2-mob-james-reggie-wright-jr-and-the-corn/nv-v-duane-keffe-d-davis-day-2-mob-james-reggie-wright-jr-and-the-corn_EA-DSbYev9I.wav | /Users/rajeshpmu/Desktop/LegalMemoCMT/data/phase2/tupac/corpus/raw/nv-v-duane-keffe-d-davis-day-2-mob-james-reggie-wright-jr-and-the-corn/nv-v-duane-keffe-d-davis-day-2-mob-james-reggie-wright-jr-and-the-corn_EA-DSbYev9I.wav,Okay. Right. || I'm going to zoom a little bit better,UNKNOWN,LOW,UNKNOWN
EA-DSbYev9I,,SPEAKER_33,2,4.956,0.083,4.956,0,0.000,EA-DSbYev9I_turn01384 | EA-DSbYev9I_turn01390,02:20:21.993 -> 02:20:25.159 | 02:21:26.440 -> 02:21:28.230,/Users/rajeshpmu/Desktop/LegalMemoCMT/data/phase2/tupac/corpus/raw/nv-v-duane-keffe-d-davis-day-2-mob-james-reggie-wright-jr-and-the-corn/nv-v-duane-keffe-d-davis-day-2-mob-james-reggie-wright-jr-and-the-corn_EA-DSbYev9I.mp4 | /Users/rajeshpmu/Desktop/LegalMemoCMT/data/phase2/tupac/corpus/raw/nv-v-duane-keffe-d-davis-day-2-mob-james-reggie-wright-jr-and-the-corn/nv-v-duane-keffe-d-davis-day-2-mob-james-reggie-wright-jr-and-the-corn_EA-DSbYev9I.mp4,/Users/rajeshpmu/Desktop/LegalMemoCMT/data/phase2/tupac/corpus/raw/nv-v-duane-keffe-d-davis-day-2-mob-james-reggie-wright-jr-and-the-corn/nv-v-duane-keffe-d-davis-day-2-mob-james-reggie-wright-jr-and-the-corn_EA-DSbYev9I.wav | /Users/rajeshpmu/Desktop/LegalMemoCMT/data/phase2/tupac/corpus/raw/nv-v-duane-keffe-d-davis-day-2-mob-james-reggie-wright-jr-and-the-corn/nv-v-duane-keffe-d-davis-day-2-mob-james-reggie-wright-jr-and-the-corn_EA-DSbYev9I.wav,Huh? || Say that for me one more time.,UNKNOWN,LOW,UNKNOWN
Wt1h7rnCvZQ,,SPEAKER_18,2,25.940,0.432,25.940,0,0.000,Wt1h7rnCvZQ_turn04435 | Wt1h7rnCvZQ_turn05539,01:58:41.673 -> 01:58:49.613 | 06:21:21.190 -> 06:21:39.190,/Users/rajeshpmu/Desktop/LegalMemoCMT/data/phase2/tupac/corpus/raw/live-nv-v-duane-keffe-d-davis-day-2-tupac-murder-trial/live-nv-v-duane-keffe-d-davis-day-2-tupac-murder-trial_Wt1h7rnCvZQ.mp4 | /Users/rajeshpmu/Desktop/LegalMemoCMT/data/phase2/tupac/corpus/raw/live-nv-v-duane-keffe-d-davis-day-2-tupac-murder-trial/live-nv-v-duane-keffe-d-davis-day-2-tupac-murder-trial_Wt1h7rnCvZQ.mp4,/Users/rajeshpmu/Desktop/LegalMemoCMT/data/phase2/tupac/corpus/raw/live-nv-v-duane-keffe-d-davis-day-2-tupac-murder-trial/live-nv-v-duane-keffe-d-davis-day-2-tupac-murder-trial_Wt1h7rnCvZQ.wav | /Users/rajeshpmu/Desktop/LegalMemoCMT/data/phase2/tupac/corpus/raw/live-nv-v-duane-keffe-d-davis-day-2-tupac-murder-trial/live-nv-v-duane-keffe-d-davis-day-2-tupac-murder-trial_Wt1h7rnCvZQ.wav,"Oh, sorry. || We can take the computer up to um I just",UNKNOWN,LOW,UNKNOWN
Wt1h7rnCvZQ,,SPEAKER_21,2,18.756,0.313,18.756,0,0.000,Wt1h7rnCvZQ_turn04259 | Wt1h7rnCvZQ_turn04260,01:16:03.795 -> 01:16:04.894 | 01:16:04.894 -> 01:16:22.551,/Users/rajeshpmu/Desktop/LegalMemoCMT/data/phase2/tupac/corpus/raw/live-nv-v-duane-keffe-d-davis-day-2-tupac-murder-trial/live-nv-v-duane-keffe-d-davis-day-2-tupac-murder-trial_Wt1h7rnCvZQ.mp4 | /Users/rajeshpmu/Desktop/LegalMemoCMT/data/phase2/tupac/corpus/raw/live-nv-v-duane-keffe-d-davis-day-2-tupac-murder-trial/live-nv-v-duane-keffe-d-davis-day-2-tupac-murder-trial_Wt1h7rnCvZQ.mp4,/Users/rajeshpmu/Desktop/LegalMemoCMT/data/phase2/tupac/corpus/raw/live-nv-v-duane-keffe-d-davis-day-2-tupac-murder-trial/live-nv-v-duane-keffe-d-davis-day-2-tupac-murder-trial_Wt1h7rnCvZQ.wav | /Users/rajeshpmu/Desktop/LegalMemoCMT/data/phase2/tupac/corpus/raw/live-nv-v-duane-keffe-d-davis-day-2-tupac-murder-trial/live-nv-v-duane-keffe-d-davis-day-2-tupac-murder-trial_Wt1h7rnCvZQ.wav,Correct. || Go back to you.,UNKNOWN,LOW,UNKNOWN
Wt1h7rnCvZQ,,SPEAKER_22,2,17.425,0.290,17.425,0,0.000,Wt1h7rnCvZQ_turn04053 | Wt1h7rnCvZQ_turn04670,00:43:29.552 -> 00:43:40.690 | 02:41:22.669 -> 02:41:28.956,/Users/rajeshpmu/Desktop/LegalMemoCMT/data/phase2/tupac/corpus/raw/live-nv-v-duane-keffe-d-davis-day-2-tupac-murder-trial/live-nv-v-duane-keffe-d-davis-day-2-tupac-murder-trial_Wt1h7rnCvZQ.mp4 | /Users/rajeshpmu/Desktop/LegalMemoCMT/data/phase2/tupac/corpus/raw/live-nv-v-duane-keffe-d-davis-day-2-tupac-murder-trial/live-nv-v-duane-keffe-d-davis-day-2-tupac-murder-trial_Wt1h7rnCvZQ.mp4,/Users/rajeshpmu/Desktop/LegalMemoCMT/data/phase2/tupac/corpus/raw/live-nv-v-duane-keffe-d-davis-day-2-tupac-murder-trial/live-nv-v-duane-keffe-d-davis-day-2-tupac-murder-trial_Wt1h7rnCvZQ.wav | /Users/rajeshpmu/Desktop/LegalMemoCMT/data/phase2/tupac/corpus/raw/live-nv-v-duane-keffe-d-davis-day-2-tupac-murder-trial/live-nv-v-duane-keffe-d-davis-day-2-tupac-murder-trial_Wt1h7rnCvZQ.wav,"Okay. || Well, this would be the hotel and this",UNKNOWN,LOW,UNKNOWN
YCH11exBTlY,,UNKNOWN,2,0.916,0.015,0.916,0,0.000,YCH11exBTlY_turn06057 | YCH11exBTlY_turn06084,00:10:13.232 -> 00:10:14.148 | 00:16:58.674 -> 00:15:07.154,/Users/rajeshpmu/Desktop/LegalMemoCMT/data/phase2/tupac/corpus/raw/retired-lvmpd-officer-testimony-in-tupac-murder-trial/retired-lvmpd-officer-testimony-in-tupac-murder-trial_YCH11exBTlY.mp4 | /Users/rajeshpmu/Desktop/LegalMemoCMT/data/phase2/tupac/corpus/raw/retired-lvmpd-officer-testimony-in-tupac-murder-trial/retired-lvmpd-officer-testimony-in-tupac-murder-trial_YCH11exBTlY.mp4,/Users/rajeshpmu/Desktop/LegalMemoCMT/data/phase2/tupac/corpus/raw/retired-lvmpd-officer-testimony-in-tupac-murder-trial/retired-lvmpd-officer-testimony-in-tupac-murder-trial_YCH11exBTlY.wav | /Users/rajeshpmu/Desktop/LegalMemoCMT/data/phase2/tupac/corpus/raw/retired-lvmpd-officer-testimony-in-tupac-murder-trial/retired-lvmpd-officer-testimony-in-tupac-murder-trial_YCH11exBTlY.wav,"There's a place. || Okay, cross-examination Y we're on record in uh state versus data C377407. Anything we need to address outside the presence of the jury",UNKNOWN,LOW,UNKNOWN
gozVH0bYxzY,,SPEAKER_04,2,11.196,0.187,11.196,0,0.000,gozVH0bYxzY_turn08306 | gozVH0bYxzY_turn08307,07:31:42.394 -> 07:31:49.337 | 07:31:49.337 -> 07:31:53.590,/Users/rajeshpmu/Desktop/LegalMemoCMT/data/phase2/tupac/corpus/raw/2pac-trial-day-2-reggie-wright-and-mob-james-testify-8-18-2026/2pac-trial-day-2-reggie-wright-and-mob-james-testify-8-18-2026_gozVH0bYxzY.mp4 | /Users/rajeshpmu/Desktop/LegalMemoCMT/data/phase2/tupac/corpus/raw/2pac-trial-day-2-reggie-wright-and-mob-james-testify-8-18-2026/2pac-trial-day-2-reggie-wright-and-mob-james-testify-8-18-2026_gozVH0bYxzY.mp4,/Users/rajeshpmu/Desktop/LegalMemoCMT/data/phase2/tupac/corpus/raw/2pac-trial-day-2-reggie-wright-and-mob-james-testify-8-18-2026/2pac-trial-day-2-reggie-wright-and-mob-james-testify-8-18-2026_gozVH0bYxzY.wav | /Users/rajeshpmu/Desktop/LegalMemoCMT/data/phase2/tupac/corpus/raw/2pac-trial-day-2-reggie-wright-and-mob-james-testify-8-18-2026/2pac-trial-day-2-reggie-wright-and-mob-james-testify-8-18-2026_gozVH0bYxzY.wav,I apologize. You're || everyone approach.,UNKNOWN,LOW,UNKNOWN
gozVH0bYxzY,,SPEAKER_07,2,2.289,0.038,2.289,0,0.000,gozVH0bYxzY_turn07984 | gozVH0bYxzY_turn08292,06:38:08.070 -> 06:38:09.733 | 07:28:57.912 -> 07:28:58.538,/Users/rajeshpmu/Desktop/LegalMemoCMT/data/phase2/tupac/corpus/raw/2pac-trial-day-2-reggie-wright-and-mob-james-testify-8-18-2026/2pac-trial-day-2-reggie-wright-and-mob-james-testify-8-18-2026_gozVH0bYxzY.mp4 | /Users/rajeshpmu/Desktop/LegalMemoCMT/data/phase2/tupac/corpus/raw/2pac-trial-day-2-reggie-wright-and-mob-james-testify-8-18-2026/2pac-trial-day-2-reggie-wright-and-mob-james-testify-8-18-2026_gozVH0bYxzY.mp4,/Users/rajeshpmu/Desktop/LegalMemoCMT/data/phase2/tupac/corpus/raw/2pac-trial-day-2-reggie-wright-and-mob-james-testify-8-18-2026/2pac-trial-day-2-reggie-wright-and-mob-james-testify-8-18-2026_gozVH0bYxzY.wav | /Users/rajeshpmu/Desktop/LegalMemoCMT/data/phase2/tupac/corpus/raw/2pac-trial-day-2-reggie-wright-and-mob-james-testify-8-18-2026/2pac-trial-day-2-reggie-wright-and-mob-james-testify-8-18-2026_gozVH0bYxzY.wav,"You recognize who that person is? || Um,",UNKNOWN,LOW,UNKNOWN
gozVH0bYxzY,,SPEAKER_13,2,7.572,0.126,7.572,0,0.000,gozVH0bYxzY_turn07273 | gozVH0bYxzY_turn07274,03:58:19.562 -> 03:58:26.701 | 03:58:26.701 -> 03:58:27.134,/Users/rajeshpmu/Desktop/LegalMemoCMT/data/phase2/tupac/corpus/raw/2pac-trial-day-2-reggie-wright-and-mob-james-testify-8-18-2026/2pac-trial-day-2-reggie-wright-and-mob-james-testify-8-18-2026_gozVH0bYxzY.mp4 | /Users/rajeshpmu/Desktop/LegalMemoCMT/data/phase2/tupac/corpus/raw/2pac-trial-day-2-reggie-wright-and-mob-james-testify-8-18-2026/2pac-trial-day-2-reggie-wright-and-mob-james-testify-8-18-2026_gozVH0bYxzY.mp4,/Users/rajeshpmu/Desktop/LegalMemoCMT/data/phase2/tupac/corpus/raw/2pac-trial-day-2-reggie-wright-and-mob-james-testify-8-18-2026/2pac-trial-day-2-reggie-wright-and-mob-james-testify-8-18-2026_gozVH0bYxzY.wav | /Users/rajeshpmu/Desktop/LegalMemoCMT/data/phase2/tupac/corpus/raw/2pac-trial-day-2-reggie-wright-and-mob-james-testify-8-18-2026/2pac-trial-day-2-reggie-wright-and-mob-james-testify-8-18-2026_gozVH0bYxzY.wav,So can I ask you a question? If Martin || [clears throat],UNKNOWN,LOW,UNKNOWN
gozVH0bYxzY,,SPEAKER_25,2,61.786,1.030,61.786,0,0.000,gozVH0bYxzY_turn06355 | gozVH0bYxzY_turn06563,00:48:07.860 -> 00:48:10.437 | 01:19:32.112 -> 01:20:31.321,/Users/rajeshpmu/Desktop/LegalMemoCMT/data/phase2/tupac/corpus/raw/2pac-trial-day-2-reggie-wright-and-mob-james-testify-8-18-2026/2pac-trial-day-2-reggie-wright-and-mob-james-testify-8-18-2026_gozVH0bYxzY.mp4 | /Users/rajeshpmu/Desktop/LegalMemoCMT/data/phase2/tupac/corpus/raw/2pac-trial-day-2-reggie-wright-and-mob-james-testify-8-18-2026/2pac-trial-day-2-reggie-wright-and-mob-james-testify-8-18-2026_gozVH0bYxzY.mp4,/Users/rajeshpmu/Desktop/LegalMemoCMT/data/phase2/tupac/corpus/raw/2pac-trial-day-2-reggie-wright-and-mob-james-testify-8-18-2026/2pac-trial-day-2-reggie-wright-and-mob-james-testify-8-18-2026_gozVH0bYxzY.wav | /Users/rajeshpmu/Desktop/LegalMemoCMT/data/phase2/tupac/corpus/raw/2pac-trial-day-2-reggie-wright-and-mob-james-testify-8-18-2026/2pac-trial-day-2-reggie-wright-and-mob-james-testify-8-18-2026_gozVH0bYxzY.wav,"Okay. Cross examination. Mr. Sam, I have || Correct. We can see the 13 on this jersey right here with the gentleman walking behind him. [clears throat] I don't know why I did that. right, we're going to use a different program so we don't watch it sideways. And I'll turn my volume of",UNKNOWN,LOW,UNKNOWN
gozVH0bYxzY,,SPEAKER_35,2,1476.997,24.617,1476.997,0,0.000,gozVH0bYxzY_turn06786 | gozVH0bYxzY_turn07998,02:13:52.445 -> 02:25:44.635 | 06:40:21.910 -> 06:53:06.717,/Users/rajeshpmu/Desktop/LegalMemoCMT/data/phase2/tupac/corpus/raw/2pac-trial-day-2-reggie-wright-and-mob-james-testify-8-18-2026/2pac-trial-day-2-reggie-wright-and-mob-james-testify-8-18-2026_gozVH0bYxzY.mp4 | /Users/rajeshpmu/Desktop/LegalMemoCMT/data/phase2/tupac/corpus/raw/2pac-trial-day-2-reggie-wright-and-mob-james-testify-8-18-2026/2pac-trial-day-2-reggie-wright-and-mob-james-testify-8-18-2026_gozVH0bYxzY.mp4,/Users/rajeshpmu/Desktop/LegalMemoCMT/data/phase2/tupac/corpus/raw/2pac-trial-day-2-reggie-wright-and-mob-james-testify-8-18-2026/2pac-trial-day-2-reggie-wright-and-mob-james-testify-8-18-2026_gozVH0bYxzY.wav | /Users/rajeshpmu/Desktop/LegalMemoCMT/data/phase2/tupac/corpus/raw/2pac-trial-day-2-reggie-wright-and-mob-james-testify-8-18-2026/2pac-trial-day-2-reggie-wright-and-mob-james-testify-8-18-2026_gozVH0bYxzY.wav,"You're going to have to print that out. || For the record, the jury has exited the",UNKNOWN,LOW,UNKNOWN
pvNr1jnlRpc,,SPEAKER_00,2,24.890,0.415,24.890,0,0.000,pvNr1jnlRpc_turn09810 | pvNr1jnlRpc_turn09811,00:36:41.910 -> 00:37:00.070 | 00:37:01.950 -> 00:37:08.680,/Users/rajeshpmu/Desktop/LegalMemoCMT/data/phase2/tupac/corpus/raw/tupac-murder-trial-mob-james-reveals-death-row-secrets-in-explosive-te/tupac-murder-trial-mob-james-reveals-death-row-secrets-in-explosive-te_pvNr1jnlRpc.mp4 | /Users/rajeshpmu/Desktop/LegalMemoCMT/data/phase2/tupac/corpus/raw/tupac-murder-trial-mob-james-reveals-death-row-secrets-in-explosive-te/tupac-murder-trial-mob-james-reveals-death-row-secrets-in-explosive-te_pvNr1jnlRpc.mp4,/Users/rajeshpmu/Desktop/LegalMemoCMT/data/phase2/tupac/corpus/raw/tupac-murder-trial-mob-james-reveals-death-row-secrets-in-explosive-te/tupac-murder-trial-mob-james-reveals-death-row-secrets-in-explosive-te_pvNr1jnlRpc.wav | /Users/rajeshpmu/Desktop/LegalMemoCMT/data/phase2/tupac/corpus/raw/tupac-murder-trial-mob-james-reveals-death-row-secrets-in-explosive-te/tupac-murder-trial-mob-james-reveals-death-row-secrets-in-explosive-te_pvNr1jnlRpc.wav,"Every morning the countdown begins for || For more news and updates, all you need",UNKNOWN,LOW,UNKNOWN
DiurriBQxVs,,SPEAKER_01,1,96.675,1.611,96.675,0,0.000,DiurriBQxVs_turn00375,00:37:03.980 -> 00:38:40.655,/Users/rajeshpmu/Desktop/LegalMemoCMT/data/phase2/tupac/corpus/raw/keefe-d-s-lawyer-cross-exams-ex-suge-knight-security-reggie-wright-abo/keefe-d-s-lawyer-cross-exams-ex-suge-knight-security-reggie-wright-abo_DiurriBQxVs.mp4,/Users/rajeshpmu/Desktop/LegalMemoCMT/data/phase2/tupac/corpus/raw/keefe-d-s-lawyer-cross-exams-ex-suge-knight-security-reggie-wright-abo/keefe-d-s-lawyer-cross-exams-ex-suge-knight-security-reggie-wright-abo_DiurriBQxVs.wav,Of course.,UNKNOWN,LOW,UNKNOWN
EA-DSbYev9I,,SPEAKER_00,1,2.335,0.039,2.335,0,0.000,EA-DSbYev9I_turn02924,06:41:44.183 -> 06:41:46.518,/Users/rajeshpmu/Desktop/LegalMemoCMT/data/phase2/tupac/corpus/raw/nv-v-duane-keffe-d-davis-day-2-mob-james-reggie-wright-jr-and-the-corn/nv-v-duane-keffe-d-davis-day-2-mob-james-reggie-wright-jr-and-the-corn_EA-DSbYev9I.mp4,/Users/rajeshpmu/Desktop/LegalMemoCMT/data/phase2/tupac/corpus/raw/nv-v-duane-keffe-d-davis-day-2-mob-james-reggie-wright-jr-and-the-corn/nv-v-duane-keffe-d-davis-day-2-mob-james-reggie-wright-jr-and-the-corn_EA-DSbYev9I.wav,Oh yes,UNKNOWN,LOW,UNKNOWN
EA-DSbYev9I,,SPEAKER_20,1,5.426,0.090,5.426,0,0.000,EA-DSbYev9I_turn02233,04:48:27.723 -> 04:48:33.149,/Users/rajeshpmu/Desktop/LegalMemoCMT/data/phase2/tupac/corpus/raw/nv-v-duane-keffe-d-davis-day-2-mob-james-reggie-wright-jr-and-the-corn/nv-v-duane-keffe-d-davis-day-2-mob-james-reggie-wright-jr-and-the-corn_EA-DSbYev9I.mp4,/Users/rajeshpmu/Desktop/LegalMemoCMT/data/phase2/tupac/corpus/raw/nv-v-duane-keffe-d-davis-day-2-mob-james-reggie-wright-jr-and-the-corn/nv-v-duane-keffe-d-davis-day-2-mob-james-reggie-wright-jr-and-the-corn_EA-DSbYev9I.wav,The only one I know of is Southside.,UNKNOWN,LOW,UNKNOWN
EA-DSbYev9I,,SPEAKER_22,1,4.607,0.077,4.607,0,0.000,EA-DSbYev9I_turn02198,04:43:01.355 -> 04:43:05.962,/Users/rajeshpmu/Desktop/LegalMemoCMT/data/phase2/tupac/corpus/raw/nv-v-duane-keffe-d-davis-day-2-mob-james-reggie-wright-jr-and-the-corn/nv-v-duane-keffe-d-davis-day-2-mob-james-reggie-wright-jr-and-the-corn_EA-DSbYev9I.mp4,/Users/rajeshpmu/Desktop/LegalMemoCMT/data/phase2/tupac/corpus/raw/nv-v-duane-keffe-d-davis-day-2-mob-james-reggie-wright-jr-and-the-corn/nv-v-duane-keffe-d-davis-day-2-mob-james-reggie-wright-jr-and-the-corn_EA-DSbYev9I.wav,"Um, and what was your role with uh,",UNKNOWN,LOW,UNKNOWN
Wt1h7rnCvZQ,,SPEAKER_00,1,1.164,0.019,1.164,0,0.000,Wt1h7rnCvZQ_turn04076,00:46:33.277 -> 00:46:34.441,/Users/rajeshpmu/Desktop/LegalMemoCMT/data/phase2/tupac/corpus/raw/live-nv-v-duane-keffe-d-davis-day-2-tupac-murder-trial/live-nv-v-duane-keffe-d-davis-day-2-tupac-murder-trial_Wt1h7rnCvZQ.mp4,/Users/rajeshpmu/Desktop/LegalMemoCMT/data/phase2/tupac/corpus/raw/live-nv-v-duane-keffe-d-davis-day-2-tupac-murder-trial/live-nv-v-duane-keffe-d-davis-day-2-tupac-murder-trial_Wt1h7rnCvZQ.wav,Who was it?,UNKNOWN,LOW,UNKNOWN
Wt1h7rnCvZQ,,SPEAKER_05,1,10.804,0.180,10.804,0,0.000,Wt1h7rnCvZQ_turn05961,07:31:20.708 -> 07:31:31.512,/Users/rajeshpmu/Desktop/LegalMemoCMT/data/phase2/tupac/corpus/raw/live-nv-v-duane-keffe-d-davis-day-2-tupac-murder-trial/live-nv-v-duane-keffe-d-davis-day-2-tupac-murder-trial_Wt1h7rnCvZQ.mp4,/Users/rajeshpmu/Desktop/LegalMemoCMT/data/phase2/tupac/corpus/raw/live-nv-v-duane-keffe-d-davis-day-2-tupac-murder-trial/live-nv-v-duane-keffe-d-davis-day-2-tupac-murder-trial_Wt1h7rnCvZQ.wav,I'm sorry. Who determined who made you,UNKNOWN,LOW,UNKNOWN
Wt1h7rnCvZQ,,SPEAKER_09,1,10.434,0.174,10.434,0,0.000,Wt1h7rnCvZQ_turn05571,06:30:54.996 -> 06:31:05.430,/Users/rajeshpmu/Desktop/LegalMemoCMT/data/phase2/tupac/corpus/raw/live-nv-v-duane-keffe-d-davis-day-2-tupac-murder-trial/live-nv-v-duane-keffe-d-davis-day-2-tupac-murder-trial_Wt1h7rnCvZQ.mp4,/Users/rajeshpmu/Desktop/LegalMemoCMT/data/phase2/tupac/corpus/raw/live-nv-v-duane-keffe-d-davis-day-2-tupac-murder-trial/live-nv-v-duane-keffe-d-davis-day-2-tupac-murder-trial_Wt1h7rnCvZQ.wav,I'm sorry.,UNKNOWN,LOW,UNKNOWN
gozVH0bYxzY,,SPEAKER_02,1,157.243,2.621,157.243,0,0.000,gozVH0bYxzY_turn07337,04:09:17.388 -> 04:11:54.631,/Users/rajeshpmu/Desktop/LegalMemoCMT/data/phase2/tupac/corpus/raw/2pac-trial-day-2-reggie-wright-and-mob-james-testify-8-18-2026/2pac-trial-day-2-reggie-wright-and-mob-james-testify-8-18-2026_gozVH0bYxzY.mp4,/Users/rajeshpmu/Desktop/LegalMemoCMT/data/phase2/tupac/corpus/raw/2pac-trial-day-2-reggie-wright-and-mob-james-testify-8-18-2026/2pac-trial-day-2-reggie-wright-and-mob-james-testify-8-18-2026_gozVH0bYxzY.wav,"Peace out, brother. Today is the anniversary of Tupac passing. it would have been 26 years today. Um, can we speak about, you know, I know we've all gone over the shooting and we've all gone over the hospital and all that stuff, but can you",UNKNOWN,LOW,UNKNOWN
gozVH0bYxzY,,SPEAKER_28,1,0.985,0.016,0.985,0,0.000,gozVH0bYxzY_turn06835,02:31:58.992 -> 02:31:59.977,/Users/rajeshpmu/Desktop/LegalMemoCMT/data/phase2/tupac/corpus/raw/2pac-trial-day-2-reggie-wright-and-mob-james-testify-8-18-2026/2pac-trial-day-2-reggie-wright-and-mob-james-testify-8-18-2026_gozVH0bYxzY.mp4,/Users/rajeshpmu/Desktop/LegalMemoCMT/data/phase2/tupac/corpus/raw/2pac-trial-day-2-reggie-wright-and-mob-james-testify-8-18-2026/2pac-trial-day-2-reggie-wright-and-mob-james-testify-8-18-2026_gozVH0bYxzY.wav,Yes.,UNKNOWN,LOW,UNKNOWN
gozVH0bYxzY,,SPEAKER_32,1,0.925,0.015,0.925,0,0.000,gozVH0bYxzY_turn06400,00:55:06.969 -> 00:55:07.894,/Users/rajeshpmu/Desktop/LegalMemoCMT/data/phase2/tupac/corpus/raw/2pac-trial-day-2-reggie-wright-and-mob-james-testify-8-18-2026/2pac-trial-day-2-reggie-wright-and-mob-james-testify-8-18-2026_gozVH0bYxzY.mp4,/Users/rajeshpmu/Desktop/LegalMemoCMT/data/phase2/tupac/corpus/raw/2pac-trial-day-2-reggie-wright-and-mob-james-testify-8-18-2026/2pac-trial-day-2-reggie-wright-and-mob-james-testify-8-18-2026_gozVH0bYxzY.wav,Correct.,UNKNOWN,LOW,UNKNOWN
lOcZ_IJbM3I,,SPEAKER_03,1,1.199,0.020,1.199,0,0.000,lOcZ_IJbM3I_turn09129,01:31:11.028 -> 01:31:12.227,/Users/rajeshpmu/Desktop/LegalMemoCMT/data/phase2/tupac/corpus/raw/reggie-wright-jr-full-testimony-in-tupac-murder-trial/reggie-wright-jr-full-testimony-in-tupac-murder-trial_lOcZ_IJbM3I.mp4,/Users/rajeshpmu/Desktop/LegalMemoCMT/data/phase2/tupac/corpus/raw/reggie-wright-jr-full-testimony-in-tupac-murder-trial/reggie-wright-jr-full-testimony-in-tupac-murder-trial_lOcZ_IJbM3I.wav,[laughter],UNKNOWN,LOW,UNKNOWN
pvNr1jnlRpc,,SPEAKER_05,1,2.800,0.047,2.800,0,0.000,pvNr1jnlRpc_turn09732,00:28:19.014 -> 00:28:21.814,/Users/rajeshpmu/Desktop/LegalMemoCMT/data/phase2/tupac/corpus/raw/tupac-murder-trial-mob-james-reveals-death-row-secrets-in-explosive-te/tupac-murder-trial-mob-james-reveals-death-row-secrets-in-explosive-te_pvNr1jnlRpc.mp4,/Users/rajeshpmu/Desktop/LegalMemoCMT/data/phase2/tupac/corpus/raw/tupac-murder-trial-mob-james-reveals-death-row-secrets-in-explosive-te/tupac-murder-trial-mob-james-reveals-death-row-secrets-in-explosive-te_pvNr1jnlRpc.wav,I'm going to tell you this. Stop. Stop.,UNKNOWN,LOW,UNKNOWN
