source_group_id,speaker_cluster_id,cluster_row_count,sample_count,sample_utterance_ids,sample_audio_paths,sample_video_paths,sample_text,role_label,role_confidence,witness_in_segment,witness_speaking_status,visual_target_role,visual_speaker_match,review_notes
DiurriBQxVs,SPEAKER_00,117,3,DiurriBQxVs_turn00004 | DiurriBQxVs_turn00006 | DiurriBQxVs_turn00008,/Users/rajeshpmu/Desktop/LegalMemoCMT/data/phase2/tupac/corpus/raw/keefe-d-s-lawyer-cross-exams-ex-suge-knight-security-reggie-wright-abo/keefe-d-s-lawyer-cross-exams-ex-suge-knight-security-reggie-wright-abo_DiurriBQxVs.wav | /Users/rajeshpmu/Desktop/LegalMemoCMT/data/phase2/tupac/corpus/raw/keefe-d-s-lawyer-cross-exams-ex-suge-knight-security-reggie-wright-abo/keefe-d-s-lawyer-cross-exams-ex-suge-knight-security-reggie-wright-abo_DiurriBQxVs.wav | /Users/rajeshpmu/Desktop/LegalMemoCMT/data/phase2/tupac/corpus/raw/keefe-d-s-lawyer-cross-exams-ex-suge-knight-security-reggie-wright-abo/keefe-d-s-lawyer-cross-exams-ex-suge-knight-security-reggie-wright-abo_DiurriBQxVs.wav,/Users/rajeshpmu/Desktop/LegalMemoCMT/data/phase2/tupac/corpus/raw/keefe-d-s-lawyer-cross-exams-ex-suge-knight-security-reggie-wright-abo/keefe-d-s-lawyer-cross-exams-ex-suge-knight-security-reggie-wright-abo_DiurriBQxVs.mp4 | /Users/rajeshpmu/Desktop/LegalMemoCMT/data/phase2/tupac/corpus/raw/keefe-d-s-lawyer-cross-exams-ex-suge-knight-security-reggie-wright-abo/keefe-d-s-lawyer-cross-exams-ex-suge-knight-security-reggie-wright-abo_DiurriBQxVs.mp4 | /Users/rajeshpmu/Desktop/LegalMemoCMT/data/phase2/tupac/corpus/raw/keefe-d-s-lawyer-cross-exams-ex-suge-knight-security-reggie-wright-abo/keefe-d-s-lawyer-cross-exams-ex-suge-knight-security-reggie-wright-abo_DiurriBQxVs.mp4,"Uh YouTube channel that I || Uh that's correct. || Well, you had about 10 interviews in the",,,,,,,
DiurriBQxVs,SPEAKER_01,1,1,DiurriBQxVs_turn00375,/Users/rajeshpmu/Desktop/LegalMemoCMT/data/phase2/tupac/corpus/raw/keefe-d-s-lawyer-cross-exams-ex-suge-knight-security-reggie-wright-abo/keefe-d-s-lawyer-cross-exams-ex-suge-knight-security-reggie-wright-abo_DiurriBQxVs.wav,/Users/rajeshpmu/Desktop/LegalMemoCMT/data/phase2/tupac/corpus/raw/keefe-d-s-lawyer-cross-exams-ex-suge-knight-security-reggie-wright-abo/keefe-d-s-lawyer-cross-exams-ex-suge-knight-security-reggie-wright-abo_DiurriBQxVs.mp4,Of course.,,,,,,,
DiurriBQxVs,SPEAKER_02,4,3,DiurriBQxVs_turn00300 | DiurriBQxVs_turn00413 | DiurriBQxVs_turn00415,/Users/rajeshpmu/Desktop/LegalMemoCMT/data/phase2/tupac/corpus/raw/keefe-d-s-lawyer-cross-exams-ex-suge-knight-security-reggie-wright-abo/keefe-d-s-lawyer-cross-exams-ex-suge-knight-security-reggie-wright-abo_DiurriBQxVs.wav | /Users/rajeshpmu/Desktop/LegalMemoCMT/data/phase2/tupac/corpus/raw/keefe-d-s-lawyer-cross-exams-ex-suge-knight-security-reggie-wright-abo/keefe-d-s-lawyer-cross-exams-ex-suge-knight-security-reggie-wright-abo_DiurriBQxVs.wav | /Users/rajeshpmu/Desktop/LegalMemoCMT/data/phase2/tupac/corpus/raw/keefe-d-s-lawyer-cross-exams-ex-suge-knight-security-reggie-wright-abo/keefe-d-s-lawyer-cross-exams-ex-suge-knight-security-reggie-wright-abo_DiurriBQxVs.wav,/Users/rajeshpmu/Desktop/LegalMemoCMT/data/phase2/tupac/corpus/raw/keefe-d-s-lawyer-cross-exams-ex-suge-knight-security-reggie-wright-abo/keefe-d-s-lawyer-cross-exams-ex-suge-knight-security-reggie-wright-abo_DiurriBQxVs.mp4 | /Users/rajeshpmu/Desktop/LegalMemoCMT/data/phase2/tupac/corpus/raw/keefe-d-s-lawyer-cross-exams-ex-suge-knight-security-reggie-wright-abo/keefe-d-s-lawyer-cross-exams-ex-suge-knight-security-reggie-wright-abo_DiurriBQxVs.mp4 | /Users/rajeshpmu/Desktop/LegalMemoCMT/data/phase2/tupac/corpus/raw/keefe-d-s-lawyer-cross-exams-ex-suge-knight-security-reggie-wright-abo/keefe-d-s-lawyer-cross-exams-ex-suge-knight-security-reggie-wright-abo_DiurriBQxVs.mp4,"Uh your honor, I think this is improper || Thanks, your honor. || Nothing from the state, your honor.",,,,,,,
DiurriBQxVs,SPEAKER_03,9,3,DiurriBQxVs_turn00304 | DiurriBQxVs_turn00306 | DiurriBQxVs_turn00308,/Users/rajeshpmu/Desktop/LegalMemoCMT/data/phase2/tupac/corpus/raw/keefe-d-s-lawyer-cross-exams-ex-suge-knight-security-reggie-wright-abo/keefe-d-s-lawyer-cross-exams-ex-suge-knight-security-reggie-wright-abo_DiurriBQxVs.wav | /Users/rajeshpmu/Desktop/LegalMemoCMT/data/phase2/tupac/corpus/raw/keefe-d-s-lawyer-cross-exams-ex-suge-knight-security-reggie-wright-abo/keefe-d-s-lawyer-cross-exams-ex-suge-knight-security-reggie-wright-abo_DiurriBQxVs.wav | /Users/rajeshpmu/Desktop/LegalMemoCMT/data/phase2/tupac/corpus/raw/keefe-d-s-lawyer-cross-exams-ex-suge-knight-security-reggie-wright-abo/keefe-d-s-lawyer-cross-exams-ex-suge-knight-security-reggie-wright-abo_DiurriBQxVs.wav,/Users/rajeshpmu/Desktop/LegalMemoCMT/data/phase2/tupac/corpus/raw/keefe-d-s-lawyer-cross-exams-ex-suge-knight-security-reggie-wright-abo/keefe-d-s-lawyer-cross-exams-ex-suge-knight-security-reggie-wright-abo_DiurriBQxVs.mp4 | /Users/rajeshpmu/Desktop/LegalMemoCMT/data/phase2/tupac/corpus/raw/keefe-d-s-lawyer-cross-exams-ex-suge-knight-security-reggie-wright-abo/keefe-d-s-lawyer-cross-exams-ex-suge-knight-security-reggie-wright-abo_DiurriBQxVs.mp4 | /Users/rajeshpmu/Desktop/LegalMemoCMT/data/phase2/tupac/corpus/raw/keefe-d-s-lawyer-cross-exams-ex-suge-knight-security-reggie-wright-abo/keefe-d-s-lawyer-cross-exams-ex-suge-knight-security-reggie-wright-abo_DiurriBQxVs.mp4,"Again, that's the that was I think you || Okay. I'm sorry. I think you have to || stand.",,,,,,,
DiurriBQxVs,SPEAKER_04,31,3,DiurriBQxVs_turn00111 | DiurriBQxVs_turn00113 | DiurriBQxVs_turn00115,/Users/rajeshpmu/Desktop/LegalMemoCMT/data/phase2/tupac/corpus/raw/keefe-d-s-lawyer-cross-exams-ex-suge-knight-security-reggie-wright-abo/keefe-d-s-lawyer-cross-exams-ex-suge-knight-security-reggie-wright-abo_DiurriBQxVs.wav | /Users/rajeshpmu/Desktop/LegalMemoCMT/data/phase2/tupac/corpus/raw/keefe-d-s-lawyer-cross-exams-ex-suge-knight-security-reggie-wright-abo/keefe-d-s-lawyer-cross-exams-ex-suge-knight-security-reggie-wright-abo_DiurriBQxVs.wav | /Users/rajeshpmu/Desktop/LegalMemoCMT/data/phase2/tupac/corpus/raw/keefe-d-s-lawyer-cross-exams-ex-suge-knight-security-reggie-wright-abo/keefe-d-s-lawyer-cross-exams-ex-suge-knight-security-reggie-wright-abo_DiurriBQxVs.wav,/Users/rajeshpmu/Desktop/LegalMemoCMT/data/phase2/tupac/corpus/raw/keefe-d-s-lawyer-cross-exams-ex-suge-knight-security-reggie-wright-abo/keefe-d-s-lawyer-cross-exams-ex-suge-knight-security-reggie-wright-abo_DiurriBQxVs.mp4 | /Users/rajeshpmu/Desktop/LegalMemoCMT/data/phase2/tupac/corpus/raw/keefe-d-s-lawyer-cross-exams-ex-suge-knight-security-reggie-wright-abo/keefe-d-s-lawyer-cross-exams-ex-suge-knight-security-reggie-wright-abo_DiurriBQxVs.mp4 | /Users/rajeshpmu/Desktop/LegalMemoCMT/data/phase2/tupac/corpus/raw/keefe-d-s-lawyer-cross-exams-ex-suge-knight-security-reggie-wright-abo/keefe-d-s-lawyer-cross-exams-ex-suge-knight-security-reggie-wright-abo_DiurriBQxVs.mp4,"C, I think? || C. || May I approach the witness?",,,,,,,
DiurriBQxVs,SPEAKER_05,243,3,DiurriBQxVs_turn00001 | DiurriBQxVs_turn00003 | DiurriBQxVs_turn00005,/Users/rajeshpmu/Desktop/LegalMemoCMT/data/phase2/tupac/corpus/raw/keefe-d-s-lawyer-cross-exams-ex-suge-knight-security-reggie-wright-abo/keefe-d-s-lawyer-cross-exams-ex-suge-knight-security-reggie-wright-abo_DiurriBQxVs.wav | /Users/rajeshpmu/Desktop/LegalMemoCMT/data/phase2/tupac/corpus/raw/keefe-d-s-lawyer-cross-exams-ex-suge-knight-security-reggie-wright-abo/keefe-d-s-lawyer-cross-exams-ex-suge-knight-security-reggie-wright-abo_DiurriBQxVs.wav | /Users/rajeshpmu/Desktop/LegalMemoCMT/data/phase2/tupac/corpus/raw/keefe-d-s-lawyer-cross-exams-ex-suge-knight-security-reggie-wright-abo/keefe-d-s-lawyer-cross-exams-ex-suge-knight-security-reggie-wright-abo_DiurriBQxVs.wav,/Users/rajeshpmu/Desktop/LegalMemoCMT/data/phase2/tupac/corpus/raw/keefe-d-s-lawyer-cross-exams-ex-suge-knight-security-reggie-wright-abo/keefe-d-s-lawyer-cross-exams-ex-suge-knight-security-reggie-wright-abo_DiurriBQxVs.mp4 | /Users/rajeshpmu/Desktop/LegalMemoCMT/data/phase2/tupac/corpus/raw/keefe-d-s-lawyer-cross-exams-ex-suge-knight-security-reggie-wright-abo/keefe-d-s-lawyer-cross-exams-ex-suge-knight-security-reggie-wright-abo_DiurriBQxVs.mp4 | /Users/rajeshpmu/Desktop/LegalMemoCMT/data/phase2/tupac/corpus/raw/keefe-d-s-lawyer-cross-exams-ex-suge-knight-security-reggie-wright-abo/keefe-d-s-lawyer-cross-exams-ex-suge-knight-security-reggie-wright-abo_DiurriBQxVs.mp4,"Thank you. Mr. Wright, have you and I ever met? || You have a || Uh I'm sure you probably anticipating",,,,,,,
DiurriBQxVs,UNKNOWN,12,3,DiurriBQxVs_turn00002 | DiurriBQxVs_turn00114 | DiurriBQxVs_turn00116,/Users/rajeshpmu/Desktop/LegalMemoCMT/data/phase2/tupac/corpus/raw/keefe-d-s-lawyer-cross-exams-ex-suge-knight-security-reggie-wright-abo/keefe-d-s-lawyer-cross-exams-ex-suge-knight-security-reggie-wright-abo_DiurriBQxVs.wav | /Users/rajeshpmu/Desktop/LegalMemoCMT/data/phase2/tupac/corpus/raw/keefe-d-s-lawyer-cross-exams-ex-suge-knight-security-reggie-wright-abo/keefe-d-s-lawyer-cross-exams-ex-suge-knight-security-reggie-wright-abo_DiurriBQxVs.wav | /Users/rajeshpmu/Desktop/LegalMemoCMT/data/phase2/tupac/corpus/raw/keefe-d-s-lawyer-cross-exams-ex-suge-knight-security-reggie-wright-abo/keefe-d-s-lawyer-cross-exams-ex-suge-knight-security-reggie-wright-abo_DiurriBQxVs.wav,/Users/rajeshpmu/Desktop/LegalMemoCMT/data/phase2/tupac/corpus/raw/keefe-d-s-lawyer-cross-exams-ex-suge-knight-security-reggie-wright-abo/keefe-d-s-lawyer-cross-exams-ex-suge-knight-security-reggie-wright-abo_DiurriBQxVs.mp4 | /Users/rajeshpmu/Desktop/LegalMemoCMT/data/phase2/tupac/corpus/raw/keefe-d-s-lawyer-cross-exams-ex-suge-knight-security-reggie-wright-abo/keefe-d-s-lawyer-cross-exams-ex-suge-knight-security-reggie-wright-abo_DiurriBQxVs.mp4 | /Users/rajeshpmu/Desktop/LegalMemoCMT/data/phase2/tupac/corpus/raw/keefe-d-s-lawyer-cross-exams-ex-suge-knight-security-reggie-wright-abo/keefe-d-s-lawyer-cross-exams-ex-suge-knight-security-reggie-wright-abo_DiurriBQxVs.mp4,"Uh no, sir. || Yep. || You may.",,,,,,,
EA-DSbYev9I,SPEAKER_00,1,1,EA-DSbYev9I_turn02924,/Users/rajeshpmu/Desktop/LegalMemoCMT/data/phase2/tupac/corpus/raw/nv-v-duane-keffe-d-davis-day-2-mob-james-reggie-wright-jr-and-the-corn/nv-v-duane-keffe-d-davis-day-2-mob-james-reggie-wright-jr-and-the-corn_EA-DSbYev9I.wav,/Users/rajeshpmu/Desktop/LegalMemoCMT/data/phase2/tupac/corpus/raw/nv-v-duane-keffe-d-davis-day-2-mob-james-reggie-wright-jr-and-the-corn/nv-v-duane-keffe-d-davis-day-2-mob-james-reggie-wright-jr-and-the-corn_EA-DSbYev9I.mp4,Oh yes,,,,,,,
EA-DSbYev9I,SPEAKER_02,464,3,EA-DSbYev9I_turn00418 | EA-DSbYev9I_turn00419 | EA-DSbYev9I_turn00426,/Users/rajeshpmu/Desktop/LegalMemoCMT/data/phase2/tupac/corpus/raw/nv-v-duane-keffe-d-davis-day-2-mob-james-reggie-wright-jr-and-the-corn/nv-v-duane-keffe-d-davis-day-2-mob-james-reggie-wright-jr-and-the-corn_EA-DSbYev9I.wav | /Users/rajeshpmu/Desktop/LegalMemoCMT/data/phase2/tupac/corpus/raw/nv-v-duane-keffe-d-davis-day-2-mob-james-reggie-wright-jr-and-the-corn/nv-v-duane-keffe-d-davis-day-2-mob-james-reggie-wright-jr-and-the-corn_EA-DSbYev9I.wav | /Users/rajeshpmu/Desktop/LegalMemoCMT/data/phase2/tupac/corpus/raw/nv-v-duane-keffe-d-davis-day-2-mob-james-reggie-wright-jr-and-the-corn/nv-v-duane-keffe-d-davis-day-2-mob-james-reggie-wright-jr-and-the-corn_EA-DSbYev9I.wav,/Users/rajeshpmu/Desktop/LegalMemoCMT/data/phase2/tupac/corpus/raw/nv-v-duane-keffe-d-davis-day-2-mob-james-reggie-wright-jr-and-the-corn/nv-v-duane-keffe-d-davis-day-2-mob-james-reggie-wright-jr-and-the-corn_EA-DSbYev9I.mp4 | /Users/rajeshpmu/Desktop/LegalMemoCMT/data/phase2/tupac/corpus/raw/nv-v-duane-keffe-d-davis-day-2-mob-james-reggie-wright-jr-and-the-corn/nv-v-duane-keffe-d-davis-day-2-mob-james-reggie-wright-jr-and-the-corn_EA-DSbYev9I.mp4 | /Users/rajeshpmu/Desktop/LegalMemoCMT/data/phase2/tupac/corpus/raw/nv-v-duane-keffe-d-davis-day-2-mob-james-reggie-wright-jr-and-the-corn/nv-v-duane-keffe-d-davis-day-2-mob-james-reggie-wright-jr-and-the-corn_EA-DSbYev9I.mp4,"Bring the jury. || For all of you just um popping into this || They're just like, ""No, we're good.""",,,,,,,
EA-DSbYev9I,SPEAKER_03,36,3,EA-DSbYev9I_turn00432 | EA-DSbYev9I_turn00577 | EA-DSbYev9I_turn00608,/Users/rajeshpmu/Desktop/LegalMemoCMT/data/phase2/tupac/corpus/raw/nv-v-duane-keffe-d-davis-day-2-mob-james-reggie-wright-jr-and-the-corn/nv-v-duane-keffe-d-davis-day-2-mob-james-reggie-wright-jr-and-the-corn_EA-DSbYev9I.wav | /Users/rajeshpmu/Desktop/LegalMemoCMT/data/phase2/tupac/corpus/raw/nv-v-duane-keffe-d-davis-day-2-mob-james-reggie-wright-jr-and-the-corn/nv-v-duane-keffe-d-davis-day-2-mob-james-reggie-wright-jr-and-the-corn_EA-DSbYev9I.wav | /Users/rajeshpmu/Desktop/LegalMemoCMT/data/phase2/tupac/corpus/raw/nv-v-duane-keffe-d-davis-day-2-mob-james-reggie-wright-jr-and-the-corn/nv-v-duane-keffe-d-davis-day-2-mob-james-reggie-wright-jr-and-the-corn_EA-DSbYev9I.wav,/Users/rajeshpmu/Desktop/LegalMemoCMT/data/phase2/tupac/corpus/raw/nv-v-duane-keffe-d-davis-day-2-mob-james-reggie-wright-jr-and-the-corn/nv-v-duane-keffe-d-davis-day-2-mob-james-reggie-wright-jr-and-the-corn_EA-DSbYev9I.mp4 | /Users/rajeshpmu/Desktop/LegalMemoCMT/data/phase2/tupac/corpus/raw/nv-v-duane-keffe-d-davis-day-2-mob-james-reggie-wright-jr-and-the-corn/nv-v-duane-keffe-d-davis-day-2-mob-james-reggie-wright-jr-and-the-corn_EA-DSbYev9I.mp4 | /Users/rajeshpmu/Desktop/LegalMemoCMT/data/phase2/tupac/corpus/raw/nv-v-duane-keffe-d-davis-day-2-mob-james-reggie-wright-jr-and-the-corn/nv-v-duane-keffe-d-davis-day-2-mob-james-reggie-wright-jr-and-the-corn_EA-DSbYev9I.mp4,"They're like, ""Let's try this again. Did || Okay. Which party was that? || Different Gina Davis.",,,,,,,
EA-DSbYev9I,SPEAKER_04,33,3,EA-DSbYev9I_turn00423 | EA-DSbYev9I_turn00424 | EA-DSbYev9I_turn00760,/Users/rajeshpmu/Desktop/LegalMemoCMT/data/phase2/tupac/corpus/raw/nv-v-duane-keffe-d-davis-day-2-mob-james-reggie-wright-jr-and-the-corn/nv-v-duane-keffe-d-davis-day-2-mob-james-reggie-wright-jr-and-the-corn_EA-DSbYev9I.wav | /Users/rajeshpmu/Desktop/LegalMemoCMT/data/phase2/tupac/corpus/raw/nv-v-duane-keffe-d-davis-day-2-mob-james-reggie-wright-jr-and-the-corn/nv-v-duane-keffe-d-davis-day-2-mob-james-reggie-wright-jr-and-the-corn_EA-DSbYev9I.wav | /Users/rajeshpmu/Desktop/LegalMemoCMT/data/phase2/tupac/corpus/raw/nv-v-duane-keffe-d-davis-day-2-mob-james-reggie-wright-jr-and-the-corn/nv-v-duane-keffe-d-davis-day-2-mob-james-reggie-wright-jr-and-the-corn_EA-DSbYev9I.wav,/Users/rajeshpmu/Desktop/LegalMemoCMT/data/phase2/tupac/corpus/raw/nv-v-duane-keffe-d-davis-day-2-mob-james-reggie-wright-jr-and-the-corn/nv-v-duane-keffe-d-davis-day-2-mob-james-reggie-wright-jr-and-the-corn_EA-DSbYev9I.mp4 | /Users/rajeshpmu/Desktop/LegalMemoCMT/data/phase2/tupac/corpus/raw/nv-v-duane-keffe-d-davis-day-2-mob-james-reggie-wright-jr-and-the-corn/nv-v-duane-keffe-d-davis-day-2-mob-james-reggie-wright-jr-and-the-corn_EA-DSbYev9I.mp4 | /Users/rajeshpmu/Desktop/LegalMemoCMT/data/phase2/tupac/corpus/raw/nv-v-duane-keffe-d-davis-day-2-mob-james-reggie-wright-jr-and-the-corn/nv-v-duane-keffe-d-davis-day-2-mob-james-reggie-wright-jr-and-the-corn_EA-DSbYev9I.mp4,"yet. Not from the state, || Okay, let's bring the jury in. Stay with || start with state proposed exhibits 44 to",,,,,,,
EA-DSbYev9I,SPEAKER_05,30,3,EA-DSbYev9I_turn01589 | EA-DSbYev9I_turn01593 | EA-DSbYev9I_turn01597,/Users/rajeshpmu/Desktop/LegalMemoCMT/data/phase2/tupac/corpus/raw/nv-v-duane-keffe-d-davis-day-2-mob-james-reggie-wright-jr-and-the-corn/nv-v-duane-keffe-d-davis-day-2-mob-james-reggie-wright-jr-and-the-corn_EA-DSbYev9I.wav | /Users/rajeshpmu/Desktop/LegalMemoCMT/data/phase2/tupac/corpus/raw/nv-v-duane-keffe-d-davis-day-2-mob-james-reggie-wright-jr-and-the-corn/nv-v-duane-keffe-d-davis-day-2-mob-james-reggie-wright-jr-and-the-corn_EA-DSbYev9I.wav | /Users/rajeshpmu/Desktop/LegalMemoCMT/data/phase2/tupac/corpus/raw/nv-v-duane-keffe-d-davis-day-2-mob-james-reggie-wright-jr-and-the-corn/nv-v-duane-keffe-d-davis-day-2-mob-james-reggie-wright-jr-and-the-corn_EA-DSbYev9I.wav,/Users/rajeshpmu/Desktop/LegalMemoCMT/data/phase2/tupac/corpus/raw/nv-v-duane-keffe-d-davis-day-2-mob-james-reggie-wright-jr-and-the-corn/nv-v-duane-keffe-d-davis-day-2-mob-james-reggie-wright-jr-and-the-corn_EA-DSbYev9I.mp4 | /Users/rajeshpmu/Desktop/LegalMemoCMT/data/phase2/tupac/corpus/raw/nv-v-duane-keffe-d-davis-day-2-mob-james-reggie-wright-jr-and-the-corn/nv-v-duane-keffe-d-davis-day-2-mob-james-reggie-wright-jr-and-the-corn_EA-DSbYev9I.mp4 | /Users/rajeshpmu/Desktop/LegalMemoCMT/data/phase2/tupac/corpus/raw/nv-v-duane-keffe-d-davis-day-2-mob-james-reggie-wright-jr-and-the-corn/nv-v-duane-keffe-d-davis-day-2-mob-james-reggie-wright-jr-and-the-corn_EA-DSbYev9I.mp4,William Hidem. William Wi Li A M and || Correct. || Um at a well actually sometime prior to,,,,,,,
EA-DSbYev9I,SPEAKER_06,11,3,EA-DSbYev9I_turn01449 | EA-DSbYev9I_turn01450 | EA-DSbYev9I_turn01451,/Users/rajeshpmu/Desktop/LegalMemoCMT/data/phase2/tupac/corpus/raw/nv-v-duane-keffe-d-davis-day-2-mob-james-reggie-wright-jr-and-the-corn/nv-v-duane-keffe-d-davis-day-2-mob-james-reggie-wright-jr-and-the-corn_EA-DSbYev9I.wav | /Users/rajeshpmu/Desktop/LegalMemoCMT/data/phase2/tupac/corpus/raw/nv-v-duane-keffe-d-davis-day-2-mob-james-reggie-wright-jr-and-the-corn/nv-v-duane-keffe-d-davis-day-2-mob-james-reggie-wright-jr-and-the-corn_EA-DSbYev9I.wav | /Users/rajeshpmu/Desktop/LegalMemoCMT/data/phase2/tupac/corpus/raw/nv-v-duane-keffe-d-davis-day-2-mob-james-reggie-wright-jr-and-the-corn/nv-v-duane-keffe-d-davis-day-2-mob-james-reggie-wright-jr-and-the-corn_EA-DSbYev9I.wav,/Users/rajeshpmu/Desktop/LegalMemoCMT/data/phase2/tupac/corpus/raw/nv-v-duane-keffe-d-davis-day-2-mob-james-reggie-wright-jr-and-the-corn/nv-v-duane-keffe-d-davis-day-2-mob-james-reggie-wright-jr-and-the-corn_EA-DSbYev9I.mp4 | /Users/rajeshpmu/Desktop/LegalMemoCMT/data/phase2/tupac/corpus/raw/nv-v-duane-keffe-d-davis-day-2-mob-james-reggie-wright-jr-and-the-corn/nv-v-duane-keffe-d-davis-day-2-mob-james-reggie-wright-jr-and-the-corn_EA-DSbYev9I.mp4 | /Users/rajeshpmu/Desktop/LegalMemoCMT/data/phase2/tupac/corpus/raw/nv-v-duane-keffe-d-davis-day-2-mob-james-reggie-wright-jr-and-the-corn/nv-v-duane-keffe-d-davis-day-2-mob-james-reggie-wright-jr-and-the-corn_EA-DSbYev9I.mp4,"All right. || Good morning, sir. || Good morning. Please swear to affirm the",,,,,,,
EA-DSbYev9I,SPEAKER_07,2,2,EA-DSbYev9I_turn02476 | EA-DSbYev9I_turn02647,/Users/rajeshpmu/Desktop/LegalMemoCMT/data/phase2/tupac/corpus/raw/nv-v-duane-keffe-d-davis-day-2-mob-james-reggie-wright-jr-and-the-corn/nv-v-duane-keffe-d-davis-day-2-mob-james-reggie-wright-jr-and-the-corn_EA-DSbYev9I.wav | /Users/rajeshpmu/Desktop/LegalMemoCMT/data/phase2/tupac/corpus/raw/nv-v-duane-keffe-d-davis-day-2-mob-james-reggie-wright-jr-and-the-corn/nv-v-duane-keffe-d-davis-day-2-mob-james-reggie-wright-jr-and-the-corn_EA-DSbYev9I.wav,/Users/rajeshpmu/Desktop/LegalMemoCMT/data/phase2/tupac/corpus/raw/nv-v-duane-keffe-d-davis-day-2-mob-james-reggie-wright-jr-and-the-corn/nv-v-duane-keffe-d-davis-day-2-mob-james-reggie-wright-jr-and-the-corn_EA-DSbYev9I.mp4 | /Users/rajeshpmu/Desktop/LegalMemoCMT/data/phase2/tupac/corpus/raw/nv-v-duane-keffe-d-davis-day-2-mob-james-reggie-wright-jr-and-the-corn/nv-v-duane-keffe-d-davis-day-2-mob-james-reggie-wright-jr-and-the-corn_EA-DSbYev9I.mp4,"And once again, I want to I want to ask || And who was your father?",,,,,,,
EA-DSbYev9I,SPEAKER_08,14,3,EA-DSbYev9I_turn00732 | EA-DSbYev9I_turn00733 | EA-DSbYev9I_turn00734,/Users/rajeshpmu/Desktop/LegalMemoCMT/data/phase2/tupac/corpus/raw/nv-v-duane-keffe-d-davis-day-2-mob-james-reggie-wright-jr-and-the-corn/nv-v-duane-keffe-d-davis-day-2-mob-james-reggie-wright-jr-and-the-corn_EA-DSbYev9I.wav | /Users/rajeshpmu/Desktop/LegalMemoCMT/data/phase2/tupac/corpus/raw/nv-v-duane-keffe-d-davis-day-2-mob-james-reggie-wright-jr-and-the-corn/nv-v-duane-keffe-d-davis-day-2-mob-james-reggie-wright-jr-and-the-corn_EA-DSbYev9I.wav | /Users/rajeshpmu/Desktop/LegalMemoCMT/data/phase2/tupac/corpus/raw/nv-v-duane-keffe-d-davis-day-2-mob-james-reggie-wright-jr-and-the-corn/nv-v-duane-keffe-d-davis-day-2-mob-james-reggie-wright-jr-and-the-corn_EA-DSbYev9I.wav,/Users/rajeshpmu/Desktop/LegalMemoCMT/data/phase2/tupac/corpus/raw/nv-v-duane-keffe-d-davis-day-2-mob-james-reggie-wright-jr-and-the-corn/nv-v-duane-keffe-d-davis-day-2-mob-james-reggie-wright-jr-and-the-corn_EA-DSbYev9I.mp4 | /Users/rajeshpmu/Desktop/LegalMemoCMT/data/phase2/tupac/corpus/raw/nv-v-duane-keffe-d-davis-day-2-mob-james-reggie-wright-jr-and-the-corn/nv-v-duane-keffe-d-davis-day-2-mob-james-reggie-wright-jr-and-the-corn_EA-DSbYev9I.mp4 | /Users/rajeshpmu/Desktop/LegalMemoCMT/data/phase2/tupac/corpus/raw/nv-v-duane-keffe-d-davis-day-2-mob-james-reggie-wright-jr-and-the-corn/nv-v-duane-keffe-d-davis-day-2-mob-james-reggie-wright-jr-and-the-corn_EA-DSbYev9I.mp4,We made it. || We do swear the testimony you're about || I do.,,,,,,,
EA-DSbYev9I,SPEAKER_09,2,2,EA-DSbYev9I_turn01356 | EA-DSbYev9I_turn02599,/Users/rajeshpmu/Desktop/LegalMemoCMT/data/phase2/tupac/corpus/raw/nv-v-duane-keffe-d-davis-day-2-mob-james-reggie-wright-jr-and-the-corn/nv-v-duane-keffe-d-davis-day-2-mob-james-reggie-wright-jr-and-the-corn_EA-DSbYev9I.wav | /Users/rajeshpmu/Desktop/LegalMemoCMT/data/phase2/tupac/corpus/raw/nv-v-duane-keffe-d-davis-day-2-mob-james-reggie-wright-jr-and-the-corn/nv-v-duane-keffe-d-davis-day-2-mob-james-reggie-wright-jr-and-the-corn_EA-DSbYev9I.wav,/Users/rajeshpmu/Desktop/LegalMemoCMT/data/phase2/tupac/corpus/raw/nv-v-duane-keffe-d-davis-day-2-mob-james-reggie-wright-jr-and-the-corn/nv-v-duane-keffe-d-davis-day-2-mob-james-reggie-wright-jr-and-the-corn_EA-DSbYev9I.mp4 | /Users/rajeshpmu/Desktop/LegalMemoCMT/data/phase2/tupac/corpus/raw/nv-v-duane-keffe-d-davis-day-2-mob-james-reggie-wright-jr-and-the-corn/nv-v-duane-keffe-d-davis-day-2-mob-james-reggie-wright-jr-and-the-corn_EA-DSbYev9I.mp4,"Mr. Okay. || right. Junior instructs. All right, I",,,,,,,
EA-DSbYev9I,SPEAKER_10,7,3,EA-DSbYev9I_turn00955 | EA-DSbYev9I_turn00978 | EA-DSbYev9I_turn01207,/Users/rajeshpmu/Desktop/LegalMemoCMT/data/phase2/tupac/corpus/raw/nv-v-duane-keffe-d-davis-day-2-mob-james-reggie-wright-jr-and-the-corn/nv-v-duane-keffe-d-davis-day-2-mob-james-reggie-wright-jr-and-the-corn_EA-DSbYev9I.wav | /Users/rajeshpmu/Desktop/LegalMemoCMT/data/phase2/tupac/corpus/raw/nv-v-duane-keffe-d-davis-day-2-mob-james-reggie-wright-jr-and-the-corn/nv-v-duane-keffe-d-davis-day-2-mob-james-reggie-wright-jr-and-the-corn_EA-DSbYev9I.wav | /Users/rajeshpmu/Desktop/LegalMemoCMT/data/phase2/tupac/corpus/raw/nv-v-duane-keffe-d-davis-day-2-mob-james-reggie-wright-jr-and-the-corn/nv-v-duane-keffe-d-davis-day-2-mob-james-reggie-wright-jr-and-the-corn_EA-DSbYev9I.wav,/Users/rajeshpmu/Desktop/LegalMemoCMT/data/phase2/tupac/corpus/raw/nv-v-duane-keffe-d-davis-day-2-mob-james-reggie-wright-jr-and-the-corn/nv-v-duane-keffe-d-davis-day-2-mob-james-reggie-wright-jr-and-the-corn_EA-DSbYev9I.mp4 | /Users/rajeshpmu/Desktop/LegalMemoCMT/data/phase2/tupac/corpus/raw/nv-v-duane-keffe-d-davis-day-2-mob-james-reggie-wright-jr-and-the-corn/nv-v-duane-keffe-d-davis-day-2-mob-james-reggie-wright-jr-and-the-corn_EA-DSbYev9I.mp4 | /Users/rajeshpmu/Desktop/LegalMemoCMT/data/phase2/tupac/corpus/raw/nv-v-duane-keffe-d-davis-day-2-mob-james-reggie-wright-jr-and-the-corn/nv-v-duane-keffe-d-davis-day-2-mob-james-reggie-wright-jr-and-the-corn_EA-DSbYev9I.mp4,"Probably not. Who knows? || Okay. Thank you for being with us, Dr. || just talk loud while you're over there?",,,,,,,
EA-DSbYev9I,SPEAKER_11,6,3,EA-DSbYev9I_turn01127 | EA-DSbYev9I_turn01128 | EA-DSbYev9I_turn02621,/Users/rajeshpmu/Desktop/LegalMemoCMT/data/phase2/tupac/corpus/raw/nv-v-duane-keffe-d-davis-day-2-mob-james-reggie-wright-jr-and-the-corn/nv-v-duane-keffe-d-davis-day-2-mob-james-reggie-wright-jr-and-the-corn_EA-DSbYev9I.wav | /Users/rajeshpmu/Desktop/LegalMemoCMT/data/phase2/tupac/corpus/raw/nv-v-duane-keffe-d-davis-day-2-mob-james-reggie-wright-jr-and-the-corn/nv-v-duane-keffe-d-davis-day-2-mob-james-reggie-wright-jr-and-the-corn_EA-DSbYev9I.wav | /Users/rajeshpmu/Desktop/LegalMemoCMT/data/phase2/tupac/corpus/raw/nv-v-duane-keffe-d-davis-day-2-mob-james-reggie-wright-jr-and-the-corn/nv-v-duane-keffe-d-davis-day-2-mob-james-reggie-wright-jr-and-the-corn_EA-DSbYev9I.wav,/Users/rajeshpmu/Desktop/LegalMemoCMT/data/phase2/tupac/corpus/raw/nv-v-duane-keffe-d-davis-day-2-mob-james-reggie-wright-jr-and-the-corn/nv-v-duane-keffe-d-davis-day-2-mob-james-reggie-wright-jr-and-the-corn_EA-DSbYev9I.mp4 | /Users/rajeshpmu/Desktop/LegalMemoCMT/data/phase2/tupac/corpus/raw/nv-v-duane-keffe-d-davis-day-2-mob-james-reggie-wright-jr-and-the-corn/nv-v-duane-keffe-d-davis-day-2-mob-james-reggie-wright-jr-and-the-corn_EA-DSbYev9I.mp4 | /Users/rajeshpmu/Desktop/LegalMemoCMT/data/phase2/tupac/corpus/raw/nv-v-duane-keffe-d-davis-day-2-mob-james-reggie-wright-jr-and-the-corn/nv-v-duane-keffe-d-davis-day-2-mob-james-reggie-wright-jr-and-the-corn_EA-DSbYev9I.mp4,"Thank you, sir. Judge, I pass the || Mr. % for cross examination. || investigating the burning smell. Anyone",,,,,,,
EA-DSbYev9I,SPEAKER_12,14,3,EA-DSbYev9I_turn00739 | EA-DSbYev9I_turn00741 | EA-DSbYev9I_turn00742,/Users/rajeshpmu/Desktop/LegalMemoCMT/data/phase2/tupac/corpus/raw/nv-v-duane-keffe-d-davis-day-2-mob-james-reggie-wright-jr-and-the-corn/nv-v-duane-keffe-d-davis-day-2-mob-james-reggie-wright-jr-and-the-corn_EA-DSbYev9I.wav | /Users/rajeshpmu/Desktop/LegalMemoCMT/data/phase2/tupac/corpus/raw/nv-v-duane-keffe-d-davis-day-2-mob-james-reggie-wright-jr-and-the-corn/nv-v-duane-keffe-d-davis-day-2-mob-james-reggie-wright-jr-and-the-corn_EA-DSbYev9I.wav | /Users/rajeshpmu/Desktop/LegalMemoCMT/data/phase2/tupac/corpus/raw/nv-v-duane-keffe-d-davis-day-2-mob-james-reggie-wright-jr-and-the-corn/nv-v-duane-keffe-d-davis-day-2-mob-james-reggie-wright-jr-and-the-corn_EA-DSbYev9I.wav,/Users/rajeshpmu/Desktop/LegalMemoCMT/data/phase2/tupac/corpus/raw/nv-v-duane-keffe-d-davis-day-2-mob-james-reggie-wright-jr-and-the-corn/nv-v-duane-keffe-d-davis-day-2-mob-james-reggie-wright-jr-and-the-corn_EA-DSbYev9I.mp4 | /Users/rajeshpmu/Desktop/LegalMemoCMT/data/phase2/tupac/corpus/raw/nv-v-duane-keffe-d-davis-day-2-mob-james-reggie-wright-jr-and-the-corn/nv-v-duane-keffe-d-davis-day-2-mob-james-reggie-wright-jr-and-the-corn_EA-DSbYev9I.mp4 | /Users/rajeshpmu/Desktop/LegalMemoCMT/data/phase2/tupac/corpus/raw/nv-v-duane-keffe-d-davis-day-2-mob-james-reggie-wright-jr-and-the-corn/nv-v-duane-keffe-d-davis-day-2-mob-james-reggie-wright-jr-and-the-corn_EA-DSbYev9I.mp4,"First name is Thomas. T H O M A S. Last || Thank you, sir. How are you currently || I work for Customs and Border Protection",,,,,,,
EA-DSbYev9I,SPEAKER_13,4,3,EA-DSbYev9I_turn02612 | EA-DSbYev9I_turn02613 | EA-DSbYev9I_turn02616,/Users/rajeshpmu/Desktop/LegalMemoCMT/data/phase2/tupac/corpus/raw/nv-v-duane-keffe-d-davis-day-2-mob-james-reggie-wright-jr-and-the-corn/nv-v-duane-keffe-d-davis-day-2-mob-james-reggie-wright-jr-and-the-corn_EA-DSbYev9I.wav | /Users/rajeshpmu/Desktop/LegalMemoCMT/data/phase2/tupac/corpus/raw/nv-v-duane-keffe-d-davis-day-2-mob-james-reggie-wright-jr-and-the-corn/nv-v-duane-keffe-d-davis-day-2-mob-james-reggie-wright-jr-and-the-corn_EA-DSbYev9I.wav | /Users/rajeshpmu/Desktop/LegalMemoCMT/data/phase2/tupac/corpus/raw/nv-v-duane-keffe-d-davis-day-2-mob-james-reggie-wright-jr-and-the-corn/nv-v-duane-keffe-d-davis-day-2-mob-james-reggie-wright-jr-and-the-corn_EA-DSbYev9I.wav,/Users/rajeshpmu/Desktop/LegalMemoCMT/data/phase2/tupac/corpus/raw/nv-v-duane-keffe-d-davis-day-2-mob-james-reggie-wright-jr-and-the-corn/nv-v-duane-keffe-d-davis-day-2-mob-james-reggie-wright-jr-and-the-corn_EA-DSbYev9I.mp4 | /Users/rajeshpmu/Desktop/LegalMemoCMT/data/phase2/tupac/corpus/raw/nv-v-duane-keffe-d-davis-day-2-mob-james-reggie-wright-jr-and-the-corn/nv-v-duane-keffe-d-davis-day-2-mob-james-reggie-wright-jr-and-the-corn_EA-DSbYev9I.mp4 | /Users/rajeshpmu/Desktop/LegalMemoCMT/data/phase2/tupac/corpus/raw/nv-v-duane-keffe-d-davis-day-2-mob-james-reggie-wright-jr-and-the-corn/nv-v-duane-keffe-d-davis-day-2-mob-james-reggie-wright-jr-and-the-corn_EA-DSbYev9I.mp4,"All right. Thank you. || All right. I know you didn't want to be || All right. See, I know you didn't want",,,,,,,
EA-DSbYev9I,SPEAKER_14,162,3,EA-DSbYev9I_turn00420 | EA-DSbYev9I_turn00421 | EA-DSbYev9I_turn00422,/Users/rajeshpmu/Desktop/LegalMemoCMT/data/phase2/tupac/corpus/raw/nv-v-duane-keffe-d-davis-day-2-mob-james-reggie-wright-jr-and-the-corn/nv-v-duane-keffe-d-davis-day-2-mob-james-reggie-wright-jr-and-the-corn_EA-DSbYev9I.wav | /Users/rajeshpmu/Desktop/LegalMemoCMT/data/phase2/tupac/corpus/raw/nv-v-duane-keffe-d-davis-day-2-mob-james-reggie-wright-jr-and-the-corn/nv-v-duane-keffe-d-davis-day-2-mob-james-reggie-wright-jr-and-the-corn_EA-DSbYev9I.wav | /Users/rajeshpmu/Desktop/LegalMemoCMT/data/phase2/tupac/corpus/raw/nv-v-duane-keffe-d-davis-day-2-mob-james-reggie-wright-jr-and-the-corn/nv-v-duane-keffe-d-davis-day-2-mob-james-reggie-wright-jr-and-the-corn_EA-DSbYev9I.wav,/Users/rajeshpmu/Desktop/LegalMemoCMT/data/phase2/tupac/corpus/raw/nv-v-duane-keffe-d-davis-day-2-mob-james-reggie-wright-jr-and-the-corn/nv-v-duane-keffe-d-davis-day-2-mob-james-reggie-wright-jr-and-the-corn_EA-DSbYev9I.mp4 | /Users/rajeshpmu/Desktop/LegalMemoCMT/data/phase2/tupac/corpus/raw/nv-v-duane-keffe-d-davis-day-2-mob-james-reggie-wright-jr-and-the-corn/nv-v-duane-keffe-d-davis-day-2-mob-james-reggie-wright-jr-and-the-corn_EA-DSbYev9I.mp4 | /Users/rajeshpmu/Desktop/LegalMemoCMT/data/phase2/tupac/corpus/raw/nv-v-duane-keffe-d-davis-day-2-mob-james-reggie-wright-jr-and-the-corn/nv-v-duane-keffe-d-davis-day-2-mob-james-reggie-wright-jr-and-the-corn_EA-DSbYev9I.mp4,State versus Davis C377. || I didn't have a chance to tap. || We need to address outside the presence,,,,,,,
EA-DSbYev9I,SPEAKER_15,286,3,EA-DSbYev9I_turn02637 | EA-DSbYev9I_turn02645 | EA-DSbYev9I_turn02646,/Users/rajeshpmu/Desktop/LegalMemoCMT/data/phase2/tupac/corpus/raw/nv-v-duane-keffe-d-davis-day-2-mob-james-reggie-wright-jr-and-the-corn/nv-v-duane-keffe-d-davis-day-2-mob-james-reggie-wright-jr-and-the-corn_EA-DSbYev9I.wav | /Users/rajeshpmu/Desktop/LegalMemoCMT/data/phase2/tupac/corpus/raw/nv-v-duane-keffe-d-davis-day-2-mob-james-reggie-wright-jr-and-the-corn/nv-v-duane-keffe-d-davis-day-2-mob-james-reggie-wright-jr-and-the-corn_EA-DSbYev9I.wav | /Users/rajeshpmu/Desktop/LegalMemoCMT/data/phase2/tupac/corpus/raw/nv-v-duane-keffe-d-davis-day-2-mob-james-reggie-wright-jr-and-the-corn/nv-v-duane-keffe-d-davis-day-2-mob-james-reggie-wright-jr-and-the-corn_EA-DSbYev9I.wav,/Users/rajeshpmu/Desktop/LegalMemoCMT/data/phase2/tupac/corpus/raw/nv-v-duane-keffe-d-davis-day-2-mob-james-reggie-wright-jr-and-the-corn/nv-v-duane-keffe-d-davis-day-2-mob-james-reggie-wright-jr-and-the-corn_EA-DSbYev9I.mp4 | /Users/rajeshpmu/Desktop/LegalMemoCMT/data/phase2/tupac/corpus/raw/nv-v-duane-keffe-d-davis-day-2-mob-james-reggie-wright-jr-and-the-corn/nv-v-duane-keffe-d-davis-day-2-mob-james-reggie-wright-jr-and-the-corn_EA-DSbYev9I.mp4 | /Users/rajeshpmu/Desktop/LegalMemoCMT/data/phase2/tupac/corpus/raw/nv-v-duane-keffe-d-davis-day-2-mob-james-reggie-wright-jr-and-the-corn/nv-v-duane-keffe-d-davis-day-2-mob-james-reggie-wright-jr-and-the-corn_EA-DSbYev9I.mp4,"Original Libert Wright Jr. || Okay. Um sir, where did you grow up? || I grew up in the city of Compton,",,,,,,,
EA-DSbYev9I,SPEAKER_16,6,3,EA-DSbYev9I_turn03061 | EA-DSbYev9I_turn03071 | EA-DSbYev9I_turn03078,/Users/rajeshpmu/Desktop/LegalMemoCMT/data/phase2/tupac/corpus/raw/nv-v-duane-keffe-d-davis-day-2-mob-james-reggie-wright-jr-and-the-corn/nv-v-duane-keffe-d-davis-day-2-mob-james-reggie-wright-jr-and-the-corn_EA-DSbYev9I.wav | /Users/rajeshpmu/Desktop/LegalMemoCMT/data/phase2/tupac/corpus/raw/nv-v-duane-keffe-d-davis-day-2-mob-james-reggie-wright-jr-and-the-corn/nv-v-duane-keffe-d-davis-day-2-mob-james-reggie-wright-jr-and-the-corn_EA-DSbYev9I.wav | /Users/rajeshpmu/Desktop/LegalMemoCMT/data/phase2/tupac/corpus/raw/nv-v-duane-keffe-d-davis-day-2-mob-james-reggie-wright-jr-and-the-corn/nv-v-duane-keffe-d-davis-day-2-mob-james-reggie-wright-jr-and-the-corn_EA-DSbYev9I.wav,/Users/rajeshpmu/Desktop/LegalMemoCMT/data/phase2/tupac/corpus/raw/nv-v-duane-keffe-d-davis-day-2-mob-james-reggie-wright-jr-and-the-corn/nv-v-duane-keffe-d-davis-day-2-mob-james-reggie-wright-jr-and-the-corn_EA-DSbYev9I.mp4 | /Users/rajeshpmu/Desktop/LegalMemoCMT/data/phase2/tupac/corpus/raw/nv-v-duane-keffe-d-davis-day-2-mob-james-reggie-wright-jr-and-the-corn/nv-v-duane-keffe-d-davis-day-2-mob-james-reggie-wright-jr-and-the-corn_EA-DSbYev9I.mp4 | /Users/rajeshpmu/Desktop/LegalMemoCMT/data/phase2/tupac/corpus/raw/nv-v-duane-keffe-d-davis-day-2-mob-james-reggie-wright-jr-and-the-corn/nv-v-duane-keffe-d-davis-day-2-mob-james-reggie-wright-jr-and-the-corn_EA-DSbYev9I.mp4,"Well, that's Mr. Knight and then that's || Right. 115 C. || Yeah, Suge's trying to keep up with",,,,,,,
EA-DSbYev9I,SPEAKER_18,5,3,EA-DSbYev9I_turn00568 | EA-DSbYev9I_turn01986 | EA-DSbYev9I_turn02295,/Users/rajeshpmu/Desktop/LegalMemoCMT/data/phase2/tupac/corpus/raw/nv-v-duane-keffe-d-davis-day-2-mob-james-reggie-wright-jr-and-the-corn/nv-v-duane-keffe-d-davis-day-2-mob-james-reggie-wright-jr-and-the-corn_EA-DSbYev9I.wav | /Users/rajeshpmu/Desktop/LegalMemoCMT/data/phase2/tupac/corpus/raw/nv-v-duane-keffe-d-davis-day-2-mob-james-reggie-wright-jr-and-the-corn/nv-v-duane-keffe-d-davis-day-2-mob-james-reggie-wright-jr-and-the-corn_EA-DSbYev9I.wav | /Users/rajeshpmu/Desktop/LegalMemoCMT/data/phase2/tupac/corpus/raw/nv-v-duane-keffe-d-davis-day-2-mob-james-reggie-wright-jr-and-the-corn/nv-v-duane-keffe-d-davis-day-2-mob-james-reggie-wright-jr-and-the-corn_EA-DSbYev9I.wav,/Users/rajeshpmu/Desktop/LegalMemoCMT/data/phase2/tupac/corpus/raw/nv-v-duane-keffe-d-davis-day-2-mob-james-reggie-wright-jr-and-the-corn/nv-v-duane-keffe-d-davis-day-2-mob-james-reggie-wright-jr-and-the-corn_EA-DSbYev9I.mp4 | /Users/rajeshpmu/Desktop/LegalMemoCMT/data/phase2/tupac/corpus/raw/nv-v-duane-keffe-d-davis-day-2-mob-james-reggie-wright-jr-and-the-corn/nv-v-duane-keffe-d-davis-day-2-mob-james-reggie-wright-jr-and-the-corn_EA-DSbYev9I.mp4 | /Users/rajeshpmu/Desktop/LegalMemoCMT/data/phase2/tupac/corpus/raw/nv-v-duane-keffe-d-davis-day-2-mob-james-reggie-wright-jr-and-the-corn/nv-v-duane-keffe-d-davis-day-2-mob-james-reggie-wright-jr-and-the-corn_EA-DSbYev9I.mp4,Uhhuh. || The entourage others that have gone || described as that. I mean,,,,,,,
EA-DSbYev9I,SPEAKER_19,155,3,EA-DSbYev9I_turn02142 | EA-DSbYev9I_turn02143 | EA-DSbYev9I_turn02156,/Users/rajeshpmu/Desktop/LegalMemoCMT/data/phase2/tupac/corpus/raw/nv-v-duane-keffe-d-davis-day-2-mob-james-reggie-wright-jr-and-the-corn/nv-v-duane-keffe-d-davis-day-2-mob-james-reggie-wright-jr-and-the-corn_EA-DSbYev9I.wav | /Users/rajeshpmu/Desktop/LegalMemoCMT/data/phase2/tupac/corpus/raw/nv-v-duane-keffe-d-davis-day-2-mob-james-reggie-wright-jr-and-the-corn/nv-v-duane-keffe-d-davis-day-2-mob-james-reggie-wright-jr-and-the-corn_EA-DSbYev9I.wav | /Users/rajeshpmu/Desktop/LegalMemoCMT/data/phase2/tupac/corpus/raw/nv-v-duane-keffe-d-davis-day-2-mob-james-reggie-wright-jr-and-the-corn/nv-v-duane-keffe-d-davis-day-2-mob-james-reggie-wright-jr-and-the-corn_EA-DSbYev9I.wav,/Users/rajeshpmu/Desktop/LegalMemoCMT/data/phase2/tupac/corpus/raw/nv-v-duane-keffe-d-davis-day-2-mob-james-reggie-wright-jr-and-the-corn/nv-v-duane-keffe-d-davis-day-2-mob-james-reggie-wright-jr-and-the-corn_EA-DSbYev9I.mp4 | /Users/rajeshpmu/Desktop/LegalMemoCMT/data/phase2/tupac/corpus/raw/nv-v-duane-keffe-d-davis-day-2-mob-james-reggie-wright-jr-and-the-corn/nv-v-duane-keffe-d-davis-day-2-mob-james-reggie-wright-jr-and-the-corn_EA-DSbYev9I.mp4 | /Users/rajeshpmu/Desktop/LegalMemoCMT/data/phase2/tupac/corpus/raw/nv-v-duane-keffe-d-davis-day-2-mob-james-reggie-wright-jr-and-the-corn/nv-v-duane-keffe-d-davis-day-2-mob-james-reggie-wright-jr-and-the-corn_EA-DSbYev9I.mp4,etc.? || James McDonald. J A M S D O N A L D. || What was Club 662?,,,,,,,
EA-DSbYev9I,SPEAKER_20,1,1,EA-DSbYev9I_turn02233,/Users/rajeshpmu/Desktop/LegalMemoCMT/data/phase2/tupac/corpus/raw/nv-v-duane-keffe-d-davis-day-2-mob-james-reggie-wright-jr-and-the-corn/nv-v-duane-keffe-d-davis-day-2-mob-james-reggie-wright-jr-and-the-corn_EA-DSbYev9I.wav,/Users/rajeshpmu/Desktop/LegalMemoCMT/data/phase2/tupac/corpus/raw/nv-v-duane-keffe-d-davis-day-2-mob-james-reggie-wright-jr-and-the-corn/nv-v-duane-keffe-d-davis-day-2-mob-james-reggie-wright-jr-and-the-corn_EA-DSbYev9I.mp4,The only one I know of is Southside.,,,,,,,
EA-DSbYev9I,SPEAKER_21,12,3,EA-DSbYev9I_turn00724 | EA-DSbYev9I_turn02493 | EA-DSbYev9I_turn02494,/Users/rajeshpmu/Desktop/LegalMemoCMT/data/phase2/tupac/corpus/raw/nv-v-duane-keffe-d-davis-day-2-mob-james-reggie-wright-jr-and-the-corn/nv-v-duane-keffe-d-davis-day-2-mob-james-reggie-wright-jr-and-the-corn_EA-DSbYev9I.wav | /Users/rajeshpmu/Desktop/LegalMemoCMT/data/phase2/tupac/corpus/raw/nv-v-duane-keffe-d-davis-day-2-mob-james-reggie-wright-jr-and-the-corn/nv-v-duane-keffe-d-davis-day-2-mob-james-reggie-wright-jr-and-the-corn_EA-DSbYev9I.wav | /Users/rajeshpmu/Desktop/LegalMemoCMT/data/phase2/tupac/corpus/raw/nv-v-duane-keffe-d-davis-day-2-mob-james-reggie-wright-jr-and-the-corn/nv-v-duane-keffe-d-davis-day-2-mob-james-reggie-wright-jr-and-the-corn_EA-DSbYev9I.wav,/Users/rajeshpmu/Desktop/LegalMemoCMT/data/phase2/tupac/corpus/raw/nv-v-duane-keffe-d-davis-day-2-mob-james-reggie-wright-jr-and-the-corn/nv-v-duane-keffe-d-davis-day-2-mob-james-reggie-wright-jr-and-the-corn_EA-DSbYev9I.mp4 | /Users/rajeshpmu/Desktop/LegalMemoCMT/data/phase2/tupac/corpus/raw/nv-v-duane-keffe-d-davis-day-2-mob-james-reggie-wright-jr-and-the-corn/nv-v-duane-keffe-d-davis-day-2-mob-james-reggie-wright-jr-and-the-corn_EA-DSbYev9I.mp4 | /Users/rajeshpmu/Desktop/LegalMemoCMT/data/phase2/tupac/corpus/raw/nv-v-duane-keffe-d-davis-day-2-mob-james-reggie-wright-jr-and-the-corn/nv-v-duane-keffe-d-davis-day-2-mob-james-reggie-wright-jr-and-the-corn_EA-DSbYev9I.mp4,Okay. You want another talk? Okay. || Who question to you? || He asked him that question. Shut up.,,,,,,,
EA-DSbYev9I,SPEAKER_22,1,1,EA-DSbYev9I_turn02198,/Users/rajeshpmu/Desktop/LegalMemoCMT/data/phase2/tupac/corpus/raw/nv-v-duane-keffe-d-davis-day-2-mob-james-reggie-wright-jr-and-the-corn/nv-v-duane-keffe-d-davis-day-2-mob-james-reggie-wright-jr-and-the-corn_EA-DSbYev9I.wav,/Users/rajeshpmu/Desktop/LegalMemoCMT/data/phase2/tupac/corpus/raw/nv-v-duane-keffe-d-davis-day-2-mob-james-reggie-wright-jr-and-the-corn/nv-v-duane-keffe-d-davis-day-2-mob-james-reggie-wright-jr-and-the-corn_EA-DSbYev9I.mp4,"Um, and what was your role with uh,",,,,,,,
EA-DSbYev9I,SPEAKER_23,52,3,EA-DSbYev9I_turn00795 | EA-DSbYev9I_turn00796 | EA-DSbYev9I_turn00797,/Users/rajeshpmu/Desktop/LegalMemoCMT/data/phase2/tupac/corpus/raw/nv-v-duane-keffe-d-davis-day-2-mob-james-reggie-wright-jr-and-the-corn/nv-v-duane-keffe-d-davis-day-2-mob-james-reggie-wright-jr-and-the-corn_EA-DSbYev9I.wav | /Users/rajeshpmu/Desktop/LegalMemoCMT/data/phase2/tupac/corpus/raw/nv-v-duane-keffe-d-davis-day-2-mob-james-reggie-wright-jr-and-the-corn/nv-v-duane-keffe-d-davis-day-2-mob-james-reggie-wright-jr-and-the-corn_EA-DSbYev9I.wav | /Users/rajeshpmu/Desktop/LegalMemoCMT/data/phase2/tupac/corpus/raw/nv-v-duane-keffe-d-davis-day-2-mob-james-reggie-wright-jr-and-the-corn/nv-v-duane-keffe-d-davis-day-2-mob-james-reggie-wright-jr-and-the-corn_EA-DSbYev9I.wav,/Users/rajeshpmu/Desktop/LegalMemoCMT/data/phase2/tupac/corpus/raw/nv-v-duane-keffe-d-davis-day-2-mob-james-reggie-wright-jr-and-the-corn/nv-v-duane-keffe-d-davis-day-2-mob-james-reggie-wright-jr-and-the-corn_EA-DSbYev9I.mp4 | /Users/rajeshpmu/Desktop/LegalMemoCMT/data/phase2/tupac/corpus/raw/nv-v-duane-keffe-d-davis-day-2-mob-james-reggie-wright-jr-and-the-corn/nv-v-duane-keffe-d-davis-day-2-mob-james-reggie-wright-jr-and-the-corn_EA-DSbYev9I.mp4 | /Users/rajeshpmu/Desktop/LegalMemoCMT/data/phase2/tupac/corpus/raw/nv-v-duane-keffe-d-davis-day-2-mob-james-reggie-wright-jr-and-the-corn/nv-v-duane-keffe-d-davis-day-2-mob-james-reggie-wright-jr-and-the-corn_EA-DSbYev9I.mp4,"Thank you, Dr. Gavin. Mr. Dejo, you may || Dr. How are you employed? I am a || Oh, who could have seen that coming?",,,,,,,
EA-DSbYev9I,SPEAKER_24,6,3,EA-DSbYev9I_turn02220 | EA-DSbYev9I_turn02221 | EA-DSbYev9I_turn02222,/Users/rajeshpmu/Desktop/LegalMemoCMT/data/phase2/tupac/corpus/raw/nv-v-duane-keffe-d-davis-day-2-mob-james-reggie-wright-jr-and-the-corn/nv-v-duane-keffe-d-davis-day-2-mob-james-reggie-wright-jr-and-the-corn_EA-DSbYev9I.wav | /Users/rajeshpmu/Desktop/LegalMemoCMT/data/phase2/tupac/corpus/raw/nv-v-duane-keffe-d-davis-day-2-mob-james-reggie-wright-jr-and-the-corn/nv-v-duane-keffe-d-davis-day-2-mob-james-reggie-wright-jr-and-the-corn_EA-DSbYev9I.wav | /Users/rajeshpmu/Desktop/LegalMemoCMT/data/phase2/tupac/corpus/raw/nv-v-duane-keffe-d-davis-day-2-mob-james-reggie-wright-jr-and-the-corn/nv-v-duane-keffe-d-davis-day-2-mob-james-reggie-wright-jr-and-the-corn_EA-DSbYev9I.wav,/Users/rajeshpmu/Desktop/LegalMemoCMT/data/phase2/tupac/corpus/raw/nv-v-duane-keffe-d-davis-day-2-mob-james-reggie-wright-jr-and-the-corn/nv-v-duane-keffe-d-davis-day-2-mob-james-reggie-wright-jr-and-the-corn_EA-DSbYev9I.mp4 | /Users/rajeshpmu/Desktop/LegalMemoCMT/data/phase2/tupac/corpus/raw/nv-v-duane-keffe-d-davis-day-2-mob-james-reggie-wright-jr-and-the-corn/nv-v-duane-keffe-d-davis-day-2-mob-james-reggie-wright-jr-and-the-corn_EA-DSbYev9I.mp4 | /Users/rajeshpmu/Desktop/LegalMemoCMT/data/phase2/tupac/corpus/raw/nv-v-duane-keffe-d-davis-day-2-mob-james-reggie-wright-jr-and-the-corn/nv-v-duane-keffe-d-davis-day-2-mob-james-reggie-wright-jr-and-the-corn_EA-DSbYev9I.mp4,"Not me. || Who was your brother? || Uh, Alex McDonald.",,,,,,,
EA-DSbYev9I,SPEAKER_26,414,3,EA-DSbYev9I_turn02145 | EA-DSbYev9I_turn02146 | EA-DSbYev9I_turn02149,/Users/rajeshpmu/Desktop/LegalMemoCMT/data/phase2/tupac/corpus/raw/nv-v-duane-keffe-d-davis-day-2-mob-james-reggie-wright-jr-and-the-corn/nv-v-duane-keffe-d-davis-day-2-mob-james-reggie-wright-jr-and-the-corn_EA-DSbYev9I.wav | /Users/rajeshpmu/Desktop/LegalMemoCMT/data/phase2/tupac/corpus/raw/nv-v-duane-keffe-d-davis-day-2-mob-james-reggie-wright-jr-and-the-corn/nv-v-duane-keffe-d-davis-day-2-mob-james-reggie-wright-jr-and-the-corn_EA-DSbYev9I.wav | /Users/rajeshpmu/Desktop/LegalMemoCMT/data/phase2/tupac/corpus/raw/nv-v-duane-keffe-d-davis-day-2-mob-james-reggie-wright-jr-and-the-corn/nv-v-duane-keffe-d-davis-day-2-mob-james-reggie-wright-jr-and-the-corn_EA-DSbYev9I.wav,/Users/rajeshpmu/Desktop/LegalMemoCMT/data/phase2/tupac/corpus/raw/nv-v-duane-keffe-d-davis-day-2-mob-james-reggie-wright-jr-and-the-corn/nv-v-duane-keffe-d-davis-day-2-mob-james-reggie-wright-jr-and-the-corn_EA-DSbYev9I.mp4 | /Users/rajeshpmu/Desktop/LegalMemoCMT/data/phase2/tupac/corpus/raw/nv-v-duane-keffe-d-davis-day-2-mob-james-reggie-wright-jr-and-the-corn/nv-v-duane-keffe-d-davis-day-2-mob-james-reggie-wright-jr-and-the-corn_EA-DSbYev9I.mp4 | /Users/rajeshpmu/Desktop/LegalMemoCMT/data/phase2/tupac/corpus/raw/nv-v-duane-keffe-d-davis-day-2-mob-james-reggie-wright-jr-and-the-corn/nv-v-duane-keffe-d-davis-day-2-mob-james-reggie-wright-jr-and-the-corn_EA-DSbYev9I.mp4,"Thank you, honor. Mr. McDonald, it's || Correct. || Thank you, honor. Mr. McDonald, it's",,,,,,,
EA-DSbYev9I,SPEAKER_27,2,2,EA-DSbYev9I_turn01686 | EA-DSbYev9I_turn01687,/Users/rajeshpmu/Desktop/LegalMemoCMT/data/phase2/tupac/corpus/raw/nv-v-duane-keffe-d-davis-day-2-mob-james-reggie-wright-jr-and-the-corn/nv-v-duane-keffe-d-davis-day-2-mob-james-reggie-wright-jr-and-the-corn_EA-DSbYev9I.wav | /Users/rajeshpmu/Desktop/LegalMemoCMT/data/phase2/tupac/corpus/raw/nv-v-duane-keffe-d-davis-day-2-mob-james-reggie-wright-jr-and-the-corn/nv-v-duane-keffe-d-davis-day-2-mob-james-reggie-wright-jr-and-the-corn_EA-DSbYev9I.wav,/Users/rajeshpmu/Desktop/LegalMemoCMT/data/phase2/tupac/corpus/raw/nv-v-duane-keffe-d-davis-day-2-mob-james-reggie-wright-jr-and-the-corn/nv-v-duane-keffe-d-davis-day-2-mob-james-reggie-wright-jr-and-the-corn_EA-DSbYev9I.mp4 | /Users/rajeshpmu/Desktop/LegalMemoCMT/data/phase2/tupac/corpus/raw/nv-v-duane-keffe-d-davis-day-2-mob-james-reggie-wright-jr-and-the-corn/nv-v-duane-keffe-d-davis-day-2-mob-james-reggie-wright-jr-and-the-corn_EA-DSbYev9I.mp4,Okay. Right. || I'm going to zoom a little bit better,,,,,,,
EA-DSbYev9I,SPEAKER_28,4,3,EA-DSbYev9I_turn00925 | EA-DSbYev9I_turn02460 | EA-DSbYev9I_turn02486,/Users/rajeshpmu/Desktop/LegalMemoCMT/data/phase2/tupac/corpus/raw/nv-v-duane-keffe-d-davis-day-2-mob-james-reggie-wright-jr-and-the-corn/nv-v-duane-keffe-d-davis-day-2-mob-james-reggie-wright-jr-and-the-corn_EA-DSbYev9I.wav | /Users/rajeshpmu/Desktop/LegalMemoCMT/data/phase2/tupac/corpus/raw/nv-v-duane-keffe-d-davis-day-2-mob-james-reggie-wright-jr-and-the-corn/nv-v-duane-keffe-d-davis-day-2-mob-james-reggie-wright-jr-and-the-corn_EA-DSbYev9I.wav | /Users/rajeshpmu/Desktop/LegalMemoCMT/data/phase2/tupac/corpus/raw/nv-v-duane-keffe-d-davis-day-2-mob-james-reggie-wright-jr-and-the-corn/nv-v-duane-keffe-d-davis-day-2-mob-james-reggie-wright-jr-and-the-corn_EA-DSbYev9I.wav,/Users/rajeshpmu/Desktop/LegalMemoCMT/data/phase2/tupac/corpus/raw/nv-v-duane-keffe-d-davis-day-2-mob-james-reggie-wright-jr-and-the-corn/nv-v-duane-keffe-d-davis-day-2-mob-james-reggie-wright-jr-and-the-corn_EA-DSbYev9I.mp4 | /Users/rajeshpmu/Desktop/LegalMemoCMT/data/phase2/tupac/corpus/raw/nv-v-duane-keffe-d-davis-day-2-mob-james-reggie-wright-jr-and-the-corn/nv-v-duane-keffe-d-davis-day-2-mob-james-reggie-wright-jr-and-the-corn_EA-DSbYev9I.mp4 | /Users/rajeshpmu/Desktop/LegalMemoCMT/data/phase2/tupac/corpus/raw/nv-v-duane-keffe-d-davis-day-2-mob-james-reggie-wright-jr-and-the-corn/nv-v-duane-keffe-d-davis-day-2-mob-james-reggie-wright-jr-and-the-corn_EA-DSbYev9I.mp4,Right. So you're || When Okay. || Sure.,,,,,,,
EA-DSbYev9I,SPEAKER_29,656,3,EA-DSbYev9I_turn00912 | EA-DSbYev9I_turn00913 | EA-DSbYev9I_turn00914,/Users/rajeshpmu/Desktop/LegalMemoCMT/data/phase2/tupac/corpus/raw/nv-v-duane-keffe-d-davis-day-2-mob-james-reggie-wright-jr-and-the-corn/nv-v-duane-keffe-d-davis-day-2-mob-james-reggie-wright-jr-and-the-corn_EA-DSbYev9I.wav | /Users/rajeshpmu/Desktop/LegalMemoCMT/data/phase2/tupac/corpus/raw/nv-v-duane-keffe-d-davis-day-2-mob-james-reggie-wright-jr-and-the-corn/nv-v-duane-keffe-d-davis-day-2-mob-james-reggie-wright-jr-and-the-corn_EA-DSbYev9I.wav | /Users/rajeshpmu/Desktop/LegalMemoCMT/data/phase2/tupac/corpus/raw/nv-v-duane-keffe-d-davis-day-2-mob-james-reggie-wright-jr-and-the-corn/nv-v-duane-keffe-d-davis-day-2-mob-james-reggie-wright-jr-and-the-corn_EA-DSbYev9I.wav,/Users/rajeshpmu/Desktop/LegalMemoCMT/data/phase2/tupac/corpus/raw/nv-v-duane-keffe-d-davis-day-2-mob-james-reggie-wright-jr-and-the-corn/nv-v-duane-keffe-d-davis-day-2-mob-james-reggie-wright-jr-and-the-corn_EA-DSbYev9I.mp4 | /Users/rajeshpmu/Desktop/LegalMemoCMT/data/phase2/tupac/corpus/raw/nv-v-duane-keffe-d-davis-day-2-mob-james-reggie-wright-jr-and-the-corn/nv-v-duane-keffe-d-davis-day-2-mob-james-reggie-wright-jr-and-the-corn_EA-DSbYev9I.mp4 | /Users/rajeshpmu/Desktop/LegalMemoCMT/data/phase2/tupac/corpus/raw/nv-v-duane-keffe-d-davis-day-2-mob-james-reggie-wright-jr-and-the-corn/nv-v-duane-keffe-d-davis-day-2-mob-james-reggie-wright-jr-and-the-corn_EA-DSbYev9I.mp4,Dr. G. Morning. || Good morning. || How are you doing?,,,,,,,
EA-DSbYev9I,SPEAKER_31,30,3,EA-DSbYev9I_turn00466 | EA-DSbYev9I_turn01454 | EA-DSbYev9I_turn01455,/Users/rajeshpmu/Desktop/LegalMemoCMT/data/phase2/tupac/corpus/raw/nv-v-duane-keffe-d-davis-day-2-mob-james-reggie-wright-jr-and-the-corn/nv-v-duane-keffe-d-davis-day-2-mob-james-reggie-wright-jr-and-the-corn_EA-DSbYev9I.wav | /Users/rajeshpmu/Desktop/LegalMemoCMT/data/phase2/tupac/corpus/raw/nv-v-duane-keffe-d-davis-day-2-mob-james-reggie-wright-jr-and-the-corn/nv-v-duane-keffe-d-davis-day-2-mob-james-reggie-wright-jr-and-the-corn_EA-DSbYev9I.wav | /Users/rajeshpmu/Desktop/LegalMemoCMT/data/phase2/tupac/corpus/raw/nv-v-duane-keffe-d-davis-day-2-mob-james-reggie-wright-jr-and-the-corn/nv-v-duane-keffe-d-davis-day-2-mob-james-reggie-wright-jr-and-the-corn_EA-DSbYev9I.wav,/Users/rajeshpmu/Desktop/LegalMemoCMT/data/phase2/tupac/corpus/raw/nv-v-duane-keffe-d-davis-day-2-mob-james-reggie-wright-jr-and-the-corn/nv-v-duane-keffe-d-davis-day-2-mob-james-reggie-wright-jr-and-the-corn_EA-DSbYev9I.mp4 | /Users/rajeshpmu/Desktop/LegalMemoCMT/data/phase2/tupac/corpus/raw/nv-v-duane-keffe-d-davis-day-2-mob-james-reggie-wright-jr-and-the-corn/nv-v-duane-keffe-d-davis-day-2-mob-james-reggie-wright-jr-and-the-corn_EA-DSbYev9I.mp4 | /Users/rajeshpmu/Desktop/LegalMemoCMT/data/phase2/tupac/corpus/raw/nv-v-duane-keffe-d-davis-day-2-mob-james-reggie-wright-jr-and-the-corn/nv-v-duane-keffe-d-davis-day-2-mob-james-reggie-wright-jr-and-the-corn_EA-DSbYev9I.mp4,"either parking your car coming to you or || And sir, if you please state your full || Kenneth Rios, Ken Nos.",,,,,,,
EA-DSbYev9I,SPEAKER_32,146,3,EA-DSbYev9I_turn01478 | EA-DSbYev9I_turn01749 | EA-DSbYev9I_turn01750,/Users/rajeshpmu/Desktop/LegalMemoCMT/data/phase2/tupac/corpus/raw/nv-v-duane-keffe-d-davis-day-2-mob-james-reggie-wright-jr-and-the-corn/nv-v-duane-keffe-d-davis-day-2-mob-james-reggie-wright-jr-and-the-corn_EA-DSbYev9I.wav | /Users/rajeshpmu/Desktop/LegalMemoCMT/data/phase2/tupac/corpus/raw/nv-v-duane-keffe-d-davis-day-2-mob-james-reggie-wright-jr-and-the-corn/nv-v-duane-keffe-d-davis-day-2-mob-james-reggie-wright-jr-and-the-corn_EA-DSbYev9I.wav | /Users/rajeshpmu/Desktop/LegalMemoCMT/data/phase2/tupac/corpus/raw/nv-v-duane-keffe-d-davis-day-2-mob-james-reggie-wright-jr-and-the-corn/nv-v-duane-keffe-d-davis-day-2-mob-james-reggie-wright-jr-and-the-corn_EA-DSbYev9I.wav,/Users/rajeshpmu/Desktop/LegalMemoCMT/data/phase2/tupac/corpus/raw/nv-v-duane-keffe-d-davis-day-2-mob-james-reggie-wright-jr-and-the-corn/nv-v-duane-keffe-d-davis-day-2-mob-james-reggie-wright-jr-and-the-corn_EA-DSbYev9I.mp4 | /Users/rajeshpmu/Desktop/LegalMemoCMT/data/phase2/tupac/corpus/raw/nv-v-duane-keffe-d-davis-day-2-mob-james-reggie-wright-jr-and-the-corn/nv-v-duane-keffe-d-davis-day-2-mob-james-reggie-wright-jr-and-the-corn_EA-DSbYev9I.mp4 | /Users/rajeshpmu/Desktop/LegalMemoCMT/data/phase2/tupac/corpus/raw/nv-v-duane-keffe-d-davis-day-2-mob-james-reggie-wright-jr-and-the-corn/nv-v-duane-keffe-d-davis-day-2-mob-james-reggie-wright-jr-and-the-corn_EA-DSbYev9I.mp4,"That shit's flipped. council. I'm going to back up just a little bit here when you come in. || Sir, how are you currently employed? || I'm a deputy marshal in district court",,,,,,,
EA-DSbYev9I,SPEAKER_33,2,2,EA-DSbYev9I_turn01384 | EA-DSbYev9I_turn01390,/Users/rajeshpmu/Desktop/LegalMemoCMT/data/phase2/tupac/corpus/raw/nv-v-duane-keffe-d-davis-day-2-mob-james-reggie-wright-jr-and-the-corn/nv-v-duane-keffe-d-davis-day-2-mob-james-reggie-wright-jr-and-the-corn_EA-DSbYev9I.wav | /Users/rajeshpmu/Desktop/LegalMemoCMT/data/phase2/tupac/corpus/raw/nv-v-duane-keffe-d-davis-day-2-mob-james-reggie-wright-jr-and-the-corn/nv-v-duane-keffe-d-davis-day-2-mob-james-reggie-wright-jr-and-the-corn_EA-DSbYev9I.wav,/Users/rajeshpmu/Desktop/LegalMemoCMT/data/phase2/tupac/corpus/raw/nv-v-duane-keffe-d-davis-day-2-mob-james-reggie-wright-jr-and-the-corn/nv-v-duane-keffe-d-davis-day-2-mob-james-reggie-wright-jr-and-the-corn_EA-DSbYev9I.mp4 | /Users/rajeshpmu/Desktop/LegalMemoCMT/data/phase2/tupac/corpus/raw/nv-v-duane-keffe-d-davis-day-2-mob-james-reggie-wright-jr-and-the-corn/nv-v-duane-keffe-d-davis-day-2-mob-james-reggie-wright-jr-and-the-corn_EA-DSbYev9I.mp4,Huh? || Say that for me one more time.,,,,,,,
EA-DSbYev9I,SPEAKER_34,11,3,EA-DSbYev9I_turn00725 | EA-DSbYev9I_turn00743 | EA-DSbYev9I_turn02038,/Users/rajeshpmu/Desktop/LegalMemoCMT/data/phase2/tupac/corpus/raw/nv-v-duane-keffe-d-davis-day-2-mob-james-reggie-wright-jr-and-the-corn/nv-v-duane-keffe-d-davis-day-2-mob-james-reggie-wright-jr-and-the-corn_EA-DSbYev9I.wav | /Users/rajeshpmu/Desktop/LegalMemoCMT/data/phase2/tupac/corpus/raw/nv-v-duane-keffe-d-davis-day-2-mob-james-reggie-wright-jr-and-the-corn/nv-v-duane-keffe-d-davis-day-2-mob-james-reggie-wright-jr-and-the-corn_EA-DSbYev9I.wav | /Users/rajeshpmu/Desktop/LegalMemoCMT/data/phase2/tupac/corpus/raw/nv-v-duane-keffe-d-davis-day-2-mob-james-reggie-wright-jr-and-the-corn/nv-v-duane-keffe-d-davis-day-2-mob-james-reggie-wright-jr-and-the-corn_EA-DSbYev9I.wav,/Users/rajeshpmu/Desktop/LegalMemoCMT/data/phase2/tupac/corpus/raw/nv-v-duane-keffe-d-davis-day-2-mob-james-reggie-wright-jr-and-the-corn/nv-v-duane-keffe-d-davis-day-2-mob-james-reggie-wright-jr-and-the-corn_EA-DSbYev9I.mp4 | /Users/rajeshpmu/Desktop/LegalMemoCMT/data/phase2/tupac/corpus/raw/nv-v-duane-keffe-d-davis-day-2-mob-james-reggie-wright-jr-and-the-corn/nv-v-duane-keffe-d-davis-day-2-mob-james-reggie-wright-jr-and-the-corn_EA-DSbYev9I.mp4 | /Users/rajeshpmu/Desktop/LegalMemoCMT/data/phase2/tupac/corpus/raw/nv-v-duane-keffe-d-davis-day-2-mob-james-reggie-wright-jr-and-the-corn/nv-v-duane-keffe-d-davis-day-2-mob-james-reggie-wright-jr-and-the-corn_EA-DSbYev9I.mp4,"Okay, they're just wrapping up. Thank || Fingerprints. || Defense to",,,,,,,
EA-DSbYev9I,SPEAKER_36,67,3,EA-DSbYev9I_turn00994 | EA-DSbYev9I_turn00996 | EA-DSbYev9I_turn00997,/Users/rajeshpmu/Desktop/LegalMemoCMT/data/phase2/tupac/corpus/raw/nv-v-duane-keffe-d-davis-day-2-mob-james-reggie-wright-jr-and-the-corn/nv-v-duane-keffe-d-davis-day-2-mob-james-reggie-wright-jr-and-the-corn_EA-DSbYev9I.wav | /Users/rajeshpmu/Desktop/LegalMemoCMT/data/phase2/tupac/corpus/raw/nv-v-duane-keffe-d-davis-day-2-mob-james-reggie-wright-jr-and-the-corn/nv-v-duane-keffe-d-davis-day-2-mob-james-reggie-wright-jr-and-the-corn_EA-DSbYev9I.wav | /Users/rajeshpmu/Desktop/LegalMemoCMT/data/phase2/tupac/corpus/raw/nv-v-duane-keffe-d-davis-day-2-mob-james-reggie-wright-jr-and-the-corn/nv-v-duane-keffe-d-davis-day-2-mob-james-reggie-wright-jr-and-the-corn_EA-DSbYev9I.wav,/Users/rajeshpmu/Desktop/LegalMemoCMT/data/phase2/tupac/corpus/raw/nv-v-duane-keffe-d-davis-day-2-mob-james-reggie-wright-jr-and-the-corn/nv-v-duane-keffe-d-davis-day-2-mob-james-reggie-wright-jr-and-the-corn_EA-DSbYev9I.mp4 | /Users/rajeshpmu/Desktop/LegalMemoCMT/data/phase2/tupac/corpus/raw/nv-v-duane-keffe-d-davis-day-2-mob-james-reggie-wright-jr-and-the-corn/nv-v-duane-keffe-d-davis-day-2-mob-james-reggie-wright-jr-and-the-corn_EA-DSbYev9I.mp4 | /Users/rajeshpmu/Desktop/LegalMemoCMT/data/phase2/tupac/corpus/raw/nv-v-duane-keffe-d-davis-day-2-mob-james-reggie-wright-jr-and-the-corn/nv-v-duane-keffe-d-davis-day-2-mob-james-reggie-wright-jr-and-the-corn_EA-DSbYev9I.mp4,"Michael Ingram. M I C H A E L I N G R A || Mr. Jack, whenever you're ready, || I work as an investigator for MGM",,,,,,,
EA-DSbYev9I,SPEAKER_37,252,3,EA-DSbYev9I_turn00431 | EA-DSbYev9I_turn00433 | EA-DSbYev9I_turn00434,/Users/rajeshpmu/Desktop/LegalMemoCMT/data/phase2/tupac/corpus/raw/nv-v-duane-keffe-d-davis-day-2-mob-james-reggie-wright-jr-and-the-corn/nv-v-duane-keffe-d-davis-day-2-mob-james-reggie-wright-jr-and-the-corn_EA-DSbYev9I.wav | /Users/rajeshpmu/Desktop/LegalMemoCMT/data/phase2/tupac/corpus/raw/nv-v-duane-keffe-d-davis-day-2-mob-james-reggie-wright-jr-and-the-corn/nv-v-duane-keffe-d-davis-day-2-mob-james-reggie-wright-jr-and-the-corn_EA-DSbYev9I.wav | /Users/rajeshpmu/Desktop/LegalMemoCMT/data/phase2/tupac/corpus/raw/nv-v-duane-keffe-d-davis-day-2-mob-james-reggie-wright-jr-and-the-corn/nv-v-duane-keffe-d-davis-day-2-mob-james-reggie-wright-jr-and-the-corn_EA-DSbYev9I.wav,/Users/rajeshpmu/Desktop/LegalMemoCMT/data/phase2/tupac/corpus/raw/nv-v-duane-keffe-d-davis-day-2-mob-james-reggie-wright-jr-and-the-corn/nv-v-duane-keffe-d-davis-day-2-mob-james-reggie-wright-jr-and-the-corn_EA-DSbYev9I.mp4 | /Users/rajeshpmu/Desktop/LegalMemoCMT/data/phase2/tupac/corpus/raw/nv-v-duane-keffe-d-davis-day-2-mob-james-reggie-wright-jr-and-the-corn/nv-v-duane-keffe-d-davis-day-2-mob-james-reggie-wright-jr-and-the-corn_EA-DSbYev9I.mp4 | /Users/rajeshpmu/Desktop/LegalMemoCMT/data/phase2/tupac/corpus/raw/nv-v-duane-keffe-d-davis-day-2-mob-james-reggie-wright-jr-and-the-corn/nv-v-duane-keffe-d-davis-day-2-mob-james-reggie-wright-jr-and-the-corn_EA-DSbYev9I.mp4,Okay. I back and ask you a question || May have seen the shooting or heard. || We're going to try this again.,,,,,,,
EA-DSbYev9I,SPEAKER_38,10,3,EA-DSbYev9I_turn00833 | EA-DSbYev9I_turn01111 | EA-DSbYev9I_turn01654,/Users/rajeshpmu/Desktop/LegalMemoCMT/data/phase2/tupac/corpus/raw/nv-v-duane-keffe-d-davis-day-2-mob-james-reggie-wright-jr-and-the-corn/nv-v-duane-keffe-d-davis-day-2-mob-james-reggie-wright-jr-and-the-corn_EA-DSbYev9I.wav | /Users/rajeshpmu/Desktop/LegalMemoCMT/data/phase2/tupac/corpus/raw/nv-v-duane-keffe-d-davis-day-2-mob-james-reggie-wright-jr-and-the-corn/nv-v-duane-keffe-d-davis-day-2-mob-james-reggie-wright-jr-and-the-corn_EA-DSbYev9I.wav | /Users/rajeshpmu/Desktop/LegalMemoCMT/data/phase2/tupac/corpus/raw/nv-v-duane-keffe-d-davis-day-2-mob-james-reggie-wright-jr-and-the-corn/nv-v-duane-keffe-d-davis-day-2-mob-james-reggie-wright-jr-and-the-corn_EA-DSbYev9I.wav,/Users/rajeshpmu/Desktop/LegalMemoCMT/data/phase2/tupac/corpus/raw/nv-v-duane-keffe-d-davis-day-2-mob-james-reggie-wright-jr-and-the-corn/nv-v-duane-keffe-d-davis-day-2-mob-james-reggie-wright-jr-and-the-corn_EA-DSbYev9I.mp4 | /Users/rajeshpmu/Desktop/LegalMemoCMT/data/phase2/tupac/corpus/raw/nv-v-duane-keffe-d-davis-day-2-mob-james-reggie-wright-jr-and-the-corn/nv-v-duane-keffe-d-davis-day-2-mob-james-reggie-wright-jr-and-the-corn_EA-DSbYev9I.mp4 | /Users/rajeshpmu/Desktop/LegalMemoCMT/data/phase2/tupac/corpus/raw/nv-v-duane-keffe-d-davis-day-2-mob-james-reggie-wright-jr-and-the-corn/nv-v-duane-keffe-d-davis-day-2-mob-james-reggie-wright-jr-and-the-corn_EA-DSbYev9I.mp4,That's correct. 45. || 2055 or so. || One. You want two?,,,,,,,
EA-DSbYev9I,SPEAKER_39,346,3,EA-DSbYev9I_turn00428 | EA-DSbYev9I_turn00749 | EA-DSbYev9I_turn00753,/Users/rajeshpmu/Desktop/LegalMemoCMT/data/phase2/tupac/corpus/raw/nv-v-duane-keffe-d-davis-day-2-mob-james-reggie-wright-jr-and-the-corn/nv-v-duane-keffe-d-davis-day-2-mob-james-reggie-wright-jr-and-the-corn_EA-DSbYev9I.wav | /Users/rajeshpmu/Desktop/LegalMemoCMT/data/phase2/tupac/corpus/raw/nv-v-duane-keffe-d-davis-day-2-mob-james-reggie-wright-jr-and-the-corn/nv-v-duane-keffe-d-davis-day-2-mob-james-reggie-wright-jr-and-the-corn_EA-DSbYev9I.wav | /Users/rajeshpmu/Desktop/LegalMemoCMT/data/phase2/tupac/corpus/raw/nv-v-duane-keffe-d-davis-day-2-mob-james-reggie-wright-jr-and-the-corn/nv-v-duane-keffe-d-davis-day-2-mob-james-reggie-wright-jr-and-the-corn_EA-DSbYev9I.wav,/Users/rajeshpmu/Desktop/LegalMemoCMT/data/phase2/tupac/corpus/raw/nv-v-duane-keffe-d-davis-day-2-mob-james-reggie-wright-jr-and-the-corn/nv-v-duane-keffe-d-davis-day-2-mob-james-reggie-wright-jr-and-the-corn_EA-DSbYev9I.mp4 | /Users/rajeshpmu/Desktop/LegalMemoCMT/data/phase2/tupac/corpus/raw/nv-v-duane-keffe-d-davis-day-2-mob-james-reggie-wright-jr-and-the-corn/nv-v-duane-keffe-d-davis-day-2-mob-james-reggie-wright-jr-and-the-corn_EA-DSbYev9I.mp4 | /Users/rajeshpmu/Desktop/LegalMemoCMT/data/phase2/tupac/corpus/raw/nv-v-duane-keffe-d-davis-day-2-mob-james-reggie-wright-jr-and-the-corn/nv-v-duane-keffe-d-davis-day-2-mob-james-reggie-wright-jr-and-the-corn_EA-DSbYev9I.mp4,"We're going to finish that recording and || Did you have a field training officer in || Um, do crime scene analysts respond to",,,,,,,
EA-DSbYev9I,SPEAKER_40,9,3,EA-DSbYev9I_turn02586 | EA-DSbYev9I_turn02587 | EA-DSbYev9I_turn03128,/Users/rajeshpmu/Desktop/LegalMemoCMT/data/phase2/tupac/corpus/raw/nv-v-duane-keffe-d-davis-day-2-mob-james-reggie-wright-jr-and-the-corn/nv-v-duane-keffe-d-davis-day-2-mob-james-reggie-wright-jr-and-the-corn_EA-DSbYev9I.wav | /Users/rajeshpmu/Desktop/LegalMemoCMT/data/phase2/tupac/corpus/raw/nv-v-duane-keffe-d-davis-day-2-mob-james-reggie-wright-jr-and-the-corn/nv-v-duane-keffe-d-davis-day-2-mob-james-reggie-wright-jr-and-the-corn_EA-DSbYev9I.wav | /Users/rajeshpmu/Desktop/LegalMemoCMT/data/phase2/tupac/corpus/raw/nv-v-duane-keffe-d-davis-day-2-mob-james-reggie-wright-jr-and-the-corn/nv-v-duane-keffe-d-davis-day-2-mob-james-reggie-wright-jr-and-the-corn_EA-DSbYev9I.wav,/Users/rajeshpmu/Desktop/LegalMemoCMT/data/phase2/tupac/corpus/raw/nv-v-duane-keffe-d-davis-day-2-mob-james-reggie-wright-jr-and-the-corn/nv-v-duane-keffe-d-davis-day-2-mob-james-reggie-wright-jr-and-the-corn_EA-DSbYev9I.mp4 | /Users/rajeshpmu/Desktop/LegalMemoCMT/data/phase2/tupac/corpus/raw/nv-v-duane-keffe-d-davis-day-2-mob-james-reggie-wright-jr-and-the-corn/nv-v-duane-keffe-d-davis-day-2-mob-james-reggie-wright-jr-and-the-corn_EA-DSbYev9I.mp4 | /Users/rajeshpmu/Desktop/LegalMemoCMT/data/phase2/tupac/corpus/raw/nv-v-duane-keffe-d-davis-day-2-mob-james-reggie-wright-jr-and-the-corn/nv-v-duane-keffe-d-davis-day-2-mob-james-reggie-wright-jr-and-the-corn_EA-DSbYev9I.mp4,"Mom, are you going to w listen to his || Yes. instead of your spicy books. || Awesome. All right, let's bring him in.",,,,,,,
EA-DSbYev9I,SPEAKER_41,4,3,EA-DSbYev9I_turn01729 | EA-DSbYev9I_turn02499 | EA-DSbYev9I_turn03028,/Users/rajeshpmu/Desktop/LegalMemoCMT/data/phase2/tupac/corpus/raw/nv-v-duane-keffe-d-davis-day-2-mob-james-reggie-wright-jr-and-the-corn/nv-v-duane-keffe-d-davis-day-2-mob-james-reggie-wright-jr-and-the-corn_EA-DSbYev9I.wav | /Users/rajeshpmu/Desktop/LegalMemoCMT/data/phase2/tupac/corpus/raw/nv-v-duane-keffe-d-davis-day-2-mob-james-reggie-wright-jr-and-the-corn/nv-v-duane-keffe-d-davis-day-2-mob-james-reggie-wright-jr-and-the-corn_EA-DSbYev9I.wav | /Users/rajeshpmu/Desktop/LegalMemoCMT/data/phase2/tupac/corpus/raw/nv-v-duane-keffe-d-davis-day-2-mob-james-reggie-wright-jr-and-the-corn/nv-v-duane-keffe-d-davis-day-2-mob-james-reggie-wright-jr-and-the-corn_EA-DSbYev9I.wav,/Users/rajeshpmu/Desktop/LegalMemoCMT/data/phase2/tupac/corpus/raw/nv-v-duane-keffe-d-davis-day-2-mob-james-reggie-wright-jr-and-the-corn/nv-v-duane-keffe-d-davis-day-2-mob-james-reggie-wright-jr-and-the-corn_EA-DSbYev9I.mp4 | /Users/rajeshpmu/Desktop/LegalMemoCMT/data/phase2/tupac/corpus/raw/nv-v-duane-keffe-d-davis-day-2-mob-james-reggie-wright-jr-and-the-corn/nv-v-duane-keffe-d-davis-day-2-mob-james-reggie-wright-jr-and-the-corn_EA-DSbYev9I.mp4 | /Users/rajeshpmu/Desktop/LegalMemoCMT/data/phase2/tupac/corpus/raw/nv-v-duane-keffe-d-davis-day-2-mob-james-reggie-wright-jr-and-the-corn/nv-v-duane-keffe-d-davis-day-2-mob-james-reggie-wright-jr-and-the-corn_EA-DSbYev9I.mp4,"that. We saw every || Okay. But my question to you, my || You guys, I'm going to zoom zoom while",,,,,,,
EA-DSbYev9I,SPEAKER_43,12,3,EA-DSbYev9I_turn00545 | EA-DSbYev9I_turn00580 | EA-DSbYev9I_turn00655,/Users/rajeshpmu/Desktop/LegalMemoCMT/data/phase2/tupac/corpus/raw/nv-v-duane-keffe-d-davis-day-2-mob-james-reggie-wright-jr-and-the-corn/nv-v-duane-keffe-d-davis-day-2-mob-james-reggie-wright-jr-and-the-corn_EA-DSbYev9I.wav | /Users/rajeshpmu/Desktop/LegalMemoCMT/data/phase2/tupac/corpus/raw/nv-v-duane-keffe-d-davis-day-2-mob-james-reggie-wright-jr-and-the-corn/nv-v-duane-keffe-d-davis-day-2-mob-james-reggie-wright-jr-and-the-corn_EA-DSbYev9I.wav | /Users/rajeshpmu/Desktop/LegalMemoCMT/data/phase2/tupac/corpus/raw/nv-v-duane-keffe-d-davis-day-2-mob-james-reggie-wright-jr-and-the-corn/nv-v-duane-keffe-d-davis-day-2-mob-james-reggie-wright-jr-and-the-corn_EA-DSbYev9I.wav,/Users/rajeshpmu/Desktop/LegalMemoCMT/data/phase2/tupac/corpus/raw/nv-v-duane-keffe-d-davis-day-2-mob-james-reggie-wright-jr-and-the-corn/nv-v-duane-keffe-d-davis-day-2-mob-james-reggie-wright-jr-and-the-corn_EA-DSbYev9I.mp4 | /Users/rajeshpmu/Desktop/LegalMemoCMT/data/phase2/tupac/corpus/raw/nv-v-duane-keffe-d-davis-day-2-mob-james-reggie-wright-jr-and-the-corn/nv-v-duane-keffe-d-davis-day-2-mob-james-reggie-wright-jr-and-the-corn_EA-DSbYev9I.mp4 | /Users/rajeshpmu/Desktop/LegalMemoCMT/data/phase2/tupac/corpus/raw/nv-v-duane-keffe-d-davis-day-2-mob-james-reggie-wright-jr-and-the-corn/nv-v-duane-keffe-d-davis-day-2-mob-james-reggie-wright-jr-and-the-corn_EA-DSbYev9I.mp4,"2:30. || I don't know what party that was. || Yeah. He was he was tall, about 6'4,",,,,,,,
EA-DSbYev9I,SPEAKER_44,13,3,EA-DSbYev9I_turn00528 | EA-DSbYev9I_turn00544 | EA-DSbYev9I_turn01375,/Users/rajeshpmu/Desktop/LegalMemoCMT/data/phase2/tupac/corpus/raw/nv-v-duane-keffe-d-davis-day-2-mob-james-reggie-wright-jr-and-the-corn/nv-v-duane-keffe-d-davis-day-2-mob-james-reggie-wright-jr-and-the-corn_EA-DSbYev9I.wav | /Users/rajeshpmu/Desktop/LegalMemoCMT/data/phase2/tupac/corpus/raw/nv-v-duane-keffe-d-davis-day-2-mob-james-reggie-wright-jr-and-the-corn/nv-v-duane-keffe-d-davis-day-2-mob-james-reggie-wright-jr-and-the-corn_EA-DSbYev9I.wav | /Users/rajeshpmu/Desktop/LegalMemoCMT/data/phase2/tupac/corpus/raw/nv-v-duane-keffe-d-davis-day-2-mob-james-reggie-wright-jr-and-the-corn/nv-v-duane-keffe-d-davis-day-2-mob-james-reggie-wright-jr-and-the-corn_EA-DSbYev9I.wav,/Users/rajeshpmu/Desktop/LegalMemoCMT/data/phase2/tupac/corpus/raw/nv-v-duane-keffe-d-davis-day-2-mob-james-reggie-wright-jr-and-the-corn/nv-v-duane-keffe-d-davis-day-2-mob-james-reggie-wright-jr-and-the-corn_EA-DSbYev9I.mp4 | /Users/rajeshpmu/Desktop/LegalMemoCMT/data/phase2/tupac/corpus/raw/nv-v-duane-keffe-d-davis-day-2-mob-james-reggie-wright-jr-and-the-corn/nv-v-duane-keffe-d-davis-day-2-mob-james-reggie-wright-jr-and-the-corn_EA-DSbYev9I.mp4 | /Users/rajeshpmu/Desktop/LegalMemoCMT/data/phase2/tupac/corpus/raw/nv-v-duane-keffe-d-davis-day-2-mob-james-reggie-wright-jr-and-the-corn/nv-v-duane-keffe-d-davis-day-2-mob-james-reggie-wright-jr-and-the-corn_EA-DSbYev9I.mp4,"went all through this in the other part || He's like, I don't know. It's late. || I really pages",,,,,,,
EA-DSbYev9I,SPEAKER_45,5,3,EA-DSbYev9I_turn00591 | EA-DSbYev9I_turn00843 | EA-DSbYev9I_turn02306,/Users/rajeshpmu/Desktop/LegalMemoCMT/data/phase2/tupac/corpus/raw/nv-v-duane-keffe-d-davis-day-2-mob-james-reggie-wright-jr-and-the-corn/nv-v-duane-keffe-d-davis-day-2-mob-james-reggie-wright-jr-and-the-corn_EA-DSbYev9I.wav | /Users/rajeshpmu/Desktop/LegalMemoCMT/data/phase2/tupac/corpus/raw/nv-v-duane-keffe-d-davis-day-2-mob-james-reggie-wright-jr-and-the-corn/nv-v-duane-keffe-d-davis-day-2-mob-james-reggie-wright-jr-and-the-corn_EA-DSbYev9I.wav | /Users/rajeshpmu/Desktop/LegalMemoCMT/data/phase2/tupac/corpus/raw/nv-v-duane-keffe-d-davis-day-2-mob-james-reggie-wright-jr-and-the-corn/nv-v-duane-keffe-d-davis-day-2-mob-james-reggie-wright-jr-and-the-corn_EA-DSbYev9I.wav,/Users/rajeshpmu/Desktop/LegalMemoCMT/data/phase2/tupac/corpus/raw/nv-v-duane-keffe-d-davis-day-2-mob-james-reggie-wright-jr-and-the-corn/nv-v-duane-keffe-d-davis-day-2-mob-james-reggie-wright-jr-and-the-corn_EA-DSbYev9I.mp4 | /Users/rajeshpmu/Desktop/LegalMemoCMT/data/phase2/tupac/corpus/raw/nv-v-duane-keffe-d-davis-day-2-mob-james-reggie-wright-jr-and-the-corn/nv-v-duane-keffe-d-davis-day-2-mob-james-reggie-wright-jr-and-the-corn_EA-DSbYev9I.mp4 | /Users/rajeshpmu/Desktop/LegalMemoCMT/data/phase2/tupac/corpus/raw/nv-v-duane-keffe-d-davis-day-2-mob-james-reggie-wright-jr-and-the-corn/nv-v-duane-keffe-d-davis-day-2-mob-james-reggie-wright-jr-and-the-corn_EA-DSbYev9I.mp4,"Okay. You You had no idea where that || Um, || Nothing penetrated.",,,,,,,
EA-DSbYev9I,SPEAKER_46,7,3,EA-DSbYev9I_turn00590 | EA-DSbYev9I_turn01012 | EA-DSbYev9I_turn03209,/Users/rajeshpmu/Desktop/LegalMemoCMT/data/phase2/tupac/corpus/raw/nv-v-duane-keffe-d-davis-day-2-mob-james-reggie-wright-jr-and-the-corn/nv-v-duane-keffe-d-davis-day-2-mob-james-reggie-wright-jr-and-the-corn_EA-DSbYev9I.wav | /Users/rajeshpmu/Desktop/LegalMemoCMT/data/phase2/tupac/corpus/raw/nv-v-duane-keffe-d-davis-day-2-mob-james-reggie-wright-jr-and-the-corn/nv-v-duane-keffe-d-davis-day-2-mob-james-reggie-wright-jr-and-the-corn_EA-DSbYev9I.wav | /Users/rajeshpmu/Desktop/LegalMemoCMT/data/phase2/tupac/corpus/raw/nv-v-duane-keffe-d-davis-day-2-mob-james-reggie-wright-jr-and-the-corn/nv-v-duane-keffe-d-davis-day-2-mob-james-reggie-wright-jr-and-the-corn_EA-DSbYev9I.wav,/Users/rajeshpmu/Desktop/LegalMemoCMT/data/phase2/tupac/corpus/raw/nv-v-duane-keffe-d-davis-day-2-mob-james-reggie-wright-jr-and-the-corn/nv-v-duane-keffe-d-davis-day-2-mob-james-reggie-wright-jr-and-the-corn_EA-DSbYev9I.mp4 | /Users/rajeshpmu/Desktop/LegalMemoCMT/data/phase2/tupac/corpus/raw/nv-v-duane-keffe-d-davis-day-2-mob-james-reggie-wright-jr-and-the-corn/nv-v-duane-keffe-d-davis-day-2-mob-james-reggie-wright-jr-and-the-corn_EA-DSbYev9I.mp4 | /Users/rajeshpmu/Desktop/LegalMemoCMT/data/phase2/tupac/corpus/raw/nv-v-duane-keffe-d-davis-day-2-mob-james-reggie-wright-jr-and-the-corn/nv-v-duane-keffe-d-davis-day-2-mob-james-reggie-wright-jr-and-the-corn_EA-DSbYev9I.mp4,"It's at some mansion. Well, where is || Council, can you please stop SAYING BACK || Oh, well, you",,,,,,,
EA-DSbYev9I,SPEAKER_47,10,3,EA-DSbYev9I_turn00671 | EA-DSbYev9I_turn01125 | EA-DSbYev9I_turn01335,/Users/rajeshpmu/Desktop/LegalMemoCMT/data/phase2/tupac/corpus/raw/nv-v-duane-keffe-d-davis-day-2-mob-james-reggie-wright-jr-and-the-corn/nv-v-duane-keffe-d-davis-day-2-mob-james-reggie-wright-jr-and-the-corn_EA-DSbYev9I.wav | /Users/rajeshpmu/Desktop/LegalMemoCMT/data/phase2/tupac/corpus/raw/nv-v-duane-keffe-d-davis-day-2-mob-james-reggie-wright-jr-and-the-corn/nv-v-duane-keffe-d-davis-day-2-mob-james-reggie-wright-jr-and-the-corn_EA-DSbYev9I.wav | /Users/rajeshpmu/Desktop/LegalMemoCMT/data/phase2/tupac/corpus/raw/nv-v-duane-keffe-d-davis-day-2-mob-james-reggie-wright-jr-and-the-corn/nv-v-duane-keffe-d-davis-day-2-mob-james-reggie-wright-jr-and-the-corn_EA-DSbYev9I.wav,/Users/rajeshpmu/Desktop/LegalMemoCMT/data/phase2/tupac/corpus/raw/nv-v-duane-keffe-d-davis-day-2-mob-james-reggie-wright-jr-and-the-corn/nv-v-duane-keffe-d-davis-day-2-mob-james-reggie-wright-jr-and-the-corn_EA-DSbYev9I.mp4 | /Users/rajeshpmu/Desktop/LegalMemoCMT/data/phase2/tupac/corpus/raw/nv-v-duane-keffe-d-davis-day-2-mob-james-reggie-wright-jr-and-the-corn/nv-v-duane-keffe-d-davis-day-2-mob-james-reggie-wright-jr-and-the-corn_EA-DSbYev9I.mp4 | /Users/rajeshpmu/Desktop/LegalMemoCMT/data/phase2/tupac/corpus/raw/nv-v-duane-keffe-d-davis-day-2-mob-james-reggie-wright-jr-and-the-corn/nv-v-duane-keffe-d-davis-day-2-mob-james-reggie-wright-jr-and-the-corn_EA-DSbYev9I.mp4,"So it was about 10 minutes. Yeah, it was || Excuse me. They're going out to the || Okay. So, it's",,,,,,,
EA-DSbYev9I,UNKNOWN,19,3,EA-DSbYev9I_turn00850 | EA-DSbYev9I_turn00988 | EA-DSbYev9I_turn01151,/Users/rajeshpmu/Desktop/LegalMemoCMT/data/phase2/tupac/corpus/raw/nv-v-duane-keffe-d-davis-day-2-mob-james-reggie-wright-jr-and-the-corn/nv-v-duane-keffe-d-davis-day-2-mob-james-reggie-wright-jr-and-the-corn_EA-DSbYev9I.wav | /Users/rajeshpmu/Desktop/LegalMemoCMT/data/phase2/tupac/corpus/raw/nv-v-duane-keffe-d-davis-day-2-mob-james-reggie-wright-jr-and-the-corn/nv-v-duane-keffe-d-davis-day-2-mob-james-reggie-wright-jr-and-the-corn_EA-DSbYev9I.wav | /Users/rajeshpmu/Desktop/LegalMemoCMT/data/phase2/tupac/corpus/raw/nv-v-duane-keffe-d-davis-day-2-mob-james-reggie-wright-jr-and-the-corn/nv-v-duane-keffe-d-davis-day-2-mob-james-reggie-wright-jr-and-the-corn_EA-DSbYev9I.wav,/Users/rajeshpmu/Desktop/LegalMemoCMT/data/phase2/tupac/corpus/raw/nv-v-duane-keffe-d-davis-day-2-mob-james-reggie-wright-jr-and-the-corn/nv-v-duane-keffe-d-davis-day-2-mob-james-reggie-wright-jr-and-the-corn_EA-DSbYev9I.mp4 | /Users/rajeshpmu/Desktop/LegalMemoCMT/data/phase2/tupac/corpus/raw/nv-v-duane-keffe-d-davis-day-2-mob-james-reggie-wright-jr-and-the-corn/nv-v-duane-keffe-d-davis-day-2-mob-james-reggie-wright-jr-and-the-corn_EA-DSbYev9I.mp4 | /Users/rajeshpmu/Desktop/LegalMemoCMT/data/phase2/tupac/corpus/raw/nv-v-duane-keffe-d-davis-day-2-mob-james-reggie-wright-jr-and-the-corn/nv-v-duane-keffe-d-davis-day-2-mob-james-reggie-wright-jr-and-the-corn_EA-DSbYev9I.mp4,Correct. || Okay. || No.,,,,,,,
Wt1h7rnCvZQ,SPEAKER_00,1,1,Wt1h7rnCvZQ_turn04076,/Users/rajeshpmu/Desktop/LegalMemoCMT/data/phase2/tupac/corpus/raw/live-nv-v-duane-keffe-d-davis-day-2-tupac-murder-trial/live-nv-v-duane-keffe-d-davis-day-2-tupac-murder-trial_Wt1h7rnCvZQ.wav,/Users/rajeshpmu/Desktop/LegalMemoCMT/data/phase2/tupac/corpus/raw/live-nv-v-duane-keffe-d-davis-day-2-tupac-murder-trial/live-nv-v-duane-keffe-d-davis-day-2-tupac-murder-trial_Wt1h7rnCvZQ.mp4,Who was it?,,,,,,,
Wt1h7rnCvZQ,SPEAKER_01,48,3,Wt1h7rnCvZQ_turn04058 | Wt1h7rnCvZQ_turn04059 | Wt1h7rnCvZQ_turn04060,/Users/rajeshpmu/Desktop/LegalMemoCMT/data/phase2/tupac/corpus/raw/live-nv-v-duane-keffe-d-davis-day-2-tupac-murder-trial/live-nv-v-duane-keffe-d-davis-day-2-tupac-murder-trial_Wt1h7rnCvZQ.wav | /Users/rajeshpmu/Desktop/LegalMemoCMT/data/phase2/tupac/corpus/raw/live-nv-v-duane-keffe-d-davis-day-2-tupac-murder-trial/live-nv-v-duane-keffe-d-davis-day-2-tupac-murder-trial_Wt1h7rnCvZQ.wav | /Users/rajeshpmu/Desktop/LegalMemoCMT/data/phase2/tupac/corpus/raw/live-nv-v-duane-keffe-d-davis-day-2-tupac-murder-trial/live-nv-v-duane-keffe-d-davis-day-2-tupac-murder-trial_Wt1h7rnCvZQ.wav,/Users/rajeshpmu/Desktop/LegalMemoCMT/data/phase2/tupac/corpus/raw/live-nv-v-duane-keffe-d-davis-day-2-tupac-murder-trial/live-nv-v-duane-keffe-d-davis-day-2-tupac-murder-trial_Wt1h7rnCvZQ.mp4 | /Users/rajeshpmu/Desktop/LegalMemoCMT/data/phase2/tupac/corpus/raw/live-nv-v-duane-keffe-d-davis-day-2-tupac-murder-trial/live-nv-v-duane-keffe-d-davis-day-2-tupac-murder-trial_Wt1h7rnCvZQ.mp4 | /Users/rajeshpmu/Desktop/LegalMemoCMT/data/phase2/tupac/corpus/raw/live-nv-v-duane-keffe-d-davis-day-2-tupac-murder-trial/live-nv-v-duane-keffe-d-davis-day-2-tupac-murder-trial_Wt1h7rnCvZQ.mp4,Good morning. I'm Dr. Lisa Gavin. L I S || Dr. How are you employed? || I am a forensic pathologist medical,,,,,,,
Wt1h7rnCvZQ,SPEAKER_02,10,3,Wt1h7rnCvZQ_turn04495 | Wt1h7rnCvZQ_turn04496 | Wt1h7rnCvZQ_turn04497,/Users/rajeshpmu/Desktop/LegalMemoCMT/data/phase2/tupac/corpus/raw/live-nv-v-duane-keffe-d-davis-day-2-tupac-murder-trial/live-nv-v-duane-keffe-d-davis-day-2-tupac-murder-trial_Wt1h7rnCvZQ.wav | /Users/rajeshpmu/Desktop/LegalMemoCMT/data/phase2/tupac/corpus/raw/live-nv-v-duane-keffe-d-davis-day-2-tupac-murder-trial/live-nv-v-duane-keffe-d-davis-day-2-tupac-murder-trial_Wt1h7rnCvZQ.wav | /Users/rajeshpmu/Desktop/LegalMemoCMT/data/phase2/tupac/corpus/raw/live-nv-v-duane-keffe-d-davis-day-2-tupac-murder-trial/live-nv-v-duane-keffe-d-davis-day-2-tupac-murder-trial_Wt1h7rnCvZQ.wav,/Users/rajeshpmu/Desktop/LegalMemoCMT/data/phase2/tupac/corpus/raw/live-nv-v-duane-keffe-d-davis-day-2-tupac-murder-trial/live-nv-v-duane-keffe-d-davis-day-2-tupac-murder-trial_Wt1h7rnCvZQ.mp4 | /Users/rajeshpmu/Desktop/LegalMemoCMT/data/phase2/tupac/corpus/raw/live-nv-v-duane-keffe-d-davis-day-2-tupac-murder-trial/live-nv-v-duane-keffe-d-davis-day-2-tupac-murder-trial_Wt1h7rnCvZQ.mp4 | /Users/rajeshpmu/Desktop/LegalMemoCMT/data/phase2/tupac/corpus/raw/live-nv-v-duane-keffe-d-davis-day-2-tupac-murder-trial/live-nv-v-duane-keffe-d-davis-day-2-tupac-murder-trial_Wt1h7rnCvZQ.mp4,Good morning. || Please swear to affirm the testimony || Thank you. You may be seated.,,,,,,,
Wt1h7rnCvZQ,SPEAKER_03,158,3,Wt1h7rnCvZQ_turn03747 | Wt1h7rnCvZQ_turn03748 | Wt1h7rnCvZQ_turn03749,/Users/rajeshpmu/Desktop/LegalMemoCMT/data/phase2/tupac/corpus/raw/live-nv-v-duane-keffe-d-davis-day-2-tupac-murder-trial/live-nv-v-duane-keffe-d-davis-day-2-tupac-murder-trial_Wt1h7rnCvZQ.wav | /Users/rajeshpmu/Desktop/LegalMemoCMT/data/phase2/tupac/corpus/raw/live-nv-v-duane-keffe-d-davis-day-2-tupac-murder-trial/live-nv-v-duane-keffe-d-davis-day-2-tupac-murder-trial_Wt1h7rnCvZQ.wav | /Users/rajeshpmu/Desktop/LegalMemoCMT/data/phase2/tupac/corpus/raw/live-nv-v-duane-keffe-d-davis-day-2-tupac-murder-trial/live-nv-v-duane-keffe-d-davis-day-2-tupac-murder-trial_Wt1h7rnCvZQ.wav,/Users/rajeshpmu/Desktop/LegalMemoCMT/data/phase2/tupac/corpus/raw/live-nv-v-duane-keffe-d-davis-day-2-tupac-murder-trial/live-nv-v-duane-keffe-d-davis-day-2-tupac-murder-trial_Wt1h7rnCvZQ.mp4 | /Users/rajeshpmu/Desktop/LegalMemoCMT/data/phase2/tupac/corpus/raw/live-nv-v-duane-keffe-d-davis-day-2-tupac-murder-trial/live-nv-v-duane-keffe-d-davis-day-2-tupac-murder-trial_Wt1h7rnCvZQ.mp4 | /Users/rajeshpmu/Desktop/LegalMemoCMT/data/phase2/tupac/corpus/raw/live-nv-v-duane-keffe-d-davis-day-2-tupac-murder-trial/live-nv-v-duane-keffe-d-davis-day-2-tupac-murder-trial_Wt1h7rnCvZQ.mp4,"Not from the state. No. || Okay. Let's bring the jury in. Stand up || Yes, sir. You may be seated. All right. Welcome back, ladies and gentlemen. I hope you had a restful evening. We are still in the state's case and chief. So, at this time, I'm going to turn to Mr. Djakamo. Uh, who's your next witness that we're going to be calling?",,,,,,,
Wt1h7rnCvZQ,SPEAKER_04,7,3,Wt1h7rnCvZQ_turn05457 | Wt1h7rnCvZQ_turn05563 | Wt1h7rnCvZQ_turn05564,/Users/rajeshpmu/Desktop/LegalMemoCMT/data/phase2/tupac/corpus/raw/live-nv-v-duane-keffe-d-davis-day-2-tupac-murder-trial/live-nv-v-duane-keffe-d-davis-day-2-tupac-murder-trial_Wt1h7rnCvZQ.wav | /Users/rajeshpmu/Desktop/LegalMemoCMT/data/phase2/tupac/corpus/raw/live-nv-v-duane-keffe-d-davis-day-2-tupac-murder-trial/live-nv-v-duane-keffe-d-davis-day-2-tupac-murder-trial_Wt1h7rnCvZQ.wav | /Users/rajeshpmu/Desktop/LegalMemoCMT/data/phase2/tupac/corpus/raw/live-nv-v-duane-keffe-d-davis-day-2-tupac-murder-trial/live-nv-v-duane-keffe-d-davis-day-2-tupac-murder-trial_Wt1h7rnCvZQ.wav,/Users/rajeshpmu/Desktop/LegalMemoCMT/data/phase2/tupac/corpus/raw/live-nv-v-duane-keffe-d-davis-day-2-tupac-murder-trial/live-nv-v-duane-keffe-d-davis-day-2-tupac-murder-trial_Wt1h7rnCvZQ.mp4 | /Users/rajeshpmu/Desktop/LegalMemoCMT/data/phase2/tupac/corpus/raw/live-nv-v-duane-keffe-d-davis-day-2-tupac-murder-trial/live-nv-v-duane-keffe-d-davis-day-2-tupac-murder-trial_Wt1h7rnCvZQ.mp4 | /Users/rajeshpmu/Desktop/LegalMemoCMT/data/phase2/tupac/corpus/raw/live-nv-v-duane-keffe-d-davis-day-2-tupac-murder-trial/live-nv-v-duane-keffe-d-davis-day-2-tupac-murder-trial_Wt1h7rnCvZQ.mp4,"Lock of Flamingo. Yes, sir. || That's correct, sir. || And then we have another video of",,,,,,,
Wt1h7rnCvZQ,SPEAKER_05,1,1,Wt1h7rnCvZQ_turn05961,/Users/rajeshpmu/Desktop/LegalMemoCMT/data/phase2/tupac/corpus/raw/live-nv-v-duane-keffe-d-davis-day-2-tupac-murder-trial/live-nv-v-duane-keffe-d-davis-day-2-tupac-murder-trial_Wt1h7rnCvZQ.wav,/Users/rajeshpmu/Desktop/LegalMemoCMT/data/phase2/tupac/corpus/raw/live-nv-v-duane-keffe-d-davis-day-2-tupac-murder-trial/live-nv-v-duane-keffe-d-davis-day-2-tupac-murder-trial_Wt1h7rnCvZQ.mp4,I'm sorry. Who determined who made you,,,,,,,
Wt1h7rnCvZQ,SPEAKER_06,12,3,Wt1h7rnCvZQ_turn05461 | Wt1h7rnCvZQ_turn05538 | Wt1h7rnCvZQ_turn05540,/Users/rajeshpmu/Desktop/LegalMemoCMT/data/phase2/tupac/corpus/raw/live-nv-v-duane-keffe-d-davis-day-2-tupac-murder-trial/live-nv-v-duane-keffe-d-davis-day-2-tupac-murder-trial_Wt1h7rnCvZQ.wav | /Users/rajeshpmu/Desktop/LegalMemoCMT/data/phase2/tupac/corpus/raw/live-nv-v-duane-keffe-d-davis-day-2-tupac-murder-trial/live-nv-v-duane-keffe-d-davis-day-2-tupac-murder-trial_Wt1h7rnCvZQ.wav | /Users/rajeshpmu/Desktop/LegalMemoCMT/data/phase2/tupac/corpus/raw/live-nv-v-duane-keffe-d-davis-day-2-tupac-murder-trial/live-nv-v-duane-keffe-d-davis-day-2-tupac-murder-trial_Wt1h7rnCvZQ.wav,/Users/rajeshpmu/Desktop/LegalMemoCMT/data/phase2/tupac/corpus/raw/live-nv-v-duane-keffe-d-davis-day-2-tupac-murder-trial/live-nv-v-duane-keffe-d-davis-day-2-tupac-murder-trial_Wt1h7rnCvZQ.mp4 | /Users/rajeshpmu/Desktop/LegalMemoCMT/data/phase2/tupac/corpus/raw/live-nv-v-duane-keffe-d-davis-day-2-tupac-murder-trial/live-nv-v-duane-keffe-d-davis-day-2-tupac-murder-trial_Wt1h7rnCvZQ.mp4 | /Users/rajeshpmu/Desktop/LegalMemoCMT/data/phase2/tupac/corpus/raw/live-nv-v-duane-keffe-d-davis-day-2-tupac-murder-trial/live-nv-v-duane-keffe-d-davis-day-2-tupac-murder-trial_Wt1h7rnCvZQ.mp4,"I got you. Commission honorable Mr. Brooks. || Actually, can we show uh 115? Actually, || I'll show it to you up close, Mr. Right,",,,,,,,
Wt1h7rnCvZQ,SPEAKER_07,326,3,Wt1h7rnCvZQ_turn04960 | Wt1h7rnCvZQ_turn04961 | Wt1h7rnCvZQ_turn04962,/Users/rajeshpmu/Desktop/LegalMemoCMT/data/phase2/tupac/corpus/raw/live-nv-v-duane-keffe-d-davis-day-2-tupac-murder-trial/live-nv-v-duane-keffe-d-davis-day-2-tupac-murder-trial_Wt1h7rnCvZQ.wav | /Users/rajeshpmu/Desktop/LegalMemoCMT/data/phase2/tupac/corpus/raw/live-nv-v-duane-keffe-d-davis-day-2-tupac-murder-trial/live-nv-v-duane-keffe-d-davis-day-2-tupac-murder-trial_Wt1h7rnCvZQ.wav | /Users/rajeshpmu/Desktop/LegalMemoCMT/data/phase2/tupac/corpus/raw/live-nv-v-duane-keffe-d-davis-day-2-tupac-murder-trial/live-nv-v-duane-keffe-d-davis-day-2-tupac-murder-trial_Wt1h7rnCvZQ.wav,/Users/rajeshpmu/Desktop/LegalMemoCMT/data/phase2/tupac/corpus/raw/live-nv-v-duane-keffe-d-davis-day-2-tupac-murder-trial/live-nv-v-duane-keffe-d-davis-day-2-tupac-murder-trial_Wt1h7rnCvZQ.mp4 | /Users/rajeshpmu/Desktop/LegalMemoCMT/data/phase2/tupac/corpus/raw/live-nv-v-duane-keffe-d-davis-day-2-tupac-murder-trial/live-nv-v-duane-keffe-d-davis-day-2-tupac-murder-trial_Wt1h7rnCvZQ.mp4 | /Users/rajeshpmu/Desktop/LegalMemoCMT/data/phase2/tupac/corpus/raw/live-nv-v-duane-keffe-d-davis-day-2-tupac-murder-trial/live-nv-v-duane-keffe-d-davis-day-2-tupac-murder-trial_Wt1h7rnCvZQ.mp4,"Thank you, honor. Mr. McDonald, it's || Correct. || Um, that you [clears throat] didn't",,,,,,,
Wt1h7rnCvZQ,SPEAKER_08,610,3,Wt1h7rnCvZQ_turn04119 | Wt1h7rnCvZQ_turn04137 | Wt1h7rnCvZQ_turn04138,/Users/rajeshpmu/Desktop/LegalMemoCMT/data/phase2/tupac/corpus/raw/live-nv-v-duane-keffe-d-davis-day-2-tupac-murder-trial/live-nv-v-duane-keffe-d-davis-day-2-tupac-murder-trial_Wt1h7rnCvZQ.wav | /Users/rajeshpmu/Desktop/LegalMemoCMT/data/phase2/tupac/corpus/raw/live-nv-v-duane-keffe-d-davis-day-2-tupac-murder-trial/live-nv-v-duane-keffe-d-davis-day-2-tupac-murder-trial_Wt1h7rnCvZQ.wav | /Users/rajeshpmu/Desktop/LegalMemoCMT/data/phase2/tupac/corpus/raw/live-nv-v-duane-keffe-d-davis-day-2-tupac-murder-trial/live-nv-v-duane-keffe-d-davis-day-2-tupac-murder-trial_Wt1h7rnCvZQ.wav,/Users/rajeshpmu/Desktop/LegalMemoCMT/data/phase2/tupac/corpus/raw/live-nv-v-duane-keffe-d-davis-day-2-tupac-murder-trial/live-nv-v-duane-keffe-d-davis-day-2-tupac-murder-trial_Wt1h7rnCvZQ.mp4 | /Users/rajeshpmu/Desktop/LegalMemoCMT/data/phase2/tupac/corpus/raw/live-nv-v-duane-keffe-d-davis-day-2-tupac-murder-trial/live-nv-v-duane-keffe-d-davis-day-2-tupac-murder-trial_Wt1h7rnCvZQ.mp4 | /Users/rajeshpmu/Desktop/LegalMemoCMT/data/phase2/tupac/corpus/raw/live-nv-v-duane-keffe-d-davis-day-2-tupac-murder-trial/live-nv-v-duane-keffe-d-davis-day-2-tupac-murder-trial_Wt1h7rnCvZQ.mp4,"Just for the record with exhibit number, || Pass examination. Mr. Sant. || Yes, sir. Thank you, Dr. G. Morning.",,,,,,,
Wt1h7rnCvZQ,SPEAKER_09,1,1,Wt1h7rnCvZQ_turn05571,/Users/rajeshpmu/Desktop/LegalMemoCMT/data/phase2/tupac/corpus/raw/live-nv-v-duane-keffe-d-davis-day-2-tupac-murder-trial/live-nv-v-duane-keffe-d-davis-day-2-tupac-murder-trial_Wt1h7rnCvZQ.wav,/Users/rajeshpmu/Desktop/LegalMemoCMT/data/phase2/tupac/corpus/raw/live-nv-v-duane-keffe-d-davis-day-2-tupac-murder-trial/live-nv-v-duane-keffe-d-davis-day-2-tupac-murder-trial_Wt1h7rnCvZQ.mp4,I'm sorry.,,,,,,,
Wt1h7rnCvZQ,SPEAKER_10,21,3,Wt1h7rnCvZQ_turn04498 | Wt1h7rnCvZQ_turn04499 | Wt1h7rnCvZQ_turn04502,/Users/rajeshpmu/Desktop/LegalMemoCMT/data/phase2/tupac/corpus/raw/live-nv-v-duane-keffe-d-davis-day-2-tupac-murder-trial/live-nv-v-duane-keffe-d-davis-day-2-tupac-murder-trial_Wt1h7rnCvZQ.wav | /Users/rajeshpmu/Desktop/LegalMemoCMT/data/phase2/tupac/corpus/raw/live-nv-v-duane-keffe-d-davis-day-2-tupac-murder-trial/live-nv-v-duane-keffe-d-davis-day-2-tupac-murder-trial_Wt1h7rnCvZQ.wav | /Users/rajeshpmu/Desktop/LegalMemoCMT/data/phase2/tupac/corpus/raw/live-nv-v-duane-keffe-d-davis-day-2-tupac-murder-trial/live-nv-v-duane-keffe-d-davis-day-2-tupac-murder-trial_Wt1h7rnCvZQ.wav,/Users/rajeshpmu/Desktop/LegalMemoCMT/data/phase2/tupac/corpus/raw/live-nv-v-duane-keffe-d-davis-day-2-tupac-murder-trial/live-nv-v-duane-keffe-d-davis-day-2-tupac-murder-trial_Wt1h7rnCvZQ.mp4 | /Users/rajeshpmu/Desktop/LegalMemoCMT/data/phase2/tupac/corpus/raw/live-nv-v-duane-keffe-d-davis-day-2-tupac-murder-trial/live-nv-v-duane-keffe-d-davis-day-2-tupac-murder-trial_Wt1h7rnCvZQ.mp4 | /Users/rajeshpmu/Desktop/LegalMemoCMT/data/phase2/tupac/corpus/raw/live-nv-v-duane-keffe-d-davis-day-2-tupac-murder-trial/live-nv-v-duane-keffe-d-davis-day-2-tupac-murder-trial_Wt1h7rnCvZQ.mp4,"And sir, if you please state your full || Kenneth Rios. K N T H R I O S. || Uh, I was employed as a Las Vegas I",,,,,,,
Wt1h7rnCvZQ,SPEAKER_11,74,3,Wt1h7rnCvZQ_turn04733 | Wt1h7rnCvZQ_turn04735 | Wt1h7rnCvZQ_turn04737,/Users/rajeshpmu/Desktop/LegalMemoCMT/data/phase2/tupac/corpus/raw/live-nv-v-duane-keffe-d-davis-day-2-tupac-murder-trial/live-nv-v-duane-keffe-d-davis-day-2-tupac-murder-trial_Wt1h7rnCvZQ.wav | /Users/rajeshpmu/Desktop/LegalMemoCMT/data/phase2/tupac/corpus/raw/live-nv-v-duane-keffe-d-davis-day-2-tupac-murder-trial/live-nv-v-duane-keffe-d-davis-day-2-tupac-murder-trial_Wt1h7rnCvZQ.wav | /Users/rajeshpmu/Desktop/LegalMemoCMT/data/phase2/tupac/corpus/raw/live-nv-v-duane-keffe-d-davis-day-2-tupac-murder-trial/live-nv-v-duane-keffe-d-davis-day-2-tupac-murder-trial_Wt1h7rnCvZQ.wav,/Users/rajeshpmu/Desktop/LegalMemoCMT/data/phase2/tupac/corpus/raw/live-nv-v-duane-keffe-d-davis-day-2-tupac-murder-trial/live-nv-v-duane-keffe-d-davis-day-2-tupac-murder-trial_Wt1h7rnCvZQ.mp4 | /Users/rajeshpmu/Desktop/LegalMemoCMT/data/phase2/tupac/corpus/raw/live-nv-v-duane-keffe-d-davis-day-2-tupac-murder-trial/live-nv-v-duane-keffe-d-davis-day-2-tupac-murder-trial_Wt1h7rnCvZQ.mp4 | /Users/rajeshpmu/Desktop/LegalMemoCMT/data/phase2/tupac/corpus/raw/live-nv-v-duane-keffe-d-davis-day-2-tupac-murder-trial/live-nv-v-duane-keffe-d-davis-day-2-tupac-murder-trial_Wt1h7rnCvZQ.mp4,"It's Dean O. Kelly and it's D E A N O || I'm a deputy marshal in district court || Yes, I was for 20 plus years.",,,,,,,
Wt1h7rnCvZQ,SPEAKER_12,8,3,Wt1h7rnCvZQ_turn04020 | Wt1h7rnCvZQ_turn04022 | Wt1h7rnCvZQ_turn04023,/Users/rajeshpmu/Desktop/LegalMemoCMT/data/phase2/tupac/corpus/raw/live-nv-v-duane-keffe-d-davis-day-2-tupac-murder-trial/live-nv-v-duane-keffe-d-davis-day-2-tupac-murder-trial_Wt1h7rnCvZQ.wav | /Users/rajeshpmu/Desktop/LegalMemoCMT/data/phase2/tupac/corpus/raw/live-nv-v-duane-keffe-d-davis-day-2-tupac-murder-trial/live-nv-v-duane-keffe-d-davis-day-2-tupac-murder-trial_Wt1h7rnCvZQ.wav | /Users/rajeshpmu/Desktop/LegalMemoCMT/data/phase2/tupac/corpus/raw/live-nv-v-duane-keffe-d-davis-day-2-tupac-murder-trial/live-nv-v-duane-keffe-d-davis-day-2-tupac-murder-trial_Wt1h7rnCvZQ.wav,/Users/rajeshpmu/Desktop/LegalMemoCMT/data/phase2/tupac/corpus/raw/live-nv-v-duane-keffe-d-davis-day-2-tupac-murder-trial/live-nv-v-duane-keffe-d-davis-day-2-tupac-murder-trial_Wt1h7rnCvZQ.mp4 | /Users/rajeshpmu/Desktop/LegalMemoCMT/data/phase2/tupac/corpus/raw/live-nv-v-duane-keffe-d-davis-day-2-tupac-murder-trial/live-nv-v-duane-keffe-d-davis-day-2-tupac-murder-trial_Wt1h7rnCvZQ.mp4 | /Users/rajeshpmu/Desktop/LegalMemoCMT/data/phase2/tupac/corpus/raw/live-nv-v-duane-keffe-d-davis-day-2-tupac-murder-trial/live-nv-v-duane-keffe-d-davis-day-2-tupac-murder-trial_Wt1h7rnCvZQ.mp4,"First name is Thomas. T H O M A S. Last || Thank you, sir. How are you currently || I work for Customs and Border Protection",,,,,,,
Wt1h7rnCvZQ,SPEAKER_13,47,3,Wt1h7rnCvZQ_turn04199 | Wt1h7rnCvZQ_turn04201 | Wt1h7rnCvZQ_turn04202,/Users/rajeshpmu/Desktop/LegalMemoCMT/data/phase2/tupac/corpus/raw/live-nv-v-duane-keffe-d-davis-day-2-tupac-murder-trial/live-nv-v-duane-keffe-d-davis-day-2-tupac-murder-trial_Wt1h7rnCvZQ.wav | /Users/rajeshpmu/Desktop/LegalMemoCMT/data/phase2/tupac/corpus/raw/live-nv-v-duane-keffe-d-davis-day-2-tupac-murder-trial/live-nv-v-duane-keffe-d-davis-day-2-tupac-murder-trial_Wt1h7rnCvZQ.wav | /Users/rajeshpmu/Desktop/LegalMemoCMT/data/phase2/tupac/corpus/raw/live-nv-v-duane-keffe-d-davis-day-2-tupac-murder-trial/live-nv-v-duane-keffe-d-davis-day-2-tupac-murder-trial_Wt1h7rnCvZQ.wav,/Users/rajeshpmu/Desktop/LegalMemoCMT/data/phase2/tupac/corpus/raw/live-nv-v-duane-keffe-d-davis-day-2-tupac-murder-trial/live-nv-v-duane-keffe-d-davis-day-2-tupac-murder-trial_Wt1h7rnCvZQ.mp4 | /Users/rajeshpmu/Desktop/LegalMemoCMT/data/phase2/tupac/corpus/raw/live-nv-v-duane-keffe-d-davis-day-2-tupac-murder-trial/live-nv-v-duane-keffe-d-davis-day-2-tupac-murder-trial_Wt1h7rnCvZQ.mp4 | /Users/rajeshpmu/Desktop/LegalMemoCMT/data/phase2/tupac/corpus/raw/live-nv-v-duane-keffe-d-davis-day-2-tupac-murder-trial/live-nv-v-duane-keffe-d-davis-day-2-tupac-murder-trial_Wt1h7rnCvZQ.mp4,"Michael Ingram. M I C H A L I N G R A M. || Sir, how are you? || I work as an investigator for MGM",,,,,,,
Wt1h7rnCvZQ,SPEAKER_14,6,3,Wt1h7rnCvZQ_turn03906 | Wt1h7rnCvZQ_turn04049 | Wt1h7rnCvZQ_turn04225,/Users/rajeshpmu/Desktop/LegalMemoCMT/data/phase2/tupac/corpus/raw/live-nv-v-duane-keffe-d-davis-day-2-tupac-murder-trial/live-nv-v-duane-keffe-d-davis-day-2-tupac-murder-trial_Wt1h7rnCvZQ.wav | /Users/rajeshpmu/Desktop/LegalMemoCMT/data/phase2/tupac/corpus/raw/live-nv-v-duane-keffe-d-davis-day-2-tupac-murder-trial/live-nv-v-duane-keffe-d-davis-day-2-tupac-murder-trial_Wt1h7rnCvZQ.wav | /Users/rajeshpmu/Desktop/LegalMemoCMT/data/phase2/tupac/corpus/raw/live-nv-v-duane-keffe-d-davis-day-2-tupac-murder-trial/live-nv-v-duane-keffe-d-davis-day-2-tupac-murder-trial_Wt1h7rnCvZQ.wav,/Users/rajeshpmu/Desktop/LegalMemoCMT/data/phase2/tupac/corpus/raw/live-nv-v-duane-keffe-d-davis-day-2-tupac-murder-trial/live-nv-v-duane-keffe-d-davis-day-2-tupac-murder-trial_Wt1h7rnCvZQ.mp4 | /Users/rajeshpmu/Desktop/LegalMemoCMT/data/phase2/tupac/corpus/raw/live-nv-v-duane-keffe-d-davis-day-2-tupac-murder-trial/live-nv-v-duane-keffe-d-davis-day-2-tupac-murder-trial_Wt1h7rnCvZQ.mp4 | /Users/rajeshpmu/Desktop/LegalMemoCMT/data/phase2/tupac/corpus/raw/live-nv-v-duane-keffe-d-davis-day-2-tupac-murder-trial/live-nv-v-duane-keffe-d-davis-day-2-tupac-murder-trial_Wt1h7rnCvZQ.mp4,"Yeah. Right. || Okay. Cross examination, Mr. Sam. I have || There's two blues.",,,,,,,
Wt1h7rnCvZQ,SPEAKER_15,19,3,Wt1h7rnCvZQ_turn03883 | Wt1h7rnCvZQ_turn03884 | Wt1h7rnCvZQ_turn03885,/Users/rajeshpmu/Desktop/LegalMemoCMT/data/phase2/tupac/corpus/raw/live-nv-v-duane-keffe-d-davis-day-2-tupac-murder-trial/live-nv-v-duane-keffe-d-davis-day-2-tupac-murder-trial_Wt1h7rnCvZQ.wav | /Users/rajeshpmu/Desktop/LegalMemoCMT/data/phase2/tupac/corpus/raw/live-nv-v-duane-keffe-d-davis-day-2-tupac-murder-trial/live-nv-v-duane-keffe-d-davis-day-2-tupac-murder-trial_Wt1h7rnCvZQ.wav | /Users/rajeshpmu/Desktop/LegalMemoCMT/data/phase2/tupac/corpus/raw/live-nv-v-duane-keffe-d-davis-day-2-tupac-murder-trial/live-nv-v-duane-keffe-d-davis-day-2-tupac-murder-trial_Wt1h7rnCvZQ.wav,/Users/rajeshpmu/Desktop/LegalMemoCMT/data/phase2/tupac/corpus/raw/live-nv-v-duane-keffe-d-davis-day-2-tupac-murder-trial/live-nv-v-duane-keffe-d-davis-day-2-tupac-murder-trial_Wt1h7rnCvZQ.mp4 | /Users/rajeshpmu/Desktop/LegalMemoCMT/data/phase2/tupac/corpus/raw/live-nv-v-duane-keffe-d-davis-day-2-tupac-murder-trial/live-nv-v-duane-keffe-d-davis-day-2-tupac-murder-trial_Wt1h7rnCvZQ.mp4 | /Users/rajeshpmu/Desktop/LegalMemoCMT/data/phase2/tupac/corpus/raw/live-nv-v-duane-keffe-d-davis-day-2-tupac-murder-trial/live-nv-v-duane-keffe-d-davis-day-2-tupac-murder-trial_Wt1h7rnCvZQ.mp4,Um || Yes. || She expressed concern about,,,,,,,
Wt1h7rnCvZQ,SPEAKER_16,245,3,Wt1h7rnCvZQ_turn03751 | Wt1h7rnCvZQ_turn03752 | Wt1h7rnCvZQ_turn03753,/Users/rajeshpmu/Desktop/LegalMemoCMT/data/phase2/tupac/corpus/raw/live-nv-v-duane-keffe-d-davis-day-2-tupac-murder-trial/live-nv-v-duane-keffe-d-davis-day-2-tupac-murder-trial_Wt1h7rnCvZQ.wav | /Users/rajeshpmu/Desktop/LegalMemoCMT/data/phase2/tupac/corpus/raw/live-nv-v-duane-keffe-d-davis-day-2-tupac-murder-trial/live-nv-v-duane-keffe-d-davis-day-2-tupac-murder-trial_Wt1h7rnCvZQ.wav | /Users/rajeshpmu/Desktop/LegalMemoCMT/data/phase2/tupac/corpus/raw/live-nv-v-duane-keffe-d-davis-day-2-tupac-murder-trial/live-nv-v-duane-keffe-d-davis-day-2-tupac-murder-trial_Wt1h7rnCvZQ.wav,/Users/rajeshpmu/Desktop/LegalMemoCMT/data/phase2/tupac/corpus/raw/live-nv-v-duane-keffe-d-davis-day-2-tupac-murder-trial/live-nv-v-duane-keffe-d-davis-day-2-tupac-murder-trial_Wt1h7rnCvZQ.mp4 | /Users/rajeshpmu/Desktop/LegalMemoCMT/data/phase2/tupac/corpus/raw/live-nv-v-duane-keffe-d-davis-day-2-tupac-murder-trial/live-nv-v-duane-keffe-d-davis-day-2-tupac-murder-trial_Wt1h7rnCvZQ.mp4 | /Users/rajeshpmu/Desktop/LegalMemoCMT/data/phase2/tupac/corpus/raw/live-nv-v-duane-keffe-d-davis-day-2-tupac-murder-trial/live-nv-v-duane-keffe-d-davis-day-2-tupac-murder-trial_Wt1h7rnCvZQ.mp4,"Okay, sounds good. You may proceed. Okay. I'll go back and ask you a question again. Uh while you were there in the parking structure and you heard the commotion, people running would be south on Fairfax or back in toward the parking area. Uh did you recognize anybody that um my concern is that may have been further north on Fairfax on a sidewalk may have seen the shooting or heard something. || Anybody that you saw that || I seen running?",,,,,,,
Wt1h7rnCvZQ,SPEAKER_17,260,3,Wt1h7rnCvZQ_turn03750 | Wt1h7rnCvZQ_turn04024 | Wt1h7rnCvZQ_turn04025,/Users/rajeshpmu/Desktop/LegalMemoCMT/data/phase2/tupac/corpus/raw/live-nv-v-duane-keffe-d-davis-day-2-tupac-murder-trial/live-nv-v-duane-keffe-d-davis-day-2-tupac-murder-trial_Wt1h7rnCvZQ.wav | /Users/rajeshpmu/Desktop/LegalMemoCMT/data/phase2/tupac/corpus/raw/live-nv-v-duane-keffe-d-davis-day-2-tupac-murder-trial/live-nv-v-duane-keffe-d-davis-day-2-tupac-murder-trial_Wt1h7rnCvZQ.wav | /Users/rajeshpmu/Desktop/LegalMemoCMT/data/phase2/tupac/corpus/raw/live-nv-v-duane-keffe-d-davis-day-2-tupac-murder-trial/live-nv-v-duane-keffe-d-davis-day-2-tupac-murder-trial_Wt1h7rnCvZQ.wav,/Users/rajeshpmu/Desktop/LegalMemoCMT/data/phase2/tupac/corpus/raw/live-nv-v-duane-keffe-d-davis-day-2-tupac-murder-trial/live-nv-v-duane-keffe-d-davis-day-2-tupac-murder-trial_Wt1h7rnCvZQ.mp4 | /Users/rajeshpmu/Desktop/LegalMemoCMT/data/phase2/tupac/corpus/raw/live-nv-v-duane-keffe-d-davis-day-2-tupac-murder-trial/live-nv-v-duane-keffe-d-davis-day-2-tupac-murder-trial_Wt1h7rnCvZQ.mp4 | /Users/rajeshpmu/Desktop/LegalMemoCMT/data/phase2/tupac/corpus/raw/live-nv-v-duane-keffe-d-davis-day-2-tupac-murder-trial/live-nv-v-duane-keffe-d-davis-day-2-tupac-murder-trial_Wt1h7rnCvZQ.mp4,We're going to finish that recording and || Uh I'm going to take you back 30 years || Okay.,,,,,,,
Wt1h7rnCvZQ,SPEAKER_18,2,2,Wt1h7rnCvZQ_turn04435 | Wt1h7rnCvZQ_turn05539,/Users/rajeshpmu/Desktop/LegalMemoCMT/data/phase2/tupac/corpus/raw/live-nv-v-duane-keffe-d-davis-day-2-tupac-murder-trial/live-nv-v-duane-keffe-d-davis-day-2-tupac-murder-trial_Wt1h7rnCvZQ.wav | /Users/rajeshpmu/Desktop/LegalMemoCMT/data/phase2/tupac/corpus/raw/live-nv-v-duane-keffe-d-davis-day-2-tupac-murder-trial/live-nv-v-duane-keffe-d-davis-day-2-tupac-murder-trial_Wt1h7rnCvZQ.wav,/Users/rajeshpmu/Desktop/LegalMemoCMT/data/phase2/tupac/corpus/raw/live-nv-v-duane-keffe-d-davis-day-2-tupac-murder-trial/live-nv-v-duane-keffe-d-davis-day-2-tupac-murder-trial_Wt1h7rnCvZQ.mp4 | /Users/rajeshpmu/Desktop/LegalMemoCMT/data/phase2/tupac/corpus/raw/live-nv-v-duane-keffe-d-davis-day-2-tupac-murder-trial/live-nv-v-duane-keffe-d-davis-day-2-tupac-murder-trial_Wt1h7rnCvZQ.mp4,"Oh, sorry. || We can take the computer up to um I just",,,,,,,
Wt1h7rnCvZQ,SPEAKER_20,17,3,Wt1h7rnCvZQ_turn04017 | Wt1h7rnCvZQ_turn04018 | Wt1h7rnCvZQ_turn04019,/Users/rajeshpmu/Desktop/LegalMemoCMT/data/phase2/tupac/corpus/raw/live-nv-v-duane-keffe-d-davis-day-2-tupac-murder-trial/live-nv-v-duane-keffe-d-davis-day-2-tupac-murder-trial_Wt1h7rnCvZQ.wav | /Users/rajeshpmu/Desktop/LegalMemoCMT/data/phase2/tupac/corpus/raw/live-nv-v-duane-keffe-d-davis-day-2-tupac-murder-trial/live-nv-v-duane-keffe-d-davis-day-2-tupac-murder-trial_Wt1h7rnCvZQ.wav | /Users/rajeshpmu/Desktop/LegalMemoCMT/data/phase2/tupac/corpus/raw/live-nv-v-duane-keffe-d-davis-day-2-tupac-murder-trial/live-nv-v-duane-keffe-d-davis-day-2-tupac-murder-trial_Wt1h7rnCvZQ.wav,/Users/rajeshpmu/Desktop/LegalMemoCMT/data/phase2/tupac/corpus/raw/live-nv-v-duane-keffe-d-davis-day-2-tupac-murder-trial/live-nv-v-duane-keffe-d-davis-day-2-tupac-murder-trial_Wt1h7rnCvZQ.mp4 | /Users/rajeshpmu/Desktop/LegalMemoCMT/data/phase2/tupac/corpus/raw/live-nv-v-duane-keffe-d-davis-day-2-tupac-murder-trial/live-nv-v-duane-keffe-d-davis-day-2-tupac-murder-trial_Wt1h7rnCvZQ.mp4 | /Users/rajeshpmu/Desktop/LegalMemoCMT/data/phase2/tupac/corpus/raw/live-nv-v-duane-keffe-d-davis-day-2-tupac-murder-trial/live-nv-v-duane-keffe-d-davis-day-2-tupac-murder-trial_Wt1h7rnCvZQ.mp4,"Thomas K. You do songs where the testimony you're about to give in this action shall be the truth, the whole truth, and nothing but the truth to help you be God. || I do. || You may be seated. May I please have you state and spell your first and last name for the record?",,,,,,,
Wt1h7rnCvZQ,SPEAKER_21,2,2,Wt1h7rnCvZQ_turn04259 | Wt1h7rnCvZQ_turn04260,/Users/rajeshpmu/Desktop/LegalMemoCMT/data/phase2/tupac/corpus/raw/live-nv-v-duane-keffe-d-davis-day-2-tupac-murder-trial/live-nv-v-duane-keffe-d-davis-day-2-tupac-murder-trial_Wt1h7rnCvZQ.wav | /Users/rajeshpmu/Desktop/LegalMemoCMT/data/phase2/tupac/corpus/raw/live-nv-v-duane-keffe-d-davis-day-2-tupac-murder-trial/live-nv-v-duane-keffe-d-davis-day-2-tupac-murder-trial_Wt1h7rnCvZQ.wav,/Users/rajeshpmu/Desktop/LegalMemoCMT/data/phase2/tupac/corpus/raw/live-nv-v-duane-keffe-d-davis-day-2-tupac-murder-trial/live-nv-v-duane-keffe-d-davis-day-2-tupac-murder-trial_Wt1h7rnCvZQ.mp4 | /Users/rajeshpmu/Desktop/LegalMemoCMT/data/phase2/tupac/corpus/raw/live-nv-v-duane-keffe-d-davis-day-2-tupac-murder-trial/live-nv-v-duane-keffe-d-davis-day-2-tupac-murder-trial_Wt1h7rnCvZQ.mp4,Correct. || Go back to you.,,,,,,,
Wt1h7rnCvZQ,SPEAKER_22,2,2,Wt1h7rnCvZQ_turn04053 | Wt1h7rnCvZQ_turn04670,/Users/rajeshpmu/Desktop/LegalMemoCMT/data/phase2/tupac/corpus/raw/live-nv-v-duane-keffe-d-davis-day-2-tupac-murder-trial/live-nv-v-duane-keffe-d-davis-day-2-tupac-murder-trial_Wt1h7rnCvZQ.wav | /Users/rajeshpmu/Desktop/LegalMemoCMT/data/phase2/tupac/corpus/raw/live-nv-v-duane-keffe-d-davis-day-2-tupac-murder-trial/live-nv-v-duane-keffe-d-davis-day-2-tupac-murder-trial_Wt1h7rnCvZQ.wav,/Users/rajeshpmu/Desktop/LegalMemoCMT/data/phase2/tupac/corpus/raw/live-nv-v-duane-keffe-d-davis-day-2-tupac-murder-trial/live-nv-v-duane-keffe-d-davis-day-2-tupac-murder-trial_Wt1h7rnCvZQ.mp4 | /Users/rajeshpmu/Desktop/LegalMemoCMT/data/phase2/tupac/corpus/raw/live-nv-v-duane-keffe-d-davis-day-2-tupac-murder-trial/live-nv-v-duane-keffe-d-davis-day-2-tupac-murder-trial_Wt1h7rnCvZQ.mp4,"Okay. || Well, this would be the hotel and this",,,,,,,
Wt1h7rnCvZQ,SPEAKER_23,23,3,Wt1h7rnCvZQ_turn04604 | Wt1h7rnCvZQ_turn04612 | Wt1h7rnCvZQ_turn04614,/Users/rajeshpmu/Desktop/LegalMemoCMT/data/phase2/tupac/corpus/raw/live-nv-v-duane-keffe-d-davis-day-2-tupac-murder-trial/live-nv-v-duane-keffe-d-davis-day-2-tupac-murder-trial_Wt1h7rnCvZQ.wav | /Users/rajeshpmu/Desktop/LegalMemoCMT/data/phase2/tupac/corpus/raw/live-nv-v-duane-keffe-d-davis-day-2-tupac-murder-trial/live-nv-v-duane-keffe-d-davis-day-2-tupac-murder-trial_Wt1h7rnCvZQ.wav | /Users/rajeshpmu/Desktop/LegalMemoCMT/data/phase2/tupac/corpus/raw/live-nv-v-duane-keffe-d-davis-day-2-tupac-murder-trial/live-nv-v-duane-keffe-d-davis-day-2-tupac-murder-trial_Wt1h7rnCvZQ.wav,/Users/rajeshpmu/Desktop/LegalMemoCMT/data/phase2/tupac/corpus/raw/live-nv-v-duane-keffe-d-davis-day-2-tupac-murder-trial/live-nv-v-duane-keffe-d-davis-day-2-tupac-murder-trial_Wt1h7rnCvZQ.mp4 | /Users/rajeshpmu/Desktop/LegalMemoCMT/data/phase2/tupac/corpus/raw/live-nv-v-duane-keffe-d-davis-day-2-tupac-murder-trial/live-nv-v-duane-keffe-d-davis-day-2-tupac-murder-trial_Wt1h7rnCvZQ.mp4 | /Users/rajeshpmu/Desktop/LegalMemoCMT/data/phase2/tupac/corpus/raw/live-nv-v-duane-keffe-d-davis-day-2-tupac-murder-trial/live-nv-v-duane-keffe-d-davis-day-2-tupac-murder-trial_Wt1h7rnCvZQ.mp4,"Uh, it's William Hyde. William Wi L I A || Yes, I had two metro officers with me || Well, I was on the ramp of the third",,,,,,,
Wt1h7rnCvZQ,SPEAKER_24,114,3,Wt1h7rnCvZQ_turn04958 | Wt1h7rnCvZQ_turn04968 | Wt1h7rnCvZQ_turn04969,/Users/rajeshpmu/Desktop/LegalMemoCMT/data/phase2/tupac/corpus/raw/live-nv-v-duane-keffe-d-davis-day-2-tupac-murder-trial/live-nv-v-duane-keffe-d-davis-day-2-tupac-murder-trial_Wt1h7rnCvZQ.wav | /Users/rajeshpmu/Desktop/LegalMemoCMT/data/phase2/tupac/corpus/raw/live-nv-v-duane-keffe-d-davis-day-2-tupac-murder-trial/live-nv-v-duane-keffe-d-davis-day-2-tupac-murder-trial_Wt1h7rnCvZQ.wav | /Users/rajeshpmu/Desktop/LegalMemoCMT/data/phase2/tupac/corpus/raw/live-nv-v-duane-keffe-d-davis-day-2-tupac-murder-trial/live-nv-v-duane-keffe-d-davis-day-2-tupac-murder-trial_Wt1h7rnCvZQ.wav,/Users/rajeshpmu/Desktop/LegalMemoCMT/data/phase2/tupac/corpus/raw/live-nv-v-duane-keffe-d-davis-day-2-tupac-murder-trial/live-nv-v-duane-keffe-d-davis-day-2-tupac-murder-trial_Wt1h7rnCvZQ.mp4 | /Users/rajeshpmu/Desktop/LegalMemoCMT/data/phase2/tupac/corpus/raw/live-nv-v-duane-keffe-d-davis-day-2-tupac-murder-trial/live-nv-v-duane-keffe-d-davis-day-2-tupac-murder-trial_Wt1h7rnCvZQ.mp4 | /Users/rajeshpmu/Desktop/LegalMemoCMT/data/phase2/tupac/corpus/raw/live-nv-v-duane-keffe-d-davis-day-2-tupac-murder-trial/live-nv-v-duane-keffe-d-davis-day-2-tupac-murder-trial_Wt1h7rnCvZQ.mp4,James McDonald. J A M- E-S MC D O N A L || What was Club 662? || It was a club that you bought and we,,,,,,,
Wt1h7rnCvZQ,SPEAKER_25,215,3,Wt1h7rnCvZQ_turn05253 | Wt1h7rnCvZQ_turn05254 | Wt1h7rnCvZQ_turn05259,/Users/rajeshpmu/Desktop/LegalMemoCMT/data/phase2/tupac/corpus/raw/live-nv-v-duane-keffe-d-davis-day-2-tupac-murder-trial/live-nv-v-duane-keffe-d-davis-day-2-tupac-murder-trial_Wt1h7rnCvZQ.wav | /Users/rajeshpmu/Desktop/LegalMemoCMT/data/phase2/tupac/corpus/raw/live-nv-v-duane-keffe-d-davis-day-2-tupac-murder-trial/live-nv-v-duane-keffe-d-davis-day-2-tupac-murder-trial_Wt1h7rnCvZQ.wav | /Users/rajeshpmu/Desktop/LegalMemoCMT/data/phase2/tupac/corpus/raw/live-nv-v-duane-keffe-d-davis-day-2-tupac-murder-trial/live-nv-v-duane-keffe-d-davis-day-2-tupac-murder-trial_Wt1h7rnCvZQ.wav,/Users/rajeshpmu/Desktop/LegalMemoCMT/data/phase2/tupac/corpus/raw/live-nv-v-duane-keffe-d-davis-day-2-tupac-murder-trial/live-nv-v-duane-keffe-d-davis-day-2-tupac-murder-trial_Wt1h7rnCvZQ.mp4 | /Users/rajeshpmu/Desktop/LegalMemoCMT/data/phase2/tupac/corpus/raw/live-nv-v-duane-keffe-d-davis-day-2-tupac-murder-trial/live-nv-v-duane-keffe-d-davis-day-2-tupac-murder-trial_Wt1h7rnCvZQ.mp4 | /Users/rajeshpmu/Desktop/LegalMemoCMT/data/phase2/tupac/corpus/raw/live-nv-v-duane-keffe-d-davis-day-2-tupac-murder-trial/live-nv-v-duane-keffe-d-davis-day-2-tupac-murder-trial_Wt1h7rnCvZQ.mp4,"May I please have you state and spell || Regginald Liurn Wright Jr. || Okay. Um, sir, where did you grow up?",,,,,,,
Wt1h7rnCvZQ,SPEAKER_26,5,3,Wt1h7rnCvZQ_turn05440 | Wt1h7rnCvZQ_turn05674 | Wt1h7rnCvZQ_turn05699,/Users/rajeshpmu/Desktop/LegalMemoCMT/data/phase2/tupac/corpus/raw/live-nv-v-duane-keffe-d-davis-day-2-tupac-murder-trial/live-nv-v-duane-keffe-d-davis-day-2-tupac-murder-trial_Wt1h7rnCvZQ.wav | /Users/rajeshpmu/Desktop/LegalMemoCMT/data/phase2/tupac/corpus/raw/live-nv-v-duane-keffe-d-davis-day-2-tupac-murder-trial/live-nv-v-duane-keffe-d-davis-day-2-tupac-murder-trial_Wt1h7rnCvZQ.wav | /Users/rajeshpmu/Desktop/LegalMemoCMT/data/phase2/tupac/corpus/raw/live-nv-v-duane-keffe-d-davis-day-2-tupac-murder-trial/live-nv-v-duane-keffe-d-davis-day-2-tupac-murder-trial_Wt1h7rnCvZQ.wav,/Users/rajeshpmu/Desktop/LegalMemoCMT/data/phase2/tupac/corpus/raw/live-nv-v-duane-keffe-d-davis-day-2-tupac-murder-trial/live-nv-v-duane-keffe-d-davis-day-2-tupac-murder-trial_Wt1h7rnCvZQ.mp4 | /Users/rajeshpmu/Desktop/LegalMemoCMT/data/phase2/tupac/corpus/raw/live-nv-v-duane-keffe-d-davis-day-2-tupac-murder-trial/live-nv-v-duane-keffe-d-davis-day-2-tupac-murder-trial_Wt1h7rnCvZQ.mp4 | /Users/rajeshpmu/Desktop/LegalMemoCMT/data/phase2/tupac/corpus/raw/live-nv-v-duane-keffe-d-davis-day-2-tupac-murder-trial/live-nv-v-duane-keffe-d-davis-day-2-tupac-murder-trial_Wt1h7rnCvZQ.mp4,"That's correct, sir. || okay? || 95%.",,,,,,,
Wt1h7rnCvZQ,UNKNOWN,26,3,Wt1h7rnCvZQ_turn03759 | Wt1h7rnCvZQ_turn04047 | Wt1h7rnCvZQ_turn04121,/Users/rajeshpmu/Desktop/LegalMemoCMT/data/phase2/tupac/corpus/raw/live-nv-v-duane-keffe-d-davis-day-2-tupac-murder-trial/live-nv-v-duane-keffe-d-davis-day-2-tupac-murder-trial_Wt1h7rnCvZQ.wav | /Users/rajeshpmu/Desktop/LegalMemoCMT/data/phase2/tupac/corpus/raw/live-nv-v-duane-keffe-d-davis-day-2-tupac-murder-trial/live-nv-v-duane-keffe-d-davis-day-2-tupac-murder-trial_Wt1h7rnCvZQ.wav | /Users/rajeshpmu/Desktop/LegalMemoCMT/data/phase2/tupac/corpus/raw/live-nv-v-duane-keffe-d-davis-day-2-tupac-murder-trial/live-nv-v-duane-keffe-d-davis-day-2-tupac-murder-trial_Wt1h7rnCvZQ.wav,/Users/rajeshpmu/Desktop/LegalMemoCMT/data/phase2/tupac/corpus/raw/live-nv-v-duane-keffe-d-davis-day-2-tupac-murder-trial/live-nv-v-duane-keffe-d-davis-day-2-tupac-murder-trial_Wt1h7rnCvZQ.mp4 | /Users/rajeshpmu/Desktop/LegalMemoCMT/data/phase2/tupac/corpus/raw/live-nv-v-duane-keffe-d-davis-day-2-tupac-murder-trial/live-nv-v-duane-keffe-d-davis-day-2-tupac-murder-trial_Wt1h7rnCvZQ.mp4 | /Users/rajeshpmu/Desktop/LegalMemoCMT/data/phase2/tupac/corpus/raw/live-nv-v-duane-keffe-d-davis-day-2-tupac-murder-trial/live-nv-v-duane-keffe-d-davis-day-2-tupac-murder-trial_Wt1h7rnCvZQ.mp4,the uh singer. || Any objection? They will be admitted. || 56.,,,,,,,
YCH11exBTlY,SPEAKER_00,46,3,YCH11exBTlY_turn06007 | YCH11exBTlY_turn06008 | YCH11exBTlY_turn06010,/Users/rajeshpmu/Desktop/LegalMemoCMT/data/phase2/tupac/corpus/raw/retired-lvmpd-officer-testimony-in-tupac-murder-trial/retired-lvmpd-officer-testimony-in-tupac-murder-trial_YCH11exBTlY.wav | /Users/rajeshpmu/Desktop/LegalMemoCMT/data/phase2/tupac/corpus/raw/retired-lvmpd-officer-testimony-in-tupac-murder-trial/retired-lvmpd-officer-testimony-in-tupac-murder-trial_YCH11exBTlY.wav | /Users/rajeshpmu/Desktop/LegalMemoCMT/data/phase2/tupac/corpus/raw/retired-lvmpd-officer-testimony-in-tupac-murder-trial/retired-lvmpd-officer-testimony-in-tupac-murder-trial_YCH11exBTlY.wav,/Users/rajeshpmu/Desktop/LegalMemoCMT/data/phase2/tupac/corpus/raw/retired-lvmpd-officer-testimony-in-tupac-murder-trial/retired-lvmpd-officer-testimony-in-tupac-murder-trial_YCH11exBTlY.mp4 | /Users/rajeshpmu/Desktop/LegalMemoCMT/data/phase2/tupac/corpus/raw/retired-lvmpd-officer-testimony-in-tupac-murder-trial/retired-lvmpd-officer-testimony-in-tupac-murder-trial_YCH11exBTlY.mp4 | /Users/rajeshpmu/Desktop/LegalMemoCMT/data/phase2/tupac/corpus/raw/retired-lvmpd-officer-testimony-in-tupac-murder-trial/retired-lvmpd-officer-testimony-in-tupac-murder-trial_YCH11exBTlY.mp4,Yes. || And uh || And then I'm going to go back and show,,,,,,,
YCH11exBTlY,SPEAKER_01,30,3,YCH11exBTlY_turn06009 | YCH11exBTlY_turn06020 | YCH11exBTlY_turn06022,/Users/rajeshpmu/Desktop/LegalMemoCMT/data/phase2/tupac/corpus/raw/retired-lvmpd-officer-testimony-in-tupac-murder-trial/retired-lvmpd-officer-testimony-in-tupac-murder-trial_YCH11exBTlY.wav | /Users/rajeshpmu/Desktop/LegalMemoCMT/data/phase2/tupac/corpus/raw/retired-lvmpd-officer-testimony-in-tupac-murder-trial/retired-lvmpd-officer-testimony-in-tupac-murder-trial_YCH11exBTlY.wav | /Users/rajeshpmu/Desktop/LegalMemoCMT/data/phase2/tupac/corpus/raw/retired-lvmpd-officer-testimony-in-tupac-murder-trial/retired-lvmpd-officer-testimony-in-tupac-murder-trial_YCH11exBTlY.wav,/Users/rajeshpmu/Desktop/LegalMemoCMT/data/phase2/tupac/corpus/raw/retired-lvmpd-officer-testimony-in-tupac-murder-trial/retired-lvmpd-officer-testimony-in-tupac-murder-trial_YCH11exBTlY.mp4 | /Users/rajeshpmu/Desktop/LegalMemoCMT/data/phase2/tupac/corpus/raw/retired-lvmpd-officer-testimony-in-tupac-murder-trial/retired-lvmpd-officer-testimony-in-tupac-murder-trial_YCH11exBTlY.mp4 | /Users/rajeshpmu/Desktop/LegalMemoCMT/data/phase2/tupac/corpus/raw/retired-lvmpd-officer-testimony-in-tupac-murder-trial/retired-lvmpd-officer-testimony-in-tupac-murder-trial_YCH11exBTlY.mp4,"Quite a bit different today. Yes, that's || We were uh conducting enforcement || Yes. Uh as we were out with a",,,,,,,
YCH11exBTlY,UNKNOWN,2,2,YCH11exBTlY_turn06057 | YCH11exBTlY_turn06084,/Users/rajeshpmu/Desktop/LegalMemoCMT/data/phase2/tupac/corpus/raw/retired-lvmpd-officer-testimony-in-tupac-murder-trial/retired-lvmpd-officer-testimony-in-tupac-murder-trial_YCH11exBTlY.wav | /Users/rajeshpmu/Desktop/LegalMemoCMT/data/phase2/tupac/corpus/raw/retired-lvmpd-officer-testimony-in-tupac-murder-trial/retired-lvmpd-officer-testimony-in-tupac-murder-trial_YCH11exBTlY.wav,/Users/rajeshpmu/Desktop/LegalMemoCMT/data/phase2/tupac/corpus/raw/retired-lvmpd-officer-testimony-in-tupac-murder-trial/retired-lvmpd-officer-testimony-in-tupac-murder-trial_YCH11exBTlY.mp4 | /Users/rajeshpmu/Desktop/LegalMemoCMT/data/phase2/tupac/corpus/raw/retired-lvmpd-officer-testimony-in-tupac-murder-trial/retired-lvmpd-officer-testimony-in-tupac-murder-trial_YCH11exBTlY.mp4,"There's a place. || Okay, cross-examination Y we're on record in uh state versus data C377407. Anything we need to address outside the presence of the jury",,,,,,,
gozVH0bYxzY,SPEAKER_01,3,3,gozVH0bYxzY_turn07350 | gozVH0bYxzY_turn07352 | gozVH0bYxzY_turn07869,/Users/rajeshpmu/Desktop/LegalMemoCMT/data/phase2/tupac/corpus/raw/2pac-trial-day-2-reggie-wright-and-mob-james-testify-8-18-2026/2pac-trial-day-2-reggie-wright-and-mob-james-testify-8-18-2026_gozVH0bYxzY.wav | /Users/rajeshpmu/Desktop/LegalMemoCMT/data/phase2/tupac/corpus/raw/2pac-trial-day-2-reggie-wright-and-mob-james-testify-8-18-2026/2pac-trial-day-2-reggie-wright-and-mob-james-testify-8-18-2026_gozVH0bYxzY.wav | /Users/rajeshpmu/Desktop/LegalMemoCMT/data/phase2/tupac/corpus/raw/2pac-trial-day-2-reggie-wright-and-mob-james-testify-8-18-2026/2pac-trial-day-2-reggie-wright-and-mob-james-testify-8-18-2026_gozVH0bYxzY.wav,/Users/rajeshpmu/Desktop/LegalMemoCMT/data/phase2/tupac/corpus/raw/2pac-trial-day-2-reggie-wright-and-mob-james-testify-8-18-2026/2pac-trial-day-2-reggie-wright-and-mob-james-testify-8-18-2026_gozVH0bYxzY.mp4 | /Users/rajeshpmu/Desktop/LegalMemoCMT/data/phase2/tupac/corpus/raw/2pac-trial-day-2-reggie-wright-and-mob-james-testify-8-18-2026/2pac-trial-day-2-reggie-wright-and-mob-james-testify-8-18-2026_gozVH0bYxzY.mp4 | /Users/rajeshpmu/Desktop/LegalMemoCMT/data/phase2/tupac/corpus/raw/2pac-trial-day-2-reggie-wright-and-mob-james-testify-8-18-2026/2pac-trial-day-2-reggie-wright-and-mob-james-testify-8-18-2026_gozVH0bYxzY.mp4,[snorts] || [snorts] || I got you.,,,,,,,
gozVH0bYxzY,SPEAKER_02,1,1,gozVH0bYxzY_turn07337,/Users/rajeshpmu/Desktop/LegalMemoCMT/data/phase2/tupac/corpus/raw/2pac-trial-day-2-reggie-wright-and-mob-james-testify-8-18-2026/2pac-trial-day-2-reggie-wright-and-mob-james-testify-8-18-2026_gozVH0bYxzY.wav,/Users/rajeshpmu/Desktop/LegalMemoCMT/data/phase2/tupac/corpus/raw/2pac-trial-day-2-reggie-wright-and-mob-james-testify-8-18-2026/2pac-trial-day-2-reggie-wright-and-mob-james-testify-8-18-2026_gozVH0bYxzY.mp4,"Peace out, brother. Today is the anniversary of Tupac passing. it would have been 26 years today. Um, can we speak about, you know, I know we've all gone over the shooting and we've all gone over the hospital and all that stuff, but can you talk to me about the week that Tupac was in the hospital, some of the discussions and some of the um, meetings that were happening in Vegas as far as like if he survives or if he doesn't survive or just what what's the atmosphere out there while he's in the hospital?",,,,,,,
gozVH0bYxzY,SPEAKER_03,24,3,gozVH0bYxzY_turn06901 | gozVH0bYxzY_turn06909 | gozVH0bYxzY_turn06911,/Users/rajeshpmu/Desktop/LegalMemoCMT/data/phase2/tupac/corpus/raw/2pac-trial-day-2-reggie-wright-and-mob-james-testify-8-18-2026/2pac-trial-day-2-reggie-wright-and-mob-james-testify-8-18-2026_gozVH0bYxzY.wav | /Users/rajeshpmu/Desktop/LegalMemoCMT/data/phase2/tupac/corpus/raw/2pac-trial-day-2-reggie-wright-and-mob-james-testify-8-18-2026/2pac-trial-day-2-reggie-wright-and-mob-james-testify-8-18-2026_gozVH0bYxzY.wav | /Users/rajeshpmu/Desktop/LegalMemoCMT/data/phase2/tupac/corpus/raw/2pac-trial-day-2-reggie-wright-and-mob-james-testify-8-18-2026/2pac-trial-day-2-reggie-wright-and-mob-james-testify-8-18-2026_gozVH0bYxzY.wav,/Users/rajeshpmu/Desktop/LegalMemoCMT/data/phase2/tupac/corpus/raw/2pac-trial-day-2-reggie-wright-and-mob-james-testify-8-18-2026/2pac-trial-day-2-reggie-wright-and-mob-james-testify-8-18-2026_gozVH0bYxzY.mp4 | /Users/rajeshpmu/Desktop/LegalMemoCMT/data/phase2/tupac/corpus/raw/2pac-trial-day-2-reggie-wright-and-mob-james-testify-8-18-2026/2pac-trial-day-2-reggie-wright-and-mob-james-testify-8-18-2026_gozVH0bYxzY.mp4 | /Users/rajeshpmu/Desktop/LegalMemoCMT/data/phase2/tupac/corpus/raw/2pac-trial-day-2-reggie-wright-and-mob-james-testify-8-18-2026/2pac-trial-day-2-reggie-wright-and-mob-james-testify-8-18-2026_gozVH0bYxzY.mp4,"Uh, it's William Hyde. William Wi L I A || Yes, I had two metro officers with me || Well, I was on the ramp of the third",,,,,,,
gozVH0bYxzY,SPEAKER_04,2,2,gozVH0bYxzY_turn08306 | gozVH0bYxzY_turn08307,/Users/rajeshpmu/Desktop/LegalMemoCMT/data/phase2/tupac/corpus/raw/2pac-trial-day-2-reggie-wright-and-mob-james-testify-8-18-2026/2pac-trial-day-2-reggie-wright-and-mob-james-testify-8-18-2026_gozVH0bYxzY.wav | /Users/rajeshpmu/Desktop/LegalMemoCMT/data/phase2/tupac/corpus/raw/2pac-trial-day-2-reggie-wright-and-mob-james-testify-8-18-2026/2pac-trial-day-2-reggie-wright-and-mob-james-testify-8-18-2026_gozVH0bYxzY.wav,/Users/rajeshpmu/Desktop/LegalMemoCMT/data/phase2/tupac/corpus/raw/2pac-trial-day-2-reggie-wright-and-mob-james-testify-8-18-2026/2pac-trial-day-2-reggie-wright-and-mob-james-testify-8-18-2026_gozVH0bYxzY.mp4 | /Users/rajeshpmu/Desktop/LegalMemoCMT/data/phase2/tupac/corpus/raw/2pac-trial-day-2-reggie-wright-and-mob-james-testify-8-18-2026/2pac-trial-day-2-reggie-wright-and-mob-james-testify-8-18-2026_gozVH0bYxzY.mp4,I apologize. You're || everyone approach.,,,,,,,
gozVH0bYxzY,SPEAKER_05,3,3,gozVH0bYxzY_turn07283 | gozVH0bYxzY_turn07336 | gozVH0bYxzY_turn07400,/Users/rajeshpmu/Desktop/LegalMemoCMT/data/phase2/tupac/corpus/raw/2pac-trial-day-2-reggie-wright-and-mob-james-testify-8-18-2026/2pac-trial-day-2-reggie-wright-and-mob-james-testify-8-18-2026_gozVH0bYxzY.wav | /Users/rajeshpmu/Desktop/LegalMemoCMT/data/phase2/tupac/corpus/raw/2pac-trial-day-2-reggie-wright-and-mob-james-testify-8-18-2026/2pac-trial-day-2-reggie-wright-and-mob-james-testify-8-18-2026_gozVH0bYxzY.wav | /Users/rajeshpmu/Desktop/LegalMemoCMT/data/phase2/tupac/corpus/raw/2pac-trial-day-2-reggie-wright-and-mob-james-testify-8-18-2026/2pac-trial-day-2-reggie-wright-and-mob-james-testify-8-18-2026_gozVH0bYxzY.wav,/Users/rajeshpmu/Desktop/LegalMemoCMT/data/phase2/tupac/corpus/raw/2pac-trial-day-2-reggie-wright-and-mob-james-testify-8-18-2026/2pac-trial-day-2-reggie-wright-and-mob-james-testify-8-18-2026_gozVH0bYxzY.mp4 | /Users/rajeshpmu/Desktop/LegalMemoCMT/data/phase2/tupac/corpus/raw/2pac-trial-day-2-reggie-wright-and-mob-james-testify-8-18-2026/2pac-trial-day-2-reggie-wright-and-mob-james-testify-8-18-2026_gozVH0bYxzY.mp4 | /Users/rajeshpmu/Desktop/LegalMemoCMT/data/phase2/tupac/corpus/raw/2pac-trial-day-2-reggie-wright-and-mob-james-testify-8-18-2026/2pac-trial-day-2-reggie-wright-and-mob-james-testify-8-18-2026_gozVH0bYxzY.mp4,Right. || All right. Appreciate you. || from the mob?,,,,,,,
gozVH0bYxzY,SPEAKER_06,9,3,gozVH0bYxzY_turn07275 | gozVH0bYxzY_turn07307 | gozVH0bYxzY_turn07308,/Users/rajeshpmu/Desktop/LegalMemoCMT/data/phase2/tupac/corpus/raw/2pac-trial-day-2-reggie-wright-and-mob-james-testify-8-18-2026/2pac-trial-day-2-reggie-wright-and-mob-james-testify-8-18-2026_gozVH0bYxzY.wav | /Users/rajeshpmu/Desktop/LegalMemoCMT/data/phase2/tupac/corpus/raw/2pac-trial-day-2-reggie-wright-and-mob-james-testify-8-18-2026/2pac-trial-day-2-reggie-wright-and-mob-james-testify-8-18-2026_gozVH0bYxzY.wav | /Users/rajeshpmu/Desktop/LegalMemoCMT/data/phase2/tupac/corpus/raw/2pac-trial-day-2-reggie-wright-and-mob-james-testify-8-18-2026/2pac-trial-day-2-reggie-wright-and-mob-james-testify-8-18-2026_gozVH0bYxzY.wav,/Users/rajeshpmu/Desktop/LegalMemoCMT/data/phase2/tupac/corpus/raw/2pac-trial-day-2-reggie-wright-and-mob-james-testify-8-18-2026/2pac-trial-day-2-reggie-wright-and-mob-james-testify-8-18-2026_gozVH0bYxzY.mp4 | /Users/rajeshpmu/Desktop/LegalMemoCMT/data/phase2/tupac/corpus/raw/2pac-trial-day-2-reggie-wright-and-mob-james-testify-8-18-2026/2pac-trial-day-2-reggie-wright-and-mob-james-testify-8-18-2026_gozVH0bYxzY.mp4 | /Users/rajeshpmu/Desktop/LegalMemoCMT/data/phase2/tupac/corpus/raw/2pac-trial-day-2-reggie-wright-and-mob-james-testify-8-18-2026/2pac-trial-day-2-reggie-wright-and-mob-james-testify-8-18-2026_gozVH0bYxzY.mp4,"See, there you go. Now, how you know || She know better than that. She'll || Yeah.",,,,,,,
gozVH0bYxzY,SPEAKER_07,2,2,gozVH0bYxzY_turn07984 | gozVH0bYxzY_turn08292,/Users/rajeshpmu/Desktop/LegalMemoCMT/data/phase2/tupac/corpus/raw/2pac-trial-day-2-reggie-wright-and-mob-james-testify-8-18-2026/2pac-trial-day-2-reggie-wright-and-mob-james-testify-8-18-2026_gozVH0bYxzY.wav | /Users/rajeshpmu/Desktop/LegalMemoCMT/data/phase2/tupac/corpus/raw/2pac-trial-day-2-reggie-wright-and-mob-james-testify-8-18-2026/2pac-trial-day-2-reggie-wright-and-mob-james-testify-8-18-2026_gozVH0bYxzY.wav,/Users/rajeshpmu/Desktop/LegalMemoCMT/data/phase2/tupac/corpus/raw/2pac-trial-day-2-reggie-wright-and-mob-james-testify-8-18-2026/2pac-trial-day-2-reggie-wright-and-mob-james-testify-8-18-2026_gozVH0bYxzY.mp4 | /Users/rajeshpmu/Desktop/LegalMemoCMT/data/phase2/tupac/corpus/raw/2pac-trial-day-2-reggie-wright-and-mob-james-testify-8-18-2026/2pac-trial-day-2-reggie-wright-and-mob-james-testify-8-18-2026_gozVH0bYxzY.mp4,"You recognize who that person is? || Um,",,,,,,,
gozVH0bYxzY,SPEAKER_08,264,3,gozVH0bYxzY_turn07243 | gozVH0bYxzY_turn07244 | gozVH0bYxzY_turn07245,/Users/rajeshpmu/Desktop/LegalMemoCMT/data/phase2/tupac/corpus/raw/2pac-trial-day-2-reggie-wright-and-mob-james-testify-8-18-2026/2pac-trial-day-2-reggie-wright-and-mob-james-testify-8-18-2026_gozVH0bYxzY.wav | /Users/rajeshpmu/Desktop/LegalMemoCMT/data/phase2/tupac/corpus/raw/2pac-trial-day-2-reggie-wright-and-mob-james-testify-8-18-2026/2pac-trial-day-2-reggie-wright-and-mob-james-testify-8-18-2026_gozVH0bYxzY.wav | /Users/rajeshpmu/Desktop/LegalMemoCMT/data/phase2/tupac/corpus/raw/2pac-trial-day-2-reggie-wright-and-mob-james-testify-8-18-2026/2pac-trial-day-2-reggie-wright-and-mob-james-testify-8-18-2026_gozVH0bYxzY.wav,/Users/rajeshpmu/Desktop/LegalMemoCMT/data/phase2/tupac/corpus/raw/2pac-trial-day-2-reggie-wright-and-mob-james-testify-8-18-2026/2pac-trial-day-2-reggie-wright-and-mob-james-testify-8-18-2026_gozVH0bYxzY.mp4 | /Users/rajeshpmu/Desktop/LegalMemoCMT/data/phase2/tupac/corpus/raw/2pac-trial-day-2-reggie-wright-and-mob-james-testify-8-18-2026/2pac-trial-day-2-reggie-wright-and-mob-james-testify-8-18-2026_gozVH0bYxzY.mp4 | /Users/rajeshpmu/Desktop/LegalMemoCMT/data/phase2/tupac/corpus/raw/2pac-trial-day-2-reggie-wright-and-mob-james-testify-8-18-2026/2pac-trial-day-2-reggie-wright-and-mob-james-testify-8-18-2026_gozVH0bYxzY.mp4,"Oh, man. I'm Hey, justice for Tupac, || All the the haters and || that they didn't didn't know. Yeah. And",,,,,,,
gozVH0bYxzY,SPEAKER_09,107,3,gozVH0bYxzY_turn07277 | gozVH0bYxzY_turn07362 | gozVH0bYxzY_turn07374,/Users/rajeshpmu/Desktop/LegalMemoCMT/data/phase2/tupac/corpus/raw/2pac-trial-day-2-reggie-wright-and-mob-james-testify-8-18-2026/2pac-trial-day-2-reggie-wright-and-mob-james-testify-8-18-2026_gozVH0bYxzY.wav | /Users/rajeshpmu/Desktop/LegalMemoCMT/data/phase2/tupac/corpus/raw/2pac-trial-day-2-reggie-wright-and-mob-james-testify-8-18-2026/2pac-trial-day-2-reggie-wright-and-mob-james-testify-8-18-2026_gozVH0bYxzY.wav | /Users/rajeshpmu/Desktop/LegalMemoCMT/data/phase2/tupac/corpus/raw/2pac-trial-day-2-reggie-wright-and-mob-james-testify-8-18-2026/2pac-trial-day-2-reggie-wright-and-mob-james-testify-8-18-2026_gozVH0bYxzY.wav,/Users/rajeshpmu/Desktop/LegalMemoCMT/data/phase2/tupac/corpus/raw/2pac-trial-day-2-reggie-wright-and-mob-james-testify-8-18-2026/2pac-trial-day-2-reggie-wright-and-mob-james-testify-8-18-2026_gozVH0bYxzY.mp4 | /Users/rajeshpmu/Desktop/LegalMemoCMT/data/phase2/tupac/corpus/raw/2pac-trial-day-2-reggie-wright-and-mob-james-testify-8-18-2026/2pac-trial-day-2-reggie-wright-and-mob-james-testify-8-18-2026_gozVH0bYxzY.mp4 | /Users/rajeshpmu/Desktop/LegalMemoCMT/data/phase2/tupac/corpus/raw/2pac-trial-day-2-reggie-wright-and-mob-james-testify-8-18-2026/2pac-trial-day-2-reggie-wright-and-mob-james-testify-8-18-2026_gozVH0bYxzY.mp4,"So, how can you how can you about to || James McDonald. J A M- S M C D O N A L || Well, to the new guys, that was part of",,,,,,,
gozVH0bYxzY,SPEAKER_10,7,3,gozVH0bYxzY_turn06496 | gozVH0bYxzY_turn06497 | gozVH0bYxzY_turn07090,/Users/rajeshpmu/Desktop/LegalMemoCMT/data/phase2/tupac/corpus/raw/2pac-trial-day-2-reggie-wright-and-mob-james-testify-8-18-2026/2pac-trial-day-2-reggie-wright-and-mob-james-testify-8-18-2026_gozVH0bYxzY.wav | /Users/rajeshpmu/Desktop/LegalMemoCMT/data/phase2/tupac/corpus/raw/2pac-trial-day-2-reggie-wright-and-mob-james-testify-8-18-2026/2pac-trial-day-2-reggie-wright-and-mob-james-testify-8-18-2026_gozVH0bYxzY.wav | /Users/rajeshpmu/Desktop/LegalMemoCMT/data/phase2/tupac/corpus/raw/2pac-trial-day-2-reggie-wright-and-mob-james-testify-8-18-2026/2pac-trial-day-2-reggie-wright-and-mob-james-testify-8-18-2026_gozVH0bYxzY.wav,/Users/rajeshpmu/Desktop/LegalMemoCMT/data/phase2/tupac/corpus/raw/2pac-trial-day-2-reggie-wright-and-mob-james-testify-8-18-2026/2pac-trial-day-2-reggie-wright-and-mob-james-testify-8-18-2026_gozVH0bYxzY.mp4 | /Users/rajeshpmu/Desktop/LegalMemoCMT/data/phase2/tupac/corpus/raw/2pac-trial-day-2-reggie-wright-and-mob-james-testify-8-18-2026/2pac-trial-day-2-reggie-wright-and-mob-james-testify-8-18-2026_gozVH0bYxzY.mp4 | /Users/rajeshpmu/Desktop/LegalMemoCMT/data/phase2/tupac/corpus/raw/2pac-trial-day-2-reggie-wright-and-mob-james-testify-8-18-2026/2pac-trial-day-2-reggie-wright-and-mob-james-testify-8-18-2026_gozVH0bYxzY.mp4,"Okay. Thank you for being with us, Dr. || Thank you. You're welcome. || No objection.",,,,,,,
gozVH0bYxzY,SPEAKER_11,145,3,gozVH0bYxzY_turn06085 | gozVH0bYxzY_turn06086 | gozVH0bYxzY_turn06087,/Users/rajeshpmu/Desktop/LegalMemoCMT/data/phase2/tupac/corpus/raw/2pac-trial-day-2-reggie-wright-and-mob-james-testify-8-18-2026/2pac-trial-day-2-reggie-wright-and-mob-james-testify-8-18-2026_gozVH0bYxzY.wav | /Users/rajeshpmu/Desktop/LegalMemoCMT/data/phase2/tupac/corpus/raw/2pac-trial-day-2-reggie-wright-and-mob-james-testify-8-18-2026/2pac-trial-day-2-reggie-wright-and-mob-james-testify-8-18-2026_gozVH0bYxzY.wav | /Users/rajeshpmu/Desktop/LegalMemoCMT/data/phase2/tupac/corpus/raw/2pac-trial-day-2-reggie-wright-and-mob-james-testify-8-18-2026/2pac-trial-day-2-reggie-wright-and-mob-james-testify-8-18-2026_gozVH0bYxzY.wav,/Users/rajeshpmu/Desktop/LegalMemoCMT/data/phase2/tupac/corpus/raw/2pac-trial-day-2-reggie-wright-and-mob-james-testify-8-18-2026/2pac-trial-day-2-reggie-wright-and-mob-james-testify-8-18-2026_gozVH0bYxzY.mp4 | /Users/rajeshpmu/Desktop/LegalMemoCMT/data/phase2/tupac/corpus/raw/2pac-trial-day-2-reggie-wright-and-mob-james-testify-8-18-2026/2pac-trial-day-2-reggie-wright-and-mob-james-testify-8-18-2026_gozVH0bYxzY.mp4 | /Users/rajeshpmu/Desktop/LegalMemoCMT/data/phase2/tupac/corpus/raw/2pac-trial-day-2-reggie-wright-and-mob-james-testify-8-18-2026/2pac-trial-day-2-reggie-wright-and-mob-james-testify-8-18-2026_gozVH0bYxzY.mp4,"from the state? No. || Okay, let's bring the jury in. Stand up || Yes, sir.",,,,,,,
gozVH0bYxzY,SPEAKER_12,7,3,gozVH0bYxzY_turn07248 | gozVH0bYxzY_turn07256 | gozVH0bYxzY_turn07257,/Users/rajeshpmu/Desktop/LegalMemoCMT/data/phase2/tupac/corpus/raw/2pac-trial-day-2-reggie-wright-and-mob-james-testify-8-18-2026/2pac-trial-day-2-reggie-wright-and-mob-james-testify-8-18-2026_gozVH0bYxzY.wav | /Users/rajeshpmu/Desktop/LegalMemoCMT/data/phase2/tupac/corpus/raw/2pac-trial-day-2-reggie-wright-and-mob-james-testify-8-18-2026/2pac-trial-day-2-reggie-wright-and-mob-james-testify-8-18-2026_gozVH0bYxzY.wav | /Users/rajeshpmu/Desktop/LegalMemoCMT/data/phase2/tupac/corpus/raw/2pac-trial-day-2-reggie-wright-and-mob-james-testify-8-18-2026/2pac-trial-day-2-reggie-wright-and-mob-james-testify-8-18-2026_gozVH0bYxzY.wav,/Users/rajeshpmu/Desktop/LegalMemoCMT/data/phase2/tupac/corpus/raw/2pac-trial-day-2-reggie-wright-and-mob-james-testify-8-18-2026/2pac-trial-day-2-reggie-wright-and-mob-james-testify-8-18-2026_gozVH0bYxzY.mp4 | /Users/rajeshpmu/Desktop/LegalMemoCMT/data/phase2/tupac/corpus/raw/2pac-trial-day-2-reggie-wright-and-mob-james-testify-8-18-2026/2pac-trial-day-2-reggie-wright-and-mob-james-testify-8-18-2026_gozVH0bYxzY.mp4 | /Users/rajeshpmu/Desktop/LegalMemoCMT/data/phase2/tupac/corpus/raw/2pac-trial-day-2-reggie-wright-and-mob-james-testify-8-18-2026/2pac-trial-day-2-reggie-wright-and-mob-james-testify-8-18-2026_gozVH0bYxzY.mp4,"Yeah. Yeah. Well, we can't wait to talk || yes. || So um so but there was something Well,",,,,,,,
gozVH0bYxzY,SPEAKER_13,2,2,gozVH0bYxzY_turn07273 | gozVH0bYxzY_turn07274,/Users/rajeshpmu/Desktop/LegalMemoCMT/data/phase2/tupac/corpus/raw/2pac-trial-day-2-reggie-wright-and-mob-james-testify-8-18-2026/2pac-trial-day-2-reggie-wright-and-mob-james-testify-8-18-2026_gozVH0bYxzY.wav | /Users/rajeshpmu/Desktop/LegalMemoCMT/data/phase2/tupac/corpus/raw/2pac-trial-day-2-reggie-wright-and-mob-james-testify-8-18-2026/2pac-trial-day-2-reggie-wright-and-mob-james-testify-8-18-2026_gozVH0bYxzY.wav,/Users/rajeshpmu/Desktop/LegalMemoCMT/data/phase2/tupac/corpus/raw/2pac-trial-day-2-reggie-wright-and-mob-james-testify-8-18-2026/2pac-trial-day-2-reggie-wright-and-mob-james-testify-8-18-2026_gozVH0bYxzY.mp4 | /Users/rajeshpmu/Desktop/LegalMemoCMT/data/phase2/tupac/corpus/raw/2pac-trial-day-2-reggie-wright-and-mob-james-testify-8-18-2026/2pac-trial-day-2-reggie-wright-and-mob-james-testify-8-18-2026_gozVH0bYxzY.mp4,So can I ask you a question? If Martin || [clears throat],,,,,,,
gozVH0bYxzY,SPEAKER_14,11,3,gozVH0bYxzY_turn06327 | gozVH0bYxzY_turn06329 | gozVH0bYxzY_turn06330,/Users/rajeshpmu/Desktop/LegalMemoCMT/data/phase2/tupac/corpus/raw/2pac-trial-day-2-reggie-wright-and-mob-james-testify-8-18-2026/2pac-trial-day-2-reggie-wright-and-mob-james-testify-8-18-2026_gozVH0bYxzY.wav | /Users/rajeshpmu/Desktop/LegalMemoCMT/data/phase2/tupac/corpus/raw/2pac-trial-day-2-reggie-wright-and-mob-james-testify-8-18-2026/2pac-trial-day-2-reggie-wright-and-mob-james-testify-8-18-2026_gozVH0bYxzY.wav | /Users/rajeshpmu/Desktop/LegalMemoCMT/data/phase2/tupac/corpus/raw/2pac-trial-day-2-reggie-wright-and-mob-james-testify-8-18-2026/2pac-trial-day-2-reggie-wright-and-mob-james-testify-8-18-2026_gozVH0bYxzY.wav,/Users/rajeshpmu/Desktop/LegalMemoCMT/data/phase2/tupac/corpus/raw/2pac-trial-day-2-reggie-wright-and-mob-james-testify-8-18-2026/2pac-trial-day-2-reggie-wright-and-mob-james-testify-8-18-2026_gozVH0bYxzY.mp4 | /Users/rajeshpmu/Desktop/LegalMemoCMT/data/phase2/tupac/corpus/raw/2pac-trial-day-2-reggie-wright-and-mob-james-testify-8-18-2026/2pac-trial-day-2-reggie-wright-and-mob-james-testify-8-18-2026_gozVH0bYxzY.mp4 | /Users/rajeshpmu/Desktop/LegalMemoCMT/data/phase2/tupac/corpus/raw/2pac-trial-day-2-reggie-wright-and-mob-james-testify-8-18-2026/2pac-trial-day-2-reggie-wright-and-mob-james-testify-8-18-2026_gozVH0bYxzY.mp4,"First name is Thomas. T H O M A S. Last || Thank you, sir. How are you currently || I work for Customs and Border Protection",,,,,,,
gozVH0bYxzY,SPEAKER_15,355,3,gozVH0bYxzY_turn07364 | gozVH0bYxzY_turn07365 | gozVH0bYxzY_turn07366,/Users/rajeshpmu/Desktop/LegalMemoCMT/data/phase2/tupac/corpus/raw/2pac-trial-day-2-reggie-wright-and-mob-james-testify-8-18-2026/2pac-trial-day-2-reggie-wright-and-mob-james-testify-8-18-2026_gozVH0bYxzY.wav | /Users/rajeshpmu/Desktop/LegalMemoCMT/data/phase2/tupac/corpus/raw/2pac-trial-day-2-reggie-wright-and-mob-james-testify-8-18-2026/2pac-trial-day-2-reggie-wright-and-mob-james-testify-8-18-2026_gozVH0bYxzY.wav | /Users/rajeshpmu/Desktop/LegalMemoCMT/data/phase2/tupac/corpus/raw/2pac-trial-day-2-reggie-wright-and-mob-james-testify-8-18-2026/2pac-trial-day-2-reggie-wright-and-mob-james-testify-8-18-2026_gozVH0bYxzY.wav,/Users/rajeshpmu/Desktop/LegalMemoCMT/data/phase2/tupac/corpus/raw/2pac-trial-day-2-reggie-wright-and-mob-james-testify-8-18-2026/2pac-trial-day-2-reggie-wright-and-mob-james-testify-8-18-2026_gozVH0bYxzY.mp4 | /Users/rajeshpmu/Desktop/LegalMemoCMT/data/phase2/tupac/corpus/raw/2pac-trial-day-2-reggie-wright-and-mob-james-testify-8-18-2026/2pac-trial-day-2-reggie-wright-and-mob-james-testify-8-18-2026_gozVH0bYxzY.mp4 | /Users/rajeshpmu/Desktop/LegalMemoCMT/data/phase2/tupac/corpus/raw/2pac-trial-day-2-reggie-wright-and-mob-james-testify-8-18-2026/2pac-trial-day-2-reggie-wright-and-mob-james-testify-8-18-2026_gozVH0bYxzY.mp4,"Thank you, honor. Mr. McDonald, it's || Correct. || Um that you didn't volunteer to come or",,,,,,,
gozVH0bYxzY,SPEAKER_16,12,3,gozVH0bYxzY_turn07278 | gozVH0bYxzY_turn07899 | gozVH0bYxzY_turn07942,/Users/rajeshpmu/Desktop/LegalMemoCMT/data/phase2/tupac/corpus/raw/2pac-trial-day-2-reggie-wright-and-mob-james-testify-8-18-2026/2pac-trial-day-2-reggie-wright-and-mob-james-testify-8-18-2026_gozVH0bYxzY.wav | /Users/rajeshpmu/Desktop/LegalMemoCMT/data/phase2/tupac/corpus/raw/2pac-trial-day-2-reggie-wright-and-mob-james-testify-8-18-2026/2pac-trial-day-2-reggie-wright-and-mob-james-testify-8-18-2026_gozVH0bYxzY.wav | /Users/rajeshpmu/Desktop/LegalMemoCMT/data/phase2/tupac/corpus/raw/2pac-trial-day-2-reggie-wright-and-mob-james-testify-8-18-2026/2pac-trial-day-2-reggie-wright-and-mob-james-testify-8-18-2026_gozVH0bYxzY.wav,/Users/rajeshpmu/Desktop/LegalMemoCMT/data/phase2/tupac/corpus/raw/2pac-trial-day-2-reggie-wright-and-mob-james-testify-8-18-2026/2pac-trial-day-2-reggie-wright-and-mob-james-testify-8-18-2026_gozVH0bYxzY.mp4 | /Users/rajeshpmu/Desktop/LegalMemoCMT/data/phase2/tupac/corpus/raw/2pac-trial-day-2-reggie-wright-and-mob-james-testify-8-18-2026/2pac-trial-day-2-reggie-wright-and-mob-james-testify-8-18-2026_gozVH0bYxzY.mp4 | /Users/rajeshpmu/Desktop/LegalMemoCMT/data/phase2/tupac/corpus/raw/2pac-trial-day-2-reggie-wright-and-mob-james-testify-8-18-2026/2pac-trial-day-2-reggie-wright-and-mob-james-testify-8-18-2026_gozVH0bYxzY.mp4,"Uh to go with my fit, I want the gold || and was Mr. Moore also a member of || to James.",,,,,,,
gozVH0bYxzY,SPEAKER_17,602,3,gozVH0bYxzY_turn06443 | gozVH0bYxzY_turn06444 | gozVH0bYxzY_turn06445,/Users/rajeshpmu/Desktop/LegalMemoCMT/data/phase2/tupac/corpus/raw/2pac-trial-day-2-reggie-wright-and-mob-james-testify-8-18-2026/2pac-trial-day-2-reggie-wright-and-mob-james-testify-8-18-2026_gozVH0bYxzY.wav | /Users/rajeshpmu/Desktop/LegalMemoCMT/data/phase2/tupac/corpus/raw/2pac-trial-day-2-reggie-wright-and-mob-james-testify-8-18-2026/2pac-trial-day-2-reggie-wright-and-mob-james-testify-8-18-2026_gozVH0bYxzY.wav | /Users/rajeshpmu/Desktop/LegalMemoCMT/data/phase2/tupac/corpus/raw/2pac-trial-day-2-reggie-wright-and-mob-james-testify-8-18-2026/2pac-trial-day-2-reggie-wright-and-mob-james-testify-8-18-2026_gozVH0bYxzY.wav,/Users/rajeshpmu/Desktop/LegalMemoCMT/data/phase2/tupac/corpus/raw/2pac-trial-day-2-reggie-wright-and-mob-james-testify-8-18-2026/2pac-trial-day-2-reggie-wright-and-mob-james-testify-8-18-2026_gozVH0bYxzY.mp4 | /Users/rajeshpmu/Desktop/LegalMemoCMT/data/phase2/tupac/corpus/raw/2pac-trial-day-2-reggie-wright-and-mob-james-testify-8-18-2026/2pac-trial-day-2-reggie-wright-and-mob-james-testify-8-18-2026_gozVH0bYxzY.mp4 | /Users/rajeshpmu/Desktop/LegalMemoCMT/data/phase2/tupac/corpus/raw/2pac-trial-day-2-reggie-wright-and-mob-james-testify-8-18-2026/2pac-trial-day-2-reggie-wright-and-mob-james-testify-8-18-2026_gozVH0bYxzY.mp4,"Yes, sir. Thank you, Dr. Good morning. || How are you doing? || Good. How are you?",,,,,,,
gozVH0bYxzY,SPEAKER_18,21,3,gozVH0bYxzY_turn06793 | gozVH0bYxzY_turn06794 | gozVH0bYxzY_turn06797,/Users/rajeshpmu/Desktop/LegalMemoCMT/data/phase2/tupac/corpus/raw/2pac-trial-day-2-reggie-wright-and-mob-james-testify-8-18-2026/2pac-trial-day-2-reggie-wright-and-mob-james-testify-8-18-2026_gozVH0bYxzY.wav | /Users/rajeshpmu/Desktop/LegalMemoCMT/data/phase2/tupac/corpus/raw/2pac-trial-day-2-reggie-wright-and-mob-james-testify-8-18-2026/2pac-trial-day-2-reggie-wright-and-mob-james-testify-8-18-2026_gozVH0bYxzY.wav | /Users/rajeshpmu/Desktop/LegalMemoCMT/data/phase2/tupac/corpus/raw/2pac-trial-day-2-reggie-wright-and-mob-james-testify-8-18-2026/2pac-trial-day-2-reggie-wright-and-mob-james-testify-8-18-2026_gozVH0bYxzY.wav,/Users/rajeshpmu/Desktop/LegalMemoCMT/data/phase2/tupac/corpus/raw/2pac-trial-day-2-reggie-wright-and-mob-james-testify-8-18-2026/2pac-trial-day-2-reggie-wright-and-mob-james-testify-8-18-2026_gozVH0bYxzY.mp4 | /Users/rajeshpmu/Desktop/LegalMemoCMT/data/phase2/tupac/corpus/raw/2pac-trial-day-2-reggie-wright-and-mob-james-testify-8-18-2026/2pac-trial-day-2-reggie-wright-and-mob-james-testify-8-18-2026_gozVH0bYxzY.mp4 | /Users/rajeshpmu/Desktop/LegalMemoCMT/data/phase2/tupac/corpus/raw/2pac-trial-day-2-reggie-wright-and-mob-james-testify-8-18-2026/2pac-trial-day-2-reggie-wright-and-mob-james-testify-8-18-2026_gozVH0bYxzY.mp4,"And sir, if you please state your full || Kenneth Rios. Ken N || Uh, I was employed as a Las Vegas I",,,,,,,
gozVH0bYxzY,SPEAKER_19,65,3,gozVH0bYxzY_turn07018 | gozVH0bYxzY_turn07027 | gozVH0bYxzY_turn07029,/Users/rajeshpmu/Desktop/LegalMemoCMT/data/phase2/tupac/corpus/raw/2pac-trial-day-2-reggie-wright-and-mob-james-testify-8-18-2026/2pac-trial-day-2-reggie-wright-and-mob-james-testify-8-18-2026_gozVH0bYxzY.wav | /Users/rajeshpmu/Desktop/LegalMemoCMT/data/phase2/tupac/corpus/raw/2pac-trial-day-2-reggie-wright-and-mob-james-testify-8-18-2026/2pac-trial-day-2-reggie-wright-and-mob-james-testify-8-18-2026_gozVH0bYxzY.wav | /Users/rajeshpmu/Desktop/LegalMemoCMT/data/phase2/tupac/corpus/raw/2pac-trial-day-2-reggie-wright-and-mob-james-testify-8-18-2026/2pac-trial-day-2-reggie-wright-and-mob-james-testify-8-18-2026_gozVH0bYxzY.wav,/Users/rajeshpmu/Desktop/LegalMemoCMT/data/phase2/tupac/corpus/raw/2pac-trial-day-2-reggie-wright-and-mob-james-testify-8-18-2026/2pac-trial-day-2-reggie-wright-and-mob-james-testify-8-18-2026_gozVH0bYxzY.mp4 | /Users/rajeshpmu/Desktop/LegalMemoCMT/data/phase2/tupac/corpus/raw/2pac-trial-day-2-reggie-wright-and-mob-james-testify-8-18-2026/2pac-trial-day-2-reggie-wright-and-mob-james-testify-8-18-2026_gozVH0bYxzY.mp4 | /Users/rajeshpmu/Desktop/LegalMemoCMT/data/phase2/tupac/corpus/raw/2pac-trial-day-2-reggie-wright-and-mob-james-testify-8-18-2026/2pac-trial-day-2-reggie-wright-and-mob-james-testify-8-18-2026_gozVH0bYxzY.mp4,"State anything further? || It's Dean O. Kelly and it's D E A N O || Sir, how are you currently employed? I'm",,,,,,,
gozVH0bYxzY,SPEAKER_20,46,3,gozVH0bYxzY_turn06504 | gozVH0bYxzY_turn06506 | gozVH0bYxzY_turn06507,/Users/rajeshpmu/Desktop/LegalMemoCMT/data/phase2/tupac/corpus/raw/2pac-trial-day-2-reggie-wright-and-mob-james-testify-8-18-2026/2pac-trial-day-2-reggie-wright-and-mob-james-testify-8-18-2026_gozVH0bYxzY.wav | /Users/rajeshpmu/Desktop/LegalMemoCMT/data/phase2/tupac/corpus/raw/2pac-trial-day-2-reggie-wright-and-mob-james-testify-8-18-2026/2pac-trial-day-2-reggie-wright-and-mob-james-testify-8-18-2026_gozVH0bYxzY.wav | /Users/rajeshpmu/Desktop/LegalMemoCMT/data/phase2/tupac/corpus/raw/2pac-trial-day-2-reggie-wright-and-mob-james-testify-8-18-2026/2pac-trial-day-2-reggie-wright-and-mob-james-testify-8-18-2026_gozVH0bYxzY.wav,/Users/rajeshpmu/Desktop/LegalMemoCMT/data/phase2/tupac/corpus/raw/2pac-trial-day-2-reggie-wright-and-mob-james-testify-8-18-2026/2pac-trial-day-2-reggie-wright-and-mob-james-testify-8-18-2026_gozVH0bYxzY.mp4 | /Users/rajeshpmu/Desktop/LegalMemoCMT/data/phase2/tupac/corpus/raw/2pac-trial-day-2-reggie-wright-and-mob-james-testify-8-18-2026/2pac-trial-day-2-reggie-wright-and-mob-james-testify-8-18-2026_gozVH0bYxzY.mp4 | /Users/rajeshpmu/Desktop/LegalMemoCMT/data/phase2/tupac/corpus/raw/2pac-trial-day-2-reggie-wright-and-mob-james-testify-8-18-2026/2pac-trial-day-2-reggie-wright-and-mob-james-testify-8-18-2026_gozVH0bYxzY.mp4,Michael Ingram. M I C H A E L I N G R A || sir. How are you? || I work as an investigator for MGM,,,,,,,
gozVH0bYxzY,SPEAKER_21,3,3,gozVH0bYxzY_turn06810 | gozVH0bYxzY_turn07349 | gozVH0bYxzY_turn08294,/Users/rajeshpmu/Desktop/LegalMemoCMT/data/phase2/tupac/corpus/raw/2pac-trial-day-2-reggie-wright-and-mob-james-testify-8-18-2026/2pac-trial-day-2-reggie-wright-and-mob-james-testify-8-18-2026_gozVH0bYxzY.wav | /Users/rajeshpmu/Desktop/LegalMemoCMT/data/phase2/tupac/corpus/raw/2pac-trial-day-2-reggie-wright-and-mob-james-testify-8-18-2026/2pac-trial-day-2-reggie-wright-and-mob-james-testify-8-18-2026_gozVH0bYxzY.wav | /Users/rajeshpmu/Desktop/LegalMemoCMT/data/phase2/tupac/corpus/raw/2pac-trial-day-2-reggie-wright-and-mob-james-testify-8-18-2026/2pac-trial-day-2-reggie-wright-and-mob-james-testify-8-18-2026_gozVH0bYxzY.wav,/Users/rajeshpmu/Desktop/LegalMemoCMT/data/phase2/tupac/corpus/raw/2pac-trial-day-2-reggie-wright-and-mob-james-testify-8-18-2026/2pac-trial-day-2-reggie-wright-and-mob-james-testify-8-18-2026_gozVH0bYxzY.mp4 | /Users/rajeshpmu/Desktop/LegalMemoCMT/data/phase2/tupac/corpus/raw/2pac-trial-day-2-reggie-wright-and-mob-james-testify-8-18-2026/2pac-trial-day-2-reggie-wright-and-mob-james-testify-8-18-2026_gozVH0bYxzY.mp4 | /Users/rajeshpmu/Desktop/LegalMemoCMT/data/phase2/tupac/corpus/raw/2pac-trial-day-2-reggie-wright-and-mob-james-testify-8-18-2026/2pac-trial-day-2-reggie-wright-and-mob-james-testify-8-18-2026_gozVH0bYxzY.mp4,"And this is 115B. || Okay, sounds good. Let's bring the jury || Let me just show you.",,,,,,,
gozVH0bYxzY,SPEAKER_22,13,3,gozVH0bYxzY_turn06391 | gozVH0bYxzY_turn06473 | gozVH0bYxzY_turn06474,/Users/rajeshpmu/Desktop/LegalMemoCMT/data/phase2/tupac/corpus/raw/2pac-trial-day-2-reggie-wright-and-mob-james-testify-8-18-2026/2pac-trial-day-2-reggie-wright-and-mob-james-testify-8-18-2026_gozVH0bYxzY.wav | /Users/rajeshpmu/Desktop/LegalMemoCMT/data/phase2/tupac/corpus/raw/2pac-trial-day-2-reggie-wright-and-mob-james-testify-8-18-2026/2pac-trial-day-2-reggie-wright-and-mob-james-testify-8-18-2026_gozVH0bYxzY.wav | /Users/rajeshpmu/Desktop/LegalMemoCMT/data/phase2/tupac/corpus/raw/2pac-trial-day-2-reggie-wright-and-mob-james-testify-8-18-2026/2pac-trial-day-2-reggie-wright-and-mob-james-testify-8-18-2026_gozVH0bYxzY.wav,/Users/rajeshpmu/Desktop/LegalMemoCMT/data/phase2/tupac/corpus/raw/2pac-trial-day-2-reggie-wright-and-mob-james-testify-8-18-2026/2pac-trial-day-2-reggie-wright-and-mob-james-testify-8-18-2026_gozVH0bYxzY.mp4 | /Users/rajeshpmu/Desktop/LegalMemoCMT/data/phase2/tupac/corpus/raw/2pac-trial-day-2-reggie-wright-and-mob-james-testify-8-18-2026/2pac-trial-day-2-reggie-wright-and-mob-james-testify-8-18-2026_gozVH0bYxzY.mp4 | /Users/rajeshpmu/Desktop/LegalMemoCMT/data/phase2/tupac/corpus/raw/2pac-trial-day-2-reggie-wright-and-mob-james-testify-8-18-2026/2pac-trial-day-2-reggie-wright-and-mob-james-testify-8-18-2026_gozVH0bYxzY.mp4,That's correct. || Any redirect? Mr. Good job || ma'am. Mr. Sam suggested I just want to,,,,,,,
gozVH0bYxzY,SPEAKER_24,247,3,gozVH0bYxzY_turn06090 | gozVH0bYxzY_turn06334 | gozVH0bYxzY_turn06339,/Users/rajeshpmu/Desktop/LegalMemoCMT/data/phase2/tupac/corpus/raw/2pac-trial-day-2-reggie-wright-and-mob-james-testify-8-18-2026/2pac-trial-day-2-reggie-wright-and-mob-james-testify-8-18-2026_gozVH0bYxzY.wav | /Users/rajeshpmu/Desktop/LegalMemoCMT/data/phase2/tupac/corpus/raw/2pac-trial-day-2-reggie-wright-and-mob-james-testify-8-18-2026/2pac-trial-day-2-reggie-wright-and-mob-james-testify-8-18-2026_gozVH0bYxzY.wav | /Users/rajeshpmu/Desktop/LegalMemoCMT/data/phase2/tupac/corpus/raw/2pac-trial-day-2-reggie-wright-and-mob-james-testify-8-18-2026/2pac-trial-day-2-reggie-wright-and-mob-james-testify-8-18-2026_gozVH0bYxzY.wav,/Users/rajeshpmu/Desktop/LegalMemoCMT/data/phase2/tupac/corpus/raw/2pac-trial-day-2-reggie-wright-and-mob-james-testify-8-18-2026/2pac-trial-day-2-reggie-wright-and-mob-james-testify-8-18-2026_gozVH0bYxzY.mp4 | /Users/rajeshpmu/Desktop/LegalMemoCMT/data/phase2/tupac/corpus/raw/2pac-trial-day-2-reggie-wright-and-mob-james-testify-8-18-2026/2pac-trial-day-2-reggie-wright-and-mob-james-testify-8-18-2026_gozVH0bYxzY.mp4 | /Users/rajeshpmu/Desktop/LegalMemoCMT/data/phase2/tupac/corpus/raw/2pac-trial-day-2-reggie-wright-and-mob-james-testify-8-18-2026/2pac-trial-day-2-reggie-wright-and-mob-james-testify-8-18-2026_gozVH0bYxzY.mp4,"We're going to finish that recording and || What does a crime scene analyst for the || Um, do crime scene analysts respond to",,,,,,,
gozVH0bYxzY,SPEAKER_25,2,2,gozVH0bYxzY_turn06355 | gozVH0bYxzY_turn06563,/Users/rajeshpmu/Desktop/LegalMemoCMT/data/phase2/tupac/corpus/raw/2pac-trial-day-2-reggie-wright-and-mob-james-testify-8-18-2026/2pac-trial-day-2-reggie-wright-and-mob-james-testify-8-18-2026_gozVH0bYxzY.wav | /Users/rajeshpmu/Desktop/LegalMemoCMT/data/phase2/tupac/corpus/raw/2pac-trial-day-2-reggie-wright-and-mob-james-testify-8-18-2026/2pac-trial-day-2-reggie-wright-and-mob-james-testify-8-18-2026_gozVH0bYxzY.wav,/Users/rajeshpmu/Desktop/LegalMemoCMT/data/phase2/tupac/corpus/raw/2pac-trial-day-2-reggie-wright-and-mob-james-testify-8-18-2026/2pac-trial-day-2-reggie-wright-and-mob-james-testify-8-18-2026_gozVH0bYxzY.mp4 | /Users/rajeshpmu/Desktop/LegalMemoCMT/data/phase2/tupac/corpus/raw/2pac-trial-day-2-reggie-wright-and-mob-james-testify-8-18-2026/2pac-trial-day-2-reggie-wright-and-mob-james-testify-8-18-2026_gozVH0bYxzY.mp4,"Okay. Cross examination. Mr. Sam, I have || Correct. We can see the 13 on this jersey right here with the gentleman walking behind him. [clears throat] I don't know why I did that. right, we're going to use a different program so we don't watch it sideways. And I'll turn my volume off because there's no volume. Now, this is that elevator core that we saw. Please switch over.",,,,,,,
gozVH0bYxzY,SPEAKER_26,200,3,gozVH0bYxzY_turn06092 | gozVH0bYxzY_turn06093 | gozVH0bYxzY_turn06094,/Users/rajeshpmu/Desktop/LegalMemoCMT/data/phase2/tupac/corpus/raw/2pac-trial-day-2-reggie-wright-and-mob-james-testify-8-18-2026/2pac-trial-day-2-reggie-wright-and-mob-james-testify-8-18-2026_gozVH0bYxzY.wav | /Users/rajeshpmu/Desktop/LegalMemoCMT/data/phase2/tupac/corpus/raw/2pac-trial-day-2-reggie-wright-and-mob-james-testify-8-18-2026/2pac-trial-day-2-reggie-wright-and-mob-james-testify-8-18-2026_gozVH0bYxzY.wav | /Users/rajeshpmu/Desktop/LegalMemoCMT/data/phase2/tupac/corpus/raw/2pac-trial-day-2-reggie-wright-and-mob-james-testify-8-18-2026/2pac-trial-day-2-reggie-wright-and-mob-james-testify-8-18-2026_gozVH0bYxzY.wav,/Users/rajeshpmu/Desktop/LegalMemoCMT/data/phase2/tupac/corpus/raw/2pac-trial-day-2-reggie-wright-and-mob-james-testify-8-18-2026/2pac-trial-day-2-reggie-wright-and-mob-james-testify-8-18-2026_gozVH0bYxzY.mp4 | /Users/rajeshpmu/Desktop/LegalMemoCMT/data/phase2/tupac/corpus/raw/2pac-trial-day-2-reggie-wright-and-mob-james-testify-8-18-2026/2pac-trial-day-2-reggie-wright-and-mob-james-testify-8-18-2026_gozVH0bYxzY.mp4 | /Users/rajeshpmu/Desktop/LegalMemoCMT/data/phase2/tupac/corpus/raw/2pac-trial-day-2-reggie-wright-and-mob-james-testify-8-18-2026/2pac-trial-day-2-reggie-wright-and-mob-james-testify-8-18-2026_gozVH0bYxzY.mp4,Anybody that you saw? || I seen running. || Yeah.,,,,,,,
gozVH0bYxzY,SPEAKER_27,32,3,gozVH0bYxzY_turn06091 | gozVH0bYxzY_turn06100 | gozVH0bYxzY_turn06106,/Users/rajeshpmu/Desktop/LegalMemoCMT/data/phase2/tupac/corpus/raw/2pac-trial-day-2-reggie-wright-and-mob-james-testify-8-18-2026/2pac-trial-day-2-reggie-wright-and-mob-james-testify-8-18-2026_gozVH0bYxzY.wav | /Users/rajeshpmu/Desktop/LegalMemoCMT/data/phase2/tupac/corpus/raw/2pac-trial-day-2-reggie-wright-and-mob-james-testify-8-18-2026/2pac-trial-day-2-reggie-wright-and-mob-james-testify-8-18-2026_gozVH0bYxzY.wav | /Users/rajeshpmu/Desktop/LegalMemoCMT/data/phase2/tupac/corpus/raw/2pac-trial-day-2-reggie-wright-and-mob-james-testify-8-18-2026/2pac-trial-day-2-reggie-wright-and-mob-james-testify-8-18-2026_gozVH0bYxzY.wav,/Users/rajeshpmu/Desktop/LegalMemoCMT/data/phase2/tupac/corpus/raw/2pac-trial-day-2-reggie-wright-and-mob-james-testify-8-18-2026/2pac-trial-day-2-reggie-wright-and-mob-james-testify-8-18-2026_gozVH0bYxzY.mp4 | /Users/rajeshpmu/Desktop/LegalMemoCMT/data/phase2/tupac/corpus/raw/2pac-trial-day-2-reggie-wright-and-mob-james-testify-8-18-2026/2pac-trial-day-2-reggie-wright-and-mob-james-testify-8-18-2026_gozVH0bYxzY.mp4 | /Users/rajeshpmu/Desktop/LegalMemoCMT/data/phase2/tupac/corpus/raw/2pac-trial-day-2-reggie-wright-and-mob-james-testify-8-18-2026/2pac-trial-day-2-reggie-wright-and-mob-james-testify-8-18-2026_gozVH0bYxzY.mp4,"Okay, sounds good. You may proceed. Okay. I'll go back and ask you a question again. Uh while you were there in pressure and you heard the commotion of people running to be south on Fairfax or back in towards the parking areas. Uh did you recognize anybody that um my concern is that may have been further north on Fair on the sidewalk may have seen the shooting or heard something? || Oh, they didn't run around the corner. || Yeah, I did. Well, no. That's why I said",,,,,,,
gozVH0bYxzY,SPEAKER_28,1,1,gozVH0bYxzY_turn06835,/Users/rajeshpmu/Desktop/LegalMemoCMT/data/phase2/tupac/corpus/raw/2pac-trial-day-2-reggie-wright-and-mob-james-testify-8-18-2026/2pac-trial-day-2-reggie-wright-and-mob-james-testify-8-18-2026_gozVH0bYxzY.wav,/Users/rajeshpmu/Desktop/LegalMemoCMT/data/phase2/tupac/corpus/raw/2pac-trial-day-2-reggie-wright-and-mob-james-testify-8-18-2026/2pac-trial-day-2-reggie-wright-and-mob-james-testify-8-18-2026_gozVH0bYxzY.mp4,Yes.,,,,,,,
gozVH0bYxzY,SPEAKER_29,21,3,gozVH0bYxzY_turn07241 | gozVH0bYxzY_turn07242 | gozVH0bYxzY_turn07250,/Users/rajeshpmu/Desktop/LegalMemoCMT/data/phase2/tupac/corpus/raw/2pac-trial-day-2-reggie-wright-and-mob-james-testify-8-18-2026/2pac-trial-day-2-reggie-wright-and-mob-james-testify-8-18-2026_gozVH0bYxzY.wav | /Users/rajeshpmu/Desktop/LegalMemoCMT/data/phase2/tupac/corpus/raw/2pac-trial-day-2-reggie-wright-and-mob-james-testify-8-18-2026/2pac-trial-day-2-reggie-wright-and-mob-james-testify-8-18-2026_gozVH0bYxzY.wav | /Users/rajeshpmu/Desktop/LegalMemoCMT/data/phase2/tupac/corpus/raw/2pac-trial-day-2-reggie-wright-and-mob-james-testify-8-18-2026/2pac-trial-day-2-reggie-wright-and-mob-james-testify-8-18-2026_gozVH0bYxzY.wav,/Users/rajeshpmu/Desktop/LegalMemoCMT/data/phase2/tupac/corpus/raw/2pac-trial-day-2-reggie-wright-and-mob-james-testify-8-18-2026/2pac-trial-day-2-reggie-wright-and-mob-james-testify-8-18-2026_gozVH0bYxzY.mp4 | /Users/rajeshpmu/Desktop/LegalMemoCMT/data/phase2/tupac/corpus/raw/2pac-trial-day-2-reggie-wright-and-mob-james-testify-8-18-2026/2pac-trial-day-2-reggie-wright-and-mob-james-testify-8-18-2026_gozVH0bYxzY.mp4 | /Users/rajeshpmu/Desktop/LegalMemoCMT/data/phase2/tupac/corpus/raw/2pac-trial-day-2-reggie-wright-and-mob-james-testify-8-18-2026/2pac-trial-day-2-reggie-wright-and-mob-james-testify-8-18-2026_gozVH0bYxzY.mp4,"We'll be in recess. Thanks, guys. || Reggie, welcome back to R, man. So, I || Yeah. Yeah. So, I can't even talk to you",,,,,,,
gozVH0bYxzY,SPEAKER_31,11,3,gozVH0bYxzY_turn06790 | gozVH0bYxzY_turn06791 | gozVH0bYxzY_turn06792,/Users/rajeshpmu/Desktop/LegalMemoCMT/data/phase2/tupac/corpus/raw/2pac-trial-day-2-reggie-wright-and-mob-james-testify-8-18-2026/2pac-trial-day-2-reggie-wright-and-mob-james-testify-8-18-2026_gozVH0bYxzY.wav | /Users/rajeshpmu/Desktop/LegalMemoCMT/data/phase2/tupac/corpus/raw/2pac-trial-day-2-reggie-wright-and-mob-james-testify-8-18-2026/2pac-trial-day-2-reggie-wright-and-mob-james-testify-8-18-2026_gozVH0bYxzY.wav | /Users/rajeshpmu/Desktop/LegalMemoCMT/data/phase2/tupac/corpus/raw/2pac-trial-day-2-reggie-wright-and-mob-james-testify-8-18-2026/2pac-trial-day-2-reggie-wright-and-mob-james-testify-8-18-2026_gozVH0bYxzY.wav,/Users/rajeshpmu/Desktop/LegalMemoCMT/data/phase2/tupac/corpus/raw/2pac-trial-day-2-reggie-wright-and-mob-james-testify-8-18-2026/2pac-trial-day-2-reggie-wright-and-mob-james-testify-8-18-2026_gozVH0bYxzY.mp4 | /Users/rajeshpmu/Desktop/LegalMemoCMT/data/phase2/tupac/corpus/raw/2pac-trial-day-2-reggie-wright-and-mob-james-testify-8-18-2026/2pac-trial-day-2-reggie-wright-and-mob-james-testify-8-18-2026_gozVH0bYxzY.mp4 | /Users/rajeshpmu/Desktop/LegalMemoCMT/data/phase2/tupac/corpus/raw/2pac-trial-day-2-reggie-wright-and-mob-james-testify-8-18-2026/2pac-trial-day-2-reggie-wright-and-mob-james-testify-8-18-2026_gozVH0bYxzY.mp4,Good morning. || Please swear affirm the testimony you're || Thank you. You may be seated.,,,,,,,
gozVH0bYxzY,SPEAKER_32,1,1,gozVH0bYxzY_turn06400,/Users/rajeshpmu/Desktop/LegalMemoCMT/data/phase2/tupac/corpus/raw/2pac-trial-day-2-reggie-wright-and-mob-james-testify-8-18-2026/2pac-trial-day-2-reggie-wright-and-mob-james-testify-8-18-2026_gozVH0bYxzY.wav,/Users/rajeshpmu/Desktop/LegalMemoCMT/data/phase2/tupac/corpus/raw/2pac-trial-day-2-reggie-wright-and-mob-james-testify-8-18-2026/2pac-trial-day-2-reggie-wright-and-mob-james-testify-8-18-2026_gozVH0bYxzY.mp4,Correct.,,,,,,,
gozVH0bYxzY,SPEAKER_33,50,3,gozVH0bYxzY_turn06364 | gozVH0bYxzY_turn06365 | gozVH0bYxzY_turn06366,/Users/rajeshpmu/Desktop/LegalMemoCMT/data/phase2/tupac/corpus/raw/2pac-trial-day-2-reggie-wright-and-mob-james-testify-8-18-2026/2pac-trial-day-2-reggie-wright-and-mob-james-testify-8-18-2026_gozVH0bYxzY.wav | /Users/rajeshpmu/Desktop/LegalMemoCMT/data/phase2/tupac/corpus/raw/2pac-trial-day-2-reggie-wright-and-mob-james-testify-8-18-2026/2pac-trial-day-2-reggie-wright-and-mob-james-testify-8-18-2026_gozVH0bYxzY.wav | /Users/rajeshpmu/Desktop/LegalMemoCMT/data/phase2/tupac/corpus/raw/2pac-trial-day-2-reggie-wright-and-mob-james-testify-8-18-2026/2pac-trial-day-2-reggie-wright-and-mob-james-testify-8-18-2026_gozVH0bYxzY.wav,/Users/rajeshpmu/Desktop/LegalMemoCMT/data/phase2/tupac/corpus/raw/2pac-trial-day-2-reggie-wright-and-mob-james-testify-8-18-2026/2pac-trial-day-2-reggie-wright-and-mob-james-testify-8-18-2026_gozVH0bYxzY.mp4 | /Users/rajeshpmu/Desktop/LegalMemoCMT/data/phase2/tupac/corpus/raw/2pac-trial-day-2-reggie-wright-and-mob-james-testify-8-18-2026/2pac-trial-day-2-reggie-wright-and-mob-james-testify-8-18-2026_gozVH0bYxzY.mp4 | /Users/rajeshpmu/Desktop/LegalMemoCMT/data/phase2/tupac/corpus/raw/2pac-trial-day-2-reggie-wright-and-mob-james-testify-8-18-2026/2pac-trial-day-2-reggie-wright-and-mob-james-testify-8-18-2026_gozVH0bYxzY.mp4,"Good morning. I'm Dr. Lisa Gavin. L I S || Thank you, Dr. Gavin. Mr. Doc, you may || Dr. How are you employed?",,,,,,,
gozVH0bYxzY,SPEAKER_34,20,3,gozVH0bYxzY_turn06324 | gozVH0bYxzY_turn06325 | gozVH0bYxzY_turn06326,/Users/rajeshpmu/Desktop/LegalMemoCMT/data/phase2/tupac/corpus/raw/2pac-trial-day-2-reggie-wright-and-mob-james-testify-8-18-2026/2pac-trial-day-2-reggie-wright-and-mob-james-testify-8-18-2026_gozVH0bYxzY.wav | /Users/rajeshpmu/Desktop/LegalMemoCMT/data/phase2/tupac/corpus/raw/2pac-trial-day-2-reggie-wright-and-mob-james-testify-8-18-2026/2pac-trial-day-2-reggie-wright-and-mob-james-testify-8-18-2026_gozVH0bYxzY.wav | /Users/rajeshpmu/Desktop/LegalMemoCMT/data/phase2/tupac/corpus/raw/2pac-trial-day-2-reggie-wright-and-mob-james-testify-8-18-2026/2pac-trial-day-2-reggie-wright-and-mob-james-testify-8-18-2026_gozVH0bYxzY.wav,/Users/rajeshpmu/Desktop/LegalMemoCMT/data/phase2/tupac/corpus/raw/2pac-trial-day-2-reggie-wright-and-mob-james-testify-8-18-2026/2pac-trial-day-2-reggie-wright-and-mob-james-testify-8-18-2026_gozVH0bYxzY.mp4 | /Users/rajeshpmu/Desktop/LegalMemoCMT/data/phase2/tupac/corpus/raw/2pac-trial-day-2-reggie-wright-and-mob-james-testify-8-18-2026/2pac-trial-day-2-reggie-wright-and-mob-james-testify-8-18-2026_gozVH0bYxzY.mp4 | /Users/rajeshpmu/Desktop/LegalMemoCMT/data/phase2/tupac/corpus/raw/2pac-trial-day-2-reggie-wright-and-mob-james-testify-8-18-2026/2pac-trial-day-2-reggie-wright-and-mob-james-testify-8-18-2026_gozVH0bYxzY.mp4,"Thomas. You do songs where the testimony you're about to give in this action shall be the truth, the whole truth, and nothing but the truth to help you God. || I do. || You may be seated. May I please have you state and spell your first and last name for the record?",,,,,,,
gozVH0bYxzY,SPEAKER_35,2,2,gozVH0bYxzY_turn06786 | gozVH0bYxzY_turn07998,/Users/rajeshpmu/Desktop/LegalMemoCMT/data/phase2/tupac/corpus/raw/2pac-trial-day-2-reggie-wright-and-mob-james-testify-8-18-2026/2pac-trial-day-2-reggie-wright-and-mob-james-testify-8-18-2026_gozVH0bYxzY.wav | /Users/rajeshpmu/Desktop/LegalMemoCMT/data/phase2/tupac/corpus/raw/2pac-trial-day-2-reggie-wright-and-mob-james-testify-8-18-2026/2pac-trial-day-2-reggie-wright-and-mob-james-testify-8-18-2026_gozVH0bYxzY.wav,/Users/rajeshpmu/Desktop/LegalMemoCMT/data/phase2/tupac/corpus/raw/2pac-trial-day-2-reggie-wright-and-mob-james-testify-8-18-2026/2pac-trial-day-2-reggie-wright-and-mob-james-testify-8-18-2026_gozVH0bYxzY.mp4 | /Users/rajeshpmu/Desktop/LegalMemoCMT/data/phase2/tupac/corpus/raw/2pac-trial-day-2-reggie-wright-and-mob-james-testify-8-18-2026/2pac-trial-day-2-reggie-wright-and-mob-james-testify-8-18-2026_gozVH0bYxzY.mp4,"You're going to have to print that out. || For the record, the jury has exited the",,,,,,,
gozVH0bYxzY,UNKNOWN,29,3,gozVH0bYxzY_turn06177 | gozVH0bYxzY_turn06178 | gozVH0bYxzY_turn06250,/Users/rajeshpmu/Desktop/LegalMemoCMT/data/phase2/tupac/corpus/raw/2pac-trial-day-2-reggie-wright-and-mob-james-testify-8-18-2026/2pac-trial-day-2-reggie-wright-and-mob-james-testify-8-18-2026_gozVH0bYxzY.wav | /Users/rajeshpmu/Desktop/LegalMemoCMT/data/phase2/tupac/corpus/raw/2pac-trial-day-2-reggie-wright-and-mob-james-testify-8-18-2026/2pac-trial-day-2-reggie-wright-and-mob-james-testify-8-18-2026_gozVH0bYxzY.wav | /Users/rajeshpmu/Desktop/LegalMemoCMT/data/phase2/tupac/corpus/raw/2pac-trial-day-2-reggie-wright-and-mob-james-testify-8-18-2026/2pac-trial-day-2-reggie-wright-and-mob-james-testify-8-18-2026_gozVH0bYxzY.wav,/Users/rajeshpmu/Desktop/LegalMemoCMT/data/phase2/tupac/corpus/raw/2pac-trial-day-2-reggie-wright-and-mob-james-testify-8-18-2026/2pac-trial-day-2-reggie-wright-and-mob-james-testify-8-18-2026_gozVH0bYxzY.mp4 | /Users/rajeshpmu/Desktop/LegalMemoCMT/data/phase2/tupac/corpus/raw/2pac-trial-day-2-reggie-wright-and-mob-james-testify-8-18-2026/2pac-trial-day-2-reggie-wright-and-mob-james-testify-8-18-2026_gozVH0bYxzY.mp4 | /Users/rajeshpmu/Desktop/LegalMemoCMT/data/phase2/tupac/corpus/raw/2pac-trial-day-2-reggie-wright-and-mob-james-testify-8-18-2026/2pac-trial-day-2-reggie-wright-and-mob-james-testify-8-18-2026_gozVH0bYxzY.mp4,Yeah. || Okay. || between the fathers and it was quick,,,,,,,
lOcZ_IJbM3I,SPEAKER_00,3,3,lOcZ_IJbM3I_turn08408 | lOcZ_IJbM3I_turn08409 | lOcZ_IJbM3I_turn08410,/Users/rajeshpmu/Desktop/LegalMemoCMT/data/phase2/tupac/corpus/raw/reggie-wright-jr-full-testimony-in-tupac-murder-trial/reggie-wright-jr-full-testimony-in-tupac-murder-trial_lOcZ_IJbM3I.wav | /Users/rajeshpmu/Desktop/LegalMemoCMT/data/phase2/tupac/corpus/raw/reggie-wright-jr-full-testimony-in-tupac-murder-trial/reggie-wright-jr-full-testimony-in-tupac-murder-trial_lOcZ_IJbM3I.wav | /Users/rajeshpmu/Desktop/LegalMemoCMT/data/phase2/tupac/corpus/raw/reggie-wright-jr-full-testimony-in-tupac-murder-trial/reggie-wright-jr-full-testimony-in-tupac-murder-trial_lOcZ_IJbM3I.wav,/Users/rajeshpmu/Desktop/LegalMemoCMT/data/phase2/tupac/corpus/raw/reggie-wright-jr-full-testimony-in-tupac-murder-trial/reggie-wright-jr-full-testimony-in-tupac-murder-trial_lOcZ_IJbM3I.mp4 | /Users/rajeshpmu/Desktop/LegalMemoCMT/data/phase2/tupac/corpus/raw/reggie-wright-jr-full-testimony-in-tupac-murder-trial/reggie-wright-jr-full-testimony-in-tupac-murder-trial_lOcZ_IJbM3I.mp4 | /Users/rajeshpmu/Desktop/LegalMemoCMT/data/phase2/tupac/corpus/raw/reggie-wright-jr-full-testimony-in-tupac-murder-trial/reggie-wright-jr-full-testimony-in-tupac-murder-trial_lOcZ_IJbM3I.mp4,"Do you do solemnly swear that the || Yes, sir. || May I please have you state and spell",,,,,,,
lOcZ_IJbM3I,SPEAKER_01,4,3,lOcZ_IJbM3I_turn08405 | lOcZ_IJbM3I_turn08749 | lOcZ_IJbM3I_turn08750,/Users/rajeshpmu/Desktop/LegalMemoCMT/data/phase2/tupac/corpus/raw/reggie-wright-jr-full-testimony-in-tupac-murder-trial/reggie-wright-jr-full-testimony-in-tupac-murder-trial_lOcZ_IJbM3I.wav | /Users/rajeshpmu/Desktop/LegalMemoCMT/data/phase2/tupac/corpus/raw/reggie-wright-jr-full-testimony-in-tupac-murder-trial/reggie-wright-jr-full-testimony-in-tupac-murder-trial_lOcZ_IJbM3I.wav | /Users/rajeshpmu/Desktop/LegalMemoCMT/data/phase2/tupac/corpus/raw/reggie-wright-jr-full-testimony-in-tupac-murder-trial/reggie-wright-jr-full-testimony-in-tupac-murder-trial_lOcZ_IJbM3I.wav,/Users/rajeshpmu/Desktop/LegalMemoCMT/data/phase2/tupac/corpus/raw/reggie-wright-jr-full-testimony-in-tupac-murder-trial/reggie-wright-jr-full-testimony-in-tupac-murder-trial_lOcZ_IJbM3I.mp4 | /Users/rajeshpmu/Desktop/LegalMemoCMT/data/phase2/tupac/corpus/raw/reggie-wright-jr-full-testimony-in-tupac-murder-trial/reggie-wright-jr-full-testimony-in-tupac-murder-trial_lOcZ_IJbM3I.mp4 | /Users/rajeshpmu/Desktop/LegalMemoCMT/data/phase2/tupac/corpus/raw/reggie-wright-jr-full-testimony-in-tupac-murder-trial/reggie-wright-jr-full-testimony-in-tupac-murder-trial_lOcZ_IJbM3I.mp4,I'll have him take his legal name like || Um || You want to do it on the on your,,,,,,,
lOcZ_IJbM3I,SPEAKER_02,299,3,lOcZ_IJbM3I_turn08413 | lOcZ_IJbM3I_turn08414 | lOcZ_IJbM3I_turn08415,/Users/rajeshpmu/Desktop/LegalMemoCMT/data/phase2/tupac/corpus/raw/reggie-wright-jr-full-testimony-in-tupac-murder-trial/reggie-wright-jr-full-testimony-in-tupac-murder-trial_lOcZ_IJbM3I.wav | /Users/rajeshpmu/Desktop/LegalMemoCMT/data/phase2/tupac/corpus/raw/reggie-wright-jr-full-testimony-in-tupac-murder-trial/reggie-wright-jr-full-testimony-in-tupac-murder-trial_lOcZ_IJbM3I.wav | /Users/rajeshpmu/Desktop/LegalMemoCMT/data/phase2/tupac/corpus/raw/reggie-wright-jr-full-testimony-in-tupac-murder-trial/reggie-wright-jr-full-testimony-in-tupac-murder-trial_lOcZ_IJbM3I.wav,/Users/rajeshpmu/Desktop/LegalMemoCMT/data/phase2/tupac/corpus/raw/reggie-wright-jr-full-testimony-in-tupac-murder-trial/reggie-wright-jr-full-testimony-in-tupac-murder-trial_lOcZ_IJbM3I.mp4 | /Users/rajeshpmu/Desktop/LegalMemoCMT/data/phase2/tupac/corpus/raw/reggie-wright-jr-full-testimony-in-tupac-murder-trial/reggie-wright-jr-full-testimony-in-tupac-murder-trial_lOcZ_IJbM3I.mp4 | /Users/rajeshpmu/Desktop/LegalMemoCMT/data/phase2/tupac/corpus/raw/reggie-wright-jr-full-testimony-in-tupac-murder-trial/reggie-wright-jr-full-testimony-in-tupac-murder-trial_lOcZ_IJbM3I.mp4,"Good afternoon, sir. || Do you mind if I call you Reggie? || Yeah, of course.",,,,,,,
lOcZ_IJbM3I,SPEAKER_03,1,1,lOcZ_IJbM3I_turn09129,/Users/rajeshpmu/Desktop/LegalMemoCMT/data/phase2/tupac/corpus/raw/reggie-wright-jr-full-testimony-in-tupac-murder-trial/reggie-wright-jr-full-testimony-in-tupac-murder-trial_lOcZ_IJbM3I.wav,/Users/rajeshpmu/Desktop/LegalMemoCMT/data/phase2/tupac/corpus/raw/reggie-wright-jr-full-testimony-in-tupac-murder-trial/reggie-wright-jr-full-testimony-in-tupac-murder-trial_lOcZ_IJbM3I.mp4,[laughter],,,,,,,
lOcZ_IJbM3I,SPEAKER_04,3,3,lOcZ_IJbM3I_turn08741 | lOcZ_IJbM3I_turn08748 | lOcZ_IJbM3I_turn08790,/Users/rajeshpmu/Desktop/LegalMemoCMT/data/phase2/tupac/corpus/raw/reggie-wright-jr-full-testimony-in-tupac-murder-trial/reggie-wright-jr-full-testimony-in-tupac-murder-trial_lOcZ_IJbM3I.wav | /Users/rajeshpmu/Desktop/LegalMemoCMT/data/phase2/tupac/corpus/raw/reggie-wright-jr-full-testimony-in-tupac-murder-trial/reggie-wright-jr-full-testimony-in-tupac-murder-trial_lOcZ_IJbM3I.wav | /Users/rajeshpmu/Desktop/LegalMemoCMT/data/phase2/tupac/corpus/raw/reggie-wright-jr-full-testimony-in-tupac-murder-trial/reggie-wright-jr-full-testimony-in-tupac-murder-trial_lOcZ_IJbM3I.wav,/Users/rajeshpmu/Desktop/LegalMemoCMT/data/phase2/tupac/corpus/raw/reggie-wright-jr-full-testimony-in-tupac-murder-trial/reggie-wright-jr-full-testimony-in-tupac-murder-trial_lOcZ_IJbM3I.mp4 | /Users/rajeshpmu/Desktop/LegalMemoCMT/data/phase2/tupac/corpus/raw/reggie-wright-jr-full-testimony-in-tupac-murder-trial/reggie-wright-jr-full-testimony-in-tupac-murder-trial_lOcZ_IJbM3I.mp4 | /Users/rajeshpmu/Desktop/LegalMemoCMT/data/phase2/tupac/corpus/raw/reggie-wright-jr-full-testimony-in-tupac-murder-trial/reggie-wright-jr-full-testimony-in-tupac-murder-trial_lOcZ_IJbM3I.mp4,Absolutely not. || Can you get the computer up to him? || [laughter],,,,,,,
lOcZ_IJbM3I,SPEAKER_05,246,3,lOcZ_IJbM3I_turn08892 | lOcZ_IJbM3I_turn08894 | lOcZ_IJbM3I_turn08896,/Users/rajeshpmu/Desktop/LegalMemoCMT/data/phase2/tupac/corpus/raw/reggie-wright-jr-full-testimony-in-tupac-murder-trial/reggie-wright-jr-full-testimony-in-tupac-murder-trial_lOcZ_IJbM3I.wav | /Users/rajeshpmu/Desktop/LegalMemoCMT/data/phase2/tupac/corpus/raw/reggie-wright-jr-full-testimony-in-tupac-murder-trial/reggie-wright-jr-full-testimony-in-tupac-murder-trial_lOcZ_IJbM3I.wav | /Users/rajeshpmu/Desktop/LegalMemoCMT/data/phase2/tupac/corpus/raw/reggie-wright-jr-full-testimony-in-tupac-murder-trial/reggie-wright-jr-full-testimony-in-tupac-murder-trial_lOcZ_IJbM3I.wav,/Users/rajeshpmu/Desktop/LegalMemoCMT/data/phase2/tupac/corpus/raw/reggie-wright-jr-full-testimony-in-tupac-murder-trial/reggie-wright-jr-full-testimony-in-tupac-murder-trial_lOcZ_IJbM3I.mp4 | /Users/rajeshpmu/Desktop/LegalMemoCMT/data/phase2/tupac/corpus/raw/reggie-wright-jr-full-testimony-in-tupac-murder-trial/reggie-wright-jr-full-testimony-in-tupac-murder-trial_lOcZ_IJbM3I.mp4 | /Users/rajeshpmu/Desktop/LegalMemoCMT/data/phase2/tupac/corpus/raw/reggie-wright-jr-full-testimony-in-tupac-murder-trial/reggie-wright-jr-full-testimony-in-tupac-murder-trial_lOcZ_IJbM3I.mp4,Thank you. || You have a || Uh I'm I'm sure you probably,,,,,,,
lOcZ_IJbM3I,SPEAKER_06,3,3,lOcZ_IJbM3I_turn09194 | lOcZ_IJbM3I_turn09195 | lOcZ_IJbM3I_turn09282,/Users/rajeshpmu/Desktop/LegalMemoCMT/data/phase2/tupac/corpus/raw/reggie-wright-jr-full-testimony-in-tupac-murder-trial/reggie-wright-jr-full-testimony-in-tupac-murder-trial_lOcZ_IJbM3I.wav | /Users/rajeshpmu/Desktop/LegalMemoCMT/data/phase2/tupac/corpus/raw/reggie-wright-jr-full-testimony-in-tupac-murder-trial/reggie-wright-jr-full-testimony-in-tupac-murder-trial_lOcZ_IJbM3I.wav | /Users/rajeshpmu/Desktop/LegalMemoCMT/data/phase2/tupac/corpus/raw/reggie-wright-jr-full-testimony-in-tupac-murder-trial/reggie-wright-jr-full-testimony-in-tupac-murder-trial_lOcZ_IJbM3I.wav,/Users/rajeshpmu/Desktop/LegalMemoCMT/data/phase2/tupac/corpus/raw/reggie-wright-jr-full-testimony-in-tupac-murder-trial/reggie-wright-jr-full-testimony-in-tupac-murder-trial_lOcZ_IJbM3I.mp4 | /Users/rajeshpmu/Desktop/LegalMemoCMT/data/phase2/tupac/corpus/raw/reggie-wright-jr-full-testimony-in-tupac-murder-trial/reggie-wright-jr-full-testimony-in-tupac-murder-trial_lOcZ_IJbM3I.mp4 | /Users/rajeshpmu/Desktop/LegalMemoCMT/data/phase2/tupac/corpus/raw/reggie-wright-jr-full-testimony-in-tupac-murder-trial/reggie-wright-jr-full-testimony-in-tupac-murder-trial_lOcZ_IJbM3I.mp4,"Let me let me just do this as a || So, it's sustained. So, I || I do.",,,,,,,
lOcZ_IJbM3I,SPEAKER_07,6,3,lOcZ_IJbM3I_turn08815 | lOcZ_IJbM3I_turn08834 | lOcZ_IJbM3I_turn08835,/Users/rajeshpmu/Desktop/LegalMemoCMT/data/phase2/tupac/corpus/raw/reggie-wright-jr-full-testimony-in-tupac-murder-trial/reggie-wright-jr-full-testimony-in-tupac-murder-trial_lOcZ_IJbM3I.wav | /Users/rajeshpmu/Desktop/LegalMemoCMT/data/phase2/tupac/corpus/raw/reggie-wright-jr-full-testimony-in-tupac-murder-trial/reggie-wright-jr-full-testimony-in-tupac-murder-trial_lOcZ_IJbM3I.wav | /Users/rajeshpmu/Desktop/LegalMemoCMT/data/phase2/tupac/corpus/raw/reggie-wright-jr-full-testimony-in-tupac-murder-trial/reggie-wright-jr-full-testimony-in-tupac-murder-trial_lOcZ_IJbM3I.wav,/Users/rajeshpmu/Desktop/LegalMemoCMT/data/phase2/tupac/corpus/raw/reggie-wright-jr-full-testimony-in-tupac-murder-trial/reggie-wright-jr-full-testimony-in-tupac-murder-trial_lOcZ_IJbM3I.mp4 | /Users/rajeshpmu/Desktop/LegalMemoCMT/data/phase2/tupac/corpus/raw/reggie-wright-jr-full-testimony-in-tupac-murder-trial/reggie-wright-jr-full-testimony-in-tupac-murder-trial_lOcZ_IJbM3I.mp4 | /Users/rajeshpmu/Desktop/LegalMemoCMT/data/phase2/tupac/corpus/raw/reggie-wright-jr-full-testimony-in-tupac-murder-trial/reggie-wright-jr-full-testimony-in-tupac-murder-trial_lOcZ_IJbM3I.mp4,No objection. || We're on the record in State of the jury || The parties stipulated to the presence,,,,,,,
lOcZ_IJbM3I,SPEAKER_08,41,3,lOcZ_IJbM3I_turn08406 | lOcZ_IJbM3I_turn08412 | lOcZ_IJbM3I_turn08661,/Users/rajeshpmu/Desktop/LegalMemoCMT/data/phase2/tupac/corpus/raw/reggie-wright-jr-full-testimony-in-tupac-murder-trial/reggie-wright-jr-full-testimony-in-tupac-murder-trial_lOcZ_IJbM3I.wav | /Users/rajeshpmu/Desktop/LegalMemoCMT/data/phase2/tupac/corpus/raw/reggie-wright-jr-full-testimony-in-tupac-murder-trial/reggie-wright-jr-full-testimony-in-tupac-murder-trial_lOcZ_IJbM3I.wav | /Users/rajeshpmu/Desktop/LegalMemoCMT/data/phase2/tupac/corpus/raw/reggie-wright-jr-full-testimony-in-tupac-murder-trial/reggie-wright-jr-full-testimony-in-tupac-murder-trial_lOcZ_IJbM3I.wav,/Users/rajeshpmu/Desktop/LegalMemoCMT/data/phase2/tupac/corpus/raw/reggie-wright-jr-full-testimony-in-tupac-murder-trial/reggie-wright-jr-full-testimony-in-tupac-murder-trial_lOcZ_IJbM3I.mp4 | /Users/rajeshpmu/Desktop/LegalMemoCMT/data/phase2/tupac/corpus/raw/reggie-wright-jr-full-testimony-in-tupac-murder-trial/reggie-wright-jr-full-testimony-in-tupac-murder-trial_lOcZ_IJbM3I.mp4 | /Users/rajeshpmu/Desktop/LegalMemoCMT/data/phase2/tupac/corpus/raw/reggie-wright-jr-full-testimony-in-tupac-murder-trial/reggie-wright-jr-full-testimony-in-tupac-murder-trial_lOcZ_IJbM3I.mp4,"Okay, perfect. Got it. All right, we'll || Thank you, sir. Whenever you're ready, || I'm just saying that that's the problem",,,,,,,
lOcZ_IJbM3I,SPEAKER_09,5,3,lOcZ_IJbM3I_turn08789 | lOcZ_IJbM3I_turn08791 | lOcZ_IJbM3I_turn08792,/Users/rajeshpmu/Desktop/LegalMemoCMT/data/phase2/tupac/corpus/raw/reggie-wright-jr-full-testimony-in-tupac-murder-trial/reggie-wright-jr-full-testimony-in-tupac-murder-trial_lOcZ_IJbM3I.wav | /Users/rajeshpmu/Desktop/LegalMemoCMT/data/phase2/tupac/corpus/raw/reggie-wright-jr-full-testimony-in-tupac-murder-trial/reggie-wright-jr-full-testimony-in-tupac-murder-trial_lOcZ_IJbM3I.wav | /Users/rajeshpmu/Desktop/LegalMemoCMT/data/phase2/tupac/corpus/raw/reggie-wright-jr-full-testimony-in-tupac-murder-trial/reggie-wright-jr-full-testimony-in-tupac-murder-trial_lOcZ_IJbM3I.wav,/Users/rajeshpmu/Desktop/LegalMemoCMT/data/phase2/tupac/corpus/raw/reggie-wright-jr-full-testimony-in-tupac-murder-trial/reggie-wright-jr-full-testimony-in-tupac-murder-trial_lOcZ_IJbM3I.mp4 | /Users/rajeshpmu/Desktop/LegalMemoCMT/data/phase2/tupac/corpus/raw/reggie-wright-jr-full-testimony-in-tupac-murder-trial/reggie-wright-jr-full-testimony-in-tupac-murder-trial_lOcZ_IJbM3I.mp4 | /Users/rajeshpmu/Desktop/LegalMemoCMT/data/phase2/tupac/corpus/raw/reggie-wright-jr-full-testimony-in-tupac-murder-trial/reggie-wright-jr-full-testimony-in-tupac-murder-trial_lOcZ_IJbM3I.mp4,"See it, but || That's it. That's a different one. Mr. Shakur Mr. Knight battery Mr. Wheel I don't see Mr. I don't see Frank yet. Okay, they don't Mr. Alexander is the one with no sleeve on his shirt. He's leaving the back now. || Do you see Trayvon Lane?",,,,,,,
lOcZ_IJbM3I,SPEAKER_10,255,3,lOcZ_IJbM3I_turn08411 | lOcZ_IJbM3I_turn08416 | lOcZ_IJbM3I_turn08417,/Users/rajeshpmu/Desktop/LegalMemoCMT/data/phase2/tupac/corpus/raw/reggie-wright-jr-full-testimony-in-tupac-murder-trial/reggie-wright-jr-full-testimony-in-tupac-murder-trial_lOcZ_IJbM3I.wav | /Users/rajeshpmu/Desktop/LegalMemoCMT/data/phase2/tupac/corpus/raw/reggie-wright-jr-full-testimony-in-tupac-murder-trial/reggie-wright-jr-full-testimony-in-tupac-murder-trial_lOcZ_IJbM3I.wav | /Users/rajeshpmu/Desktop/LegalMemoCMT/data/phase2/tupac/corpus/raw/reggie-wright-jr-full-testimony-in-tupac-murder-trial/reggie-wright-jr-full-testimony-in-tupac-murder-trial_lOcZ_IJbM3I.wav,/Users/rajeshpmu/Desktop/LegalMemoCMT/data/phase2/tupac/corpus/raw/reggie-wright-jr-full-testimony-in-tupac-murder-trial/reggie-wright-jr-full-testimony-in-tupac-murder-trial_lOcZ_IJbM3I.mp4 | /Users/rajeshpmu/Desktop/LegalMemoCMT/data/phase2/tupac/corpus/raw/reggie-wright-jr-full-testimony-in-tupac-murder-trial/reggie-wright-jr-full-testimony-in-tupac-murder-trial_lOcZ_IJbM3I.mp4 | /Users/rajeshpmu/Desktop/LegalMemoCMT/data/phase2/tupac/corpus/raw/reggie-wright-jr-full-testimony-in-tupac-murder-trial/reggie-wright-jr-full-testimony-in-tupac-murder-trial_lOcZ_IJbM3I.mp4,"Reginald Lilburn || Okay. Uh || I grew up in the city of Compton,",,,,,,,
lOcZ_IJbM3I,SPEAKER_11,10,3,lOcZ_IJbM3I_turn08652 | lOcZ_IJbM3I_turn08658 | lOcZ_IJbM3I_turn08659,/Users/rajeshpmu/Desktop/LegalMemoCMT/data/phase2/tupac/corpus/raw/reggie-wright-jr-full-testimony-in-tupac-murder-trial/reggie-wright-jr-full-testimony-in-tupac-murder-trial_lOcZ_IJbM3I.wav | /Users/rajeshpmu/Desktop/LegalMemoCMT/data/phase2/tupac/corpus/raw/reggie-wright-jr-full-testimony-in-tupac-murder-trial/reggie-wright-jr-full-testimony-in-tupac-murder-trial_lOcZ_IJbM3I.wav | /Users/rajeshpmu/Desktop/LegalMemoCMT/data/phase2/tupac/corpus/raw/reggie-wright-jr-full-testimony-in-tupac-murder-trial/reggie-wright-jr-full-testimony-in-tupac-murder-trial_lOcZ_IJbM3I.wav,/Users/rajeshpmu/Desktop/LegalMemoCMT/data/phase2/tupac/corpus/raw/reggie-wright-jr-full-testimony-in-tupac-murder-trial/reggie-wright-jr-full-testimony-in-tupac-murder-trial_lOcZ_IJbM3I.mp4 | /Users/rajeshpmu/Desktop/LegalMemoCMT/data/phase2/tupac/corpus/raw/reggie-wright-jr-full-testimony-in-tupac-murder-trial/reggie-wright-jr-full-testimony-in-tupac-murder-trial_lOcZ_IJbM3I.mp4 | /Users/rajeshpmu/Desktop/LegalMemoCMT/data/phase2/tupac/corpus/raw/reggie-wright-jr-full-testimony-in-tupac-murder-trial/reggie-wright-jr-full-testimony-in-tupac-murder-trial_lOcZ_IJbM3I.mp4,Okay. || I got you. Which button are you on? Not a published button. || Okay.,,,,,,,
lOcZ_IJbM3I,UNKNOWN,29,3,lOcZ_IJbM3I_turn08407 | lOcZ_IJbM3I_turn08531 | lOcZ_IJbM3I_turn08722,/Users/rajeshpmu/Desktop/LegalMemoCMT/data/phase2/tupac/corpus/raw/reggie-wright-jr-full-testimony-in-tupac-murder-trial/reggie-wright-jr-full-testimony-in-tupac-murder-trial_lOcZ_IJbM3I.wav | /Users/rajeshpmu/Desktop/LegalMemoCMT/data/phase2/tupac/corpus/raw/reggie-wright-jr-full-testimony-in-tupac-murder-trial/reggie-wright-jr-full-testimony-in-tupac-murder-trial_lOcZ_IJbM3I.wav | /Users/rajeshpmu/Desktop/LegalMemoCMT/data/phase2/tupac/corpus/raw/reggie-wright-jr-full-testimony-in-tupac-murder-trial/reggie-wright-jr-full-testimony-in-tupac-murder-trial_lOcZ_IJbM3I.wav,/Users/rajeshpmu/Desktop/LegalMemoCMT/data/phase2/tupac/corpus/raw/reggie-wright-jr-full-testimony-in-tupac-murder-trial/reggie-wright-jr-full-testimony-in-tupac-murder-trial_lOcZ_IJbM3I.mp4 | /Users/rajeshpmu/Desktop/LegalMemoCMT/data/phase2/tupac/corpus/raw/reggie-wright-jr-full-testimony-in-tupac-murder-trial/reggie-wright-jr-full-testimony-in-tupac-murder-trial_lOcZ_IJbM3I.mp4 | /Users/rajeshpmu/Desktop/LegalMemoCMT/data/phase2/tupac/corpus/raw/reggie-wright-jr-full-testimony-in-tupac-murder-trial/reggie-wright-jr-full-testimony-in-tupac-murder-trial_lOcZ_IJbM3I.mp4,"Raise your right hand. || Um || Yes, sir.",,,,,,,
nEzTBJWiyqM,SPEAKER_00,11,3,nEzTBJWiyqM_turn09310 | nEzTBJWiyqM_turn09311 | nEzTBJWiyqM_turn09455,/Users/rajeshpmu/Desktop/LegalMemoCMT/data/phase2/tupac/corpus/raw/tupac-murder-trial-doctor-reveals-details-from-tupac-shakur-s-1996-aut/tupac-murder-trial-doctor-reveals-details-from-tupac-shakur-s-1996-aut_nEzTBJWiyqM.wav | /Users/rajeshpmu/Desktop/LegalMemoCMT/data/phase2/tupac/corpus/raw/tupac-murder-trial-doctor-reveals-details-from-tupac-shakur-s-1996-aut/tupac-murder-trial-doctor-reveals-details-from-tupac-shakur-s-1996-aut_nEzTBJWiyqM.wav | /Users/rajeshpmu/Desktop/LegalMemoCMT/data/phase2/tupac/corpus/raw/tupac-murder-trial-doctor-reveals-details-from-tupac-shakur-s-1996-aut/tupac-murder-trial-doctor-reveals-details-from-tupac-shakur-s-1996-aut_nEzTBJWiyqM.wav,/Users/rajeshpmu/Desktop/LegalMemoCMT/data/phase2/tupac/corpus/raw/tupac-murder-trial-doctor-reveals-details-from-tupac-shakur-s-1996-aut/tupac-murder-trial-doctor-reveals-details-from-tupac-shakur-s-1996-aut_nEzTBJWiyqM.mp4 | /Users/rajeshpmu/Desktop/LegalMemoCMT/data/phase2/tupac/corpus/raw/tupac-murder-trial-doctor-reveals-details-from-tupac-shakur-s-1996-aut/tupac-murder-trial-doctor-reveals-details-from-tupac-shakur-s-1996-aut_nEzTBJWiyqM.mp4 | /Users/rajeshpmu/Desktop/LegalMemoCMT/data/phase2/tupac/corpus/raw/tupac-murder-trial-doctor-reveals-details-from-tupac-shakur-s-1996-aut/tupac-murder-trial-doctor-reveals-details-from-tupac-shakur-s-1996-aut_nEzTBJWiyqM.mp4,"I do. || You may be seated. May I please have you state and spell your first and last name for the record? || Any redirect, Mr. Shakur Shakur?",,,,,,,
nEzTBJWiyqM,SPEAKER_01,32,3,nEzTBJWiyqM_turn09396 | nEzTBJWiyqM_turn09419 | nEzTBJWiyqM_turn09420,/Users/rajeshpmu/Desktop/LegalMemoCMT/data/phase2/tupac/corpus/raw/tupac-murder-trial-doctor-reveals-details-from-tupac-shakur-s-1996-aut/tupac-murder-trial-doctor-reveals-details-from-tupac-shakur-s-1996-aut_nEzTBJWiyqM.wav | /Users/rajeshpmu/Desktop/LegalMemoCMT/data/phase2/tupac/corpus/raw/tupac-murder-trial-doctor-reveals-details-from-tupac-shakur-s-1996-aut/tupac-murder-trial-doctor-reveals-details-from-tupac-shakur-s-1996-aut_nEzTBJWiyqM.wav | /Users/rajeshpmu/Desktop/LegalMemoCMT/data/phase2/tupac/corpus/raw/tupac-murder-trial-doctor-reveals-details-from-tupac-shakur-s-1996-aut/tupac-murder-trial-doctor-reveals-details-from-tupac-shakur-s-1996-aut_nEzTBJWiyqM.wav,/Users/rajeshpmu/Desktop/LegalMemoCMT/data/phase2/tupac/corpus/raw/tupac-murder-trial-doctor-reveals-details-from-tupac-shakur-s-1996-aut/tupac-murder-trial-doctor-reveals-details-from-tupac-shakur-s-1996-aut_nEzTBJWiyqM.mp4 | /Users/rajeshpmu/Desktop/LegalMemoCMT/data/phase2/tupac/corpus/raw/tupac-murder-trial-doctor-reveals-details-from-tupac-shakur-s-1996-aut/tupac-murder-trial-doctor-reveals-details-from-tupac-shakur-s-1996-aut_nEzTBJWiyqM.mp4 | /Users/rajeshpmu/Desktop/LegalMemoCMT/data/phase2/tupac/corpus/raw/tupac-murder-trial-doctor-reveals-details-from-tupac-shakur-s-1996-aut/tupac-murder-trial-doctor-reveals-details-from-tupac-shakur-s-1996-aut_nEzTBJWiyqM.mp4,"You got to just for the record what || Cross-examination, Mr. Sand. || Yes, sir. Thank you.",,,,,,,
nEzTBJWiyqM,SPEAKER_02,58,3,nEzTBJWiyqM_turn09312 | nEzTBJWiyqM_turn09313 | nEzTBJWiyqM_turn09314,/Users/rajeshpmu/Desktop/LegalMemoCMT/data/phase2/tupac/corpus/raw/tupac-murder-trial-doctor-reveals-details-from-tupac-shakur-s-1996-aut/tupac-murder-trial-doctor-reveals-details-from-tupac-shakur-s-1996-aut_nEzTBJWiyqM.wav | /Users/rajeshpmu/Desktop/LegalMemoCMT/data/phase2/tupac/corpus/raw/tupac-murder-trial-doctor-reveals-details-from-tupac-shakur-s-1996-aut/tupac-murder-trial-doctor-reveals-details-from-tupac-shakur-s-1996-aut_nEzTBJWiyqM.wav | /Users/rajeshpmu/Desktop/LegalMemoCMT/data/phase2/tupac/corpus/raw/tupac-murder-trial-doctor-reveals-details-from-tupac-shakur-s-1996-aut/tupac-murder-trial-doctor-reveals-details-from-tupac-shakur-s-1996-aut_nEzTBJWiyqM.wav,/Users/rajeshpmu/Desktop/LegalMemoCMT/data/phase2/tupac/corpus/raw/tupac-murder-trial-doctor-reveals-details-from-tupac-shakur-s-1996-aut/tupac-murder-trial-doctor-reveals-details-from-tupac-shakur-s-1996-aut_nEzTBJWiyqM.mp4 | /Users/rajeshpmu/Desktop/LegalMemoCMT/data/phase2/tupac/corpus/raw/tupac-murder-trial-doctor-reveals-details-from-tupac-shakur-s-1996-aut/tupac-murder-trial-doctor-reveals-details-from-tupac-shakur-s-1996-aut_nEzTBJWiyqM.mp4 | /Users/rajeshpmu/Desktop/LegalMemoCMT/data/phase2/tupac/corpus/raw/tupac-murder-trial-doctor-reveals-details-from-tupac-shakur-s-1996-aut/tupac-murder-trial-doctor-reveals-details-from-tupac-shakur-s-1996-aut_nEzTBJWiyqM.mp4,"Good morning. I'm Dr. Lisa Gavin, L I S || Thank you, Dr. Gavin. Mr. DiGiacomo, you || Dr. How are you employed?",,,,,,,
nEzTBJWiyqM,SPEAKER_03,74,3,nEzTBJWiyqM_turn09316 | nEzTBJWiyqM_turn09318 | nEzTBJWiyqM_turn09319,/Users/rajeshpmu/Desktop/LegalMemoCMT/data/phase2/tupac/corpus/raw/tupac-murder-trial-doctor-reveals-details-from-tupac-shakur-s-1996-aut/tupac-murder-trial-doctor-reveals-details-from-tupac-shakur-s-1996-aut_nEzTBJWiyqM.wav | /Users/rajeshpmu/Desktop/LegalMemoCMT/data/phase2/tupac/corpus/raw/tupac-murder-trial-doctor-reveals-details-from-tupac-shakur-s-1996-aut/tupac-murder-trial-doctor-reveals-details-from-tupac-shakur-s-1996-aut_nEzTBJWiyqM.wav | /Users/rajeshpmu/Desktop/LegalMemoCMT/data/phase2/tupac/corpus/raw/tupac-murder-trial-doctor-reveals-details-from-tupac-shakur-s-1996-aut/tupac-murder-trial-doctor-reveals-details-from-tupac-shakur-s-1996-aut_nEzTBJWiyqM.wav,/Users/rajeshpmu/Desktop/LegalMemoCMT/data/phase2/tupac/corpus/raw/tupac-murder-trial-doctor-reveals-details-from-tupac-shakur-s-1996-aut/tupac-murder-trial-doctor-reveals-details-from-tupac-shakur-s-1996-aut_nEzTBJWiyqM.mp4 | /Users/rajeshpmu/Desktop/LegalMemoCMT/data/phase2/tupac/corpus/raw/tupac-murder-trial-doctor-reveals-details-from-tupac-shakur-s-1996-aut/tupac-murder-trial-doctor-reveals-details-from-tupac-shakur-s-1996-aut_nEzTBJWiyqM.mp4 | /Users/rajeshpmu/Desktop/LegalMemoCMT/data/phase2/tupac/corpus/raw/tupac-murder-trial-doctor-reveals-details-from-tupac-shakur-s-1996-aut/tupac-murder-trial-doctor-reveals-details-from-tupac-shakur-s-1996-aut_nEzTBJWiyqM.mp4,What does that mean you do with the || And in order to hold the position that || Yes.,,,,,,,
nEzTBJWiyqM,UNKNOWN,4,3,nEzTBJWiyqM_turn09341 | nEzTBJWiyqM_turn09398 | nEzTBJWiyqM_turn09433,/Users/rajeshpmu/Desktop/LegalMemoCMT/data/phase2/tupac/corpus/raw/tupac-murder-trial-doctor-reveals-details-from-tupac-shakur-s-1996-aut/tupac-murder-trial-doctor-reveals-details-from-tupac-shakur-s-1996-aut_nEzTBJWiyqM.wav | /Users/rajeshpmu/Desktop/LegalMemoCMT/data/phase2/tupac/corpus/raw/tupac-murder-trial-doctor-reveals-details-from-tupac-shakur-s-1996-aut/tupac-murder-trial-doctor-reveals-details-from-tupac-shakur-s-1996-aut_nEzTBJWiyqM.wav | /Users/rajeshpmu/Desktop/LegalMemoCMT/data/phase2/tupac/corpus/raw/tupac-murder-trial-doctor-reveals-details-from-tupac-shakur-s-1996-aut/tupac-murder-trial-doctor-reveals-details-from-tupac-shakur-s-1996-aut_nEzTBJWiyqM.wav,/Users/rajeshpmu/Desktop/LegalMemoCMT/data/phase2/tupac/corpus/raw/tupac-murder-trial-doctor-reveals-details-from-tupac-shakur-s-1996-aut/tupac-murder-trial-doctor-reveals-details-from-tupac-shakur-s-1996-aut_nEzTBJWiyqM.mp4 | /Users/rajeshpmu/Desktop/LegalMemoCMT/data/phase2/tupac/corpus/raw/tupac-murder-trial-doctor-reveals-details-from-tupac-shakur-s-1996-aut/tupac-murder-trial-doctor-reveals-details-from-tupac-shakur-s-1996-aut_nEzTBJWiyqM.mp4 | /Users/rajeshpmu/Desktop/LegalMemoCMT/data/phase2/tupac/corpus/raw/tupac-murder-trial-doctor-reveals-details-from-tupac-shakur-s-1996-aut/tupac-murder-trial-doctor-reveals-details-from-tupac-shakur-s-1996-aut_nEzTBJWiyqM.mp4,Yes. || 56 || That's correct.,,,,,,,
pvNr1jnlRpc,SPEAKER_00,2,2,pvNr1jnlRpc_turn09810 | pvNr1jnlRpc_turn09811,/Users/rajeshpmu/Desktop/LegalMemoCMT/data/phase2/tupac/corpus/raw/tupac-murder-trial-mob-james-reveals-death-row-secrets-in-explosive-te/tupac-murder-trial-mob-james-reveals-death-row-secrets-in-explosive-te_pvNr1jnlRpc.wav | /Users/rajeshpmu/Desktop/LegalMemoCMT/data/phase2/tupac/corpus/raw/tupac-murder-trial-mob-james-reveals-death-row-secrets-in-explosive-te/tupac-murder-trial-mob-james-reveals-death-row-secrets-in-explosive-te_pvNr1jnlRpc.wav,/Users/rajeshpmu/Desktop/LegalMemoCMT/data/phase2/tupac/corpus/raw/tupac-murder-trial-mob-james-reveals-death-row-secrets-in-explosive-te/tupac-murder-trial-mob-james-reveals-death-row-secrets-in-explosive-te_pvNr1jnlRpc.mp4 | /Users/rajeshpmu/Desktop/LegalMemoCMT/data/phase2/tupac/corpus/raw/tupac-murder-trial-mob-james-reveals-death-row-secrets-in-explosive-te/tupac-murder-trial-mob-james-reveals-death-row-secrets-in-explosive-te_pvNr1jnlRpc.mp4,"Every morning the countdown begins for || For more news and updates, all you need",,,,,,,
pvNr1jnlRpc,SPEAKER_01,116,3,pvNr1jnlRpc_turn09500 | pvNr1jnlRpc_turn09501 | pvNr1jnlRpc_turn09519,/Users/rajeshpmu/Desktop/LegalMemoCMT/data/phase2/tupac/corpus/raw/tupac-murder-trial-mob-james-reveals-death-row-secrets-in-explosive-te/tupac-murder-trial-mob-james-reveals-death-row-secrets-in-explosive-te_pvNr1jnlRpc.wav | /Users/rajeshpmu/Desktop/LegalMemoCMT/data/phase2/tupac/corpus/raw/tupac-murder-trial-mob-james-reveals-death-row-secrets-in-explosive-te/tupac-murder-trial-mob-james-reveals-death-row-secrets-in-explosive-te_pvNr1jnlRpc.wav | /Users/rajeshpmu/Desktop/LegalMemoCMT/data/phase2/tupac/corpus/raw/tupac-murder-trial-mob-james-reveals-death-row-secrets-in-explosive-te/tupac-murder-trial-mob-james-reveals-death-row-secrets-in-explosive-te_pvNr1jnlRpc.wav,/Users/rajeshpmu/Desktop/LegalMemoCMT/data/phase2/tupac/corpus/raw/tupac-murder-trial-mob-james-reveals-death-row-secrets-in-explosive-te/tupac-murder-trial-mob-james-reveals-death-row-secrets-in-explosive-te_pvNr1jnlRpc.mp4 | /Users/rajeshpmu/Desktop/LegalMemoCMT/data/phase2/tupac/corpus/raw/tupac-murder-trial-mob-james-reveals-death-row-secrets-in-explosive-te/tupac-murder-trial-mob-james-reveals-death-row-secrets-in-explosive-te_pvNr1jnlRpc.mp4 | /Users/rajeshpmu/Desktop/LegalMemoCMT/data/phase2/tupac/corpus/raw/tupac-murder-trial-mob-james-reveals-death-row-secrets-in-explosive-te/tupac-murder-trial-mob-james-reveals-death-row-secrets-in-explosive-te_pvNr1jnlRpc.mp4,"Uh did the number 662 mean anything? || Well, to the new guys || No?",,,,,,,
pvNr1jnlRpc,SPEAKER_02,13,3,pvNr1jnlRpc_turn09489 | pvNr1jnlRpc_turn09644 | pvNr1jnlRpc_turn09789,/Users/rajeshpmu/Desktop/LegalMemoCMT/data/phase2/tupac/corpus/raw/tupac-murder-trial-mob-james-reveals-death-row-secrets-in-explosive-te/tupac-murder-trial-mob-james-reveals-death-row-secrets-in-explosive-te_pvNr1jnlRpc.wav | /Users/rajeshpmu/Desktop/LegalMemoCMT/data/phase2/tupac/corpus/raw/tupac-murder-trial-mob-james-reveals-death-row-secrets-in-explosive-te/tupac-murder-trial-mob-james-reveals-death-row-secrets-in-explosive-te_pvNr1jnlRpc.wav | /Users/rajeshpmu/Desktop/LegalMemoCMT/data/phase2/tupac/corpus/raw/tupac-murder-trial-mob-james-reveals-death-row-secrets-in-explosive-te/tupac-murder-trial-mob-james-reveals-death-row-secrets-in-explosive-te_pvNr1jnlRpc.wav,/Users/rajeshpmu/Desktop/LegalMemoCMT/data/phase2/tupac/corpus/raw/tupac-murder-trial-mob-james-reveals-death-row-secrets-in-explosive-te/tupac-murder-trial-mob-james-reveals-death-row-secrets-in-explosive-te_pvNr1jnlRpc.mp4 | /Users/rajeshpmu/Desktop/LegalMemoCMT/data/phase2/tupac/corpus/raw/tupac-murder-trial-mob-james-reveals-death-row-secrets-in-explosive-te/tupac-murder-trial-mob-james-reveals-death-row-secrets-in-explosive-te_pvNr1jnlRpc.mp4 | /Users/rajeshpmu/Desktop/LegalMemoCMT/data/phase2/tupac/corpus/raw/tupac-murder-trial-mob-james-reveals-death-row-secrets-in-explosive-te/tupac-murder-trial-mob-james-reveals-death-row-secrets-in-explosive-te_pvNr1jnlRpc.mp4,"Thank you, Mr. McDonald. Uh Mr. Powell, || Okay. || No further questions, done.",,,,,,,
pvNr1jnlRpc,SPEAKER_03,103,3,pvNr1jnlRpc_turn09490 | pvNr1jnlRpc_turn09491 | pvNr1jnlRpc_turn09492,/Users/rajeshpmu/Desktop/LegalMemoCMT/data/phase2/tupac/corpus/raw/tupac-murder-trial-mob-james-reveals-death-row-secrets-in-explosive-te/tupac-murder-trial-mob-james-reveals-death-row-secrets-in-explosive-te_pvNr1jnlRpc.wav | /Users/rajeshpmu/Desktop/LegalMemoCMT/data/phase2/tupac/corpus/raw/tupac-murder-trial-mob-james-reveals-death-row-secrets-in-explosive-te/tupac-murder-trial-mob-james-reveals-death-row-secrets-in-explosive-te_pvNr1jnlRpc.wav | /Users/rajeshpmu/Desktop/LegalMemoCMT/data/phase2/tupac/corpus/raw/tupac-murder-trial-mob-james-reveals-death-row-secrets-in-explosive-te/tupac-murder-trial-mob-james-reveals-death-row-secrets-in-explosive-te_pvNr1jnlRpc.wav,/Users/rajeshpmu/Desktop/LegalMemoCMT/data/phase2/tupac/corpus/raw/tupac-murder-trial-mob-james-reveals-death-row-secrets-in-explosive-te/tupac-murder-trial-mob-james-reveals-death-row-secrets-in-explosive-te_pvNr1jnlRpc.mp4 | /Users/rajeshpmu/Desktop/LegalMemoCMT/data/phase2/tupac/corpus/raw/tupac-murder-trial-mob-james-reveals-death-row-secrets-in-explosive-te/tupac-murder-trial-mob-james-reveals-death-row-secrets-in-explosive-te_pvNr1jnlRpc.mp4 | /Users/rajeshpmu/Desktop/LegalMemoCMT/data/phase2/tupac/corpus/raw/tupac-murder-trial-mob-james-reveals-death-row-secrets-in-explosive-te/tupac-murder-trial-mob-james-reveals-death-row-secrets-in-explosive-te_pvNr1jnlRpc.mp4,"Thank you, Your Honor. Mr. McDonald, || Right. || Um that you didn't volunteer to come or",,,,,,,
pvNr1jnlRpc,SPEAKER_04,84,3,pvNr1jnlRpc_turn09645 | pvNr1jnlRpc_turn09646 | pvNr1jnlRpc_turn09647,/Users/rajeshpmu/Desktop/LegalMemoCMT/data/phase2/tupac/corpus/raw/tupac-murder-trial-mob-james-reveals-death-row-secrets-in-explosive-te/tupac-murder-trial-mob-james-reveals-death-row-secrets-in-explosive-te_pvNr1jnlRpc.wav | /Users/rajeshpmu/Desktop/LegalMemoCMT/data/phase2/tupac/corpus/raw/tupac-murder-trial-mob-james-reveals-death-row-secrets-in-explosive-te/tupac-murder-trial-mob-james-reveals-death-row-secrets-in-explosive-te_pvNr1jnlRpc.wav | /Users/rajeshpmu/Desktop/LegalMemoCMT/data/phase2/tupac/corpus/raw/tupac-murder-trial-mob-james-reveals-death-row-secrets-in-explosive-te/tupac-murder-trial-mob-james-reveals-death-row-secrets-in-explosive-te_pvNr1jnlRpc.wav,/Users/rajeshpmu/Desktop/LegalMemoCMT/data/phase2/tupac/corpus/raw/tupac-murder-trial-mob-james-reveals-death-row-secrets-in-explosive-te/tupac-murder-trial-mob-james-reveals-death-row-secrets-in-explosive-te_pvNr1jnlRpc.mp4 | /Users/rajeshpmu/Desktop/LegalMemoCMT/data/phase2/tupac/corpus/raw/tupac-murder-trial-mob-james-reveals-death-row-secrets-in-explosive-te/tupac-murder-trial-mob-james-reveals-death-row-secrets-in-explosive-te_pvNr1jnlRpc.mp4 | /Users/rajeshpmu/Desktop/LegalMemoCMT/data/phase2/tupac/corpus/raw/tupac-murder-trial-mob-james-reveals-death-row-secrets-in-explosive-te/tupac-murder-trial-mob-james-reveals-death-row-secrets-in-explosive-te_pvNr1jnlRpc.mp4,"Sir, have you ever met me? || Excuse me? || Have you ever met me before?",,,,,,,
pvNr1jnlRpc,SPEAKER_05,1,1,pvNr1jnlRpc_turn09732,/Users/rajeshpmu/Desktop/LegalMemoCMT/data/phase2/tupac/corpus/raw/tupac-murder-trial-mob-james-reveals-death-row-secrets-in-explosive-te/tupac-murder-trial-mob-james-reveals-death-row-secrets-in-explosive-te_pvNr1jnlRpc.wav,/Users/rajeshpmu/Desktop/LegalMemoCMT/data/phase2/tupac/corpus/raw/tupac-murder-trial-mob-james-reveals-death-row-secrets-in-explosive-te/tupac-murder-trial-mob-james-reveals-death-row-secrets-in-explosive-te_pvNr1jnlRpc.mp4,I'm going to tell you this. Stop. Stop.,,,,,,,
pvNr1jnlRpc,UNKNOWN,4,3,pvNr1jnlRpc_turn09525 | pvNr1jnlRpc_turn09540 | pvNr1jnlRpc_turn09551,/Users/rajeshpmu/Desktop/LegalMemoCMT/data/phase2/tupac/corpus/raw/tupac-murder-trial-mob-james-reveals-death-row-secrets-in-explosive-te/tupac-murder-trial-mob-james-reveals-death-row-secrets-in-explosive-te_pvNr1jnlRpc.wav | /Users/rajeshpmu/Desktop/LegalMemoCMT/data/phase2/tupac/corpus/raw/tupac-murder-trial-mob-james-reveals-death-row-secrets-in-explosive-te/tupac-murder-trial-mob-james-reveals-death-row-secrets-in-explosive-te_pvNr1jnlRpc.wav | /Users/rajeshpmu/Desktop/LegalMemoCMT/data/phase2/tupac/corpus/raw/tupac-murder-trial-mob-james-reveals-death-row-secrets-in-explosive-te/tupac-murder-trial-mob-james-reveals-death-row-secrets-in-explosive-te_pvNr1jnlRpc.wav,/Users/rajeshpmu/Desktop/LegalMemoCMT/data/phase2/tupac/corpus/raw/tupac-murder-trial-mob-james-reveals-death-row-secrets-in-explosive-te/tupac-murder-trial-mob-james-reveals-death-row-secrets-in-explosive-te_pvNr1jnlRpc.mp4 | /Users/rajeshpmu/Desktop/LegalMemoCMT/data/phase2/tupac/corpus/raw/tupac-murder-trial-mob-james-reveals-death-row-secrets-in-explosive-te/tupac-murder-trial-mob-james-reveals-death-row-secrets-in-explosive-te_pvNr1jnlRpc.mp4 | /Users/rajeshpmu/Desktop/LegalMemoCMT/data/phase2/tupac/corpus/raw/tupac-murder-trial-mob-james-reveals-death-row-secrets-in-explosive-te/tupac-murder-trial-mob-james-reveals-death-row-secrets-in-explosive-te_pvNr1jnlRpc.mp4,Yes. || [clears throat] || Rivalry.,,,,,,,
