source_group_id,source_audio_path,speaker_cluster_id,manifest_turn_row_count,diarization_segment_count,diarization_segment_seconds,sample_utterance_ids,sample_time_ranges,sample_clip_video_paths,sample_clip_audio_paths,sample_text,role_label,role_confidence,witness_speaking_status
peYoD-JkAXE,/Users/rajeshpmu/Desktop/LegalMemoCMT/data/phase2/clancy/corpus/raw/dr-jennifer-tufts-psychiatrist-full-testimony-ma-v-lindsay-clancy/dr-jennifer-tufts-psychiatrist-full-testimony-ma-v-lindsay-clancy_peYoD-JkAXE.wav,SPEAKER_07,1116,2038,5310.638,peYoD-JkAXE_turn08885 | peYoD-JkAXE_turn08973 | peYoD-JkAXE_turn09621,00:35:54.686 -> 00:36:00.587 | 00:48:03.773 -> 00:48:07.661 | 02:07:36.260 -> 02:07:41.635,/Users/rajeshpmu/Desktop/LegalMemoCMT/data/processed/phase2/clancy/turn_clips/video/peYoD-JkAXE/peYoD-JkAXE_turn08885.mp4 | /Users/rajeshpmu/Desktop/LegalMemoCMT/data/processed/phase2/clancy/turn_clips/video/peYoD-JkAXE/peYoD-JkAXE_turn08973.mp4 | /Users/rajeshpmu/Desktop/LegalMemoCMT/data/processed/phase2/clancy/turn_clips/video/peYoD-JkAXE/peYoD-JkAXE_turn09621.mp4,/Users/rajeshpmu/Desktop/LegalMemoCMT/data/processed/phase2/clancy/turn_clips/audio/peYoD-JkAXE/peYoD-JkAXE_turn08885.wav | /Users/rajeshpmu/Desktop/LegalMemoCMT/data/processed/phase2/clancy/turn_clips/audio/peYoD-JkAXE/peYoD-JkAXE_turn08973.wav | /Users/rajeshpmu/Desktop/LegalMemoCMT/data/processed/phase2/clancy/turn_clips/audio/peYoD-JkAXE/peYoD-JkAXE_turn09621.wav,I apologize. Can we know what related to this patient rather than somebody? || I apologize. Can you talk about Lindsay Clancy rather than in general? That's all || Good morning. Do you have your record in front of you? Your notes?,UNKNOWN,LOW,UNKNOWN
peYoD-JkAXE,/Users/rajeshpmu/Desktop/LegalMemoCMT/data/phase2/clancy/corpus/raw/dr-jennifer-tufts-psychiatrist-full-testimony-ma-v-lindsay-clancy/dr-jennifer-tufts-psychiatrist-full-testimony-ma-v-lindsay-clancy_peYoD-JkAXE.wav,SPEAKER_09,965,1206,4513.291,peYoD-JkAXE_turn08593 | peYoD-JkAXE_turn08598 | peYoD-JkAXE_turn08602,00:00:00.993 -> 00:00:05.782 | 00:00:18.382 -> 00:00:19.732 | 00:00:26.643 -> 00:00:27.612,/Users/rajeshpmu/Desktop/LegalMemoCMT/data/processed/phase2/clancy/turn_clips/video/peYoD-JkAXE/peYoD-JkAXE_turn08593.mp4 | /Users/rajeshpmu/Desktop/LegalMemoCMT/data/processed/phase2/clancy/turn_clips/video/peYoD-JkAXE/peYoD-JkAXE_turn08598.mp4 | /Users/rajeshpmu/Desktop/LegalMemoCMT/data/processed/phase2/clancy/turn_clips/video/peYoD-JkAXE/peYoD-JkAXE_turn08602.mp4,/Users/rajeshpmu/Desktop/LegalMemoCMT/data/processed/phase2/clancy/turn_clips/audio/peYoD-JkAXE/peYoD-JkAXE_turn08593.wav | /Users/rajeshpmu/Desktop/LegalMemoCMT/data/processed/phase2/clancy/turn_clips/audio/peYoD-JkAXE/peYoD-JkAXE_turn08598.wav | /Users/rajeshpmu/Desktop/LegalMemoCMT/data/processed/phase2/clancy/turn_clips/audio/peYoD-JkAXE/peYoD-JkAXE_turn08602.wav,"Thank you, honor. Good afternoon. Can you please state and spell your name for the record? || Astro Mental Health. || I'm a psychiatrist.",UNKNOWN,LOW,UNKNOWN
peYoD-JkAXE,/Users/rajeshpmu/Desktop/LegalMemoCMT/data/phase2/clancy/corpus/raw/dr-jennifer-tufts-psychiatrist-full-testimony-ma-v-lindsay-clancy/dr-jennifer-tufts-psychiatrist-full-testimony-ma-v-lindsay-clancy_peYoD-JkAXE.wav,SPEAKER_02,810,1430,6395.481,peYoD-JkAXE_turn08594 | peYoD-JkAXE_turn08595 | peYoD-JkAXE_turn08596,00:00:05.782 -> 00:00:12.248 | 00:00:12.248 -> 00:00:14.600 | 00:00:14.600 -> 00:00:16.693,/Users/rajeshpmu/Desktop/LegalMemoCMT/data/processed/phase2/clancy/turn_clips/video/peYoD-JkAXE/peYoD-JkAXE_turn08594.mp4 | /Users/rajeshpmu/Desktop/LegalMemoCMT/data/processed/phase2/clancy/turn_clips/video/peYoD-JkAXE/peYoD-JkAXE_turn08595.mp4 | /Users/rajeshpmu/Desktop/LegalMemoCMT/data/processed/phase2/clancy/turn_clips/video/peYoD-JkAXE/peYoD-JkAXE_turn08596.mp4,/Users/rajeshpmu/Desktop/LegalMemoCMT/data/processed/phase2/clancy/turn_clips/audio/peYoD-JkAXE/peYoD-JkAXE_turn08594.wav | /Users/rajeshpmu/Desktop/LegalMemoCMT/data/processed/phase2/clancy/turn_clips/audio/peYoD-JkAXE/peYoD-JkAXE_turn08595.wav | /Users/rajeshpmu/Desktop/LegalMemoCMT/data/processed/phase2/clancy/turn_clips/audio/peYoD-JkAXE/peYoD-JkAXE_turn08596.wav,"Jennifer Tufts. J E N I F E R T UFTS. || Your date of birth? || December 31st, 1989.",UNKNOWN,LOW,UNKNOWN
93sfJyLzhqM,/Users/rajeshpmu/Desktop/LegalMemoCMT/data/phase2/clancy/corpus/raw/live-ma-v-lindsay-clancy-day-8-accused-killer-mom-trial/live-ma-v-lindsay-clancy-day-8-accused-killer-mom-trial_93sfJyLzhqM.wav,SPEAKER_21,667,889,2942.024,93sfJyLzhqM_turn01295 | 93sfJyLzhqM_turn01300 | 93sfJyLzhqM_turn01304,00:41:50.435 -> 00:41:58.550 | 00:43:47.358 -> 00:43:51.895 | 00:44:03.945 -> 00:44:05.610,/Users/rajeshpmu/Desktop/LegalMemoCMT/data/processed/phase2/clancy/turn_clips/video/93sfJyLzhqM/93sfJyLzhqM_turn01295.mp4 | /Users/rajeshpmu/Desktop/LegalMemoCMT/data/processed/phase2/clancy/turn_clips/video/93sfJyLzhqM/93sfJyLzhqM_turn01300.mp4 | /Users/rajeshpmu/Desktop/LegalMemoCMT/data/processed/phase2/clancy/turn_clips/video/93sfJyLzhqM/93sfJyLzhqM_turn01304.mp4,/Users/rajeshpmu/Desktop/LegalMemoCMT/data/processed/phase2/clancy/turn_clips/audio/93sfJyLzhqM/93sfJyLzhqM_turn01295.wav | /Users/rajeshpmu/Desktop/LegalMemoCMT/data/processed/phase2/clancy/turn_clips/audio/93sfJyLzhqM/93sfJyLzhqM_turn01300.wav | /Users/rajeshpmu/Desktop/LegalMemoCMT/data/processed/phase2/clancy/turn_clips/audio/93sfJyLzhqM/93sfJyLzhqM_turn01304.wav,"Yes, your honor. The Commonwealth calls Dr. Kimberly Springer. || Thank you, your honor. Good morning. Can you please state and spell your name for the record? || And are you a medical medical examiner?",UNKNOWN,LOW,UNKNOWN
D6skXbDJJj8,/Users/rajeshpmu/Desktop/LegalMemoCMT/data/phase2/clancy/corpus/raw/live-lindsay-clancy-murder-trial-ma-v-lindsay-clancy-day-8/live-lindsay-clancy-murder-trial-ma-v-lindsay-clancy-day-8_D6skXbDJJj8.wav,SPEAKER_02,563,763,2449.625,D6skXbDJJj8_turn04305 | D6skXbDJJj8_turn04309 | D6skXbDJJj8_turn04310,00:43:56.063 -> 00:43:59.807 | 00:44:12.054 -> 00:44:13.770 | 00:44:13.770 -> 00:44:14.370,/Users/rajeshpmu/Desktop/LegalMemoCMT/data/processed/phase2/clancy/turn_clips/video/D6skXbDJJj8/D6skXbDJJj8_turn04305.mp4 | /Users/rajeshpmu/Desktop/LegalMemoCMT/data/processed/phase2/clancy/turn_clips/video/D6skXbDJJj8/D6skXbDJJj8_turn04309.mp4 | /Users/rajeshpmu/Desktop/LegalMemoCMT/data/processed/phase2/clancy/turn_clips/video/D6skXbDJJj8/D6skXbDJJj8_turn04310.mp4,/Users/rajeshpmu/Desktop/LegalMemoCMT/data/processed/phase2/clancy/turn_clips/audio/D6skXbDJJj8/D6skXbDJJj8_turn04305.wav | /Users/rajeshpmu/Desktop/LegalMemoCMT/data/processed/phase2/clancy/turn_clips/audio/D6skXbDJJj8/D6skXbDJJj8_turn04309.wav | /Users/rajeshpmu/Desktop/LegalMemoCMT/data/processed/phase2/clancy/turn_clips/audio/D6skXbDJJj8/D6skXbDJJj8_turn04310.wav,"Thank you, honor. Good morning. Can you please state and spell your name for the record? || And are you a med medical examiner? || I am.",UNKNOWN,LOW,UNKNOWN
1tyKO8mTdOM,/Users/rajeshpmu/Desktop/LegalMemoCMT/data/phase2/clancy/corpus/raw/live-lindsay-clancy-trial-day-15/live-lindsay-clancy-trial-day-15_1tyKO8mTdOM.wav,SPEAKER_11,487,872,2993.458,1tyKO8mTdOM_turn00014 | 1tyKO8mTdOM_turn00016 | 1tyKO8mTdOM_turn00017,00:08:50.157 -> 00:09:49.911 | 00:09:57.913 -> 00:10:03.030 | 00:10:03.830 -> 00:10:04.430,/Users/rajeshpmu/Desktop/LegalMemoCMT/data/processed/phase2/clancy/turn_clips/video/1tyKO8mTdOM/1tyKO8mTdOM_turn00014.mp4 | /Users/rajeshpmu/Desktop/LegalMemoCMT/data/processed/phase2/clancy/turn_clips/video/1tyKO8mTdOM/1tyKO8mTdOM_turn00016.mp4 | /Users/rajeshpmu/Desktop/LegalMemoCMT/data/processed/phase2/clancy/turn_clips/video/1tyKO8mTdOM/1tyKO8mTdOM_turn00017.mp4,/Users/rajeshpmu/Desktop/LegalMemoCMT/data/processed/phase2/clancy/turn_clips/audio/1tyKO8mTdOM/1tyKO8mTdOM_turn00014.wav | /Users/rajeshpmu/Desktop/LegalMemoCMT/data/processed/phase2/clancy/turn_clips/audio/1tyKO8mTdOM/1tyKO8mTdOM_turn00016.wav | /Users/rajeshpmu/Desktop/LegalMemoCMT/data/processed/phase2/clancy/turn_clips/audio/1tyKO8mTdOM/1tyKO8mTdOM_turn00017.wav,"Thank you. Uh, call uh, Sue Clancy, please. Good morning. || Good morning. || Thank you.",UNKNOWN,LOW,UNKNOWN
D5L_c9Mla1U,/Users/rajeshpmu/Desktop/LegalMemoCMT/data/phase2/clancy/corpus/raw/live-lindsay-clancy-trial-day-16/live-lindsay-clancy-trial-day-16_D5L_c9Mla1U.wav,SPEAKER_00,444,595,3051.756,D5L_c9Mla1U_turn03431 | D5L_c9Mla1U_turn03432 | D5L_c9Mla1U_turn03433,00:26:12.138 -> 00:26:14.630 | 00:26:18.070 -> 00:26:26.218 | 00:26:26.218 -> 00:26:40.766,/Users/rajeshpmu/Desktop/LegalMemoCMT/data/processed/phase2/clancy/turn_clips/video/D5L_c9Mla1U/D5L_c9Mla1U_turn03431.mp4 | /Users/rajeshpmu/Desktop/LegalMemoCMT/data/processed/phase2/clancy/turn_clips/video/D5L_c9Mla1U/D5L_c9Mla1U_turn03432.mp4 | /Users/rajeshpmu/Desktop/LegalMemoCMT/data/processed/phase2/clancy/turn_clips/video/D5L_c9Mla1U/D5L_c9Mla1U_turn03433.mp4,/Users/rajeshpmu/Desktop/LegalMemoCMT/data/processed/phase2/clancy/turn_clips/audio/D5L_c9Mla1U/D5L_c9Mla1U_turn03431.wav | /Users/rajeshpmu/Desktop/LegalMemoCMT/data/processed/phase2/clancy/turn_clips/audio/D5L_c9Mla1U/D5L_c9Mla1U_turn03432.wav | /Users/rajeshpmu/Desktop/LegalMemoCMT/data/processed/phase2/clancy/turn_clips/audio/D5L_c9Mla1U/D5L_c9Mla1U_turn03433.wav,"Good morning. || So, um, yesterday when you, um, first took the stand, um, Attorney Bington asked you a little bit about your background. Recall that? || Yes. And um you in this in this field of being a psy a psychologist and a forensic psychologist you um circulate a curriculum vite where all that is outlined right?",UNKNOWN,LOW,UNKNOWN
DCBWoWhsTpA,/Users/rajeshpmu/Desktop/LegalMemoCMT/data/phase2/clancy/corpus/raw/live-lindsay-clancy-trial-day-14/live-lindsay-clancy-trial-day-14_DCBWoWhsTpA.wav,SPEAKER_14,435,749,2255.198,DCBWoWhsTpA_turn06137 | DCBWoWhsTpA_turn06138 | DCBWoWhsTpA_turn06139,00:53:22.421 -> 00:53:26.156 | 00:53:26.156 -> 00:53:47.595 | 00:53:47.595 -> 00:53:48.923,/Users/rajeshpmu/Desktop/LegalMemoCMT/data/processed/phase2/clancy/turn_clips/video/DCBWoWhsTpA/DCBWoWhsTpA_turn06137.mp4 | /Users/rajeshpmu/Desktop/LegalMemoCMT/data/processed/phase2/clancy/turn_clips/video/DCBWoWhsTpA/DCBWoWhsTpA_turn06138.mp4 | /Users/rajeshpmu/Desktop/LegalMemoCMT/data/processed/phase2/clancy/turn_clips/video/DCBWoWhsTpA/DCBWoWhsTpA_turn06139.mp4,/Users/rajeshpmu/Desktop/LegalMemoCMT/data/processed/phase2/clancy/turn_clips/audio/DCBWoWhsTpA/DCBWoWhsTpA_turn06137.wav | /Users/rajeshpmu/Desktop/LegalMemoCMT/data/processed/phase2/clancy/turn_clips/audio/DCBWoWhsTpA/DCBWoWhsTpA_turn06138.wav | /Users/rajeshpmu/Desktop/LegalMemoCMT/data/processed/phase2/clancy/turn_clips/audio/DCBWoWhsTpA/DCBWoWhsTpA_turn06139.wav,"Thank you, honor. Morning. Good morning. || Um Mr. Whiffen, just um a couple of things. One of the takeaways or question that I had is that you were talking about in reference to the Apple Health data. Um it's fair to say that there's an issue as to the accuracy or reliability of the || I've done research on it. Yes.",UNKNOWN,LOW,UNKNOWN
ZJd1Lk4w-qo,/Users/rajeshpmu/Desktop/LegalMemoCMT/data/phase2/clancy/corpus/raw/dr-alia-goodheart-psychiatrist-full-testimony-ma-v-lindsay-clancy/dr-alia-goodheart-psychiatrist-full-testimony-ma-v-lindsay-clancy_ZJd1Lk4w-qo.wav,SPEAKER_00,432,482,2117.448,ZJd1Lk4w-qo_turn07392 | ZJd1Lk4w-qo_turn07394 | ZJd1Lk4w-qo_turn07395,00:00:02.236 -> 00:00:07.398 | 00:00:44.770 -> 00:00:48.752 | 00:00:48.752 -> 00:00:49.352,/Users/rajeshpmu/Desktop/LegalMemoCMT/data/processed/phase2/clancy/turn_clips/video/ZJd1Lk4w-qo/ZJd1Lk4w-qo_turn07392.mp4 | /Users/rajeshpmu/Desktop/LegalMemoCMT/data/processed/phase2/clancy/turn_clips/video/ZJd1Lk4w-qo/ZJd1Lk4w-qo_turn07394.mp4 | /Users/rajeshpmu/Desktop/LegalMemoCMT/data/processed/phase2/clancy/turn_clips/video/ZJd1Lk4w-qo/ZJd1Lk4w-qo_turn07395.mp4,/Users/rajeshpmu/Desktop/LegalMemoCMT/data/processed/phase2/clancy/turn_clips/audio/ZJd1Lk4w-qo/ZJd1Lk4w-qo_turn07392.wav | /Users/rajeshpmu/Desktop/LegalMemoCMT/data/processed/phase2/clancy/turn_clips/audio/ZJd1Lk4w-qo/ZJd1Lk4w-qo_turn07394.wav | /Users/rajeshpmu/Desktop/LegalMemoCMT/data/processed/phase2/clancy/turn_clips/audio/ZJd1Lk4w-qo/ZJd1Lk4w-qo_turn07395.wav,And um can you tell us a little bit about your educational background to be a psychiatrist? || are you licensed here in Massachusetts um to practice as a psychiatrist? || I am.,UNKNOWN,LOW,UNKNOWN
93sfJyLzhqM,/Users/rajeshpmu/Desktop/LegalMemoCMT/data/phase2/clancy/corpus/raw/live-ma-v-lindsay-clancy-day-8-accused-killer-mom-trial/live-ma-v-lindsay-clancy-day-8-accused-killer-mom-trial_93sfJyLzhqM.wav,SPEAKER_58,323,603,2370.243,93sfJyLzhqM_turn01296 | 93sfJyLzhqM_turn01482 | 93sfJyLzhqM_turn01483,00:42:00.309 -> 00:42:03.294 | 01:40:39.063 -> 01:40:41.887 | 01:40:41.887 -> 01:40:50.155,/Users/rajeshpmu/Desktop/LegalMemoCMT/data/processed/phase2/clancy/turn_clips/video/93sfJyLzhqM/93sfJyLzhqM_turn01296.mp4 | /Users/rajeshpmu/Desktop/LegalMemoCMT/data/processed/phase2/clancy/turn_clips/video/93sfJyLzhqM/93sfJyLzhqM_turn01482.mp4 | /Users/rajeshpmu/Desktop/LegalMemoCMT/data/processed/phase2/clancy/turn_clips/video/93sfJyLzhqM/93sfJyLzhqM_turn01483.mp4,/Users/rajeshpmu/Desktop/LegalMemoCMT/data/processed/phase2/clancy/turn_clips/audio/93sfJyLzhqM/93sfJyLzhqM_turn01296.wav | /Users/rajeshpmu/Desktop/LegalMemoCMT/data/processed/phase2/clancy/turn_clips/audio/93sfJyLzhqM/93sfJyLzhqM_turn01482.wav | /Users/rajeshpmu/Desktop/LegalMemoCMT/data/processed/phase2/clancy/turn_clips/audio/93sfJyLzhqM/93sfJyLzhqM_turn01483.wav,"Just for the record, we do the same objection. || Good morning. || Um what's the time frame that you dealt with um the Clancy children? Cuz you you took care of all three of them, right?",UNKNOWN,LOW,UNKNOWN
D5L_c9Mla1U,/Users/rajeshpmu/Desktop/LegalMemoCMT/data/phase2/clancy/corpus/raw/live-lindsay-clancy-trial-day-16/live-lindsay-clancy-trial-day-16_D5L_c9Mla1U.wav,SPEAKER_04,321,640,1726.258,D5L_c9Mla1U_turn03225 | D5L_c9Mla1U_turn03226 | D5L_c9Mla1U_turn03227,00:04:18.310 -> 00:04:18.910 | 00:04:18.457 -> 00:04:22.283 | 00:04:22.283 -> 00:04:56.476,/Users/rajeshpmu/Desktop/LegalMemoCMT/data/processed/phase2/clancy/turn_clips/video/D5L_c9Mla1U/D5L_c9Mla1U_turn03225.mp4 | /Users/rajeshpmu/Desktop/LegalMemoCMT/data/processed/phase2/clancy/turn_clips/video/D5L_c9Mla1U/D5L_c9Mla1U_turn03226.mp4 | /Users/rajeshpmu/Desktop/LegalMemoCMT/data/processed/phase2/clancy/turn_clips/video/D5L_c9Mla1U/D5L_c9Mla1U_turn03227.mp4,/Users/rajeshpmu/Desktop/LegalMemoCMT/data/processed/phase2/clancy/turn_clips/audio/D5L_c9Mla1U/D5L_c9Mla1U_turn03225.wav | /Users/rajeshpmu/Desktop/LegalMemoCMT/data/processed/phase2/clancy/turn_clips/audio/D5L_c9Mla1U/D5L_c9Mla1U_turn03226.wav | /Users/rajeshpmu/Desktop/LegalMemoCMT/data/processed/phase2/clancy/turn_clips/audio/D5L_c9Mla1U/D5L_c9Mla1U_turn03227.wav,"Hi. || Good morning, Doc. || Thank you, Josh. Um sir, I'm going to um try to just redirect uh towards the uh interview that you had of Lindsay regarding her journey um on November 29th of 2022. Do you recall which healthc care provider she visited? Uh, I believe that M",UNKNOWN,LOW,UNKNOWN
ZJd1Lk4w-qo,/Users/rajeshpmu/Desktop/LegalMemoCMT/data/phase2/clancy/corpus/raw/dr-alia-goodheart-psychiatrist-full-testimony-ma-v-lindsay-clancy/dr-alia-goodheart-psychiatrist-full-testimony-ma-v-lindsay-clancy_ZJd1Lk4w-qo.wav,SPEAKER_03,301,617,1518.791,ZJd1Lk4w-qo_turn07470 | ZJd1Lk4w-qo_turn07473 | ZJd1Lk4w-qo_turn07843,00:15:23.274 -> 00:15:24.029 | 00:15:32.915 -> 00:15:34.850 | 01:03:04.390 -> 01:03:15.499,/Users/rajeshpmu/Desktop/LegalMemoCMT/data/processed/phase2/clancy/turn_clips/video/ZJd1Lk4w-qo/ZJd1Lk4w-qo_turn07470.mp4 | /Users/rajeshpmu/Desktop/LegalMemoCMT/data/processed/phase2/clancy/turn_clips/video/ZJd1Lk4w-qo/ZJd1Lk4w-qo_turn07473.mp4 | /Users/rajeshpmu/Desktop/LegalMemoCMT/data/processed/phase2/clancy/turn_clips/video/ZJd1Lk4w-qo/ZJd1Lk4w-qo_turn07843.mp4,/Users/rajeshpmu/Desktop/LegalMemoCMT/data/processed/phase2/clancy/turn_clips/audio/ZJd1Lk4w-qo/ZJd1Lk4w-qo_turn07470.wav | /Users/rajeshpmu/Desktop/LegalMemoCMT/data/processed/phase2/clancy/turn_clips/audio/ZJd1Lk4w-qo/ZJd1Lk4w-qo_turn07473.wav | /Users/rajeshpmu/Desktop/LegalMemoCMT/data/processed/phase2/clancy/turn_clips/audio/ZJd1Lk4w-qo/ZJd1Lk4w-qo_turn07843.wav,Um || AMA is not applicable if we can approach. || Just like to um start off just by asking um district attorney asked you about resources that were provided to her. What were the resources?,UNKNOWN,LOW,UNKNOWN
93sfJyLzhqM,/Users/rajeshpmu/Desktop/LegalMemoCMT/data/phase2/clancy/corpus/raw/live-ma-v-lindsay-clancy-day-8-accused-killer-mom-trial/live-ma-v-lindsay-clancy-day-8-accused-killer-mom-trial_93sfJyLzhqM.wav,SPEAKER_56,292,277,1166.936,93sfJyLzhqM_turn01611 | 93sfJyLzhqM_turn01616 | 93sfJyLzhqM_turn01617,01:52:25.812 -> 01:53:11.207 | 01:53:29.902 -> 01:53:32.044 | 01:53:32.044 -> 01:53:35.675,/Users/rajeshpmu/Desktop/LegalMemoCMT/data/processed/phase2/clancy/turn_clips/video/93sfJyLzhqM/93sfJyLzhqM_turn01611.mp4 | /Users/rajeshpmu/Desktop/LegalMemoCMT/data/processed/phase2/clancy/turn_clips/video/93sfJyLzhqM/93sfJyLzhqM_turn01616.mp4 | /Users/rajeshpmu/Desktop/LegalMemoCMT/data/processed/phase2/clancy/turn_clips/video/93sfJyLzhqM/93sfJyLzhqM_turn01617.mp4,/Users/rajeshpmu/Desktop/LegalMemoCMT/data/processed/phase2/clancy/turn_clips/audio/93sfJyLzhqM/93sfJyLzhqM_turn01611.wav | /Users/rajeshpmu/Desktop/LegalMemoCMT/data/processed/phase2/clancy/turn_clips/audio/93sfJyLzhqM/93sfJyLzhqM_turn01616.wav | /Users/rajeshpmu/Desktop/LegalMemoCMT/data/processed/phase2/clancy/turn_clips/audio/93sfJyLzhqM/93sfJyLzhqM_turn01617.wav,"Watch your step, please. Commonwealth would call Susan Berto as next Stop right there. || All right. Come up. || Thank you. Good morning. Could you please tell the jurors your first and last name?",UNKNOWN,LOW,UNKNOWN
D6skXbDJJj8,/Users/rajeshpmu/Desktop/LegalMemoCMT/data/phase2/clancy/corpus/raw/live-lindsay-clancy-murder-trial-ma-v-lindsay-clancy-day-8/live-lindsay-clancy-murder-trial-ma-v-lindsay-clancy-day-8_D6skXbDJJj8.wav,SPEAKER_24,288,257,1096.672,D6skXbDJJj8_turn04629 | D6skXbDJJj8_turn04630 | D6skXbDJJj8_turn04631,01:54:08.541 -> 01:54:10.684 | 01:54:10.684 -> 01:54:14.355 | 01:54:14.355 -> 01:54:15.263,/Users/rajeshpmu/Desktop/LegalMemoCMT/data/processed/phase2/clancy/turn_clips/video/D6skXbDJJj8/D6skXbDJJj8_turn04629.mp4 | /Users/rajeshpmu/Desktop/LegalMemoCMT/data/processed/phase2/clancy/turn_clips/video/D6skXbDJJj8/D6skXbDJJj8_turn04630.mp4 | /Users/rajeshpmu/Desktop/LegalMemoCMT/data/processed/phase2/clancy/turn_clips/video/D6skXbDJJj8/D6skXbDJJj8_turn04631.mp4,/Users/rajeshpmu/Desktop/LegalMemoCMT/data/processed/phase2/clancy/turn_clips/audio/D6skXbDJJj8/D6skXbDJJj8_turn04629.wav | /Users/rajeshpmu/Desktop/LegalMemoCMT/data/processed/phase2/clancy/turn_clips/audio/D6skXbDJJj8/D6skXbDJJj8_turn04630.wav | /Users/rajeshpmu/Desktop/LegalMemoCMT/data/processed/phase2/clancy/turn_clips/audio/D6skXbDJJj8/D6skXbDJJj8_turn04631.wav,All right. Come on. || Thank you. Good morning. Could you please tell the jurors your first and last name? || Susan Bertollo.,UNKNOWN,LOW,UNKNOWN
1tyKO8mTdOM,/Users/rajeshpmu/Desktop/LegalMemoCMT/data/phase2/clancy/corpus/raw/live-lindsay-clancy-trial-day-15/live-lindsay-clancy-trial-day-15_1tyKO8mTdOM.wav,SPEAKER_02,275,301,1444.685,1tyKO8mTdOM_turn00107 | 1tyKO8mTdOM_turn00110 | 1tyKO8mTdOM_turn00111,00:18:01.316 -> 00:18:05.119 | 00:18:29.700 -> 00:18:39.750 | 00:18:44.069 -> 00:18:46.747,/Users/rajeshpmu/Desktop/LegalMemoCMT/data/processed/phase2/clancy/turn_clips/video/1tyKO8mTdOM/1tyKO8mTdOM_turn00107.mp4 | /Users/rajeshpmu/Desktop/LegalMemoCMT/data/processed/phase2/clancy/turn_clips/video/1tyKO8mTdOM/1tyKO8mTdOM_turn00110.mp4 | /Users/rajeshpmu/Desktop/LegalMemoCMT/data/processed/phase2/clancy/turn_clips/video/1tyKO8mTdOM/1tyKO8mTdOM_turn00111.mp4,/Users/rajeshpmu/Desktop/LegalMemoCMT/data/processed/phase2/clancy/turn_clips/audio/1tyKO8mTdOM/1tyKO8mTdOM_turn00107.wav | /Users/rajeshpmu/Desktop/LegalMemoCMT/data/processed/phase2/clancy/turn_clips/audio/1tyKO8mTdOM/1tyKO8mTdOM_turn00110.wav | /Users/rajeshpmu/Desktop/LegalMemoCMT/data/processed/phase2/clancy/turn_clips/audio/1tyKO8mTdOM/1tyKO8mTdOM_turn00111.wav,"Any objection? You're com makes the same objection. || Come off. Good morning. || So, you um indicated that you've um were a labor and delivery nurse for 38 years.",UNKNOWN,LOW,UNKNOWN
D6skXbDJJj8,/Users/rajeshpmu/Desktop/LegalMemoCMT/data/phase2/clancy/corpus/raw/live-lindsay-clancy-murder-trial-ma-v-lindsay-clancy-day-8/live-lindsay-clancy-murder-trial-ma-v-lindsay-clancy-day-8_D6skXbDJJj8.wav,SPEAKER_01,255,552,1870.549,D6skXbDJJj8_turn04298 | D6skXbDJJj8_turn04299 | D6skXbDJJj8_turn04496,00:41:58.475 -> 00:42:09.338 | 00:42:09.338 -> 00:42:26.082 | 01:41:39.223 -> 01:41:42.047,/Users/rajeshpmu/Desktop/LegalMemoCMT/data/processed/phase2/clancy/turn_clips/video/D6skXbDJJj8/D6skXbDJJj8_turn04298.mp4 | /Users/rajeshpmu/Desktop/LegalMemoCMT/data/processed/phase2/clancy/turn_clips/video/D6skXbDJJj8/D6skXbDJJj8_turn04299.mp4 | /Users/rajeshpmu/Desktop/LegalMemoCMT/data/processed/phase2/clancy/turn_clips/video/D6skXbDJJj8/D6skXbDJJj8_turn04496.mp4,/Users/rajeshpmu/Desktop/LegalMemoCMT/data/processed/phase2/clancy/turn_clips/audio/D6skXbDJJj8/D6skXbDJJj8_turn04298.wav | /Users/rajeshpmu/Desktop/LegalMemoCMT/data/processed/phase2/clancy/turn_clips/audio/D6skXbDJJj8/D6skXbDJJj8_turn04299.wav | /Users/rajeshpmu/Desktop/LegalMemoCMT/data/processed/phase2/clancy/turn_clips/audio/D6skXbDJJj8/D6skXbDJJj8_turn04496.wav,"Yes, your honor. The Commonwealth calls Dr. Kimberly Springer. Just for the record, we do the same objection. || Okay. Thank you. || Good morning.",UNKNOWN,LOW,UNKNOWN
DCBWoWhsTpA,/Users/rajeshpmu/Desktop/LegalMemoCMT/data/phase2/clancy/corpus/raw/live-lindsay-clancy-trial-day-14/live-lindsay-clancy-trial-day-14_DCBWoWhsTpA.wav,SPEAKER_05,253,467,1873.307,DCBWoWhsTpA_turn05910 | DCBWoWhsTpA_turn05914 | DCBWoWhsTpA_turn05915,00:05:04.949 -> 00:05:42.195 | 00:05:48.044 -> 00:05:49.149 | 00:05:49.149 -> 00:05:52.211,/Users/rajeshpmu/Desktop/LegalMemoCMT/data/processed/phase2/clancy/turn_clips/video/DCBWoWhsTpA/DCBWoWhsTpA_turn05910.mp4 | /Users/rajeshpmu/Desktop/LegalMemoCMT/data/processed/phase2/clancy/turn_clips/video/DCBWoWhsTpA/DCBWoWhsTpA_turn05914.mp4 | /Users/rajeshpmu/Desktop/LegalMemoCMT/data/processed/phase2/clancy/turn_clips/video/DCBWoWhsTpA/DCBWoWhsTpA_turn05915.mp4,/Users/rajeshpmu/Desktop/LegalMemoCMT/data/processed/phase2/clancy/turn_clips/audio/DCBWoWhsTpA/DCBWoWhsTpA_turn05910.wav | /Users/rajeshpmu/Desktop/LegalMemoCMT/data/processed/phase2/clancy/turn_clips/audio/DCBWoWhsTpA/DCBWoWhsTpA_turn05914.wav | /Users/rajeshpmu/Desktop/LegalMemoCMT/data/processed/phase2/clancy/turn_clips/audio/DCBWoWhsTpA/DCBWoWhsTpA_turn05915.wav,"Thank you, your honor. Comalth calls Ian Whip. I would rather than I do. || Trace break, please. || Thank you. Good morning. Can you please state and spell your name for the record?",UNKNOWN,LOW,UNKNOWN
ZJd1Lk4w-qo,/Users/rajeshpmu/Desktop/LegalMemoCMT/data/phase2/clancy/corpus/raw/dr-alia-goodheart-psychiatrist-full-testimony-ma-v-lindsay-clancy/dr-alia-goodheart-psychiatrist-full-testimony-ma-v-lindsay-clancy_ZJd1Lk4w-qo.wav,SPEAKER_06,210,832,2144.720,ZJd1Lk4w-qo_turn07393 | ZJd1Lk4w-qo_turn07400 | ZJd1Lk4w-qo_turn07401,00:00:07.398 -> 00:00:44.770 | 00:01:04.702 -> 00:02:15.674 | 00:02:15.674 -> 00:02:18.794,/Users/rajeshpmu/Desktop/LegalMemoCMT/data/processed/phase2/clancy/turn_clips/video/ZJd1Lk4w-qo/ZJd1Lk4w-qo_turn07393.mp4 | /Users/rajeshpmu/Desktop/LegalMemoCMT/data/processed/phase2/clancy/turn_clips/video/ZJd1Lk4w-qo/ZJd1Lk4w-qo_turn07400.mp4 | /Users/rajeshpmu/Desktop/LegalMemoCMT/data/processed/phase2/clancy/turn_clips/video/ZJd1Lk4w-qo/ZJd1Lk4w-qo_turn07401.mp4,/Users/rajeshpmu/Desktop/LegalMemoCMT/data/processed/phase2/clancy/turn_clips/audio/ZJd1Lk4w-qo/ZJd1Lk4w-qo_turn07393.wav | /Users/rajeshpmu/Desktop/LegalMemoCMT/data/processed/phase2/clancy/turn_clips/audio/ZJd1Lk4w-qo/ZJd1Lk4w-qo_turn07400.wav | /Users/rajeshpmu/Desktop/LegalMemoCMT/data/processed/phase2/clancy/turn_clips/audio/ZJd1Lk4w-qo/ZJd1Lk4w-qo_turn07401.wav,"Um I did my I got my medical degree from the State University of New York in Brooklyn, the Health Sciences Center, and I came to Boston to do my 4-year residency at the Harvard Longwood Psychiatry Residency Program. I also trained uh for an || Um, yes. I've worked in several different settings. Uh when I first started out, I was working at Beth Israel um in integrated care, which means essentially that um you work with primary care physicians and if they have patients that they h || Okay. And what is MLAN hospital?",UNKNOWN,LOW,UNKNOWN
VQQb9BbgwHg,/Users/rajeshpmu/Desktop/LegalMemoCMT/data/phase2/clancy/corpus/raw/live-lindsay-clancy-trial-day-17/live-lindsay-clancy-trial-day-17_VQQb9BbgwHg.wav,UNKNOWN,208,0,0.000,VQQb9BbgwHg_turn07184 | VQQb9BbgwHg_turn07185 | VQQb9BbgwHg_turn07186,00:00:03.234 -> 00:00:07.928 | 00:00:07.928 -> 00:00:08.647 | 00:00:08.647 -> 00:00:19.770,/Users/rajeshpmu/Desktop/LegalMemoCMT/data/processed/phase2/clancy/turn_clips/video/VQQb9BbgwHg/VQQb9BbgwHg_turn07184.mp4 | /Users/rajeshpmu/Desktop/LegalMemoCMT/data/processed/phase2/clancy/turn_clips/video/VQQb9BbgwHg/VQQb9BbgwHg_turn07185.mp4 | /Users/rajeshpmu/Desktop/LegalMemoCMT/data/processed/phase2/clancy/turn_clips/video/VQQb9BbgwHg/VQQb9BbgwHg_turn07186.mp4,/Users/rajeshpmu/Desktop/LegalMemoCMT/data/processed/phase2/clancy/turn_clips/audio/VQQb9BbgwHg/VQQb9BbgwHg_turn07184.wav | /Users/rajeshpmu/Desktop/LegalMemoCMT/data/processed/phase2/clancy/turn_clips/audio/VQQb9BbgwHg/VQQb9BbgwHg_turn07185.wav | /Users/rajeshpmu/Desktop/LegalMemoCMT/data/processed/phase2/clancy/turn_clips/audio/VQQb9BbgwHg/VQQb9BbgwHg_turn07186.wav,"is now in session. You may be seated. || Yes, please. || Today we have the matter versus Lindsay Clancy. Miss Clancy is present. She is represented by attorney Kevin Reington. The Commonwealth is represented by assistant district attorney Jennifer Strike and Assistant District Attorney Shann.",UNKNOWN,LOW,UNKNOWN
D5L_c9Mla1U,/Users/rajeshpmu/Desktop/LegalMemoCMT/data/phase2/clancy/corpus/raw/live-lindsay-clancy-trial-day-16/live-lindsay-clancy-trial-day-16_D5L_c9Mla1U.wav,SPEAKER_08,173,630,1455.875,D5L_c9Mla1U_turn03232 | D5L_c9Mla1U_turn03233 | D5L_c9Mla1U_turn03242,00:05:25.737 -> 00:05:29.052 | 00:05:29.052 -> 00:05:32.003 | 00:06:00.087 -> 00:06:01.756,/Users/rajeshpmu/Desktop/LegalMemoCMT/data/processed/phase2/clancy/turn_clips/video/D5L_c9Mla1U/D5L_c9Mla1U_turn03232.mp4 | /Users/rajeshpmu/Desktop/LegalMemoCMT/data/processed/phase2/clancy/turn_clips/video/D5L_c9Mla1U/D5L_c9Mla1U_turn03233.mp4 | /Users/rajeshpmu/Desktop/LegalMemoCMT/data/processed/phase2/clancy/turn_clips/video/D5L_c9Mla1U/D5L_c9Mla1U_turn03242.mp4,/Users/rajeshpmu/Desktop/LegalMemoCMT/data/processed/phase2/clancy/turn_clips/audio/D5L_c9Mla1U/D5L_c9Mla1U_turn03232.wav | /Users/rajeshpmu/Desktop/LegalMemoCMT/data/processed/phase2/clancy/turn_clips/audio/D5L_c9Mla1U/D5L_c9Mla1U_turn03233.wav | /Users/rajeshpmu/Desktop/LegalMemoCMT/data/processed/phase2/clancy/turn_clips/audio/D5L_c9Mla1U/D5L_c9Mla1U_turn03242.wav,Yes. And that was also paired with derealization. || And what does that mean? || Where was he working?,UNKNOWN,LOW,UNKNOWN
DCBWoWhsTpA,/Users/rajeshpmu/Desktop/LegalMemoCMT/data/phase2/clancy/corpus/raw/live-lindsay-clancy-trial-day-14/live-lindsay-clancy-trial-day-14_DCBWoWhsTpA.wav,SPEAKER_18,134,335,1521.155,DCBWoWhsTpA_turn05916 | DCBWoWhsTpA_turn05917 | DCBWoWhsTpA_turn05919,00:05:52.211 -> 00:05:57.827 | 00:05:57.827 -> 00:05:58.980 | 00:05:59.980 -> 00:06:01.426,/Users/rajeshpmu/Desktop/LegalMemoCMT/data/processed/phase2/clancy/turn_clips/video/DCBWoWhsTpA/DCBWoWhsTpA_turn05916.mp4 | /Users/rajeshpmu/Desktop/LegalMemoCMT/data/processed/phase2/clancy/turn_clips/video/DCBWoWhsTpA/DCBWoWhsTpA_turn05917.mp4 | /Users/rajeshpmu/Desktop/LegalMemoCMT/data/processed/phase2/clancy/turn_clips/video/DCBWoWhsTpA/DCBWoWhsTpA_turn05919.mp4,/Users/rajeshpmu/Desktop/LegalMemoCMT/data/processed/phase2/clancy/turn_clips/audio/DCBWoWhsTpA/DCBWoWhsTpA_turn05916.wav | /Users/rajeshpmu/Desktop/LegalMemoCMT/data/processed/phase2/clancy/turn_clips/audio/DCBWoWhsTpA/DCBWoWhsTpA_turn05917.wav | /Users/rajeshpmu/Desktop/LegalMemoCMT/data/processed/phase2/clancy/turn_clips/audio/DCBWoWhsTpA/DCBWoWhsTpA_turn05919.wav,Yes. It's Ian Wiffin. I A N W H I F I N. || Where do you work? || What is Celebrite?,UNKNOWN,LOW,UNKNOWN
ma6ni-5zuW0,/Users/rajeshpmu/Desktop/LegalMemoCMT/data/phase2/clancy/corpus/raw/lindsay-clancy-trial-lindsay-s-mother-describes-her-daughter-s-anxiety/lindsay-clancy-trial-lindsay-s-mother-describes-her-daughter-s-anxiety_ma6ni-5zuW0.wav,SPEAKER_02,134,175,395.818,ma6ni-5zuW0_turn08384 | ma6ni-5zuW0_turn08385 | ma6ni-5zuW0_turn08386,00:00:03.891 -> 00:00:04.491 | 00:00:04.438 -> 00:00:12.965 | 00:00:12.965 -> 00:00:13.565,/Users/rajeshpmu/Desktop/LegalMemoCMT/data/processed/phase2/clancy/turn_clips/video/ma6ni-5zuW0/ma6ni-5zuW0_turn08384.mp4 | /Users/rajeshpmu/Desktop/LegalMemoCMT/data/processed/phase2/clancy/turn_clips/video/ma6ni-5zuW0/ma6ni-5zuW0_turn08385.mp4 | /Users/rajeshpmu/Desktop/LegalMemoCMT/data/processed/phase2/clancy/turn_clips/video/ma6ni-5zuW0/ma6ni-5zuW0_turn08386.mp4,/Users/rajeshpmu/Desktop/LegalMemoCMT/data/processed/phase2/clancy/turn_clips/audio/ma6ni-5zuW0/ma6ni-5zuW0_turn08384.wav | /Users/rajeshpmu/Desktop/LegalMemoCMT/data/processed/phase2/clancy/turn_clips/audio/ma6ni-5zuW0/ma6ni-5zuW0_turn08385.wav | /Users/rajeshpmu/Desktop/LegalMemoCMT/data/processed/phase2/clancy/turn_clips/audio/ma6ni-5zuW0/ma6ni-5zuW0_turn08386.wav,"Yes. || And then of course the horrible day, were you aware or did somebody call you and tell you that the children had been || [sighs]",UNKNOWN,LOW,UNKNOWN
sHUdRcABC-Q,/Users/rajeshpmu/Desktop/LegalMemoCMT/data/phase2/clancy/corpus/raw/psychiatrist-details-lindsay-clancy-s-hallucinations/psychiatrist-details-lindsay-clancy-s-hallucinations_sHUdRcABC-Q.wav,SPEAKER_03,126,125,632.793,sHUdRcABC-Q_turn11640 | sHUdRcABC-Q_turn11643 | sHUdRcABC-Q_turn11645,00:00:32.835 -> 00:00:37.478 | 00:00:46.258 -> 00:00:46.858 | 00:00:48.929 -> 00:00:50.179,/Users/rajeshpmu/Desktop/LegalMemoCMT/data/processed/phase2/clancy/turn_clips/video/sHUdRcABC-Q/sHUdRcABC-Q_turn11640.mp4 | /Users/rajeshpmu/Desktop/LegalMemoCMT/data/processed/phase2/clancy/turn_clips/video/sHUdRcABC-Q/sHUdRcABC-Q_turn11643.mp4 | /Users/rajeshpmu/Desktop/LegalMemoCMT/data/processed/phase2/clancy/turn_clips/video/sHUdRcABC-Q/sHUdRcABC-Q_turn11645.mp4,/Users/rajeshpmu/Desktop/LegalMemoCMT/data/processed/phase2/clancy/turn_clips/audio/sHUdRcABC-Q/sHUdRcABC-Q_turn11640.wav | /Users/rajeshpmu/Desktop/LegalMemoCMT/data/processed/phase2/clancy/turn_clips/audio/sHUdRcABC-Q/sHUdRcABC-Q_turn11643.wav | /Users/rajeshpmu/Desktop/LegalMemoCMT/data/processed/phase2/clancy/turn_clips/audio/sHUdRcABC-Q/sHUdRcABC-Q_turn11645.wav,"Thank you, honor. Good afternoon. Can you please state and spell your name for the record? || 5881. || I'm a psychiatrist.",UNKNOWN,LOW,UNKNOWN
1tyKO8mTdOM,/Users/rajeshpmu/Desktop/LegalMemoCMT/data/phase2/clancy/corpus/raw/live-lindsay-clancy-trial-day-15/live-lindsay-clancy-trial-day-15_1tyKO8mTdOM.wav,SPEAKER_10,120,399,1669.625,1tyKO8mTdOM_turn00397 | 1tyKO8mTdOM_turn00400 | 1tyKO8mTdOM_turn00401,01:02:58.909 -> 01:03:04.082 | 01:03:22.903 -> 01:03:45.715 | 01:03:45.715 -> 01:03:47.915,/Users/rajeshpmu/Desktop/LegalMemoCMT/data/processed/phase2/clancy/turn_clips/video/1tyKO8mTdOM/1tyKO8mTdOM_turn00397.mp4 | /Users/rajeshpmu/Desktop/LegalMemoCMT/data/processed/phase2/clancy/turn_clips/video/1tyKO8mTdOM/1tyKO8mTdOM_turn00400.mp4 | /Users/rajeshpmu/Desktop/LegalMemoCMT/data/processed/phase2/clancy/turn_clips/video/1tyKO8mTdOM/1tyKO8mTdOM_turn00401.mp4,/Users/rajeshpmu/Desktop/LegalMemoCMT/data/processed/phase2/clancy/turn_clips/audio/1tyKO8mTdOM/1tyKO8mTdOM_turn00397.wav | /Users/rajeshpmu/Desktop/LegalMemoCMT/data/processed/phase2/clancy/turn_clips/audio/1tyKO8mTdOM/1tyKO8mTdOM_turn00400.wav | /Users/rajeshpmu/Desktop/LegalMemoCMT/data/processed/phase2/clancy/turn_clips/audio/1tyKO8mTdOM/1tyKO8mTdOM_turn00401.wav,"My name is Donald Condi. C O N D I E. || I uh graduated from Tulain University, then spent some time at uh in graduate school at the University of New Orleans, then went to medical school at Louisiana State University in New Orleans, and then I came to Boston to the Massachusetts  || And where is that?",UNKNOWN,LOW,UNKNOWN
93sfJyLzhqM,/Users/rajeshpmu/Desktop/LegalMemoCMT/data/phase2/clancy/corpus/raw/live-ma-v-lindsay-clancy-day-8-accused-killer-mom-trial/live-ma-v-lindsay-clancy-day-8-accused-killer-mom-trial_93sfJyLzhqM.wav,SPEAKER_43,109,283,394.519,93sfJyLzhqM_turn02319 | 93sfJyLzhqM_turn02320 | 93sfJyLzhqM_turn02321,03:43:03.955 -> 03:43:07.475 | 03:43:07.475 -> 03:43:17.412 | 03:43:17.412 -> 03:43:19.466,/Users/rajeshpmu/Desktop/LegalMemoCMT/data/processed/phase2/clancy/turn_clips/video/93sfJyLzhqM/93sfJyLzhqM_turn02319.mp4 | /Users/rajeshpmu/Desktop/LegalMemoCMT/data/processed/phase2/clancy/turn_clips/video/93sfJyLzhqM/93sfJyLzhqM_turn02320.mp4 | /Users/rajeshpmu/Desktop/LegalMemoCMT/data/processed/phase2/clancy/turn_clips/video/93sfJyLzhqM/93sfJyLzhqM_turn02321.mp4,/Users/rajeshpmu/Desktop/LegalMemoCMT/data/processed/phase2/clancy/turn_clips/audio/93sfJyLzhqM/93sfJyLzhqM_turn02319.wav | /Users/rajeshpmu/Desktop/LegalMemoCMT/data/processed/phase2/clancy/turn_clips/audio/93sfJyLzhqM/93sfJyLzhqM_turn02320.wav | /Users/rajeshpmu/Desktop/LegalMemoCMT/data/processed/phase2/clancy/turn_clips/audio/93sfJyLzhqM/93sfJyLzhqM_turn02321.wav,Could you please state and spell your name for the record? || Yes. Christopher William Clancy. C H R I S T O P H E R W C L A N C Y. || And what's your date of birth?,UNKNOWN,LOW,UNKNOWN
1tyKO8mTdOM,/Users/rajeshpmu/Desktop/LegalMemoCMT/data/phase2/clancy/corpus/raw/live-lindsay-clancy-trial-day-15/live-lindsay-clancy-trial-day-15_1tyKO8mTdOM.wav,SPEAKER_01,101,320,746.116,1tyKO8mTdOM_turn00004 | 1tyKO8mTdOM_turn00005 | 1tyKO8mTdOM_turn00006,00:05:15.701 -> 00:05:18.903 | 00:05:18.903 -> 00:05:21.037 | 00:05:21.037 -> 00:05:37.618,/Users/rajeshpmu/Desktop/LegalMemoCMT/data/processed/phase2/clancy/turn_clips/video/1tyKO8mTdOM/1tyKO8mTdOM_turn00004.mp4 | /Users/rajeshpmu/Desktop/LegalMemoCMT/data/processed/phase2/clancy/turn_clips/video/1tyKO8mTdOM/1tyKO8mTdOM_turn00005.mp4 | /Users/rajeshpmu/Desktop/LegalMemoCMT/data/processed/phase2/clancy/turn_clips/video/1tyKO8mTdOM/1tyKO8mTdOM_turn00006.mp4,/Users/rajeshpmu/Desktop/LegalMemoCMT/data/processed/phase2/clancy/turn_clips/audio/1tyKO8mTdOM/1tyKO8mTdOM_turn00004.wav | /Users/rajeshpmu/Desktop/LegalMemoCMT/data/processed/phase2/clancy/turn_clips/audio/1tyKO8mTdOM/1tyKO8mTdOM_turn00005.wav | /Users/rajeshpmu/Desktop/LegalMemoCMT/data/processed/phase2/clancy/turn_clips/audio/1tyKO8mTdOM/1tyKO8mTdOM_turn00006.wav,"right. Well, good morning everyone. Good morning, council. || Good morning, Miss Clancy. || All right. Um, before we start, could I see everybody talk about today's schedule? All right, C. We ready for the jury?",UNKNOWN,LOW,UNKNOWN
sHUdRcABC-Q,/Users/rajeshpmu/Desktop/LegalMemoCMT/data/phase2/clancy/corpus/raw/psychiatrist-details-lindsay-clancy-s-hallucinations/psychiatrist-details-lindsay-clancy-s-hallucinations_sHUdRcABC-Q.wav,SPEAKER_01,98,108,490.791,sHUdRcABC-Q_turn11779 | sHUdRcABC-Q_turn11780 | sHUdRcABC-Q_turn11781,00:19:59.197 -> 00:20:21.250 | 00:20:21.250 -> 00:20:24.060 | 00:20:24.060 -> 00:20:26.100,/Users/rajeshpmu/Desktop/LegalMemoCMT/data/processed/phase2/clancy/turn_clips/video/sHUdRcABC-Q/sHUdRcABC-Q_turn11779.mp4 | /Users/rajeshpmu/Desktop/LegalMemoCMT/data/processed/phase2/clancy/turn_clips/video/sHUdRcABC-Q/sHUdRcABC-Q_turn11780.mp4 | /Users/rajeshpmu/Desktop/LegalMemoCMT/data/processed/phase2/clancy/turn_clips/video/sHUdRcABC-Q/sHUdRcABC-Q_turn11781.mp4,/Users/rajeshpmu/Desktop/LegalMemoCMT/data/processed/phase2/clancy/turn_clips/audio/sHUdRcABC-Q/sHUdRcABC-Q_turn11779.wav | /Users/rajeshpmu/Desktop/LegalMemoCMT/data/processed/phase2/clancy/turn_clips/audio/sHUdRcABC-Q/sHUdRcABC-Q_turn11780.wav | /Users/rajeshpmu/Desktop/LegalMemoCMT/data/processed/phase2/clancy/turn_clips/audio/sHUdRcABC-Q/sHUdRcABC-Q_turn11781.wav,"Thank you, Json. Afternoon. So, doctor, um, from from your testimony, and correct me if I'm wrong, was she, to your opinion, and your experience an honest patient telling you what her symptoms were, if || that's an evaluation in the psychiatric. || Allow I allow that question.",UNKNOWN,LOW,UNKNOWN
1tyKO8mTdOM,/Users/rajeshpmu/Desktop/LegalMemoCMT/data/phase2/clancy/corpus/raw/live-lindsay-clancy-trial-day-15/live-lindsay-clancy-trial-day-15_1tyKO8mTdOM.wav,SPEAKER_07,90,296,1215.593,1tyKO8mTdOM_turn01009 | 1tyKO8mTdOM_turn01010 | 1tyKO8mTdOM_turn01011,03:07:04.914 -> 03:07:08.345 | 03:07:08.345 -> 03:07:10.594 | 03:07:10.594 -> 03:07:12.546,/Users/rajeshpmu/Desktop/LegalMemoCMT/data/processed/phase2/clancy/turn_clips/video/1tyKO8mTdOM/1tyKO8mTdOM_turn01009.mp4 | /Users/rajeshpmu/Desktop/LegalMemoCMT/data/processed/phase2/clancy/turn_clips/video/1tyKO8mTdOM/1tyKO8mTdOM_turn01010.mp4 | /Users/rajeshpmu/Desktop/LegalMemoCMT/data/processed/phase2/clancy/turn_clips/video/1tyKO8mTdOM/1tyKO8mTdOM_turn01011.mp4,/Users/rajeshpmu/Desktop/LegalMemoCMT/data/processed/phase2/clancy/turn_clips/audio/1tyKO8mTdOM/1tyKO8mTdOM_turn01009.wav | /Users/rajeshpmu/Desktop/LegalMemoCMT/data/processed/phase2/clancy/turn_clips/audio/1tyKO8mTdOM/1tyKO8mTdOM_turn01010.wav | /Users/rajeshpmu/Desktop/LegalMemoCMT/data/processed/phase2/clancy/turn_clips/audio/1tyKO8mTdOM/1tyKO8mTdOM_turn01011.wav,"Good afternoon. Paul Zizel. Zei. Ze Lel. || And um what do you do for work, sir? || I'm a clinical and forensic psychologist.",UNKNOWN,LOW,UNKNOWN
93sfJyLzhqM,/Users/rajeshpmu/Desktop/LegalMemoCMT/data/phase2/clancy/corpus/raw/live-ma-v-lindsay-clancy-day-8-accused-killer-mom-trial/live-ma-v-lindsay-clancy-day-8-accused-killer-mom-trial_93sfJyLzhqM.wav,SPEAKER_05,82,307,927.864,93sfJyLzhqM_turn01288 | 93sfJyLzhqM_turn01289 | 93sfJyLzhqM_turn01294,00:29:31.825 -> 00:29:34.433 | 00:29:34.433 -> 00:39:48.572 | 00:40:29.673 -> 00:41:50.435,/Users/rajeshpmu/Desktop/LegalMemoCMT/data/processed/phase2/clancy/turn_clips/video/93sfJyLzhqM/93sfJyLzhqM_turn01288.mp4 | /Users/rajeshpmu/Desktop/LegalMemoCMT/data/processed/phase2/clancy/turn_clips/video/93sfJyLzhqM/93sfJyLzhqM_turn01289.mp4 | /Users/rajeshpmu/Desktop/LegalMemoCMT/data/processed/phase2/clancy/turn_clips/video/93sfJyLzhqM/93sfJyLzhqM_turn01294.mp4,/Users/rajeshpmu/Desktop/LegalMemoCMT/data/processed/phase2/clancy/turn_clips/audio/93sfJyLzhqM/93sfJyLzhqM_turn01288.wav | /Users/rajeshpmu/Desktop/LegalMemoCMT/data/processed/phase2/clancy/turn_clips/audio/93sfJyLzhqM/93sfJyLzhqM_turn01289.wav | /Users/rajeshpmu/Desktop/LegalMemoCMT/data/processed/phase2/clancy/turn_clips/audio/93sfJyLzhqM/93sfJyLzhqM_turn01294.wav,"Hi. Good morning, Miss Clancy. || All right. Um before we uh bring the jury in, uh let me talk to everybody just a little bit about uh this morning's proceedings. All right. Council I have it. || All right. Well, good morning everybody. Nice to see everybody again. Uh, thank you for being here. Uh, what I'm going to do is ask you those questions again. Uh, and then talk a little bit about today's schedule. Uh, and then we'll get rig",UNKNOWN,LOW,UNKNOWN
D6skXbDJJj8,/Users/rajeshpmu/Desktop/LegalMemoCMT/data/phase2/clancy/corpus/raw/live-lindsay-clancy-murder-trial-ma-v-lindsay-clancy-day-8/live-lindsay-clancy-murder-trial-ma-v-lindsay-clancy-day-8_D6skXbDJJj8.wav,SPEAKER_23,80,344,908.112,D6skXbDJJj8_turn04289 | D6skXbDJJj8_turn04290 | D6skXbDJJj8_turn04291,00:29:38.118 -> 00:29:39.661 | 00:29:39.661 -> 00:29:41.830 | 00:29:41.830 -> 00:39:19.982,/Users/rajeshpmu/Desktop/LegalMemoCMT/data/processed/phase2/clancy/turn_clips/video/D6skXbDJJj8/D6skXbDJJj8_turn04289.mp4 | /Users/rajeshpmu/Desktop/LegalMemoCMT/data/processed/phase2/clancy/turn_clips/video/D6skXbDJJj8/D6skXbDJJj8_turn04290.mp4 | /Users/rajeshpmu/Desktop/LegalMemoCMT/data/processed/phase2/clancy/turn_clips/video/D6skXbDJJj8/D6skXbDJJj8_turn04291.mp4,/Users/rajeshpmu/Desktop/LegalMemoCMT/data/processed/phase2/clancy/turn_clips/audio/D6skXbDJJj8/D6skXbDJJj8_turn04289.wav | /Users/rajeshpmu/Desktop/LegalMemoCMT/data/processed/phase2/clancy/turn_clips/audio/D6skXbDJJj8/D6skXbDJJj8_turn04290.wav | /Users/rajeshpmu/Desktop/LegalMemoCMT/data/processed/phase2/clancy/turn_clips/audio/D6skXbDJJj8/D6skXbDJJj8_turn04291.wav,"All right. Good morning, council. || Morning. All right. Good morning, Miss Clancy. || All right. Um before we uh bring the jury in, uh let me talk to everybody just a little bit about uh this morning's proceedings. All right. Council.",UNKNOWN,LOW,UNKNOWN
D5L_c9Mla1U,/Users/rajeshpmu/Desktop/LegalMemoCMT/data/phase2/clancy/corpus/raw/live-lindsay-clancy-trial-day-16/live-lindsay-clancy-trial-day-16_D5L_c9Mla1U.wav,SPEAKER_01,76,141,904.971,D5L_c9Mla1U_turn04027 | D5L_c9Mla1U_turn04029 | D5L_c9Mla1U_turn04030,02:07:54.709 -> 02:07:56.209 | 02:07:58.193 -> 02:08:05.538 | 02:08:05.538 -> 02:08:07.315,/Users/rajeshpmu/Desktop/LegalMemoCMT/data/processed/phase2/clancy/turn_clips/video/D5L_c9Mla1U/D5L_c9Mla1U_turn04027.mp4 | /Users/rajeshpmu/Desktop/LegalMemoCMT/data/processed/phase2/clancy/turn_clips/video/D5L_c9Mla1U/D5L_c9Mla1U_turn04029.mp4 | /Users/rajeshpmu/Desktop/LegalMemoCMT/data/processed/phase2/clancy/turn_clips/video/D5L_c9Mla1U/D5L_c9Mla1U_turn04030.mp4,/Users/rajeshpmu/Desktop/LegalMemoCMT/data/processed/phase2/clancy/turn_clips/audio/D5L_c9Mla1U/D5L_c9Mla1U_turn04027.wav | /Users/rajeshpmu/Desktop/LegalMemoCMT/data/processed/phase2/clancy/turn_clips/audio/D5L_c9Mla1U/D5L_c9Mla1U_turn04029.wav | /Users/rajeshpmu/Desktop/LegalMemoCMT/data/processed/phase2/clancy/turn_clips/audio/D5L_c9Mla1U/D5L_c9Mla1U_turn04030.wav,"Hey, good afternoon. || Thank you, Judge. Tell us your name. Spell your last name for the record, please. Um, Emily Thorndikeke. T H O R N D I K E. || And what town do you live in?",UNKNOWN,LOW,UNKNOWN
1tyKO8mTdOM,/Users/rajeshpmu/Desktop/LegalMemoCMT/data/phase2/clancy/corpus/raw/live-lindsay-clancy-trial-day-15/live-lindsay-clancy-trial-day-15_1tyKO8mTdOM.wav,SPEAKER_12,73,136,525.353,1tyKO8mTdOM_turn00340 | 1tyKO8mTdOM_turn00341 | 1tyKO8mTdOM_turn00344,00:43:49.595 -> 00:43:51.315 | 00:43:51.315 -> 00:43:52.314 | 00:45:05.341 -> 00:45:29.422,/Users/rajeshpmu/Desktop/LegalMemoCMT/data/processed/phase2/clancy/turn_clips/video/1tyKO8mTdOM/1tyKO8mTdOM_turn00340.mp4 | /Users/rajeshpmu/Desktop/LegalMemoCMT/data/processed/phase2/clancy/turn_clips/video/1tyKO8mTdOM/1tyKO8mTdOM_turn00341.mp4 | /Users/rajeshpmu/Desktop/LegalMemoCMT/data/processed/phase2/clancy/turn_clips/video/1tyKO8mTdOM/1tyKO8mTdOM_turn00344.mp4,/Users/rajeshpmu/Desktop/LegalMemoCMT/data/processed/phase2/clancy/turn_clips/audio/1tyKO8mTdOM/1tyKO8mTdOM_turn00340.wav | /Users/rajeshpmu/Desktop/LegalMemoCMT/data/processed/phase2/clancy/turn_clips/audio/1tyKO8mTdOM/1tyKO8mTdOM_turn00341.wav | /Users/rajeshpmu/Desktop/LegalMemoCMT/data/processed/phase2/clancy/turn_clips/audio/1tyKO8mTdOM/1tyKO8mTdOM_turn00344.wav,Yes. And um we are objecting to these || no || Is that the Commonwealth's objection is that the the window well is in the wrong place on the on the um drawing. And putting aside the late disclosure and the fact that I don't know if anyone who created this is going to come in and testify,UNKNOWN,LOW,UNKNOWN
DCBWoWhsTpA,/Users/rajeshpmu/Desktop/LegalMemoCMT/data/phase2/clancy/corpus/raw/live-lindsay-clancy-trial-day-14/live-lindsay-clancy-trial-day-14_DCBWoWhsTpA.wav,SPEAKER_16,73,195,609.014,DCBWoWhsTpA_turn05904 | DCBWoWhsTpA_turn05908 | DCBWoWhsTpA_turn05909,00:00:20.188 -> 00:00:23.372 | 00:03:04.550 -> 00:03:05.167 | 00:03:05.167 -> 00:05:04.949,/Users/rajeshpmu/Desktop/LegalMemoCMT/data/processed/phase2/clancy/turn_clips/video/DCBWoWhsTpA/DCBWoWhsTpA_turn05904.mp4 | /Users/rajeshpmu/Desktop/LegalMemoCMT/data/processed/phase2/clancy/turn_clips/video/DCBWoWhsTpA/DCBWoWhsTpA_turn05908.mp4 | /Users/rajeshpmu/Desktop/LegalMemoCMT/data/processed/phase2/clancy/turn_clips/video/DCBWoWhsTpA/DCBWoWhsTpA_turn05909.mp4,/Users/rajeshpmu/Desktop/LegalMemoCMT/data/processed/phase2/clancy/turn_clips/audio/DCBWoWhsTpA/DCBWoWhsTpA_turn05904.wav | /Users/rajeshpmu/Desktop/LegalMemoCMT/data/processed/phase2/clancy/turn_clips/audio/DCBWoWhsTpA/DCBWoWhsTpA_turn05908.wav | /Users/rajeshpmu/Desktop/LegalMemoCMT/data/processed/phase2/clancy/turn_clips/audio/DCBWoWhsTpA/DCBWoWhsTpA_turn05909.wav,"All right. Well, good morning everyone. Good morning, council. Uh, || Well, good morning everyone. || Nice to see everyone. I hope everybody had a chance to kind of rest up a little bit uh and uh come back here and we're going to get right back to the trial. So, I want to do first ask you those questions since we had a long a long break uh ",UNKNOWN,LOW,UNKNOWN
LGYerNiA8kI,/Users/rajeshpmu/Desktop/LegalMemoCMT/data/phase2/clancy/corpus/raw/clancy-children-s-pediatrician-testifies-about-seeing-lindsay-hours-be/clancy-children-s-pediatrician-testifies-about-seeing-lindsay-hours-be_LGYerNiA8kI.wav,SPEAKER_03,69,90,328.659,LGYerNiA8kI_turn07041 | LGYerNiA8kI_turn07042 | LGYerNiA8kI_turn07043,00:00:13.622 -> 00:00:16.499 | 00:00:16.499 -> 00:00:20.232 | 00:00:20.232 -> 00:00:20.957,/Users/rajeshpmu/Desktop/LegalMemoCMT/data/processed/phase2/clancy/turn_clips/video/LGYerNiA8kI/LGYerNiA8kI_turn07041.mp4 | /Users/rajeshpmu/Desktop/LegalMemoCMT/data/processed/phase2/clancy/turn_clips/video/LGYerNiA8kI/LGYerNiA8kI_turn07042.mp4 | /Users/rajeshpmu/Desktop/LegalMemoCMT/data/processed/phase2/clancy/turn_clips/video/LGYerNiA8kI/LGYerNiA8kI_turn07043.mp4,/Users/rajeshpmu/Desktop/LegalMemoCMT/data/processed/phase2/clancy/turn_clips/audio/LGYerNiA8kI/LGYerNiA8kI_turn07041.wav | /Users/rajeshpmu/Desktop/LegalMemoCMT/data/processed/phase2/clancy/turn_clips/audio/LGYerNiA8kI/LGYerNiA8kI_turn07042.wav | /Users/rajeshpmu/Desktop/LegalMemoCMT/data/processed/phase2/clancy/turn_clips/audio/LGYerNiA8kI/LGYerNiA8kI_turn07043.wav,I work at Quincy Pediatrics. || Back in um 2023. Um where did you work? || Southshore Medical Center.,UNKNOWN,LOW,UNKNOWN
1tyKO8mTdOM,/Users/rajeshpmu/Desktop/LegalMemoCMT/data/phase2/clancy/corpus/raw/live-lindsay-clancy-trial-day-15/live-lindsay-clancy-trial-day-15_1tyKO8mTdOM.wav,SPEAKER_14,62,244,1378.994,1tyKO8mTdOM_turn00792 | 1tyKO8mTdOM_turn00794 | 1tyKO8mTdOM_turn00797,02:17:06.374 -> 02:17:08.432 | 02:17:19.099 -> 02:17:24.462 | 02:17:35.620 -> 02:17:59.220,/Users/rajeshpmu/Desktop/LegalMemoCMT/data/processed/phase2/clancy/turn_clips/video/1tyKO8mTdOM/1tyKO8mTdOM_turn00792.mp4 | /Users/rajeshpmu/Desktop/LegalMemoCMT/data/processed/phase2/clancy/turn_clips/video/1tyKO8mTdOM/1tyKO8mTdOM_turn00794.mp4 | /Users/rajeshpmu/Desktop/LegalMemoCMT/data/processed/phase2/clancy/turn_clips/video/1tyKO8mTdOM/1tyKO8mTdOM_turn00797.mp4,/Users/rajeshpmu/Desktop/LegalMemoCMT/data/processed/phase2/clancy/turn_clips/audio/1tyKO8mTdOM/1tyKO8mTdOM_turn00792.wav | /Users/rajeshpmu/Desktop/LegalMemoCMT/data/processed/phase2/clancy/turn_clips/audio/1tyKO8mTdOM/1tyKO8mTdOM_turn00794.wav | /Users/rajeshpmu/Desktop/LegalMemoCMT/data/processed/phase2/clancy/turn_clips/audio/1tyKO8mTdOM/1tyKO8mTdOM_turn00797.wav,"Um you're a little echoey, but I can hear you. || Um Dr. Elizabeth Laada, L A P O S A T A. || Okay. [clears throat] Uh tell us what you do for work, doctor. Uh well I'm a uh medical doctor uh board certified in anatomic and forensic pathology. So I have a active practice in forensic pathology where I review um cases to understand ho",UNKNOWN,LOW,UNKNOWN
ma6ni-5zuW0,/Users/rajeshpmu/Desktop/LegalMemoCMT/data/phase2/clancy/corpus/raw/lindsay-clancy-trial-lindsay-s-mother-describes-her-daughter-s-anxiety/lindsay-clancy-trial-lindsay-s-mother-describes-her-daughter-s-anxiety_ma6ni-5zuW0.wav,SPEAKER_00,58,127,303.446,ma6ni-5zuW0_turn08420 | ma6ni-5zuW0_turn08424 | ma6ni-5zuW0_turn08432,00:02:33.350 -> 00:02:34.384 | 00:02:44.438 -> 00:02:52.500 | 00:03:18.545 -> 00:03:27.425,/Users/rajeshpmu/Desktop/LegalMemoCMT/data/processed/phase2/clancy/turn_clips/video/ma6ni-5zuW0/ma6ni-5zuW0_turn08420.mp4 | /Users/rajeshpmu/Desktop/LegalMemoCMT/data/processed/phase2/clancy/turn_clips/video/ma6ni-5zuW0/ma6ni-5zuW0_turn08424.mp4 | /Users/rajeshpmu/Desktop/LegalMemoCMT/data/processed/phase2/clancy/turn_clips/video/ma6ni-5zuW0/ma6ni-5zuW0_turn08432.mp4,/Users/rajeshpmu/Desktop/LegalMemoCMT/data/processed/phase2/clancy/turn_clips/audio/ma6ni-5zuW0/ma6ni-5zuW0_turn08420.wav | /Users/rajeshpmu/Desktop/LegalMemoCMT/data/processed/phase2/clancy/turn_clips/audio/ma6ni-5zuW0/ma6ni-5zuW0_turn08424.wav | /Users/rajeshpmu/Desktop/LegalMemoCMT/data/processed/phase2/clancy/turn_clips/audio/ma6ni-5zuW0/ma6ni-5zuW0_turn08432.wav,"Good afternoon. || My name is Paula Musgrove. P A U L A M U S G R O V E || She was a very good kid and an excellent student. Very excellent student all through all through school, through high school, college. Yes, excellent.",UNKNOWN,LOW,UNKNOWN
sHUdRcABC-Q,/Users/rajeshpmu/Desktop/LegalMemoCMT/data/phase2/clancy/corpus/raw/psychiatrist-details-lindsay-clancy-s-hallucinations/psychiatrist-details-lindsay-clancy-s-hallucinations_sHUdRcABC-Q.wav,SPEAKER_02,57,90,784.808,sHUdRcABC-Q_turn11641 | sHUdRcABC-Q_turn11642 | sHUdRcABC-Q_turn11644,00:00:37.478 -> 00:00:43.936 | 00:00:43.936 -> 00:00:46.258 | 00:00:46.779 -> 00:00:48.929,/Users/rajeshpmu/Desktop/LegalMemoCMT/data/processed/phase2/clancy/turn_clips/video/sHUdRcABC-Q/sHUdRcABC-Q_turn11641.mp4 | /Users/rajeshpmu/Desktop/LegalMemoCMT/data/processed/phase2/clancy/turn_clips/video/sHUdRcABC-Q/sHUdRcABC-Q_turn11642.mp4 | /Users/rajeshpmu/Desktop/LegalMemoCMT/data/processed/phase2/clancy/turn_clips/video/sHUdRcABC-Q/sHUdRcABC-Q_turn11644.mp4,/Users/rajeshpmu/Desktop/LegalMemoCMT/data/processed/phase2/clancy/turn_clips/audio/sHUdRcABC-Q/sHUdRcABC-Q_turn11641.wav | /Users/rajeshpmu/Desktop/LegalMemoCMT/data/processed/phase2/clancy/turn_clips/audio/sHUdRcABC-Q/sHUdRcABC-Q_turn11642.wav | /Users/rajeshpmu/Desktop/LegalMemoCMT/data/processed/phase2/clancy/turn_clips/audio/sHUdRcABC-Q/sHUdRcABC-Q_turn11644.wav,"Sure. Um, my first name is Sageel. S E J A L. Last name is Shaw. S H Ah. || What's your date of birth? || What do you do for a living?",UNKNOWN,LOW,UNKNOWN
DCBWoWhsTpA,/Users/rajeshpmu/Desktop/LegalMemoCMT/data/phase2/clancy/corpus/raw/live-lindsay-clancy-trial-day-14/live-lindsay-clancy-trial-day-14_DCBWoWhsTpA.wav,SPEAKER_02,56,170,527.330,DCBWoWhsTpA_turn06677 | DCBWoWhsTpA_turn06685 | DCBWoWhsTpA_turn06696,02:00:36.649 -> 02:00:45.155 | 02:01:10.103 -> 02:01:19.829 | 02:01:55.204 -> 02:02:12.414,/Users/rajeshpmu/Desktop/LegalMemoCMT/data/processed/phase2/clancy/turn_clips/video/DCBWoWhsTpA/DCBWoWhsTpA_turn06677.mp4 | /Users/rajeshpmu/Desktop/LegalMemoCMT/data/processed/phase2/clancy/turn_clips/video/DCBWoWhsTpA/DCBWoWhsTpA_turn06685.mp4 | /Users/rajeshpmu/Desktop/LegalMemoCMT/data/processed/phase2/clancy/turn_clips/video/DCBWoWhsTpA/DCBWoWhsTpA_turn06696.mp4,/Users/rajeshpmu/Desktop/LegalMemoCMT/data/processed/phase2/clancy/turn_clips/audio/DCBWoWhsTpA/DCBWoWhsTpA_turn06677.wav | /Users/rajeshpmu/Desktop/LegalMemoCMT/data/processed/phase2/clancy/turn_clips/audio/DCBWoWhsTpA/DCBWoWhsTpA_turn06685.wav | /Users/rajeshpmu/Desktop/LegalMemoCMT/data/processed/phase2/clancy/turn_clips/audio/DCBWoWhsTpA/DCBWoWhsTpA_turn06696.wav,"Uh, my name is Paula Musgrove. P A U L A M U S G R O V E. || She was a very good kid and an excellent student. Very excellent student all through all through school, through high school, college? Yes. Excellent. || I loved my grandchildren with all my heart. You never know what it's like to love a grandchild until you become a grandmother. and it was the most beautiful thing. [gasps] I love them with all my heart.",UNKNOWN,LOW,UNKNOWN
D6skXbDJJj8,/Users/rajeshpmu/Desktop/LegalMemoCMT/data/phase2/clancy/corpus/raw/live-lindsay-clancy-murder-trial-ma-v-lindsay-clancy-day-8/live-lindsay-clancy-murder-trial-ma-v-lindsay-clancy-day-8_D6skXbDJJj8.wav,SPEAKER_15,53,160,196.976,D6skXbDJJj8_turn05344 | D6skXbDJJj8_turn05345 | D6skXbDJJj8_turn05346,03:43:20.835 -> 03:43:24.435 | 03:43:24.435 -> 03:43:34.352 | 03:43:34.352 -> 03:43:36.357,/Users/rajeshpmu/Desktop/LegalMemoCMT/data/processed/phase2/clancy/turn_clips/video/D6skXbDJJj8/D6skXbDJJj8_turn05344.mp4 | /Users/rajeshpmu/Desktop/LegalMemoCMT/data/processed/phase2/clancy/turn_clips/video/D6skXbDJJj8/D6skXbDJJj8_turn05345.mp4 | /Users/rajeshpmu/Desktop/LegalMemoCMT/data/processed/phase2/clancy/turn_clips/video/D6skXbDJJj8/D6skXbDJJj8_turn05346.mp4,/Users/rajeshpmu/Desktop/LegalMemoCMT/data/processed/phase2/clancy/turn_clips/audio/D6skXbDJJj8/D6skXbDJJj8_turn05344.wav | /Users/rajeshpmu/Desktop/LegalMemoCMT/data/processed/phase2/clancy/turn_clips/audio/D6skXbDJJj8/D6skXbDJJj8_turn05345.wav | /Users/rajeshpmu/Desktop/LegalMemoCMT/data/processed/phase2/clancy/turn_clips/audio/D6skXbDJJj8/D6skXbDJJj8_turn05346.wav,Could you please state and spell your name for the record? || Yes. Christopher William Clancy. C H R I S T O P H E R W C L A N C Y. || And what's your date of birth?,UNKNOWN,LOW,UNKNOWN
LGYerNiA8kI,/Users/rajeshpmu/Desktop/LegalMemoCMT/data/phase2/clancy/corpus/raw/clancy-children-s-pediatrician-testifies-about-seeing-lindsay-hours-be/clancy-children-s-pediatrician-testifies-about-seeing-lindsay-hours-be_LGYerNiA8kI.wav,SPEAKER_00,53,72,225.859,LGYerNiA8kI_turn07062 | LGYerNiA8kI_turn07063 | LGYerNiA8kI_turn07125,00:02:11.757 -> 00:02:14.130 | 00:02:14.130 -> 00:02:25.273 | 00:10:28.636 -> 00:10:31.460,/Users/rajeshpmu/Desktop/LegalMemoCMT/data/processed/phase2/clancy/turn_clips/video/LGYerNiA8kI/LGYerNiA8kI_turn07062.mp4 | /Users/rajeshpmu/Desktop/LegalMemoCMT/data/processed/phase2/clancy/turn_clips/video/LGYerNiA8kI/LGYerNiA8kI_turn07063.mp4 | /Users/rajeshpmu/Desktop/LegalMemoCMT/data/processed/phase2/clancy/turn_clips/video/LGYerNiA8kI/LGYerNiA8kI_turn07125.mp4,/Users/rajeshpmu/Desktop/LegalMemoCMT/data/processed/phase2/clancy/turn_clips/audio/LGYerNiA8kI/LGYerNiA8kI_turn07062.wav | /Users/rajeshpmu/Desktop/LegalMemoCMT/data/processed/phase2/clancy/turn_clips/audio/LGYerNiA8kI/LGYerNiA8kI_turn07063.wav | /Users/rajeshpmu/Desktop/LegalMemoCMT/data/processed/phase2/clancy/turn_clips/audio/LGYerNiA8kI/LGYerNiA8kI_turn07125.wav,Any objection? || They may be admitted. || Good morning.,UNKNOWN,LOW,UNKNOWN
93sfJyLzhqM,/Users/rajeshpmu/Desktop/LegalMemoCMT/data/phase2/clancy/corpus/raw/live-ma-v-lindsay-clancy-day-8-accused-killer-mom-trial/live-ma-v-lindsay-clancy-day-8-accused-killer-mom-trial_93sfJyLzhqM.wav,SPEAKER_17,49,130,339.108,93sfJyLzhqM_turn02143 | 93sfJyLzhqM_turn02144 | 93sfJyLzhqM_turn02145,03:23:50.697 -> 03:24:19.596 | 03:24:19.596 -> 03:24:25.061 | 03:24:25.061 -> 03:24:26.974,/Users/rajeshpmu/Desktop/LegalMemoCMT/data/processed/phase2/clancy/turn_clips/video/93sfJyLzhqM/93sfJyLzhqM_turn02143.mp4 | /Users/rajeshpmu/Desktop/LegalMemoCMT/data/processed/phase2/clancy/turn_clips/video/93sfJyLzhqM/93sfJyLzhqM_turn02144.mp4 | /Users/rajeshpmu/Desktop/LegalMemoCMT/data/processed/phase2/clancy/turn_clips/video/93sfJyLzhqM/93sfJyLzhqM_turn02145.mp4,/Users/rajeshpmu/Desktop/LegalMemoCMT/data/processed/phase2/clancy/turn_clips/audio/93sfJyLzhqM/93sfJyLzhqM_turn02143.wav | /Users/rajeshpmu/Desktop/LegalMemoCMT/data/processed/phase2/clancy/turn_clips/audio/93sfJyLzhqM/93sfJyLzhqM_turn02144.wav | /Users/rajeshpmu/Desktop/LegalMemoCMT/data/processed/phase2/clancy/turn_clips/audio/93sfJyLzhqM/93sfJyLzhqM_turn02145.wav,"Good afternoon. Good afternoon. Can you please state and spell your name for the record? Amy Beavens. A m V I N S. And your date of birth? 82290. Do you live in Connecticut? Yes. Uh, what do you do for work? I'm a licensed behavior analyst, || Um, 6 years. I was a special education teacher before that for a long time as well. || U, do you know Lindsay Clancy?",UNKNOWN,LOW,UNKNOWN
D6skXbDJJj8,/Users/rajeshpmu/Desktop/LegalMemoCMT/data/phase2/clancy/corpus/raw/live-lindsay-clancy-murder-trial-ma-v-lindsay-clancy-day-8/live-lindsay-clancy-murder-trial-ma-v-lindsay-clancy-day-8_D6skXbDJJj8.wav,SPEAKER_29,46,130,276.074,D6skXbDJJj8_turn05163 | D6skXbDJJj8_turn05164 | D6skXbDJJj8_turn05165,03:24:07.597 -> 03:24:11.621 | 03:24:11.621 -> 03:24:21.159 | 03:24:21.159 -> 03:24:23.829,/Users/rajeshpmu/Desktop/LegalMemoCMT/data/processed/phase2/clancy/turn_clips/video/D6skXbDJJj8/D6skXbDJJj8_turn05163.mp4 | /Users/rajeshpmu/Desktop/LegalMemoCMT/data/processed/phase2/clancy/turn_clips/video/D6skXbDJJj8/D6skXbDJJj8_turn05164.mp4 | /Users/rajeshpmu/Desktop/LegalMemoCMT/data/processed/phase2/clancy/turn_clips/video/D6skXbDJJj8/D6skXbDJJj8_turn05165.mp4,/Users/rajeshpmu/Desktop/LegalMemoCMT/data/processed/phase2/clancy/turn_clips/audio/D6skXbDJJj8/D6skXbDJJj8_turn05163.wav | /Users/rajeshpmu/Desktop/LegalMemoCMT/data/processed/phase2/clancy/turn_clips/audio/D6skXbDJJj8/D6skXbDJJj8_turn05164.wav | /Users/rajeshpmu/Desktop/LegalMemoCMT/data/processed/phase2/clancy/turn_clips/audio/D6skXbDJJj8/D6skXbDJJj8_turn05165.wav,"Good afternoon. Good afternoon. Can you please state and spell your name for the record? || Amy Beavens. A M Y V E V I N S. And your date of birth? 82290. Do you live in Connecticut? || Yes. Uh, what do you do for work?",UNKNOWN,LOW,UNKNOWN
93sfJyLzhqM,/Users/rajeshpmu/Desktop/LegalMemoCMT/data/phase2/clancy/corpus/raw/live-ma-v-lindsay-clancy-day-8-accused-killer-mom-trial/live-ma-v-lindsay-clancy-day-8-accused-killer-mom-trial_93sfJyLzhqM.wav,SPEAKER_25,45,117,447.797,93sfJyLzhqM_turn01822 | 93sfJyLzhqM_turn01827 | 93sfJyLzhqM_turn01828,02:11:56.870 -> 02:11:57.685 | 02:12:09.483 -> 02:12:15.852 | 02:12:15.852 -> 02:12:17.753,/Users/rajeshpmu/Desktop/LegalMemoCMT/data/processed/phase2/clancy/turn_clips/video/93sfJyLzhqM/93sfJyLzhqM_turn01822.mp4 | /Users/rajeshpmu/Desktop/LegalMemoCMT/data/processed/phase2/clancy/turn_clips/video/93sfJyLzhqM/93sfJyLzhqM_turn01827.mp4 | /Users/rajeshpmu/Desktop/LegalMemoCMT/data/processed/phase2/clancy/turn_clips/video/93sfJyLzhqM/93sfJyLzhqM_turn01828.mp4,/Users/rajeshpmu/Desktop/LegalMemoCMT/data/processed/phase2/clancy/turn_clips/audio/93sfJyLzhqM/93sfJyLzhqM_turn01822.wav | /Users/rajeshpmu/Desktop/LegalMemoCMT/data/processed/phase2/clancy/turn_clips/audio/93sfJyLzhqM/93sfJyLzhqM_turn01827.wav | /Users/rajeshpmu/Desktop/LegalMemoCMT/data/processed/phase2/clancy/turn_clips/audio/93sfJyLzhqM/93sfJyLzhqM_turn01828.wav,Good morning. || Andrea Henan. A N D R E A H E N I G A N. || And your date of birth?,UNKNOWN,LOW,UNKNOWN
D6skXbDJJj8,/Users/rajeshpmu/Desktop/LegalMemoCMT/data/phase2/clancy/corpus/raw/live-lindsay-clancy-murder-trial-ma-v-lindsay-clancy-day-8/live-lindsay-clancy-murder-trial-ma-v-lindsay-clancy-day-8_D6skXbDJJj8.wav,SPEAKER_08,43,111,447.924,D6skXbDJJj8_turn04838 | D6skXbDJJj8_turn04839 | D6skXbDJJj8_turn04840,02:12:26.521 -> 02:12:32.198 | 02:12:32.198 -> 02:12:34.793 | 02:12:34.793 -> 02:12:36.261,/Users/rajeshpmu/Desktop/LegalMemoCMT/data/processed/phase2/clancy/turn_clips/video/D6skXbDJJj8/D6skXbDJJj8_turn04838.mp4 | /Users/rajeshpmu/Desktop/LegalMemoCMT/data/processed/phase2/clancy/turn_clips/video/D6skXbDJJj8/D6skXbDJJj8_turn04839.mp4 | /Users/rajeshpmu/Desktop/LegalMemoCMT/data/processed/phase2/clancy/turn_clips/video/D6skXbDJJj8/D6skXbDJJj8_turn04840.mp4,/Users/rajeshpmu/Desktop/LegalMemoCMT/data/processed/phase2/clancy/turn_clips/audio/D6skXbDJJj8/D6skXbDJJj8_turn04838.wav | /Users/rajeshpmu/Desktop/LegalMemoCMT/data/processed/phase2/clancy/turn_clips/audio/D6skXbDJJj8/D6skXbDJJj8_turn04839.wav | /Users/rajeshpmu/Desktop/LegalMemoCMT/data/processed/phase2/clancy/turn_clips/audio/D6skXbDJJj8/D6skXbDJJj8_turn04840.wav,"Andrea Henigan. A N D R E A H E N I G A N. || And your date of birth? || March 11th, 1976.",UNKNOWN,LOW,UNKNOWN
peYoD-JkAXE,/Users/rajeshpmu/Desktop/LegalMemoCMT/data/phase2/clancy/corpus/raw/dr-jennifer-tufts-psychiatrist-full-testimony-ma-v-lindsay-clancy/dr-jennifer-tufts-psychiatrist-full-testimony-ma-v-lindsay-clancy_peYoD-JkAXE.wav,SPEAKER_05,43,79,146.173,peYoD-JkAXE_turn08700 | peYoD-JkAXE_turn08723 | peYoD-JkAXE_turn08724,00:12:37.144 -> 00:12:38.511 | 00:15:00.418 -> 00:15:01.018 | 00:15:00.995 -> 00:15:01.971,/Users/rajeshpmu/Desktop/LegalMemoCMT/data/processed/phase2/clancy/turn_clips/video/peYoD-JkAXE/peYoD-JkAXE_turn08700.mp4 | /Users/rajeshpmu/Desktop/LegalMemoCMT/data/processed/phase2/clancy/turn_clips/video/peYoD-JkAXE/peYoD-JkAXE_turn08723.mp4 | /Users/rajeshpmu/Desktop/LegalMemoCMT/data/processed/phase2/clancy/turn_clips/video/peYoD-JkAXE/peYoD-JkAXE_turn08724.mp4,/Users/rajeshpmu/Desktop/LegalMemoCMT/data/processed/phase2/clancy/turn_clips/audio/peYoD-JkAXE/peYoD-JkAXE_turn08700.wav | /Users/rajeshpmu/Desktop/LegalMemoCMT/data/processed/phase2/clancy/turn_clips/audio/peYoD-JkAXE/peYoD-JkAXE_turn08723.wav | /Users/rajeshpmu/Desktop/LegalMemoCMT/data/processed/phase2/clancy/turn_clips/audio/peYoD-JkAXE/peYoD-JkAXE_turn08724.wav,and the date is 912. || Yes. || Good.,UNKNOWN,LOW,UNKNOWN
DCBWoWhsTpA,/Users/rajeshpmu/Desktop/LegalMemoCMT/data/phase2/clancy/corpus/raw/live-lindsay-clancy-trial-day-14/live-lindsay-clancy-trial-day-14_DCBWoWhsTpA.wav,SPEAKER_17,42,54,369.987,DCBWoWhsTpA_turn06938 | DCBWoWhsTpA_turn06939 | DCBWoWhsTpA_turn06940,02:48:54.460 -> 02:49:01.630 | 02:49:01.630 -> 02:49:04.433 | 02:49:04.433 -> 02:49:07.398,/Users/rajeshpmu/Desktop/LegalMemoCMT/data/processed/phase2/clancy/turn_clips/video/DCBWoWhsTpA/DCBWoWhsTpA_turn06938.mp4 | /Users/rajeshpmu/Desktop/LegalMemoCMT/data/processed/phase2/clancy/turn_clips/video/DCBWoWhsTpA/DCBWoWhsTpA_turn06939.mp4 | /Users/rajeshpmu/Desktop/LegalMemoCMT/data/processed/phase2/clancy/turn_clips/video/DCBWoWhsTpA/DCBWoWhsTpA_turn06940.mp4,/Users/rajeshpmu/Desktop/LegalMemoCMT/data/processed/phase2/clancy/turn_clips/audio/DCBWoWhsTpA/DCBWoWhsTpA_turn06938.wav | /Users/rajeshpmu/Desktop/LegalMemoCMT/data/processed/phase2/clancy/turn_clips/audio/DCBWoWhsTpA/DCBWoWhsTpA_turn06939.wav | /Users/rajeshpmu/Desktop/LegalMemoCMT/data/processed/phase2/clancy/turn_clips/audio/DCBWoWhsTpA/DCBWoWhsTpA_turn06940.wav,"It's Michael Wulovich. It's uh Visen Victor. U L F as in Frank. O V is invari. || And um what do you do for work, sir? || Uh I'm an emergency medicine doctor. I work full-time at Newton Welsley Hospital.",UNKNOWN,LOW,UNKNOWN
D6skXbDJJj8,/Users/rajeshpmu/Desktop/LegalMemoCMT/data/phase2/clancy/corpus/raw/live-lindsay-clancy-murder-trial-ma-v-lindsay-clancy-day-8/live-lindsay-clancy-murder-trial-ma-v-lindsay-clancy-day-8_D6skXbDJJj8.wav,SPEAKER_27,40,88,181.012,D6skXbDJJj8_turn04958 | D6skXbDJJj8_turn04959 | D6skXbDJJj8_turn04960,02:30:43.967 -> 02:30:44.567 | 02:30:44.339 -> 02:30:48.852 | 02:30:48.852 -> 02:30:55.987,/Users/rajeshpmu/Desktop/LegalMemoCMT/data/processed/phase2/clancy/turn_clips/video/D6skXbDJJj8/D6skXbDJJj8_turn04958.mp4 | /Users/rajeshpmu/Desktop/LegalMemoCMT/data/processed/phase2/clancy/turn_clips/video/D6skXbDJJj8/D6skXbDJJj8_turn04959.mp4 | /Users/rajeshpmu/Desktop/LegalMemoCMT/data/processed/phase2/clancy/turn_clips/video/D6skXbDJJj8/D6skXbDJJj8_turn04960.mp4,/Users/rajeshpmu/Desktop/LegalMemoCMT/data/processed/phase2/clancy/turn_clips/audio/D6skXbDJJj8/D6skXbDJJj8_turn04958.wav | /Users/rajeshpmu/Desktop/LegalMemoCMT/data/processed/phase2/clancy/turn_clips/audio/D6skXbDJJj8/D6skXbDJJj8_turn04959.wav | /Users/rajeshpmu/Desktop/LegalMemoCMT/data/processed/phase2/clancy/turn_clips/audio/D6skXbDJJj8/D6skXbDJJj8_turn04960.wav,"council. || Thank you. Can you please state and spell your name for the record? || Um, Bethany Dalibus. B E T H A N Y D E C O L L I B U S.",UNKNOWN,LOW,UNKNOWN
peYoD-JkAXE,/Users/rajeshpmu/Desktop/LegalMemoCMT/data/phase2/clancy/corpus/raw/dr-jennifer-tufts-psychiatrist-full-testimony-ma-v-lindsay-clancy/dr-jennifer-tufts-psychiatrist-full-testimony-ma-v-lindsay-clancy_peYoD-JkAXE.wav,UNKNOWN,40,0,0.000,peYoD-JkAXE_turn08610 | peYoD-JkAXE_turn08630 | peYoD-JkAXE_turn08764,00:01:40.675 -> 00:01:47.670 | 00:04:15.312 -> 00:04:16.069 | 00:21:29.352 -> 00:21:30.230,/Users/rajeshpmu/Desktop/LegalMemoCMT/data/processed/phase2/clancy/turn_clips/video/peYoD-JkAXE/peYoD-JkAXE_turn08610.mp4 | /Users/rajeshpmu/Desktop/LegalMemoCMT/data/processed/phase2/clancy/turn_clips/video/peYoD-JkAXE/peYoD-JkAXE_turn08630.mp4 | /Users/rajeshpmu/Desktop/LegalMemoCMT/data/processed/phase2/clancy/turn_clips/video/peYoD-JkAXE/peYoD-JkAXE_turn08764.mp4,/Users/rajeshpmu/Desktop/LegalMemoCMT/data/processed/phase2/clancy/turn_clips/audio/peYoD-JkAXE/peYoD-JkAXE_turn08610.wav | /Users/rajeshpmu/Desktop/LegalMemoCMT/data/processed/phase2/clancy/turn_clips/audio/peYoD-JkAXE/peYoD-JkAXE_turn08630.wav | /Users/rajeshpmu/Desktop/LegalMemoCMT/data/processed/phase2/clancy/turn_clips/audio/peYoD-JkAXE/peYoD-JkAXE_turn08764.wav,They may be admitted. [clears throat] || Correct. || No.,UNKNOWN,LOW,UNKNOWN
93sfJyLzhqM,/Users/rajeshpmu/Desktop/LegalMemoCMT/data/phase2/clancy/corpus/raw/live-ma-v-lindsay-clancy-day-8-accused-killer-mom-trial/live-ma-v-lindsay-clancy-day-8-accused-killer-mom-trial_93sfJyLzhqM.wav,SPEAKER_26,39,93,186.903,93sfJyLzhqM_turn01947 | 93sfJyLzhqM_turn01948 | 93sfJyLzhqM_turn01949,02:30:24.710 -> 02:30:26.927 | 02:30:26.927 -> 02:30:27.527 | 02:30:27.289 -> 02:30:31.757,/Users/rajeshpmu/Desktop/LegalMemoCMT/data/processed/phase2/clancy/turn_clips/video/93sfJyLzhqM/93sfJyLzhqM_turn01947.mp4 | /Users/rajeshpmu/Desktop/LegalMemoCMT/data/processed/phase2/clancy/turn_clips/video/93sfJyLzhqM/93sfJyLzhqM_turn01948.mp4 | /Users/rajeshpmu/Desktop/LegalMemoCMT/data/processed/phase2/clancy/turn_clips/video/93sfJyLzhqM/93sfJyLzhqM_turn01949.mp4,/Users/rajeshpmu/Desktop/LegalMemoCMT/data/processed/phase2/clancy/turn_clips/audio/93sfJyLzhqM/93sfJyLzhqM_turn01947.wav | /Users/rajeshpmu/Desktop/LegalMemoCMT/data/processed/phase2/clancy/turn_clips/audio/93sfJyLzhqM/93sfJyLzhqM_turn01948.wav | /Users/rajeshpmu/Desktop/LegalMemoCMT/data/processed/phase2/clancy/turn_clips/audio/93sfJyLzhqM/93sfJyLzhqM_turn01949.wav,All right. Good morning. || council. || Thank you. Can you please state and spell your name for the record?,UNKNOWN,LOW,UNKNOWN
D5L_c9Mla1U,/Users/rajeshpmu/Desktop/LegalMemoCMT/data/phase2/clancy/corpus/raw/live-lindsay-clancy-trial-day-16/live-lindsay-clancy-trial-day-16_D5L_c9Mla1U.wav,SPEAKER_03,38,177,533.737,D5L_c9Mla1U_turn03210 | D5L_c9Mla1U_turn03211 | D5L_c9Mla1U_turn03212,00:00:06.275 -> 00:00:17.300 | 00:00:17.300 -> 00:00:19.395 | 00:00:19.395 -> 00:00:20.770,/Users/rajeshpmu/Desktop/LegalMemoCMT/data/processed/phase2/clancy/turn_clips/video/D5L_c9Mla1U/D5L_c9Mla1U_turn03210.mp4 | /Users/rajeshpmu/Desktop/LegalMemoCMT/data/processed/phase2/clancy/turn_clips/video/D5L_c9Mla1U/D5L_c9Mla1U_turn03211.mp4 | /Users/rajeshpmu/Desktop/LegalMemoCMT/data/processed/phase2/clancy/turn_clips/video/D5L_c9Mla1U/D5L_c9Mla1U_turn03212.mp4,/Users/rajeshpmu/Desktop/LegalMemoCMT/data/processed/phase2/clancy/turn_clips/audio/D5L_c9Mla1U/D5L_c9Mla1U_turn03210.wav | /Users/rajeshpmu/Desktop/LegalMemoCMT/data/processed/phase2/clancy/turn_clips/audio/D5L_c9Mla1U/D5L_c9Mla1U_turn03211.wav | /Users/rajeshpmu/Desktop/LegalMemoCMT/data/processed/phase2/clancy/turn_clips/audio/D5L_c9Mla1U/D5L_c9Mla1U_turn03212.wav,"Yes, please. She is represented by attorney Kevin. The commonwealth is represented by assistant district attorneys assistant district attorney. || Well, good morning everyone. Good morning council. || Good morning.",UNKNOWN,LOW,UNKNOWN
93sfJyLzhqM,/Users/rajeshpmu/Desktop/LegalMemoCMT/data/phase2/clancy/corpus/raw/live-ma-v-lindsay-clancy-day-8-accused-killer-mom-trial/live-ma-v-lindsay-clancy-day-8-accused-killer-mom-trial_93sfJyLzhqM.wav,SPEAKER_08,36,109,590.438,93sfJyLzhqM_turn01301 | 93sfJyLzhqM_turn01302 | 93sfJyLzhqM_turn01303,00:43:51.895 -> 00:43:59.568 | 00:43:59.568 -> 00:44:00.359 | 00:44:00.359 -> 00:44:03.945,/Users/rajeshpmu/Desktop/LegalMemoCMT/data/processed/phase2/clancy/turn_clips/video/93sfJyLzhqM/93sfJyLzhqM_turn01301.mp4 | /Users/rajeshpmu/Desktop/LegalMemoCMT/data/processed/phase2/clancy/turn_clips/video/93sfJyLzhqM/93sfJyLzhqM_turn01302.mp4 | /Users/rajeshpmu/Desktop/LegalMemoCMT/data/processed/phase2/clancy/turn_clips/video/93sfJyLzhqM/93sfJyLzhqM_turn01303.mp4,/Users/rajeshpmu/Desktop/LegalMemoCMT/data/processed/phase2/clancy/turn_clips/audio/93sfJyLzhqM/93sfJyLzhqM_turn01301.wav | /Users/rajeshpmu/Desktop/LegalMemoCMT/data/processed/phase2/clancy/turn_clips/audio/93sfJyLzhqM/93sfJyLzhqM_turn01302.wav | /Users/rajeshpmu/Desktop/LegalMemoCMT/data/processed/phase2/clancy/turn_clips/audio/93sfJyLzhqM/93sfJyLzhqM_turn01303.wav,"Uh, yes. It's Kimberly Springer. K I M B E R L E Y S P R I N G E R. || Where do you work? || At the office of the chief medical examiner in Boston, Massachusetts.",UNKNOWN,LOW,UNKNOWN
D6skXbDJJj8,/Users/rajeshpmu/Desktop/LegalMemoCMT/data/phase2/clancy/corpus/raw/live-lindsay-clancy-murder-trial-ma-v-lindsay-clancy-day-8/live-lindsay-clancy-murder-trial-ma-v-lindsay-clancy-day-8_D6skXbDJJj8.wav,SPEAKER_25,35,106,582.876,D6skXbDJJj8_turn04306 | D6skXbDJJj8_turn04307 | D6skXbDJJj8_turn04308,00:43:59.807 -> 00:44:07.668 | 00:44:07.668 -> 00:44:08.440 | 00:44:08.440 -> 00:44:12.054,/Users/rajeshpmu/Desktop/LegalMemoCMT/data/processed/phase2/clancy/turn_clips/video/D6skXbDJJj8/D6skXbDJJj8_turn04306.mp4 | /Users/rajeshpmu/Desktop/LegalMemoCMT/data/processed/phase2/clancy/turn_clips/video/D6skXbDJJj8/D6skXbDJJj8_turn04307.mp4 | /Users/rajeshpmu/Desktop/LegalMemoCMT/data/processed/phase2/clancy/turn_clips/video/D6skXbDJJj8/D6skXbDJJj8_turn04308.mp4,/Users/rajeshpmu/Desktop/LegalMemoCMT/data/processed/phase2/clancy/turn_clips/audio/D6skXbDJJj8/D6skXbDJJj8_turn04306.wav | /Users/rajeshpmu/Desktop/LegalMemoCMT/data/processed/phase2/clancy/turn_clips/audio/D6skXbDJJj8/D6skXbDJJj8_turn04307.wav | /Users/rajeshpmu/Desktop/LegalMemoCMT/data/processed/phase2/clancy/turn_clips/audio/D6skXbDJJj8/D6skXbDJJj8_turn04308.wav,"Uh yes. It's Kimberly Springer. K I M B E R L E Y S P R I N G E R. || Where do you work? || At the office of the chief medical examiner in Boston, Massachusetts.",UNKNOWN,LOW,UNKNOWN
1tyKO8mTdOM,/Users/rajeshpmu/Desktop/LegalMemoCMT/data/phase2/clancy/corpus/raw/live-lindsay-clancy-trial-day-15/live-lindsay-clancy-trial-day-15_1tyKO8mTdOM.wav,SPEAKER_04,33,136,190.086,1tyKO8mTdOM_turn00019 | 1tyKO8mTdOM_turn00020 | 1tyKO8mTdOM_turn00025,00:10:06.465 -> 00:10:11.973 | 00:10:11.973 -> 00:10:13.492 | 00:10:21.113 -> 00:10:26.712,/Users/rajeshpmu/Desktop/LegalMemoCMT/data/processed/phase2/clancy/turn_clips/video/1tyKO8mTdOM/1tyKO8mTdOM_turn00019.mp4 | /Users/rajeshpmu/Desktop/LegalMemoCMT/data/processed/phase2/clancy/turn_clips/video/1tyKO8mTdOM/1tyKO8mTdOM_turn00020.mp4 | /Users/rajeshpmu/Desktop/LegalMemoCMT/data/processed/phase2/clancy/turn_clips/video/1tyKO8mTdOM/1tyKO8mTdOM_turn00025.mp4,/Users/rajeshpmu/Desktop/LegalMemoCMT/data/processed/phase2/clancy/turn_clips/audio/1tyKO8mTdOM/1tyKO8mTdOM_turn00019.wav | /Users/rajeshpmu/Desktop/LegalMemoCMT/data/processed/phase2/clancy/turn_clips/audio/1tyKO8mTdOM/1tyKO8mTdOM_turn00020.wav | /Users/rajeshpmu/Desktop/LegalMemoCMT/data/processed/phase2/clancy/turn_clips/audio/1tyKO8mTdOM/1tyKO8mTdOM_turn00025.wav,Susan Clancy. S us C L A N C Y. || And what time? || correct. and obviously with Lindsay.,UNKNOWN,LOW,UNKNOWN
D6skXbDJJj8,/Users/rajeshpmu/Desktop/LegalMemoCMT/data/phase2/clancy/corpus/raw/live-lindsay-clancy-murder-trial-ma-v-lindsay-clancy-day-8/live-lindsay-clancy-murder-trial-ma-v-lindsay-clancy-day-8_D6skXbDJJj8.wav,SPEAKER_12,32,84,43.784,D6skXbDJJj8_turn04300 | D6skXbDJJj8_turn04301 | D6skXbDJJj8_turn04302,00:42:26.082 -> 00:42:36.484 | 00:42:37.430 -> 00:42:38.030 | 00:42:37.863 -> 00:42:45.273,/Users/rajeshpmu/Desktop/LegalMemoCMT/data/processed/phase2/clancy/turn_clips/video/D6skXbDJJj8/D6skXbDJJj8_turn04300.mp4 | /Users/rajeshpmu/Desktop/LegalMemoCMT/data/processed/phase2/clancy/turn_clips/video/D6skXbDJJj8/D6skXbDJJj8_turn04301.mp4 | /Users/rajeshpmu/Desktop/LegalMemoCMT/data/processed/phase2/clancy/turn_clips/video/D6skXbDJJj8/D6skXbDJJj8_turn04302.mp4,/Users/rajeshpmu/Desktop/LegalMemoCMT/data/processed/phase2/clancy/turn_clips/audio/D6skXbDJJj8/D6skXbDJJj8_turn04300.wav | /Users/rajeshpmu/Desktop/LegalMemoCMT/data/processed/phase2/clancy/turn_clips/audio/D6skXbDJJj8/D6skXbDJJj8_turn04301.wav | /Users/rajeshpmu/Desktop/LegalMemoCMT/data/processed/phase2/clancy/turn_clips/audio/D6skXbDJJj8/D6skXbDJJj8_turn04302.wav,"Team rule. || [clears throat] || Hi. Good morning, doctor.",UNKNOWN,LOW,UNKNOWN
D6skXbDJJj8,/Users/rajeshpmu/Desktop/LegalMemoCMT/data/phase2/clancy/corpus/raw/live-lindsay-clancy-murder-trial-ma-v-lindsay-clancy-day-8/live-lindsay-clancy-murder-trial-ma-v-lindsay-clancy-day-8_D6skXbDJJj8.wav,SPEAKER_28,28,55,166.036,D6skXbDJJj8_turn04757 | D6skXbDJJj8_turn04758 | D6skXbDJJj8_turn04759,02:04:08.050 -> 02:04:12.389 | 02:04:12.389 -> 02:04:14.997 | 02:04:14.997 -> 02:04:16.289,/Users/rajeshpmu/Desktop/LegalMemoCMT/data/processed/phase2/clancy/turn_clips/video/D6skXbDJJj8/D6skXbDJJj8_turn04757.mp4 | /Users/rajeshpmu/Desktop/LegalMemoCMT/data/processed/phase2/clancy/turn_clips/video/D6skXbDJJj8/D6skXbDJJj8_turn04758.mp4 | /Users/rajeshpmu/Desktop/LegalMemoCMT/data/processed/phase2/clancy/turn_clips/video/D6skXbDJJj8/D6skXbDJJj8_turn04759.mp4,/Users/rajeshpmu/Desktop/LegalMemoCMT/data/processed/phase2/clancy/turn_clips/audio/D6skXbDJJj8/D6skXbDJJj8_turn04757.wav | /Users/rajeshpmu/Desktop/LegalMemoCMT/data/processed/phase2/clancy/turn_clips/audio/D6skXbDJJj8/D6skXbDJJj8_turn04758.wav | /Users/rajeshpmu/Desktop/LegalMemoCMT/data/processed/phase2/clancy/turn_clips/audio/D6skXbDJJj8/D6skXbDJJj8_turn04759.wav,What city or town do you live in? I live in Sagamore Beach. || And what do you do for work? || I'm a prek teacher.,UNKNOWN,LOW,UNKNOWN
93sfJyLzhqM,/Users/rajeshpmu/Desktop/LegalMemoCMT/data/phase2/clancy/corpus/raw/live-ma-v-lindsay-clancy-day-8-accused-killer-mom-trial/live-ma-v-lindsay-clancy-day-8-accused-killer-mom-trial_93sfJyLzhqM.wav,SPEAKER_24,26,61,129.143,93sfJyLzhqM_turn01625 | 93sfJyLzhqM_turn01628 | 93sfJyLzhqM_turn01629,01:53:48.782 -> 01:53:52.056 | 01:53:57.292 -> 01:53:58.361 | 01:53:58.361 -> 01:53:59.756,/Users/rajeshpmu/Desktop/LegalMemoCMT/data/processed/phase2/clancy/turn_clips/video/93sfJyLzhqM/93sfJyLzhqM_turn01625.mp4 | /Users/rajeshpmu/Desktop/LegalMemoCMT/data/processed/phase2/clancy/turn_clips/video/93sfJyLzhqM/93sfJyLzhqM_turn01628.mp4 | /Users/rajeshpmu/Desktop/LegalMemoCMT/data/processed/phase2/clancy/turn_clips/video/93sfJyLzhqM/93sfJyLzhqM_turn01629.mp4,/Users/rajeshpmu/Desktop/LegalMemoCMT/data/processed/phase2/clancy/turn_clips/audio/93sfJyLzhqM/93sfJyLzhqM_turn01625.wav | /Users/rajeshpmu/Desktop/LegalMemoCMT/data/processed/phase2/clancy/turn_clips/audio/93sfJyLzhqM/93sfJyLzhqM_turn01628.wav | /Users/rajeshpmu/Desktop/LegalMemoCMT/data/processed/phase2/clancy/turn_clips/audio/93sfJyLzhqM/93sfJyLzhqM_turn01629.wav,"And where do you work? Uh, Leaping Frogs Preschool. || Where was that? || Learning Sprouts and Ducks.",UNKNOWN,LOW,UNKNOWN
DCBWoWhsTpA,/Users/rajeshpmu/Desktop/LegalMemoCMT/data/phase2/clancy/corpus/raw/live-lindsay-clancy-trial-day-14/live-lindsay-clancy-trial-day-14_DCBWoWhsTpA.wav,SPEAKER_07,26,62,205.203,DCBWoWhsTpA_turn06538 | DCBWoWhsTpA_turn06541 | DCBWoWhsTpA_turn06544,01:47:09.026 -> 01:47:16.482 | 01:47:18.891 -> 01:47:19.961 | 01:47:33.969 -> 01:47:42.778,/Users/rajeshpmu/Desktop/LegalMemoCMT/data/processed/phase2/clancy/turn_clips/video/DCBWoWhsTpA/DCBWoWhsTpA_turn06538.mp4 | /Users/rajeshpmu/Desktop/LegalMemoCMT/data/processed/phase2/clancy/turn_clips/video/DCBWoWhsTpA/DCBWoWhsTpA_turn06541.mp4 | /Users/rajeshpmu/Desktop/LegalMemoCMT/data/processed/phase2/clancy/turn_clips/video/DCBWoWhsTpA/DCBWoWhsTpA_turn06544.mp4,/Users/rajeshpmu/Desktop/LegalMemoCMT/data/processed/phase2/clancy/turn_clips/audio/DCBWoWhsTpA/DCBWoWhsTpA_turn06538.wav | /Users/rajeshpmu/Desktop/LegalMemoCMT/data/processed/phase2/clancy/turn_clips/audio/DCBWoWhsTpA/DCBWoWhsTpA_turn06541.wav | /Users/rajeshpmu/Desktop/LegalMemoCMT/data/processed/phase2/clancy/turn_clips/audio/DCBWoWhsTpA/DCBWoWhsTpA_turn06544.wav,It's Allison Oza. A L L I S O N. Last name is O Z G A. || How you know? || Uh we're very close. We have not lived in the same state for about 10 years now. Um but we do communicate and I do think we're very close.,UNKNOWN,LOW,UNKNOWN
93sfJyLzhqM,/Users/rajeshpmu/Desktop/LegalMemoCMT/data/phase2/clancy/corpus/raw/live-ma-v-lindsay-clancy-day-8-accused-killer-mom-trial/live-ma-v-lindsay-clancy-day-8-accused-killer-mom-trial_93sfJyLzhqM.wav,SPEAKER_27,25,51,145.247,93sfJyLzhqM_turn01285 | 93sfJyLzhqM_turn01286 | 93sfJyLzhqM_turn01287,00:29:13.089 -> 00:29:15.111 | 00:29:15.111 -> 00:29:15.711 | 00:29:15.686 -> 00:29:31.825,/Users/rajeshpmu/Desktop/LegalMemoCMT/data/processed/phase2/clancy/turn_clips/video/93sfJyLzhqM/93sfJyLzhqM_turn01285.mp4 | /Users/rajeshpmu/Desktop/LegalMemoCMT/data/processed/phase2/clancy/turn_clips/video/93sfJyLzhqM/93sfJyLzhqM_turn01286.mp4 | /Users/rajeshpmu/Desktop/LegalMemoCMT/data/processed/phase2/clancy/turn_clips/video/93sfJyLzhqM/93sfJyLzhqM_turn01287.mp4,/Users/rajeshpmu/Desktop/LegalMemoCMT/data/processed/phase2/clancy/turn_clips/audio/93sfJyLzhqM/93sfJyLzhqM_turn01285.wav | /Users/rajeshpmu/Desktop/LegalMemoCMT/data/processed/phase2/clancy/turn_clips/audio/93sfJyLzhqM/93sfJyLzhqM_turn01286.wav | /Users/rajeshpmu/Desktop/LegalMemoCMT/data/processed/phase2/clancy/turn_clips/audio/93sfJyLzhqM/93sfJyLzhqM_turn01287.wav,"Good morning, your honor. May I proceed? || Yes, please. || Honorable Mad. The court. Today we have Commonwealth versus Lindseay Clansancy. Miss Clansancy is present. She is represented by attorney Kevin Readington. And the Commonwealth is represented by Assistant District Attorney Jennifer Sprag an",UNKNOWN,LOW,UNKNOWN
93sfJyLzhqM,/Users/rajeshpmu/Desktop/LegalMemoCMT/data/phase2/clancy/corpus/raw/live-ma-v-lindsay-clancy-day-8-accused-killer-mom-trial/live-ma-v-lindsay-clancy-day-8-accused-killer-mom-trial_93sfJyLzhqM.wav,SPEAKER_06,24,72,36.555,93sfJyLzhqM_turn01298 | 93sfJyLzhqM_turn01396 | 93sfJyLzhqM_turn01397,00:42:29.722 -> 00:42:36.834 | 01:30:30.034 -> 01:30:32.206 | 01:30:32.206 -> 01:30:34.955,/Users/rajeshpmu/Desktop/LegalMemoCMT/data/processed/phase2/clancy/turn_clips/video/93sfJyLzhqM/93sfJyLzhqM_turn01298.mp4 | /Users/rajeshpmu/Desktop/LegalMemoCMT/data/processed/phase2/clancy/turn_clips/video/93sfJyLzhqM/93sfJyLzhqM_turn01396.mp4 | /Users/rajeshpmu/Desktop/LegalMemoCMT/data/processed/phase2/clancy/turn_clips/video/93sfJyLzhqM/93sfJyLzhqM_turn01397.mp4,/Users/rajeshpmu/Desktop/LegalMemoCMT/data/processed/phase2/clancy/turn_clips/audio/93sfJyLzhqM/93sfJyLzhqM_turn01298.wav | /Users/rajeshpmu/Desktop/LegalMemoCMT/data/processed/phase2/clancy/turn_clips/audio/93sfJyLzhqM/93sfJyLzhqM_turn01396.wav | /Users/rajeshpmu/Desktop/LegalMemoCMT/data/processed/phase2/clancy/turn_clips/audio/93sfJyLzhqM/93sfJyLzhqM_turn01397.wav,"All right. Good morning, doctor. || Just watch [snorts] your stuff, please. || Good morning, doctor.",UNKNOWN,LOW,UNKNOWN
D6skXbDJJj8,/Users/rajeshpmu/Desktop/LegalMemoCMT/data/phase2/clancy/corpus/raw/live-lindsay-clancy-murder-trial-ma-v-lindsay-clancy-day-8/live-lindsay-clancy-murder-trial-ma-v-lindsay-clancy-day-8_D6skXbDJJj8.wav,SPEAKER_10,24,58,177.680,D6skXbDJJj8_turn04410 | D6skXbDJJj8_turn04411 | D6skXbDJJj8_turn04412,01:31:14.133 -> 01:31:21.703 | 01:31:21.703 -> 01:31:22.555 | 01:31:22.555 -> 01:31:24.226,/Users/rajeshpmu/Desktop/LegalMemoCMT/data/processed/phase2/clancy/turn_clips/video/D6skXbDJJj8/D6skXbDJJj8_turn04410.mp4 | /Users/rajeshpmu/Desktop/LegalMemoCMT/data/processed/phase2/clancy/turn_clips/video/D6skXbDJJj8/D6skXbDJJj8_turn04411.mp4 | /Users/rajeshpmu/Desktop/LegalMemoCMT/data/processed/phase2/clancy/turn_clips/video/D6skXbDJJj8/D6skXbDJJj8_turn04412.mp4,/Users/rajeshpmu/Desktop/LegalMemoCMT/data/processed/phase2/clancy/turn_clips/audio/D6skXbDJJj8/D6skXbDJJj8_turn04410.wav | /Users/rajeshpmu/Desktop/LegalMemoCMT/data/processed/phase2/clancy/turn_clips/audio/D6skXbDJJj8/D6skXbDJJj8_turn04411.wav | /Users/rajeshpmu/Desktop/LegalMemoCMT/data/processed/phase2/clancy/turn_clips/audio/D6skXbDJJj8/D6skXbDJJj8_turn04412.wav,Lindsay Rashard. L I N D S A Y R O S H I R T. And what do you do for a living? || I'm a pediatrician. || Where do you work?,UNKNOWN,LOW,UNKNOWN
93sfJyLzhqM,/Users/rajeshpmu/Desktop/LegalMemoCMT/data/phase2/clancy/corpus/raw/live-ma-v-lindsay-clancy-day-8-accused-killer-mom-trial/live-ma-v-lindsay-clancy-day-8-accused-killer-mom-trial_93sfJyLzhqM.wav,SPEAKER_10,23,53,167.532,93sfJyLzhqM_turn01400 | 93sfJyLzhqM_turn01401 | 93sfJyLzhqM_turn01402,01:30:39.647 -> 01:30:44.830 | 01:30:44.830 -> 01:30:47.135 | 01:30:47.135 -> 01:30:48.041,/Users/rajeshpmu/Desktop/LegalMemoCMT/data/processed/phase2/clancy/turn_clips/video/93sfJyLzhqM/93sfJyLzhqM_turn01400.mp4 | /Users/rajeshpmu/Desktop/LegalMemoCMT/data/processed/phase2/clancy/turn_clips/video/93sfJyLzhqM/93sfJyLzhqM_turn01401.mp4 | /Users/rajeshpmu/Desktop/LegalMemoCMT/data/processed/phase2/clancy/turn_clips/video/93sfJyLzhqM/93sfJyLzhqM_turn01402.mp4,/Users/rajeshpmu/Desktop/LegalMemoCMT/data/processed/phase2/clancy/turn_clips/audio/93sfJyLzhqM/93sfJyLzhqM_turn01400.wav | /Users/rajeshpmu/Desktop/LegalMemoCMT/data/processed/phase2/clancy/turn_clips/audio/93sfJyLzhqM/93sfJyLzhqM_turn01401.wav | /Users/rajeshpmu/Desktop/LegalMemoCMT/data/processed/phase2/clancy/turn_clips/audio/93sfJyLzhqM/93sfJyLzhqM_turn01402.wav,Lindsay Rashard. L I N D S A Y R O S H I R T. || And what do you do for a living? || I'm a pediatrician.,UNKNOWN,LOW,UNKNOWN
DCBWoWhsTpA,/Users/rajeshpmu/Desktop/LegalMemoCMT/data/phase2/clancy/corpus/raw/live-lindsay-clancy-trial-day-14/live-lindsay-clancy-trial-day-14_DCBWoWhsTpA.wav,UNKNOWN,23,0,0.000,DCBWoWhsTpA_turn06029 | DCBWoWhsTpA_turn06036 | DCBWoWhsTpA_turn06069,00:33:21.304 -> 00:33:22.070 | 00:34:32.795 -> 00:34:37.270 | 00:39:40.247 -> 00:39:46.182,/Users/rajeshpmu/Desktop/LegalMemoCMT/data/processed/phase2/clancy/turn_clips/video/DCBWoWhsTpA/DCBWoWhsTpA_turn06029.mp4 | /Users/rajeshpmu/Desktop/LegalMemoCMT/data/processed/phase2/clancy/turn_clips/video/DCBWoWhsTpA/DCBWoWhsTpA_turn06036.mp4 | /Users/rajeshpmu/Desktop/LegalMemoCMT/data/processed/phase2/clancy/turn_clips/video/DCBWoWhsTpA/DCBWoWhsTpA_turn06069.mp4,/Users/rajeshpmu/Desktop/LegalMemoCMT/data/processed/phase2/clancy/turn_clips/audio/DCBWoWhsTpA/DCBWoWhsTpA_turn06029.wav | /Users/rajeshpmu/Desktop/LegalMemoCMT/data/processed/phase2/clancy/turn_clips/audio/DCBWoWhsTpA/DCBWoWhsTpA_turn06036.wav | /Users/rajeshpmu/Desktop/LegalMemoCMT/data/processed/phase2/clancy/turn_clips/audio/DCBWoWhsTpA/DCBWoWhsTpA_turn06069.wav,Correct. || Correct. || That's correct.,UNKNOWN,LOW,UNKNOWN
peYoD-JkAXE,/Users/rajeshpmu/Desktop/LegalMemoCMT/data/phase2/clancy/corpus/raw/dr-jennifer-tufts-psychiatrist-full-testimony-ma-v-lindsay-clancy/dr-jennifer-tufts-psychiatrist-full-testimony-ma-v-lindsay-clancy_peYoD-JkAXE.wav,SPEAKER_11,23,100,82.722,peYoD-JkAXE_turn08654 | peYoD-JkAXE_turn09412 | peYoD-JkAXE_turn09634,00:07:30.556 -> 00:07:34.217 | 01:42:11.326 -> 01:42:15.030 | 02:08:27.904 -> 02:08:30.634,/Users/rajeshpmu/Desktop/LegalMemoCMT/data/processed/phase2/clancy/turn_clips/video/peYoD-JkAXE/peYoD-JkAXE_turn08654.mp4 | /Users/rajeshpmu/Desktop/LegalMemoCMT/data/processed/phase2/clancy/turn_clips/video/peYoD-JkAXE/peYoD-JkAXE_turn09412.mp4 | /Users/rajeshpmu/Desktop/LegalMemoCMT/data/processed/phase2/clancy/turn_clips/video/peYoD-JkAXE/peYoD-JkAXE_turn09634.mp4,/Users/rajeshpmu/Desktop/LegalMemoCMT/data/processed/phase2/clancy/turn_clips/audio/peYoD-JkAXE/peYoD-JkAXE_turn08654.wav | /Users/rajeshpmu/Desktop/LegalMemoCMT/data/processed/phase2/clancy/turn_clips/audio/peYoD-JkAXE/peYoD-JkAXE_turn09412.wav | /Users/rajeshpmu/Desktop/LegalMemoCMT/data/processed/phase2/clancy/turn_clips/audio/peYoD-JkAXE/peYoD-JkAXE_turn09634.wav,I'm just looking. Page 23. || Um I don't remember. || And where was the residency?,UNKNOWN,LOW,UNKNOWN
93sfJyLzhqM,/Users/rajeshpmu/Desktop/LegalMemoCMT/data/phase2/clancy/corpus/raw/live-ma-v-lindsay-clancy-day-8-accused-killer-mom-trial/live-ma-v-lindsay-clancy-day-8-accused-killer-mom-trial_93sfJyLzhqM.wav,SPEAKER_09,22,55,155.569,93sfJyLzhqM_turn01747 | 93sfJyLzhqM_turn01748 | 93sfJyLzhqM_turn01749,02:03:54.035 -> 02:03:57.674 | 02:03:57.674 -> 02:03:59.284 | 02:03:59.284 -> 02:04:01.195,/Users/rajeshpmu/Desktop/LegalMemoCMT/data/processed/phase2/clancy/turn_clips/video/93sfJyLzhqM/93sfJyLzhqM_turn01747.mp4 | /Users/rajeshpmu/Desktop/LegalMemoCMT/data/processed/phase2/clancy/turn_clips/video/93sfJyLzhqM/93sfJyLzhqM_turn01748.mp4 | /Users/rajeshpmu/Desktop/LegalMemoCMT/data/processed/phase2/clancy/turn_clips/video/93sfJyLzhqM/93sfJyLzhqM_turn01749.mp4,/Users/rajeshpmu/Desktop/LegalMemoCMT/data/processed/phase2/clancy/turn_clips/audio/93sfJyLzhqM/93sfJyLzhqM_turn01747.wav | /Users/rajeshpmu/Desktop/LegalMemoCMT/data/processed/phase2/clancy/turn_clips/audio/93sfJyLzhqM/93sfJyLzhqM_turn01748.wav | /Users/rajeshpmu/Desktop/LegalMemoCMT/data/processed/phase2/clancy/turn_clips/audio/93sfJyLzhqM/93sfJyLzhqM_turn01749.wav,I live in Sagamore Beach. And what do you do for work? || I'm a prek teacher. || And where do you work?,UNKNOWN,LOW,UNKNOWN
D6skXbDJJj8,/Users/rajeshpmu/Desktop/LegalMemoCMT/data/phase2/clancy/corpus/raw/live-lindsay-clancy-murder-trial-ma-v-lindsay-clancy-day-8/live-lindsay-clancy-murder-trial-ma-v-lindsay-clancy-day-8_D6skXbDJJj8.wav,SPEAKER_18,22,61,65.660,D6skXbDJJj8_turn05562 | D6skXbDJJj8_turn05565 | D6skXbDJJj8_turn05566,05:35:32.103 -> 05:35:33.009 | 05:35:37.399 -> 05:35:43.168 | 05:35:43.168 -> 05:35:45.327,/Users/rajeshpmu/Desktop/LegalMemoCMT/data/processed/phase2/clancy/turn_clips/video/D6skXbDJJj8/D6skXbDJJj8_turn05562.mp4 | /Users/rajeshpmu/Desktop/LegalMemoCMT/data/processed/phase2/clancy/turn_clips/video/D6skXbDJJj8/D6skXbDJJj8_turn05565.mp4 | /Users/rajeshpmu/Desktop/LegalMemoCMT/data/processed/phase2/clancy/turn_clips/video/D6skXbDJJj8/D6skXbDJJj8_turn05566.mp4,/Users/rajeshpmu/Desktop/LegalMemoCMT/data/processed/phase2/clancy/turn_clips/audio/D6skXbDJJj8/D6skXbDJJj8_turn05562.wav | /Users/rajeshpmu/Desktop/LegalMemoCMT/data/processed/phase2/clancy/turn_clips/audio/D6skXbDJJj8/D6skXbDJJj8_turn05565.wav | /Users/rajeshpmu/Desktop/LegalMemoCMT/data/processed/phase2/clancy/turn_clips/audio/D6skXbDJJj8/D6skXbDJJj8_turn05566.wav,"I may. || Yeah. Kyle Carney. K Y L E C A R N E Y. || And your date of birth, please?",UNKNOWN,LOW,UNKNOWN
D6skXbDJJj8,/Users/rajeshpmu/Desktop/LegalMemoCMT/data/phase2/clancy/corpus/raw/live-lindsay-clancy-murder-trial-ma-v-lindsay-clancy-day-8/live-lindsay-clancy-murder-trial-ma-v-lindsay-clancy-day-8_D6skXbDJJj8.wav,UNKNOWN,22,0,0.000,D6skXbDJJj8_turn04303 | D6skXbDJJj8_turn04334 | D6skXbDJJj8_turn04397,00:42:45.273 -> 00:42:48.550 | 00:48:17.353 -> 00:48:18.527 | 01:01:58.475 -> 01:02:01.349,/Users/rajeshpmu/Desktop/LegalMemoCMT/data/processed/phase2/clancy/turn_clips/video/D6skXbDJJj8/D6skXbDJJj8_turn04303.mp4 | /Users/rajeshpmu/Desktop/LegalMemoCMT/data/processed/phase2/clancy/turn_clips/video/D6skXbDJJj8/D6skXbDJJj8_turn04334.mp4 | /Users/rajeshpmu/Desktop/LegalMemoCMT/data/processed/phase2/clancy/turn_clips/video/D6skXbDJJj8/D6skXbDJJj8_turn04397.mp4,/Users/rajeshpmu/Desktop/LegalMemoCMT/data/processed/phase2/clancy/turn_clips/audio/D6skXbDJJj8/D6skXbDJJj8_turn04303.wav | /Users/rajeshpmu/Desktop/LegalMemoCMT/data/processed/phase2/clancy/turn_clips/audio/D6skXbDJJj8/D6skXbDJJj8_turn04334.wav | /Users/rajeshpmu/Desktop/LegalMemoCMT/data/processed/phase2/clancy/turn_clips/audio/D6skXbDJJj8/D6skXbDJJj8_turn04397.wav,Good morning. || Uh yes. || that may be admitted.,UNKNOWN,LOW,UNKNOWN
LGYerNiA8kI,/Users/rajeshpmu/Desktop/LegalMemoCMT/data/phase2/clancy/corpus/raw/clancy-children-s-pediatrician-testifies-about-seeing-lindsay-hours-be/clancy-children-s-pediatrician-testifies-about-seeing-lindsay-hours-be_LGYerNiA8kI.wav,SPEAKER_02,22,72,189.236,LGYerNiA8kI_turn07037 | LGYerNiA8kI_turn07038 | LGYerNiA8kI_turn07039,00:00:04.573 -> 00:00:08.766 | 00:00:08.766 -> 00:00:11.076 | 00:00:11.076 -> 00:00:11.960,/Users/rajeshpmu/Desktop/LegalMemoCMT/data/processed/phase2/clancy/turn_clips/video/LGYerNiA8kI/LGYerNiA8kI_turn07037.mp4 | /Users/rajeshpmu/Desktop/LegalMemoCMT/data/processed/phase2/clancy/turn_clips/video/LGYerNiA8kI/LGYerNiA8kI_turn07038.mp4 | /Users/rajeshpmu/Desktop/LegalMemoCMT/data/processed/phase2/clancy/turn_clips/video/LGYerNiA8kI/LGYerNiA8kI_turn07039.mp4,/Users/rajeshpmu/Desktop/LegalMemoCMT/data/processed/phase2/clancy/turn_clips/audio/LGYerNiA8kI/LGYerNiA8kI_turn07037.wav | /Users/rajeshpmu/Desktop/LegalMemoCMT/data/processed/phase2/clancy/turn_clips/audio/LGYerNiA8kI/LGYerNiA8kI_turn07038.wav | /Users/rajeshpmu/Desktop/LegalMemoCMT/data/processed/phase2/clancy/turn_clips/audio/LGYerNiA8kI/LGYerNiA8kI_turn07039.wav,Lindsay Rashard. L I N D S A Y R O S H I R T. || And what do you do for a living? || I'm a pediatrician.,UNKNOWN,LOW,UNKNOWN
93sfJyLzhqM,/Users/rajeshpmu/Desktop/LegalMemoCMT/data/phase2/clancy/corpus/raw/live-ma-v-lindsay-clancy-day-8-accused-killer-mom-trial/live-ma-v-lindsay-clancy-day-8-accused-killer-mom-trial_93sfJyLzhqM.wav,SPEAKER_49,21,50,64.870,93sfJyLzhqM_turn02884 | 93sfJyLzhqM_turn02887 | 93sfJyLzhqM_turn02888,05:34:24.654 -> 05:35:16.396 | 05:35:20.679 -> 05:35:26.447 | 05:35:26.447 -> 05:35:28.606,/Users/rajeshpmu/Desktop/LegalMemoCMT/data/processed/phase2/clancy/turn_clips/video/93sfJyLzhqM/93sfJyLzhqM_turn02884.mp4 | /Users/rajeshpmu/Desktop/LegalMemoCMT/data/processed/phase2/clancy/turn_clips/video/93sfJyLzhqM/93sfJyLzhqM_turn02887.mp4 | /Users/rajeshpmu/Desktop/LegalMemoCMT/data/processed/phase2/clancy/turn_clips/video/93sfJyLzhqM/93sfJyLzhqM_turn02888.mp4,/Users/rajeshpmu/Desktop/LegalMemoCMT/data/processed/phase2/clancy/turn_clips/audio/93sfJyLzhqM/93sfJyLzhqM_turn02884.wav | /Users/rajeshpmu/Desktop/LegalMemoCMT/data/processed/phase2/clancy/turn_clips/audio/93sfJyLzhqM/93sfJyLzhqM_turn02887.wav | /Users/rajeshpmu/Desktop/LegalMemoCMT/data/processed/phase2/clancy/turn_clips/audio/93sfJyLzhqM/93sfJyLzhqM_turn02888.wav,"Hi. Good afternoon, sir. If I may. || Yeah. Kyle Carney. K Y L E C A R N E Y. || And your date of birth, please?",UNKNOWN,LOW,UNKNOWN
DCBWoWhsTpA,/Users/rajeshpmu/Desktop/LegalMemoCMT/data/phase2/clancy/corpus/raw/live-lindsay-clancy-trial-day-14/live-lindsay-clancy-trial-day-14_DCBWoWhsTpA.wav,SPEAKER_00,21,32,136.234,DCBWoWhsTpA_turn06436 | DCBWoWhsTpA_turn06506 | DCBWoWhsTpA_turn06507,01:30:44.794 -> 01:31:36.586 | 01:42:46.390 -> 01:43:01.431 | 01:43:01.431 -> 01:43:02.238,/Users/rajeshpmu/Desktop/LegalMemoCMT/data/processed/phase2/clancy/turn_clips/video/DCBWoWhsTpA/DCBWoWhsTpA_turn06436.mp4 | /Users/rajeshpmu/Desktop/LegalMemoCMT/data/processed/phase2/clancy/turn_clips/video/DCBWoWhsTpA/DCBWoWhsTpA_turn06506.mp4 | /Users/rajeshpmu/Desktop/LegalMemoCMT/data/processed/phase2/clancy/turn_clips/video/DCBWoWhsTpA/DCBWoWhsTpA_turn06507.mp4,/Users/rajeshpmu/Desktop/LegalMemoCMT/data/processed/phase2/clancy/turn_clips/audio/DCBWoWhsTpA/DCBWoWhsTpA_turn06436.wav | /Users/rajeshpmu/Desktop/LegalMemoCMT/data/processed/phase2/clancy/turn_clips/audio/DCBWoWhsTpA/DCBWoWhsTpA_turn06506.wav | /Users/rajeshpmu/Desktop/LegalMemoCMT/data/processed/phase2/clancy/turn_clips/audio/DCBWoWhsTpA/DCBWoWhsTpA_turn06507.wav,"I've been inquiring clerk if there's been any status from the clerk's office and I think they haven't received anything. We have a call over to MLAN. They've acknowledged the receipt. Um they were were waiting for a call back from somebody  || Good morning. So, the incident that you just told us about where um uh Miss Clancy was watching the monitor overnight, um you were aware that the police responded and everything was fine, right? || Yes.",UNKNOWN,LOW,UNKNOWN
ZJd1Lk4w-qo,/Users/rajeshpmu/Desktop/LegalMemoCMT/data/phase2/clancy/corpus/raw/dr-alia-goodheart-psychiatrist-full-testimony-ma-v-lindsay-clancy/dr-alia-goodheart-psychiatrist-full-testimony-ma-v-lindsay-clancy_ZJd1Lk4w-qo.wav,SPEAKER_01,20,40,51.839,ZJd1Lk4w-qo_turn07442 | ZJd1Lk4w-qo_turn07444 | ZJd1Lk4w-qo_turn07466,00:10:54.997 -> 00:10:58.153 | 00:10:59.995 -> 00:11:01.906 | 00:14:29.679 -> 00:14:35.184,/Users/rajeshpmu/Desktop/LegalMemoCMT/data/processed/phase2/clancy/turn_clips/video/ZJd1Lk4w-qo/ZJd1Lk4w-qo_turn07442.mp4 | /Users/rajeshpmu/Desktop/LegalMemoCMT/data/processed/phase2/clancy/turn_clips/video/ZJd1Lk4w-qo/ZJd1Lk4w-qo_turn07444.mp4 | /Users/rajeshpmu/Desktop/LegalMemoCMT/data/processed/phase2/clancy/turn_clips/video/ZJd1Lk4w-qo/ZJd1Lk4w-qo_turn07466.mp4,/Users/rajeshpmu/Desktop/LegalMemoCMT/data/processed/phase2/clancy/turn_clips/audio/ZJd1Lk4w-qo/ZJd1Lk4w-qo_turn07442.wav | /Users/rajeshpmu/Desktop/LegalMemoCMT/data/processed/phase2/clancy/turn_clips/audio/ZJd1Lk4w-qo/ZJd1Lk4w-qo_turn07444.wav | /Users/rajeshpmu/Desktop/LegalMemoCMT/data/processed/phase2/clancy/turn_clips/audio/ZJd1Lk4w-qo/ZJd1Lk4w-qo_turn07466.wav,"May I have some more pictures? || Sorry. No worries. || I'll allow some background, but let's kind of move it along.",UNKNOWN,LOW,UNKNOWN
D6skXbDJJj8,/Users/rajeshpmu/Desktop/LegalMemoCMT/data/phase2/clancy/corpus/raw/live-lindsay-clancy-murder-trial-ma-v-lindsay-clancy-day-8/live-lindsay-clancy-murder-trial-ma-v-lindsay-clancy-day-8_D6skXbDJJj8.wav,SPEAKER_17,19,92,90.006,D6skXbDJJj8_turn05657 | D6skXbDJJj8_turn05658 | D6skXbDJJj8_turn05661,05:42:32.510 -> 05:42:35.279 | 05:42:35.279 -> 05:42:36.733 | 05:42:40.077 -> 05:42:42.476,/Users/rajeshpmu/Desktop/LegalMemoCMT/data/processed/phase2/clancy/turn_clips/video/D6skXbDJJj8/D6skXbDJJj8_turn05657.mp4 | /Users/rajeshpmu/Desktop/LegalMemoCMT/data/processed/phase2/clancy/turn_clips/video/D6skXbDJJj8/D6skXbDJJj8_turn05658.mp4 | /Users/rajeshpmu/Desktop/LegalMemoCMT/data/processed/phase2/clancy/turn_clips/video/D6skXbDJJj8/D6skXbDJJj8_turn05661.mp4,/Users/rajeshpmu/Desktop/LegalMemoCMT/data/processed/phase2/clancy/turn_clips/audio/D6skXbDJJj8/D6skXbDJJj8_turn05657.wav | /Users/rajeshpmu/Desktop/LegalMemoCMT/data/processed/phase2/clancy/turn_clips/audio/D6skXbDJJj8/D6skXbDJJj8_turn05658.wav | /Users/rajeshpmu/Desktop/LegalMemoCMT/data/processed/phase2/clancy/turn_clips/audio/D6skXbDJJj8/D6skXbDJJj8_turn05661.wav,C H I A C H I O. || And what do you do for work? || Since December of 2013.,UNKNOWN,LOW,UNKNOWN
93sfJyLzhqM,/Users/rajeshpmu/Desktop/LegalMemoCMT/data/phase2/clancy/corpus/raw/live-ma-v-lindsay-clancy-day-8-accused-killer-mom-trial/live-ma-v-lindsay-clancy-day-8-accused-killer-mom-trial_93sfJyLzhqM.wav,SPEAKER_12,18,30,937.537,93sfJyLzhqM_turn02535 | 93sfJyLzhqM_turn02536 | 93sfJyLzhqM_turn02585,04:08:32.425 -> 04:13:13.435 | 04:13:13.435 -> 04:14:10.851 | 04:20:06.889 -> 04:20:54.469,/Users/rajeshpmu/Desktop/LegalMemoCMT/data/processed/phase2/clancy/turn_clips/video/93sfJyLzhqM/93sfJyLzhqM_turn02535.mp4 | /Users/rajeshpmu/Desktop/LegalMemoCMT/data/processed/phase2/clancy/turn_clips/video/93sfJyLzhqM/93sfJyLzhqM_turn02536.mp4 | /Users/rajeshpmu/Desktop/LegalMemoCMT/data/processed/phase2/clancy/turn_clips/video/93sfJyLzhqM/93sfJyLzhqM_turn02585.mp4,/Users/rajeshpmu/Desktop/LegalMemoCMT/data/processed/phase2/clancy/turn_clips/audio/93sfJyLzhqM/93sfJyLzhqM_turn02535.wav | /Users/rajeshpmu/Desktop/LegalMemoCMT/data/processed/phase2/clancy/turn_clips/audio/93sfJyLzhqM/93sfJyLzhqM_turn02536.wav | /Users/rajeshpmu/Desktop/LegalMemoCMT/data/processed/phase2/clancy/turn_clips/audio/93sfJyLzhqM/93sfJyLzhqM_turn02585.wav,"She was in a wheelchair. She was We have to hit a break. We're hitting the pause button, but when we get done with this witness when we come back, the next witness for the prosecution is the father of Patrick Clancy. Where does he stand in  || Patrick Clancy was the first witness for the prosecution in the case against his now ex-wife and we are just minutes away from hearing his father. Welcome back to Court TV Live. I'm Julia Jana. Did anyone see who was close to Lindseay Clanc || All right. That wraps up the testimony of the friend on the stand. Just one of several friends that the jury has heard from today. people who have come in to talk about Lindsay Clancy's demeanor during this time. The prosecution no doubt wa",UNKNOWN,LOW,UNKNOWN
93sfJyLzhqM,/Users/rajeshpmu/Desktop/LegalMemoCMT/data/phase2/clancy/corpus/raw/live-ma-v-lindsay-clancy-day-8-accused-killer-mom-trial/live-ma-v-lindsay-clancy-day-8-accused-killer-mom-trial_93sfJyLzhqM.wav,SPEAKER_47,18,59,73.710,93sfJyLzhqM_turn02969 | 93sfJyLzhqM_turn02971 | 93sfJyLzhqM_turn02972,05:42:12.237 -> 05:42:13.342 | 05:42:15.790 -> 05:42:18.560 | 05:42:18.560 -> 05:42:20.012,/Users/rajeshpmu/Desktop/LegalMemoCMT/data/processed/phase2/clancy/turn_clips/video/93sfJyLzhqM/93sfJyLzhqM_turn02969.mp4 | /Users/rajeshpmu/Desktop/LegalMemoCMT/data/processed/phase2/clancy/turn_clips/video/93sfJyLzhqM/93sfJyLzhqM_turn02971.mp4 | /Users/rajeshpmu/Desktop/LegalMemoCMT/data/processed/phase2/clancy/turn_clips/video/93sfJyLzhqM/93sfJyLzhqM_turn02972.mp4,/Users/rajeshpmu/Desktop/LegalMemoCMT/data/processed/phase2/clancy/turn_clips/audio/93sfJyLzhqM/93sfJyLzhqM_turn02969.wav | /Users/rajeshpmu/Desktop/LegalMemoCMT/data/processed/phase2/clancy/turn_clips/audio/93sfJyLzhqM/93sfJyLzhqM_turn02971.wav | /Users/rajeshpmu/Desktop/LegalMemoCMT/data/processed/phase2/clancy/turn_clips/audio/93sfJyLzhqM/93sfJyLzhqM_turn02972.wav,Andrew Kakio. || C H I A C H I O. || And what do you do for work?,UNKNOWN,LOW,UNKNOWN
DCBWoWhsTpA,/Users/rajeshpmu/Desktop/LegalMemoCMT/data/phase2/clancy/corpus/raw/live-lindsay-clancy-trial-day-14/live-lindsay-clancy-trial-day-14_DCBWoWhsTpA.wav,SPEAKER_01,18,54,224.472,DCBWoWhsTpA_turn06451 | DCBWoWhsTpA_turn06456 | DCBWoWhsTpA_turn06457,01:36:31.422 -> 01:36:33.411 | 01:36:40.099 -> 01:36:41.283 | 01:36:41.283 -> 01:36:41.883,/Users/rajeshpmu/Desktop/LegalMemoCMT/data/processed/phase2/clancy/turn_clips/video/DCBWoWhsTpA/DCBWoWhsTpA_turn06451.mp4 | /Users/rajeshpmu/Desktop/LegalMemoCMT/data/processed/phase2/clancy/turn_clips/video/DCBWoWhsTpA/DCBWoWhsTpA_turn06456.mp4 | /Users/rajeshpmu/Desktop/LegalMemoCMT/data/processed/phase2/clancy/turn_clips/video/DCBWoWhsTpA/DCBWoWhsTpA_turn06457.mp4,/Users/rajeshpmu/Desktop/LegalMemoCMT/data/processed/phase2/clancy/turn_clips/audio/DCBWoWhsTpA/DCBWoWhsTpA_turn06451.wav | /Users/rajeshpmu/Desktop/LegalMemoCMT/data/processed/phase2/clancy/turn_clips/audio/DCBWoWhsTpA/DCBWoWhsTpA_turn06456.wav | /Users/rajeshpmu/Desktop/LegalMemoCMT/data/processed/phase2/clancy/turn_clips/audio/DCBWoWhsTpA/DCBWoWhsTpA_turn06457.wav,Tell us your name. || I'm a labor and delivery nurse. || Where?,UNKNOWN,LOW,UNKNOWN
D6skXbDJJj8,/Users/rajeshpmu/Desktop/LegalMemoCMT/data/phase2/clancy/corpus/raw/live-lindsay-clancy-murder-trial-ma-v-lindsay-clancy-day-8/live-lindsay-clancy-murder-trial-ma-v-lindsay-clancy-day-8_D6skXbDJJj8.wav,SPEAKER_06,17,41,105.047,D6skXbDJJj8_turn04640 | D6skXbDJJj8_turn04653 | D6skXbDJJj8_turn04654,01:54:35.329 -> 01:54:36.012 | 01:55:19.357 -> 01:55:26.575 | 01:55:26.575 -> 01:55:29.936,/Users/rajeshpmu/Desktop/LegalMemoCMT/data/processed/phase2/clancy/turn_clips/video/D6skXbDJJj8/D6skXbDJJj8_turn04640.mp4 | /Users/rajeshpmu/Desktop/LegalMemoCMT/data/processed/phase2/clancy/turn_clips/video/D6skXbDJJj8/D6skXbDJJj8_turn04653.mp4 | /Users/rajeshpmu/Desktop/LegalMemoCMT/data/processed/phase2/clancy/turn_clips/video/D6skXbDJJj8/D6skXbDJJj8_turn04654.mp4,/Users/rajeshpmu/Desktop/LegalMemoCMT/data/processed/phase2/clancy/turn_clips/audio/D6skXbDJJj8/D6skXbDJJj8_turn04640.wav | /Users/rajeshpmu/Desktop/LegalMemoCMT/data/processed/phase2/clancy/turn_clips/audio/D6skXbDJJj8/D6skXbDJJj8_turn04653.wav | /Users/rajeshpmu/Desktop/LegalMemoCMT/data/processed/phase2/clancy/turn_clips/audio/D6skXbDJJj8/D6skXbDJJj8_turn04654.wav,"Yes, at || Sure. So, um, some children came in early at 8 and then the rest of the kids came in at 9:15 || and then some were half day and some were full day.",UNKNOWN,LOW,UNKNOWN
93sfJyLzhqM,/Users/rajeshpmu/Desktop/LegalMemoCMT/data/phase2/clancy/corpus/raw/live-ma-v-lindsay-clancy-day-8-accused-killer-mom-trial/live-ma-v-lindsay-clancy-day-8-accused-killer-mom-trial_93sfJyLzhqM.wav,UNKNOWN,16,0,0.000,93sfJyLzhqM_turn01381 | 93sfJyLzhqM_turn01480 | 93sfJyLzhqM_turn01736,01:01:50.801 -> 01:01:53.270 | 01:40:25.066 -> 01:40:27.750 | 02:03:27.677 -> 02:03:30.550,/Users/rajeshpmu/Desktop/LegalMemoCMT/data/processed/phase2/clancy/turn_clips/video/93sfJyLzhqM/93sfJyLzhqM_turn01381.mp4 | /Users/rajeshpmu/Desktop/LegalMemoCMT/data/processed/phase2/clancy/turn_clips/video/93sfJyLzhqM/93sfJyLzhqM_turn01480.mp4 | /Users/rajeshpmu/Desktop/LegalMemoCMT/data/processed/phase2/clancy/turn_clips/video/93sfJyLzhqM/93sfJyLzhqM_turn01736.mp4,/Users/rajeshpmu/Desktop/LegalMemoCMT/data/processed/phase2/clancy/turn_clips/audio/93sfJyLzhqM/93sfJyLzhqM_turn01381.wav | /Users/rajeshpmu/Desktop/LegalMemoCMT/data/processed/phase2/clancy/turn_clips/audio/93sfJyLzhqM/93sfJyLzhqM_turn01480.wav | /Users/rajeshpmu/Desktop/LegalMemoCMT/data/processed/phase2/clancy/turn_clips/audio/93sfJyLzhqM/93sfJyLzhqM_turn01736.wav,"All right, that may be admitted. || Yes, I believe so. || your stuff, please.",UNKNOWN,LOW,UNKNOWN
ZJd1Lk4w-qo,/Users/rajeshpmu/Desktop/LegalMemoCMT/data/phase2/clancy/corpus/raw/dr-alia-goodheart-psychiatrist-full-testimony-ma-v-lindsay-clancy/dr-alia-goodheart-psychiatrist-full-testimony-ma-v-lindsay-clancy_ZJd1Lk4w-qo.wav,UNKNOWN,16,0,0.000,ZJd1Lk4w-qo_turn07594 | ZJd1Lk4w-qo_turn07630 | ZJd1Lk4w-qo_turn07632,00:28:37.704 -> 00:28:38.304 | 00:33:31.179 -> 00:33:31.779 | 00:33:40.493 -> 00:33:41.093,/Users/rajeshpmu/Desktop/LegalMemoCMT/data/processed/phase2/clancy/turn_clips/video/ZJd1Lk4w-qo/ZJd1Lk4w-qo_turn07594.mp4 | /Users/rajeshpmu/Desktop/LegalMemoCMT/data/processed/phase2/clancy/turn_clips/video/ZJd1Lk4w-qo/ZJd1Lk4w-qo_turn07630.mp4 | /Users/rajeshpmu/Desktop/LegalMemoCMT/data/processed/phase2/clancy/turn_clips/video/ZJd1Lk4w-qo/ZJd1Lk4w-qo_turn07632.mp4,/Users/rajeshpmu/Desktop/LegalMemoCMT/data/processed/phase2/clancy/turn_clips/audio/ZJd1Lk4w-qo/ZJd1Lk4w-qo_turn07594.wav | /Users/rajeshpmu/Desktop/LegalMemoCMT/data/processed/phase2/clancy/turn_clips/audio/ZJd1Lk4w-qo/ZJd1Lk4w-qo_turn07630.wav | /Users/rajeshpmu/Desktop/LegalMemoCMT/data/processed/phase2/clancy/turn_clips/audio/ZJd1Lk4w-qo/ZJd1Lk4w-qo_turn07632.wav,Yes. || Yes. || Yes.,UNKNOWN,LOW,UNKNOWN
1tyKO8mTdOM,/Users/rajeshpmu/Desktop/LegalMemoCMT/data/phase2/clancy/corpus/raw/live-lindsay-clancy-trial-day-15/live-lindsay-clancy-trial-day-15_1tyKO8mTdOM.wav,UNKNOWN,15,0,0.000,1tyKO8mTdOM_turn00001 | 1tyKO8mTdOM_turn00084 | 1tyKO8mTdOM_turn00086,00:05:01.510 -> 00:05:04.930 | 00:15:27.871 -> 00:15:28.471 | 00:15:35.364 -> 00:15:36.398,/Users/rajeshpmu/Desktop/LegalMemoCMT/data/processed/phase2/clancy/turn_clips/video/1tyKO8mTdOM/1tyKO8mTdOM_turn00001.mp4 | /Users/rajeshpmu/Desktop/LegalMemoCMT/data/processed/phase2/clancy/turn_clips/video/1tyKO8mTdOM/1tyKO8mTdOM_turn00084.mp4 | /Users/rajeshpmu/Desktop/LegalMemoCMT/data/processed/phase2/clancy/turn_clips/video/1tyKO8mTdOM/1tyKO8mTdOM_turn00086.mp4,/Users/rajeshpmu/Desktop/LegalMemoCMT/data/processed/phase2/clancy/turn_clips/audio/1tyKO8mTdOM/1tyKO8mTdOM_turn00001.wav | /Users/rajeshpmu/Desktop/LegalMemoCMT/data/processed/phase2/clancy/turn_clips/audio/1tyKO8mTdOM/1tyKO8mTdOM_turn00084.wav | /Users/rajeshpmu/Desktop/LegalMemoCMT/data/processed/phase2/clancy/turn_clips/audio/1tyKO8mTdOM/1tyKO8mTdOM_turn00086.wav,This court is now in session. May be seated. || Correct. || Very much so.,UNKNOWN,LOW,UNKNOWN
DCBWoWhsTpA,/Users/rajeshpmu/Desktop/LegalMemoCMT/data/phase2/clancy/corpus/raw/live-lindsay-clancy-trial-day-14/live-lindsay-clancy-trial-day-14_DCBWoWhsTpA.wav,SPEAKER_04,15,52,64.985,DCBWoWhsTpA_turn05968 | DCBWoWhsTpA_turn06001 | DCBWoWhsTpA_turn06019,00:17:20.615 -> 00:17:23.777 | 00:25:03.675 -> 00:25:27.776 | 00:31:05.356 -> 00:31:13.540,/Users/rajeshpmu/Desktop/LegalMemoCMT/data/processed/phase2/clancy/turn_clips/video/DCBWoWhsTpA/DCBWoWhsTpA_turn05968.mp4 | /Users/rajeshpmu/Desktop/LegalMemoCMT/data/processed/phase2/clancy/turn_clips/video/DCBWoWhsTpA/DCBWoWhsTpA_turn06001.mp4 | /Users/rajeshpmu/Desktop/LegalMemoCMT/data/processed/phase2/clancy/turn_clips/video/DCBWoWhsTpA/DCBWoWhsTpA_turn06019.mp4,/Users/rajeshpmu/Desktop/LegalMemoCMT/data/processed/phase2/clancy/turn_clips/audio/DCBWoWhsTpA/DCBWoWhsTpA_turn05968.wav | /Users/rajeshpmu/Desktop/LegalMemoCMT/data/processed/phase2/clancy/turn_clips/audio/DCBWoWhsTpA/DCBWoWhsTpA_turn06001.wav | /Users/rajeshpmu/Desktop/LegalMemoCMT/data/processed/phase2/clancy/turn_clips/audio/DCBWoWhsTpA/DCBWoWhsTpA_turn06019.wav,"That's right there. Right below 11:46. || Correct. And going to page eight of your report, we have here um at the top of page eight. Does that show um the last flights climb recorded on either the defendant's phone or watch? || So where it says after the queue, how plus quickly plus does plus the user is not putting in those pluses. Correct? Is that what were you calling those?",UNKNOWN,LOW,UNKNOWN
ma6ni-5zuW0,/Users/rajeshpmu/Desktop/LegalMemoCMT/data/phase2/clancy/corpus/raw/lindsay-clancy-trial-lindsay-s-mother-describes-her-daughter-s-anxiety/lindsay-clancy-trial-lindsay-s-mother-describes-her-daughter-s-anxiety_ma6ni-5zuW0.wav,SPEAKER_01,13,32,58.372,ma6ni-5zuW0_turn08415 | ma6ni-5zuW0_turn08416 | ma6ni-5zuW0_turn08421,00:01:18.635 -> 00:01:19.235 | 00:01:19.017 -> 00:01:21.164 | 00:02:34.384 -> 00:02:39.180,/Users/rajeshpmu/Desktop/LegalMemoCMT/data/processed/phase2/clancy/turn_clips/video/ma6ni-5zuW0/ma6ni-5zuW0_turn08415.mp4 | /Users/rajeshpmu/Desktop/LegalMemoCMT/data/processed/phase2/clancy/turn_clips/video/ma6ni-5zuW0/ma6ni-5zuW0_turn08416.mp4 | /Users/rajeshpmu/Desktop/LegalMemoCMT/data/processed/phase2/clancy/turn_clips/video/ma6ni-5zuW0/ma6ni-5zuW0_turn08421.mp4,/Users/rajeshpmu/Desktop/LegalMemoCMT/data/processed/phase2/clancy/turn_clips/audio/ma6ni-5zuW0/ma6ni-5zuW0_turn08415.wav | /Users/rajeshpmu/Desktop/LegalMemoCMT/data/processed/phase2/clancy/turn_clips/audio/ma6ni-5zuW0/ma6ni-5zuW0_turn08416.wav | /Users/rajeshpmu/Desktop/LegalMemoCMT/data/processed/phase2/clancy/turn_clips/audio/ma6ni-5zuW0/ma6ni-5zuW0_turn08421.wav,"Ms. Rayburn || Your Honor, your Honor, Judge, thank you. || I'm going to ask remind you like everybody else to speak into the microphone if you could keep your voice up, please.",UNKNOWN,LOW,UNKNOWN
1tyKO8mTdOM,/Users/rajeshpmu/Desktop/LegalMemoCMT/data/phase2/clancy/corpus/raw/live-lindsay-clancy-trial-day-15/live-lindsay-clancy-trial-day-15_1tyKO8mTdOM.wav,SPEAKER_13,12,24,51.129,1tyKO8mTdOM_turn00002 | 1tyKO8mTdOM_turn00003 | 1tyKO8mTdOM_turn00009,00:05:04.930 -> 00:05:08.710 | 00:05:10.870 -> 00:05:15.701 | 00:07:08.595 -> 00:07:24.005,/Users/rajeshpmu/Desktop/LegalMemoCMT/data/processed/phase2/clancy/turn_clips/video/1tyKO8mTdOM/1tyKO8mTdOM_turn00002.mp4 | /Users/rajeshpmu/Desktop/LegalMemoCMT/data/processed/phase2/clancy/turn_clips/video/1tyKO8mTdOM/1tyKO8mTdOM_turn00003.mp4 | /Users/rajeshpmu/Desktop/LegalMemoCMT/data/processed/phase2/clancy/turn_clips/video/1tyKO8mTdOM/1tyKO8mTdOM_turn00009.mp4,/Users/rajeshpmu/Desktop/LegalMemoCMT/data/processed/phase2/clancy/turn_clips/audio/1tyKO8mTdOM/1tyKO8mTdOM_turn00002.wav | /Users/rajeshpmu/Desktop/LegalMemoCMT/data/processed/phase2/clancy/turn_clips/audio/1tyKO8mTdOM/1tyKO8mTdOM_turn00003.wav | /Users/rajeshpmu/Desktop/LegalMemoCMT/data/processed/phase2/clancy/turn_clips/audio/1tyKO8mTdOM/1tyKO8mTdOM_turn00009.wav,"Yes, please. || Attorney is represented by assistant district attorney general Frank and assistant district attorney Shannon Buckingham. All || Yes, please. We have a continuation of a jury trial matter. Miss Clancy is present. She is attorney and the commonwealth is represented by assistant district attorney general and assistant district attorney.",UNKNOWN,LOW,UNKNOWN
D6skXbDJJj8,/Users/rajeshpmu/Desktop/LegalMemoCMT/data/phase2/clancy/corpus/raw/live-lindsay-clancy-murder-trial-ma-v-lindsay-clancy-day-8/live-lindsay-clancy-murder-trial-ma-v-lindsay-clancy-day-8_D6skXbDJJj8.wav,SPEAKER_03,12,28,105.097,D6skXbDJJj8_turn04286 | D6skXbDJJj8_turn04287 | D6skXbDJJj8_turn04288,00:29:21.179 -> 00:29:23.458 | 00:29:23.458 -> 00:29:24.058 | 00:29:23.997 -> 00:29:38.118,/Users/rajeshpmu/Desktop/LegalMemoCMT/data/processed/phase2/clancy/turn_clips/video/D6skXbDJJj8/D6skXbDJJj8_turn04286.mp4 | /Users/rajeshpmu/Desktop/LegalMemoCMT/data/processed/phase2/clancy/turn_clips/video/D6skXbDJJj8/D6skXbDJJj8_turn04287.mp4 | /Users/rajeshpmu/Desktop/LegalMemoCMT/data/processed/phase2/clancy/turn_clips/video/D6skXbDJJj8/D6skXbDJJj8_turn04288.mp4,/Users/rajeshpmu/Desktop/LegalMemoCMT/data/processed/phase2/clancy/turn_clips/audio/D6skXbDJJj8/D6skXbDJJj8_turn04286.wav | /Users/rajeshpmu/Desktop/LegalMemoCMT/data/processed/phase2/clancy/turn_clips/audio/D6skXbDJJj8/D6skXbDJJj8_turn04287.wav | /Users/rajeshpmu/Desktop/LegalMemoCMT/data/processed/phase2/clancy/turn_clips/audio/D6skXbDJJj8/D6skXbDJJj8_turn04288.wav,"Good morning, your honor. May I proceed? || Yes, please. || Madam cler of the court. Today we have Carmon versus Lindseay Clancy. Miss Clancy is present. She is represented by attorney Kevin Readington and the Commonwealth is represented by assistant district attorney Jennifer Sprag and assistant di",UNKNOWN,LOW,UNKNOWN
peYoD-JkAXE,/Users/rajeshpmu/Desktop/LegalMemoCMT/data/phase2/clancy/corpus/raw/dr-jennifer-tufts-psychiatrist-full-testimony-ma-v-lindsay-clancy/dr-jennifer-tufts-psychiatrist-full-testimony-ma-v-lindsay-clancy_peYoD-JkAXE.wav,SPEAKER_12,12,161,53.878,peYoD-JkAXE_turn09785 | peYoD-JkAXE_turn09788 | peYoD-JkAXE_turn09927,02:28:33.190 -> 02:28:33.790 | 02:28:37.443 -> 02:28:38.043 | 02:41:41.650 -> 02:41:43.513,/Users/rajeshpmu/Desktop/LegalMemoCMT/data/processed/phase2/clancy/turn_clips/video/peYoD-JkAXE/peYoD-JkAXE_turn09785.mp4 | /Users/rajeshpmu/Desktop/LegalMemoCMT/data/processed/phase2/clancy/turn_clips/video/peYoD-JkAXE/peYoD-JkAXE_turn09788.mp4 | /Users/rajeshpmu/Desktop/LegalMemoCMT/data/processed/phase2/clancy/turn_clips/video/peYoD-JkAXE/peYoD-JkAXE_turn09927.mp4,/Users/rajeshpmu/Desktop/LegalMemoCMT/data/processed/phase2/clancy/turn_clips/audio/peYoD-JkAXE/peYoD-JkAXE_turn09785.wav | /Users/rajeshpmu/Desktop/LegalMemoCMT/data/processed/phase2/clancy/turn_clips/audio/peYoD-JkAXE/peYoD-JkAXE_turn09788.wav | /Users/rajeshpmu/Desktop/LegalMemoCMT/data/processed/phase2/clancy/turn_clips/audio/peYoD-JkAXE/peYoD-JkAXE_turn09927.wav,Right. || Yes. || About October?,UNKNOWN,LOW,UNKNOWN
93sfJyLzhqM,/Users/rajeshpmu/Desktop/LegalMemoCMT/data/phase2/clancy/corpus/raw/live-ma-v-lindsay-clancy-day-8-accused-killer-mom-trial/live-ma-v-lindsay-clancy-day-8-accused-killer-mom-trial_93sfJyLzhqM.wav,SPEAKER_02,11,22,16.890,93sfJyLzhqM_turn01897 | 93sfJyLzhqM_turn02484 | 93sfJyLzhqM_turn02485,02:22:58.206 -> 02:23:01.275 | 03:55:51.677 -> 03:55:54.870 | 03:55:57.750 -> 03:55:58.350,/Users/rajeshpmu/Desktop/LegalMemoCMT/data/processed/phase2/clancy/turn_clips/video/93sfJyLzhqM/93sfJyLzhqM_turn01897.mp4 | /Users/rajeshpmu/Desktop/LegalMemoCMT/data/processed/phase2/clancy/turn_clips/video/93sfJyLzhqM/93sfJyLzhqM_turn02484.mp4 | /Users/rajeshpmu/Desktop/LegalMemoCMT/data/processed/phase2/clancy/turn_clips/video/93sfJyLzhqM/93sfJyLzhqM_turn02485.mp4,/Users/rajeshpmu/Desktop/LegalMemoCMT/data/processed/phase2/clancy/turn_clips/audio/93sfJyLzhqM/93sfJyLzhqM_turn01897.wav | /Users/rajeshpmu/Desktop/LegalMemoCMT/data/processed/phase2/clancy/turn_clips/audio/93sfJyLzhqM/93sfJyLzhqM_turn02484.wav | /Users/rajeshpmu/Desktop/LegalMemoCMT/data/processed/phase2/clancy/turn_clips/audio/93sfJyLzhqM/93sfJyLzhqM_turn02485.wav,Katrina Readington. [snorts] || Thank you. || Readington. Thank you.,UNKNOWN,LOW,UNKNOWN
93sfJyLzhqM,/Users/rajeshpmu/Desktop/LegalMemoCMT/data/phase2/clancy/corpus/raw/live-ma-v-lindsay-clancy-day-8-accused-killer-mom-trial/live-ma-v-lindsay-clancy-day-8-accused-killer-mom-trial_93sfJyLzhqM.wav,SPEAKER_03,11,24,19.422,93sfJyLzhqM_turn01609 | 93sfJyLzhqM_turn01610 | 93sfJyLzhqM_turn02519,01:52:18.339 -> 01:52:18.939 | 01:52:18.878 -> 01:52:25.812 | 04:04:09.052 -> 04:04:10.070,/Users/rajeshpmu/Desktop/LegalMemoCMT/data/processed/phase2/clancy/turn_clips/video/93sfJyLzhqM/93sfJyLzhqM_turn01609.mp4 | /Users/rajeshpmu/Desktop/LegalMemoCMT/data/processed/phase2/clancy/turn_clips/video/93sfJyLzhqM/93sfJyLzhqM_turn01610.mp4 | /Users/rajeshpmu/Desktop/LegalMemoCMT/data/processed/phase2/clancy/turn_clips/video/93sfJyLzhqM/93sfJyLzhqM_turn02519.mp4,/Users/rajeshpmu/Desktop/LegalMemoCMT/data/processed/phase2/clancy/turn_clips/audio/93sfJyLzhqM/93sfJyLzhqM_turn01609.wav | /Users/rajeshpmu/Desktop/LegalMemoCMT/data/processed/phase2/clancy/turn_clips/audio/93sfJyLzhqM/93sfJyLzhqM_turn01610.wav | /Users/rajeshpmu/Desktop/LegalMemoCMT/data/processed/phase2/clancy/turn_clips/audio/93sfJyLzhqM/93sfJyLzhqM_turn02519.wav,"Nothing. || All right. Thank you, ma'am. You sit there. Thank you. || Yes.",UNKNOWN,LOW,UNKNOWN
93sfJyLzhqM,/Users/rajeshpmu/Desktop/LegalMemoCMT/data/phase2/clancy/corpus/raw/live-ma-v-lindsay-clancy-day-8-accused-killer-mom-trial/live-ma-v-lindsay-clancy-day-8-accused-killer-mom-trial_93sfJyLzhqM.wav,SPEAKER_13,11,34,62.500,93sfJyLzhqM_turn01544 | 93sfJyLzhqM_turn01547 | 93sfJyLzhqM_turn01554,01:47:01.715 -> 01:47:12.703 | 01:47:36.849 -> 01:47:40.446 | 01:48:03.995 -> 01:48:04.595,/Users/rajeshpmu/Desktop/LegalMemoCMT/data/processed/phase2/clancy/turn_clips/video/93sfJyLzhqM/93sfJyLzhqM_turn01544.mp4 | /Users/rajeshpmu/Desktop/LegalMemoCMT/data/processed/phase2/clancy/turn_clips/video/93sfJyLzhqM/93sfJyLzhqM_turn01547.mp4 | /Users/rajeshpmu/Desktop/LegalMemoCMT/data/processed/phase2/clancy/turn_clips/video/93sfJyLzhqM/93sfJyLzhqM_turn01554.mp4,/Users/rajeshpmu/Desktop/LegalMemoCMT/data/processed/phase2/clancy/turn_clips/audio/93sfJyLzhqM/93sfJyLzhqM_turn01544.wav | /Users/rajeshpmu/Desktop/LegalMemoCMT/data/processed/phase2/clancy/turn_clips/audio/93sfJyLzhqM/93sfJyLzhqM_turn01547.wav | /Users/rajeshpmu/Desktop/LegalMemoCMT/data/processed/phase2/clancy/turn_clips/audio/93sfJyLzhqM/93sfJyLzhqM_turn01554.wav,"Thank you. Can you please state and spell your name for the record? Uh, Susan Freyone. S U S A N F R A O N E. And your date of birth? 112682. || Uh, the about three year olds to four year olds. || Yes.",UNKNOWN,LOW,UNKNOWN
D5L_c9Mla1U,/Users/rajeshpmu/Desktop/LegalMemoCMT/data/phase2/clancy/corpus/raw/live-lindsay-clancy-trial-day-16/live-lindsay-clancy-trial-day-16_D5L_c9Mla1U.wav,UNKNOWN,11,0,0.000,D5L_c9Mla1U_turn03209 | D5L_c9Mla1U_turn03224 | D5L_c9Mla1U_turn03469,00:00:03.494 -> 00:00:06.275 | 00:04:04.519 -> 00:04:07.190 | 00:31:16.983 -> 00:31:20.070,/Users/rajeshpmu/Desktop/LegalMemoCMT/data/processed/phase2/clancy/turn_clips/video/D5L_c9Mla1U/D5L_c9Mla1U_turn03209.mp4 | /Users/rajeshpmu/Desktop/LegalMemoCMT/data/processed/phase2/clancy/turn_clips/video/D5L_c9Mla1U/D5L_c9Mla1U_turn03224.mp4 | /Users/rajeshpmu/Desktop/LegalMemoCMT/data/processed/phase2/clancy/turn_clips/video/D5L_c9Mla1U/D5L_c9Mla1U_turn03469.mp4,/Users/rajeshpmu/Desktop/LegalMemoCMT/data/processed/phase2/clancy/turn_clips/audio/D5L_c9Mla1U/D5L_c9Mla1U_turn03209.wav | /Users/rajeshpmu/Desktop/LegalMemoCMT/data/processed/phase2/clancy/turn_clips/audio/D5L_c9Mla1U/D5L_c9Mla1U_turn03224.wav | /Users/rajeshpmu/Desktop/LegalMemoCMT/data/processed/phase2/clancy/turn_clips/audio/D5L_c9Mla1U/D5L_c9Mla1U_turn03469.wav,Good morning. || Yeah. Morning || That sounds about right.,UNKNOWN,LOW,UNKNOWN
D6skXbDJJj8,/Users/rajeshpmu/Desktop/LegalMemoCMT/data/phase2/clancy/corpus/raw/live-lindsay-clancy-murder-trial-ma-v-lindsay-clancy-day-8/live-lindsay-clancy-murder-trial-ma-v-lindsay-clancy-day-8_D6skXbDJJj8.wav,SPEAKER_05,10,27,53.630,D6skXbDJJj8_turn04554 | D6skXbDJJj8_turn04567 | D6skXbDJJj8_turn04568,01:47:43.821 -> 01:47:49.884 | 01:48:43.118 -> 01:48:45.145 | 01:48:45.145 -> 01:48:51.287,/Users/rajeshpmu/Desktop/LegalMemoCMT/data/processed/phase2/clancy/turn_clips/video/D6skXbDJJj8/D6skXbDJJj8_turn04554.mp4 | /Users/rajeshpmu/Desktop/LegalMemoCMT/data/processed/phase2/clancy/turn_clips/video/D6skXbDJJj8/D6skXbDJJj8_turn04567.mp4 | /Users/rajeshpmu/Desktop/LegalMemoCMT/data/processed/phase2/clancy/turn_clips/video/D6skXbDJJj8/D6skXbDJJj8_turn04568.mp4,/Users/rajeshpmu/Desktop/LegalMemoCMT/data/processed/phase2/clancy/turn_clips/audio/D6skXbDJJj8/D6skXbDJJj8_turn04554.wav | /Users/rajeshpmu/Desktop/LegalMemoCMT/data/processed/phase2/clancy/turn_clips/audio/D6skXbDJJj8/D6skXbDJJj8_turn04567.wav | /Users/rajeshpmu/Desktop/LegalMemoCMT/data/processed/phase2/clancy/turn_clips/audio/D6skXbDJJj8/D6skXbDJJj8_turn04568.wav,"Uh, Susan Fraone. S U S A N F R A O N E. And your date of birth? || How did you know Kora? || Um most of the teachers help out in all the classrooms. So we get to know all the children.",UNKNOWN,LOW,UNKNOWN
DCBWoWhsTpA,/Users/rajeshpmu/Desktop/LegalMemoCMT/data/phase2/clancy/corpus/raw/live-lindsay-clancy-trial-day-14/live-lindsay-clancy-trial-day-14_DCBWoWhsTpA.wav,SPEAKER_13,10,24,21.618,DCBWoWhsTpA_turn06556 | DCBWoWhsTpA_turn06557 | DCBWoWhsTpA_turn06558,01:49:37.890 -> 01:49:39.148 | 01:49:39.148 -> 01:49:41.034 | 01:49:41.034 -> 01:49:42.254,/Users/rajeshpmu/Desktop/LegalMemoCMT/data/processed/phase2/clancy/turn_clips/video/DCBWoWhsTpA/DCBWoWhsTpA_turn06556.mp4 | /Users/rajeshpmu/Desktop/LegalMemoCMT/data/processed/phase2/clancy/turn_clips/video/DCBWoWhsTpA/DCBWoWhsTpA_turn06557.mp4 | /Users/rajeshpmu/Desktop/LegalMemoCMT/data/processed/phase2/clancy/turn_clips/video/DCBWoWhsTpA/DCBWoWhsTpA_turn06558.mp4,/Users/rajeshpmu/Desktop/LegalMemoCMT/data/processed/phase2/clancy/turn_clips/audio/DCBWoWhsTpA/DCBWoWhsTpA_turn06556.wav | /Users/rajeshpmu/Desktop/LegalMemoCMT/data/processed/phase2/clancy/turn_clips/audio/DCBWoWhsTpA/DCBWoWhsTpA_turn06557.wav | /Users/rajeshpmu/Desktop/LegalMemoCMT/data/processed/phase2/clancy/turn_clips/audio/DCBWoWhsTpA/DCBWoWhsTpA_turn06558.wav,What did she say? || She said yes at that point. || And you knew her husband Pat?,UNKNOWN,LOW,UNKNOWN
peYoD-JkAXE,/Users/rajeshpmu/Desktop/LegalMemoCMT/data/phase2/clancy/corpus/raw/dr-jennifer-tufts-psychiatrist-full-testimony-ma-v-lindsay-clancy/dr-jennifer-tufts-psychiatrist-full-testimony-ma-v-lindsay-clancy_peYoD-JkAXE.wav,SPEAKER_08,10,36,32.027,peYoD-JkAXE_turn10326 | peYoD-JkAXE_turn10327 | peYoD-JkAXE_turn10487,03:30:08.554 -> 03:30:12.369 | 03:30:12.369 -> 03:30:15.086 | 03:45:38.475 -> 03:45:39.990,/Users/rajeshpmu/Desktop/LegalMemoCMT/data/processed/phase2/clancy/turn_clips/video/peYoD-JkAXE/peYoD-JkAXE_turn10326.mp4 | /Users/rajeshpmu/Desktop/LegalMemoCMT/data/processed/phase2/clancy/turn_clips/video/peYoD-JkAXE/peYoD-JkAXE_turn10327.mp4 | /Users/rajeshpmu/Desktop/LegalMemoCMT/data/processed/phase2/clancy/turn_clips/video/peYoD-JkAXE/peYoD-JkAXE_turn10487.mp4,/Users/rajeshpmu/Desktop/LegalMemoCMT/data/processed/phase2/clancy/turn_clips/audio/peYoD-JkAXE/peYoD-JkAXE_turn10326.wav | /Users/rajeshpmu/Desktop/LegalMemoCMT/data/processed/phase2/clancy/turn_clips/audio/peYoD-JkAXE/peYoD-JkAXE_turn10327.wav | /Users/rajeshpmu/Desktop/LegalMemoCMT/data/processed/phase2/clancy/turn_clips/audio/peYoD-JkAXE/peYoD-JkAXE_turn10487.wav,Hold on. Hold on. Stay. Next question. || She could finish the the answer. || Objection. If we could just have a date. I,UNKNOWN,LOW,UNKNOWN
DCBWoWhsTpA,/Users/rajeshpmu/Desktop/LegalMemoCMT/data/phase2/clancy/corpus/raw/live-lindsay-clancy-trial-day-14/live-lindsay-clancy-trial-day-14_DCBWoWhsTpA.wav,SPEAKER_12,9,72,37.041,DCBWoWhsTpA_turn06145 | DCBWoWhsTpA_turn06199 | DCBWoWhsTpA_turn06200,00:54:38.539 -> 00:54:40.994 | 01:01:03.275 -> 01:01:04.802 | 01:01:04.802 -> 01:01:06.634,/Users/rajeshpmu/Desktop/LegalMemoCMT/data/processed/phase2/clancy/turn_clips/video/DCBWoWhsTpA/DCBWoWhsTpA_turn06145.mp4 | /Users/rajeshpmu/Desktop/LegalMemoCMT/data/processed/phase2/clancy/turn_clips/video/DCBWoWhsTpA/DCBWoWhsTpA_turn06199.mp4 | /Users/rajeshpmu/Desktop/LegalMemoCMT/data/processed/phase2/clancy/turn_clips/video/DCBWoWhsTpA/DCBWoWhsTpA_turn06200.mp4,/Users/rajeshpmu/Desktop/LegalMemoCMT/data/processed/phase2/clancy/turn_clips/audio/DCBWoWhsTpA/DCBWoWhsTpA_turn06145.wav | /Users/rajeshpmu/Desktop/LegalMemoCMT/data/processed/phase2/clancy/turn_clips/audio/DCBWoWhsTpA/DCBWoWhsTpA_turn06199.wav | /Users/rajeshpmu/Desktop/LegalMemoCMT/data/processed/phase2/clancy/turn_clips/audio/DCBWoWhsTpA/DCBWoWhsTpA_turn06200.wav,"Is the heart rate is on the watch? Yes, || You've seen this before, right? || Uh it rings a bell. Yes.",UNKNOWN,LOW,UNKNOWN
DCBWoWhsTpA,/Users/rajeshpmu/Desktop/LegalMemoCMT/data/phase2/clancy/corpus/raw/live-lindsay-clancy-trial-day-14/live-lindsay-clancy-trial-day-14_DCBWoWhsTpA.wav,SPEAKER_15,9,28,19.578,DCBWoWhsTpA_turn06136 | DCBWoWhsTpA_turn06413 | DCBWoWhsTpA_turn06442,00:53:20.950 -> 00:53:22.421 | 01:22:59.824 -> 01:23:00.873 | 01:32:22.872 -> 01:33:07.698,/Users/rajeshpmu/Desktop/LegalMemoCMT/data/processed/phase2/clancy/turn_clips/video/DCBWoWhsTpA/DCBWoWhsTpA_turn06136.mp4 | /Users/rajeshpmu/Desktop/LegalMemoCMT/data/processed/phase2/clancy/turn_clips/video/DCBWoWhsTpA/DCBWoWhsTpA_turn06413.mp4 | /Users/rajeshpmu/Desktop/LegalMemoCMT/data/processed/phase2/clancy/turn_clips/video/DCBWoWhsTpA/DCBWoWhsTpA_turn06442.mp4,/Users/rajeshpmu/Desktop/LegalMemoCMT/data/processed/phase2/clancy/turn_clips/audio/DCBWoWhsTpA/DCBWoWhsTpA_turn06136.wav | /Users/rajeshpmu/Desktop/LegalMemoCMT/data/processed/phase2/clancy/turn_clips/audio/DCBWoWhsTpA/DCBWoWhsTpA_turn06413.wav | /Users/rajeshpmu/Desktop/LegalMemoCMT/data/processed/phase2/clancy/turn_clips/audio/DCBWoWhsTpA/DCBWoWhsTpA_turn06442.wav,"All right. Thank you, Madam Clerk. Mr. Ready. || Yeah, they're by agreement. || Ready for the jury judge?",UNKNOWN,LOW,UNKNOWN
peYoD-JkAXE,/Users/rajeshpmu/Desktop/LegalMemoCMT/data/phase2/clancy/corpus/raw/dr-jennifer-tufts-psychiatrist-full-testimony-ma-v-lindsay-clancy/dr-jennifer-tufts-psychiatrist-full-testimony-ma-v-lindsay-clancy_peYoD-JkAXE.wav,SPEAKER_06,9,57,30.205,peYoD-JkAXE_turn08694 | peYoD-JkAXE_turn09619 | peYoD-JkAXE_turn09620,00:11:41.353 -> 00:11:41.953 | 02:07:30.137 -> 02:07:32.189 | 02:07:32.189 -> 02:07:36.260,/Users/rajeshpmu/Desktop/LegalMemoCMT/data/processed/phase2/clancy/turn_clips/video/peYoD-JkAXE/peYoD-JkAXE_turn08694.mp4 | /Users/rajeshpmu/Desktop/LegalMemoCMT/data/processed/phase2/clancy/turn_clips/video/peYoD-JkAXE/peYoD-JkAXE_turn09619.mp4 | /Users/rajeshpmu/Desktop/LegalMemoCMT/data/processed/phase2/clancy/turn_clips/video/peYoD-JkAXE/peYoD-JkAXE_turn09620.mp4,/Users/rajeshpmu/Desktop/LegalMemoCMT/data/processed/phase2/clancy/turn_clips/audio/peYoD-JkAXE/peYoD-JkAXE_turn08694.wav | /Users/rajeshpmu/Desktop/LegalMemoCMT/data/processed/phase2/clancy/turn_clips/audio/peYoD-JkAXE/peYoD-JkAXE_turn09619.wav | /Users/rajeshpmu/Desktop/LegalMemoCMT/data/processed/phase2/clancy/turn_clips/audio/peYoD-JkAXE/peYoD-JkAXE_turn09620.wav,Yes. || Thank you doctor. I have nothing further. || Uh good morning doctor.,UNKNOWN,LOW,UNKNOWN
sHUdRcABC-Q,/Users/rajeshpmu/Desktop/LegalMemoCMT/data/phase2/clancy/corpus/raw/psychiatrist-details-lindsay-clancy-s-hallucinations/psychiatrist-details-lindsay-clancy-s-hallucinations_sHUdRcABC-Q.wav,SPEAKER_00,9,22,21.803,sHUdRcABC-Q_turn11636 | sHUdRcABC-Q_turn11637 | sHUdRcABC-Q_turn11638,00:00:26.390 -> 00:00:26.990 | 00:00:26.809 -> 00:00:28.407 | 00:00:28.407 -> 00:00:32.075,/Users/rajeshpmu/Desktop/LegalMemoCMT/data/processed/phase2/clancy/turn_clips/video/sHUdRcABC-Q/sHUdRcABC-Q_turn11636.mp4 | /Users/rajeshpmu/Desktop/LegalMemoCMT/data/processed/phase2/clancy/turn_clips/video/sHUdRcABC-Q/sHUdRcABC-Q_turn11637.mp4 | /Users/rajeshpmu/Desktop/LegalMemoCMT/data/processed/phase2/clancy/turn_clips/video/sHUdRcABC-Q/sHUdRcABC-Q_turn11638.mp4,/Users/rajeshpmu/Desktop/LegalMemoCMT/data/processed/phase2/clancy/turn_clips/audio/sHUdRcABC-Q/sHUdRcABC-Q_turn11636.wav | /Users/rajeshpmu/Desktop/LegalMemoCMT/data/processed/phase2/clancy/turn_clips/audio/sHUdRcABC-Q/sHUdRcABC-Q_turn11637.wav | /Users/rajeshpmu/Desktop/LegalMemoCMT/data/processed/phase2/clancy/turn_clips/audio/sHUdRcABC-Q/sHUdRcABC-Q_turn11638.wav,"Thank you. || All right. Good afternoon, doctor. || Hi. I'm going to ask you to keep your voice up and speak into that microphone. All right.",UNKNOWN,LOW,UNKNOWN
1tyKO8mTdOM,/Users/rajeshpmu/Desktop/LegalMemoCMT/data/phase2/clancy/corpus/raw/live-lindsay-clancy-trial-day-15/live-lindsay-clancy-trial-day-15_1tyKO8mTdOM.wav,SPEAKER_00,8,22,36.603,1tyKO8mTdOM_turn00007 | 1tyKO8mTdOM_turn00334 | 1tyKO8mTdOM_turn00335,00:05:37.618 -> 00:07:05.910 | 00:42:37.510 -> 00:42:38.110 | 00:42:38.016 -> 00:42:44.950,/Users/rajeshpmu/Desktop/LegalMemoCMT/data/processed/phase2/clancy/turn_clips/video/1tyKO8mTdOM/1tyKO8mTdOM_turn00007.mp4 | /Users/rajeshpmu/Desktop/LegalMemoCMT/data/processed/phase2/clancy/turn_clips/video/1tyKO8mTdOM/1tyKO8mTdOM_turn00334.mp4 | /Users/rajeshpmu/Desktop/LegalMemoCMT/data/processed/phase2/clancy/turn_clips/video/1tyKO8mTdOM/1tyKO8mTdOM_turn00335.mp4,/Users/rajeshpmu/Desktop/LegalMemoCMT/data/processed/phase2/clancy/turn_clips/audio/1tyKO8mTdOM/1tyKO8mTdOM_turn00007.wav | /Users/rajeshpmu/Desktop/LegalMemoCMT/data/processed/phase2/clancy/turn_clips/audio/1tyKO8mTdOM/1tyKO8mTdOM_turn00334.wav | /Users/rajeshpmu/Desktop/LegalMemoCMT/data/processed/phase2/clancy/turn_clips/audio/1tyKO8mTdOM/1tyKO8mTdOM_turn00335.wav,Yes. We have another matter of compliance. I'm going to send it to court. All right. Hey. Hey. He all persons having anything to do before the honorable William Sullivan justice of the superior court now sitting in with him before the Commo || [clears throat] || of exit the court session. Please be seated.,UNKNOWN,LOW,UNKNOWN
peYoD-JkAXE,/Users/rajeshpmu/Desktop/LegalMemoCMT/data/phase2/clancy/corpus/raw/dr-jennifer-tufts-psychiatrist-full-testimony-ma-v-lindsay-clancy/dr-jennifer-tufts-psychiatrist-full-testimony-ma-v-lindsay-clancy_peYoD-JkAXE.wav,SPEAKER_10,8,31,20.670,peYoD-JkAXE_turn09723 | peYoD-JkAXE_turn09817 | peYoD-JkAXE_turn10010,02:21:20.902 -> 02:21:22.751 | 02:30:27.402 -> 02:30:28.489 | 02:52:27.143 -> 02:52:30.034,/Users/rajeshpmu/Desktop/LegalMemoCMT/data/processed/phase2/clancy/turn_clips/video/peYoD-JkAXE/peYoD-JkAXE_turn09723.mp4 | /Users/rajeshpmu/Desktop/LegalMemoCMT/data/processed/phase2/clancy/turn_clips/video/peYoD-JkAXE/peYoD-JkAXE_turn09817.mp4 | /Users/rajeshpmu/Desktop/LegalMemoCMT/data/processed/phase2/clancy/turn_clips/video/peYoD-JkAXE/peYoD-JkAXE_turn10010.mp4,/Users/rajeshpmu/Desktop/LegalMemoCMT/data/processed/phase2/clancy/turn_clips/audio/peYoD-JkAXE/peYoD-JkAXE_turn09723.wav | /Users/rajeshpmu/Desktop/LegalMemoCMT/data/processed/phase2/clancy/turn_clips/audio/peYoD-JkAXE/peYoD-JkAXE_turn09817.wav | /Users/rajeshpmu/Desktop/LegalMemoCMT/data/processed/phase2/clancy/turn_clips/audio/peYoD-JkAXE/peYoD-JkAXE_turn10010.wav,Um I I don't recall. || Never asked. || What's the time frame?,UNKNOWN,LOW,UNKNOWN
D6skXbDJJj8,/Users/rajeshpmu/Desktop/LegalMemoCMT/data/phase2/clancy/corpus/raw/live-lindsay-clancy-murder-trial-ma-v-lindsay-clancy-day-8/live-lindsay-clancy-murder-trial-ma-v-lindsay-clancy-day-8_D6skXbDJJj8.wav,SPEAKER_20,7,24,25.215,D6skXbDJJj8_turn04551 | D6skXbDJJj8_turn04624 | D6skXbDJJj8_turn04834,01:47:33.669 -> 01:47:34.309 | 01:52:57.519 -> 01:54:01.833 | 02:12:08.171 -> 02:12:14.711,/Users/rajeshpmu/Desktop/LegalMemoCMT/data/processed/phase2/clancy/turn_clips/video/D6skXbDJJj8/D6skXbDJJj8_turn04551.mp4 | /Users/rajeshpmu/Desktop/LegalMemoCMT/data/processed/phase2/clancy/turn_clips/video/D6skXbDJJj8/D6skXbDJJj8_turn04624.mp4 | /Users/rajeshpmu/Desktop/LegalMemoCMT/data/processed/phase2/clancy/turn_clips/video/D6skXbDJJj8/D6skXbDJJj8_turn04834.mp4,/Users/rajeshpmu/Desktop/LegalMemoCMT/data/processed/phase2/clancy/turn_clips/audio/D6skXbDJJj8/D6skXbDJJj8_turn04551.wav | /Users/rajeshpmu/Desktop/LegalMemoCMT/data/processed/phase2/clancy/turn_clips/audio/D6skXbDJJj8/D6skXbDJJj8_turn04624.wav | /Users/rajeshpmu/Desktop/LegalMemoCMT/data/processed/phase2/clancy/turn_clips/audio/D6skXbDJJj8/D6skXbDJJj8_turn04834.wav,"Morning. || All right. Thank you, ma'am. Please sit there. Thank you. Watch your stuff, please. How much do I have? || Please watch your step, please. Good morning.",UNKNOWN,LOW,UNKNOWN
93sfJyLzhqM,/Users/rajeshpmu/Desktop/LegalMemoCMT/data/phase2/clancy/corpus/raw/live-ma-v-lindsay-clancy-day-8-accused-killer-mom-trial/live-ma-v-lindsay-clancy-day-8-accused-killer-mom-trial_93sfJyLzhqM.wav,SPEAKER_07,6,23,8.883,93sfJyLzhqM_turn01608 | 93sfJyLzhqM_turn02061 | 93sfJyLzhqM_turn02062,01:52:16.210 -> 01:52:18.339 | 02:41:18.278 -> 02:41:19.464 | 02:41:19.464 -> 02:41:22.009,/Users/rajeshpmu/Desktop/LegalMemoCMT/data/processed/phase2/clancy/turn_clips/video/93sfJyLzhqM/93sfJyLzhqM_turn01608.mp4 | /Users/rajeshpmu/Desktop/LegalMemoCMT/data/processed/phase2/clancy/turn_clips/video/93sfJyLzhqM/93sfJyLzhqM_turn02061.mp4 | /Users/rajeshpmu/Desktop/LegalMemoCMT/data/processed/phase2/clancy/turn_clips/video/93sfJyLzhqM/93sfJyLzhqM_turn02062.mp4,/Users/rajeshpmu/Desktop/LegalMemoCMT/data/processed/phase2/clancy/turn_clips/audio/93sfJyLzhqM/93sfJyLzhqM_turn01608.wav | /Users/rajeshpmu/Desktop/LegalMemoCMT/data/processed/phase2/clancy/turn_clips/audio/93sfJyLzhqM/93sfJyLzhqM_turn02061.wav | /Users/rajeshpmu/Desktop/LegalMemoCMT/data/processed/phase2/clancy/turn_clips/audio/93sfJyLzhqM/93sfJyLzhqM_turn02062.wav,"Thank you. || Sure. Yeah. || I have no other questions. Thank you,",UNKNOWN,LOW,UNKNOWN
93sfJyLzhqM,/Users/rajeshpmu/Desktop/LegalMemoCMT/data/phase2/clancy/corpus/raw/live-ma-v-lindsay-clancy-day-8-accused-killer-mom-trial/live-ma-v-lindsay-clancy-day-8-accused-killer-mom-trial_93sfJyLzhqM.wav,SPEAKER_50,6,21,18.985,93sfJyLzhqM_turn01390 | 93sfJyLzhqM_turn01424 | 93sfJyLzhqM_turn01612,01:28:31.482 -> 01:29:43.348 | 01:32:50.183 -> 01:33:01.327 | 01:53:11.207 -> 01:53:24.027,/Users/rajeshpmu/Desktop/LegalMemoCMT/data/processed/phase2/clancy/turn_clips/video/93sfJyLzhqM/93sfJyLzhqM_turn01390.mp4 | /Users/rajeshpmu/Desktop/LegalMemoCMT/data/processed/phase2/clancy/turn_clips/video/93sfJyLzhqM/93sfJyLzhqM_turn01424.mp4 | /Users/rajeshpmu/Desktop/LegalMemoCMT/data/processed/phase2/clancy/turn_clips/video/93sfJyLzhqM/93sfJyLzhqM_turn01612.mp4,/Users/rajeshpmu/Desktop/LegalMemoCMT/data/processed/phase2/clancy/turn_clips/audio/93sfJyLzhqM/93sfJyLzhqM_turn01390.wav | /Users/rajeshpmu/Desktop/LegalMemoCMT/data/processed/phase2/clancy/turn_clips/audio/93sfJyLzhqM/93sfJyLzhqM_turn01424.wav | /Users/rajeshpmu/Desktop/LegalMemoCMT/data/processed/phase2/clancy/turn_clips/audio/93sfJyLzhqM/93sfJyLzhqM_turn01612.wav,"All right, This court is now in session. Please be seated. || they may be admitted. || Good morning. [clears throat]",UNKNOWN,LOW,UNKNOWN
D5L_c9Mla1U,/Users/rajeshpmu/Desktop/LegalMemoCMT/data/phase2/clancy/corpus/raw/live-lindsay-clancy-trial-day-16/live-lindsay-clancy-trial-day-16_D5L_c9Mla1U.wav,SPEAKER_09,6,127,50.619,D5L_c9Mla1U_turn03447 | D5L_c9Mla1U_turn03502 | D5L_c9Mla1U_turn03522,00:28:44.659 -> 00:28:45.259 | 00:36:19.914 -> 00:36:20.693 | 00:39:52.395 -> 00:39:56.041,/Users/rajeshpmu/Desktop/LegalMemoCMT/data/processed/phase2/clancy/turn_clips/video/D5L_c9Mla1U/D5L_c9Mla1U_turn03447.mp4 | /Users/rajeshpmu/Desktop/LegalMemoCMT/data/processed/phase2/clancy/turn_clips/video/D5L_c9Mla1U/D5L_c9Mla1U_turn03502.mp4 | /Users/rajeshpmu/Desktop/LegalMemoCMT/data/processed/phase2/clancy/turn_clips/video/D5L_c9Mla1U/D5L_c9Mla1U_turn03522.mp4,/Users/rajeshpmu/Desktop/LegalMemoCMT/data/processed/phase2/clancy/turn_clips/audio/D5L_c9Mla1U/D5L_c9Mla1U_turn03447.wav | /Users/rajeshpmu/Desktop/LegalMemoCMT/data/processed/phase2/clancy/turn_clips/audio/D5L_c9Mla1U/D5L_c9Mla1U_turn03502.wav | /Users/rajeshpmu/Desktop/LegalMemoCMT/data/processed/phase2/clancy/turn_clips/audio/D5L_c9Mla1U/D5L_c9Mla1U_turn03522.wav,Yes. || That sounds right. || So you went in to visit her?,UNKNOWN,LOW,UNKNOWN
ZJd1Lk4w-qo,/Users/rajeshpmu/Desktop/LegalMemoCMT/data/phase2/clancy/corpus/raw/dr-alia-goodheart-psychiatrist-full-testimony-ma-v-lindsay-clancy/dr-alia-goodheart-psychiatrist-full-testimony-ma-v-lindsay-clancy_ZJd1Lk4w-qo.wav,SPEAKER_02,6,14,15.543,ZJd1Lk4w-qo_turn07489 | ZJd1Lk4w-qo_turn07490 | ZJd1Lk4w-qo_turn08329,00:18:13.793 -> 00:18:17.735 | 00:18:17.735 -> 00:18:20.536 | 01:58:25.149 -> 01:58:30.735,/Users/rajeshpmu/Desktop/LegalMemoCMT/data/processed/phase2/clancy/turn_clips/video/ZJd1Lk4w-qo/ZJd1Lk4w-qo_turn07489.mp4 | /Users/rajeshpmu/Desktop/LegalMemoCMT/data/processed/phase2/clancy/turn_clips/video/ZJd1Lk4w-qo/ZJd1Lk4w-qo_turn07490.mp4 | /Users/rajeshpmu/Desktop/LegalMemoCMT/data/processed/phase2/clancy/turn_clips/video/ZJd1Lk4w-qo/ZJd1Lk4w-qo_turn08329.mp4,/Users/rajeshpmu/Desktop/LegalMemoCMT/data/processed/phase2/clancy/turn_clips/audio/ZJd1Lk4w-qo/ZJd1Lk4w-qo_turn07489.wav | /Users/rajeshpmu/Desktop/LegalMemoCMT/data/processed/phase2/clancy/turn_clips/audio/ZJd1Lk4w-qo/ZJd1Lk4w-qo_turn07490.wav | /Users/rajeshpmu/Desktop/LegalMemoCMT/data/processed/phase2/clancy/turn_clips/audio/ZJd1Lk4w-qo/ZJd1Lk4w-qo_turn08329.wav,She's thinking if she knows I have no objection. I'm going to object to the way she's answering. || All right. She is Why don't you rephrase the question? || And it's outside the scope of class objection. O overall a lot of,UNKNOWN,LOW,UNKNOWN
ZJd1Lk4w-qo,/Users/rajeshpmu/Desktop/LegalMemoCMT/data/phase2/clancy/corpus/raw/dr-alia-goodheart-psychiatrist-full-testimony-ma-v-lindsay-clancy/dr-alia-goodheart-psychiatrist-full-testimony-ma-v-lindsay-clancy_ZJd1Lk4w-qo.wav,SPEAKER_05,6,167,65.216,ZJd1Lk4w-qo_turn07598 | ZJd1Lk4w-qo_turn07617 | ZJd1Lk4w-qo_turn07663,00:28:51.807 -> 00:28:52.407 | 00:31:35.357 -> 00:31:39.832 | 00:37:51.470 -> 00:37:53.256,/Users/rajeshpmu/Desktop/LegalMemoCMT/data/processed/phase2/clancy/turn_clips/video/ZJd1Lk4w-qo/ZJd1Lk4w-qo_turn07598.mp4 | /Users/rajeshpmu/Desktop/LegalMemoCMT/data/processed/phase2/clancy/turn_clips/video/ZJd1Lk4w-qo/ZJd1Lk4w-qo_turn07617.mp4 | /Users/rajeshpmu/Desktop/LegalMemoCMT/data/processed/phase2/clancy/turn_clips/video/ZJd1Lk4w-qo/ZJd1Lk4w-qo_turn07663.mp4,/Users/rajeshpmu/Desktop/LegalMemoCMT/data/processed/phase2/clancy/turn_clips/audio/ZJd1Lk4w-qo/ZJd1Lk4w-qo_turn07598.wav | /Users/rajeshpmu/Desktop/LegalMemoCMT/data/processed/phase2/clancy/turn_clips/audio/ZJd1Lk4w-qo/ZJd1Lk4w-qo_turn07617.wav | /Users/rajeshpmu/Desktop/LegalMemoCMT/data/processed/phase2/clancy/turn_clips/audio/ZJd1Lk4w-qo/ZJd1Lk4w-qo_turn07663.wav,Yes. || in the past? Yes. || What was her mood?,UNKNOWN,LOW,UNKNOWN
peYoD-JkAXE,/Users/rajeshpmu/Desktop/LegalMemoCMT/data/phase2/clancy/corpus/raw/dr-jennifer-tufts-psychiatrist-full-testimony-ma-v-lindsay-clancy/dr-jennifer-tufts-psychiatrist-full-testimony-ma-v-lindsay-clancy_peYoD-JkAXE.wav,SPEAKER_04,6,63,34.862,peYoD-JkAXE_turn10278 | peYoD-JkAXE_turn10894 | peYoD-JkAXE_turn10915,03:23:50.810 -> 03:23:51.410 | 04:29:57.189 -> 04:30:01.383 | 04:33:26.503 -> 04:33:28.876,/Users/rajeshpmu/Desktop/LegalMemoCMT/data/processed/phase2/clancy/turn_clips/video/peYoD-JkAXE/peYoD-JkAXE_turn10278.mp4 | /Users/rajeshpmu/Desktop/LegalMemoCMT/data/processed/phase2/clancy/turn_clips/video/peYoD-JkAXE/peYoD-JkAXE_turn10894.mp4 | /Users/rajeshpmu/Desktop/LegalMemoCMT/data/processed/phase2/clancy/turn_clips/video/peYoD-JkAXE/peYoD-JkAXE_turn10915.mp4,/Users/rajeshpmu/Desktop/LegalMemoCMT/data/processed/phase2/clancy/turn_clips/audio/peYoD-JkAXE/peYoD-JkAXE_turn10278.wav | /Users/rajeshpmu/Desktop/LegalMemoCMT/data/processed/phase2/clancy/turn_clips/audio/peYoD-JkAXE/peYoD-JkAXE_turn10894.wav | /Users/rajeshpmu/Desktop/LegalMemoCMT/data/processed/phase2/clancy/turn_clips/audio/peYoD-JkAXE/peYoD-JkAXE_turn10915.wav,"On what? || Did she then have a script for Prozac 10 milligrams? That's what she said. || Yes, we were talking about the cerakquil,",UNKNOWN,LOW,UNKNOWN
93sfJyLzhqM,/Users/rajeshpmu/Desktop/LegalMemoCMT/data/phase2/clancy/corpus/raw/live-ma-v-lindsay-clancy-day-8-accused-killer-mom-trial/live-ma-v-lindsay-clancy-day-8-accused-killer-mom-trial_93sfJyLzhqM.wav,SPEAKER_11,5,24,346.732,93sfJyLzhqM_turn02824 | 93sfJyLzhqM_turn02826 | 93sfJyLzhqM_turn02828,04:54:36.316 -> 04:56:27.793 | 05:02:25.739 -> 05:03:22.008 | 05:03:45.522 -> 05:04:53.927,/Users/rajeshpmu/Desktop/LegalMemoCMT/data/processed/phase2/clancy/turn_clips/video/93sfJyLzhqM/93sfJyLzhqM_turn02824.mp4 | /Users/rajeshpmu/Desktop/LegalMemoCMT/data/processed/phase2/clancy/turn_clips/video/93sfJyLzhqM/93sfJyLzhqM_turn02826.mp4 | /Users/rajeshpmu/Desktop/LegalMemoCMT/data/processed/phase2/clancy/turn_clips/video/93sfJyLzhqM/93sfJyLzhqM_turn02828.mp4,/Users/rajeshpmu/Desktop/LegalMemoCMT/data/processed/phase2/clancy/turn_clips/audio/93sfJyLzhqM/93sfJyLzhqM_turn02824.wav | /Users/rajeshpmu/Desktop/LegalMemoCMT/data/processed/phase2/clancy/turn_clips/audio/93sfJyLzhqM/93sfJyLzhqM_turn02826.wav | /Users/rajeshpmu/Desktop/LegalMemoCMT/data/processed/phase2/clancy/turn_clips/audio/93sfJyLzhqM/93sfJyLzhqM_turn02828.wav,"And that's really the kernel of it right there that no one is denying. I don't even think the prosecution is denying that she was struggling. But these jurors really have to get to that basic fact. And I wonder if some of these facts that w || Well, I think it really depends when we're thinking about parenting. Obviously, it's everybody who is a parent probably identifies with the fact that there are really difficult times during that parenting journey. And sometimes even when th || Well, as a clinician, sometimes when we see people staring off, there could be different reasons. One of which being that they are responding to some kind of internal stimulation. That means that maybe they're seeing something in the room t",UNKNOWN,LOW,UNKNOWN
93sfJyLzhqM,/Users/rajeshpmu/Desktop/LegalMemoCMT/data/phase2/clancy/corpus/raw/live-ma-v-lindsay-clancy-day-8-accused-killer-mom-trial/live-ma-v-lindsay-clancy-day-8-accused-killer-mom-trial_93sfJyLzhqM.wav,SPEAKER_23,5,10,9.095,93sfJyLzhqM_turn01737 | 93sfJyLzhqM_turn02314 | 93sfJyLzhqM_turn02315,02:03:31.990 -> 02:03:33.132 | 03:42:45.510 -> 03:42:46.225 | 03:42:46.225 -> 03:42:53.190,/Users/rajeshpmu/Desktop/LegalMemoCMT/data/processed/phase2/clancy/turn_clips/video/93sfJyLzhqM/93sfJyLzhqM_turn01737.mp4 | /Users/rajeshpmu/Desktop/LegalMemoCMT/data/processed/phase2/clancy/turn_clips/video/93sfJyLzhqM/93sfJyLzhqM_turn02314.mp4 | /Users/rajeshpmu/Desktop/LegalMemoCMT/data/processed/phase2/clancy/turn_clips/video/93sfJyLzhqM/93sfJyLzhqM_turn02315.mp4,/Users/rajeshpmu/Desktop/LegalMemoCMT/data/processed/phase2/clancy/turn_clips/audio/93sfJyLzhqM/93sfJyLzhqM_turn01737.wav | /Users/rajeshpmu/Desktop/LegalMemoCMT/data/processed/phase2/clancy/turn_clips/audio/93sfJyLzhqM/93sfJyLzhqM_turn02314.wav | /Users/rajeshpmu/Desktop/LegalMemoCMT/data/processed/phase2/clancy/turn_clips/audio/93sfJyLzhqM/93sfJyLzhqM_turn02315.wav,"Hey, good morning. || I do. || Thank you, sir. You may have se [clears throat]",UNKNOWN,LOW,UNKNOWN
D6skXbDJJj8,/Users/rajeshpmu/Desktop/LegalMemoCMT/data/phase2/clancy/corpus/raw/live-lindsay-clancy-murder-trial-ma-v-lindsay-clancy-day-8/live-lindsay-clancy-murder-trial-ma-v-lindsay-clancy-day-8_D6skXbDJJj8.wav,SPEAKER_04,5,26,31.472,D6skXbDJJj8_turn04406 | D6skXbDJJj8_turn04435 | D6skXbDJJj8_turn04622,01:30:31.916 -> 01:31:06.635 | 01:33:22.343 -> 01:33:29.863 | 01:52:54.876 -> 01:52:57.007,/Users/rajeshpmu/Desktop/LegalMemoCMT/data/processed/phase2/clancy/turn_clips/video/D6skXbDJJj8/D6skXbDJJj8_turn04406.mp4 | /Users/rajeshpmu/Desktop/LegalMemoCMT/data/processed/phase2/clancy/turn_clips/video/D6skXbDJJj8/D6skXbDJJj8_turn04435.mp4 | /Users/rajeshpmu/Desktop/LegalMemoCMT/data/processed/phase2/clancy/turn_clips/video/D6skXbDJJj8/D6skXbDJJj8_turn04622.mp4,/Users/rajeshpmu/Desktop/LegalMemoCMT/data/processed/phase2/clancy/turn_clips/audio/D6skXbDJJj8/D6skXbDJJj8_turn04406.wav | /Users/rajeshpmu/Desktop/LegalMemoCMT/data/processed/phase2/clancy/turn_clips/audio/D6skXbDJJj8/D6skXbDJJj8_turn04435.wav | /Users/rajeshpmu/Desktop/LegalMemoCMT/data/processed/phase2/clancy/turn_clips/audio/D6skXbDJJj8/D6skXbDJJj8_turn04622.wav,"Thank you, your honor. Com Lindseay Rashard. watch, [snorts] please. || Any objection? || Thank you.",UNKNOWN,LOW,UNKNOWN
DCBWoWhsTpA,/Users/rajeshpmu/Desktop/LegalMemoCMT/data/phase2/clancy/corpus/raw/live-lindsay-clancy-trial-day-14/live-lindsay-clancy-trial-day-14_DCBWoWhsTpA.wav,SPEAKER_08,5,21,39.101,DCBWoWhsTpA_turn05901 | DCBWoWhsTpA_turn05902 | DCBWoWhsTpA_turn05903,00:00:04.189 -> 00:00:06.010 | 00:00:06.010 -> 00:00:06.610 | 00:00:06.406 -> 00:00:20.188,/Users/rajeshpmu/Desktop/LegalMemoCMT/data/processed/phase2/clancy/turn_clips/video/DCBWoWhsTpA/DCBWoWhsTpA_turn05901.mp4 | /Users/rajeshpmu/Desktop/LegalMemoCMT/data/processed/phase2/clancy/turn_clips/video/DCBWoWhsTpA/DCBWoWhsTpA_turn05902.mp4 | /Users/rajeshpmu/Desktop/LegalMemoCMT/data/processed/phase2/clancy/turn_clips/video/DCBWoWhsTpA/DCBWoWhsTpA_turn05903.mp4,/Users/rajeshpmu/Desktop/LegalMemoCMT/data/processed/phase2/clancy/turn_clips/audio/DCBWoWhsTpA/DCBWoWhsTpA_turn05901.wav | /Users/rajeshpmu/Desktop/LegalMemoCMT/data/processed/phase2/clancy/turn_clips/audio/DCBWoWhsTpA/DCBWoWhsTpA_turn05902.wav | /Users/rajeshpmu/Desktop/LegalMemoCMT/data/processed/phase2/clancy/turn_clips/audio/DCBWoWhsTpA/DCBWoWhsTpA_turn05903.wav,"Good morning, your honor. May I proceed? || Yes, please. || Honor, before the court today, we have the matter of Commonwealth versus Lindsay Clansancy. Miss Clancy is present. She is represented by attorney Kevin Readington, and the Commonwealth is represented by Assistant District Attorney Jennifer",UNKNOWN,LOW,UNKNOWN
93sfJyLzhqM,/Users/rajeshpmu/Desktop/LegalMemoCMT/data/phase2/clancy/corpus/raw/live-ma-v-lindsay-clancy-day-8-accused-killer-mom-trial/live-ma-v-lindsay-clancy-day-8-accused-killer-mom-trial_93sfJyLzhqM.wav,SPEAKER_22,4,6,2.379,93sfJyLzhqM_turn02421 | 93sfJyLzhqM_turn02422 | 93sfJyLzhqM_turn02698,03:50:33.673 -> 03:50:34.273 | 03:50:34.158 -> 03:50:43.946 | 04:33:45.032 -> 04:33:45.632,/Users/rajeshpmu/Desktop/LegalMemoCMT/data/processed/phase2/clancy/turn_clips/video/93sfJyLzhqM/93sfJyLzhqM_turn02421.mp4 | /Users/rajeshpmu/Desktop/LegalMemoCMT/data/processed/phase2/clancy/turn_clips/video/93sfJyLzhqM/93sfJyLzhqM_turn02422.mp4 | /Users/rajeshpmu/Desktop/LegalMemoCMT/data/processed/phase2/clancy/turn_clips/video/93sfJyLzhqM/93sfJyLzhqM_turn02698.mp4,/Users/rajeshpmu/Desktop/LegalMemoCMT/data/processed/phase2/clancy/turn_clips/audio/93sfJyLzhqM/93sfJyLzhqM_turn02421.wav | /Users/rajeshpmu/Desktop/LegalMemoCMT/data/processed/phase2/clancy/turn_clips/audio/93sfJyLzhqM/93sfJyLzhqM_turn02422.wav | /Users/rajeshpmu/Desktop/LegalMemoCMT/data/processed/phase2/clancy/turn_clips/audio/93sfJyLzhqM/93sfJyLzhqM_turn02698.wav,"Okay, || take your time. || Okay,",UNKNOWN,LOW,UNKNOWN
93sfJyLzhqM,/Users/rajeshpmu/Desktop/LegalMemoCMT/data/phase2/clancy/corpus/raw/live-ma-v-lindsay-clancy-day-8-accused-killer-mom-trial/live-ma-v-lindsay-clancy-day-8-accused-killer-mom-trial_93sfJyLzhqM.wav,SPEAKER_28,4,17,37.850,93sfJyLzhqM_turn02853 | 93sfJyLzhqM_turn02855 | 93sfJyLzhqM_turn02857,05:21:30.716 -> 05:21:49.423 | 05:21:52.727 -> 05:21:56.478 | 05:21:59.567 -> 05:22:02.557,/Users/rajeshpmu/Desktop/LegalMemoCMT/data/processed/phase2/clancy/turn_clips/video/93sfJyLzhqM/93sfJyLzhqM_turn02853.mp4 | /Users/rajeshpmu/Desktop/LegalMemoCMT/data/processed/phase2/clancy/turn_clips/video/93sfJyLzhqM/93sfJyLzhqM_turn02855.mp4 | /Users/rajeshpmu/Desktop/LegalMemoCMT/data/processed/phase2/clancy/turn_clips/video/93sfJyLzhqM/93sfJyLzhqM_turn02857.mp4,/Users/rajeshpmu/Desktop/LegalMemoCMT/data/processed/phase2/clancy/turn_clips/audio/93sfJyLzhqM/93sfJyLzhqM_turn02853.wav | /Users/rajeshpmu/Desktop/LegalMemoCMT/data/processed/phase2/clancy/turn_clips/audio/93sfJyLzhqM/93sfJyLzhqM_turn02855.wav | /Users/rajeshpmu/Desktop/LegalMemoCMT/data/processed/phase2/clancy/turn_clips/audio/93sfJyLzhqM/93sfJyLzhqM_turn02857.wav,"Um, Corin Dawson played well. I uh there was one occasion in the kitchen where they were playing and I think Cora took one of his uh Play-Doh something. He was playing with Play-Doh and his reaction he was frustrated and he reached out and  || Uh Lindsay was I think in the kitchen at the same time? || She did. And what what was the reaction? What did she do?",UNKNOWN,LOW,UNKNOWN
93sfJyLzhqM,/Users/rajeshpmu/Desktop/LegalMemoCMT/data/phase2/clancy/corpus/raw/live-ma-v-lindsay-clancy-day-8-accused-killer-mom-trial/live-ma-v-lindsay-clancy-day-8-accused-killer-mom-trial_93sfJyLzhqM.wav,SPEAKER_57,4,6,4.894,93sfJyLzhqM_turn01502 | 93sfJyLzhqM_turn02308 | 93sfJyLzhqM_turn02581,01:42:44.743 -> 01:42:48.052 | 03:41:49.911 -> 03:41:50.511 | 04:19:59.431 -> 04:20:00.031,/Users/rajeshpmu/Desktop/LegalMemoCMT/data/processed/phase2/clancy/turn_clips/video/93sfJyLzhqM/93sfJyLzhqM_turn01502.mp4 | /Users/rajeshpmu/Desktop/LegalMemoCMT/data/processed/phase2/clancy/turn_clips/video/93sfJyLzhqM/93sfJyLzhqM_turn02308.mp4 | /Users/rajeshpmu/Desktop/LegalMemoCMT/data/processed/phase2/clancy/turn_clips/video/93sfJyLzhqM/93sfJyLzhqM_turn02581.mp4,/Users/rajeshpmu/Desktop/LegalMemoCMT/data/processed/phase2/clancy/turn_clips/audio/93sfJyLzhqM/93sfJyLzhqM_turn01502.wav | /Users/rajeshpmu/Desktop/LegalMemoCMT/data/processed/phase2/clancy/turn_clips/audio/93sfJyLzhqM/93sfJyLzhqM_turn02308.wav | /Users/rajeshpmu/Desktop/LegalMemoCMT/data/processed/phase2/clancy/turn_clips/audio/93sfJyLzhqM/93sfJyLzhqM_turn02581.wav,that's fine. That's fine. Thank you. || Yes. || Yes.,UNKNOWN,LOW,UNKNOWN
D5L_c9Mla1U,/Users/rajeshpmu/Desktop/LegalMemoCMT/data/phase2/clancy/corpus/raw/live-lindsay-clancy-trial-day-16/live-lindsay-clancy-trial-day-16_D5L_c9Mla1U.wav,SPEAKER_02,4,10,21.194,D5L_c9Mla1U_turn03219 | D5L_c9Mla1U_turn03220 | D5L_c9Mla1U_turn03897,00:02:44.252 -> 00:02:44.976 | 00:02:44.976 -> 00:02:59.868 | 01:42:56.117 -> 01:43:03.590,/Users/rajeshpmu/Desktop/LegalMemoCMT/data/processed/phase2/clancy/turn_clips/video/D5L_c9Mla1U/D5L_c9Mla1U_turn03219.mp4 | /Users/rajeshpmu/Desktop/LegalMemoCMT/data/processed/phase2/clancy/turn_clips/video/D5L_c9Mla1U/D5L_c9Mla1U_turn03220.mp4 | /Users/rajeshpmu/Desktop/LegalMemoCMT/data/processed/phase2/clancy/turn_clips/video/D5L_c9Mla1U/D5L_c9Mla1U_turn03897.mp4,/Users/rajeshpmu/Desktop/LegalMemoCMT/data/processed/phase2/clancy/turn_clips/audio/D5L_c9Mla1U/D5L_c9Mla1U_turn03219.wav | /Users/rajeshpmu/Desktop/LegalMemoCMT/data/processed/phase2/clancy/turn_clips/audio/D5L_c9Mla1U/D5L_c9Mla1U_turn03220.wav | /Users/rajeshpmu/Desktop/LegalMemoCMT/data/processed/phase2/clancy/turn_clips/audio/D5L_c9Mla1U/D5L_c9Mla1U_turn03897.wav,"Yes, please. || Today we have the continuation of the jury trial in the matter of commonwealth versus Lindseay Clancy. Miss Clancy is present. She is represented by attorney Kevin Readington. And the commonwealth is represented by assistant district attorn || Thank you. 284.",UNKNOWN,LOW,UNKNOWN
D6skXbDJJj8,/Users/rajeshpmu/Desktop/LegalMemoCMT/data/phase2/clancy/corpus/raw/live-lindsay-clancy-murder-trial-ma-v-lindsay-clancy-day-8/live-lindsay-clancy-murder-trial-ma-v-lindsay-clancy-day-8_D6skXbDJJj8.wav,SPEAKER_14,4,18,39.151,D6skXbDJJj8_turn04292 | D6skXbDJJj8_turn04293 | D6skXbDJJj8_turn05832,00:40:01.990 -> 00:40:02.835 | 00:40:02.835 -> 00:40:18.706 | 05:58:44.989 -> 05:59:20.862,/Users/rajeshpmu/Desktop/LegalMemoCMT/data/processed/phase2/clancy/turn_clips/video/D6skXbDJJj8/D6skXbDJJj8_turn04292.mp4 | /Users/rajeshpmu/Desktop/LegalMemoCMT/data/processed/phase2/clancy/turn_clips/video/D6skXbDJJj8/D6skXbDJJj8_turn04293.mp4 | /Users/rajeshpmu/Desktop/LegalMemoCMT/data/processed/phase2/clancy/turn_clips/video/D6skXbDJJj8/D6skXbDJJj8_turn05832.mp4,/Users/rajeshpmu/Desktop/LegalMemoCMT/data/processed/phase2/clancy/turn_clips/audio/D6skXbDJJj8/D6skXbDJJj8_turn04292.wav | /Users/rajeshpmu/Desktop/LegalMemoCMT/data/processed/phase2/clancy/turn_clips/audio/D6skXbDJJj8/D6skXbDJJj8_turn04293.wav | /Users/rajeshpmu/Desktop/LegalMemoCMT/data/processed/phase2/clancy/turn_clips/audio/D6skXbDJJj8/D6skXbDJJj8_turn05832.wav,[singing] || All for the honorable William sitting shall be heard of Massachusetts. This court is now session. Please be seated. || All right. Good. Time to close doors. My chest at the court with this session. Please be seated.,UNKNOWN,LOW,UNKNOWN
DCBWoWhsTpA,/Users/rajeshpmu/Desktop/LegalMemoCMT/data/phase2/clancy/corpus/raw/live-lindsay-clancy-trial-day-14/live-lindsay-clancy-trial-day-14_DCBWoWhsTpA.wav,SPEAKER_11,4,13,29.432,DCBWoWhsTpA_turn05905 | DCBWoWhsTpA_turn05906 | DCBWoWhsTpA_turn06130,00:00:23.372 -> 00:02:41.509 | 00:02:43.270 -> 00:02:44.075 | 00:51:02.717 -> 00:51:05.589,/Users/rajeshpmu/Desktop/LegalMemoCMT/data/processed/phase2/clancy/turn_clips/video/DCBWoWhsTpA/DCBWoWhsTpA_turn05905.mp4 | /Users/rajeshpmu/Desktop/LegalMemoCMT/data/processed/phase2/clancy/turn_clips/video/DCBWoWhsTpA/DCBWoWhsTpA_turn05906.mp4 | /Users/rajeshpmu/Desktop/LegalMemoCMT/data/processed/phase2/clancy/turn_clips/video/DCBWoWhsTpA/DCBWoWhsTpA_turn06130.mp4,/Users/rajeshpmu/Desktop/LegalMemoCMT/data/processed/phase2/clancy/turn_clips/audio/DCBWoWhsTpA/DCBWoWhsTpA_turn05905.wav | /Users/rajeshpmu/Desktop/LegalMemoCMT/data/processed/phase2/clancy/turn_clips/audio/DCBWoWhsTpA/DCBWoWhsTpA_turn05906.wav | /Users/rajeshpmu/Desktop/LegalMemoCMT/data/processed/phase2/clancy/turn_clips/audio/DCBWoWhsTpA/DCBWoWhsTpA_turn06130.wav,"good morning, Miss Clancy. Um, all right. Before we bring the jury in, could I see everybody just for a few seconds? Hey. Hey. Hey hey all persons having anything to do before the honorable William Sullivan justice of the superior court now || good morning your honor may I proceed || she's doing that?",UNKNOWN,LOW,UNKNOWN
ma6ni-5zuW0,/Users/rajeshpmu/Desktop/LegalMemoCMT/data/phase2/clancy/corpus/raw/lindsay-clancy-trial-lindsay-s-mother-describes-her-daughter-s-anxiety/lindsay-clancy-trial-lindsay-s-mother-describes-her-daughter-s-anxiety_ma6ni-5zuW0.wav,UNKNOWN,4,0,0.000,ma6ni-5zuW0_turn08419 | ma6ni-5zuW0_turn08548 | ma6ni-5zuW0_turn08590,00:01:44.136 -> 00:02:32.310 | 00:12:37.178 -> 00:12:37.778 | 00:17:14.127 -> 00:17:16.750,/Users/rajeshpmu/Desktop/LegalMemoCMT/data/processed/phase2/clancy/turn_clips/video/ma6ni-5zuW0/ma6ni-5zuW0_turn08419.mp4 | /Users/rajeshpmu/Desktop/LegalMemoCMT/data/processed/phase2/clancy/turn_clips/video/ma6ni-5zuW0/ma6ni-5zuW0_turn08548.mp4 | /Users/rajeshpmu/Desktop/LegalMemoCMT/data/processed/phase2/clancy/turn_clips/video/ma6ni-5zuW0/ma6ni-5zuW0_turn08590.mp4,/Users/rajeshpmu/Desktop/LegalMemoCMT/data/processed/phase2/clancy/turn_clips/audio/ma6ni-5zuW0/ma6ni-5zuW0_turn08419.wav | /Users/rajeshpmu/Desktop/LegalMemoCMT/data/processed/phase2/clancy/turn_clips/audio/ma6ni-5zuW0/ma6ni-5zuW0_turn08548.wav | /Users/rajeshpmu/Desktop/LegalMemoCMT/data/processed/phase2/clancy/turn_clips/audio/ma6ni-5zuW0/ma6ni-5zuW0_turn08590.wav,[cough] [clears throat] || Um there were many. || Thank you.,UNKNOWN,LOW,UNKNOWN
93sfJyLzhqM,/Users/rajeshpmu/Desktop/LegalMemoCMT/data/phase2/clancy/corpus/raw/live-ma-v-lindsay-clancy-day-8-accused-killer-mom-trial/live-ma-v-lindsay-clancy-day-8-accused-killer-mom-trial_93sfJyLzhqM.wav,SPEAKER_01,3,10,313.485,93sfJyLzhqM_turn02850 | 93sfJyLzhqM_turn02851 | 93sfJyLzhqM_turn02869,05:15:01.857 -> 05:20:02.759 | 05:20:02.759 -> 05:21:08.419 | 05:23:51.223 -> 05:25:23.515,/Users/rajeshpmu/Desktop/LegalMemoCMT/data/processed/phase2/clancy/turn_clips/video/93sfJyLzhqM/93sfJyLzhqM_turn02850.mp4 | /Users/rajeshpmu/Desktop/LegalMemoCMT/data/processed/phase2/clancy/turn_clips/video/93sfJyLzhqM/93sfJyLzhqM_turn02851.mp4 | /Users/rajeshpmu/Desktop/LegalMemoCMT/data/processed/phase2/clancy/turn_clips/video/93sfJyLzhqM/93sfJyLzhqM_turn02869.mp4,/Users/rajeshpmu/Desktop/LegalMemoCMT/data/processed/phase2/clancy/turn_clips/audio/93sfJyLzhqM/93sfJyLzhqM_turn02850.wav | /Users/rajeshpmu/Desktop/LegalMemoCMT/data/processed/phase2/clancy/turn_clips/audio/93sfJyLzhqM/93sfJyLzhqM_turn02851.wav | /Users/rajeshpmu/Desktop/LegalMemoCMT/data/processed/phase2/clancy/turn_clips/audio/93sfJyLzhqM/93sfJyLzhqM_turn02869.wav,"pretty much. While [snorts] we continue to wait for things to go back on the record inside of that courtroom, let's discuss this case with career prosecutor Wendy Patrick, who is here with us. Wendy, thank you for joining us. Let's talk abo || That's right. And I have had cases exactly like this postpartum psychosis. Despite it being rare, it happens in these cases often do go to trial. You'd need to have the evidence often formulate the argument that at the time of the killings  || Julia is you have to have the facts already out in the record for the experts to work with. Otherwise, the objection is facts, not evidence that it'll be sustained. So, you're going to have to lay these facts out as has been done. And that'",UNKNOWN,LOW,UNKNOWN
93sfJyLzhqM,/Users/rajeshpmu/Desktop/LegalMemoCMT/data/phase2/clancy/corpus/raw/live-ma-v-lindsay-clancy-day-8-accused-killer-mom-trial/live-ma-v-lindsay-clancy-day-8-accused-killer-mom-trial_93sfJyLzhqM.wav,SPEAKER_20,3,13,5.044,93sfJyLzhqM_turn02410 | 93sfJyLzhqM_turn02411 | 93sfJyLzhqM_turn02688,03:49:44.260 -> 03:49:45.038 | 03:49:45.038 -> 03:49:48.488 | 04:32:56.334 -> 04:32:59.847,/Users/rajeshpmu/Desktop/LegalMemoCMT/data/processed/phase2/clancy/turn_clips/video/93sfJyLzhqM/93sfJyLzhqM_turn02410.mp4 | /Users/rajeshpmu/Desktop/LegalMemoCMT/data/processed/phase2/clancy/turn_clips/video/93sfJyLzhqM/93sfJyLzhqM_turn02411.mp4 | /Users/rajeshpmu/Desktop/LegalMemoCMT/data/processed/phase2/clancy/turn_clips/video/93sfJyLzhqM/93sfJyLzhqM_turn02688.mp4,/Users/rajeshpmu/Desktop/LegalMemoCMT/data/processed/phase2/clancy/turn_clips/audio/93sfJyLzhqM/93sfJyLzhqM_turn02410.wav | /Users/rajeshpmu/Desktop/LegalMemoCMT/data/processed/phase2/clancy/turn_clips/audio/93sfJyLzhqM/93sfJyLzhqM_turn02411.wav | /Users/rajeshpmu/Desktop/LegalMemoCMT/data/processed/phase2/clancy/turn_clips/audio/93sfJyLzhqM/93sfJyLzhqM_turn02688.wav,Yes. || Would that be accurate? || Would that be accurate?,UNKNOWN,LOW,UNKNOWN
93sfJyLzhqM,/Users/rajeshpmu/Desktop/LegalMemoCMT/data/phase2/clancy/corpus/raw/live-ma-v-lindsay-clancy-day-8-accused-killer-mom-trial/live-ma-v-lindsay-clancy-day-8-accused-killer-mom-trial_93sfJyLzhqM.wav,SPEAKER_51,3,42,27.874,93sfJyLzhqM_turn01297 | 93sfJyLzhqM_turn01945 | 93sfJyLzhqM_turn02137,00:42:03.294 -> 00:42:29.722 | 02:29:14.276 -> 02:30:08.850 | 03:23:38.598 -> 03:23:40.072,/Users/rajeshpmu/Desktop/LegalMemoCMT/data/processed/phase2/clancy/turn_clips/video/93sfJyLzhqM/93sfJyLzhqM_turn01297.mp4 | /Users/rajeshpmu/Desktop/LegalMemoCMT/data/processed/phase2/clancy/turn_clips/video/93sfJyLzhqM/93sfJyLzhqM_turn01945.mp4 | /Users/rajeshpmu/Desktop/LegalMemoCMT/data/processed/phase2/clancy/turn_clips/video/93sfJyLzhqM/93sfJyLzhqM_turn02137.mp4,/Users/rajeshpmu/Desktop/LegalMemoCMT/data/processed/phase2/clancy/turn_clips/audio/93sfJyLzhqM/93sfJyLzhqM_turn01297.wav | /Users/rajeshpmu/Desktop/LegalMemoCMT/data/processed/phase2/clancy/turn_clips/audio/93sfJyLzhqM/93sfJyLzhqM_turn01945.wav | /Users/rajeshpmu/Desktop/LegalMemoCMT/data/processed/phase2/clancy/turn_clips/audio/93sfJyLzhqM/93sfJyLzhqM_turn02137.wav,"Okay. Thank you. team. [clears throat] || Thank you. Why? Good morning, ma'am. Stop right there and raise your right hand for 30 minutes. || Watch your step, please.",UNKNOWN,LOW,UNKNOWN
D5L_c9Mla1U,/Users/rajeshpmu/Desktop/LegalMemoCMT/data/phase2/clancy/corpus/raw/live-lindsay-clancy-trial-day-16/live-lindsay-clancy-trial-day-16_D5L_c9Mla1U.wav,SPEAKER_07,3,7,26.611,D5L_c9Mla1U_turn03217 | D5L_c9Mla1U_turn03940 | D5L_c9Mla1U_turn04024,00:01:37.383 -> 00:02:41.746 | 01:50:21.885 -> 01:50:40.809 | 02:06:19.523 -> 02:06:57.993,/Users/rajeshpmu/Desktop/LegalMemoCMT/data/processed/phase2/clancy/turn_clips/video/D5L_c9Mla1U/D5L_c9Mla1U_turn03217.mp4 | /Users/rajeshpmu/Desktop/LegalMemoCMT/data/processed/phase2/clancy/turn_clips/video/D5L_c9Mla1U/D5L_c9Mla1U_turn03940.mp4 | /Users/rajeshpmu/Desktop/LegalMemoCMT/data/processed/phase2/clancy/turn_clips/video/D5L_c9Mla1U/D5L_c9Mla1U_turn04024.mp4,/Users/rajeshpmu/Desktop/LegalMemoCMT/data/processed/phase2/clancy/turn_clips/audio/D5L_c9Mla1U/D5L_c9Mla1U_turn03217.wav | /Users/rajeshpmu/Desktop/LegalMemoCMT/data/processed/phase2/clancy/turn_clips/audio/D5L_c9Mla1U/D5L_c9Mla1U_turn03940.wav | /Users/rajeshpmu/Desktop/LegalMemoCMT/data/processed/phase2/clancy/turn_clips/audio/D5L_c9Mla1U/D5L_c9Mla1U_turn04024.wav,"All right. Hey, hey, hey. All persons having anything to do before the honorable William Sullivan, Justice of the Superior Court, now setting a limit within the floor of the Commonwealth. Draw on the air, give your attendance, and you shall || All rise, please. Juror, excellent. Jersey courts in session. || All right. Please seated. of exit the courts. Please proceed. All right. council. We ready to uh do the voadier of uh Miss Thornike?",UNKNOWN,LOW,UNKNOWN
D6skXbDJJj8,/Users/rajeshpmu/Desktop/LegalMemoCMT/data/phase2/clancy/corpus/raw/live-lindsay-clancy-murder-trial-ma-v-lindsay-clancy-day-8/live-lindsay-clancy-murder-trial-ma-v-lindsay-clancy-day-8_D6skXbDJJj8.wav,SPEAKER_19,3,18,30.019,D6skXbDJJj8_turn04403 | D6skXbDJJj8_turn05151 | D6skXbDJJj8_turn05154,01:29:06.042 -> 01:30:18.222 | 03:19:59.959 -> 03:22:54.525 | 03:23:18.396 -> 03:23:48.435,/Users/rajeshpmu/Desktop/LegalMemoCMT/data/processed/phase2/clancy/turn_clips/video/D6skXbDJJj8/D6skXbDJJj8_turn04403.mp4 | /Users/rajeshpmu/Desktop/LegalMemoCMT/data/processed/phase2/clancy/turn_clips/video/D6skXbDJJj8/D6skXbDJJj8_turn05151.mp4 | /Users/rajeshpmu/Desktop/LegalMemoCMT/data/processed/phase2/clancy/turn_clips/video/D6skXbDJJj8/D6skXbDJJj8_turn05154.mp4,/Users/rajeshpmu/Desktop/LegalMemoCMT/data/processed/phase2/clancy/turn_clips/audio/D6skXbDJJj8/D6skXbDJJj8_turn04403.wav | /Users/rajeshpmu/Desktop/LegalMemoCMT/data/processed/phase2/clancy/turn_clips/audio/D6skXbDJJj8/D6skXbDJJj8_turn05151.wav | /Users/rajeshpmu/Desktop/LegalMemoCMT/data/processed/phase2/clancy/turn_clips/audio/D6skXbDJJj8/D6skXbDJJj8_turn05154.wav,"All right, This course is now in session. Please be seated. Your || Yes. All right. Bring them in. council. All right. Very gender. This court is now session. Please be seated. Your || Thank you. Come calls Amy Beavens. Stop right Raise your right hand to the clerk, please.",UNKNOWN,LOW,UNKNOWN
LGYerNiA8kI,/Users/rajeshpmu/Desktop/LegalMemoCMT/data/phase2/clancy/corpus/raw/clancy-children-s-pediatrician-testifies-about-seeing-lindsay-hours-be/clancy-children-s-pediatrician-testifies-about-seeing-lindsay-hours-be_LGYerNiA8kI.wav,UNKNOWN,3,0,0.000,LGYerNiA8kI_turn07068 | LGYerNiA8kI_turn07123 | LGYerNiA8kI_turn07183,00:02:54.248 -> 00:02:55.910 | 00:10:14.666 -> 00:10:17.350 | 00:15:51.165 -> 00:15:51.765,/Users/rajeshpmu/Desktop/LegalMemoCMT/data/processed/phase2/clancy/turn_clips/video/LGYerNiA8kI/LGYerNiA8kI_turn07068.mp4 | /Users/rajeshpmu/Desktop/LegalMemoCMT/data/processed/phase2/clancy/turn_clips/video/LGYerNiA8kI/LGYerNiA8kI_turn07123.mp4 | /Users/rajeshpmu/Desktop/LegalMemoCMT/data/processed/phase2/clancy/turn_clips/video/LGYerNiA8kI/LGYerNiA8kI_turn07183.mp4,/Users/rajeshpmu/Desktop/LegalMemoCMT/data/processed/phase2/clancy/turn_clips/audio/LGYerNiA8kI/LGYerNiA8kI_turn07068.wav | /Users/rajeshpmu/Desktop/LegalMemoCMT/data/processed/phase2/clancy/turn_clips/audio/LGYerNiA8kI/LGYerNiA8kI_turn07123.wav | /Users/rajeshpmu/Desktop/LegalMemoCMT/data/processed/phase2/clancy/turn_clips/audio/LGYerNiA8kI/LGYerNiA8kI_turn07183.wav,"Not that I can remember. || Yes, I believe so. || Thank you. This",UNKNOWN,LOW,UNKNOWN
1tyKO8mTdOM,/Users/rajeshpmu/Desktop/LegalMemoCMT/data/phase2/clancy/corpus/raw/live-lindsay-clancy-trial-day-15/live-lindsay-clancy-trial-day-15_1tyKO8mTdOM.wav,SPEAKER_03,2,60,20.977,1tyKO8mTdOM_turn00176 | 1tyKO8mTdOM_turn00256,00:24:02.992 -> 00:24:07.514 | 00:34:50.810 -> 00:34:54.234,/Users/rajeshpmu/Desktop/LegalMemoCMT/data/processed/phase2/clancy/turn_clips/video/1tyKO8mTdOM/1tyKO8mTdOM_turn00176.mp4 | /Users/rajeshpmu/Desktop/LegalMemoCMT/data/processed/phase2/clancy/turn_clips/video/1tyKO8mTdOM/1tyKO8mTdOM_turn00256.mp4,/Users/rajeshpmu/Desktop/LegalMemoCMT/data/processed/phase2/clancy/turn_clips/audio/1tyKO8mTdOM/1tyKO8mTdOM_turn00176.wav | /Users/rajeshpmu/Desktop/LegalMemoCMT/data/processed/phase2/clancy/turn_clips/audio/1tyKO8mTdOM/1tyKO8mTdOM_turn00256.wav,Mhm. || How long were you in Aruba?,UNKNOWN,LOW,UNKNOWN
1tyKO8mTdOM,/Users/rajeshpmu/Desktop/LegalMemoCMT/data/phase2/clancy/corpus/raw/live-lindsay-clancy-trial-day-15/live-lindsay-clancy-trial-day-15_1tyKO8mTdOM.wav,SPEAKER_06,2,44,20.214,1tyKO8mTdOM_turn00371 | 1tyKO8mTdOM_turn00826,00:52:18.308 -> 00:52:25.197 | 02:24:18.594 -> 02:24:20.455,/Users/rajeshpmu/Desktop/LegalMemoCMT/data/processed/phase2/clancy/turn_clips/video/1tyKO8mTdOM/1tyKO8mTdOM_turn00371.mp4 | /Users/rajeshpmu/Desktop/LegalMemoCMT/data/processed/phase2/clancy/turn_clips/video/1tyKO8mTdOM/1tyKO8mTdOM_turn00826.mp4,/Users/rajeshpmu/Desktop/LegalMemoCMT/data/processed/phase2/clancy/turn_clips/audio/1tyKO8mTdOM/1tyKO8mTdOM_turn00371.wav | /Users/rajeshpmu/Desktop/LegalMemoCMT/data/processed/phase2/clancy/turn_clips/audio/1tyKO8mTdOM/1tyKO8mTdOM_turn00826.wav,I might be on you. Hello. || If you want to. Is there any objection?,UNKNOWN,LOW,UNKNOWN
1tyKO8mTdOM,/Users/rajeshpmu/Desktop/LegalMemoCMT/data/phase2/clancy/corpus/raw/live-lindsay-clancy-trial-day-15/live-lindsay-clancy-trial-day-15_1tyKO8mTdOM.wav,SPEAKER_08,2,33,15.965,1tyKO8mTdOM_turn01001 | 1tyKO8mTdOM_turn01103,03:04:53.106 -> 03:06:24.254 | 03:27:36.496 -> 03:27:37.752,/Users/rajeshpmu/Desktop/LegalMemoCMT/data/processed/phase2/clancy/turn_clips/video/1tyKO8mTdOM/1tyKO8mTdOM_turn01001.mp4 | /Users/rajeshpmu/Desktop/LegalMemoCMT/data/processed/phase2/clancy/turn_clips/video/1tyKO8mTdOM/1tyKO8mTdOM_turn01103.mp4,/Users/rajeshpmu/Desktop/LegalMemoCMT/data/processed/phase2/clancy/turn_clips/audio/1tyKO8mTdOM/1tyKO8mTdOM_turn01001.wav | /Users/rajeshpmu/Desktop/LegalMemoCMT/data/processed/phase2/clancy/turn_clips/audio/1tyKO8mTdOM/1tyKO8mTdOM_turn01103.wav,Okay. Order is back in session. You may be seated. return all counties including the defendant including || Were you there?,UNKNOWN,LOW,UNKNOWN
93sfJyLzhqM,/Users/rajeshpmu/Desktop/LegalMemoCMT/data/phase2/clancy/corpus/raw/live-ma-v-lindsay-clancy-day-8-accused-killer-mom-trial/live-ma-v-lindsay-clancy-day-8-accused-killer-mom-trial_93sfJyLzhqM.wav,SPEAKER_04,2,11,8.134,93sfJyLzhqM_turn02524 | 93sfJyLzhqM_turn02798,04:04:22.150 -> 04:04:41.870 | 04:43:33.758 -> 04:43:49.110,/Users/rajeshpmu/Desktop/LegalMemoCMT/data/processed/phase2/clancy/turn_clips/video/93sfJyLzhqM/93sfJyLzhqM_turn02524.mp4 | /Users/rajeshpmu/Desktop/LegalMemoCMT/data/processed/phase2/clancy/turn_clips/video/93sfJyLzhqM/93sfJyLzhqM_turn02798.mp4,/Users/rajeshpmu/Desktop/LegalMemoCMT/data/processed/phase2/clancy/turn_clips/audio/93sfJyLzhqM/93sfJyLzhqM_turn02524.wav | /Users/rajeshpmu/Desktop/LegalMemoCMT/data/processed/phase2/clancy/turn_clips/audio/93sfJyLzhqM/93sfJyLzhqM_turn02798.wav,"[clears throat] || All right. Thank you, sir. Let me sit down. Thank you. just come up. I see you over here just getting",UNKNOWN,LOW,UNKNOWN
93sfJyLzhqM,/Users/rajeshpmu/Desktop/LegalMemoCMT/data/phase2/clancy/corpus/raw/live-ma-v-lindsay-clancy-day-8-accused-killer-mom-trial/live-ma-v-lindsay-clancy-day-8-accused-killer-mom-trial_93sfJyLzhqM.wav,SPEAKER_31,2,17,33.514,93sfJyLzhqM_turn01290 | 93sfJyLzhqM_turn03143,00:39:48.572 -> 00:40:10.119 | 05:58:28.171 -> 05:59:04.257,/Users/rajeshpmu/Desktop/LegalMemoCMT/data/processed/phase2/clancy/turn_clips/video/93sfJyLzhqM/93sfJyLzhqM_turn01290.mp4 | /Users/rajeshpmu/Desktop/LegalMemoCMT/data/processed/phase2/clancy/turn_clips/video/93sfJyLzhqM/93sfJyLzhqM_turn03143.mp4,/Users/rajeshpmu/Desktop/LegalMemoCMT/data/processed/phase2/clancy/turn_clips/audio/93sfJyLzhqM/93sfJyLzhqM_turn01290.wav | /Users/rajeshpmu/Desktop/LegalMemoCMT/data/processed/phase2/clancy/turn_clips/audio/93sfJyLzhqM/93sfJyLzhqM_turn03143.wav,"Okay. All persons having anything to do before the honorable William Sullivan, Justice of the Superior Court now sitting in Plymouth for the draw near give your attendance and you shall be heard. state of the Commonwealth of Massachusetts.  || All right. Good. Jazz. Yes. jured the court with this session. Please be seated.",UNKNOWN,LOW,UNKNOWN
93sfJyLzhqM,/Users/rajeshpmu/Desktop/LegalMemoCMT/data/phase2/clancy/corpus/raw/live-ma-v-lindsay-clancy-day-8-accused-killer-mom-trial/live-ma-v-lindsay-clancy-day-8-accused-killer-mom-trial_93sfJyLzhqM.wav,SPEAKER_37,2,4,2.279,93sfJyLzhqM_turn02357 | 93sfJyLzhqM_turn02630,03:46:04.976 -> 03:46:07.729 | 04:24:14.466 -> 04:24:17.227,/Users/rajeshpmu/Desktop/LegalMemoCMT/data/processed/phase2/clancy/turn_clips/video/93sfJyLzhqM/93sfJyLzhqM_turn02357.mp4 | /Users/rajeshpmu/Desktop/LegalMemoCMT/data/processed/phase2/clancy/turn_clips/video/93sfJyLzhqM/93sfJyLzhqM_turn02630.mp4,/Users/rajeshpmu/Desktop/LegalMemoCMT/data/processed/phase2/clancy/turn_clips/audio/93sfJyLzhqM/93sfJyLzhqM_turn02357.wav | /Users/rajeshpmu/Desktop/LegalMemoCMT/data/processed/phase2/clancy/turn_clips/audio/93sfJyLzhqM/93sfJyLzhqM_turn02630.wav,And how was that visit? || And how was that visit?,UNKNOWN,LOW,UNKNOWN
93sfJyLzhqM,/Users/rajeshpmu/Desktop/LegalMemoCMT/data/phase2/clancy/corpus/raw/live-ma-v-lindsay-clancy-day-8-accused-killer-mom-trial/live-ma-v-lindsay-clancy-day-8-accused-killer-mom-trial_93sfJyLzhqM.wav,SPEAKER_39,2,5,3.832,93sfJyLzhqM_turn02454 | 93sfJyLzhqM_turn02731,03:53:25.481 -> 03:53:27.084 | 04:36:36.601 -> 04:36:38.772,/Users/rajeshpmu/Desktop/LegalMemoCMT/data/processed/phase2/clancy/turn_clips/video/93sfJyLzhqM/93sfJyLzhqM_turn02454.mp4 | /Users/rajeshpmu/Desktop/LegalMemoCMT/data/processed/phase2/clancy/turn_clips/video/93sfJyLzhqM/93sfJyLzhqM_turn02731.mp4,/Users/rajeshpmu/Desktop/LegalMemoCMT/data/processed/phase2/clancy/turn_clips/audio/93sfJyLzhqM/93sfJyLzhqM_turn02454.wav | /Users/rajeshpmu/Desktop/LegalMemoCMT/data/processed/phase2/clancy/turn_clips/audio/93sfJyLzhqM/93sfJyLzhqM_turn02731.wav,right? We were going to make it for Friday. || right? We were going to make it for Friday.,UNKNOWN,LOW,UNKNOWN
D6skXbDJJj8,/Users/rajeshpmu/Desktop/LegalMemoCMT/data/phase2/clancy/corpus/raw/live-lindsay-clancy-murder-trial-ma-v-lindsay-clancy-day-8/live-lindsay-clancy-murder-trial-ma-v-lindsay-clancy-day-8_D6skXbDJJj8.wav,SPEAKER_11,2,21,5.658,D6skXbDJJj8_turn04748 | D6skXbDJJj8_turn05882,02:03:49.030 -> 02:03:50.173 | 06:49:41.612 -> 06:49:42.212,/Users/rajeshpmu/Desktop/LegalMemoCMT/data/processed/phase2/clancy/turn_clips/video/D6skXbDJJj8/D6skXbDJJj8_turn04748.mp4 | /Users/rajeshpmu/Desktop/LegalMemoCMT/data/processed/phase2/clancy/turn_clips/video/D6skXbDJJj8/D6skXbDJJj8_turn05882.mp4,/Users/rajeshpmu/Desktop/LegalMemoCMT/data/processed/phase2/clancy/turn_clips/audio/D6skXbDJJj8/D6skXbDJJj8_turn04748.wav | /Users/rajeshpmu/Desktop/LegalMemoCMT/data/processed/phase2/clancy/turn_clips/audio/D6skXbDJJj8/D6skXbDJJj8_turn05882.wav,"Hey, good morning. || he did.",UNKNOWN,LOW,UNKNOWN
D6skXbDJJj8,/Users/rajeshpmu/Desktop/LegalMemoCMT/data/phase2/clancy/corpus/raw/live-lindsay-clancy-murder-trial-ma-v-lindsay-clancy-day-8/live-lindsay-clancy-murder-trial-ma-v-lindsay-clancy-day-8_D6skXbDJJj8.wav,SPEAKER_21,2,5,7.898,D6skXbDJJj8_turn05555 | D6skXbDJJj8_turn05559,05:33:03.310 -> 05:33:31.185 | 05:34:25.350 -> 05:34:25.950,/Users/rajeshpmu/Desktop/LegalMemoCMT/data/processed/phase2/clancy/turn_clips/video/D6skXbDJJj8/D6skXbDJJj8_turn05555.mp4 | /Users/rajeshpmu/Desktop/LegalMemoCMT/data/processed/phase2/clancy/turn_clips/video/D6skXbDJJj8/D6skXbDJJj8_turn05559.mp4,/Users/rajeshpmu/Desktop/LegalMemoCMT/data/processed/phase2/clancy/turn_clips/audio/D6skXbDJJj8/D6skXbDJJj8_turn05555.wav | /Users/rajeshpmu/Desktop/LegalMemoCMT/data/processed/phase2/clancy/turn_clips/audio/D6skXbDJJj8/D6skXbDJJj8_turn05559.wav,"Yes, sir. Okay, sure. This court's now in session. Please be seated. || Thank you, sir.",UNKNOWN,LOW,UNKNOWN
DCBWoWhsTpA,/Users/rajeshpmu/Desktop/LegalMemoCMT/data/phase2/clancy/corpus/raw/live-lindsay-clancy-trial-day-14/live-lindsay-clancy-trial-day-14_DCBWoWhsTpA.wav,SPEAKER_10,2,25,8.473,DCBWoWhsTpA_turn06427 | DCBWoWhsTpA_turn06723,01:25:33.401 -> 01:25:43.910 | 02:05:56.390 -> 02:05:57.017,/Users/rajeshpmu/Desktop/LegalMemoCMT/data/processed/phase2/clancy/turn_clips/video/DCBWoWhsTpA/DCBWoWhsTpA_turn06427.mp4 | /Users/rajeshpmu/Desktop/LegalMemoCMT/data/processed/phase2/clancy/turn_clips/video/DCBWoWhsTpA/DCBWoWhsTpA_turn06723.mp4,/Users/rajeshpmu/Desktop/LegalMemoCMT/data/processed/phase2/clancy/turn_clips/audio/DCBWoWhsTpA/DCBWoWhsTpA_turn06427.wav | /Users/rajeshpmu/Desktop/LegalMemoCMT/data/processed/phase2/clancy/turn_clips/audio/DCBWoWhsTpA/DCBWoWhsTpA_turn06723.wav,Court allies. [clears throat] || No question.,UNKNOWN,LOW,UNKNOWN
1tyKO8mTdOM,/Users/rajeshpmu/Desktop/LegalMemoCMT/data/phase2/clancy/corpus/raw/live-lindsay-clancy-trial-day-15/live-lindsay-clancy-trial-day-15_1tyKO8mTdOM.wav,SPEAKER_05,1,8,5.197,1tyKO8mTdOM_turn00777,02:13:23.811 -> 02:13:37.350,/Users/rajeshpmu/Desktop/LegalMemoCMT/data/processed/phase2/clancy/turn_clips/video/1tyKO8mTdOM/1tyKO8mTdOM_turn00777.mp4,/Users/rajeshpmu/Desktop/LegalMemoCMT/data/processed/phase2/clancy/turn_clips/audio/1tyKO8mTdOM/1tyKO8mTdOM_turn00777.wav,All right. Thank you.,UNKNOWN,LOW,UNKNOWN
1tyKO8mTdOM,/Users/rajeshpmu/Desktop/LegalMemoCMT/data/phase2/clancy/corpus/raw/live-lindsay-clancy-trial-day-15/live-lindsay-clancy-trial-day-15_1tyKO8mTdOM.wav,SPEAKER_09,1,17,8.048,1tyKO8mTdOM_turn00583,01:40:24.514 -> 01:40:25.270,/Users/rajeshpmu/Desktop/LegalMemoCMT/data/processed/phase2/clancy/turn_clips/video/1tyKO8mTdOM/1tyKO8mTdOM_turn00583.mp4,/Users/rajeshpmu/Desktop/LegalMemoCMT/data/processed/phase2/clancy/turn_clips/audio/1tyKO8mTdOM/1tyKO8mTdOM_turn00583.wav,No.,UNKNOWN,LOW,UNKNOWN
93sfJyLzhqM,/Users/rajeshpmu/Desktop/LegalMemoCMT/data/phase2/clancy/corpus/raw/live-ma-v-lindsay-clancy-day-8-accused-killer-mom-trial/live-ma-v-lindsay-clancy-day-8-accused-killer-mom-trial_93sfJyLzhqM.wav,SPEAKER_19,1,3,6.074,93sfJyLzhqM_turn01380,01:01:34.810 -> 01:01:50.801,/Users/rajeshpmu/Desktop/LegalMemoCMT/data/processed/phase2/clancy/turn_clips/video/93sfJyLzhqM/93sfJyLzhqM_turn01380.mp4,/Users/rajeshpmu/Desktop/LegalMemoCMT/data/processed/phase2/clancy/turn_clips/audio/93sfJyLzhqM/93sfJyLzhqM_turn01380.wav,Same objection. They may be admitted. move to submit the death certificate of Ken Patrick Clancy as the next exhibit.,UNKNOWN,LOW,UNKNOWN
93sfJyLzhqM,/Users/rajeshpmu/Desktop/LegalMemoCMT/data/phase2/clancy/corpus/raw/live-ma-v-lindsay-clancy-day-8-accused-killer-mom-trial/live-ma-v-lindsay-clancy-day-8-accused-killer-mom-trial_93sfJyLzhqM.wav,SPEAKER_29,1,18,11.477,93sfJyLzhqM_turn02673,04:27:22.058 -> 04:28:56.140,/Users/rajeshpmu/Desktop/LegalMemoCMT/data/processed/phase2/clancy/turn_clips/video/93sfJyLzhqM/93sfJyLzhqM_turn02673.mp4,/Users/rajeshpmu/Desktop/LegalMemoCMT/data/processed/phase2/clancy/turn_clips/audio/93sfJyLzhqM/93sfJyLzhqM_turn02673.wav,Guilty of firstdegree murder.,UNKNOWN,LOW,UNKNOWN
93sfJyLzhqM,/Users/rajeshpmu/Desktop/LegalMemoCMT/data/phase2/clancy/corpus/raw/live-ma-v-lindsay-clancy-day-8-accused-killer-mom-trial/live-ma-v-lindsay-clancy-day-8-accused-killer-mom-trial_93sfJyLzhqM.wav,SPEAKER_30,1,29,7.089,93sfJyLzhqM_turn03139,05:55:14.820 -> 05:55:15.752,/Users/rajeshpmu/Desktop/LegalMemoCMT/data/processed/phase2/clancy/turn_clips/video/93sfJyLzhqM/93sfJyLzhqM_turn03139.mp4,/Users/rajeshpmu/Desktop/LegalMemoCMT/data/processed/phase2/clancy/turn_clips/audio/93sfJyLzhqM/93sfJyLzhqM_turn03139.wav,Anything on that?,UNKNOWN,LOW,UNKNOWN
93sfJyLzhqM,/Users/rajeshpmu/Desktop/LegalMemoCMT/data/phase2/clancy/corpus/raw/live-ma-v-lindsay-clancy-day-8-accused-killer-mom-trial/live-ma-v-lindsay-clancy-day-8-accused-killer-mom-trial_93sfJyLzhqM.wav,SPEAKER_41,1,9,4.522,93sfJyLzhqM_turn02441,03:52:32.870 -> 03:52:34.437,/Users/rajeshpmu/Desktop/LegalMemoCMT/data/processed/phase2/clancy/turn_clips/video/93sfJyLzhqM/93sfJyLzhqM_turn02441.mp4,/Users/rajeshpmu/Desktop/LegalMemoCMT/data/processed/phase2/clancy/turn_clips/audio/93sfJyLzhqM/93sfJyLzhqM_turn02441.wav,"Um, I'm not sure. I'm not sure.",UNKNOWN,LOW,UNKNOWN
93sfJyLzhqM,/Users/rajeshpmu/Desktop/LegalMemoCMT/data/phase2/clancy/corpus/raw/live-ma-v-lindsay-clancy-day-8-accused-killer-mom-trial/live-ma-v-lindsay-clancy-day-8-accused-killer-mom-trial_93sfJyLzhqM.wav,SPEAKER_46,1,49,19.391,93sfJyLzhqM_turn03041,05:46:25.778 -> 05:46:30.073,/Users/rajeshpmu/Desktop/LegalMemoCMT/data/processed/phase2/clancy/turn_clips/video/93sfJyLzhqM/93sfJyLzhqM_turn03041.mp4,/Users/rajeshpmu/Desktop/LegalMemoCMT/data/processed/phase2/clancy/turn_clips/audio/93sfJyLzhqM/93sfJyLzhqM_turn03041.wav,Yes. To the video office. Yes.,UNKNOWN,LOW,UNKNOWN
D5L_c9Mla1U,/Users/rajeshpmu/Desktop/LegalMemoCMT/data/phase2/clancy/corpus/raw/live-lindsay-clancy-trial-day-16/live-lindsay-clancy-trial-day-16_D5L_c9Mla1U.wav,SPEAKER_06,1,18,4.422,D5L_c9Mla1U_turn04280,02:49:08.743 -> 02:50:29.698,/Users/rajeshpmu/Desktop/LegalMemoCMT/data/processed/phase2/clancy/turn_clips/video/D5L_c9Mla1U/D5L_c9Mla1U_turn04280.mp4,/Users/rajeshpmu/Desktop/LegalMemoCMT/data/processed/phase2/clancy/turn_clips/audio/D5L_c9Mla1U/D5L_c9Mla1U_turn04280.wav,All right. Sure. Court is back in session. You may be,UNKNOWN,LOW,UNKNOWN
D6skXbDJJj8,/Users/rajeshpmu/Desktop/LegalMemoCMT/data/phase2/clancy/corpus/raw/live-lindsay-clancy-murder-trial-ma-v-lindsay-clancy-day-8/live-lindsay-clancy-murder-trial-ma-v-lindsay-clancy-day-8_D6skXbDJJj8.wav,SPEAKER_07,1,6,1.974,D6skXbDJJj8_turn04625,01:54:01.833 -> 01:54:02.682,/Users/rajeshpmu/Desktop/LegalMemoCMT/data/processed/phase2/clancy/turn_clips/video/D6skXbDJJj8/D6skXbDJJj8_turn04625.mp4,/Users/rajeshpmu/Desktop/LegalMemoCMT/data/processed/phase2/clancy/turn_clips/audio/D6skXbDJJj8/D6skXbDJJj8_turn04625.wav,Good morning.,UNKNOWN,LOW,UNKNOWN
D6skXbDJJj8,/Users/rajeshpmu/Desktop/LegalMemoCMT/data/phase2/clancy/corpus/raw/live-lindsay-clancy-murder-trial-ma-v-lindsay-clancy-day-8/live-lindsay-clancy-murder-trial-ma-v-lindsay-clancy-day-8_D6skXbDJJj8.wav,SPEAKER_09,1,13,5.993,D6skXbDJJj8_turn04504,01:42:47.432 -> 01:42:48.032,/Users/rajeshpmu/Desktop/LegalMemoCMT/data/processed/phase2/clancy/turn_clips/video/D6skXbDJJj8/D6skXbDJJj8_turn04504.mp4,/Users/rajeshpmu/Desktop/LegalMemoCMT/data/processed/phase2/clancy/turn_clips/audio/D6skXbDJJj8/D6skXbDJJj8_turn04504.wav,Right.,UNKNOWN,LOW,UNKNOWN
D6skXbDJJj8,/Users/rajeshpmu/Desktop/LegalMemoCMT/data/phase2/clancy/corpus/raw/live-lindsay-clancy-murder-trial-ma-v-lindsay-clancy-day-8/live-lindsay-clancy-murder-trial-ma-v-lindsay-clancy-day-8_D6skXbDJJj8.wav,SPEAKER_16,1,18,6.108,D6skXbDJJj8_turn05091,02:42:10.520 -> 02:42:11.235,/Users/rajeshpmu/Desktop/LegalMemoCMT/data/processed/phase2/clancy/turn_clips/video/D6skXbDJJj8/D6skXbDJJj8_turn05091.mp4,/Users/rajeshpmu/Desktop/LegalMemoCMT/data/processed/phase2/clancy/turn_clips/audio/D6skXbDJJj8/D6skXbDJJj8_turn05091.wav,Correct.,UNKNOWN,LOW,UNKNOWN
DCBWoWhsTpA,/Users/rajeshpmu/Desktop/LegalMemoCMT/data/phase2/clancy/corpus/raw/live-lindsay-clancy-trial-day-14/live-lindsay-clancy-trial-day-14_DCBWoWhsTpA.wav,SPEAKER_19,1,58,27.153,DCBWoWhsTpA_turn06135,00:51:41.217 -> 00:53:19.430,/Users/rajeshpmu/Desktop/LegalMemoCMT/data/processed/phase2/clancy/turn_clips/video/DCBWoWhsTpA/DCBWoWhsTpA_turn06135.mp4,/Users/rajeshpmu/Desktop/LegalMemoCMT/data/processed/phase2/clancy/turn_clips/audio/DCBWoWhsTpA/DCBWoWhsTpA_turn06135.wav,All right. Yeah. Board is back in session. You may be seated.,UNKNOWN,LOW,UNKNOWN
ZJd1Lk4w-qo,/Users/rajeshpmu/Desktop/LegalMemoCMT/data/phase2/clancy/corpus/raw/dr-alia-goodheart-psychiatrist-full-testimony-ma-v-lindsay-clancy/dr-alia-goodheart-psychiatrist-full-testimony-ma-v-lindsay-clancy_ZJd1Lk4w-qo.wav,SPEAKER_04,1,7,4.639,ZJd1Lk4w-qo_turn07735,00:48:28.386 -> 00:48:30.955,/Users/rajeshpmu/Desktop/LegalMemoCMT/data/processed/phase2/clancy/turn_clips/video/ZJd1Lk4w-qo/ZJd1Lk4w-qo_turn07735.mp4,/Users/rajeshpmu/Desktop/LegalMemoCMT/data/processed/phase2/clancy/turn_clips/audio/ZJd1Lk4w-qo/ZJd1Lk4w-qo_turn07735.wav,If that's what it says.,UNKNOWN,LOW,UNKNOWN
peYoD-JkAXE,/Users/rajeshpmu/Desktop/LegalMemoCMT/data/phase2/clancy/corpus/raw/dr-jennifer-tufts-psychiatrist-full-testimony-ma-v-lindsay-clancy/dr-jennifer-tufts-psychiatrist-full-testimony-ma-v-lindsay-clancy_peYoD-JkAXE.wav,SPEAKER_00,1,7,9.687,peYoD-JkAXE_turn11234,05:07:10.550 -> 05:07:20.716,/Users/rajeshpmu/Desktop/LegalMemoCMT/data/processed/phase2/clancy/turn_clips/video/peYoD-JkAXE/peYoD-JkAXE_turn11234.mp4,/Users/rajeshpmu/Desktop/LegalMemoCMT/data/processed/phase2/clancy/turn_clips/audio/peYoD-JkAXE/peYoD-JkAXE_turn11234.wav,"This court is now in session. Please be seated. For the purpose of the record, we return back to the trial. Commonwealth versus Clancy. All parties are present, including the defendant and including the 18 jurors.",UNKNOWN,LOW,UNKNOWN
sHUdRcABC-Q,/Users/rajeshpmu/Desktop/LegalMemoCMT/data/phase2/clancy/corpus/raw/psychiatrist-details-lindsay-clancy-s-hallucinations/psychiatrist-details-lindsay-clancy-s-hallucinations_sHUdRcABC-Q.wav,UNKNOWN,1,0,0.000,sHUdRcABC-Q_turn11882,00:31:14.795 -> 00:31:16.870,/Users/rajeshpmu/Desktop/LegalMemoCMT/data/processed/phase2/clancy/turn_clips/video/sHUdRcABC-Q/sHUdRcABC-Q_turn11882.mp4,/Users/rajeshpmu/Desktop/LegalMemoCMT/data/processed/phase2/clancy/turn_clips/audio/sHUdRcABC-Q/sHUdRcABC-Q_turn11882.wav,Sustained.,UNKNOWN,LOW,UNKNOWN
