source_group_id,speaker_cluster_id,cluster_row_count,sample_count,sample_utterance_ids,sample_audio_paths,sample_video_paths,sample_text,role_label,role_confidence,witness_in_segment,witness_speaking_status,visual_target_role,visual_speaker_match,review_notes
1tyKO8mTdOM,SPEAKER_00,8,3,1tyKO8mTdOM_turn00007 | 1tyKO8mTdOM_turn00334 | 1tyKO8mTdOM_turn00335,/Users/rajeshpmu/Desktop/LegalMemoCMT/data/processed/phase2/clancy/turn_clips/audio/1tyKO8mTdOM/1tyKO8mTdOM_turn00007.wav | /Users/rajeshpmu/Desktop/LegalMemoCMT/data/processed/phase2/clancy/turn_clips/audio/1tyKO8mTdOM/1tyKO8mTdOM_turn00334.wav | /Users/rajeshpmu/Desktop/LegalMemoCMT/data/processed/phase2/clancy/turn_clips/audio/1tyKO8mTdOM/1tyKO8mTdOM_turn00335.wav,/Users/rajeshpmu/Desktop/LegalMemoCMT/data/processed/phase2/clancy/turn_clips/video/1tyKO8mTdOM/1tyKO8mTdOM_turn00007.mp4 | /Users/rajeshpmu/Desktop/LegalMemoCMT/data/processed/phase2/clancy/turn_clips/video/1tyKO8mTdOM/1tyKO8mTdOM_turn00334.mp4 | /Users/rajeshpmu/Desktop/LegalMemoCMT/data/processed/phase2/clancy/turn_clips/video/1tyKO8mTdOM/1tyKO8mTdOM_turn00335.mp4,Yes. We have another matter of compliance. I'm going to send it to court. All right. Hey. Hey. He all persons having anything to do before the honorable William Sullivan justice of the superior court now sitting in with him before the Commonwealth. Draw on near and give your attendance and you shall be heard. God save the Commonwealth of Massachusetts. This court is now in session. Please be seated. || [clears throat] || of exit the court session. Please be seated.,,,,,,,
1tyKO8mTdOM,SPEAKER_01,101,3,1tyKO8mTdOM_turn00004 | 1tyKO8mTdOM_turn00005 | 1tyKO8mTdOM_turn00006,/Users/rajeshpmu/Desktop/LegalMemoCMT/data/processed/phase2/clancy/turn_clips/audio/1tyKO8mTdOM/1tyKO8mTdOM_turn00004.wav | /Users/rajeshpmu/Desktop/LegalMemoCMT/data/processed/phase2/clancy/turn_clips/audio/1tyKO8mTdOM/1tyKO8mTdOM_turn00005.wav | /Users/rajeshpmu/Desktop/LegalMemoCMT/data/processed/phase2/clancy/turn_clips/audio/1tyKO8mTdOM/1tyKO8mTdOM_turn00006.wav,/Users/rajeshpmu/Desktop/LegalMemoCMT/data/processed/phase2/clancy/turn_clips/video/1tyKO8mTdOM/1tyKO8mTdOM_turn00004.mp4 | /Users/rajeshpmu/Desktop/LegalMemoCMT/data/processed/phase2/clancy/turn_clips/video/1tyKO8mTdOM/1tyKO8mTdOM_turn00005.mp4 | /Users/rajeshpmu/Desktop/LegalMemoCMT/data/processed/phase2/clancy/turn_clips/video/1tyKO8mTdOM/1tyKO8mTdOM_turn00006.mp4,"right. Well, good morning everyone. Good morning, council. || Good morning, Miss Clancy. || All right. Um, before we start, could I see everybody talk about today's schedule? All right, C. We ready for the jury?",,,,,,,
1tyKO8mTdOM,SPEAKER_02,275,3,1tyKO8mTdOM_turn00107 | 1tyKO8mTdOM_turn00110 | 1tyKO8mTdOM_turn00111,/Users/rajeshpmu/Desktop/LegalMemoCMT/data/processed/phase2/clancy/turn_clips/audio/1tyKO8mTdOM/1tyKO8mTdOM_turn00107.wav | /Users/rajeshpmu/Desktop/LegalMemoCMT/data/processed/phase2/clancy/turn_clips/audio/1tyKO8mTdOM/1tyKO8mTdOM_turn00110.wav | /Users/rajeshpmu/Desktop/LegalMemoCMT/data/processed/phase2/clancy/turn_clips/audio/1tyKO8mTdOM/1tyKO8mTdOM_turn00111.wav,/Users/rajeshpmu/Desktop/LegalMemoCMT/data/processed/phase2/clancy/turn_clips/video/1tyKO8mTdOM/1tyKO8mTdOM_turn00107.mp4 | /Users/rajeshpmu/Desktop/LegalMemoCMT/data/processed/phase2/clancy/turn_clips/video/1tyKO8mTdOM/1tyKO8mTdOM_turn00110.mp4 | /Users/rajeshpmu/Desktop/LegalMemoCMT/data/processed/phase2/clancy/turn_clips/video/1tyKO8mTdOM/1tyKO8mTdOM_turn00111.mp4,"Any objection? You're com makes the same objection. || Come off. Good morning. || So, you um indicated that you've um were a labor and delivery nurse for 38 years.",,,,,,,
1tyKO8mTdOM,SPEAKER_03,2,2,1tyKO8mTdOM_turn00176 | 1tyKO8mTdOM_turn00256,/Users/rajeshpmu/Desktop/LegalMemoCMT/data/processed/phase2/clancy/turn_clips/audio/1tyKO8mTdOM/1tyKO8mTdOM_turn00176.wav | /Users/rajeshpmu/Desktop/LegalMemoCMT/data/processed/phase2/clancy/turn_clips/audio/1tyKO8mTdOM/1tyKO8mTdOM_turn00256.wav,/Users/rajeshpmu/Desktop/LegalMemoCMT/data/processed/phase2/clancy/turn_clips/video/1tyKO8mTdOM/1tyKO8mTdOM_turn00176.mp4 | /Users/rajeshpmu/Desktop/LegalMemoCMT/data/processed/phase2/clancy/turn_clips/video/1tyKO8mTdOM/1tyKO8mTdOM_turn00256.mp4,Mhm. || How long were you in Aruba?,,,,,,,
1tyKO8mTdOM,SPEAKER_04,33,3,1tyKO8mTdOM_turn00019 | 1tyKO8mTdOM_turn00020 | 1tyKO8mTdOM_turn00025,/Users/rajeshpmu/Desktop/LegalMemoCMT/data/processed/phase2/clancy/turn_clips/audio/1tyKO8mTdOM/1tyKO8mTdOM_turn00019.wav | /Users/rajeshpmu/Desktop/LegalMemoCMT/data/processed/phase2/clancy/turn_clips/audio/1tyKO8mTdOM/1tyKO8mTdOM_turn00020.wav | /Users/rajeshpmu/Desktop/LegalMemoCMT/data/processed/phase2/clancy/turn_clips/audio/1tyKO8mTdOM/1tyKO8mTdOM_turn00025.wav,/Users/rajeshpmu/Desktop/LegalMemoCMT/data/processed/phase2/clancy/turn_clips/video/1tyKO8mTdOM/1tyKO8mTdOM_turn00019.mp4 | /Users/rajeshpmu/Desktop/LegalMemoCMT/data/processed/phase2/clancy/turn_clips/video/1tyKO8mTdOM/1tyKO8mTdOM_turn00020.mp4 | /Users/rajeshpmu/Desktop/LegalMemoCMT/data/processed/phase2/clancy/turn_clips/video/1tyKO8mTdOM/1tyKO8mTdOM_turn00025.mp4,Susan Clancy. S us C L A N C Y. || And what time? || correct. and obviously with Lindsay.,,,,,,,
1tyKO8mTdOM,SPEAKER_05,1,1,1tyKO8mTdOM_turn00777,/Users/rajeshpmu/Desktop/LegalMemoCMT/data/processed/phase2/clancy/turn_clips/audio/1tyKO8mTdOM/1tyKO8mTdOM_turn00777.wav,/Users/rajeshpmu/Desktop/LegalMemoCMT/data/processed/phase2/clancy/turn_clips/video/1tyKO8mTdOM/1tyKO8mTdOM_turn00777.mp4,All right. Thank you.,,,,,,,
1tyKO8mTdOM,SPEAKER_06,2,2,1tyKO8mTdOM_turn00371 | 1tyKO8mTdOM_turn00826,/Users/rajeshpmu/Desktop/LegalMemoCMT/data/processed/phase2/clancy/turn_clips/audio/1tyKO8mTdOM/1tyKO8mTdOM_turn00371.wav | /Users/rajeshpmu/Desktop/LegalMemoCMT/data/processed/phase2/clancy/turn_clips/audio/1tyKO8mTdOM/1tyKO8mTdOM_turn00826.wav,/Users/rajeshpmu/Desktop/LegalMemoCMT/data/processed/phase2/clancy/turn_clips/video/1tyKO8mTdOM/1tyKO8mTdOM_turn00371.mp4 | /Users/rajeshpmu/Desktop/LegalMemoCMT/data/processed/phase2/clancy/turn_clips/video/1tyKO8mTdOM/1tyKO8mTdOM_turn00826.mp4,I might be on you. Hello. || If you want to. Is there any objection?,,,,,,,
1tyKO8mTdOM,SPEAKER_07,90,3,1tyKO8mTdOM_turn01009 | 1tyKO8mTdOM_turn01010 | 1tyKO8mTdOM_turn01011,/Users/rajeshpmu/Desktop/LegalMemoCMT/data/processed/phase2/clancy/turn_clips/audio/1tyKO8mTdOM/1tyKO8mTdOM_turn01009.wav | /Users/rajeshpmu/Desktop/LegalMemoCMT/data/processed/phase2/clancy/turn_clips/audio/1tyKO8mTdOM/1tyKO8mTdOM_turn01010.wav | /Users/rajeshpmu/Desktop/LegalMemoCMT/data/processed/phase2/clancy/turn_clips/audio/1tyKO8mTdOM/1tyKO8mTdOM_turn01011.wav,/Users/rajeshpmu/Desktop/LegalMemoCMT/data/processed/phase2/clancy/turn_clips/video/1tyKO8mTdOM/1tyKO8mTdOM_turn01009.mp4 | /Users/rajeshpmu/Desktop/LegalMemoCMT/data/processed/phase2/clancy/turn_clips/video/1tyKO8mTdOM/1tyKO8mTdOM_turn01010.mp4 | /Users/rajeshpmu/Desktop/LegalMemoCMT/data/processed/phase2/clancy/turn_clips/video/1tyKO8mTdOM/1tyKO8mTdOM_turn01011.mp4,"Good afternoon. Paul Zizel. Zei. Ze Lel. || And um what do you do for work, sir? || I'm a clinical and forensic psychologist.",,,,,,,
1tyKO8mTdOM,SPEAKER_08,2,2,1tyKO8mTdOM_turn01001 | 1tyKO8mTdOM_turn01103,/Users/rajeshpmu/Desktop/LegalMemoCMT/data/processed/phase2/clancy/turn_clips/audio/1tyKO8mTdOM/1tyKO8mTdOM_turn01001.wav | /Users/rajeshpmu/Desktop/LegalMemoCMT/data/processed/phase2/clancy/turn_clips/audio/1tyKO8mTdOM/1tyKO8mTdOM_turn01103.wav,/Users/rajeshpmu/Desktop/LegalMemoCMT/data/processed/phase2/clancy/turn_clips/video/1tyKO8mTdOM/1tyKO8mTdOM_turn01001.mp4 | /Users/rajeshpmu/Desktop/LegalMemoCMT/data/processed/phase2/clancy/turn_clips/video/1tyKO8mTdOM/1tyKO8mTdOM_turn01103.mp4,Okay. Order is back in session. You may be seated. return all counties including the defendant including || Were you there?,,,,,,,
1tyKO8mTdOM,SPEAKER_09,1,1,1tyKO8mTdOM_turn00583,/Users/rajeshpmu/Desktop/LegalMemoCMT/data/processed/phase2/clancy/turn_clips/audio/1tyKO8mTdOM/1tyKO8mTdOM_turn00583.wav,/Users/rajeshpmu/Desktop/LegalMemoCMT/data/processed/phase2/clancy/turn_clips/video/1tyKO8mTdOM/1tyKO8mTdOM_turn00583.mp4,No.,,,,,,,
1tyKO8mTdOM,SPEAKER_10,120,3,1tyKO8mTdOM_turn00397 | 1tyKO8mTdOM_turn00400 | 1tyKO8mTdOM_turn00401,/Users/rajeshpmu/Desktop/LegalMemoCMT/data/processed/phase2/clancy/turn_clips/audio/1tyKO8mTdOM/1tyKO8mTdOM_turn00397.wav | /Users/rajeshpmu/Desktop/LegalMemoCMT/data/processed/phase2/clancy/turn_clips/audio/1tyKO8mTdOM/1tyKO8mTdOM_turn00400.wav | /Users/rajeshpmu/Desktop/LegalMemoCMT/data/processed/phase2/clancy/turn_clips/audio/1tyKO8mTdOM/1tyKO8mTdOM_turn00401.wav,/Users/rajeshpmu/Desktop/LegalMemoCMT/data/processed/phase2/clancy/turn_clips/video/1tyKO8mTdOM/1tyKO8mTdOM_turn00397.mp4 | /Users/rajeshpmu/Desktop/LegalMemoCMT/data/processed/phase2/clancy/turn_clips/video/1tyKO8mTdOM/1tyKO8mTdOM_turn00400.mp4 | /Users/rajeshpmu/Desktop/LegalMemoCMT/data/processed/phase2/clancy/turn_clips/video/1tyKO8mTdOM/1tyKO8mTdOM_turn00401.mp4,"My name is Donald Condi. C O N D I E. || I uh graduated from Tulain University, then spent some time at uh in graduate school at the University of New Orleans, then went to medical school at Louisiana State University in New Orleans, and then I came to Boston to the Massachusetts Mental Health Center. uh to train in psychiatry. || And where is that?",,,,,,,
1tyKO8mTdOM,SPEAKER_11,487,3,1tyKO8mTdOM_turn00014 | 1tyKO8mTdOM_turn00016 | 1tyKO8mTdOM_turn00017,/Users/rajeshpmu/Desktop/LegalMemoCMT/data/processed/phase2/clancy/turn_clips/audio/1tyKO8mTdOM/1tyKO8mTdOM_turn00014.wav | /Users/rajeshpmu/Desktop/LegalMemoCMT/data/processed/phase2/clancy/turn_clips/audio/1tyKO8mTdOM/1tyKO8mTdOM_turn00016.wav | /Users/rajeshpmu/Desktop/LegalMemoCMT/data/processed/phase2/clancy/turn_clips/audio/1tyKO8mTdOM/1tyKO8mTdOM_turn00017.wav,/Users/rajeshpmu/Desktop/LegalMemoCMT/data/processed/phase2/clancy/turn_clips/video/1tyKO8mTdOM/1tyKO8mTdOM_turn00014.mp4 | /Users/rajeshpmu/Desktop/LegalMemoCMT/data/processed/phase2/clancy/turn_clips/video/1tyKO8mTdOM/1tyKO8mTdOM_turn00016.mp4 | /Users/rajeshpmu/Desktop/LegalMemoCMT/data/processed/phase2/clancy/turn_clips/video/1tyKO8mTdOM/1tyKO8mTdOM_turn00017.mp4,"Thank you. Uh, call uh, Sue Clancy, please. Good morning. || Good morning. || Thank you.",,,,,,,
1tyKO8mTdOM,SPEAKER_12,73,3,1tyKO8mTdOM_turn00340 | 1tyKO8mTdOM_turn00341 | 1tyKO8mTdOM_turn00344,/Users/rajeshpmu/Desktop/LegalMemoCMT/data/processed/phase2/clancy/turn_clips/audio/1tyKO8mTdOM/1tyKO8mTdOM_turn00340.wav | /Users/rajeshpmu/Desktop/LegalMemoCMT/data/processed/phase2/clancy/turn_clips/audio/1tyKO8mTdOM/1tyKO8mTdOM_turn00341.wav | /Users/rajeshpmu/Desktop/LegalMemoCMT/data/processed/phase2/clancy/turn_clips/audio/1tyKO8mTdOM/1tyKO8mTdOM_turn00344.wav,/Users/rajeshpmu/Desktop/LegalMemoCMT/data/processed/phase2/clancy/turn_clips/video/1tyKO8mTdOM/1tyKO8mTdOM_turn00340.mp4 | /Users/rajeshpmu/Desktop/LegalMemoCMT/data/processed/phase2/clancy/turn_clips/video/1tyKO8mTdOM/1tyKO8mTdOM_turn00341.mp4 | /Users/rajeshpmu/Desktop/LegalMemoCMT/data/processed/phase2/clancy/turn_clips/video/1tyKO8mTdOM/1tyKO8mTdOM_turn00344.mp4,"Yes. And um we are objecting to these || no || Is that the Commonwealth's objection is that the the window well is in the wrong place on the on the um drawing. And putting aside the late disclosure and the fact that I don't know if anyone who created this is going to come in and testify that they created it and whether it's to scale or not, but the the main objection is the uh that it's inaccurate.",,,,,,,
1tyKO8mTdOM,SPEAKER_13,12,3,1tyKO8mTdOM_turn00002 | 1tyKO8mTdOM_turn00003 | 1tyKO8mTdOM_turn00009,/Users/rajeshpmu/Desktop/LegalMemoCMT/data/processed/phase2/clancy/turn_clips/audio/1tyKO8mTdOM/1tyKO8mTdOM_turn00002.wav | /Users/rajeshpmu/Desktop/LegalMemoCMT/data/processed/phase2/clancy/turn_clips/audio/1tyKO8mTdOM/1tyKO8mTdOM_turn00003.wav | /Users/rajeshpmu/Desktop/LegalMemoCMT/data/processed/phase2/clancy/turn_clips/audio/1tyKO8mTdOM/1tyKO8mTdOM_turn00009.wav,/Users/rajeshpmu/Desktop/LegalMemoCMT/data/processed/phase2/clancy/turn_clips/video/1tyKO8mTdOM/1tyKO8mTdOM_turn00002.mp4 | /Users/rajeshpmu/Desktop/LegalMemoCMT/data/processed/phase2/clancy/turn_clips/video/1tyKO8mTdOM/1tyKO8mTdOM_turn00003.mp4 | /Users/rajeshpmu/Desktop/LegalMemoCMT/data/processed/phase2/clancy/turn_clips/video/1tyKO8mTdOM/1tyKO8mTdOM_turn00009.mp4,"Yes, please. || Attorney is represented by assistant district attorney general Frank and assistant district attorney Shannon Buckingham. All || Yes, please. We have a continuation of a jury trial matter. Miss Clancy is present. She is attorney and the commonwealth is represented by assistant district attorney general and assistant district attorney.",,,,,,,
1tyKO8mTdOM,SPEAKER_14,62,3,1tyKO8mTdOM_turn00792 | 1tyKO8mTdOM_turn00794 | 1tyKO8mTdOM_turn00797,/Users/rajeshpmu/Desktop/LegalMemoCMT/data/processed/phase2/clancy/turn_clips/audio/1tyKO8mTdOM/1tyKO8mTdOM_turn00792.wav | /Users/rajeshpmu/Desktop/LegalMemoCMT/data/processed/phase2/clancy/turn_clips/audio/1tyKO8mTdOM/1tyKO8mTdOM_turn00794.wav | /Users/rajeshpmu/Desktop/LegalMemoCMT/data/processed/phase2/clancy/turn_clips/audio/1tyKO8mTdOM/1tyKO8mTdOM_turn00797.wav,/Users/rajeshpmu/Desktop/LegalMemoCMT/data/processed/phase2/clancy/turn_clips/video/1tyKO8mTdOM/1tyKO8mTdOM_turn00792.mp4 | /Users/rajeshpmu/Desktop/LegalMemoCMT/data/processed/phase2/clancy/turn_clips/video/1tyKO8mTdOM/1tyKO8mTdOM_turn00794.mp4 | /Users/rajeshpmu/Desktop/LegalMemoCMT/data/processed/phase2/clancy/turn_clips/video/1tyKO8mTdOM/1tyKO8mTdOM_turn00797.mp4,"Um you're a little echoey, but I can hear you. || Um Dr. Elizabeth Laada, L A P O S A T A. || Okay. [clears throat] Uh tell us what you do for work, doctor. Uh well I'm a uh medical doctor uh board certified in anatomic and forensic pathology. So I have a active practice in forensic pathology where I review um cases to understand how people get injured or how people die",,,,,,,
1tyKO8mTdOM,UNKNOWN,15,3,1tyKO8mTdOM_turn00001 | 1tyKO8mTdOM_turn00084 | 1tyKO8mTdOM_turn00086,/Users/rajeshpmu/Desktop/LegalMemoCMT/data/processed/phase2/clancy/turn_clips/audio/1tyKO8mTdOM/1tyKO8mTdOM_turn00001.wav | /Users/rajeshpmu/Desktop/LegalMemoCMT/data/processed/phase2/clancy/turn_clips/audio/1tyKO8mTdOM/1tyKO8mTdOM_turn00084.wav | /Users/rajeshpmu/Desktop/LegalMemoCMT/data/processed/phase2/clancy/turn_clips/audio/1tyKO8mTdOM/1tyKO8mTdOM_turn00086.wav,/Users/rajeshpmu/Desktop/LegalMemoCMT/data/processed/phase2/clancy/turn_clips/video/1tyKO8mTdOM/1tyKO8mTdOM_turn00001.mp4 | /Users/rajeshpmu/Desktop/LegalMemoCMT/data/processed/phase2/clancy/turn_clips/video/1tyKO8mTdOM/1tyKO8mTdOM_turn00084.mp4 | /Users/rajeshpmu/Desktop/LegalMemoCMT/data/processed/phase2/clancy/turn_clips/video/1tyKO8mTdOM/1tyKO8mTdOM_turn00086.mp4,This court is now in session. May be seated. || Correct. || Very much so.,,,,,,,
93sfJyLzhqM,SPEAKER_01,3,3,93sfJyLzhqM_turn02850 | 93sfJyLzhqM_turn02851 | 93sfJyLzhqM_turn02869,/Users/rajeshpmu/Desktop/LegalMemoCMT/data/processed/phase2/clancy/turn_clips/audio/93sfJyLzhqM/93sfJyLzhqM_turn02850.wav | /Users/rajeshpmu/Desktop/LegalMemoCMT/data/processed/phase2/clancy/turn_clips/audio/93sfJyLzhqM/93sfJyLzhqM_turn02851.wav | /Users/rajeshpmu/Desktop/LegalMemoCMT/data/processed/phase2/clancy/turn_clips/audio/93sfJyLzhqM/93sfJyLzhqM_turn02869.wav,/Users/rajeshpmu/Desktop/LegalMemoCMT/data/processed/phase2/clancy/turn_clips/video/93sfJyLzhqM/93sfJyLzhqM_turn02850.mp4 | /Users/rajeshpmu/Desktop/LegalMemoCMT/data/processed/phase2/clancy/turn_clips/video/93sfJyLzhqM/93sfJyLzhqM_turn02851.mp4 | /Users/rajeshpmu/Desktop/LegalMemoCMT/data/processed/phase2/clancy/turn_clips/video/93sfJyLzhqM/93sfJyLzhqM_turn02869.mp4,"pretty much. While [snorts] we continue to wait for things to go back on the record inside of that courtroom, let's discuss this case with career prosecutor Wendy Patrick, who is here with us. Wendy, thank you for joining us. Let's talk about the type of witnesses who have been on the stand today. I'm not going to call them combative witnesses because they were all very pleasant to the prosecution, but they were subpoenaed to come. They are friends, former friends and former father-in-laws of the defendant. And much of their testimony suggests that they believe she was a wonderful mother. They didn't notice any issues where she perhaps had resentment or hatred towards her children or was being calculated in any way. What's it like for a prosecutor when you have to bring in these types of witnesses that are really not necessarily on your side, probably don't agree with the prosecution? We don't know what their stance is on these charges being brought, but it can make things difficult for the state. Well, it does make things difficult for the state, but the state already knew this before these witnesses were uh were going to be called. They knew they were on the agenda. They knew what they were going to say. And this is typical in cases like this. You have family members that may love the defendant that are simply coming in and describing their observations at a point in time. And that is where the paths diverge is this is not a case where somebody is saying this was a terrible mother throughout her entire uh maternal uh time raising these three kids and the the the youngest one being of course very young. But this is a specific defense of postpartum psychosis that occurred at a particular point in time. So obviously it is not going to be a difficult issue that there would be sometimes that she not only would be normal but very loving. What the defense is trying to say is that at the time of the murders, she did not have the state of mind where she could be criminally liable. That's important. Now, you may think, ""Oh, that makes it more difficult for the prosecution."" Not necessarily given that they're not saying that there wasn't an issue there or they are conceding that there might have been some problems raising children or there might have been some depression or whatever else it was. They are saying at the time of the murders by strangulation that the defendant knew what she was doing. And more than that, their theory is that this was something pre-planned, premeditated, intentional, strategized. They need to prove that mental state, but they also don't need to disprove that this was somebody that didn't love her children or that didn't have very positive qualities at other points in time. How important do you think that ownership is? I think there are often times that attorneys can do a lot in terms of ownership and gain those points with the jury when there are bad facts. And in this case, I think a bad fact for the prosecution is that this was a woman who was admitting to her struggles, admitting to needing help, was reaching out for help. Do they need to own the fact that yes, she was struggling? They mentioned it in their opening statement, but I'm curious as to how far they're going to go once they get into their closings just because the direct of some of these witnesses, they seem to be honing in on she seemed normal. Yes, they need to own it and they did the right thing in opening statement by drawing the stain. They don't want to seem like they're surprised by the fact that these family members came in and said the positive things that they did. It is not the case that in all criminal cases you have a defendant that is just routinely unkind and unsympathetic in every facet of her life. That's rarely if ever the case. Normally you have cases like this where at a point in time you have a terrible crime that was committed and the prosecution simply needs to prove what they've charged. They don't need to prove she's a bad mother. They don't need to prove she didn't love her children. They wouldn't try to prove such things because it's not supported by the evidence. So, what they're going to do, Julia, in closing argument, they're going to tie in what they said in opening statement that was consistent with the evidence presented, maybe even saying something like, as we explained in opening, this isn't a case about blank. But they will also hammer home their theory of the case that at the time of the murders of those three precious children, she knew what she was doing. And I think it is going to be very interesting to hear how they sell it to the jury at the end when they have to make that distinction between mentally ill and whether or not in that illness she knew right from wrong or could not conform to it. They're saying that she absolutely did. How do you as a prosecutor, I don't know if you've had a case quite like this one, but let me know if you have, but how do you how do you whittle down that part of it if someone is dealing with this postpartum depression, but they're saying even if she was dealing with maybe not psychosis, but a serious mental issue, she still knew right from wrong, and that means she's still criminally responsible. || That's right. And I have had cases exactly like this postpartum psychosis. Despite it being rare, it happens in these cases often do go to trial. You'd need to have the evidence often formulate the argument that at the time of the killings based on the circumstantial evidence of requisite intent that she knew what she was doing. She knew right from wrong. But I have to say the challenge, you know, I've also been a criminal defense attorney. The challenge is that the defense is going to argue, look, you look at her or are what she did beforehand, but you also look at what she did afterwards where there's this split of opinion, not only as to what her mental state was at the time, but whether her actions afterwards were consistent. Did she try to commit suicide? Was it a half-hearted attempt? These are very heartbreaking cases for everyone involved. Uh, but they have to be litigated. And these are some of the tough arguments that have to be made, backed up in most cases by expert witness testimony that usually disagrees substantially as to not only what the diagnosis was, but whether or not that lends itself to an absence of criminal liability at the time of the crime. || Julia is you have to have the facts already out in the record for the experts to work with. Otherwise, the objection is facts, not evidence that it'll be sustained. So, you're going to have to lay these facts out as has been done. And that's one of the most important parts of what an expert is going to come in and say. They're going to come in and work with the facts that have already been presented. And when they come in, you're going to also see they're going to disagree uh at exactly the point in time that the jury has to focus in on. And that's important because what happened at the time that those three kids were killed is going to also include how long it took, the method of execution, what happened right beforehand, what happened afterwards, the statements that the defendant was making to others about thinking about doing this. Those are some of the most powerful pieces of evidence that those experts are going to have to work with. And another thing that's going to be very important for both sides is they're going to have to establish that these experts have specific expertise in the area of postpartum depression. It can't just be a jack-of-trades expert that knows a lot about mental illness because this is a very specific disorder, one that most jurors don't have any idea or personal experience with. That's what makes expert testimony in a case like this with this kind of a narrow defense even more important. So, they are probably going to wait until that culminating moment that jurors are waiting for to actually hear how in the world can they put these facts in context and decide what they have to decide based on the time of death.",,,,,,,
93sfJyLzhqM,SPEAKER_02,11,3,93sfJyLzhqM_turn01897 | 93sfJyLzhqM_turn02484 | 93sfJyLzhqM_turn02485,/Users/rajeshpmu/Desktop/LegalMemoCMT/data/processed/phase2/clancy/turn_clips/audio/93sfJyLzhqM/93sfJyLzhqM_turn01897.wav | /Users/rajeshpmu/Desktop/LegalMemoCMT/data/processed/phase2/clancy/turn_clips/audio/93sfJyLzhqM/93sfJyLzhqM_turn02484.wav | /Users/rajeshpmu/Desktop/LegalMemoCMT/data/processed/phase2/clancy/turn_clips/audio/93sfJyLzhqM/93sfJyLzhqM_turn02485.wav,/Users/rajeshpmu/Desktop/LegalMemoCMT/data/processed/phase2/clancy/turn_clips/video/93sfJyLzhqM/93sfJyLzhqM_turn01897.mp4 | /Users/rajeshpmu/Desktop/LegalMemoCMT/data/processed/phase2/clancy/turn_clips/video/93sfJyLzhqM/93sfJyLzhqM_turn02484.mp4 | /Users/rajeshpmu/Desktop/LegalMemoCMT/data/processed/phase2/clancy/turn_clips/video/93sfJyLzhqM/93sfJyLzhqM_turn02485.mp4,Katrina Readington. [snorts] || Thank you. || Readington. Thank you.,,,,,,,
93sfJyLzhqM,SPEAKER_03,11,3,93sfJyLzhqM_turn01609 | 93sfJyLzhqM_turn01610 | 93sfJyLzhqM_turn02519,/Users/rajeshpmu/Desktop/LegalMemoCMT/data/processed/phase2/clancy/turn_clips/audio/93sfJyLzhqM/93sfJyLzhqM_turn01609.wav | /Users/rajeshpmu/Desktop/LegalMemoCMT/data/processed/phase2/clancy/turn_clips/audio/93sfJyLzhqM/93sfJyLzhqM_turn01610.wav | /Users/rajeshpmu/Desktop/LegalMemoCMT/data/processed/phase2/clancy/turn_clips/audio/93sfJyLzhqM/93sfJyLzhqM_turn02519.wav,/Users/rajeshpmu/Desktop/LegalMemoCMT/data/processed/phase2/clancy/turn_clips/video/93sfJyLzhqM/93sfJyLzhqM_turn01609.mp4 | /Users/rajeshpmu/Desktop/LegalMemoCMT/data/processed/phase2/clancy/turn_clips/video/93sfJyLzhqM/93sfJyLzhqM_turn01610.mp4 | /Users/rajeshpmu/Desktop/LegalMemoCMT/data/processed/phase2/clancy/turn_clips/video/93sfJyLzhqM/93sfJyLzhqM_turn02519.mp4,"Nothing. || All right. Thank you, ma'am. You sit there. Thank you. || Yes.",,,,,,,
93sfJyLzhqM,SPEAKER_04,2,2,93sfJyLzhqM_turn02524 | 93sfJyLzhqM_turn02798,/Users/rajeshpmu/Desktop/LegalMemoCMT/data/processed/phase2/clancy/turn_clips/audio/93sfJyLzhqM/93sfJyLzhqM_turn02524.wav | /Users/rajeshpmu/Desktop/LegalMemoCMT/data/processed/phase2/clancy/turn_clips/audio/93sfJyLzhqM/93sfJyLzhqM_turn02798.wav,/Users/rajeshpmu/Desktop/LegalMemoCMT/data/processed/phase2/clancy/turn_clips/video/93sfJyLzhqM/93sfJyLzhqM_turn02524.mp4 | /Users/rajeshpmu/Desktop/LegalMemoCMT/data/processed/phase2/clancy/turn_clips/video/93sfJyLzhqM/93sfJyLzhqM_turn02798.mp4,"[clears throat] || All right. Thank you, sir. Let me sit down. Thank you. just come up. I see you over here just getting",,,,,,,
93sfJyLzhqM,SPEAKER_05,82,3,93sfJyLzhqM_turn01288 | 93sfJyLzhqM_turn01289 | 93sfJyLzhqM_turn01294,/Users/rajeshpmu/Desktop/LegalMemoCMT/data/processed/phase2/clancy/turn_clips/audio/93sfJyLzhqM/93sfJyLzhqM_turn01288.wav | /Users/rajeshpmu/Desktop/LegalMemoCMT/data/processed/phase2/clancy/turn_clips/audio/93sfJyLzhqM/93sfJyLzhqM_turn01289.wav | /Users/rajeshpmu/Desktop/LegalMemoCMT/data/processed/phase2/clancy/turn_clips/audio/93sfJyLzhqM/93sfJyLzhqM_turn01294.wav,/Users/rajeshpmu/Desktop/LegalMemoCMT/data/processed/phase2/clancy/turn_clips/video/93sfJyLzhqM/93sfJyLzhqM_turn01288.mp4 | /Users/rajeshpmu/Desktop/LegalMemoCMT/data/processed/phase2/clancy/turn_clips/video/93sfJyLzhqM/93sfJyLzhqM_turn01289.mp4 | /Users/rajeshpmu/Desktop/LegalMemoCMT/data/processed/phase2/clancy/turn_clips/video/93sfJyLzhqM/93sfJyLzhqM_turn01294.mp4,"Hi. Good morning, Miss Clancy. || All right. Um before we uh bring the jury in, uh let me talk to everybody just a little bit about uh this morning's proceedings. All right. Council I have it. || All right. Well, good morning everybody. Nice to see everybody again. Uh, thank you for being here. Uh, what I'm going to do is ask you those questions again. Uh, and then talk a little bit about today's schedule. Uh, and then we'll get right back into the Commonwealth's presentation of the evidence. Um, and so the first question, uh, as you probably know by now, is, is any member of the jury read, seen, heard, or overheard anything from any source about any aspect of this case that would affect your ability to be fair and impartial as a juror? Uh, last question is, is there any other serious matter or concern bearing on your service as a juror in this case that anybody needs to bring to my attention at this [clears throat] time? Again, thank you for following those instructions. Uh today's schedule uh is we have a number of witnesses. So we're going to start uh as soon as I'm done talking and then we'll uh get right back into the CML case. Uh we'll go we'll take a a break midm morning uh and then we'll continue uh till 1:00 and then we I anticipate we'll go somewhat into the afternoon. Um but we'll just kind of have to see what the evidence is if any other issues come up that I have to deal with that doesn't concern you. Uh, so with that, uh, I'm gonna turn this over at this point to the Commonwealth. You ready to call your next witness?",,,,,,,
93sfJyLzhqM,SPEAKER_06,24,3,93sfJyLzhqM_turn01298 | 93sfJyLzhqM_turn01396 | 93sfJyLzhqM_turn01397,/Users/rajeshpmu/Desktop/LegalMemoCMT/data/processed/phase2/clancy/turn_clips/audio/93sfJyLzhqM/93sfJyLzhqM_turn01298.wav | /Users/rajeshpmu/Desktop/LegalMemoCMT/data/processed/phase2/clancy/turn_clips/audio/93sfJyLzhqM/93sfJyLzhqM_turn01396.wav | /Users/rajeshpmu/Desktop/LegalMemoCMT/data/processed/phase2/clancy/turn_clips/audio/93sfJyLzhqM/93sfJyLzhqM_turn01397.wav,/Users/rajeshpmu/Desktop/LegalMemoCMT/data/processed/phase2/clancy/turn_clips/video/93sfJyLzhqM/93sfJyLzhqM_turn01298.mp4 | /Users/rajeshpmu/Desktop/LegalMemoCMT/data/processed/phase2/clancy/turn_clips/video/93sfJyLzhqM/93sfJyLzhqM_turn01396.mp4 | /Users/rajeshpmu/Desktop/LegalMemoCMT/data/processed/phase2/clancy/turn_clips/video/93sfJyLzhqM/93sfJyLzhqM_turn01397.mp4,"All right. Good morning, doctor. || Just watch [snorts] your stuff, please. || Good morning, doctor.",,,,,,,
93sfJyLzhqM,SPEAKER_07,6,3,93sfJyLzhqM_turn01608 | 93sfJyLzhqM_turn02061 | 93sfJyLzhqM_turn02062,/Users/rajeshpmu/Desktop/LegalMemoCMT/data/processed/phase2/clancy/turn_clips/audio/93sfJyLzhqM/93sfJyLzhqM_turn01608.wav | /Users/rajeshpmu/Desktop/LegalMemoCMT/data/processed/phase2/clancy/turn_clips/audio/93sfJyLzhqM/93sfJyLzhqM_turn02061.wav | /Users/rajeshpmu/Desktop/LegalMemoCMT/data/processed/phase2/clancy/turn_clips/audio/93sfJyLzhqM/93sfJyLzhqM_turn02062.wav,/Users/rajeshpmu/Desktop/LegalMemoCMT/data/processed/phase2/clancy/turn_clips/video/93sfJyLzhqM/93sfJyLzhqM_turn01608.mp4 | /Users/rajeshpmu/Desktop/LegalMemoCMT/data/processed/phase2/clancy/turn_clips/video/93sfJyLzhqM/93sfJyLzhqM_turn02061.mp4 | /Users/rajeshpmu/Desktop/LegalMemoCMT/data/processed/phase2/clancy/turn_clips/video/93sfJyLzhqM/93sfJyLzhqM_turn02062.mp4,"Thank you. || Sure. Yeah. || I have no other questions. Thank you,",,,,,,,
93sfJyLzhqM,SPEAKER_08,36,3,93sfJyLzhqM_turn01301 | 93sfJyLzhqM_turn01302 | 93sfJyLzhqM_turn01303,/Users/rajeshpmu/Desktop/LegalMemoCMT/data/processed/phase2/clancy/turn_clips/audio/93sfJyLzhqM/93sfJyLzhqM_turn01301.wav | /Users/rajeshpmu/Desktop/LegalMemoCMT/data/processed/phase2/clancy/turn_clips/audio/93sfJyLzhqM/93sfJyLzhqM_turn01302.wav | /Users/rajeshpmu/Desktop/LegalMemoCMT/data/processed/phase2/clancy/turn_clips/audio/93sfJyLzhqM/93sfJyLzhqM_turn01303.wav,/Users/rajeshpmu/Desktop/LegalMemoCMT/data/processed/phase2/clancy/turn_clips/video/93sfJyLzhqM/93sfJyLzhqM_turn01301.mp4 | /Users/rajeshpmu/Desktop/LegalMemoCMT/data/processed/phase2/clancy/turn_clips/video/93sfJyLzhqM/93sfJyLzhqM_turn01302.mp4 | /Users/rajeshpmu/Desktop/LegalMemoCMT/data/processed/phase2/clancy/turn_clips/video/93sfJyLzhqM/93sfJyLzhqM_turn01303.mp4,"Uh, yes. It's Kimberly Springer. K I M B E R L E Y S P R I N G E R. || Where do you work? || At the office of the chief medical examiner in Boston, Massachusetts.",,,,,,,
93sfJyLzhqM,SPEAKER_09,22,3,93sfJyLzhqM_turn01747 | 93sfJyLzhqM_turn01748 | 93sfJyLzhqM_turn01749,/Users/rajeshpmu/Desktop/LegalMemoCMT/data/processed/phase2/clancy/turn_clips/audio/93sfJyLzhqM/93sfJyLzhqM_turn01747.wav | /Users/rajeshpmu/Desktop/LegalMemoCMT/data/processed/phase2/clancy/turn_clips/audio/93sfJyLzhqM/93sfJyLzhqM_turn01748.wav | /Users/rajeshpmu/Desktop/LegalMemoCMT/data/processed/phase2/clancy/turn_clips/audio/93sfJyLzhqM/93sfJyLzhqM_turn01749.wav,/Users/rajeshpmu/Desktop/LegalMemoCMT/data/processed/phase2/clancy/turn_clips/video/93sfJyLzhqM/93sfJyLzhqM_turn01747.mp4 | /Users/rajeshpmu/Desktop/LegalMemoCMT/data/processed/phase2/clancy/turn_clips/video/93sfJyLzhqM/93sfJyLzhqM_turn01748.mp4 | /Users/rajeshpmu/Desktop/LegalMemoCMT/data/processed/phase2/clancy/turn_clips/video/93sfJyLzhqM/93sfJyLzhqM_turn01749.mp4,I live in Sagamore Beach. And what do you do for work? || I'm a prek teacher. || And where do you work?,,,,,,,
93sfJyLzhqM,SPEAKER_10,23,3,93sfJyLzhqM_turn01400 | 93sfJyLzhqM_turn01401 | 93sfJyLzhqM_turn01402,/Users/rajeshpmu/Desktop/LegalMemoCMT/data/processed/phase2/clancy/turn_clips/audio/93sfJyLzhqM/93sfJyLzhqM_turn01400.wav | /Users/rajeshpmu/Desktop/LegalMemoCMT/data/processed/phase2/clancy/turn_clips/audio/93sfJyLzhqM/93sfJyLzhqM_turn01401.wav | /Users/rajeshpmu/Desktop/LegalMemoCMT/data/processed/phase2/clancy/turn_clips/audio/93sfJyLzhqM/93sfJyLzhqM_turn01402.wav,/Users/rajeshpmu/Desktop/LegalMemoCMT/data/processed/phase2/clancy/turn_clips/video/93sfJyLzhqM/93sfJyLzhqM_turn01400.mp4 | /Users/rajeshpmu/Desktop/LegalMemoCMT/data/processed/phase2/clancy/turn_clips/video/93sfJyLzhqM/93sfJyLzhqM_turn01401.mp4 | /Users/rajeshpmu/Desktop/LegalMemoCMT/data/processed/phase2/clancy/turn_clips/video/93sfJyLzhqM/93sfJyLzhqM_turn01402.mp4,Lindsay Rashard. L I N D S A Y R O S H I R T. || And what do you do for a living? || I'm a pediatrician.,,,,,,,
93sfJyLzhqM,SPEAKER_11,5,3,93sfJyLzhqM_turn02824 | 93sfJyLzhqM_turn02826 | 93sfJyLzhqM_turn02828,/Users/rajeshpmu/Desktop/LegalMemoCMT/data/processed/phase2/clancy/turn_clips/audio/93sfJyLzhqM/93sfJyLzhqM_turn02824.wav | /Users/rajeshpmu/Desktop/LegalMemoCMT/data/processed/phase2/clancy/turn_clips/audio/93sfJyLzhqM/93sfJyLzhqM_turn02826.wav | /Users/rajeshpmu/Desktop/LegalMemoCMT/data/processed/phase2/clancy/turn_clips/audio/93sfJyLzhqM/93sfJyLzhqM_turn02828.wav,/Users/rajeshpmu/Desktop/LegalMemoCMT/data/processed/phase2/clancy/turn_clips/video/93sfJyLzhqM/93sfJyLzhqM_turn02824.mp4 | /Users/rajeshpmu/Desktop/LegalMemoCMT/data/processed/phase2/clancy/turn_clips/video/93sfJyLzhqM/93sfJyLzhqM_turn02826.mp4 | /Users/rajeshpmu/Desktop/LegalMemoCMT/data/processed/phase2/clancy/turn_clips/video/93sfJyLzhqM/93sfJyLzhqM_turn02828.mp4,"And that's really the kernel of it right there that no one is denying. I don't even think the prosecution is denying that she was struggling. But these jurors really have to get to that basic fact. And I wonder if some of these facts that we have that she sent Patrick away from the home, that she answered the call in the middle of the strangulation of her children and didn't say anything. Do you think that's going to be enough for a jury to say she was trying to cover it up and act like things were okay? I think that that's going to be the really challenging part for the jurors in terms of what is ahead of them because first of all, a case like this with such vivid details, understanding that children suffered prior to the death. That's going to be an emotional part of this that jurors being humans, even if they're told jury instructions and to try to keep emotionality out of it, we're all going to respond in some shape or form to these images and to these ideas and to these recollections. And you can't fully separate emotional decision-m from quote unquote logical decision-m because as humans, we occupy both in our brains. But secondly, I think that it's really going to be dependent on how they put these pieces of facts or at least alleged ideas together for the jury to contemplate. Is this somebody who was deliberately covering something up? Or did they truly not know right from wrong? Or perhaps their hallucinations were actually telling them the right thing to do is to send people away, cover your tracks, because what you were doing to your children was actually somehow right in that state of mind. And that's so hard to establish, Julia, because we can't really rewind to that point and really truly understand what's going on inside our mind. || Well, I think it really depends when we're thinking about parenting. Obviously, it's everybody who is a parent probably identifies with the fact that there are really difficult times during that parenting journey. And sometimes even when the people around you are offering support, you may say no for a variety of reasons. not wanting to burden other people, thinking that you can handle it, maybe not fully trusting um your children in someone else's care because there's a part of you that's perhaps over parenting even if the intentions are in the right place. And so I don't think that that alone is going to establish whether or not this was concerted in any way or tell us more about her state of mind. Although it is interesting that he did observe her having struggles and difficulties. But I also want to say that that probably happens in many families where you see someone struggling, but you don't necessarily think that it would end in something as horrific as this. || Well, as a clinician, sometimes when we see people staring off, there could be different reasons. One of which being that they are responding to some kind of internal stimulation. That means that maybe they're seeing something in the room that's not they're hearing a noise or a voice talking to them. Uh that is not attributable to anybody that's actually in the room. But that's from a clinician's perspective. somebody like me or other psychologists, we know that that's one of the potential reasons somebody might be staring off. When you're a family member, you might just think that they're lost in their thoughts. You may not know that that's anything, but of course, retrospect is always more insightful, right? So now he's thinking, ""Oh my gosh, should I have said something then?"" And I would say that in general, most people without clinical training would not necessarily think of that as anything major. Yeah, I think that's important to hear as so many people watching this are probably looking for what are the signs here. There was a friend who's actually a therapist. So, we have this defendant who had medical training herself. So, many of the friends around her also had medical training. This was an actual therapist, someone who went on to be a therapist who is testifying and this is what the prosecution wanted to bring out on direct.",,,,,,,
93sfJyLzhqM,SPEAKER_12,18,3,93sfJyLzhqM_turn02535 | 93sfJyLzhqM_turn02536 | 93sfJyLzhqM_turn02585,/Users/rajeshpmu/Desktop/LegalMemoCMT/data/processed/phase2/clancy/turn_clips/audio/93sfJyLzhqM/93sfJyLzhqM_turn02535.wav | /Users/rajeshpmu/Desktop/LegalMemoCMT/data/processed/phase2/clancy/turn_clips/audio/93sfJyLzhqM/93sfJyLzhqM_turn02536.wav | /Users/rajeshpmu/Desktop/LegalMemoCMT/data/processed/phase2/clancy/turn_clips/audio/93sfJyLzhqM/93sfJyLzhqM_turn02585.wav,/Users/rajeshpmu/Desktop/LegalMemoCMT/data/processed/phase2/clancy/turn_clips/video/93sfJyLzhqM/93sfJyLzhqM_turn02535.mp4 | /Users/rajeshpmu/Desktop/LegalMemoCMT/data/processed/phase2/clancy/turn_clips/video/93sfJyLzhqM/93sfJyLzhqM_turn02536.mp4 | /Users/rajeshpmu/Desktop/LegalMemoCMT/data/processed/phase2/clancy/turn_clips/video/93sfJyLzhqM/93sfJyLzhqM_turn02585.mp4,"She was in a wheelchair. She was We have to hit a break. We're hitting the pause button, but when we get done with this witness when we come back, the next witness for the prosecution is the father of Patrick Clancy. Where does he stand in all of this? We're going to find out together on the other side. Don't go anywhere. You're watching Court TV. She had no and um [sighs] she just liked taking care people. || Patrick Clancy was the first witness for the prosecution in the case against his now ex-wife and we are just minutes away from hearing his father. Welcome back to Court TV Live. I'm Julia Jana. Did anyone see who was close to Lindseay Clancy see her having a psychotic breakdown or witness her hearing voices? That's where the focus of testimony has been today inside of that courtroom that we have been watching together. The prosecution's case is continuing in this triple murder trial for a Massachusetts mother who was also a nurse. We're seeing that play out in the friends that she had. Most of her friends were either from nursing school or someone that she worked with in the hospital or had gone on to be a therapist. So, a lot of knowledge on the stand, but they are there talking about what she was like in the days leading up to this tragedy. And we've been hearing from again friends, medical professionals and their own rights and former caretakers for the Clancy children. So, let's go back in. The friend on the stand is a nurse and now she's under cross-examination. || All right. That wraps up the testimony of the friend on the stand. Just one of several friends that the jury has heard from today. people who have come in to talk about Lindsay Clancy's demeanor during this time. The prosecution no doubt wants to bring out that she appeared normal overall. And through this witness, they were able to bring out that during the time after the killing of the three children that she wasn't showing remorse. She wasn't talking about them. But here's someone that is going to change everything inside of this courtroom, no doubt, for these jurors. This is the father of Patrick Clancy, the father-in-law of the defendant. What is he going to say? What is he going to recall? Christopher Clancy's testimony happens next. Let's go write it.",,,,,,,
93sfJyLzhqM,SPEAKER_13,11,3,93sfJyLzhqM_turn01544 | 93sfJyLzhqM_turn01547 | 93sfJyLzhqM_turn01554,/Users/rajeshpmu/Desktop/LegalMemoCMT/data/processed/phase2/clancy/turn_clips/audio/93sfJyLzhqM/93sfJyLzhqM_turn01544.wav | /Users/rajeshpmu/Desktop/LegalMemoCMT/data/processed/phase2/clancy/turn_clips/audio/93sfJyLzhqM/93sfJyLzhqM_turn01547.wav | /Users/rajeshpmu/Desktop/LegalMemoCMT/data/processed/phase2/clancy/turn_clips/audio/93sfJyLzhqM/93sfJyLzhqM_turn01554.wav,/Users/rajeshpmu/Desktop/LegalMemoCMT/data/processed/phase2/clancy/turn_clips/video/93sfJyLzhqM/93sfJyLzhqM_turn01544.mp4 | /Users/rajeshpmu/Desktop/LegalMemoCMT/data/processed/phase2/clancy/turn_clips/video/93sfJyLzhqM/93sfJyLzhqM_turn01547.mp4 | /Users/rajeshpmu/Desktop/LegalMemoCMT/data/processed/phase2/clancy/turn_clips/video/93sfJyLzhqM/93sfJyLzhqM_turn01554.mp4,"Thank you. Can you please state and spell your name for the record? Uh, Susan Freyone. S U S A N F R A O N E. And your date of birth? 112682. || Uh, the about three year olds to four year olds. || Yes.",,,,,,,
93sfJyLzhqM,SPEAKER_17,49,3,93sfJyLzhqM_turn02143 | 93sfJyLzhqM_turn02144 | 93sfJyLzhqM_turn02145,/Users/rajeshpmu/Desktop/LegalMemoCMT/data/processed/phase2/clancy/turn_clips/audio/93sfJyLzhqM/93sfJyLzhqM_turn02143.wav | /Users/rajeshpmu/Desktop/LegalMemoCMT/data/processed/phase2/clancy/turn_clips/audio/93sfJyLzhqM/93sfJyLzhqM_turn02144.wav | /Users/rajeshpmu/Desktop/LegalMemoCMT/data/processed/phase2/clancy/turn_clips/audio/93sfJyLzhqM/93sfJyLzhqM_turn02145.wav,/Users/rajeshpmu/Desktop/LegalMemoCMT/data/processed/phase2/clancy/turn_clips/video/93sfJyLzhqM/93sfJyLzhqM_turn02143.mp4 | /Users/rajeshpmu/Desktop/LegalMemoCMT/data/processed/phase2/clancy/turn_clips/video/93sfJyLzhqM/93sfJyLzhqM_turn02144.mp4 | /Users/rajeshpmu/Desktop/LegalMemoCMT/data/processed/phase2/clancy/turn_clips/video/93sfJyLzhqM/93sfJyLzhqM_turn02145.mp4,"Good afternoon. Good afternoon. Can you please state and spell your name for the record? Amy Beavens. A m V I N S. And your date of birth? 82290. Do you live in Connecticut? Yes. Uh, what do you do for work? I'm a licensed behavior analyst, but I specialize primarily in early intervention for young children with autism. If you could just keep your voice up a little bit, maybe come a [clears throat] little forward to the mic. Um, how long have you been doing that? || Um, 6 years. I was a special education teacher before that for a long time as well. || U, do you know Lindsay Clancy?",,,,,,,
93sfJyLzhqM,SPEAKER_19,1,1,93sfJyLzhqM_turn01380,/Users/rajeshpmu/Desktop/LegalMemoCMT/data/processed/phase2/clancy/turn_clips/audio/93sfJyLzhqM/93sfJyLzhqM_turn01380.wav,/Users/rajeshpmu/Desktop/LegalMemoCMT/data/processed/phase2/clancy/turn_clips/video/93sfJyLzhqM/93sfJyLzhqM_turn01380.mp4,Same objection. They may be admitted. move to submit the death certificate of Ken Patrick Clancy as the next exhibit.,,,,,,,
93sfJyLzhqM,SPEAKER_20,3,3,93sfJyLzhqM_turn02410 | 93sfJyLzhqM_turn02411 | 93sfJyLzhqM_turn02688,/Users/rajeshpmu/Desktop/LegalMemoCMT/data/processed/phase2/clancy/turn_clips/audio/93sfJyLzhqM/93sfJyLzhqM_turn02410.wav | /Users/rajeshpmu/Desktop/LegalMemoCMT/data/processed/phase2/clancy/turn_clips/audio/93sfJyLzhqM/93sfJyLzhqM_turn02411.wav | /Users/rajeshpmu/Desktop/LegalMemoCMT/data/processed/phase2/clancy/turn_clips/audio/93sfJyLzhqM/93sfJyLzhqM_turn02688.wav,/Users/rajeshpmu/Desktop/LegalMemoCMT/data/processed/phase2/clancy/turn_clips/video/93sfJyLzhqM/93sfJyLzhqM_turn02410.mp4 | /Users/rajeshpmu/Desktop/LegalMemoCMT/data/processed/phase2/clancy/turn_clips/video/93sfJyLzhqM/93sfJyLzhqM_turn02411.mp4 | /Users/rajeshpmu/Desktop/LegalMemoCMT/data/processed/phase2/clancy/turn_clips/video/93sfJyLzhqM/93sfJyLzhqM_turn02688.mp4,Yes. || Would that be accurate? || Would that be accurate?,,,,,,,
93sfJyLzhqM,SPEAKER_21,667,3,93sfJyLzhqM_turn01295 | 93sfJyLzhqM_turn01300 | 93sfJyLzhqM_turn01304,/Users/rajeshpmu/Desktop/LegalMemoCMT/data/processed/phase2/clancy/turn_clips/audio/93sfJyLzhqM/93sfJyLzhqM_turn01295.wav | /Users/rajeshpmu/Desktop/LegalMemoCMT/data/processed/phase2/clancy/turn_clips/audio/93sfJyLzhqM/93sfJyLzhqM_turn01300.wav | /Users/rajeshpmu/Desktop/LegalMemoCMT/data/processed/phase2/clancy/turn_clips/audio/93sfJyLzhqM/93sfJyLzhqM_turn01304.wav,/Users/rajeshpmu/Desktop/LegalMemoCMT/data/processed/phase2/clancy/turn_clips/video/93sfJyLzhqM/93sfJyLzhqM_turn01295.mp4 | /Users/rajeshpmu/Desktop/LegalMemoCMT/data/processed/phase2/clancy/turn_clips/video/93sfJyLzhqM/93sfJyLzhqM_turn01300.mp4 | /Users/rajeshpmu/Desktop/LegalMemoCMT/data/processed/phase2/clancy/turn_clips/video/93sfJyLzhqM/93sfJyLzhqM_turn01304.mp4,"Yes, your honor. The Commonwealth calls Dr. Kimberly Springer. || Thank you, your honor. Good morning. Can you please state and spell your name for the record? || And are you a medical medical examiner?",,,,,,,
93sfJyLzhqM,SPEAKER_22,4,3,93sfJyLzhqM_turn02421 | 93sfJyLzhqM_turn02422 | 93sfJyLzhqM_turn02698,/Users/rajeshpmu/Desktop/LegalMemoCMT/data/processed/phase2/clancy/turn_clips/audio/93sfJyLzhqM/93sfJyLzhqM_turn02421.wav | /Users/rajeshpmu/Desktop/LegalMemoCMT/data/processed/phase2/clancy/turn_clips/audio/93sfJyLzhqM/93sfJyLzhqM_turn02422.wav | /Users/rajeshpmu/Desktop/LegalMemoCMT/data/processed/phase2/clancy/turn_clips/audio/93sfJyLzhqM/93sfJyLzhqM_turn02698.wav,/Users/rajeshpmu/Desktop/LegalMemoCMT/data/processed/phase2/clancy/turn_clips/video/93sfJyLzhqM/93sfJyLzhqM_turn02421.mp4 | /Users/rajeshpmu/Desktop/LegalMemoCMT/data/processed/phase2/clancy/turn_clips/video/93sfJyLzhqM/93sfJyLzhqM_turn02422.mp4 | /Users/rajeshpmu/Desktop/LegalMemoCMT/data/processed/phase2/clancy/turn_clips/video/93sfJyLzhqM/93sfJyLzhqM_turn02698.mp4,"Okay, || take your time. || Okay,",,,,,,,
93sfJyLzhqM,SPEAKER_23,5,3,93sfJyLzhqM_turn01737 | 93sfJyLzhqM_turn02314 | 93sfJyLzhqM_turn02315,/Users/rajeshpmu/Desktop/LegalMemoCMT/data/processed/phase2/clancy/turn_clips/audio/93sfJyLzhqM/93sfJyLzhqM_turn01737.wav | /Users/rajeshpmu/Desktop/LegalMemoCMT/data/processed/phase2/clancy/turn_clips/audio/93sfJyLzhqM/93sfJyLzhqM_turn02314.wav | /Users/rajeshpmu/Desktop/LegalMemoCMT/data/processed/phase2/clancy/turn_clips/audio/93sfJyLzhqM/93sfJyLzhqM_turn02315.wav,/Users/rajeshpmu/Desktop/LegalMemoCMT/data/processed/phase2/clancy/turn_clips/video/93sfJyLzhqM/93sfJyLzhqM_turn01737.mp4 | /Users/rajeshpmu/Desktop/LegalMemoCMT/data/processed/phase2/clancy/turn_clips/video/93sfJyLzhqM/93sfJyLzhqM_turn02314.mp4 | /Users/rajeshpmu/Desktop/LegalMemoCMT/data/processed/phase2/clancy/turn_clips/video/93sfJyLzhqM/93sfJyLzhqM_turn02315.mp4,"Hey, good morning. || I do. || Thank you, sir. You may have se [clears throat]",,,,,,,
93sfJyLzhqM,SPEAKER_24,26,3,93sfJyLzhqM_turn01625 | 93sfJyLzhqM_turn01628 | 93sfJyLzhqM_turn01629,/Users/rajeshpmu/Desktop/LegalMemoCMT/data/processed/phase2/clancy/turn_clips/audio/93sfJyLzhqM/93sfJyLzhqM_turn01625.wav | /Users/rajeshpmu/Desktop/LegalMemoCMT/data/processed/phase2/clancy/turn_clips/audio/93sfJyLzhqM/93sfJyLzhqM_turn01628.wav | /Users/rajeshpmu/Desktop/LegalMemoCMT/data/processed/phase2/clancy/turn_clips/audio/93sfJyLzhqM/93sfJyLzhqM_turn01629.wav,/Users/rajeshpmu/Desktop/LegalMemoCMT/data/processed/phase2/clancy/turn_clips/video/93sfJyLzhqM/93sfJyLzhqM_turn01625.mp4 | /Users/rajeshpmu/Desktop/LegalMemoCMT/data/processed/phase2/clancy/turn_clips/video/93sfJyLzhqM/93sfJyLzhqM_turn01628.mp4 | /Users/rajeshpmu/Desktop/LegalMemoCMT/data/processed/phase2/clancy/turn_clips/video/93sfJyLzhqM/93sfJyLzhqM_turn01629.mp4,"And where do you work? Uh, Leaping Frogs Preschool. || Where was that? || Learning Sprouts and Ducks.",,,,,,,
93sfJyLzhqM,SPEAKER_25,45,3,93sfJyLzhqM_turn01822 | 93sfJyLzhqM_turn01827 | 93sfJyLzhqM_turn01828,/Users/rajeshpmu/Desktop/LegalMemoCMT/data/processed/phase2/clancy/turn_clips/audio/93sfJyLzhqM/93sfJyLzhqM_turn01822.wav | /Users/rajeshpmu/Desktop/LegalMemoCMT/data/processed/phase2/clancy/turn_clips/audio/93sfJyLzhqM/93sfJyLzhqM_turn01827.wav | /Users/rajeshpmu/Desktop/LegalMemoCMT/data/processed/phase2/clancy/turn_clips/audio/93sfJyLzhqM/93sfJyLzhqM_turn01828.wav,/Users/rajeshpmu/Desktop/LegalMemoCMT/data/processed/phase2/clancy/turn_clips/video/93sfJyLzhqM/93sfJyLzhqM_turn01822.mp4 | /Users/rajeshpmu/Desktop/LegalMemoCMT/data/processed/phase2/clancy/turn_clips/video/93sfJyLzhqM/93sfJyLzhqM_turn01827.mp4 | /Users/rajeshpmu/Desktop/LegalMemoCMT/data/processed/phase2/clancy/turn_clips/video/93sfJyLzhqM/93sfJyLzhqM_turn01828.mp4,Good morning. || Andrea Henan. A N D R E A H E N I G A N. || And your date of birth?,,,,,,,
93sfJyLzhqM,SPEAKER_26,39,3,93sfJyLzhqM_turn01947 | 93sfJyLzhqM_turn01948 | 93sfJyLzhqM_turn01949,/Users/rajeshpmu/Desktop/LegalMemoCMT/data/processed/phase2/clancy/turn_clips/audio/93sfJyLzhqM/93sfJyLzhqM_turn01947.wav | /Users/rajeshpmu/Desktop/LegalMemoCMT/data/processed/phase2/clancy/turn_clips/audio/93sfJyLzhqM/93sfJyLzhqM_turn01948.wav | /Users/rajeshpmu/Desktop/LegalMemoCMT/data/processed/phase2/clancy/turn_clips/audio/93sfJyLzhqM/93sfJyLzhqM_turn01949.wav,/Users/rajeshpmu/Desktop/LegalMemoCMT/data/processed/phase2/clancy/turn_clips/video/93sfJyLzhqM/93sfJyLzhqM_turn01947.mp4 | /Users/rajeshpmu/Desktop/LegalMemoCMT/data/processed/phase2/clancy/turn_clips/video/93sfJyLzhqM/93sfJyLzhqM_turn01948.mp4 | /Users/rajeshpmu/Desktop/LegalMemoCMT/data/processed/phase2/clancy/turn_clips/video/93sfJyLzhqM/93sfJyLzhqM_turn01949.mp4,All right. Good morning. || council. || Thank you. Can you please state and spell your name for the record?,,,,,,,
93sfJyLzhqM,SPEAKER_27,25,3,93sfJyLzhqM_turn01285 | 93sfJyLzhqM_turn01286 | 93sfJyLzhqM_turn01287,/Users/rajeshpmu/Desktop/LegalMemoCMT/data/processed/phase2/clancy/turn_clips/audio/93sfJyLzhqM/93sfJyLzhqM_turn01285.wav | /Users/rajeshpmu/Desktop/LegalMemoCMT/data/processed/phase2/clancy/turn_clips/audio/93sfJyLzhqM/93sfJyLzhqM_turn01286.wav | /Users/rajeshpmu/Desktop/LegalMemoCMT/data/processed/phase2/clancy/turn_clips/audio/93sfJyLzhqM/93sfJyLzhqM_turn01287.wav,/Users/rajeshpmu/Desktop/LegalMemoCMT/data/processed/phase2/clancy/turn_clips/video/93sfJyLzhqM/93sfJyLzhqM_turn01285.mp4 | /Users/rajeshpmu/Desktop/LegalMemoCMT/data/processed/phase2/clancy/turn_clips/video/93sfJyLzhqM/93sfJyLzhqM_turn01286.mp4 | /Users/rajeshpmu/Desktop/LegalMemoCMT/data/processed/phase2/clancy/turn_clips/video/93sfJyLzhqM/93sfJyLzhqM_turn01287.mp4,"Good morning, your honor. May I proceed? || Yes, please. || Honorable Mad. The court. Today we have Commonwealth versus Lindseay Clansancy. Miss Clansancy is present. She is represented by attorney Kevin Readington. And the Commonwealth is represented by Assistant District Attorney Jennifer Sprag and Assistant District Attorney Shannon Buckingham. All right. Good morning, council. Morning.",,,,,,,
93sfJyLzhqM,SPEAKER_28,4,3,93sfJyLzhqM_turn02853 | 93sfJyLzhqM_turn02855 | 93sfJyLzhqM_turn02857,/Users/rajeshpmu/Desktop/LegalMemoCMT/data/processed/phase2/clancy/turn_clips/audio/93sfJyLzhqM/93sfJyLzhqM_turn02853.wav | /Users/rajeshpmu/Desktop/LegalMemoCMT/data/processed/phase2/clancy/turn_clips/audio/93sfJyLzhqM/93sfJyLzhqM_turn02855.wav | /Users/rajeshpmu/Desktop/LegalMemoCMT/data/processed/phase2/clancy/turn_clips/audio/93sfJyLzhqM/93sfJyLzhqM_turn02857.wav,/Users/rajeshpmu/Desktop/LegalMemoCMT/data/processed/phase2/clancy/turn_clips/video/93sfJyLzhqM/93sfJyLzhqM_turn02853.mp4 | /Users/rajeshpmu/Desktop/LegalMemoCMT/data/processed/phase2/clancy/turn_clips/video/93sfJyLzhqM/93sfJyLzhqM_turn02855.mp4 | /Users/rajeshpmu/Desktop/LegalMemoCMT/data/processed/phase2/clancy/turn_clips/video/93sfJyLzhqM/93sfJyLzhqM_turn02857.mp4,"Um, Corin Dawson played well. I uh there was one occasion in the kitchen where they were playing and I think Cora took one of his uh Play-Doh something. He was playing with Play-Doh and his reaction he was frustrated and he reached out and slapped Ken. || Uh Lindsay was I think in the kitchen at the same time? || She did. And what what was the reaction? What did she do?",,,,,,,
93sfJyLzhqM,SPEAKER_29,1,1,93sfJyLzhqM_turn02673,/Users/rajeshpmu/Desktop/LegalMemoCMT/data/processed/phase2/clancy/turn_clips/audio/93sfJyLzhqM/93sfJyLzhqM_turn02673.wav,/Users/rajeshpmu/Desktop/LegalMemoCMT/data/processed/phase2/clancy/turn_clips/video/93sfJyLzhqM/93sfJyLzhqM_turn02673.mp4,Guilty of firstdegree murder.,,,,,,,
93sfJyLzhqM,SPEAKER_30,1,1,93sfJyLzhqM_turn03139,/Users/rajeshpmu/Desktop/LegalMemoCMT/data/processed/phase2/clancy/turn_clips/audio/93sfJyLzhqM/93sfJyLzhqM_turn03139.wav,/Users/rajeshpmu/Desktop/LegalMemoCMT/data/processed/phase2/clancy/turn_clips/video/93sfJyLzhqM/93sfJyLzhqM_turn03139.mp4,Anything on that?,,,,,,,
93sfJyLzhqM,SPEAKER_31,2,2,93sfJyLzhqM_turn01290 | 93sfJyLzhqM_turn03143,/Users/rajeshpmu/Desktop/LegalMemoCMT/data/processed/phase2/clancy/turn_clips/audio/93sfJyLzhqM/93sfJyLzhqM_turn01290.wav | /Users/rajeshpmu/Desktop/LegalMemoCMT/data/processed/phase2/clancy/turn_clips/audio/93sfJyLzhqM/93sfJyLzhqM_turn03143.wav,/Users/rajeshpmu/Desktop/LegalMemoCMT/data/processed/phase2/clancy/turn_clips/video/93sfJyLzhqM/93sfJyLzhqM_turn01290.mp4 | /Users/rajeshpmu/Desktop/LegalMemoCMT/data/processed/phase2/clancy/turn_clips/video/93sfJyLzhqM/93sfJyLzhqM_turn03143.mp4,"Okay. All persons having anything to do before the honorable William Sullivan, Justice of the Superior Court now sitting in Plymouth for the draw near give your attendance and you shall be heard. state of the Commonwealth of Massachusetts. The support is now in session. Please be seated. || All right. Good. Jazz. Yes. jured the court with this session. Please be seated.",,,,,,,
93sfJyLzhqM,SPEAKER_37,2,2,93sfJyLzhqM_turn02357 | 93sfJyLzhqM_turn02630,/Users/rajeshpmu/Desktop/LegalMemoCMT/data/processed/phase2/clancy/turn_clips/audio/93sfJyLzhqM/93sfJyLzhqM_turn02357.wav | /Users/rajeshpmu/Desktop/LegalMemoCMT/data/processed/phase2/clancy/turn_clips/audio/93sfJyLzhqM/93sfJyLzhqM_turn02630.wav,/Users/rajeshpmu/Desktop/LegalMemoCMT/data/processed/phase2/clancy/turn_clips/video/93sfJyLzhqM/93sfJyLzhqM_turn02357.mp4 | /Users/rajeshpmu/Desktop/LegalMemoCMT/data/processed/phase2/clancy/turn_clips/video/93sfJyLzhqM/93sfJyLzhqM_turn02630.mp4,And how was that visit? || And how was that visit?,,,,,,,
93sfJyLzhqM,SPEAKER_39,2,2,93sfJyLzhqM_turn02454 | 93sfJyLzhqM_turn02731,/Users/rajeshpmu/Desktop/LegalMemoCMT/data/processed/phase2/clancy/turn_clips/audio/93sfJyLzhqM/93sfJyLzhqM_turn02454.wav | /Users/rajeshpmu/Desktop/LegalMemoCMT/data/processed/phase2/clancy/turn_clips/audio/93sfJyLzhqM/93sfJyLzhqM_turn02731.wav,/Users/rajeshpmu/Desktop/LegalMemoCMT/data/processed/phase2/clancy/turn_clips/video/93sfJyLzhqM/93sfJyLzhqM_turn02454.mp4 | /Users/rajeshpmu/Desktop/LegalMemoCMT/data/processed/phase2/clancy/turn_clips/video/93sfJyLzhqM/93sfJyLzhqM_turn02731.mp4,right? We were going to make it for Friday. || right? We were going to make it for Friday.,,,,,,,
93sfJyLzhqM,SPEAKER_41,1,1,93sfJyLzhqM_turn02441,/Users/rajeshpmu/Desktop/LegalMemoCMT/data/processed/phase2/clancy/turn_clips/audio/93sfJyLzhqM/93sfJyLzhqM_turn02441.wav,/Users/rajeshpmu/Desktop/LegalMemoCMT/data/processed/phase2/clancy/turn_clips/video/93sfJyLzhqM/93sfJyLzhqM_turn02441.mp4,"Um, I'm not sure. I'm not sure.",,,,,,,
93sfJyLzhqM,SPEAKER_43,109,3,93sfJyLzhqM_turn02319 | 93sfJyLzhqM_turn02320 | 93sfJyLzhqM_turn02321,/Users/rajeshpmu/Desktop/LegalMemoCMT/data/processed/phase2/clancy/turn_clips/audio/93sfJyLzhqM/93sfJyLzhqM_turn02319.wav | /Users/rajeshpmu/Desktop/LegalMemoCMT/data/processed/phase2/clancy/turn_clips/audio/93sfJyLzhqM/93sfJyLzhqM_turn02320.wav | /Users/rajeshpmu/Desktop/LegalMemoCMT/data/processed/phase2/clancy/turn_clips/audio/93sfJyLzhqM/93sfJyLzhqM_turn02321.wav,/Users/rajeshpmu/Desktop/LegalMemoCMT/data/processed/phase2/clancy/turn_clips/video/93sfJyLzhqM/93sfJyLzhqM_turn02319.mp4 | /Users/rajeshpmu/Desktop/LegalMemoCMT/data/processed/phase2/clancy/turn_clips/video/93sfJyLzhqM/93sfJyLzhqM_turn02320.mp4 | /Users/rajeshpmu/Desktop/LegalMemoCMT/data/processed/phase2/clancy/turn_clips/video/93sfJyLzhqM/93sfJyLzhqM_turn02321.mp4,Could you please state and spell your name for the record? || Yes. Christopher William Clancy. C H R I S T O P H E R W C L A N C Y. || And what's your date of birth?,,,,,,,
93sfJyLzhqM,SPEAKER_46,1,1,93sfJyLzhqM_turn03041,/Users/rajeshpmu/Desktop/LegalMemoCMT/data/processed/phase2/clancy/turn_clips/audio/93sfJyLzhqM/93sfJyLzhqM_turn03041.wav,/Users/rajeshpmu/Desktop/LegalMemoCMT/data/processed/phase2/clancy/turn_clips/video/93sfJyLzhqM/93sfJyLzhqM_turn03041.mp4,Yes. To the video office. Yes.,,,,,,,
93sfJyLzhqM,SPEAKER_47,18,3,93sfJyLzhqM_turn02969 | 93sfJyLzhqM_turn02971 | 93sfJyLzhqM_turn02972,/Users/rajeshpmu/Desktop/LegalMemoCMT/data/processed/phase2/clancy/turn_clips/audio/93sfJyLzhqM/93sfJyLzhqM_turn02969.wav | /Users/rajeshpmu/Desktop/LegalMemoCMT/data/processed/phase2/clancy/turn_clips/audio/93sfJyLzhqM/93sfJyLzhqM_turn02971.wav | /Users/rajeshpmu/Desktop/LegalMemoCMT/data/processed/phase2/clancy/turn_clips/audio/93sfJyLzhqM/93sfJyLzhqM_turn02972.wav,/Users/rajeshpmu/Desktop/LegalMemoCMT/data/processed/phase2/clancy/turn_clips/video/93sfJyLzhqM/93sfJyLzhqM_turn02969.mp4 | /Users/rajeshpmu/Desktop/LegalMemoCMT/data/processed/phase2/clancy/turn_clips/video/93sfJyLzhqM/93sfJyLzhqM_turn02971.mp4 | /Users/rajeshpmu/Desktop/LegalMemoCMT/data/processed/phase2/clancy/turn_clips/video/93sfJyLzhqM/93sfJyLzhqM_turn02972.mp4,Andrew Kakio. || C H I A C H I O. || And what do you do for work?,,,,,,,
93sfJyLzhqM,SPEAKER_49,21,3,93sfJyLzhqM_turn02884 | 93sfJyLzhqM_turn02887 | 93sfJyLzhqM_turn02888,/Users/rajeshpmu/Desktop/LegalMemoCMT/data/processed/phase2/clancy/turn_clips/audio/93sfJyLzhqM/93sfJyLzhqM_turn02884.wav | /Users/rajeshpmu/Desktop/LegalMemoCMT/data/processed/phase2/clancy/turn_clips/audio/93sfJyLzhqM/93sfJyLzhqM_turn02887.wav | /Users/rajeshpmu/Desktop/LegalMemoCMT/data/processed/phase2/clancy/turn_clips/audio/93sfJyLzhqM/93sfJyLzhqM_turn02888.wav,/Users/rajeshpmu/Desktop/LegalMemoCMT/data/processed/phase2/clancy/turn_clips/video/93sfJyLzhqM/93sfJyLzhqM_turn02884.mp4 | /Users/rajeshpmu/Desktop/LegalMemoCMT/data/processed/phase2/clancy/turn_clips/video/93sfJyLzhqM/93sfJyLzhqM_turn02887.mp4 | /Users/rajeshpmu/Desktop/LegalMemoCMT/data/processed/phase2/clancy/turn_clips/video/93sfJyLzhqM/93sfJyLzhqM_turn02888.mp4,"Hi. Good afternoon, sir. If I may. || Yeah. Kyle Carney. K Y L E C A R N E Y. || And your date of birth, please?",,,,,,,
93sfJyLzhqM,SPEAKER_50,6,3,93sfJyLzhqM_turn01390 | 93sfJyLzhqM_turn01424 | 93sfJyLzhqM_turn01612,/Users/rajeshpmu/Desktop/LegalMemoCMT/data/processed/phase2/clancy/turn_clips/audio/93sfJyLzhqM/93sfJyLzhqM_turn01390.wav | /Users/rajeshpmu/Desktop/LegalMemoCMT/data/processed/phase2/clancy/turn_clips/audio/93sfJyLzhqM/93sfJyLzhqM_turn01424.wav | /Users/rajeshpmu/Desktop/LegalMemoCMT/data/processed/phase2/clancy/turn_clips/audio/93sfJyLzhqM/93sfJyLzhqM_turn01612.wav,/Users/rajeshpmu/Desktop/LegalMemoCMT/data/processed/phase2/clancy/turn_clips/video/93sfJyLzhqM/93sfJyLzhqM_turn01390.mp4 | /Users/rajeshpmu/Desktop/LegalMemoCMT/data/processed/phase2/clancy/turn_clips/video/93sfJyLzhqM/93sfJyLzhqM_turn01424.mp4 | /Users/rajeshpmu/Desktop/LegalMemoCMT/data/processed/phase2/clancy/turn_clips/video/93sfJyLzhqM/93sfJyLzhqM_turn01612.mp4,"All right, This court is now in session. Please be seated. || they may be admitted. || Good morning. [clears throat]",,,,,,,
93sfJyLzhqM,SPEAKER_51,3,3,93sfJyLzhqM_turn01297 | 93sfJyLzhqM_turn01945 | 93sfJyLzhqM_turn02137,/Users/rajeshpmu/Desktop/LegalMemoCMT/data/processed/phase2/clancy/turn_clips/audio/93sfJyLzhqM/93sfJyLzhqM_turn01297.wav | /Users/rajeshpmu/Desktop/LegalMemoCMT/data/processed/phase2/clancy/turn_clips/audio/93sfJyLzhqM/93sfJyLzhqM_turn01945.wav | /Users/rajeshpmu/Desktop/LegalMemoCMT/data/processed/phase2/clancy/turn_clips/audio/93sfJyLzhqM/93sfJyLzhqM_turn02137.wav,/Users/rajeshpmu/Desktop/LegalMemoCMT/data/processed/phase2/clancy/turn_clips/video/93sfJyLzhqM/93sfJyLzhqM_turn01297.mp4 | /Users/rajeshpmu/Desktop/LegalMemoCMT/data/processed/phase2/clancy/turn_clips/video/93sfJyLzhqM/93sfJyLzhqM_turn01945.mp4 | /Users/rajeshpmu/Desktop/LegalMemoCMT/data/processed/phase2/clancy/turn_clips/video/93sfJyLzhqM/93sfJyLzhqM_turn02137.mp4,"Okay. Thank you. team. [clears throat] || Thank you. Why? Good morning, ma'am. Stop right there and raise your right hand for 30 minutes. || Watch your step, please.",,,,,,,
93sfJyLzhqM,SPEAKER_56,292,3,93sfJyLzhqM_turn01611 | 93sfJyLzhqM_turn01616 | 93sfJyLzhqM_turn01617,/Users/rajeshpmu/Desktop/LegalMemoCMT/data/processed/phase2/clancy/turn_clips/audio/93sfJyLzhqM/93sfJyLzhqM_turn01611.wav | /Users/rajeshpmu/Desktop/LegalMemoCMT/data/processed/phase2/clancy/turn_clips/audio/93sfJyLzhqM/93sfJyLzhqM_turn01616.wav | /Users/rajeshpmu/Desktop/LegalMemoCMT/data/processed/phase2/clancy/turn_clips/audio/93sfJyLzhqM/93sfJyLzhqM_turn01617.wav,/Users/rajeshpmu/Desktop/LegalMemoCMT/data/processed/phase2/clancy/turn_clips/video/93sfJyLzhqM/93sfJyLzhqM_turn01611.mp4 | /Users/rajeshpmu/Desktop/LegalMemoCMT/data/processed/phase2/clancy/turn_clips/video/93sfJyLzhqM/93sfJyLzhqM_turn01616.mp4 | /Users/rajeshpmu/Desktop/LegalMemoCMT/data/processed/phase2/clancy/turn_clips/video/93sfJyLzhqM/93sfJyLzhqM_turn01617.mp4,"Watch your step, please. Commonwealth would call Susan Berto as next Stop right there. || All right. Come up. || Thank you. Good morning. Could you please tell the jurors your first and last name?",,,,,,,
93sfJyLzhqM,SPEAKER_57,4,3,93sfJyLzhqM_turn01502 | 93sfJyLzhqM_turn02308 | 93sfJyLzhqM_turn02581,/Users/rajeshpmu/Desktop/LegalMemoCMT/data/processed/phase2/clancy/turn_clips/audio/93sfJyLzhqM/93sfJyLzhqM_turn01502.wav | /Users/rajeshpmu/Desktop/LegalMemoCMT/data/processed/phase2/clancy/turn_clips/audio/93sfJyLzhqM/93sfJyLzhqM_turn02308.wav | /Users/rajeshpmu/Desktop/LegalMemoCMT/data/processed/phase2/clancy/turn_clips/audio/93sfJyLzhqM/93sfJyLzhqM_turn02581.wav,/Users/rajeshpmu/Desktop/LegalMemoCMT/data/processed/phase2/clancy/turn_clips/video/93sfJyLzhqM/93sfJyLzhqM_turn01502.mp4 | /Users/rajeshpmu/Desktop/LegalMemoCMT/data/processed/phase2/clancy/turn_clips/video/93sfJyLzhqM/93sfJyLzhqM_turn02308.mp4 | /Users/rajeshpmu/Desktop/LegalMemoCMT/data/processed/phase2/clancy/turn_clips/video/93sfJyLzhqM/93sfJyLzhqM_turn02581.mp4,that's fine. That's fine. Thank you. || Yes. || Yes.,,,,,,,
93sfJyLzhqM,SPEAKER_58,323,3,93sfJyLzhqM_turn01296 | 93sfJyLzhqM_turn01482 | 93sfJyLzhqM_turn01483,/Users/rajeshpmu/Desktop/LegalMemoCMT/data/processed/phase2/clancy/turn_clips/audio/93sfJyLzhqM/93sfJyLzhqM_turn01296.wav | /Users/rajeshpmu/Desktop/LegalMemoCMT/data/processed/phase2/clancy/turn_clips/audio/93sfJyLzhqM/93sfJyLzhqM_turn01482.wav | /Users/rajeshpmu/Desktop/LegalMemoCMT/data/processed/phase2/clancy/turn_clips/audio/93sfJyLzhqM/93sfJyLzhqM_turn01483.wav,/Users/rajeshpmu/Desktop/LegalMemoCMT/data/processed/phase2/clancy/turn_clips/video/93sfJyLzhqM/93sfJyLzhqM_turn01296.mp4 | /Users/rajeshpmu/Desktop/LegalMemoCMT/data/processed/phase2/clancy/turn_clips/video/93sfJyLzhqM/93sfJyLzhqM_turn01482.mp4 | /Users/rajeshpmu/Desktop/LegalMemoCMT/data/processed/phase2/clancy/turn_clips/video/93sfJyLzhqM/93sfJyLzhqM_turn01483.mp4,"Just for the record, we do the same objection. || Good morning. || Um what's the time frame that you dealt with um the Clancy children? Cuz you you took care of all three of them, right?",,,,,,,
93sfJyLzhqM,UNKNOWN,16,3,93sfJyLzhqM_turn01381 | 93sfJyLzhqM_turn01480 | 93sfJyLzhqM_turn01736,/Users/rajeshpmu/Desktop/LegalMemoCMT/data/processed/phase2/clancy/turn_clips/audio/93sfJyLzhqM/93sfJyLzhqM_turn01381.wav | /Users/rajeshpmu/Desktop/LegalMemoCMT/data/processed/phase2/clancy/turn_clips/audio/93sfJyLzhqM/93sfJyLzhqM_turn01480.wav | /Users/rajeshpmu/Desktop/LegalMemoCMT/data/processed/phase2/clancy/turn_clips/audio/93sfJyLzhqM/93sfJyLzhqM_turn01736.wav,/Users/rajeshpmu/Desktop/LegalMemoCMT/data/processed/phase2/clancy/turn_clips/video/93sfJyLzhqM/93sfJyLzhqM_turn01381.mp4 | /Users/rajeshpmu/Desktop/LegalMemoCMT/data/processed/phase2/clancy/turn_clips/video/93sfJyLzhqM/93sfJyLzhqM_turn01480.mp4 | /Users/rajeshpmu/Desktop/LegalMemoCMT/data/processed/phase2/clancy/turn_clips/video/93sfJyLzhqM/93sfJyLzhqM_turn01736.mp4,"All right, that may be admitted. || Yes, I believe so. || your stuff, please.",,,,,,,
D5L_c9Mla1U,SPEAKER_00,444,3,D5L_c9Mla1U_turn03431 | D5L_c9Mla1U_turn03432 | D5L_c9Mla1U_turn03433,/Users/rajeshpmu/Desktop/LegalMemoCMT/data/processed/phase2/clancy/turn_clips/audio/D5L_c9Mla1U/D5L_c9Mla1U_turn03431.wav | /Users/rajeshpmu/Desktop/LegalMemoCMT/data/processed/phase2/clancy/turn_clips/audio/D5L_c9Mla1U/D5L_c9Mla1U_turn03432.wav | /Users/rajeshpmu/Desktop/LegalMemoCMT/data/processed/phase2/clancy/turn_clips/audio/D5L_c9Mla1U/D5L_c9Mla1U_turn03433.wav,/Users/rajeshpmu/Desktop/LegalMemoCMT/data/processed/phase2/clancy/turn_clips/video/D5L_c9Mla1U/D5L_c9Mla1U_turn03431.mp4 | /Users/rajeshpmu/Desktop/LegalMemoCMT/data/processed/phase2/clancy/turn_clips/video/D5L_c9Mla1U/D5L_c9Mla1U_turn03432.mp4 | /Users/rajeshpmu/Desktop/LegalMemoCMT/data/processed/phase2/clancy/turn_clips/video/D5L_c9Mla1U/D5L_c9Mla1U_turn03433.mp4,"Good morning. || So, um, yesterday when you, um, first took the stand, um, Attorney Bington asked you a little bit about your background. Recall that? || Yes. And um you in this in this field of being a psy a psychologist and a forensic psychologist you um circulate a curriculum vite where all that is outlined right?",,,,,,,
D5L_c9Mla1U,SPEAKER_01,76,3,D5L_c9Mla1U_turn04027 | D5L_c9Mla1U_turn04029 | D5L_c9Mla1U_turn04030,/Users/rajeshpmu/Desktop/LegalMemoCMT/data/processed/phase2/clancy/turn_clips/audio/D5L_c9Mla1U/D5L_c9Mla1U_turn04027.wav | /Users/rajeshpmu/Desktop/LegalMemoCMT/data/processed/phase2/clancy/turn_clips/audio/D5L_c9Mla1U/D5L_c9Mla1U_turn04029.wav | /Users/rajeshpmu/Desktop/LegalMemoCMT/data/processed/phase2/clancy/turn_clips/audio/D5L_c9Mla1U/D5L_c9Mla1U_turn04030.wav,/Users/rajeshpmu/Desktop/LegalMemoCMT/data/processed/phase2/clancy/turn_clips/video/D5L_c9Mla1U/D5L_c9Mla1U_turn04027.mp4 | /Users/rajeshpmu/Desktop/LegalMemoCMT/data/processed/phase2/clancy/turn_clips/video/D5L_c9Mla1U/D5L_c9Mla1U_turn04029.mp4 | /Users/rajeshpmu/Desktop/LegalMemoCMT/data/processed/phase2/clancy/turn_clips/video/D5L_c9Mla1U/D5L_c9Mla1U_turn04030.mp4,"Hey, good afternoon. || Thank you, Judge. Tell us your name. Spell your last name for the record, please. Um, Emily Thorndikeke. T H O R N D I K E. || And what town do you live in?",,,,,,,
D5L_c9Mla1U,SPEAKER_02,4,3,D5L_c9Mla1U_turn03219 | D5L_c9Mla1U_turn03220 | D5L_c9Mla1U_turn03897,/Users/rajeshpmu/Desktop/LegalMemoCMT/data/processed/phase2/clancy/turn_clips/audio/D5L_c9Mla1U/D5L_c9Mla1U_turn03219.wav | /Users/rajeshpmu/Desktop/LegalMemoCMT/data/processed/phase2/clancy/turn_clips/audio/D5L_c9Mla1U/D5L_c9Mla1U_turn03220.wav | /Users/rajeshpmu/Desktop/LegalMemoCMT/data/processed/phase2/clancy/turn_clips/audio/D5L_c9Mla1U/D5L_c9Mla1U_turn03897.wav,/Users/rajeshpmu/Desktop/LegalMemoCMT/data/processed/phase2/clancy/turn_clips/video/D5L_c9Mla1U/D5L_c9Mla1U_turn03219.mp4 | /Users/rajeshpmu/Desktop/LegalMemoCMT/data/processed/phase2/clancy/turn_clips/video/D5L_c9Mla1U/D5L_c9Mla1U_turn03220.mp4 | /Users/rajeshpmu/Desktop/LegalMemoCMT/data/processed/phase2/clancy/turn_clips/video/D5L_c9Mla1U/D5L_c9Mla1U_turn03897.mp4,"Yes, please. || Today we have the continuation of the jury trial in the matter of commonwealth versus Lindseay Clancy. Miss Clancy is present. She is represented by attorney Kevin Readington. And the commonwealth is represented by assistant district attorney Jennifer Sprag and assistant district attorney Shannon Buckingham. || Thank you. 284.",,,,,,,
D5L_c9Mla1U,SPEAKER_03,38,3,D5L_c9Mla1U_turn03210 | D5L_c9Mla1U_turn03211 | D5L_c9Mla1U_turn03212,/Users/rajeshpmu/Desktop/LegalMemoCMT/data/processed/phase2/clancy/turn_clips/audio/D5L_c9Mla1U/D5L_c9Mla1U_turn03210.wav | /Users/rajeshpmu/Desktop/LegalMemoCMT/data/processed/phase2/clancy/turn_clips/audio/D5L_c9Mla1U/D5L_c9Mla1U_turn03211.wav | /Users/rajeshpmu/Desktop/LegalMemoCMT/data/processed/phase2/clancy/turn_clips/audio/D5L_c9Mla1U/D5L_c9Mla1U_turn03212.wav,/Users/rajeshpmu/Desktop/LegalMemoCMT/data/processed/phase2/clancy/turn_clips/video/D5L_c9Mla1U/D5L_c9Mla1U_turn03210.mp4 | /Users/rajeshpmu/Desktop/LegalMemoCMT/data/processed/phase2/clancy/turn_clips/video/D5L_c9Mla1U/D5L_c9Mla1U_turn03211.mp4 | /Users/rajeshpmu/Desktop/LegalMemoCMT/data/processed/phase2/clancy/turn_clips/video/D5L_c9Mla1U/D5L_c9Mla1U_turn03212.mp4,"Yes, please. She is represented by attorney Kevin. The commonwealth is represented by assistant district attorneys assistant district attorney. || Well, good morning everyone. Good morning council. || Good morning.",,,,,,,
D5L_c9Mla1U,SPEAKER_04,321,3,D5L_c9Mla1U_turn03225 | D5L_c9Mla1U_turn03226 | D5L_c9Mla1U_turn03227,/Users/rajeshpmu/Desktop/LegalMemoCMT/data/processed/phase2/clancy/turn_clips/audio/D5L_c9Mla1U/D5L_c9Mla1U_turn03225.wav | /Users/rajeshpmu/Desktop/LegalMemoCMT/data/processed/phase2/clancy/turn_clips/audio/D5L_c9Mla1U/D5L_c9Mla1U_turn03226.wav | /Users/rajeshpmu/Desktop/LegalMemoCMT/data/processed/phase2/clancy/turn_clips/audio/D5L_c9Mla1U/D5L_c9Mla1U_turn03227.wav,/Users/rajeshpmu/Desktop/LegalMemoCMT/data/processed/phase2/clancy/turn_clips/video/D5L_c9Mla1U/D5L_c9Mla1U_turn03225.mp4 | /Users/rajeshpmu/Desktop/LegalMemoCMT/data/processed/phase2/clancy/turn_clips/video/D5L_c9Mla1U/D5L_c9Mla1U_turn03226.mp4 | /Users/rajeshpmu/Desktop/LegalMemoCMT/data/processed/phase2/clancy/turn_clips/video/D5L_c9Mla1U/D5L_c9Mla1U_turn03227.mp4,"Hi. || Good morning, Doc. || Thank you, Josh. Um sir, I'm going to um try to just redirect uh towards the uh interview that you had of Lindsay regarding her journey um on November 29th of 2022. Do you recall which healthc care provider she visited? Uh, I believe that Miss Clancy sort Miss Gelato for treatment.",,,,,,,
D5L_c9Mla1U,SPEAKER_06,1,1,D5L_c9Mla1U_turn04280,/Users/rajeshpmu/Desktop/LegalMemoCMT/data/processed/phase2/clancy/turn_clips/audio/D5L_c9Mla1U/D5L_c9Mla1U_turn04280.wav,/Users/rajeshpmu/Desktop/LegalMemoCMT/data/processed/phase2/clancy/turn_clips/video/D5L_c9Mla1U/D5L_c9Mla1U_turn04280.mp4,All right. Sure. Court is back in session. You may be,,,,,,,
D5L_c9Mla1U,SPEAKER_07,3,3,D5L_c9Mla1U_turn03217 | D5L_c9Mla1U_turn03940 | D5L_c9Mla1U_turn04024,/Users/rajeshpmu/Desktop/LegalMemoCMT/data/processed/phase2/clancy/turn_clips/audio/D5L_c9Mla1U/D5L_c9Mla1U_turn03217.wav | /Users/rajeshpmu/Desktop/LegalMemoCMT/data/processed/phase2/clancy/turn_clips/audio/D5L_c9Mla1U/D5L_c9Mla1U_turn03940.wav | /Users/rajeshpmu/Desktop/LegalMemoCMT/data/processed/phase2/clancy/turn_clips/audio/D5L_c9Mla1U/D5L_c9Mla1U_turn04024.wav,/Users/rajeshpmu/Desktop/LegalMemoCMT/data/processed/phase2/clancy/turn_clips/video/D5L_c9Mla1U/D5L_c9Mla1U_turn03217.mp4 | /Users/rajeshpmu/Desktop/LegalMemoCMT/data/processed/phase2/clancy/turn_clips/video/D5L_c9Mla1U/D5L_c9Mla1U_turn03940.mp4 | /Users/rajeshpmu/Desktop/LegalMemoCMT/data/processed/phase2/clancy/turn_clips/video/D5L_c9Mla1U/D5L_c9Mla1U_turn04024.mp4,"All right. Hey, hey, hey. All persons having anything to do before the honorable William Sullivan, Justice of the Superior Court, now setting a limit within the floor of the Commonwealth. Draw on the air, give your attendance, and you shall be heard. God say the Commonwealth of Massachusetts. This court is now in session. Please be seated. || All rise, please. Juror, excellent. Jersey courts in session. || All right. Please seated. of exit the courts. Please proceed. All right. council. We ready to uh do the voadier of uh Miss Thornike?",,,,,,,
D5L_c9Mla1U,SPEAKER_08,173,3,D5L_c9Mla1U_turn03232 | D5L_c9Mla1U_turn03233 | D5L_c9Mla1U_turn03242,/Users/rajeshpmu/Desktop/LegalMemoCMT/data/processed/phase2/clancy/turn_clips/audio/D5L_c9Mla1U/D5L_c9Mla1U_turn03232.wav | /Users/rajeshpmu/Desktop/LegalMemoCMT/data/processed/phase2/clancy/turn_clips/audio/D5L_c9Mla1U/D5L_c9Mla1U_turn03233.wav | /Users/rajeshpmu/Desktop/LegalMemoCMT/data/processed/phase2/clancy/turn_clips/audio/D5L_c9Mla1U/D5L_c9Mla1U_turn03242.wav,/Users/rajeshpmu/Desktop/LegalMemoCMT/data/processed/phase2/clancy/turn_clips/video/D5L_c9Mla1U/D5L_c9Mla1U_turn03232.mp4 | /Users/rajeshpmu/Desktop/LegalMemoCMT/data/processed/phase2/clancy/turn_clips/video/D5L_c9Mla1U/D5L_c9Mla1U_turn03233.mp4 | /Users/rajeshpmu/Desktop/LegalMemoCMT/data/processed/phase2/clancy/turn_clips/video/D5L_c9Mla1U/D5L_c9Mla1U_turn03242.mp4,Yes. And that was also paired with derealization. || And what does that mean? || Where was he working?,,,,,,,
D5L_c9Mla1U,SPEAKER_09,6,3,D5L_c9Mla1U_turn03447 | D5L_c9Mla1U_turn03502 | D5L_c9Mla1U_turn03522,/Users/rajeshpmu/Desktop/LegalMemoCMT/data/processed/phase2/clancy/turn_clips/audio/D5L_c9Mla1U/D5L_c9Mla1U_turn03447.wav | /Users/rajeshpmu/Desktop/LegalMemoCMT/data/processed/phase2/clancy/turn_clips/audio/D5L_c9Mla1U/D5L_c9Mla1U_turn03502.wav | /Users/rajeshpmu/Desktop/LegalMemoCMT/data/processed/phase2/clancy/turn_clips/audio/D5L_c9Mla1U/D5L_c9Mla1U_turn03522.wav,/Users/rajeshpmu/Desktop/LegalMemoCMT/data/processed/phase2/clancy/turn_clips/video/D5L_c9Mla1U/D5L_c9Mla1U_turn03447.mp4 | /Users/rajeshpmu/Desktop/LegalMemoCMT/data/processed/phase2/clancy/turn_clips/video/D5L_c9Mla1U/D5L_c9Mla1U_turn03502.mp4 | /Users/rajeshpmu/Desktop/LegalMemoCMT/data/processed/phase2/clancy/turn_clips/video/D5L_c9Mla1U/D5L_c9Mla1U_turn03522.mp4,Yes. || That sounds right. || So you went in to visit her?,,,,,,,
D5L_c9Mla1U,UNKNOWN,11,3,D5L_c9Mla1U_turn03209 | D5L_c9Mla1U_turn03224 | D5L_c9Mla1U_turn03469,/Users/rajeshpmu/Desktop/LegalMemoCMT/data/processed/phase2/clancy/turn_clips/audio/D5L_c9Mla1U/D5L_c9Mla1U_turn03209.wav | /Users/rajeshpmu/Desktop/LegalMemoCMT/data/processed/phase2/clancy/turn_clips/audio/D5L_c9Mla1U/D5L_c9Mla1U_turn03224.wav | /Users/rajeshpmu/Desktop/LegalMemoCMT/data/processed/phase2/clancy/turn_clips/audio/D5L_c9Mla1U/D5L_c9Mla1U_turn03469.wav,/Users/rajeshpmu/Desktop/LegalMemoCMT/data/processed/phase2/clancy/turn_clips/video/D5L_c9Mla1U/D5L_c9Mla1U_turn03209.mp4 | /Users/rajeshpmu/Desktop/LegalMemoCMT/data/processed/phase2/clancy/turn_clips/video/D5L_c9Mla1U/D5L_c9Mla1U_turn03224.mp4 | /Users/rajeshpmu/Desktop/LegalMemoCMT/data/processed/phase2/clancy/turn_clips/video/D5L_c9Mla1U/D5L_c9Mla1U_turn03469.mp4,Good morning. || Yeah. Morning || That sounds about right.,,,,,,,
D6skXbDJJj8,SPEAKER_01,255,3,D6skXbDJJj8_turn04298 | D6skXbDJJj8_turn04299 | D6skXbDJJj8_turn04496,/Users/rajeshpmu/Desktop/LegalMemoCMT/data/processed/phase2/clancy/turn_clips/audio/D6skXbDJJj8/D6skXbDJJj8_turn04298.wav | /Users/rajeshpmu/Desktop/LegalMemoCMT/data/processed/phase2/clancy/turn_clips/audio/D6skXbDJJj8/D6skXbDJJj8_turn04299.wav | /Users/rajeshpmu/Desktop/LegalMemoCMT/data/processed/phase2/clancy/turn_clips/audio/D6skXbDJJj8/D6skXbDJJj8_turn04496.wav,/Users/rajeshpmu/Desktop/LegalMemoCMT/data/processed/phase2/clancy/turn_clips/video/D6skXbDJJj8/D6skXbDJJj8_turn04298.mp4 | /Users/rajeshpmu/Desktop/LegalMemoCMT/data/processed/phase2/clancy/turn_clips/video/D6skXbDJJj8/D6skXbDJJj8_turn04299.mp4 | /Users/rajeshpmu/Desktop/LegalMemoCMT/data/processed/phase2/clancy/turn_clips/video/D6skXbDJJj8/D6skXbDJJj8_turn04496.mp4,"Yes, your honor. The Commonwealth calls Dr. Kimberly Springer. Just for the record, we do the same objection. || Okay. Thank you. || Good morning.",,,,,,,
D6skXbDJJj8,SPEAKER_02,563,3,D6skXbDJJj8_turn04305 | D6skXbDJJj8_turn04309 | D6skXbDJJj8_turn04310,/Users/rajeshpmu/Desktop/LegalMemoCMT/data/processed/phase2/clancy/turn_clips/audio/D6skXbDJJj8/D6skXbDJJj8_turn04305.wav | /Users/rajeshpmu/Desktop/LegalMemoCMT/data/processed/phase2/clancy/turn_clips/audio/D6skXbDJJj8/D6skXbDJJj8_turn04309.wav | /Users/rajeshpmu/Desktop/LegalMemoCMT/data/processed/phase2/clancy/turn_clips/audio/D6skXbDJJj8/D6skXbDJJj8_turn04310.wav,/Users/rajeshpmu/Desktop/LegalMemoCMT/data/processed/phase2/clancy/turn_clips/video/D6skXbDJJj8/D6skXbDJJj8_turn04305.mp4 | /Users/rajeshpmu/Desktop/LegalMemoCMT/data/processed/phase2/clancy/turn_clips/video/D6skXbDJJj8/D6skXbDJJj8_turn04309.mp4 | /Users/rajeshpmu/Desktop/LegalMemoCMT/data/processed/phase2/clancy/turn_clips/video/D6skXbDJJj8/D6skXbDJJj8_turn04310.mp4,"Thank you, honor. Good morning. Can you please state and spell your name for the record? || And are you a med medical examiner? || I am.",,,,,,,
D6skXbDJJj8,SPEAKER_03,12,3,D6skXbDJJj8_turn04286 | D6skXbDJJj8_turn04287 | D6skXbDJJj8_turn04288,/Users/rajeshpmu/Desktop/LegalMemoCMT/data/processed/phase2/clancy/turn_clips/audio/D6skXbDJJj8/D6skXbDJJj8_turn04286.wav | /Users/rajeshpmu/Desktop/LegalMemoCMT/data/processed/phase2/clancy/turn_clips/audio/D6skXbDJJj8/D6skXbDJJj8_turn04287.wav | /Users/rajeshpmu/Desktop/LegalMemoCMT/data/processed/phase2/clancy/turn_clips/audio/D6skXbDJJj8/D6skXbDJJj8_turn04288.wav,/Users/rajeshpmu/Desktop/LegalMemoCMT/data/processed/phase2/clancy/turn_clips/video/D6skXbDJJj8/D6skXbDJJj8_turn04286.mp4 | /Users/rajeshpmu/Desktop/LegalMemoCMT/data/processed/phase2/clancy/turn_clips/video/D6skXbDJJj8/D6skXbDJJj8_turn04287.mp4 | /Users/rajeshpmu/Desktop/LegalMemoCMT/data/processed/phase2/clancy/turn_clips/video/D6skXbDJJj8/D6skXbDJJj8_turn04288.mp4,"Good morning, your honor. May I proceed? || Yes, please. || Madam cler of the court. Today we have Carmon versus Lindseay Clancy. Miss Clancy is present. She is represented by attorney Kevin Readington and the Commonwealth is represented by assistant district attorney Jennifer Sprag and assistant district attorney Shannon Buckingham.",,,,,,,
D6skXbDJJj8,SPEAKER_04,5,3,D6skXbDJJj8_turn04406 | D6skXbDJJj8_turn04435 | D6skXbDJJj8_turn04622,/Users/rajeshpmu/Desktop/LegalMemoCMT/data/processed/phase2/clancy/turn_clips/audio/D6skXbDJJj8/D6skXbDJJj8_turn04406.wav | /Users/rajeshpmu/Desktop/LegalMemoCMT/data/processed/phase2/clancy/turn_clips/audio/D6skXbDJJj8/D6skXbDJJj8_turn04435.wav | /Users/rajeshpmu/Desktop/LegalMemoCMT/data/processed/phase2/clancy/turn_clips/audio/D6skXbDJJj8/D6skXbDJJj8_turn04622.wav,/Users/rajeshpmu/Desktop/LegalMemoCMT/data/processed/phase2/clancy/turn_clips/video/D6skXbDJJj8/D6skXbDJJj8_turn04406.mp4 | /Users/rajeshpmu/Desktop/LegalMemoCMT/data/processed/phase2/clancy/turn_clips/video/D6skXbDJJj8/D6skXbDJJj8_turn04435.mp4 | /Users/rajeshpmu/Desktop/LegalMemoCMT/data/processed/phase2/clancy/turn_clips/video/D6skXbDJJj8/D6skXbDJJj8_turn04622.mp4,"Thank you, your honor. Com Lindseay Rashard. watch, [snorts] please. || Any objection? || Thank you.",,,,,,,
D6skXbDJJj8,SPEAKER_05,10,3,D6skXbDJJj8_turn04554 | D6skXbDJJj8_turn04567 | D6skXbDJJj8_turn04568,/Users/rajeshpmu/Desktop/LegalMemoCMT/data/processed/phase2/clancy/turn_clips/audio/D6skXbDJJj8/D6skXbDJJj8_turn04554.wav | /Users/rajeshpmu/Desktop/LegalMemoCMT/data/processed/phase2/clancy/turn_clips/audio/D6skXbDJJj8/D6skXbDJJj8_turn04567.wav | /Users/rajeshpmu/Desktop/LegalMemoCMT/data/processed/phase2/clancy/turn_clips/audio/D6skXbDJJj8/D6skXbDJJj8_turn04568.wav,/Users/rajeshpmu/Desktop/LegalMemoCMT/data/processed/phase2/clancy/turn_clips/video/D6skXbDJJj8/D6skXbDJJj8_turn04554.mp4 | /Users/rajeshpmu/Desktop/LegalMemoCMT/data/processed/phase2/clancy/turn_clips/video/D6skXbDJJj8/D6skXbDJJj8_turn04567.mp4 | /Users/rajeshpmu/Desktop/LegalMemoCMT/data/processed/phase2/clancy/turn_clips/video/D6skXbDJJj8/D6skXbDJJj8_turn04568.mp4,"Uh, Susan Fraone. S U S A N F R A O N E. And your date of birth? || How did you know Kora? || Um most of the teachers help out in all the classrooms. So we get to know all the children.",,,,,,,
D6skXbDJJj8,SPEAKER_06,17,3,D6skXbDJJj8_turn04640 | D6skXbDJJj8_turn04653 | D6skXbDJJj8_turn04654,/Users/rajeshpmu/Desktop/LegalMemoCMT/data/processed/phase2/clancy/turn_clips/audio/D6skXbDJJj8/D6skXbDJJj8_turn04640.wav | /Users/rajeshpmu/Desktop/LegalMemoCMT/data/processed/phase2/clancy/turn_clips/audio/D6skXbDJJj8/D6skXbDJJj8_turn04653.wav | /Users/rajeshpmu/Desktop/LegalMemoCMT/data/processed/phase2/clancy/turn_clips/audio/D6skXbDJJj8/D6skXbDJJj8_turn04654.wav,/Users/rajeshpmu/Desktop/LegalMemoCMT/data/processed/phase2/clancy/turn_clips/video/D6skXbDJJj8/D6skXbDJJj8_turn04640.mp4 | /Users/rajeshpmu/Desktop/LegalMemoCMT/data/processed/phase2/clancy/turn_clips/video/D6skXbDJJj8/D6skXbDJJj8_turn04653.mp4 | /Users/rajeshpmu/Desktop/LegalMemoCMT/data/processed/phase2/clancy/turn_clips/video/D6skXbDJJj8/D6skXbDJJj8_turn04654.mp4,"Yes, at || Sure. So, um, some children came in early at 8 and then the rest of the kids came in at 9:15 || and then some were half day and some were full day.",,,,,,,
D6skXbDJJj8,SPEAKER_07,1,1,D6skXbDJJj8_turn04625,/Users/rajeshpmu/Desktop/LegalMemoCMT/data/processed/phase2/clancy/turn_clips/audio/D6skXbDJJj8/D6skXbDJJj8_turn04625.wav,/Users/rajeshpmu/Desktop/LegalMemoCMT/data/processed/phase2/clancy/turn_clips/video/D6skXbDJJj8/D6skXbDJJj8_turn04625.mp4,Good morning.,,,,,,,
D6skXbDJJj8,SPEAKER_08,43,3,D6skXbDJJj8_turn04838 | D6skXbDJJj8_turn04839 | D6skXbDJJj8_turn04840,/Users/rajeshpmu/Desktop/LegalMemoCMT/data/processed/phase2/clancy/turn_clips/audio/D6skXbDJJj8/D6skXbDJJj8_turn04838.wav | /Users/rajeshpmu/Desktop/LegalMemoCMT/data/processed/phase2/clancy/turn_clips/audio/D6skXbDJJj8/D6skXbDJJj8_turn04839.wav | /Users/rajeshpmu/Desktop/LegalMemoCMT/data/processed/phase2/clancy/turn_clips/audio/D6skXbDJJj8/D6skXbDJJj8_turn04840.wav,/Users/rajeshpmu/Desktop/LegalMemoCMT/data/processed/phase2/clancy/turn_clips/video/D6skXbDJJj8/D6skXbDJJj8_turn04838.mp4 | /Users/rajeshpmu/Desktop/LegalMemoCMT/data/processed/phase2/clancy/turn_clips/video/D6skXbDJJj8/D6skXbDJJj8_turn04839.mp4 | /Users/rajeshpmu/Desktop/LegalMemoCMT/data/processed/phase2/clancy/turn_clips/video/D6skXbDJJj8/D6skXbDJJj8_turn04840.mp4,"Andrea Henigan. A N D R E A H E N I G A N. || And your date of birth? || March 11th, 1976.",,,,,,,
D6skXbDJJj8,SPEAKER_09,1,1,D6skXbDJJj8_turn04504,/Users/rajeshpmu/Desktop/LegalMemoCMT/data/processed/phase2/clancy/turn_clips/audio/D6skXbDJJj8/D6skXbDJJj8_turn04504.wav,/Users/rajeshpmu/Desktop/LegalMemoCMT/data/processed/phase2/clancy/turn_clips/video/D6skXbDJJj8/D6skXbDJJj8_turn04504.mp4,Right.,,,,,,,
D6skXbDJJj8,SPEAKER_10,24,3,D6skXbDJJj8_turn04410 | D6skXbDJJj8_turn04411 | D6skXbDJJj8_turn04412,/Users/rajeshpmu/Desktop/LegalMemoCMT/data/processed/phase2/clancy/turn_clips/audio/D6skXbDJJj8/D6skXbDJJj8_turn04410.wav | /Users/rajeshpmu/Desktop/LegalMemoCMT/data/processed/phase2/clancy/turn_clips/audio/D6skXbDJJj8/D6skXbDJJj8_turn04411.wav | /Users/rajeshpmu/Desktop/LegalMemoCMT/data/processed/phase2/clancy/turn_clips/audio/D6skXbDJJj8/D6skXbDJJj8_turn04412.wav,/Users/rajeshpmu/Desktop/LegalMemoCMT/data/processed/phase2/clancy/turn_clips/video/D6skXbDJJj8/D6skXbDJJj8_turn04410.mp4 | /Users/rajeshpmu/Desktop/LegalMemoCMT/data/processed/phase2/clancy/turn_clips/video/D6skXbDJJj8/D6skXbDJJj8_turn04411.mp4 | /Users/rajeshpmu/Desktop/LegalMemoCMT/data/processed/phase2/clancy/turn_clips/video/D6skXbDJJj8/D6skXbDJJj8_turn04412.mp4,Lindsay Rashard. L I N D S A Y R O S H I R T. And what do you do for a living? || I'm a pediatrician. || Where do you work?,,,,,,,
D6skXbDJJj8,SPEAKER_11,2,2,D6skXbDJJj8_turn04748 | D6skXbDJJj8_turn05882,/Users/rajeshpmu/Desktop/LegalMemoCMT/data/processed/phase2/clancy/turn_clips/audio/D6skXbDJJj8/D6skXbDJJj8_turn04748.wav | /Users/rajeshpmu/Desktop/LegalMemoCMT/data/processed/phase2/clancy/turn_clips/audio/D6skXbDJJj8/D6skXbDJJj8_turn05882.wav,/Users/rajeshpmu/Desktop/LegalMemoCMT/data/processed/phase2/clancy/turn_clips/video/D6skXbDJJj8/D6skXbDJJj8_turn04748.mp4 | /Users/rajeshpmu/Desktop/LegalMemoCMT/data/processed/phase2/clancy/turn_clips/video/D6skXbDJJj8/D6skXbDJJj8_turn05882.mp4,"Hey, good morning. || he did.",,,,,,,
D6skXbDJJj8,SPEAKER_12,32,3,D6skXbDJJj8_turn04300 | D6skXbDJJj8_turn04301 | D6skXbDJJj8_turn04302,/Users/rajeshpmu/Desktop/LegalMemoCMT/data/processed/phase2/clancy/turn_clips/audio/D6skXbDJJj8/D6skXbDJJj8_turn04300.wav | /Users/rajeshpmu/Desktop/LegalMemoCMT/data/processed/phase2/clancy/turn_clips/audio/D6skXbDJJj8/D6skXbDJJj8_turn04301.wav | /Users/rajeshpmu/Desktop/LegalMemoCMT/data/processed/phase2/clancy/turn_clips/audio/D6skXbDJJj8/D6skXbDJJj8_turn04302.wav,/Users/rajeshpmu/Desktop/LegalMemoCMT/data/processed/phase2/clancy/turn_clips/video/D6skXbDJJj8/D6skXbDJJj8_turn04300.mp4 | /Users/rajeshpmu/Desktop/LegalMemoCMT/data/processed/phase2/clancy/turn_clips/video/D6skXbDJJj8/D6skXbDJJj8_turn04301.mp4 | /Users/rajeshpmu/Desktop/LegalMemoCMT/data/processed/phase2/clancy/turn_clips/video/D6skXbDJJj8/D6skXbDJJj8_turn04302.mp4,"Team rule. || [clears throat] || Hi. Good morning, doctor.",,,,,,,
D6skXbDJJj8,SPEAKER_14,4,3,D6skXbDJJj8_turn04292 | D6skXbDJJj8_turn04293 | D6skXbDJJj8_turn05832,/Users/rajeshpmu/Desktop/LegalMemoCMT/data/processed/phase2/clancy/turn_clips/audio/D6skXbDJJj8/D6skXbDJJj8_turn04292.wav | /Users/rajeshpmu/Desktop/LegalMemoCMT/data/processed/phase2/clancy/turn_clips/audio/D6skXbDJJj8/D6skXbDJJj8_turn04293.wav | /Users/rajeshpmu/Desktop/LegalMemoCMT/data/processed/phase2/clancy/turn_clips/audio/D6skXbDJJj8/D6skXbDJJj8_turn05832.wav,/Users/rajeshpmu/Desktop/LegalMemoCMT/data/processed/phase2/clancy/turn_clips/video/D6skXbDJJj8/D6skXbDJJj8_turn04292.mp4 | /Users/rajeshpmu/Desktop/LegalMemoCMT/data/processed/phase2/clancy/turn_clips/video/D6skXbDJJj8/D6skXbDJJj8_turn04293.mp4 | /Users/rajeshpmu/Desktop/LegalMemoCMT/data/processed/phase2/clancy/turn_clips/video/D6skXbDJJj8/D6skXbDJJj8_turn05832.mp4,[singing] || All for the honorable William sitting shall be heard of Massachusetts. This court is now session. Please be seated. || All right. Good. Time to close doors. My chest at the court with this session. Please be seated.,,,,,,,
D6skXbDJJj8,SPEAKER_15,53,3,D6skXbDJJj8_turn05344 | D6skXbDJJj8_turn05345 | D6skXbDJJj8_turn05346,/Users/rajeshpmu/Desktop/LegalMemoCMT/data/processed/phase2/clancy/turn_clips/audio/D6skXbDJJj8/D6skXbDJJj8_turn05344.wav | /Users/rajeshpmu/Desktop/LegalMemoCMT/data/processed/phase2/clancy/turn_clips/audio/D6skXbDJJj8/D6skXbDJJj8_turn05345.wav | /Users/rajeshpmu/Desktop/LegalMemoCMT/data/processed/phase2/clancy/turn_clips/audio/D6skXbDJJj8/D6skXbDJJj8_turn05346.wav,/Users/rajeshpmu/Desktop/LegalMemoCMT/data/processed/phase2/clancy/turn_clips/video/D6skXbDJJj8/D6skXbDJJj8_turn05344.mp4 | /Users/rajeshpmu/Desktop/LegalMemoCMT/data/processed/phase2/clancy/turn_clips/video/D6skXbDJJj8/D6skXbDJJj8_turn05345.mp4 | /Users/rajeshpmu/Desktop/LegalMemoCMT/data/processed/phase2/clancy/turn_clips/video/D6skXbDJJj8/D6skXbDJJj8_turn05346.mp4,Could you please state and spell your name for the record? || Yes. Christopher William Clancy. C H R I S T O P H E R W C L A N C Y. || And what's your date of birth?,,,,,,,
D6skXbDJJj8,SPEAKER_16,1,1,D6skXbDJJj8_turn05091,/Users/rajeshpmu/Desktop/LegalMemoCMT/data/processed/phase2/clancy/turn_clips/audio/D6skXbDJJj8/D6skXbDJJj8_turn05091.wav,/Users/rajeshpmu/Desktop/LegalMemoCMT/data/processed/phase2/clancy/turn_clips/video/D6skXbDJJj8/D6skXbDJJj8_turn05091.mp4,Correct.,,,,,,,
D6skXbDJJj8,SPEAKER_17,19,3,D6skXbDJJj8_turn05657 | D6skXbDJJj8_turn05658 | D6skXbDJJj8_turn05661,/Users/rajeshpmu/Desktop/LegalMemoCMT/data/processed/phase2/clancy/turn_clips/audio/D6skXbDJJj8/D6skXbDJJj8_turn05657.wav | /Users/rajeshpmu/Desktop/LegalMemoCMT/data/processed/phase2/clancy/turn_clips/audio/D6skXbDJJj8/D6skXbDJJj8_turn05658.wav | /Users/rajeshpmu/Desktop/LegalMemoCMT/data/processed/phase2/clancy/turn_clips/audio/D6skXbDJJj8/D6skXbDJJj8_turn05661.wav,/Users/rajeshpmu/Desktop/LegalMemoCMT/data/processed/phase2/clancy/turn_clips/video/D6skXbDJJj8/D6skXbDJJj8_turn05657.mp4 | /Users/rajeshpmu/Desktop/LegalMemoCMT/data/processed/phase2/clancy/turn_clips/video/D6skXbDJJj8/D6skXbDJJj8_turn05658.mp4 | /Users/rajeshpmu/Desktop/LegalMemoCMT/data/processed/phase2/clancy/turn_clips/video/D6skXbDJJj8/D6skXbDJJj8_turn05661.mp4,C H I A C H I O. || And what do you do for work? || Since December of 2013.,,,,,,,
D6skXbDJJj8,SPEAKER_18,22,3,D6skXbDJJj8_turn05562 | D6skXbDJJj8_turn05565 | D6skXbDJJj8_turn05566,/Users/rajeshpmu/Desktop/LegalMemoCMT/data/processed/phase2/clancy/turn_clips/audio/D6skXbDJJj8/D6skXbDJJj8_turn05562.wav | /Users/rajeshpmu/Desktop/LegalMemoCMT/data/processed/phase2/clancy/turn_clips/audio/D6skXbDJJj8/D6skXbDJJj8_turn05565.wav | /Users/rajeshpmu/Desktop/LegalMemoCMT/data/processed/phase2/clancy/turn_clips/audio/D6skXbDJJj8/D6skXbDJJj8_turn05566.wav,/Users/rajeshpmu/Desktop/LegalMemoCMT/data/processed/phase2/clancy/turn_clips/video/D6skXbDJJj8/D6skXbDJJj8_turn05562.mp4 | /Users/rajeshpmu/Desktop/LegalMemoCMT/data/processed/phase2/clancy/turn_clips/video/D6skXbDJJj8/D6skXbDJJj8_turn05565.mp4 | /Users/rajeshpmu/Desktop/LegalMemoCMT/data/processed/phase2/clancy/turn_clips/video/D6skXbDJJj8/D6skXbDJJj8_turn05566.mp4,"I may. || Yeah. Kyle Carney. K Y L E C A R N E Y. || And your date of birth, please?",,,,,,,
D6skXbDJJj8,SPEAKER_19,3,3,D6skXbDJJj8_turn04403 | D6skXbDJJj8_turn05151 | D6skXbDJJj8_turn05154,/Users/rajeshpmu/Desktop/LegalMemoCMT/data/processed/phase2/clancy/turn_clips/audio/D6skXbDJJj8/D6skXbDJJj8_turn04403.wav | /Users/rajeshpmu/Desktop/LegalMemoCMT/data/processed/phase2/clancy/turn_clips/audio/D6skXbDJJj8/D6skXbDJJj8_turn05151.wav | /Users/rajeshpmu/Desktop/LegalMemoCMT/data/processed/phase2/clancy/turn_clips/audio/D6skXbDJJj8/D6skXbDJJj8_turn05154.wav,/Users/rajeshpmu/Desktop/LegalMemoCMT/data/processed/phase2/clancy/turn_clips/video/D6skXbDJJj8/D6skXbDJJj8_turn04403.mp4 | /Users/rajeshpmu/Desktop/LegalMemoCMT/data/processed/phase2/clancy/turn_clips/video/D6skXbDJJj8/D6skXbDJJj8_turn05151.mp4 | /Users/rajeshpmu/Desktop/LegalMemoCMT/data/processed/phase2/clancy/turn_clips/video/D6skXbDJJj8/D6skXbDJJj8_turn05154.mp4,"All right, This course is now in session. Please be seated. Your || Yes. All right. Bring them in. council. All right. Very gender. This court is now session. Please be seated. Your || Thank you. Come calls Amy Beavens. Stop right Raise your right hand to the clerk, please.",,,,,,,
D6skXbDJJj8,SPEAKER_20,7,3,D6skXbDJJj8_turn04551 | D6skXbDJJj8_turn04624 | D6skXbDJJj8_turn04834,/Users/rajeshpmu/Desktop/LegalMemoCMT/data/processed/phase2/clancy/turn_clips/audio/D6skXbDJJj8/D6skXbDJJj8_turn04551.wav | /Users/rajeshpmu/Desktop/LegalMemoCMT/data/processed/phase2/clancy/turn_clips/audio/D6skXbDJJj8/D6skXbDJJj8_turn04624.wav | /Users/rajeshpmu/Desktop/LegalMemoCMT/data/processed/phase2/clancy/turn_clips/audio/D6skXbDJJj8/D6skXbDJJj8_turn04834.wav,/Users/rajeshpmu/Desktop/LegalMemoCMT/data/processed/phase2/clancy/turn_clips/video/D6skXbDJJj8/D6skXbDJJj8_turn04551.mp4 | /Users/rajeshpmu/Desktop/LegalMemoCMT/data/processed/phase2/clancy/turn_clips/video/D6skXbDJJj8/D6skXbDJJj8_turn04624.mp4 | /Users/rajeshpmu/Desktop/LegalMemoCMT/data/processed/phase2/clancy/turn_clips/video/D6skXbDJJj8/D6skXbDJJj8_turn04834.mp4,"Morning. || All right. Thank you, ma'am. Please sit there. Thank you. Watch your stuff, please. How much do I have? || Please watch your step, please. Good morning.",,,,,,,
D6skXbDJJj8,SPEAKER_21,2,2,D6skXbDJJj8_turn05555 | D6skXbDJJj8_turn05559,/Users/rajeshpmu/Desktop/LegalMemoCMT/data/processed/phase2/clancy/turn_clips/audio/D6skXbDJJj8/D6skXbDJJj8_turn05555.wav | /Users/rajeshpmu/Desktop/LegalMemoCMT/data/processed/phase2/clancy/turn_clips/audio/D6skXbDJJj8/D6skXbDJJj8_turn05559.wav,/Users/rajeshpmu/Desktop/LegalMemoCMT/data/processed/phase2/clancy/turn_clips/video/D6skXbDJJj8/D6skXbDJJj8_turn05555.mp4 | /Users/rajeshpmu/Desktop/LegalMemoCMT/data/processed/phase2/clancy/turn_clips/video/D6skXbDJJj8/D6skXbDJJj8_turn05559.mp4,"Yes, sir. Okay, sure. This court's now in session. Please be seated. || Thank you, sir.",,,,,,,
D6skXbDJJj8,SPEAKER_23,80,3,D6skXbDJJj8_turn04289 | D6skXbDJJj8_turn04290 | D6skXbDJJj8_turn04291,/Users/rajeshpmu/Desktop/LegalMemoCMT/data/processed/phase2/clancy/turn_clips/audio/D6skXbDJJj8/D6skXbDJJj8_turn04289.wav | /Users/rajeshpmu/Desktop/LegalMemoCMT/data/processed/phase2/clancy/turn_clips/audio/D6skXbDJJj8/D6skXbDJJj8_turn04290.wav | /Users/rajeshpmu/Desktop/LegalMemoCMT/data/processed/phase2/clancy/turn_clips/audio/D6skXbDJJj8/D6skXbDJJj8_turn04291.wav,/Users/rajeshpmu/Desktop/LegalMemoCMT/data/processed/phase2/clancy/turn_clips/video/D6skXbDJJj8/D6skXbDJJj8_turn04289.mp4 | /Users/rajeshpmu/Desktop/LegalMemoCMT/data/processed/phase2/clancy/turn_clips/video/D6skXbDJJj8/D6skXbDJJj8_turn04290.mp4 | /Users/rajeshpmu/Desktop/LegalMemoCMT/data/processed/phase2/clancy/turn_clips/video/D6skXbDJJj8/D6skXbDJJj8_turn04291.mp4,"All right. Good morning, council. || Morning. All right. Good morning, Miss Clancy. || All right. Um before we uh bring the jury in, uh let me talk to everybody just a little bit about uh this morning's proceedings. All right. Council.",,,,,,,
D6skXbDJJj8,SPEAKER_24,288,3,D6skXbDJJj8_turn04629 | D6skXbDJJj8_turn04630 | D6skXbDJJj8_turn04631,/Users/rajeshpmu/Desktop/LegalMemoCMT/data/processed/phase2/clancy/turn_clips/audio/D6skXbDJJj8/D6skXbDJJj8_turn04629.wav | /Users/rajeshpmu/Desktop/LegalMemoCMT/data/processed/phase2/clancy/turn_clips/audio/D6skXbDJJj8/D6skXbDJJj8_turn04630.wav | /Users/rajeshpmu/Desktop/LegalMemoCMT/data/processed/phase2/clancy/turn_clips/audio/D6skXbDJJj8/D6skXbDJJj8_turn04631.wav,/Users/rajeshpmu/Desktop/LegalMemoCMT/data/processed/phase2/clancy/turn_clips/video/D6skXbDJJj8/D6skXbDJJj8_turn04629.mp4 | /Users/rajeshpmu/Desktop/LegalMemoCMT/data/processed/phase2/clancy/turn_clips/video/D6skXbDJJj8/D6skXbDJJj8_turn04630.mp4 | /Users/rajeshpmu/Desktop/LegalMemoCMT/data/processed/phase2/clancy/turn_clips/video/D6skXbDJJj8/D6skXbDJJj8_turn04631.mp4,All right. Come on. || Thank you. Good morning. Could you please tell the jurors your first and last name? || Susan Bertollo.,,,,,,,
D6skXbDJJj8,SPEAKER_25,35,3,D6skXbDJJj8_turn04306 | D6skXbDJJj8_turn04307 | D6skXbDJJj8_turn04308,/Users/rajeshpmu/Desktop/LegalMemoCMT/data/processed/phase2/clancy/turn_clips/audio/D6skXbDJJj8/D6skXbDJJj8_turn04306.wav | /Users/rajeshpmu/Desktop/LegalMemoCMT/data/processed/phase2/clancy/turn_clips/audio/D6skXbDJJj8/D6skXbDJJj8_turn04307.wav | /Users/rajeshpmu/Desktop/LegalMemoCMT/data/processed/phase2/clancy/turn_clips/audio/D6skXbDJJj8/D6skXbDJJj8_turn04308.wav,/Users/rajeshpmu/Desktop/LegalMemoCMT/data/processed/phase2/clancy/turn_clips/video/D6skXbDJJj8/D6skXbDJJj8_turn04306.mp4 | /Users/rajeshpmu/Desktop/LegalMemoCMT/data/processed/phase2/clancy/turn_clips/video/D6skXbDJJj8/D6skXbDJJj8_turn04307.mp4 | /Users/rajeshpmu/Desktop/LegalMemoCMT/data/processed/phase2/clancy/turn_clips/video/D6skXbDJJj8/D6skXbDJJj8_turn04308.mp4,"Uh yes. It's Kimberly Springer. K I M B E R L E Y S P R I N G E R. || Where do you work? || At the office of the chief medical examiner in Boston, Massachusetts.",,,,,,,
D6skXbDJJj8,SPEAKER_27,40,3,D6skXbDJJj8_turn04958 | D6skXbDJJj8_turn04959 | D6skXbDJJj8_turn04960,/Users/rajeshpmu/Desktop/LegalMemoCMT/data/processed/phase2/clancy/turn_clips/audio/D6skXbDJJj8/D6skXbDJJj8_turn04958.wav | /Users/rajeshpmu/Desktop/LegalMemoCMT/data/processed/phase2/clancy/turn_clips/audio/D6skXbDJJj8/D6skXbDJJj8_turn04959.wav | /Users/rajeshpmu/Desktop/LegalMemoCMT/data/processed/phase2/clancy/turn_clips/audio/D6skXbDJJj8/D6skXbDJJj8_turn04960.wav,/Users/rajeshpmu/Desktop/LegalMemoCMT/data/processed/phase2/clancy/turn_clips/video/D6skXbDJJj8/D6skXbDJJj8_turn04958.mp4 | /Users/rajeshpmu/Desktop/LegalMemoCMT/data/processed/phase2/clancy/turn_clips/video/D6skXbDJJj8/D6skXbDJJj8_turn04959.mp4 | /Users/rajeshpmu/Desktop/LegalMemoCMT/data/processed/phase2/clancy/turn_clips/video/D6skXbDJJj8/D6skXbDJJj8_turn04960.mp4,"council. || Thank you. Can you please state and spell your name for the record? || Um, Bethany Dalibus. B E T H A N Y D E C O L L I B U S.",,,,,,,
D6skXbDJJj8,SPEAKER_28,28,3,D6skXbDJJj8_turn04757 | D6skXbDJJj8_turn04758 | D6skXbDJJj8_turn04759,/Users/rajeshpmu/Desktop/LegalMemoCMT/data/processed/phase2/clancy/turn_clips/audio/D6skXbDJJj8/D6skXbDJJj8_turn04757.wav | /Users/rajeshpmu/Desktop/LegalMemoCMT/data/processed/phase2/clancy/turn_clips/audio/D6skXbDJJj8/D6skXbDJJj8_turn04758.wav | /Users/rajeshpmu/Desktop/LegalMemoCMT/data/processed/phase2/clancy/turn_clips/audio/D6skXbDJJj8/D6skXbDJJj8_turn04759.wav,/Users/rajeshpmu/Desktop/LegalMemoCMT/data/processed/phase2/clancy/turn_clips/video/D6skXbDJJj8/D6skXbDJJj8_turn04757.mp4 | /Users/rajeshpmu/Desktop/LegalMemoCMT/data/processed/phase2/clancy/turn_clips/video/D6skXbDJJj8/D6skXbDJJj8_turn04758.mp4 | /Users/rajeshpmu/Desktop/LegalMemoCMT/data/processed/phase2/clancy/turn_clips/video/D6skXbDJJj8/D6skXbDJJj8_turn04759.mp4,What city or town do you live in? I live in Sagamore Beach. || And what do you do for work? || I'm a prek teacher.,,,,,,,
D6skXbDJJj8,SPEAKER_29,46,3,D6skXbDJJj8_turn05163 | D6skXbDJJj8_turn05164 | D6skXbDJJj8_turn05165,/Users/rajeshpmu/Desktop/LegalMemoCMT/data/processed/phase2/clancy/turn_clips/audio/D6skXbDJJj8/D6skXbDJJj8_turn05163.wav | /Users/rajeshpmu/Desktop/LegalMemoCMT/data/processed/phase2/clancy/turn_clips/audio/D6skXbDJJj8/D6skXbDJJj8_turn05164.wav | /Users/rajeshpmu/Desktop/LegalMemoCMT/data/processed/phase2/clancy/turn_clips/audio/D6skXbDJJj8/D6skXbDJJj8_turn05165.wav,/Users/rajeshpmu/Desktop/LegalMemoCMT/data/processed/phase2/clancy/turn_clips/video/D6skXbDJJj8/D6skXbDJJj8_turn05163.mp4 | /Users/rajeshpmu/Desktop/LegalMemoCMT/data/processed/phase2/clancy/turn_clips/video/D6skXbDJJj8/D6skXbDJJj8_turn05164.mp4 | /Users/rajeshpmu/Desktop/LegalMemoCMT/data/processed/phase2/clancy/turn_clips/video/D6skXbDJJj8/D6skXbDJJj8_turn05165.mp4,"Good afternoon. Good afternoon. Can you please state and spell your name for the record? || Amy Beavens. A M Y V E V I N S. And your date of birth? 82290. Do you live in Connecticut? || Yes. Uh, what do you do for work?",,,,,,,
D6skXbDJJj8,UNKNOWN,22,3,D6skXbDJJj8_turn04303 | D6skXbDJJj8_turn04334 | D6skXbDJJj8_turn04397,/Users/rajeshpmu/Desktop/LegalMemoCMT/data/processed/phase2/clancy/turn_clips/audio/D6skXbDJJj8/D6skXbDJJj8_turn04303.wav | /Users/rajeshpmu/Desktop/LegalMemoCMT/data/processed/phase2/clancy/turn_clips/audio/D6skXbDJJj8/D6skXbDJJj8_turn04334.wav | /Users/rajeshpmu/Desktop/LegalMemoCMT/data/processed/phase2/clancy/turn_clips/audio/D6skXbDJJj8/D6skXbDJJj8_turn04397.wav,/Users/rajeshpmu/Desktop/LegalMemoCMT/data/processed/phase2/clancy/turn_clips/video/D6skXbDJJj8/D6skXbDJJj8_turn04303.mp4 | /Users/rajeshpmu/Desktop/LegalMemoCMT/data/processed/phase2/clancy/turn_clips/video/D6skXbDJJj8/D6skXbDJJj8_turn04334.mp4 | /Users/rajeshpmu/Desktop/LegalMemoCMT/data/processed/phase2/clancy/turn_clips/video/D6skXbDJJj8/D6skXbDJJj8_turn04397.mp4,Good morning. || Uh yes. || that may be admitted.,,,,,,,
DCBWoWhsTpA,SPEAKER_00,21,3,DCBWoWhsTpA_turn06436 | DCBWoWhsTpA_turn06506 | DCBWoWhsTpA_turn06507,/Users/rajeshpmu/Desktop/LegalMemoCMT/data/processed/phase2/clancy/turn_clips/audio/DCBWoWhsTpA/DCBWoWhsTpA_turn06436.wav | /Users/rajeshpmu/Desktop/LegalMemoCMT/data/processed/phase2/clancy/turn_clips/audio/DCBWoWhsTpA/DCBWoWhsTpA_turn06506.wav | /Users/rajeshpmu/Desktop/LegalMemoCMT/data/processed/phase2/clancy/turn_clips/audio/DCBWoWhsTpA/DCBWoWhsTpA_turn06507.wav,/Users/rajeshpmu/Desktop/LegalMemoCMT/data/processed/phase2/clancy/turn_clips/video/DCBWoWhsTpA/DCBWoWhsTpA_turn06436.mp4 | /Users/rajeshpmu/Desktop/LegalMemoCMT/data/processed/phase2/clancy/turn_clips/video/DCBWoWhsTpA/DCBWoWhsTpA_turn06506.mp4 | /Users/rajeshpmu/Desktop/LegalMemoCMT/data/processed/phase2/clancy/turn_clips/video/DCBWoWhsTpA/DCBWoWhsTpA_turn06507.mp4,"I've been inquiring clerk if there's been any status from the clerk's office and I think they haven't received anything. We have a call over to MLAN. They've acknowledged the receipt. Um they were were waiting for a call back from somebody at the office. They thought that the records were produced on Friday, but clearly that wasn't the case. So, we have a call. Um we're waiting for a return call. I've provided um people in my office the madam clerk's email address to get it expedited as quick as possible. So, we are working um to try to resolve the issue and the hospital has acknowledged they received the subpoena. We just don't have a response yet. And I would just also remind that we discussed this last week and talked about doing this tomorrow on Tuesday in order to get those records and have time for everybody to h get them and review them so that a proper examination of the witness can be done in a more || Good morning. So, the incident that you just told us about where um uh Miss Clancy was watching the monitor overnight, um you were aware that the police responded and everything was fine, right? || Yes.",,,,,,,
DCBWoWhsTpA,SPEAKER_01,18,3,DCBWoWhsTpA_turn06451 | DCBWoWhsTpA_turn06456 | DCBWoWhsTpA_turn06457,/Users/rajeshpmu/Desktop/LegalMemoCMT/data/processed/phase2/clancy/turn_clips/audio/DCBWoWhsTpA/DCBWoWhsTpA_turn06451.wav | /Users/rajeshpmu/Desktop/LegalMemoCMT/data/processed/phase2/clancy/turn_clips/audio/DCBWoWhsTpA/DCBWoWhsTpA_turn06456.wav | /Users/rajeshpmu/Desktop/LegalMemoCMT/data/processed/phase2/clancy/turn_clips/audio/DCBWoWhsTpA/DCBWoWhsTpA_turn06457.wav,/Users/rajeshpmu/Desktop/LegalMemoCMT/data/processed/phase2/clancy/turn_clips/video/DCBWoWhsTpA/DCBWoWhsTpA_turn06451.mp4 | /Users/rajeshpmu/Desktop/LegalMemoCMT/data/processed/phase2/clancy/turn_clips/video/DCBWoWhsTpA/DCBWoWhsTpA_turn06456.mp4 | /Users/rajeshpmu/Desktop/LegalMemoCMT/data/processed/phase2/clancy/turn_clips/video/DCBWoWhsTpA/DCBWoWhsTpA_turn06457.mp4,Tell us your name. || I'm a labor and delivery nurse. || Where?,,,,,,,
DCBWoWhsTpA,SPEAKER_02,56,3,DCBWoWhsTpA_turn06677 | DCBWoWhsTpA_turn06685 | DCBWoWhsTpA_turn06696,/Users/rajeshpmu/Desktop/LegalMemoCMT/data/processed/phase2/clancy/turn_clips/audio/DCBWoWhsTpA/DCBWoWhsTpA_turn06677.wav | /Users/rajeshpmu/Desktop/LegalMemoCMT/data/processed/phase2/clancy/turn_clips/audio/DCBWoWhsTpA/DCBWoWhsTpA_turn06685.wav | /Users/rajeshpmu/Desktop/LegalMemoCMT/data/processed/phase2/clancy/turn_clips/audio/DCBWoWhsTpA/DCBWoWhsTpA_turn06696.wav,/Users/rajeshpmu/Desktop/LegalMemoCMT/data/processed/phase2/clancy/turn_clips/video/DCBWoWhsTpA/DCBWoWhsTpA_turn06677.mp4 | /Users/rajeshpmu/Desktop/LegalMemoCMT/data/processed/phase2/clancy/turn_clips/video/DCBWoWhsTpA/DCBWoWhsTpA_turn06685.mp4 | /Users/rajeshpmu/Desktop/LegalMemoCMT/data/processed/phase2/clancy/turn_clips/video/DCBWoWhsTpA/DCBWoWhsTpA_turn06696.mp4,"Uh, my name is Paula Musgrove. P A U L A M U S G R O V E. || She was a very good kid and an excellent student. Very excellent student all through all through school, through high school, college? Yes. Excellent. || I loved my grandchildren with all my heart. You never know what it's like to love a grandchild until you become a grandmother. and it was the most beautiful thing. [gasps] I love them with all my heart.",,,,,,,
DCBWoWhsTpA,SPEAKER_04,15,3,DCBWoWhsTpA_turn05968 | DCBWoWhsTpA_turn06001 | DCBWoWhsTpA_turn06019,/Users/rajeshpmu/Desktop/LegalMemoCMT/data/processed/phase2/clancy/turn_clips/audio/DCBWoWhsTpA/DCBWoWhsTpA_turn05968.wav | /Users/rajeshpmu/Desktop/LegalMemoCMT/data/processed/phase2/clancy/turn_clips/audio/DCBWoWhsTpA/DCBWoWhsTpA_turn06001.wav | /Users/rajeshpmu/Desktop/LegalMemoCMT/data/processed/phase2/clancy/turn_clips/audio/DCBWoWhsTpA/DCBWoWhsTpA_turn06019.wav,/Users/rajeshpmu/Desktop/LegalMemoCMT/data/processed/phase2/clancy/turn_clips/video/DCBWoWhsTpA/DCBWoWhsTpA_turn05968.mp4 | /Users/rajeshpmu/Desktop/LegalMemoCMT/data/processed/phase2/clancy/turn_clips/video/DCBWoWhsTpA/DCBWoWhsTpA_turn06001.mp4 | /Users/rajeshpmu/Desktop/LegalMemoCMT/data/processed/phase2/clancy/turn_clips/video/DCBWoWhsTpA/DCBWoWhsTpA_turn06019.mp4,"That's right there. Right below 11:46. || Correct. And going to page eight of your report, we have here um at the top of page eight. Does that show um the last flights climb recorded on either the defendant's phone or watch? || So where it says after the queue, how plus quickly plus does plus the user is not putting in those pluses. Correct? Is that what were you calling those?",,,,,,,
DCBWoWhsTpA,SPEAKER_05,253,3,DCBWoWhsTpA_turn05910 | DCBWoWhsTpA_turn05914 | DCBWoWhsTpA_turn05915,/Users/rajeshpmu/Desktop/LegalMemoCMT/data/processed/phase2/clancy/turn_clips/audio/DCBWoWhsTpA/DCBWoWhsTpA_turn05910.wav | /Users/rajeshpmu/Desktop/LegalMemoCMT/data/processed/phase2/clancy/turn_clips/audio/DCBWoWhsTpA/DCBWoWhsTpA_turn05914.wav | /Users/rajeshpmu/Desktop/LegalMemoCMT/data/processed/phase2/clancy/turn_clips/audio/DCBWoWhsTpA/DCBWoWhsTpA_turn05915.wav,/Users/rajeshpmu/Desktop/LegalMemoCMT/data/processed/phase2/clancy/turn_clips/video/DCBWoWhsTpA/DCBWoWhsTpA_turn05910.mp4 | /Users/rajeshpmu/Desktop/LegalMemoCMT/data/processed/phase2/clancy/turn_clips/video/DCBWoWhsTpA/DCBWoWhsTpA_turn05914.mp4 | /Users/rajeshpmu/Desktop/LegalMemoCMT/data/processed/phase2/clancy/turn_clips/video/DCBWoWhsTpA/DCBWoWhsTpA_turn05915.mp4,"Thank you, your honor. Comalth calls Ian Whip. I would rather than I do. || Trace break, please. || Thank you. Good morning. Can you please state and spell your name for the record?",,,,,,,
DCBWoWhsTpA,SPEAKER_07,26,3,DCBWoWhsTpA_turn06538 | DCBWoWhsTpA_turn06541 | DCBWoWhsTpA_turn06544,/Users/rajeshpmu/Desktop/LegalMemoCMT/data/processed/phase2/clancy/turn_clips/audio/DCBWoWhsTpA/DCBWoWhsTpA_turn06538.wav | /Users/rajeshpmu/Desktop/LegalMemoCMT/data/processed/phase2/clancy/turn_clips/audio/DCBWoWhsTpA/DCBWoWhsTpA_turn06541.wav | /Users/rajeshpmu/Desktop/LegalMemoCMT/data/processed/phase2/clancy/turn_clips/audio/DCBWoWhsTpA/DCBWoWhsTpA_turn06544.wav,/Users/rajeshpmu/Desktop/LegalMemoCMT/data/processed/phase2/clancy/turn_clips/video/DCBWoWhsTpA/DCBWoWhsTpA_turn06538.mp4 | /Users/rajeshpmu/Desktop/LegalMemoCMT/data/processed/phase2/clancy/turn_clips/video/DCBWoWhsTpA/DCBWoWhsTpA_turn06541.mp4 | /Users/rajeshpmu/Desktop/LegalMemoCMT/data/processed/phase2/clancy/turn_clips/video/DCBWoWhsTpA/DCBWoWhsTpA_turn06544.mp4,It's Allison Oza. A L L I S O N. Last name is O Z G A. || How you know? || Uh we're very close. We have not lived in the same state for about 10 years now. Um but we do communicate and I do think we're very close.,,,,,,,
DCBWoWhsTpA,SPEAKER_08,5,3,DCBWoWhsTpA_turn05901 | DCBWoWhsTpA_turn05902 | DCBWoWhsTpA_turn05903,/Users/rajeshpmu/Desktop/LegalMemoCMT/data/processed/phase2/clancy/turn_clips/audio/DCBWoWhsTpA/DCBWoWhsTpA_turn05901.wav | /Users/rajeshpmu/Desktop/LegalMemoCMT/data/processed/phase2/clancy/turn_clips/audio/DCBWoWhsTpA/DCBWoWhsTpA_turn05902.wav | /Users/rajeshpmu/Desktop/LegalMemoCMT/data/processed/phase2/clancy/turn_clips/audio/DCBWoWhsTpA/DCBWoWhsTpA_turn05903.wav,/Users/rajeshpmu/Desktop/LegalMemoCMT/data/processed/phase2/clancy/turn_clips/video/DCBWoWhsTpA/DCBWoWhsTpA_turn05901.mp4 | /Users/rajeshpmu/Desktop/LegalMemoCMT/data/processed/phase2/clancy/turn_clips/video/DCBWoWhsTpA/DCBWoWhsTpA_turn05902.mp4 | /Users/rajeshpmu/Desktop/LegalMemoCMT/data/processed/phase2/clancy/turn_clips/video/DCBWoWhsTpA/DCBWoWhsTpA_turn05903.mp4,"Good morning, your honor. May I proceed? || Yes, please. || Honor, before the court today, we have the matter of Commonwealth versus Lindsay Clansancy. Miss Clancy is present. She is represented by attorney Kevin Readington, and the Commonwealth is represented by Assistant District Attorney Jennifer Sprag and Assistant District Attorney Shannon Buckingham.",,,,,,,
DCBWoWhsTpA,SPEAKER_10,2,2,DCBWoWhsTpA_turn06427 | DCBWoWhsTpA_turn06723,/Users/rajeshpmu/Desktop/LegalMemoCMT/data/processed/phase2/clancy/turn_clips/audio/DCBWoWhsTpA/DCBWoWhsTpA_turn06427.wav | /Users/rajeshpmu/Desktop/LegalMemoCMT/data/processed/phase2/clancy/turn_clips/audio/DCBWoWhsTpA/DCBWoWhsTpA_turn06723.wav,/Users/rajeshpmu/Desktop/LegalMemoCMT/data/processed/phase2/clancy/turn_clips/video/DCBWoWhsTpA/DCBWoWhsTpA_turn06427.mp4 | /Users/rajeshpmu/Desktop/LegalMemoCMT/data/processed/phase2/clancy/turn_clips/video/DCBWoWhsTpA/DCBWoWhsTpA_turn06723.mp4,Court allies. [clears throat] || No question.,,,,,,,
DCBWoWhsTpA,SPEAKER_11,4,3,DCBWoWhsTpA_turn05905 | DCBWoWhsTpA_turn05906 | DCBWoWhsTpA_turn06130,/Users/rajeshpmu/Desktop/LegalMemoCMT/data/processed/phase2/clancy/turn_clips/audio/DCBWoWhsTpA/DCBWoWhsTpA_turn05905.wav | /Users/rajeshpmu/Desktop/LegalMemoCMT/data/processed/phase2/clancy/turn_clips/audio/DCBWoWhsTpA/DCBWoWhsTpA_turn05906.wav | /Users/rajeshpmu/Desktop/LegalMemoCMT/data/processed/phase2/clancy/turn_clips/audio/DCBWoWhsTpA/DCBWoWhsTpA_turn06130.wav,/Users/rajeshpmu/Desktop/LegalMemoCMT/data/processed/phase2/clancy/turn_clips/video/DCBWoWhsTpA/DCBWoWhsTpA_turn05905.mp4 | /Users/rajeshpmu/Desktop/LegalMemoCMT/data/processed/phase2/clancy/turn_clips/video/DCBWoWhsTpA/DCBWoWhsTpA_turn05906.mp4 | /Users/rajeshpmu/Desktop/LegalMemoCMT/data/processed/phase2/clancy/turn_clips/video/DCBWoWhsTpA/DCBWoWhsTpA_turn06130.mp4,"good morning, Miss Clancy. Um, all right. Before we bring the jury in, could I see everybody just for a few seconds? Hey. Hey. Hey hey all persons having anything to do before the honorable William Sullivan justice of the superior court now sitting in Plymouth within for the crown of Massachusetts this court is now in session please be seated || good morning your honor may I proceed || she's doing that?",,,,,,,
DCBWoWhsTpA,SPEAKER_12,9,3,DCBWoWhsTpA_turn06145 | DCBWoWhsTpA_turn06199 | DCBWoWhsTpA_turn06200,/Users/rajeshpmu/Desktop/LegalMemoCMT/data/processed/phase2/clancy/turn_clips/audio/DCBWoWhsTpA/DCBWoWhsTpA_turn06145.wav | /Users/rajeshpmu/Desktop/LegalMemoCMT/data/processed/phase2/clancy/turn_clips/audio/DCBWoWhsTpA/DCBWoWhsTpA_turn06199.wav | /Users/rajeshpmu/Desktop/LegalMemoCMT/data/processed/phase2/clancy/turn_clips/audio/DCBWoWhsTpA/DCBWoWhsTpA_turn06200.wav,/Users/rajeshpmu/Desktop/LegalMemoCMT/data/processed/phase2/clancy/turn_clips/video/DCBWoWhsTpA/DCBWoWhsTpA_turn06145.mp4 | /Users/rajeshpmu/Desktop/LegalMemoCMT/data/processed/phase2/clancy/turn_clips/video/DCBWoWhsTpA/DCBWoWhsTpA_turn06199.mp4 | /Users/rajeshpmu/Desktop/LegalMemoCMT/data/processed/phase2/clancy/turn_clips/video/DCBWoWhsTpA/DCBWoWhsTpA_turn06200.mp4,"Is the heart rate is on the watch? Yes, || You've seen this before, right? || Uh it rings a bell. Yes.",,,,,,,
DCBWoWhsTpA,SPEAKER_13,10,3,DCBWoWhsTpA_turn06556 | DCBWoWhsTpA_turn06557 | DCBWoWhsTpA_turn06558,/Users/rajeshpmu/Desktop/LegalMemoCMT/data/processed/phase2/clancy/turn_clips/audio/DCBWoWhsTpA/DCBWoWhsTpA_turn06556.wav | /Users/rajeshpmu/Desktop/LegalMemoCMT/data/processed/phase2/clancy/turn_clips/audio/DCBWoWhsTpA/DCBWoWhsTpA_turn06557.wav | /Users/rajeshpmu/Desktop/LegalMemoCMT/data/processed/phase2/clancy/turn_clips/audio/DCBWoWhsTpA/DCBWoWhsTpA_turn06558.wav,/Users/rajeshpmu/Desktop/LegalMemoCMT/data/processed/phase2/clancy/turn_clips/video/DCBWoWhsTpA/DCBWoWhsTpA_turn06556.mp4 | /Users/rajeshpmu/Desktop/LegalMemoCMT/data/processed/phase2/clancy/turn_clips/video/DCBWoWhsTpA/DCBWoWhsTpA_turn06557.mp4 | /Users/rajeshpmu/Desktop/LegalMemoCMT/data/processed/phase2/clancy/turn_clips/video/DCBWoWhsTpA/DCBWoWhsTpA_turn06558.mp4,What did she say? || She said yes at that point. || And you knew her husband Pat?,,,,,,,
DCBWoWhsTpA,SPEAKER_14,435,3,DCBWoWhsTpA_turn06137 | DCBWoWhsTpA_turn06138 | DCBWoWhsTpA_turn06139,/Users/rajeshpmu/Desktop/LegalMemoCMT/data/processed/phase2/clancy/turn_clips/audio/DCBWoWhsTpA/DCBWoWhsTpA_turn06137.wav | /Users/rajeshpmu/Desktop/LegalMemoCMT/data/processed/phase2/clancy/turn_clips/audio/DCBWoWhsTpA/DCBWoWhsTpA_turn06138.wav | /Users/rajeshpmu/Desktop/LegalMemoCMT/data/processed/phase2/clancy/turn_clips/audio/DCBWoWhsTpA/DCBWoWhsTpA_turn06139.wav,/Users/rajeshpmu/Desktop/LegalMemoCMT/data/processed/phase2/clancy/turn_clips/video/DCBWoWhsTpA/DCBWoWhsTpA_turn06137.mp4 | /Users/rajeshpmu/Desktop/LegalMemoCMT/data/processed/phase2/clancy/turn_clips/video/DCBWoWhsTpA/DCBWoWhsTpA_turn06138.mp4 | /Users/rajeshpmu/Desktop/LegalMemoCMT/data/processed/phase2/clancy/turn_clips/video/DCBWoWhsTpA/DCBWoWhsTpA_turn06139.mp4,"Thank you, honor. Morning. Good morning. || Um Mr. Whiffen, just um a couple of things. One of the takeaways or question that I had is that you were talking about in reference to the Apple Health data. Um it's fair to say that there's an issue as to the accuracy or reliability of the act of the app Apple Health data. You've actually done research on it. || I've done research on it. Yes.",,,,,,,
DCBWoWhsTpA,SPEAKER_15,9,3,DCBWoWhsTpA_turn06136 | DCBWoWhsTpA_turn06413 | DCBWoWhsTpA_turn06442,/Users/rajeshpmu/Desktop/LegalMemoCMT/data/processed/phase2/clancy/turn_clips/audio/DCBWoWhsTpA/DCBWoWhsTpA_turn06136.wav | /Users/rajeshpmu/Desktop/LegalMemoCMT/data/processed/phase2/clancy/turn_clips/audio/DCBWoWhsTpA/DCBWoWhsTpA_turn06413.wav | /Users/rajeshpmu/Desktop/LegalMemoCMT/data/processed/phase2/clancy/turn_clips/audio/DCBWoWhsTpA/DCBWoWhsTpA_turn06442.wav,/Users/rajeshpmu/Desktop/LegalMemoCMT/data/processed/phase2/clancy/turn_clips/video/DCBWoWhsTpA/DCBWoWhsTpA_turn06136.mp4 | /Users/rajeshpmu/Desktop/LegalMemoCMT/data/processed/phase2/clancy/turn_clips/video/DCBWoWhsTpA/DCBWoWhsTpA_turn06413.mp4 | /Users/rajeshpmu/Desktop/LegalMemoCMT/data/processed/phase2/clancy/turn_clips/video/DCBWoWhsTpA/DCBWoWhsTpA_turn06442.mp4,"All right. Thank you, Madam Clerk. Mr. Ready. || Yeah, they're by agreement. || Ready for the jury judge?",,,,,,,
DCBWoWhsTpA,SPEAKER_16,73,3,DCBWoWhsTpA_turn05904 | DCBWoWhsTpA_turn05908 | DCBWoWhsTpA_turn05909,/Users/rajeshpmu/Desktop/LegalMemoCMT/data/processed/phase2/clancy/turn_clips/audio/DCBWoWhsTpA/DCBWoWhsTpA_turn05904.wav | /Users/rajeshpmu/Desktop/LegalMemoCMT/data/processed/phase2/clancy/turn_clips/audio/DCBWoWhsTpA/DCBWoWhsTpA_turn05908.wav | /Users/rajeshpmu/Desktop/LegalMemoCMT/data/processed/phase2/clancy/turn_clips/audio/DCBWoWhsTpA/DCBWoWhsTpA_turn05909.wav,/Users/rajeshpmu/Desktop/LegalMemoCMT/data/processed/phase2/clancy/turn_clips/video/DCBWoWhsTpA/DCBWoWhsTpA_turn05904.mp4 | /Users/rajeshpmu/Desktop/LegalMemoCMT/data/processed/phase2/clancy/turn_clips/video/DCBWoWhsTpA/DCBWoWhsTpA_turn05908.mp4 | /Users/rajeshpmu/Desktop/LegalMemoCMT/data/processed/phase2/clancy/turn_clips/video/DCBWoWhsTpA/DCBWoWhsTpA_turn05909.mp4,"All right. Well, good morning everyone. Good morning, council. Uh, || Well, good morning everyone. || Nice to see everyone. I hope everybody had a chance to kind of rest up a little bit uh and uh come back here and we're going to get right back to the trial. So, I want to do first ask you those questions since we had a long a long break uh uh and then talk a little bit about the schedule and kind of today's schedule and kind of where we go uh from here. So uh so first question as you know is any member of the jury read, seen, heard or overheard anything from any source about any aspect of this case uh that would affect your ability to be a fair and impartial juror? All right. Next question. Is there any other serious matter or concern bearing on your service as a juror in this case that anybody needs to bring to my attention at this time? Again, thank you so much for following those instructions. Uh so uh today's schedule um is that uh it may be kind of a little bit stop and start. Okay. So kind of bear with us on that. Might be a couple times we got to take a a break just after a short amount of time and then we'll bring you back in. It's just the nature of cases at this point. Uh the it's anticipated uh that the Commonwealth uh will will close their portion of the evidence uh today. All right. Then at that point, the defendant has the opportunity if they want to to present uh witnesses and evidence uh if they want to. But remember, they don't have to. The burden of proof is always on the commonwealth. All right? If the if the defendant offers evidence, then the commonwealth is then given the opportunity to uh offer rebuttal evidence. All right? And so that um so that's kind of the next phase that we're about to go into after the Commonwealth rests. Uh, and I'll go into a little bit more kind of how that goes, but I just kind of wanted you to kind of see where we are and where everything's going to fit procedurally as we go forward from here. Um, so with that, uh, we're going to return to the Commonwealth, uh, Commonwalth's case, uh, and attorney Sprag.",,,,,,,
DCBWoWhsTpA,SPEAKER_17,42,3,DCBWoWhsTpA_turn06938 | DCBWoWhsTpA_turn06939 | DCBWoWhsTpA_turn06940,/Users/rajeshpmu/Desktop/LegalMemoCMT/data/processed/phase2/clancy/turn_clips/audio/DCBWoWhsTpA/DCBWoWhsTpA_turn06938.wav | /Users/rajeshpmu/Desktop/LegalMemoCMT/data/processed/phase2/clancy/turn_clips/audio/DCBWoWhsTpA/DCBWoWhsTpA_turn06939.wav | /Users/rajeshpmu/Desktop/LegalMemoCMT/data/processed/phase2/clancy/turn_clips/audio/DCBWoWhsTpA/DCBWoWhsTpA_turn06940.wav,/Users/rajeshpmu/Desktop/LegalMemoCMT/data/processed/phase2/clancy/turn_clips/video/DCBWoWhsTpA/DCBWoWhsTpA_turn06938.mp4 | /Users/rajeshpmu/Desktop/LegalMemoCMT/data/processed/phase2/clancy/turn_clips/video/DCBWoWhsTpA/DCBWoWhsTpA_turn06939.mp4 | /Users/rajeshpmu/Desktop/LegalMemoCMT/data/processed/phase2/clancy/turn_clips/video/DCBWoWhsTpA/DCBWoWhsTpA_turn06940.mp4,"It's Michael Wulovich. It's uh Visen Victor. U L F as in Frank. O V is invari. || And um what do you do for work, sir? || Uh I'm an emergency medicine doctor. I work full-time at Newton Welsley Hospital.",,,,,,,
DCBWoWhsTpA,SPEAKER_18,134,3,DCBWoWhsTpA_turn05916 | DCBWoWhsTpA_turn05917 | DCBWoWhsTpA_turn05919,/Users/rajeshpmu/Desktop/LegalMemoCMT/data/processed/phase2/clancy/turn_clips/audio/DCBWoWhsTpA/DCBWoWhsTpA_turn05916.wav | /Users/rajeshpmu/Desktop/LegalMemoCMT/data/processed/phase2/clancy/turn_clips/audio/DCBWoWhsTpA/DCBWoWhsTpA_turn05917.wav | /Users/rajeshpmu/Desktop/LegalMemoCMT/data/processed/phase2/clancy/turn_clips/audio/DCBWoWhsTpA/DCBWoWhsTpA_turn05919.wav,/Users/rajeshpmu/Desktop/LegalMemoCMT/data/processed/phase2/clancy/turn_clips/video/DCBWoWhsTpA/DCBWoWhsTpA_turn05916.mp4 | /Users/rajeshpmu/Desktop/LegalMemoCMT/data/processed/phase2/clancy/turn_clips/video/DCBWoWhsTpA/DCBWoWhsTpA_turn05917.mp4 | /Users/rajeshpmu/Desktop/LegalMemoCMT/data/processed/phase2/clancy/turn_clips/video/DCBWoWhsTpA/DCBWoWhsTpA_turn05919.mp4,Yes. It's Ian Wiffin. I A N W H I F I N. || Where do you work? || What is Celebrite?,,,,,,,
DCBWoWhsTpA,SPEAKER_19,1,1,DCBWoWhsTpA_turn06135,/Users/rajeshpmu/Desktop/LegalMemoCMT/data/processed/phase2/clancy/turn_clips/audio/DCBWoWhsTpA/DCBWoWhsTpA_turn06135.wav,/Users/rajeshpmu/Desktop/LegalMemoCMT/data/processed/phase2/clancy/turn_clips/video/DCBWoWhsTpA/DCBWoWhsTpA_turn06135.mp4,All right. Yeah. Board is back in session. You may be seated.,,,,,,,
DCBWoWhsTpA,UNKNOWN,23,3,DCBWoWhsTpA_turn06029 | DCBWoWhsTpA_turn06036 | DCBWoWhsTpA_turn06069,/Users/rajeshpmu/Desktop/LegalMemoCMT/data/processed/phase2/clancy/turn_clips/audio/DCBWoWhsTpA/DCBWoWhsTpA_turn06029.wav | /Users/rajeshpmu/Desktop/LegalMemoCMT/data/processed/phase2/clancy/turn_clips/audio/DCBWoWhsTpA/DCBWoWhsTpA_turn06036.wav | /Users/rajeshpmu/Desktop/LegalMemoCMT/data/processed/phase2/clancy/turn_clips/audio/DCBWoWhsTpA/DCBWoWhsTpA_turn06069.wav,/Users/rajeshpmu/Desktop/LegalMemoCMT/data/processed/phase2/clancy/turn_clips/video/DCBWoWhsTpA/DCBWoWhsTpA_turn06029.mp4 | /Users/rajeshpmu/Desktop/LegalMemoCMT/data/processed/phase2/clancy/turn_clips/video/DCBWoWhsTpA/DCBWoWhsTpA_turn06036.mp4 | /Users/rajeshpmu/Desktop/LegalMemoCMT/data/processed/phase2/clancy/turn_clips/video/DCBWoWhsTpA/DCBWoWhsTpA_turn06069.mp4,Correct. || Correct. || That's correct.,,,,,,,
LGYerNiA8kI,SPEAKER_00,53,3,LGYerNiA8kI_turn07062 | LGYerNiA8kI_turn07063 | LGYerNiA8kI_turn07125,/Users/rajeshpmu/Desktop/LegalMemoCMT/data/processed/phase2/clancy/turn_clips/audio/LGYerNiA8kI/LGYerNiA8kI_turn07062.wav | /Users/rajeshpmu/Desktop/LegalMemoCMT/data/processed/phase2/clancy/turn_clips/audio/LGYerNiA8kI/LGYerNiA8kI_turn07063.wav | /Users/rajeshpmu/Desktop/LegalMemoCMT/data/processed/phase2/clancy/turn_clips/audio/LGYerNiA8kI/LGYerNiA8kI_turn07125.wav,/Users/rajeshpmu/Desktop/LegalMemoCMT/data/processed/phase2/clancy/turn_clips/video/LGYerNiA8kI/LGYerNiA8kI_turn07062.mp4 | /Users/rajeshpmu/Desktop/LegalMemoCMT/data/processed/phase2/clancy/turn_clips/video/LGYerNiA8kI/LGYerNiA8kI_turn07063.mp4 | /Users/rajeshpmu/Desktop/LegalMemoCMT/data/processed/phase2/clancy/turn_clips/video/LGYerNiA8kI/LGYerNiA8kI_turn07125.mp4,Any objection? || They may be admitted. || Good morning.,,,,,,,
LGYerNiA8kI,SPEAKER_02,22,3,LGYerNiA8kI_turn07037 | LGYerNiA8kI_turn07038 | LGYerNiA8kI_turn07039,/Users/rajeshpmu/Desktop/LegalMemoCMT/data/processed/phase2/clancy/turn_clips/audio/LGYerNiA8kI/LGYerNiA8kI_turn07037.wav | /Users/rajeshpmu/Desktop/LegalMemoCMT/data/processed/phase2/clancy/turn_clips/audio/LGYerNiA8kI/LGYerNiA8kI_turn07038.wav | /Users/rajeshpmu/Desktop/LegalMemoCMT/data/processed/phase2/clancy/turn_clips/audio/LGYerNiA8kI/LGYerNiA8kI_turn07039.wav,/Users/rajeshpmu/Desktop/LegalMemoCMT/data/processed/phase2/clancy/turn_clips/video/LGYerNiA8kI/LGYerNiA8kI_turn07037.mp4 | /Users/rajeshpmu/Desktop/LegalMemoCMT/data/processed/phase2/clancy/turn_clips/video/LGYerNiA8kI/LGYerNiA8kI_turn07038.mp4 | /Users/rajeshpmu/Desktop/LegalMemoCMT/data/processed/phase2/clancy/turn_clips/video/LGYerNiA8kI/LGYerNiA8kI_turn07039.mp4,Lindsay Rashard. L I N D S A Y R O S H I R T. || And what do you do for a living? || I'm a pediatrician.,,,,,,,
LGYerNiA8kI,SPEAKER_03,69,3,LGYerNiA8kI_turn07041 | LGYerNiA8kI_turn07042 | LGYerNiA8kI_turn07043,/Users/rajeshpmu/Desktop/LegalMemoCMT/data/processed/phase2/clancy/turn_clips/audio/LGYerNiA8kI/LGYerNiA8kI_turn07041.wav | /Users/rajeshpmu/Desktop/LegalMemoCMT/data/processed/phase2/clancy/turn_clips/audio/LGYerNiA8kI/LGYerNiA8kI_turn07042.wav | /Users/rajeshpmu/Desktop/LegalMemoCMT/data/processed/phase2/clancy/turn_clips/audio/LGYerNiA8kI/LGYerNiA8kI_turn07043.wav,/Users/rajeshpmu/Desktop/LegalMemoCMT/data/processed/phase2/clancy/turn_clips/video/LGYerNiA8kI/LGYerNiA8kI_turn07041.mp4 | /Users/rajeshpmu/Desktop/LegalMemoCMT/data/processed/phase2/clancy/turn_clips/video/LGYerNiA8kI/LGYerNiA8kI_turn07042.mp4 | /Users/rajeshpmu/Desktop/LegalMemoCMT/data/processed/phase2/clancy/turn_clips/video/LGYerNiA8kI/LGYerNiA8kI_turn07043.mp4,I work at Quincy Pediatrics. || Back in um 2023. Um where did you work? || Southshore Medical Center.,,,,,,,
LGYerNiA8kI,UNKNOWN,3,3,LGYerNiA8kI_turn07068 | LGYerNiA8kI_turn07123 | LGYerNiA8kI_turn07183,/Users/rajeshpmu/Desktop/LegalMemoCMT/data/processed/phase2/clancy/turn_clips/audio/LGYerNiA8kI/LGYerNiA8kI_turn07068.wav | /Users/rajeshpmu/Desktop/LegalMemoCMT/data/processed/phase2/clancy/turn_clips/audio/LGYerNiA8kI/LGYerNiA8kI_turn07123.wav | /Users/rajeshpmu/Desktop/LegalMemoCMT/data/processed/phase2/clancy/turn_clips/audio/LGYerNiA8kI/LGYerNiA8kI_turn07183.wav,/Users/rajeshpmu/Desktop/LegalMemoCMT/data/processed/phase2/clancy/turn_clips/video/LGYerNiA8kI/LGYerNiA8kI_turn07068.mp4 | /Users/rajeshpmu/Desktop/LegalMemoCMT/data/processed/phase2/clancy/turn_clips/video/LGYerNiA8kI/LGYerNiA8kI_turn07123.mp4 | /Users/rajeshpmu/Desktop/LegalMemoCMT/data/processed/phase2/clancy/turn_clips/video/LGYerNiA8kI/LGYerNiA8kI_turn07183.mp4,"Not that I can remember. || Yes, I believe so. || Thank you. This",,,,,,,
VQQb9BbgwHg,UNKNOWN,208,3,VQQb9BbgwHg_turn07184 | VQQb9BbgwHg_turn07185 | VQQb9BbgwHg_turn07186,/Users/rajeshpmu/Desktop/LegalMemoCMT/data/processed/phase2/clancy/turn_clips/audio/VQQb9BbgwHg/VQQb9BbgwHg_turn07184.wav | /Users/rajeshpmu/Desktop/LegalMemoCMT/data/processed/phase2/clancy/turn_clips/audio/VQQb9BbgwHg/VQQb9BbgwHg_turn07185.wav | /Users/rajeshpmu/Desktop/LegalMemoCMT/data/processed/phase2/clancy/turn_clips/audio/VQQb9BbgwHg/VQQb9BbgwHg_turn07186.wav,/Users/rajeshpmu/Desktop/LegalMemoCMT/data/processed/phase2/clancy/turn_clips/video/VQQb9BbgwHg/VQQb9BbgwHg_turn07184.mp4 | /Users/rajeshpmu/Desktop/LegalMemoCMT/data/processed/phase2/clancy/turn_clips/video/VQQb9BbgwHg/VQQb9BbgwHg_turn07185.mp4 | /Users/rajeshpmu/Desktop/LegalMemoCMT/data/processed/phase2/clancy/turn_clips/video/VQQb9BbgwHg/VQQb9BbgwHg_turn07186.mp4,"is now in session. You may be seated. || Yes, please. || Today we have the matter versus Lindsay Clancy. Miss Clancy is present. She is represented by attorney Kevin Reington. The Commonwealth is represented by assistant district attorney Jennifer Strike and Assistant District Attorney Shann.",,,,,,,
ZJd1Lk4w-qo,SPEAKER_00,432,3,ZJd1Lk4w-qo_turn07392 | ZJd1Lk4w-qo_turn07394 | ZJd1Lk4w-qo_turn07395,/Users/rajeshpmu/Desktop/LegalMemoCMT/data/processed/phase2/clancy/turn_clips/audio/ZJd1Lk4w-qo/ZJd1Lk4w-qo_turn07392.wav | /Users/rajeshpmu/Desktop/LegalMemoCMT/data/processed/phase2/clancy/turn_clips/audio/ZJd1Lk4w-qo/ZJd1Lk4w-qo_turn07394.wav | /Users/rajeshpmu/Desktop/LegalMemoCMT/data/processed/phase2/clancy/turn_clips/audio/ZJd1Lk4w-qo/ZJd1Lk4w-qo_turn07395.wav,/Users/rajeshpmu/Desktop/LegalMemoCMT/data/processed/phase2/clancy/turn_clips/video/ZJd1Lk4w-qo/ZJd1Lk4w-qo_turn07392.mp4 | /Users/rajeshpmu/Desktop/LegalMemoCMT/data/processed/phase2/clancy/turn_clips/video/ZJd1Lk4w-qo/ZJd1Lk4w-qo_turn07394.mp4 | /Users/rajeshpmu/Desktop/LegalMemoCMT/data/processed/phase2/clancy/turn_clips/video/ZJd1Lk4w-qo/ZJd1Lk4w-qo_turn07395.mp4,And um can you tell us a little bit about your educational background to be a psychiatrist? || are you licensed here in Massachusetts um to practice as a psychiatrist? || I am.,,,,,,,
ZJd1Lk4w-qo,SPEAKER_01,20,3,ZJd1Lk4w-qo_turn07442 | ZJd1Lk4w-qo_turn07444 | ZJd1Lk4w-qo_turn07466,/Users/rajeshpmu/Desktop/LegalMemoCMT/data/processed/phase2/clancy/turn_clips/audio/ZJd1Lk4w-qo/ZJd1Lk4w-qo_turn07442.wav | /Users/rajeshpmu/Desktop/LegalMemoCMT/data/processed/phase2/clancy/turn_clips/audio/ZJd1Lk4w-qo/ZJd1Lk4w-qo_turn07444.wav | /Users/rajeshpmu/Desktop/LegalMemoCMT/data/processed/phase2/clancy/turn_clips/audio/ZJd1Lk4w-qo/ZJd1Lk4w-qo_turn07466.wav,/Users/rajeshpmu/Desktop/LegalMemoCMT/data/processed/phase2/clancy/turn_clips/video/ZJd1Lk4w-qo/ZJd1Lk4w-qo_turn07442.mp4 | /Users/rajeshpmu/Desktop/LegalMemoCMT/data/processed/phase2/clancy/turn_clips/video/ZJd1Lk4w-qo/ZJd1Lk4w-qo_turn07444.mp4 | /Users/rajeshpmu/Desktop/LegalMemoCMT/data/processed/phase2/clancy/turn_clips/video/ZJd1Lk4w-qo/ZJd1Lk4w-qo_turn07466.mp4,"May I have some more pictures? || Sorry. No worries. || I'll allow some background, but let's kind of move it along.",,,,,,,
ZJd1Lk4w-qo,SPEAKER_02,6,3,ZJd1Lk4w-qo_turn07489 | ZJd1Lk4w-qo_turn07490 | ZJd1Lk4w-qo_turn08329,/Users/rajeshpmu/Desktop/LegalMemoCMT/data/processed/phase2/clancy/turn_clips/audio/ZJd1Lk4w-qo/ZJd1Lk4w-qo_turn07489.wav | /Users/rajeshpmu/Desktop/LegalMemoCMT/data/processed/phase2/clancy/turn_clips/audio/ZJd1Lk4w-qo/ZJd1Lk4w-qo_turn07490.wav | /Users/rajeshpmu/Desktop/LegalMemoCMT/data/processed/phase2/clancy/turn_clips/audio/ZJd1Lk4w-qo/ZJd1Lk4w-qo_turn08329.wav,/Users/rajeshpmu/Desktop/LegalMemoCMT/data/processed/phase2/clancy/turn_clips/video/ZJd1Lk4w-qo/ZJd1Lk4w-qo_turn07489.mp4 | /Users/rajeshpmu/Desktop/LegalMemoCMT/data/processed/phase2/clancy/turn_clips/video/ZJd1Lk4w-qo/ZJd1Lk4w-qo_turn07490.mp4 | /Users/rajeshpmu/Desktop/LegalMemoCMT/data/processed/phase2/clancy/turn_clips/video/ZJd1Lk4w-qo/ZJd1Lk4w-qo_turn08329.mp4,She's thinking if she knows I have no objection. I'm going to object to the way she's answering. || All right. She is Why don't you rephrase the question? || And it's outside the scope of class objection. O overall a lot of,,,,,,,
ZJd1Lk4w-qo,SPEAKER_03,301,3,ZJd1Lk4w-qo_turn07470 | ZJd1Lk4w-qo_turn07473 | ZJd1Lk4w-qo_turn07843,/Users/rajeshpmu/Desktop/LegalMemoCMT/data/processed/phase2/clancy/turn_clips/audio/ZJd1Lk4w-qo/ZJd1Lk4w-qo_turn07470.wav | /Users/rajeshpmu/Desktop/LegalMemoCMT/data/processed/phase2/clancy/turn_clips/audio/ZJd1Lk4w-qo/ZJd1Lk4w-qo_turn07473.wav | /Users/rajeshpmu/Desktop/LegalMemoCMT/data/processed/phase2/clancy/turn_clips/audio/ZJd1Lk4w-qo/ZJd1Lk4w-qo_turn07843.wav,/Users/rajeshpmu/Desktop/LegalMemoCMT/data/processed/phase2/clancy/turn_clips/video/ZJd1Lk4w-qo/ZJd1Lk4w-qo_turn07470.mp4 | /Users/rajeshpmu/Desktop/LegalMemoCMT/data/processed/phase2/clancy/turn_clips/video/ZJd1Lk4w-qo/ZJd1Lk4w-qo_turn07473.mp4 | /Users/rajeshpmu/Desktop/LegalMemoCMT/data/processed/phase2/clancy/turn_clips/video/ZJd1Lk4w-qo/ZJd1Lk4w-qo_turn07843.mp4,Um || AMA is not applicable if we can approach. || Just like to um start off just by asking um district attorney asked you about resources that were provided to her. What were the resources?,,,,,,,
ZJd1Lk4w-qo,SPEAKER_04,1,1,ZJd1Lk4w-qo_turn07735,/Users/rajeshpmu/Desktop/LegalMemoCMT/data/processed/phase2/clancy/turn_clips/audio/ZJd1Lk4w-qo/ZJd1Lk4w-qo_turn07735.wav,/Users/rajeshpmu/Desktop/LegalMemoCMT/data/processed/phase2/clancy/turn_clips/video/ZJd1Lk4w-qo/ZJd1Lk4w-qo_turn07735.mp4,If that's what it says.,,,,,,,
ZJd1Lk4w-qo,SPEAKER_05,6,3,ZJd1Lk4w-qo_turn07598 | ZJd1Lk4w-qo_turn07617 | ZJd1Lk4w-qo_turn07663,/Users/rajeshpmu/Desktop/LegalMemoCMT/data/processed/phase2/clancy/turn_clips/audio/ZJd1Lk4w-qo/ZJd1Lk4w-qo_turn07598.wav | /Users/rajeshpmu/Desktop/LegalMemoCMT/data/processed/phase2/clancy/turn_clips/audio/ZJd1Lk4w-qo/ZJd1Lk4w-qo_turn07617.wav | /Users/rajeshpmu/Desktop/LegalMemoCMT/data/processed/phase2/clancy/turn_clips/audio/ZJd1Lk4w-qo/ZJd1Lk4w-qo_turn07663.wav,/Users/rajeshpmu/Desktop/LegalMemoCMT/data/processed/phase2/clancy/turn_clips/video/ZJd1Lk4w-qo/ZJd1Lk4w-qo_turn07598.mp4 | /Users/rajeshpmu/Desktop/LegalMemoCMT/data/processed/phase2/clancy/turn_clips/video/ZJd1Lk4w-qo/ZJd1Lk4w-qo_turn07617.mp4 | /Users/rajeshpmu/Desktop/LegalMemoCMT/data/processed/phase2/clancy/turn_clips/video/ZJd1Lk4w-qo/ZJd1Lk4w-qo_turn07663.mp4,Yes. || in the past? Yes. || What was her mood?,,,,,,,
ZJd1Lk4w-qo,SPEAKER_06,210,3,ZJd1Lk4w-qo_turn07393 | ZJd1Lk4w-qo_turn07400 | ZJd1Lk4w-qo_turn07401,/Users/rajeshpmu/Desktop/LegalMemoCMT/data/processed/phase2/clancy/turn_clips/audio/ZJd1Lk4w-qo/ZJd1Lk4w-qo_turn07393.wav | /Users/rajeshpmu/Desktop/LegalMemoCMT/data/processed/phase2/clancy/turn_clips/audio/ZJd1Lk4w-qo/ZJd1Lk4w-qo_turn07400.wav | /Users/rajeshpmu/Desktop/LegalMemoCMT/data/processed/phase2/clancy/turn_clips/audio/ZJd1Lk4w-qo/ZJd1Lk4w-qo_turn07401.wav,/Users/rajeshpmu/Desktop/LegalMemoCMT/data/processed/phase2/clancy/turn_clips/video/ZJd1Lk4w-qo/ZJd1Lk4w-qo_turn07393.mp4 | /Users/rajeshpmu/Desktop/LegalMemoCMT/data/processed/phase2/clancy/turn_clips/video/ZJd1Lk4w-qo/ZJd1Lk4w-qo_turn07400.mp4 | /Users/rajeshpmu/Desktop/LegalMemoCMT/data/processed/phase2/clancy/turn_clips/video/ZJd1Lk4w-qo/ZJd1Lk4w-qo_turn07401.mp4,"Um I did my I got my medical degree from the State University of New York in Brooklyn, the Health Sciences Center, and I came to Boston to do my 4-year residency at the Harvard Longwood Psychiatry Residency Program. I also trained uh for an additional three years at um the Boston Psychoanalytic uh Institute and got my advanced training in advanced training pro I attended the advanced training program and um yeah || Um, yes. I've worked in several different settings. Uh when I first started out, I was working at Beth Israel um in integrated care, which means essentially that um you work with primary care physicians and if they have patients that they have questions about, they can consult you and if there's a need, you can continue to manage the patient psychoparm medications and if it's simple, they can continue to do it. But you're available to to for them to consult with and to discuss cases. After that I went to Emerson Hospital where I worked on the inpatient psychiatric unit for a total of nine years. Um I left for one year to be the medical director at another freestanding hospital. After that I worked at the women's prison in Framingham for a year and a half. Um and after that an outpatient clinic at uh affiliated with TUS I had a private practice for 2 years and then I've been working at MLAN for the last 5 years. || Okay. And what is MLAN hospital?",,,,,,,
ZJd1Lk4w-qo,UNKNOWN,16,3,ZJd1Lk4w-qo_turn07594 | ZJd1Lk4w-qo_turn07630 | ZJd1Lk4w-qo_turn07632,/Users/rajeshpmu/Desktop/LegalMemoCMT/data/processed/phase2/clancy/turn_clips/audio/ZJd1Lk4w-qo/ZJd1Lk4w-qo_turn07594.wav | /Users/rajeshpmu/Desktop/LegalMemoCMT/data/processed/phase2/clancy/turn_clips/audio/ZJd1Lk4w-qo/ZJd1Lk4w-qo_turn07630.wav | /Users/rajeshpmu/Desktop/LegalMemoCMT/data/processed/phase2/clancy/turn_clips/audio/ZJd1Lk4w-qo/ZJd1Lk4w-qo_turn07632.wav,/Users/rajeshpmu/Desktop/LegalMemoCMT/data/processed/phase2/clancy/turn_clips/video/ZJd1Lk4w-qo/ZJd1Lk4w-qo_turn07594.mp4 | /Users/rajeshpmu/Desktop/LegalMemoCMT/data/processed/phase2/clancy/turn_clips/video/ZJd1Lk4w-qo/ZJd1Lk4w-qo_turn07630.mp4 | /Users/rajeshpmu/Desktop/LegalMemoCMT/data/processed/phase2/clancy/turn_clips/video/ZJd1Lk4w-qo/ZJd1Lk4w-qo_turn07632.mp4,Yes. || Yes. || Yes.,,,,,,,
ma6ni-5zuW0,SPEAKER_00,58,3,ma6ni-5zuW0_turn08420 | ma6ni-5zuW0_turn08424 | ma6ni-5zuW0_turn08432,/Users/rajeshpmu/Desktop/LegalMemoCMT/data/processed/phase2/clancy/turn_clips/audio/ma6ni-5zuW0/ma6ni-5zuW0_turn08420.wav | /Users/rajeshpmu/Desktop/LegalMemoCMT/data/processed/phase2/clancy/turn_clips/audio/ma6ni-5zuW0/ma6ni-5zuW0_turn08424.wav | /Users/rajeshpmu/Desktop/LegalMemoCMT/data/processed/phase2/clancy/turn_clips/audio/ma6ni-5zuW0/ma6ni-5zuW0_turn08432.wav,/Users/rajeshpmu/Desktop/LegalMemoCMT/data/processed/phase2/clancy/turn_clips/video/ma6ni-5zuW0/ma6ni-5zuW0_turn08420.mp4 | /Users/rajeshpmu/Desktop/LegalMemoCMT/data/processed/phase2/clancy/turn_clips/video/ma6ni-5zuW0/ma6ni-5zuW0_turn08424.mp4 | /Users/rajeshpmu/Desktop/LegalMemoCMT/data/processed/phase2/clancy/turn_clips/video/ma6ni-5zuW0/ma6ni-5zuW0_turn08432.mp4,"Good afternoon. || My name is Paula Musgrove. P A U L A M U S G R O V E || She was a very good kid and an excellent student. Very excellent student all through all through school, through high school, college. Yes, excellent.",,,,,,,
ma6ni-5zuW0,SPEAKER_01,13,3,ma6ni-5zuW0_turn08415 | ma6ni-5zuW0_turn08416 | ma6ni-5zuW0_turn08421,/Users/rajeshpmu/Desktop/LegalMemoCMT/data/processed/phase2/clancy/turn_clips/audio/ma6ni-5zuW0/ma6ni-5zuW0_turn08415.wav | /Users/rajeshpmu/Desktop/LegalMemoCMT/data/processed/phase2/clancy/turn_clips/audio/ma6ni-5zuW0/ma6ni-5zuW0_turn08416.wav | /Users/rajeshpmu/Desktop/LegalMemoCMT/data/processed/phase2/clancy/turn_clips/audio/ma6ni-5zuW0/ma6ni-5zuW0_turn08421.wav,/Users/rajeshpmu/Desktop/LegalMemoCMT/data/processed/phase2/clancy/turn_clips/video/ma6ni-5zuW0/ma6ni-5zuW0_turn08415.mp4 | /Users/rajeshpmu/Desktop/LegalMemoCMT/data/processed/phase2/clancy/turn_clips/video/ma6ni-5zuW0/ma6ni-5zuW0_turn08416.mp4 | /Users/rajeshpmu/Desktop/LegalMemoCMT/data/processed/phase2/clancy/turn_clips/video/ma6ni-5zuW0/ma6ni-5zuW0_turn08421.mp4,"Ms. Rayburn || Your Honor, your Honor, Judge, thank you. || I'm going to ask remind you like everybody else to speak into the microphone if you could keep your voice up, please.",,,,,,,
ma6ni-5zuW0,SPEAKER_02,134,3,ma6ni-5zuW0_turn08384 | ma6ni-5zuW0_turn08385 | ma6ni-5zuW0_turn08386,/Users/rajeshpmu/Desktop/LegalMemoCMT/data/processed/phase2/clancy/turn_clips/audio/ma6ni-5zuW0/ma6ni-5zuW0_turn08384.wav | /Users/rajeshpmu/Desktop/LegalMemoCMT/data/processed/phase2/clancy/turn_clips/audio/ma6ni-5zuW0/ma6ni-5zuW0_turn08385.wav | /Users/rajeshpmu/Desktop/LegalMemoCMT/data/processed/phase2/clancy/turn_clips/audio/ma6ni-5zuW0/ma6ni-5zuW0_turn08386.wav,/Users/rajeshpmu/Desktop/LegalMemoCMT/data/processed/phase2/clancy/turn_clips/video/ma6ni-5zuW0/ma6ni-5zuW0_turn08384.mp4 | /Users/rajeshpmu/Desktop/LegalMemoCMT/data/processed/phase2/clancy/turn_clips/video/ma6ni-5zuW0/ma6ni-5zuW0_turn08385.mp4 | /Users/rajeshpmu/Desktop/LegalMemoCMT/data/processed/phase2/clancy/turn_clips/video/ma6ni-5zuW0/ma6ni-5zuW0_turn08386.mp4,"Yes. || And then of course the horrible day, were you aware or did somebody call you and tell you that the children had been || [sighs]",,,,,,,
ma6ni-5zuW0,UNKNOWN,4,3,ma6ni-5zuW0_turn08419 | ma6ni-5zuW0_turn08548 | ma6ni-5zuW0_turn08590,/Users/rajeshpmu/Desktop/LegalMemoCMT/data/processed/phase2/clancy/turn_clips/audio/ma6ni-5zuW0/ma6ni-5zuW0_turn08419.wav | /Users/rajeshpmu/Desktop/LegalMemoCMT/data/processed/phase2/clancy/turn_clips/audio/ma6ni-5zuW0/ma6ni-5zuW0_turn08548.wav | /Users/rajeshpmu/Desktop/LegalMemoCMT/data/processed/phase2/clancy/turn_clips/audio/ma6ni-5zuW0/ma6ni-5zuW0_turn08590.wav,/Users/rajeshpmu/Desktop/LegalMemoCMT/data/processed/phase2/clancy/turn_clips/video/ma6ni-5zuW0/ma6ni-5zuW0_turn08419.mp4 | /Users/rajeshpmu/Desktop/LegalMemoCMT/data/processed/phase2/clancy/turn_clips/video/ma6ni-5zuW0/ma6ni-5zuW0_turn08548.mp4 | /Users/rajeshpmu/Desktop/LegalMemoCMT/data/processed/phase2/clancy/turn_clips/video/ma6ni-5zuW0/ma6ni-5zuW0_turn08590.mp4,[cough] [clears throat] || Um there were many. || Thank you.,,,,,,,
peYoD-JkAXE,SPEAKER_00,1,1,peYoD-JkAXE_turn11234,/Users/rajeshpmu/Desktop/LegalMemoCMT/data/processed/phase2/clancy/turn_clips/audio/peYoD-JkAXE/peYoD-JkAXE_turn11234.wav,/Users/rajeshpmu/Desktop/LegalMemoCMT/data/processed/phase2/clancy/turn_clips/video/peYoD-JkAXE/peYoD-JkAXE_turn11234.mp4,"This court is now in session. Please be seated. For the purpose of the record, we return back to the trial. Commonwealth versus Clancy. All parties are present, including the defendant and including the 18 jurors.",,,,,,,
peYoD-JkAXE,SPEAKER_02,810,3,peYoD-JkAXE_turn08594 | peYoD-JkAXE_turn08595 | peYoD-JkAXE_turn08596,/Users/rajeshpmu/Desktop/LegalMemoCMT/data/processed/phase2/clancy/turn_clips/audio/peYoD-JkAXE/peYoD-JkAXE_turn08594.wav | /Users/rajeshpmu/Desktop/LegalMemoCMT/data/processed/phase2/clancy/turn_clips/audio/peYoD-JkAXE/peYoD-JkAXE_turn08595.wav | /Users/rajeshpmu/Desktop/LegalMemoCMT/data/processed/phase2/clancy/turn_clips/audio/peYoD-JkAXE/peYoD-JkAXE_turn08596.wav,/Users/rajeshpmu/Desktop/LegalMemoCMT/data/processed/phase2/clancy/turn_clips/video/peYoD-JkAXE/peYoD-JkAXE_turn08594.mp4 | /Users/rajeshpmu/Desktop/LegalMemoCMT/data/processed/phase2/clancy/turn_clips/video/peYoD-JkAXE/peYoD-JkAXE_turn08595.mp4 | /Users/rajeshpmu/Desktop/LegalMemoCMT/data/processed/phase2/clancy/turn_clips/video/peYoD-JkAXE/peYoD-JkAXE_turn08596.mp4,"Jennifer Tufts. J E N I F E R T UFTS. || Your date of birth? || December 31st, 1989.",,,,,,,
peYoD-JkAXE,SPEAKER_04,6,3,peYoD-JkAXE_turn10278 | peYoD-JkAXE_turn10894 | peYoD-JkAXE_turn10915,/Users/rajeshpmu/Desktop/LegalMemoCMT/data/processed/phase2/clancy/turn_clips/audio/peYoD-JkAXE/peYoD-JkAXE_turn10278.wav | /Users/rajeshpmu/Desktop/LegalMemoCMT/data/processed/phase2/clancy/turn_clips/audio/peYoD-JkAXE/peYoD-JkAXE_turn10894.wav | /Users/rajeshpmu/Desktop/LegalMemoCMT/data/processed/phase2/clancy/turn_clips/audio/peYoD-JkAXE/peYoD-JkAXE_turn10915.wav,/Users/rajeshpmu/Desktop/LegalMemoCMT/data/processed/phase2/clancy/turn_clips/video/peYoD-JkAXE/peYoD-JkAXE_turn10278.mp4 | /Users/rajeshpmu/Desktop/LegalMemoCMT/data/processed/phase2/clancy/turn_clips/video/peYoD-JkAXE/peYoD-JkAXE_turn10894.mp4 | /Users/rajeshpmu/Desktop/LegalMemoCMT/data/processed/phase2/clancy/turn_clips/video/peYoD-JkAXE/peYoD-JkAXE_turn10915.mp4,"On what? || Did she then have a script for Prozac 10 milligrams? That's what she said. || Yes, we were talking about the cerakquil,",,,,,,,
peYoD-JkAXE,SPEAKER_05,43,3,peYoD-JkAXE_turn08700 | peYoD-JkAXE_turn08723 | peYoD-JkAXE_turn08724,/Users/rajeshpmu/Desktop/LegalMemoCMT/data/processed/phase2/clancy/turn_clips/audio/peYoD-JkAXE/peYoD-JkAXE_turn08700.wav | /Users/rajeshpmu/Desktop/LegalMemoCMT/data/processed/phase2/clancy/turn_clips/audio/peYoD-JkAXE/peYoD-JkAXE_turn08723.wav | /Users/rajeshpmu/Desktop/LegalMemoCMT/data/processed/phase2/clancy/turn_clips/audio/peYoD-JkAXE/peYoD-JkAXE_turn08724.wav,/Users/rajeshpmu/Desktop/LegalMemoCMT/data/processed/phase2/clancy/turn_clips/video/peYoD-JkAXE/peYoD-JkAXE_turn08700.mp4 | /Users/rajeshpmu/Desktop/LegalMemoCMT/data/processed/phase2/clancy/turn_clips/video/peYoD-JkAXE/peYoD-JkAXE_turn08723.mp4 | /Users/rajeshpmu/Desktop/LegalMemoCMT/data/processed/phase2/clancy/turn_clips/video/peYoD-JkAXE/peYoD-JkAXE_turn08724.mp4,and the date is 912. || Yes. || Good.,,,,,,,
peYoD-JkAXE,SPEAKER_06,9,3,peYoD-JkAXE_turn08694 | peYoD-JkAXE_turn09619 | peYoD-JkAXE_turn09620,/Users/rajeshpmu/Desktop/LegalMemoCMT/data/processed/phase2/clancy/turn_clips/audio/peYoD-JkAXE/peYoD-JkAXE_turn08694.wav | /Users/rajeshpmu/Desktop/LegalMemoCMT/data/processed/phase2/clancy/turn_clips/audio/peYoD-JkAXE/peYoD-JkAXE_turn09619.wav | /Users/rajeshpmu/Desktop/LegalMemoCMT/data/processed/phase2/clancy/turn_clips/audio/peYoD-JkAXE/peYoD-JkAXE_turn09620.wav,/Users/rajeshpmu/Desktop/LegalMemoCMT/data/processed/phase2/clancy/turn_clips/video/peYoD-JkAXE/peYoD-JkAXE_turn08694.mp4 | /Users/rajeshpmu/Desktop/LegalMemoCMT/data/processed/phase2/clancy/turn_clips/video/peYoD-JkAXE/peYoD-JkAXE_turn09619.mp4 | /Users/rajeshpmu/Desktop/LegalMemoCMT/data/processed/phase2/clancy/turn_clips/video/peYoD-JkAXE/peYoD-JkAXE_turn09620.mp4,Yes. || Thank you doctor. I have nothing further. || Uh good morning doctor.,,,,,,,
peYoD-JkAXE,SPEAKER_07,1116,3,peYoD-JkAXE_turn08885 | peYoD-JkAXE_turn08973 | peYoD-JkAXE_turn09621,/Users/rajeshpmu/Desktop/LegalMemoCMT/data/processed/phase2/clancy/turn_clips/audio/peYoD-JkAXE/peYoD-JkAXE_turn08885.wav | /Users/rajeshpmu/Desktop/LegalMemoCMT/data/processed/phase2/clancy/turn_clips/audio/peYoD-JkAXE/peYoD-JkAXE_turn08973.wav | /Users/rajeshpmu/Desktop/LegalMemoCMT/data/processed/phase2/clancy/turn_clips/audio/peYoD-JkAXE/peYoD-JkAXE_turn09621.wav,/Users/rajeshpmu/Desktop/LegalMemoCMT/data/processed/phase2/clancy/turn_clips/video/peYoD-JkAXE/peYoD-JkAXE_turn08885.mp4 | /Users/rajeshpmu/Desktop/LegalMemoCMT/data/processed/phase2/clancy/turn_clips/video/peYoD-JkAXE/peYoD-JkAXE_turn08973.mp4 | /Users/rajeshpmu/Desktop/LegalMemoCMT/data/processed/phase2/clancy/turn_clips/video/peYoD-JkAXE/peYoD-JkAXE_turn09621.mp4,I apologize. Can we know what related to this patient rather than somebody? || I apologize. Can you talk about Lindsay Clancy rather than in general? That's all || Good morning. Do you have your record in front of you? Your notes?,,,,,,,
peYoD-JkAXE,SPEAKER_08,10,3,peYoD-JkAXE_turn10326 | peYoD-JkAXE_turn10327 | peYoD-JkAXE_turn10487,/Users/rajeshpmu/Desktop/LegalMemoCMT/data/processed/phase2/clancy/turn_clips/audio/peYoD-JkAXE/peYoD-JkAXE_turn10326.wav | /Users/rajeshpmu/Desktop/LegalMemoCMT/data/processed/phase2/clancy/turn_clips/audio/peYoD-JkAXE/peYoD-JkAXE_turn10327.wav | /Users/rajeshpmu/Desktop/LegalMemoCMT/data/processed/phase2/clancy/turn_clips/audio/peYoD-JkAXE/peYoD-JkAXE_turn10487.wav,/Users/rajeshpmu/Desktop/LegalMemoCMT/data/processed/phase2/clancy/turn_clips/video/peYoD-JkAXE/peYoD-JkAXE_turn10326.mp4 | /Users/rajeshpmu/Desktop/LegalMemoCMT/data/processed/phase2/clancy/turn_clips/video/peYoD-JkAXE/peYoD-JkAXE_turn10327.mp4 | /Users/rajeshpmu/Desktop/LegalMemoCMT/data/processed/phase2/clancy/turn_clips/video/peYoD-JkAXE/peYoD-JkAXE_turn10487.mp4,Hold on. Hold on. Stay. Next question. || She could finish the the answer. || Objection. If we could just have a date. I,,,,,,,
peYoD-JkAXE,SPEAKER_09,965,3,peYoD-JkAXE_turn08593 | peYoD-JkAXE_turn08598 | peYoD-JkAXE_turn08602,/Users/rajeshpmu/Desktop/LegalMemoCMT/data/processed/phase2/clancy/turn_clips/audio/peYoD-JkAXE/peYoD-JkAXE_turn08593.wav | /Users/rajeshpmu/Desktop/LegalMemoCMT/data/processed/phase2/clancy/turn_clips/audio/peYoD-JkAXE/peYoD-JkAXE_turn08598.wav | /Users/rajeshpmu/Desktop/LegalMemoCMT/data/processed/phase2/clancy/turn_clips/audio/peYoD-JkAXE/peYoD-JkAXE_turn08602.wav,/Users/rajeshpmu/Desktop/LegalMemoCMT/data/processed/phase2/clancy/turn_clips/video/peYoD-JkAXE/peYoD-JkAXE_turn08593.mp4 | /Users/rajeshpmu/Desktop/LegalMemoCMT/data/processed/phase2/clancy/turn_clips/video/peYoD-JkAXE/peYoD-JkAXE_turn08598.mp4 | /Users/rajeshpmu/Desktop/LegalMemoCMT/data/processed/phase2/clancy/turn_clips/video/peYoD-JkAXE/peYoD-JkAXE_turn08602.mp4,"Thank you, honor. Good afternoon. Can you please state and spell your name for the record? || Astro Mental Health. || I'm a psychiatrist.",,,,,,,
peYoD-JkAXE,SPEAKER_10,8,3,peYoD-JkAXE_turn09723 | peYoD-JkAXE_turn09817 | peYoD-JkAXE_turn10010,/Users/rajeshpmu/Desktop/LegalMemoCMT/data/processed/phase2/clancy/turn_clips/audio/peYoD-JkAXE/peYoD-JkAXE_turn09723.wav | /Users/rajeshpmu/Desktop/LegalMemoCMT/data/processed/phase2/clancy/turn_clips/audio/peYoD-JkAXE/peYoD-JkAXE_turn09817.wav | /Users/rajeshpmu/Desktop/LegalMemoCMT/data/processed/phase2/clancy/turn_clips/audio/peYoD-JkAXE/peYoD-JkAXE_turn10010.wav,/Users/rajeshpmu/Desktop/LegalMemoCMT/data/processed/phase2/clancy/turn_clips/video/peYoD-JkAXE/peYoD-JkAXE_turn09723.mp4 | /Users/rajeshpmu/Desktop/LegalMemoCMT/data/processed/phase2/clancy/turn_clips/video/peYoD-JkAXE/peYoD-JkAXE_turn09817.mp4 | /Users/rajeshpmu/Desktop/LegalMemoCMT/data/processed/phase2/clancy/turn_clips/video/peYoD-JkAXE/peYoD-JkAXE_turn10010.mp4,Um I I don't recall. || Never asked. || What's the time frame?,,,,,,,
peYoD-JkAXE,SPEAKER_11,23,3,peYoD-JkAXE_turn08654 | peYoD-JkAXE_turn09412 | peYoD-JkAXE_turn09634,/Users/rajeshpmu/Desktop/LegalMemoCMT/data/processed/phase2/clancy/turn_clips/audio/peYoD-JkAXE/peYoD-JkAXE_turn08654.wav | /Users/rajeshpmu/Desktop/LegalMemoCMT/data/processed/phase2/clancy/turn_clips/audio/peYoD-JkAXE/peYoD-JkAXE_turn09412.wav | /Users/rajeshpmu/Desktop/LegalMemoCMT/data/processed/phase2/clancy/turn_clips/audio/peYoD-JkAXE/peYoD-JkAXE_turn09634.wav,/Users/rajeshpmu/Desktop/LegalMemoCMT/data/processed/phase2/clancy/turn_clips/video/peYoD-JkAXE/peYoD-JkAXE_turn08654.mp4 | /Users/rajeshpmu/Desktop/LegalMemoCMT/data/processed/phase2/clancy/turn_clips/video/peYoD-JkAXE/peYoD-JkAXE_turn09412.mp4 | /Users/rajeshpmu/Desktop/LegalMemoCMT/data/processed/phase2/clancy/turn_clips/video/peYoD-JkAXE/peYoD-JkAXE_turn09634.mp4,I'm just looking. Page 23. || Um I don't remember. || And where was the residency?,,,,,,,
peYoD-JkAXE,SPEAKER_12,12,3,peYoD-JkAXE_turn09785 | peYoD-JkAXE_turn09788 | peYoD-JkAXE_turn09927,/Users/rajeshpmu/Desktop/LegalMemoCMT/data/processed/phase2/clancy/turn_clips/audio/peYoD-JkAXE/peYoD-JkAXE_turn09785.wav | /Users/rajeshpmu/Desktop/LegalMemoCMT/data/processed/phase2/clancy/turn_clips/audio/peYoD-JkAXE/peYoD-JkAXE_turn09788.wav | /Users/rajeshpmu/Desktop/LegalMemoCMT/data/processed/phase2/clancy/turn_clips/audio/peYoD-JkAXE/peYoD-JkAXE_turn09927.wav,/Users/rajeshpmu/Desktop/LegalMemoCMT/data/processed/phase2/clancy/turn_clips/video/peYoD-JkAXE/peYoD-JkAXE_turn09785.mp4 | /Users/rajeshpmu/Desktop/LegalMemoCMT/data/processed/phase2/clancy/turn_clips/video/peYoD-JkAXE/peYoD-JkAXE_turn09788.mp4 | /Users/rajeshpmu/Desktop/LegalMemoCMT/data/processed/phase2/clancy/turn_clips/video/peYoD-JkAXE/peYoD-JkAXE_turn09927.mp4,Right. || Yes. || About October?,,,,,,,
peYoD-JkAXE,UNKNOWN,40,3,peYoD-JkAXE_turn08610 | peYoD-JkAXE_turn08630 | peYoD-JkAXE_turn08764,/Users/rajeshpmu/Desktop/LegalMemoCMT/data/processed/phase2/clancy/turn_clips/audio/peYoD-JkAXE/peYoD-JkAXE_turn08610.wav | /Users/rajeshpmu/Desktop/LegalMemoCMT/data/processed/phase2/clancy/turn_clips/audio/peYoD-JkAXE/peYoD-JkAXE_turn08630.wav | /Users/rajeshpmu/Desktop/LegalMemoCMT/data/processed/phase2/clancy/turn_clips/audio/peYoD-JkAXE/peYoD-JkAXE_turn08764.wav,/Users/rajeshpmu/Desktop/LegalMemoCMT/data/processed/phase2/clancy/turn_clips/video/peYoD-JkAXE/peYoD-JkAXE_turn08610.mp4 | /Users/rajeshpmu/Desktop/LegalMemoCMT/data/processed/phase2/clancy/turn_clips/video/peYoD-JkAXE/peYoD-JkAXE_turn08630.mp4 | /Users/rajeshpmu/Desktop/LegalMemoCMT/data/processed/phase2/clancy/turn_clips/video/peYoD-JkAXE/peYoD-JkAXE_turn08764.mp4,They may be admitted. [clears throat] || Correct. || No.,,,,,,,
sHUdRcABC-Q,SPEAKER_00,9,3,sHUdRcABC-Q_turn11636 | sHUdRcABC-Q_turn11637 | sHUdRcABC-Q_turn11638,/Users/rajeshpmu/Desktop/LegalMemoCMT/data/processed/phase2/clancy/turn_clips/audio/sHUdRcABC-Q/sHUdRcABC-Q_turn11636.wav | /Users/rajeshpmu/Desktop/LegalMemoCMT/data/processed/phase2/clancy/turn_clips/audio/sHUdRcABC-Q/sHUdRcABC-Q_turn11637.wav | /Users/rajeshpmu/Desktop/LegalMemoCMT/data/processed/phase2/clancy/turn_clips/audio/sHUdRcABC-Q/sHUdRcABC-Q_turn11638.wav,/Users/rajeshpmu/Desktop/LegalMemoCMT/data/processed/phase2/clancy/turn_clips/video/sHUdRcABC-Q/sHUdRcABC-Q_turn11636.mp4 | /Users/rajeshpmu/Desktop/LegalMemoCMT/data/processed/phase2/clancy/turn_clips/video/sHUdRcABC-Q/sHUdRcABC-Q_turn11637.mp4 | /Users/rajeshpmu/Desktop/LegalMemoCMT/data/processed/phase2/clancy/turn_clips/video/sHUdRcABC-Q/sHUdRcABC-Q_turn11638.mp4,"Thank you. || All right. Good afternoon, doctor. || Hi. I'm going to ask you to keep your voice up and speak into that microphone. All right.",,,,,,,
sHUdRcABC-Q,SPEAKER_01,98,3,sHUdRcABC-Q_turn11779 | sHUdRcABC-Q_turn11780 | sHUdRcABC-Q_turn11781,/Users/rajeshpmu/Desktop/LegalMemoCMT/data/processed/phase2/clancy/turn_clips/audio/sHUdRcABC-Q/sHUdRcABC-Q_turn11779.wav | /Users/rajeshpmu/Desktop/LegalMemoCMT/data/processed/phase2/clancy/turn_clips/audio/sHUdRcABC-Q/sHUdRcABC-Q_turn11780.wav | /Users/rajeshpmu/Desktop/LegalMemoCMT/data/processed/phase2/clancy/turn_clips/audio/sHUdRcABC-Q/sHUdRcABC-Q_turn11781.wav,/Users/rajeshpmu/Desktop/LegalMemoCMT/data/processed/phase2/clancy/turn_clips/video/sHUdRcABC-Q/sHUdRcABC-Q_turn11779.mp4 | /Users/rajeshpmu/Desktop/LegalMemoCMT/data/processed/phase2/clancy/turn_clips/video/sHUdRcABC-Q/sHUdRcABC-Q_turn11780.mp4 | /Users/rajeshpmu/Desktop/LegalMemoCMT/data/processed/phase2/clancy/turn_clips/video/sHUdRcABC-Q/sHUdRcABC-Q_turn11781.mp4,"Thank you, Json. Afternoon. So, doctor, um, from from your testimony, and correct me if I'm wrong, was she, to your opinion, and your experience an honest patient telling you what her symptoms were, if || that's an evaluation in the psychiatric. || Allow I allow that question.",,,,,,,
sHUdRcABC-Q,SPEAKER_02,57,3,sHUdRcABC-Q_turn11641 | sHUdRcABC-Q_turn11642 | sHUdRcABC-Q_turn11644,/Users/rajeshpmu/Desktop/LegalMemoCMT/data/processed/phase2/clancy/turn_clips/audio/sHUdRcABC-Q/sHUdRcABC-Q_turn11641.wav | /Users/rajeshpmu/Desktop/LegalMemoCMT/data/processed/phase2/clancy/turn_clips/audio/sHUdRcABC-Q/sHUdRcABC-Q_turn11642.wav | /Users/rajeshpmu/Desktop/LegalMemoCMT/data/processed/phase2/clancy/turn_clips/audio/sHUdRcABC-Q/sHUdRcABC-Q_turn11644.wav,/Users/rajeshpmu/Desktop/LegalMemoCMT/data/processed/phase2/clancy/turn_clips/video/sHUdRcABC-Q/sHUdRcABC-Q_turn11641.mp4 | /Users/rajeshpmu/Desktop/LegalMemoCMT/data/processed/phase2/clancy/turn_clips/video/sHUdRcABC-Q/sHUdRcABC-Q_turn11642.mp4 | /Users/rajeshpmu/Desktop/LegalMemoCMT/data/processed/phase2/clancy/turn_clips/video/sHUdRcABC-Q/sHUdRcABC-Q_turn11644.mp4,"Sure. Um, my first name is Sageel. S E J A L. Last name is Shaw. S H Ah. || What's your date of birth? || What do you do for a living?",,,,,,,
sHUdRcABC-Q,SPEAKER_03,126,3,sHUdRcABC-Q_turn11640 | sHUdRcABC-Q_turn11643 | sHUdRcABC-Q_turn11645,/Users/rajeshpmu/Desktop/LegalMemoCMT/data/processed/phase2/clancy/turn_clips/audio/sHUdRcABC-Q/sHUdRcABC-Q_turn11640.wav | /Users/rajeshpmu/Desktop/LegalMemoCMT/data/processed/phase2/clancy/turn_clips/audio/sHUdRcABC-Q/sHUdRcABC-Q_turn11643.wav | /Users/rajeshpmu/Desktop/LegalMemoCMT/data/processed/phase2/clancy/turn_clips/audio/sHUdRcABC-Q/sHUdRcABC-Q_turn11645.wav,/Users/rajeshpmu/Desktop/LegalMemoCMT/data/processed/phase2/clancy/turn_clips/video/sHUdRcABC-Q/sHUdRcABC-Q_turn11640.mp4 | /Users/rajeshpmu/Desktop/LegalMemoCMT/data/processed/phase2/clancy/turn_clips/video/sHUdRcABC-Q/sHUdRcABC-Q_turn11643.mp4 | /Users/rajeshpmu/Desktop/LegalMemoCMT/data/processed/phase2/clancy/turn_clips/video/sHUdRcABC-Q/sHUdRcABC-Q_turn11645.mp4,"Thank you, honor. Good afternoon. Can you please state and spell your name for the record? || 5881. || I'm a psychiatrist.",,,,,,,
sHUdRcABC-Q,UNKNOWN,1,1,sHUdRcABC-Q_turn11882,/Users/rajeshpmu/Desktop/LegalMemoCMT/data/processed/phase2/clancy/turn_clips/audio/sHUdRcABC-Q/sHUdRcABC-Q_turn11882.wav,/Users/rajeshpmu/Desktop/LegalMemoCMT/data/processed/phase2/clancy/turn_clips/video/sHUdRcABC-Q/sHUdRcABC-Q_turn11882.mp4,Sustained.,,,,,,,
