turn_id,youtube_id,source_url,title,raw_video_path,raw_subtitle_path,clip_video_path,clip_audio_path,turn_start_time,turn_end_time,clip_duration_seconds,rejection_status,rejection_reason
D6skXbDJJj8_turn05552,D6skXbDJJj8,https://www.youtube.com/live/D6skXbDJJj8,LIVE: Lindsay Clancy Murder Trial - MA v. Lindsay Clancy - Day 8,/Users/rajeshpmu/Desktop/LegalMemoCMT/data/phase2/clancy/corpus/raw/live-lindsay-clancy-murder-trial-ma-v-lindsay-clancy-day-8/live-lindsay-clancy-murder-trial-ma-v-lindsay-clancy-day-8_D6skXbDJJj8.mp4,/Users/rajeshpmu/Desktop/LegalMemoCMT/data/phase2/clancy/corpus/raw/live-lindsay-clancy-murder-trial-ma-v-lindsay-clancy-day-8/live-lindsay-clancy-murder-trial-ma-v-lindsay-clancy-day-8_D6skXbDJJj8.en.vtt,/Users/rajeshpmu/Desktop/LegalMemoCMT/data/processed/phase2/clancy/turn_clips/video/D6skXbDJJj8/D6skXbDJJj8_turn05552.mp4,/Users/rajeshpmu/Desktop/LegalMemoCMT/data/processed/phase2/clancy/turn_clips/audio/D6skXbDJJj8/D6skXbDJJj8_turn05552.wav,04:07:11.725,05:32:42.892,5131.167,REJECTED,This no value video as it covers lunch break
93sfJyLzhqM_turn01289,93sfJyLzhqM,https://www.youtube.com/live/93sfJyLzhqM,LIVE: MA v. Lindsay Clancy - Day 8 | Accused Killer Mom Trial,/Users/rajeshpmu/Desktop/LegalMemoCMT/data/phase2/clancy/corpus/raw/live-ma-v-lindsay-clancy-day-8-accused-killer-mom-trial/live-ma-v-lindsay-clancy-day-8-accused-killer-mom-trial_93sfJyLzhqM.mp4,/Users/rajeshpmu/Desktop/LegalMemoCMT/data/phase2/clancy/corpus/raw/live-ma-v-lindsay-clancy-day-8-accused-killer-mom-trial/live-ma-v-lindsay-clancy-day-8-accused-killer-mom-trial_93sfJyLzhqM.en.vtt,/Users/rajeshpmu/Desktop/LegalMemoCMT/data/processed/phase2/clancy/turn_clips/video/93sfJyLzhqM/93sfJyLzhqM_turn01289.mp4,/Users/rajeshpmu/Desktop/LegalMemoCMT/data/processed/phase2/clancy/turn_clips/audio/93sfJyLzhqM/93sfJyLzhqM_turn01289.wav,00:29:34.433,00:39:48.572,614.139,REJECTED,This no value video as it covers lunch break
93sfJyLzhqM_turn02128,93sfJyLzhqM,https://www.youtube.com/live/93sfJyLzhqM,LIVE: MA v. Lindsay Clancy - Day 8 | Accused Killer Mom Trial,/Users/rajeshpmu/Desktop/LegalMemoCMT/data/phase2/clancy/corpus/raw/live-ma-v-lindsay-clancy-day-8-accused-killer-mom-trial/live-ma-v-lindsay-clancy-day-8-accused-killer-mom-trial_93sfJyLzhqM.mp4,/Users/rajeshpmu/Desktop/LegalMemoCMT/data/phase2/clancy/corpus/raw/live-ma-v-lindsay-clancy-day-8-accused-killer-mom-trial/live-ma-v-lindsay-clancy-day-8-accused-killer-mom-trial_93sfJyLzhqM.en.vtt,/Users/rajeshpmu/Desktop/LegalMemoCMT/data/processed/phase2/clancy/turn_clips/video/93sfJyLzhqM/93sfJyLzhqM_turn02128.mp4,/Users/rajeshpmu/Desktop/LegalMemoCMT/data/processed/phase2/clancy/turn_clips/audio/93sfJyLzhqM/93sfJyLzhqM_turn02128.wav,02:48:26.044,03:19:31.075,1865.031,REJECTED,This no value video as it covers lunch break
93sfJyLzhqM_turn03144,93sfJyLzhqM,https://www.youtube.com/live/93sfJyLzhqM,LIVE: MA v. Lindsay Clancy - Day 8 | Accused Killer Mom Trial,/Users/rajeshpmu/Desktop/LegalMemoCMT/data/phase2/clancy/corpus/raw/live-ma-v-lindsay-clancy-day-8-accused-killer-mom-trial/live-ma-v-lindsay-clancy-day-8-accused-killer-mom-trial_93sfJyLzhqM.mp4,/Users/rajeshpmu/Desktop/LegalMemoCMT/data/phase2/clancy/corpus/raw/live-ma-v-lindsay-clancy-day-8-accused-killer-mom-trial/live-ma-v-lindsay-clancy-day-8-accused-killer-mom-trial_93sfJyLzhqM.en.vtt,/Users/rajeshpmu/Desktop/LegalMemoCMT/data/processed/phase2/clancy/turn_clips/video/93sfJyLzhqM/93sfJyLzhqM_turn03144.mp4,/Users/rajeshpmu/Desktop/LegalMemoCMT/data/processed/phase2/clancy/turn_clips/audio/93sfJyLzhqM/93sfJyLzhqM_turn03144.wav,05:59:04.257,06:24:13.634,1509.377,REJECTED,This no value video as it covers lunch break
D6skXbDJJj8_turn04291,D6skXbDJJj8,https://www.youtube.com/live/D6skXbDJJj8,LIVE: Lindsay Clancy Murder Trial - MA v. Lindsay Clancy - Day 8,/Users/rajeshpmu/Desktop/LegalMemoCMT/data/phase2/clancy/corpus/raw/live-lindsay-clancy-murder-trial-ma-v-lindsay-clancy-day-8/live-lindsay-clancy-murder-trial-ma-v-lindsay-clancy-day-8_D6skXbDJJj8.mp4,/Users/rajeshpmu/Desktop/LegalMemoCMT/data/phase2/clancy/corpus/raw/live-lindsay-clancy-murder-trial-ma-v-lindsay-clancy-day-8/live-lindsay-clancy-murder-trial-ma-v-lindsay-clancy-day-8_D6skXbDJJj8.en.vtt,/Users/rajeshpmu/Desktop/LegalMemoCMT/data/processed/phase2/clancy/turn_clips/video/D6skXbDJJj8/D6skXbDJJj8_turn04291.mp4,/Users/rajeshpmu/Desktop/LegalMemoCMT/data/processed/phase2/clancy/turn_clips/audio/D6skXbDJJj8/D6skXbDJJj8_turn04291.wav,00:29:41.830,00:39:19.982,578.152,REJECTED,This no value video as it covers lunch break
D6skXbDJJj8_turn04400,D6skXbDJJj8,https://www.youtube.com/live/D6skXbDJJj8,LIVE: Lindsay Clancy Murder Trial - MA v. Lindsay Clancy - Day 8,/Users/rajeshpmu/Desktop/LegalMemoCMT/data/phase2/clancy/corpus/raw/live-lindsay-clancy-murder-trial-ma-v-lindsay-clancy-day-8/live-lindsay-clancy-murder-trial-ma-v-lindsay-clancy-day-8_D6skXbDJJj8.mp4,/Users/rajeshpmu/Desktop/LegalMemoCMT/data/phase2/clancy/corpus/raw/live-lindsay-clancy-murder-trial-ma-v-lindsay-clancy-day-8/live-lindsay-clancy-murder-trial-ma-v-lindsay-clancy-day-8_D6skXbDJJj8.en.vtt,/Users/rajeshpmu/Desktop/LegalMemoCMT/data/processed/phase2/clancy/turn_clips/video/D6skXbDJJj8/D6skXbDJJj8_turn04400.mp4,/Users/rajeshpmu/Desktop/LegalMemoCMT/data/processed/phase2/clancy/turn_clips/audio/D6skXbDJJj8/D6skXbDJJj8_turn04400.wav,01:02:08.417,01:29:01.797,1613.380,REJECTED,This no value video as it covers lunch break
D6skXbDJJj8_turn05148,D6skXbDJJj8,https://www.youtube.com/live/D6skXbDJJj8,LIVE: Lindsay Clancy Murder Trial - MA v. Lindsay Clancy - Day 8,/Users/rajeshpmu/Desktop/LegalMemoCMT/data/phase2/clancy/corpus/raw/live-lindsay-clancy-murder-trial-ma-v-lindsay-clancy-day-8/live-lindsay-clancy-murder-trial-ma-v-lindsay-clancy-day-8_D6skXbDJJj8.mp4,/Users/rajeshpmu/Desktop/LegalMemoCMT/data/phase2/clancy/corpus/raw/live-lindsay-clancy-murder-trial-ma-v-lindsay-clancy-day-8/live-lindsay-clancy-murder-trial-ma-v-lindsay-clancy-day-8_D6skXbDJJj8.en.vtt,/Users/rajeshpmu/Desktop/LegalMemoCMT/data/processed/phase2/clancy/turn_clips/video/D6skXbDJJj8/D6skXbDJJj8_turn05148.mp4,/Users/rajeshpmu/Desktop/LegalMemoCMT/data/processed/phase2/clancy/turn_clips/audio/D6skXbDJJj8/D6skXbDJJj8_turn05148.wav,02:48:42.703,03:19:47.995,1865.292,REJECTED,This no value video as it covers lunch break
D6skXbDJJj8_turn05833,D6skXbDJJj8,https://www.youtube.com/live/D6skXbDJJj8,LIVE: Lindsay Clancy Murder Trial - MA v. Lindsay Clancy - Day 8,/Users/rajeshpmu/Desktop/LegalMemoCMT/data/phase2/clancy/corpus/raw/live-lindsay-clancy-murder-trial-ma-v-lindsay-clancy-day-8/live-lindsay-clancy-murder-trial-ma-v-lindsay-clancy-day-8_D6skXbDJJj8.mp4,/Users/rajeshpmu/Desktop/LegalMemoCMT/data/phase2/clancy/corpus/raw/live-lindsay-clancy-murder-trial-ma-v-lindsay-clancy-day-8/live-lindsay-clancy-murder-trial-ma-v-lindsay-clancy-day-8_D6skXbDJJj8.en.vtt,/Users/rajeshpmu/Desktop/LegalMemoCMT/data/processed/phase2/clancy/turn_clips/video/D6skXbDJJj8/D6skXbDJJj8_turn05833.mp4,/Users/rajeshpmu/Desktop/LegalMemoCMT/data/processed/phase2/clancy/turn_clips/audio/D6skXbDJJj8/D6skXbDJJj8_turn05833.wav,05:59:20.862,06:24:30.010,1509.148,REJECTED,This no value video as it covers lunch break
93sfJyLzhqM_turn02799,93sfJyLzhqM,https://www.youtube.com/live/93sfJyLzhqM,LIVE: MA v. Lindsay Clancy - Day 8 | Accused Killer Mom Trial,/Users/rajeshpmu/Desktop/LegalMemoCMT/data/phase2/clancy/corpus/raw/live-ma-v-lindsay-clancy-day-8-accused-killer-mom-trial/live-ma-v-lindsay-clancy-day-8-accused-killer-mom-trial_93sfJyLzhqM.mp4,/Users/rajeshpmu/Desktop/LegalMemoCMT/data/phase2/clancy/corpus/raw/live-ma-v-lindsay-clancy-day-8-accused-killer-mom-trial/live-ma-v-lindsay-clancy-day-8-accused-killer-mom-trial_93sfJyLzhqM.en.vtt,/Users/rajeshpmu/Desktop/LegalMemoCMT/data/processed/phase2/clancy/turn_clips/video/93sfJyLzhqM/93sfJyLzhqM_turn02799.mp4,/Users/rajeshpmu/Desktop/LegalMemoCMT/data/processed/phase2/clancy/turn_clips/audio/93sfJyLzhqM/93sfJyLzhqM_turn02799.wav,04:43:51.430,04:49:31.333,339.903,REJECTED,break videos or mix or break and no direct facial view videos
93sfJyLzhqM_turn02825,93sfJyLzhqM,https://www.youtube.com/live/93sfJyLzhqM,LIVE: MA v. Lindsay Clancy - Day 8 | Accused Killer Mom Trial,/Users/rajeshpmu/Desktop/LegalMemoCMT/data/phase2/clancy/corpus/raw/live-ma-v-lindsay-clancy-day-8-accused-killer-mom-trial/live-ma-v-lindsay-clancy-day-8-accused-killer-mom-trial_93sfJyLzhqM.mp4,/Users/rajeshpmu/Desktop/LegalMemoCMT/data/phase2/clancy/corpus/raw/live-ma-v-lindsay-clancy-day-8-accused-killer-mom-trial/live-ma-v-lindsay-clancy-day-8-accused-killer-mom-trial_93sfJyLzhqM.en.vtt,/Users/rajeshpmu/Desktop/LegalMemoCMT/data/processed/phase2/clancy/turn_clips/video/93sfJyLzhqM/93sfJyLzhqM_turn02825.mp4,/Users/rajeshpmu/Desktop/LegalMemoCMT/data/processed/phase2/clancy/turn_clips/audio/93sfJyLzhqM/93sfJyLzhqM_turn02825.wav,04:56:27.793,05:02:25.739,357.946,REJECTED,break videos or mix or break and no direct facial view videos
93sfJyLzhqM_turn02841,93sfJyLzhqM,https://www.youtube.com/live/93sfJyLzhqM,LIVE: MA v. Lindsay Clancy - Day 8 | Accused Killer Mom Trial,/Users/rajeshpmu/Desktop/LegalMemoCMT/data/phase2/clancy/corpus/raw/live-ma-v-lindsay-clancy-day-8-accused-killer-mom-trial/live-ma-v-lindsay-clancy-day-8-accused-killer-mom-trial_93sfJyLzhqM.mp4,/Users/rajeshpmu/Desktop/LegalMemoCMT/data/phase2/clancy/corpus/raw/live-ma-v-lindsay-clancy-day-8-accused-killer-mom-trial/live-ma-v-lindsay-clancy-day-8-accused-killer-mom-trial_93sfJyLzhqM.en.vtt,/Users/rajeshpmu/Desktop/LegalMemoCMT/data/processed/phase2/clancy/turn_clips/video/93sfJyLzhqM/93sfJyLzhqM_turn02841.mp4,/Users/rajeshpmu/Desktop/LegalMemoCMT/data/processed/phase2/clancy/turn_clips/audio/93sfJyLzhqM/93sfJyLzhqM_turn02841.wav,05:08:33.375,05:14:16.877,343.502,REJECTED,break videos or mix or break and no direct facial view videos
93sfJyLzhqM_turn02850,93sfJyLzhqM,https://www.youtube.com/live/93sfJyLzhqM,LIVE: MA v. Lindsay Clancy - Day 8 | Accused Killer Mom Trial,/Users/rajeshpmu/Desktop/LegalMemoCMT/data/phase2/clancy/corpus/raw/live-ma-v-lindsay-clancy-day-8-accused-killer-mom-trial/live-ma-v-lindsay-clancy-day-8-accused-killer-mom-trial_93sfJyLzhqM.mp4,/Users/rajeshpmu/Desktop/LegalMemoCMT/data/phase2/clancy/corpus/raw/live-ma-v-lindsay-clancy-day-8-accused-killer-mom-trial/live-ma-v-lindsay-clancy-day-8-accused-killer-mom-trial_93sfJyLzhqM.en.vtt,/Users/rajeshpmu/Desktop/LegalMemoCMT/data/processed/phase2/clancy/turn_clips/video/93sfJyLzhqM/93sfJyLzhqM_turn02850.mp4,/Users/rajeshpmu/Desktop/LegalMemoCMT/data/processed/phase2/clancy/turn_clips/audio/93sfJyLzhqM/93sfJyLzhqM_turn02850.wav,05:15:01.857,05:20:02.759,300.902,REJECTED,break videos or mix or break and no direct facial view videos
93sfJyLzhqM_turn02870,93sfJyLzhqM,https://www.youtube.com/live/93sfJyLzhqM,LIVE: MA v. Lindsay Clancy - Day 8 | Accused Killer Mom Trial,/Users/rajeshpmu/Desktop/LegalMemoCMT/data/phase2/clancy/corpus/raw/live-ma-v-lindsay-clancy-day-8-accused-killer-mom-trial/live-ma-v-lindsay-clancy-day-8-accused-killer-mom-trial_93sfJyLzhqM.mp4,/Users/rajeshpmu/Desktop/LegalMemoCMT/data/phase2/clancy/corpus/raw/live-ma-v-lindsay-clancy-day-8-accused-killer-mom-trial/live-ma-v-lindsay-clancy-day-8-accused-killer-mom-trial_93sfJyLzhqM.en.vtt,/Users/rajeshpmu/Desktop/LegalMemoCMT/data/processed/phase2/clancy/turn_clips/video/93sfJyLzhqM/93sfJyLzhqM_turn02870.mp4,/Users/rajeshpmu/Desktop/LegalMemoCMT/data/processed/phase2/clancy/turn_clips/audio/93sfJyLzhqM/93sfJyLzhqM_turn02870.wav,05:25:23.515,05:32:14.639,411.124,REJECTED,break videos or mix or break and no direct facial view videos
93sfJyLzhqM_turn03148,93sfJyLzhqM,https://www.youtube.com/live/93sfJyLzhqM,LIVE: MA v. Lindsay Clancy - Day 8 | Accused Killer Mom Trial,/Users/rajeshpmu/Desktop/LegalMemoCMT/data/phase2/clancy/corpus/raw/live-ma-v-lindsay-clancy-day-8-accused-killer-mom-trial/live-ma-v-lindsay-clancy-day-8-accused-killer-mom-trial_93sfJyLzhqM.mp4,/Users/rajeshpmu/Desktop/LegalMemoCMT/data/phase2/clancy/corpus/raw/live-ma-v-lindsay-clancy-day-8-accused-killer-mom-trial/live-ma-v-lindsay-clancy-day-8-accused-killer-mom-trial_93sfJyLzhqM.en.vtt,/Users/rajeshpmu/Desktop/LegalMemoCMT/data/processed/phase2/clancy/turn_clips/video/93sfJyLzhqM/93sfJyLzhqM_turn03148.mp4,/Users/rajeshpmu/Desktop/LegalMemoCMT/data/processed/phase2/clancy/turn_clips/audio/93sfJyLzhqM/93sfJyLzhqM_turn03148.wav,06:25:20.104,06:33:57.445,517.341,REJECTED,break videos or mix or break and no direct facial view videos
D6skXbDJJj8_turn05836,D6skXbDJJj8,https://www.youtube.com/live/D6skXbDJJj8,LIVE: Lindsay Clancy Murder Trial - MA v. Lindsay Clancy - Day 8,/Users/rajeshpmu/Desktop/LegalMemoCMT/data/phase2/clancy/corpus/raw/live-lindsay-clancy-murder-trial-ma-v-lindsay-clancy-day-8/live-lindsay-clancy-murder-trial-ma-v-lindsay-clancy-day-8_D6skXbDJJj8.mp4,/Users/rajeshpmu/Desktop/LegalMemoCMT/data/phase2/clancy/corpus/raw/live-lindsay-clancy-murder-trial-ma-v-lindsay-clancy-day-8/live-lindsay-clancy-murder-trial-ma-v-lindsay-clancy-day-8_D6skXbDJJj8.en.vtt,/Users/rajeshpmu/Desktop/LegalMemoCMT/data/processed/phase2/clancy/turn_clips/video/D6skXbDJJj8/D6skXbDJJj8_turn05836.mp4,/Users/rajeshpmu/Desktop/LegalMemoCMT/data/processed/phase2/clancy/turn_clips/audio/D6skXbDJJj8/D6skXbDJJj8_turn05836.wav,06:25:36.682,06:34:13.980,517.298,REJECTED,break videos or mix or break and no direct facial view videos
93sfJyLzhqM_turn02535,93sfJyLzhqM,https://www.youtube.com/live/93sfJyLzhqM,LIVE: MA v. Lindsay Clancy - Day 8 | Accused Killer Mom Trial,/Users/rajeshpmu/Desktop/LegalMemoCMT/data/phase2/clancy/corpus/raw/live-ma-v-lindsay-clancy-day-8-accused-killer-mom-trial/live-ma-v-lindsay-clancy-day-8-accused-killer-mom-trial_93sfJyLzhqM.mp4,/Users/rajeshpmu/Desktop/LegalMemoCMT/data/phase2/clancy/corpus/raw/live-ma-v-lindsay-clancy-day-8-accused-killer-mom-trial/live-ma-v-lindsay-clancy-day-8-accused-killer-mom-trial_93sfJyLzhqM.en.vtt,/Users/rajeshpmu/Desktop/LegalMemoCMT/data/processed/phase2/clancy/turn_clips/video/93sfJyLzhqM/93sfJyLzhqM_turn02535.mp4,/Users/rajeshpmu/Desktop/LegalMemoCMT/data/processed/phase2/clancy/turn_clips/audio/93sfJyLzhqM/93sfJyLzhqM_turn02535.wav,04:08:32.425,04:13:13.435,281.010,REJECTED,live news updates mixed with court room testimony
D5L_c9Mla1U_turn04273,D5L_c9Mla1U,https://www.youtube.com/watch?v=D5L_c9Mla1U,LIVE: Lindsay Clancy trial Day 16,/Users/rajeshpmu/Desktop/LegalMemoCMT/data/phase2/clancy/corpus/raw/live-lindsay-clancy-trial-day-16/live-lindsay-clancy-trial-day-16_D5L_c9Mla1U.mp4,/Users/rajeshpmu/Desktop/LegalMemoCMT/data/phase2/clancy/corpus/raw/live-lindsay-clancy-trial-day-16/live-lindsay-clancy-trial-day-16_D5L_c9Mla1U.en.vtt,/Users/rajeshpmu/Desktop/LegalMemoCMT/data/processed/phase2/clancy/turn_clips/video/D5L_c9Mla1U/D5L_c9Mla1U_turn04273.mp4,/Users/rajeshpmu/Desktop/LegalMemoCMT/data/processed/phase2/clancy/turn_clips/audio/D5L_c9Mla1U/D5L_c9Mla1U_turn04273.wav,02:42:58.618,02:47:27.916,269.298,REJECTED,live news updates mixed with court room testimony
1tyKO8mTdOM_turn01048,1tyKO8mTdOM,https://www.youtube.com/live/1tyKO8mTdOM,LIVE: Lindsay Clancy trial Day 15,/Users/rajeshpmu/Desktop/LegalMemoCMT/data/phase2/clancy/corpus/raw/live-lindsay-clancy-trial-day-15/live-lindsay-clancy-trial-day-15_1tyKO8mTdOM.mp4,/Users/rajeshpmu/Desktop/LegalMemoCMT/data/phase2/clancy/corpus/raw/live-lindsay-clancy-trial-day-15/live-lindsay-clancy-trial-day-15_1tyKO8mTdOM.en.vtt,/Users/rajeshpmu/Desktop/LegalMemoCMT/data/processed/phase2/clancy/turn_clips/video/1tyKO8mTdOM/1tyKO8mTdOM_turn01048.mp4,/Users/rajeshpmu/Desktop/LegalMemoCMT/data/processed/phase2/clancy/turn_clips/audio/1tyKO8mTdOM/1tyKO8mTdOM_turn01048.wav,03:11:29.553,03:15:46.933,257.380,REJECTED,live news updates mixed with court room testimony
1tyKO8mTdOM_turn00862,1tyKO8mTdOM,https://www.youtube.com/live/1tyKO8mTdOM,LIVE: Lindsay Clancy trial Day 15,/Users/rajeshpmu/Desktop/LegalMemoCMT/data/phase2/clancy/corpus/raw/live-lindsay-clancy-trial-day-15/live-lindsay-clancy-trial-day-15_1tyKO8mTdOM.mp4,/Users/rajeshpmu/Desktop/LegalMemoCMT/data/phase2/clancy/corpus/raw/live-lindsay-clancy-trial-day-15/live-lindsay-clancy-trial-day-15_1tyKO8mTdOM.en.vtt,/Users/rajeshpmu/Desktop/LegalMemoCMT/data/processed/phase2/clancy/turn_clips/video/1tyKO8mTdOM/1tyKO8mTdOM_turn00862.mp4,/Users/rajeshpmu/Desktop/LegalMemoCMT/data/processed/phase2/clancy/turn_clips/audio/1tyKO8mTdOM/1tyKO8mTdOM_turn00862.wav,02:26:37.492,02:30:33.403,235.911,REJECTED,live news updates mixed with court room testimony
93sfJyLzhqM_turn03142,93sfJyLzhqM,https://www.youtube.com/live/93sfJyLzhqM,LIVE: MA v. Lindsay Clancy - Day 8 | Accused Killer Mom Trial,/Users/rajeshpmu/Desktop/LegalMemoCMT/data/phase2/clancy/corpus/raw/live-ma-v-lindsay-clancy-day-8-accused-killer-mom-trial/live-ma-v-lindsay-clancy-day-8-accused-killer-mom-trial_93sfJyLzhqM.mp4,/Users/rajeshpmu/Desktop/LegalMemoCMT/data/phase2/clancy/corpus/raw/live-ma-v-lindsay-clancy-day-8-accused-killer-mom-trial/live-ma-v-lindsay-clancy-day-8-accused-killer-mom-trial_93sfJyLzhqM.en.vtt,/Users/rajeshpmu/Desktop/LegalMemoCMT/data/processed/phase2/clancy/turn_clips/video/93sfJyLzhqM/93sfJyLzhqM_turn03142.mp4,/Users/rajeshpmu/Desktop/LegalMemoCMT/data/processed/phase2/clancy/turn_clips/audio/93sfJyLzhqM/93sfJyLzhqM_turn03142.wav,05:55:19.520,05:58:28.171,188.651,REJECTED,live news updates mixed with court room testimony
D6skXbDJJj8_turn05831,D6skXbDJJj8,https://www.youtube.com/live/D6skXbDJJj8,LIVE: Lindsay Clancy Murder Trial - MA v. Lindsay Clancy - Day 8,/Users/rajeshpmu/Desktop/LegalMemoCMT/data/phase2/clancy/corpus/raw/live-lindsay-clancy-murder-trial-ma-v-lindsay-clancy-day-8/live-lindsay-clancy-murder-trial-ma-v-lindsay-clancy-day-8_D6skXbDJJj8.mp4,/Users/rajeshpmu/Desktop/LegalMemoCMT/data/phase2/clancy/corpus/raw/live-lindsay-clancy-murder-trial-ma-v-lindsay-clancy-day-8/live-lindsay-clancy-murder-trial-ma-v-lindsay-clancy-day-8_D6skXbDJJj8.en.vtt,/Users/rajeshpmu/Desktop/LegalMemoCMT/data/processed/phase2/clancy/turn_clips/video/D6skXbDJJj8/D6skXbDJJj8_turn05831.mp4,/Users/rajeshpmu/Desktop/LegalMemoCMT/data/processed/phase2/clancy/turn_clips/audio/D6skXbDJJj8/D6skXbDJJj8_turn05831.wav,05:55:36.889,05:58:44.989,188.100,REJECTED,live news updates mixed with court room testimony
DCBWoWhsTpA_turn06429,DCBWoWhsTpA,https://www.youtube.com/live/DCBWoWhsTpA,LIVE: Lindsay Clancy trial Day 14,/Users/rajeshpmu/Desktop/LegalMemoCMT/data/phase2/clancy/corpus/raw/live-lindsay-clancy-trial-day-14/live-lindsay-clancy-trial-day-14_DCBWoWhsTpA.mp4,/Users/rajeshpmu/Desktop/LegalMemoCMT/data/phase2/clancy/corpus/raw/live-lindsay-clancy-trial-day-14/live-lindsay-clancy-trial-day-14_DCBWoWhsTpA.en.vtt,/Users/rajeshpmu/Desktop/LegalMemoCMT/data/processed/phase2/clancy/turn_clips/video/DCBWoWhsTpA/DCBWoWhsTpA_turn06429.mp4,/Users/rajeshpmu/Desktop/LegalMemoCMT/data/processed/phase2/clancy/turn_clips/audio/DCBWoWhsTpA/DCBWoWhsTpA_turn06429.wav,01:25:50.820,01:28:52.278,181.458,REJECTED,live news updates mixed with court room testimony
VQQb9BbgwHg_turn07359,VQQb9BbgwHg,https://www.youtube.com/watch?v=VQQb9BbgwHg,LIVE: Lindsay Clancy trial Day 17,/Users/rajeshpmu/Desktop/LegalMemoCMT/data/phase2/clancy/corpus/raw/live-lindsay-clancy-trial-day-17/live-lindsay-clancy-trial-day-17_VQQb9BbgwHg.mp4,/Users/rajeshpmu/Desktop/LegalMemoCMT/data/phase2/clancy/corpus/raw/live-lindsay-clancy-trial-day-17/live-lindsay-clancy-trial-day-17_VQQb9BbgwHg.en.vtt,/Users/rajeshpmu/Desktop/LegalMemoCMT/data/processed/phase2/clancy/turn_clips/video/VQQb9BbgwHg/VQQb9BbgwHg_turn07359.mp4,/Users/rajeshpmu/Desktop/LegalMemoCMT/data/processed/phase2/clancy/turn_clips/audio/VQQb9BbgwHg/VQQb9BbgwHg_turn07359.wav,00:30:36.070,00:33:34.763,178.693,REJECTED,live news updates mixed with court room testimony
VQQb9BbgwHg_turn07365,VQQb9BbgwHg,https://www.youtube.com/watch?v=VQQb9BbgwHg,LIVE: Lindsay Clancy trial Day 17,/Users/rajeshpmu/Desktop/LegalMemoCMT/data/phase2/clancy/corpus/raw/live-lindsay-clancy-trial-day-17/live-lindsay-clancy-trial-day-17_VQQb9BbgwHg.mp4,/Users/rajeshpmu/Desktop/LegalMemoCMT/data/phase2/clancy/corpus/raw/live-lindsay-clancy-trial-day-17/live-lindsay-clancy-trial-day-17_VQQb9BbgwHg.en.vtt,/Users/rajeshpmu/Desktop/LegalMemoCMT/data/phase2/clancy/turn_clips/video/VQQb9BbgwHg/VQQb9BbgwHg_turn07365.mp4,/Users/rajeshpmu/Desktop/LegalMemoCMT/data/processed/phase2/clancy/turn_clips/audio/VQQb9BbgwHg/VQQb9BbgwHg_turn07365.wav,00:36:14.950,00:39:35.961,201.011,REJECTED,live news updates mixed with court room testimony
93sfJyLzhqM_turn02131,93sfJyLzhqM,https://www.youtube.com/live/93sfJyLzhqM,LIVE: MA v. Lindsay Clancy - Day 8 | Accused Killer Mom Trial,/Users/rajeshpmu/Desktop/LegalMemoCMT/data/phase2/clancy/corpus/raw/live-ma-v-lindsay-clancy-day-8-accused-killer-mom-trial/live-ma-v-lindsay-clancy-day-8-accused-killer-mom-trial_93sfJyLzhqM.mp4,/Users/rajeshpmu/Desktop/LegalMemoCMT/data/phase2/clancy/corpus/raw/live-ma-v-lindsay-clancy-day-8-accused-killer-mom-trial/live-ma-v-lindsay-clancy-day-8-accused-killer-mom-trial_93sfJyLzhqM.en.vtt,/Users/rajeshpmu/Desktop/LegalMemoCMT/data/processed/phase2/clancy/turn_clips/video/93sfJyLzhqM/93sfJyLzhqM_turn02131.mp4,/Users/rajeshpmu/Desktop/LegalMemoCMT/data/processed/phase2/clancy/turn_clips/audio/93sfJyLzhqM/93sfJyLzhqM_turn02131.wav,03:19:43.336,03:22:37.629,174.293,REJECTED,"breaks, new coverage"
93sfJyLzhqM_turn02496,93sfJyLzhqM,https://www.youtube.com/live/93sfJyLzhqM,LIVE: MA v. Lindsay Clancy - Day 8 | Accused Killer Mom Trial,/Users/rajeshpmu/Desktop/LegalMemoCMT/data/phase2/clancy/corpus/raw/live-ma-v-lindsay-clancy-day-8-accused-killer-mom-trial/live-ma-v-lindsay-clancy-day-8-accused-killer-mom-trial_93sfJyLzhqM.mp4,/Users/rajeshpmu/Desktop/LegalMemoCMT/data/phase2/clancy/corpus/raw/live-ma-v-lindsay-clancy-day-8-accused-killer-mom-trial/live-ma-v-lindsay-clancy-day-8-accused-killer-mom-trial_93sfJyLzhqM.en.vtt,/Users/rajeshpmu/Desktop/LegalMemoCMT/data/processed/phase2/clancy/turn_clips/video/93sfJyLzhqM/93sfJyLzhqM_turn02496.mp4,/Users/rajeshpmu/Desktop/LegalMemoCMT/data/processed/phase2/clancy/turn_clips/audio/93sfJyLzhqM/93sfJyLzhqM_turn02496.wav,03:57:12.012,03:59:50.602,158.590,REJECTED,"breaks, new coverage"
93sfJyLzhqM_turn02674,93sfJyLzhqM,https://www.youtube.com/live/93sfJyLzhqM,LIVE: MA v. Lindsay Clancy - Day 8 | Accused Killer Mom Trial,/Users/rajeshpmu/Desktop/LegalMemoCMT/data/phase2/clancy/corpus/raw/live-ma-v-lindsay-clancy-day-8-accused-killer-mom-trial/live-ma-v-lindsay-clancy-day-8-accused-killer-mom-trial_93sfJyLzhqM.mp4,/Users/rajeshpmu/Desktop/LegalMemoCMT/data/phase2/clancy/corpus/raw/live-ma-v-lindsay-clancy-day-8-accused-killer-mom-trial/live-ma-v-lindsay-clancy-day-8-accused-killer-mom-trial_93sfJyLzhqM.en.vtt,/Users/rajeshpmu/Desktop/LegalMemoCMT/data/processed/phase2/clancy/turn_clips/video/93sfJyLzhqM/93sfJyLzhqM_turn02674.mp4,/Users/rajeshpmu/Desktop/LegalMemoCMT/data/processed/phase2/clancy/turn_clips/audio/93sfJyLzhqM/93sfJyLzhqM_turn02674.wav,04:28:56.140,04:31:52.251,176.111,REJECTED,"breaks, new coverage"
93sfJyLzhqM_turn03165,93sfJyLzhqM,https://www.youtube.com/live/93sfJyLzhqM,LIVE: MA v. Lindsay Clancy - Day 8 | Accused Killer Mom Trial,/Users/rajeshpmu/Desktop/LegalMemoCMT/data/phase2/clancy/corpus/raw/live-ma-v-lindsay-clancy-day-8-accused-killer-mom-trial/live-ma-v-lindsay-clancy-day-8-accused-killer-mom-trial_93sfJyLzhqM.mp4,/Users/rajeshpmu/Desktop/LegalMemoCMT/data/phase2/clancy/corpus/raw/live-ma-v-lindsay-clancy-day-8-accused-killer-mom-trial/live-ma-v-lindsay-clancy-day-8-accused-killer-mom-trial_93sfJyLzhqM.en.vtt,/Users/rajeshpmu/Desktop/LegalMemoCMT/data/processed/phase2/clancy/turn_clips/video/93sfJyLzhqM/93sfJyLzhqM_turn03165.mp4,/Users/rajeshpmu/Desktop/LegalMemoCMT/data/processed/phase2/clancy/turn_clips/audio/93sfJyLzhqM/93sfJyLzhqM_turn03165.wav,06:38:02.875,06:40:33.476,150.601,REJECTED,"breaks, new coverage"
D5L_c9Mla1U_turn03869,D5L_c9Mla1U,https://www.youtube.com/watch?v=D5L_c9Mla1U,LIVE: Lindsay Clancy trial Day 16,/Users/rajeshpmu/Desktop/LegalMemoCMT/data/phase2/clancy/corpus/raw/live-lindsay-clancy-trial-day-16/live-lindsay-clancy-trial-day-16_D5L_c9Mla1U.mp4,/Users/rajeshpmu/Desktop/LegalMemoCMT/data/phase2/clancy/corpus/raw/live-lindsay-clancy-trial-day-16/live-lindsay-clancy-trial-day-16_D5L_c9Mla1U.en.vtt,/Users/rajeshpmu/Desktop/LegalMemoCMT/data/processed/phase2/clancy/turn_clips/video/D5L_c9Mla1U/D5L_c9Mla1U_turn03869.mp4,/Users/rajeshpmu/Desktop/LegalMemoCMT/data/processed/phase2/clancy/turn_clips/audio/D5L_c9Mla1U/D5L_c9Mla1U_turn03869.wav,01:34:55.692,01:37:29.910,154.218,REJECTED,"breaks, new coverage"
D5L_c9Mla1U_turn04272,D5L_c9Mla1U,https://www.youtube.com/watch?v=D5L_c9Mla1U,LIVE: Lindsay Clancy trial Day 16,/Users/rajeshpmu/Desktop/LegalMemoCMT/data/phase2/clancy/corpus/raw/live-lindsay-clancy-trial-day-16/live-lindsay-clancy-trial-day-16_D5L_c9Mla1U.mp4,/Users/rajeshpmu/Desktop/LegalMemoCMT/data/phase2/clancy/corpus/raw/live-lindsay-clancy-trial-day-16/live-lindsay-clancy-trial-day-16_D5L_c9Mla1U.en.vtt,/Users/rajeshpmu/Desktop/LegalMemoCMT/data/processed/phase2/clancy/turn_clips/video/D5L_c9Mla1U/D5L_c9Mla1U_turn04272.mp4,/Users/rajeshpmu/Desktop/LegalMemoCMT/data/processed/phase2/clancy/turn_clips/audio/D5L_c9Mla1U/D5L_c9Mla1U_turn04272.wav,02:40:09.662,02:42:58.618,168.956,REJECTED,"breaks, new coverage"
D6skXbDJJj8_turn05151,D6skXbDJJj8,https://www.youtube.com/live/D6skXbDJJj8,LIVE: Lindsay Clancy Murder Trial — MA v. Lindsay Clancy — Day 8,/Users/rajeshpmu/Desktop/LegalMemoCMT/data/phase2/clancy/corpus/raw/live-lindsay-clancy-murder-trial-ma-v-lindsay-clancy-day-8/live-lindsay-clancy-murder-trial-ma-v-lindsay-clancy-day-8_D6skXbDJJj8.mp4,/Users/rajeshpmu/Desktop/LegalMemoCMT/data/phase2/clancy/corpus/raw/live-lindsay-clancy-murder-trial-ma-v-lindsay-clancy-day-8/live-lindsay-clancy-murder-trial-ma-v-lindsay-clancy-day-8_D6skXbDJJj8.en.vtt,/Users/rajeshpmu/Desktop/LegalMemoCMT/data/processed/phase2/clancy/turn_clips/video/D6skXbDJJj8/D6skXbDJJj8_turn05151.mp4,/Users/rajeshpmu/Desktop/LegalMemoCMT/data/processed/phase2/clancy/turn_clips/audio/D6skXbDJJj8/D6skXbDJJj8_turn05151.wav,03:19:59.959,03:22:54.525,174.566,REJECTED,"breaks, new coverage"
D6skXbDJJj8_turn05523,D6skXbDJJj8,https://www.youtube.com/live/D6skXbDJJj8,LIVE: Lindsay Clancy Murder Trial — MA v. Lindsay Clancy — Day 8,/Users/rajeshpmu/Desktop/LegalMemoCMT/data/phase2/clancy/corpus/raw/live-lindsay-clancy-murder-trial-ma-v-lindsay-clancy-day-8/live-lindsay-clancy-murder-trial-ma-v-lindsay-clancy-day-8_D6skXbDJJj8.mp4,/Users/rajeshpmu/Desktop/LegalMemoCMT/data/phase2/clancy/corpus/raw/live-lindsay-clancy-murder-trial-ma-v-lindsay-clancy-day-8/live-lindsay-clancy-murder-trial-ma-v-lindsay-clancy-day-8_D6skXbDJJj8.en.vtt,/Users/rajeshpmu/Desktop/LegalMemoCMT/data/processed/phase2/clancy/turn_clips/video/D6skXbDJJj8/D6skXbDJJj8_turn05523.mp4,/Users/rajeshpmu/Desktop/LegalMemoCMT/data/processed/phase2/clancy/turn_clips/audio/D6skXbDJJj8/D6skXbDJJj8_turn05523.wav,03:57:28.891,04:00:07.530,158.639,REJECTED,"breaks, new coverage"
D6skXbDJJj8_turn05551,D6skXbDJJj8,https://www.youtube.com/live/D6skXbDJJj8,LIVE: Lindsay Clancy Murder Trial — MA v. Lindsay Clancy — Day 8,/Users/rajeshpmu/Desktop/LegalMemoCMT/data/phase2/clancy/corpus/raw/live-lindsay-clancy-murder-trial-ma-v-lindsay-clancy-day-8/live-lindsay-clancy-murder-trial-ma-v-lindsay-clancy-day-8_D6skXbDJJj8.mp4,/Users/rajeshpmu/Desktop/LegalMemoCMT/data/phase2/clancy/corpus/raw/live-lindsay-clancy-murder-trial-ma-v-lindsay-clancy-day-8/live-lindsay-clancy-murder-trial-ma-v-lindsay-clancy-day-8_D6skXbDJJj8.en.vtt,/Users/rajeshpmu/Desktop/LegalMemoCMT/data/processed/phase2/clancy/turn_clips/video/D6skXbDJJj8/D6skXbDJJj8_turn05551.mp4,/Users/rajeshpmu/Desktop/LegalMemoCMT/data/processed/phase2/clancy/turn_clips/audio/D6skXbDJJj8/D6skXbDJJj8_turn05551.wav,04:04:40.710,04:07:11.725,151.015,REJECTED,"breaks, new coverage"
DCBWoWhsTpA_turn06936,DCBWoWhsTpA,https://www.youtube.com/live/DCBWoWhsTpA,LIVE: Lindsay Clancy trial Day 14,/Users/rajeshpmu/Desktop/LegalMemoCMT/data/phase2/clancy/corpus/raw/live-lindsay-clancy-trial-day-14/live-lindsay-clancy-trial-day-14_DCBWoWhsTpA.mp4,/Users/rajeshpmu/Desktop/LegalMemoCMT/data/phase2/clancy/corpus/raw/live-lindsay-clancy-trial-day-14/live-lindsay-clancy-trial-day-14_DCBWoWhsTpA.en.vtt,/Users/rajeshpmu/Desktop/LegalMemoCMT/data/processed/phase2/clancy/turn_clips/video/DCBWoWhsTpA/DCBWoWhsTpA_turn06936.mp4,/Users/rajeshpmu/Desktop/LegalMemoCMT/data/processed/phase2/clancy/turn_clips/audio/DCBWoWhsTpA/DCBWoWhsTpA_turn06936.wav,02:46:15.125,02:48:50.590,155.465,REJECTED,"breaks, new coverage"
DCBWoWhsTpA_turn05928,DCBWoWhsTpA,https://www.youtube.com/live/DCBWoWhsTpA,LIVE: Lindsay Clancy trial Day 14,/Users/rajeshpmu/Desktop/LegalMemoCMT/data/phase2/clancy/corpus/raw/live-lindsay-clancy-trial-day-14/live-lindsay-clancy-trial-day-14_DCBWoWhsTpA.mp4,/Users/rajeshpmu/Desktop/LegalMemoCMT/data/phase2/clancy/corpus/raw/live-lindsay-clancy-trial-day-14/live-lindsay-clancy-trial-day-14_DCBWoWhsTpA.en.vtt,/Users/rajeshpmu/Desktop/LegalMemoCMT/data/processed/phase2/clancy/turn_clips/video/DCBWoWhsTpA/DCBWoWhsTpA_turn05928.mp4,/Users/rajeshpmu/Desktop/LegalMemoCMT/data/processed/phase2/clancy/turn_clips/audio/DCBWoWhsTpA/DCBWoWhsTpA_turn05928.wav,00:06:54.892,00:07:45.676,50.784,REJECTED,Duration outlier: outside 0.8-30 second MELD-style range
DCBWoWhsTpA_turn05930,DCBWoWhsTpA,https://www.youtube.com/live/DCBWoWhsTpA,LIVE: Lindsay Clancy trial Day 14,/Users/rajeshpmu/Desktop/LegalMemoCMT/data/phase2/clancy/corpus/raw/live-lindsay-clancy-trial-day-14/live-lindsay-clancy-trial-day-14_DCBWoWhsTpA.mp4,/Users/rajeshpmu/Desktop/LegalMemoCMT/data/phase2/clancy/corpus/raw/live-lindsay-clancy-trial-day-14/live-lindsay-clancy-trial-day-14_DCBWoWhsTpA.en.vtt,/Users/rajeshpmu/Desktop/LegalMemoCMT/data/processed/phase2/clancy/turn_clips/video/DCBWoWhsTpA/DCBWoWhsTpA_turn05930.mp4,/Users/rajeshpmu/Desktop/LegalMemoCMT/data/processed/phase2/clancy/turn_clips/audio/DCBWoWhsTpA/DCBWoWhsTpA_turn05930.wav,00:07:55.397,00:08:33.570,38.173,REJECTED,Duration outlier: outside 0.8-30 second MELD-style range
DCBWoWhsTpA_turn05934,DCBWoWhsTpA,https://www.youtube.com/live/DCBWoWhsTpA,LIVE: Lindsay Clancy trial Day 14,/Users/rajeshpmu/Desktop/LegalMemoCMT/data/phase2/clancy/corpus/raw/live-lindsay-clancy-trial-day-14/live-lindsay-clancy-trial-day-14_DCBWoWhsTpA.mp4,/Users/rajeshpmu/Desktop/LegalMemoCMT/data/phase2/clancy/corpus/raw/live-lindsay-clancy-trial-day-14/live-lindsay-clancy-trial-day-14_DCBWoWhsTpA.en.vtt,/Users/rajeshpmu/Desktop/LegalMemoCMT/data/processed/phase2/clancy/turn_clips/video/DCBWoWhsTpA/DCBWoWhsTpA_turn05934.mp4,/Users/rajeshpmu/Desktop/LegalMemoCMT/data/processed/phase2/clancy/turn_clips/audio/DCBWoWhsTpA/DCBWoWhsTpA_turn05934.wav,00:09:15.463,00:09:52.104,36.641,REJECTED,Duration outlier: outside 0.8-30 second MELD-style range
DCBWoWhsTpA_turn05951,DCBWoWhsTpA,https://www.youtube.com/live/DCBWoWhsTpA,LIVE: Lindsay Clancy trial Day 14,/Users/rajeshpmu/Desktop/LegalMemoCMT/data/phase2/clancy/corpus/raw/live-lindsay-clancy-trial-day-14/live-lindsay-clancy-trial-day-14_DCBWoWhsTpA.mp4,/Users/rajeshpmu/Desktop/LegalMemoCMT/data/phase2/clancy/corpus/raw/live-lindsay-clancy-trial-day-14/live-lindsay-clancy-trial-day-14_DCBWoWhsTpA.en.vtt,/Users/rajeshpmu/Desktop/LegalMemoCMT/data/processed/phase2/clancy/turn_clips/video/DCBWoWhsTpA/DCBWoWhsTpA_turn05951.mp4,/Users/rajeshpmu/Desktop/LegalMemoCMT/data/processed/phase2/clancy/turn_clips/audio/DCBWoWhsTpA/DCBWoWhsTpA_turn05951.wav,00:12:26.185,00:12:58.457,32.272,REJECTED,Duration outlier: outside 0.8-30 second MELD-style range
DCBWoWhsTpA_turn05955,DCBWoWhsTpA,https://www.youtube.com/live/DCBWoWhsTpA,LIVE: Lindsay Clancy trial Day 14,/Users/rajeshpmu/Desktop/LegalMemoCMT/data/phase2/clancy/corpus/raw/live-lindsay-clancy-trial-day-14/live-lindsay-clancy-trial-day-14_DCBWoWhsTpA.mp4,/Users/rajeshpmu/Desktop/LegalMemoCMT/data/phase2/clancy/corpus/raw/live-lindsay-clancy-trial-day-14/live-lindsay-clancy-trial-day-14_DCBWoWhsTpA.en.vtt,/Users/rajeshpmu/Desktop/LegalMemoCMT/data/processed/phase2/clancy/turn_clips/video/DCBWoWhsTpA/DCBWoWhsTpA_turn05955.mp4,/Users/rajeshpmu/Desktop/LegalMemoCMT/data/processed/phase2/clancy/turn_clips/audio/DCBWoWhsTpA/DCBWoWhsTpA_turn05955.wav,00:13:29.918,00:14:22.409,52.491,REJECTED,Duration outlier: outside 0.8-30 second MELD-style range
DCBWoWhsTpA_turn05991,DCBWoWhsTpA,https://www.youtube.com/live/DCBWoWhsTpA,LIVE: Lindsay Clancy trial Day 14,/Users/rajeshpmu/Desktop/LegalMemoCMT/data/phase2/clancy/corpus/raw/live-lindsay-clancy-trial-day-14/live-lindsay-clancy-trial-day-14_DCBWoWhsTpA.mp4,/Users/rajeshpmu/Desktop/LegalMemoCMT/data/phase2/clancy/corpus/raw/live-lindsay-clancy-trial-day-14/live-lindsay-clancy-trial-day-14_DCBWoWhsTpA.en.vtt,/Users/rajeshpmu/Desktop/LegalMemoCMT/data/processed/phase2/clancy/turn_clips/video/DCBWoWhsTpA/DCBWoWhsTpA_turn05991.mp4,/Users/rajeshpmu/Desktop/LegalMemoCMT/data/processed/phase2/clancy/turn_clips/audio/DCBWoWhsTpA/DCBWoWhsTpA_turn05991.wav,00:21:10.544,00:21:41.438,30.894,REJECTED,Duration outlier: outside 0.8-30 second MELD-style range
DCBWoWhsTpA_turn05993,DCBWoWhsTpA,https://www.youtube.com/live/DCBWoWhsTpA,LIVE: Lindsay Clancy trial Day 14,/Users/rajeshpmu/Desktop/LegalMemoCMT/data/phase2/clancy/corpus/raw/live-lindsay-clancy-trial-day-14/live-lindsay-clancy-trial-day-14_DCBWoWhsTpA.mp4,/Users/rajeshpmu/Desktop/LegalMemoCMT/data/phase2/clancy/corpus/raw/live-lindsay-clancy-trial-day-14/live-lindsay-clancy-trial-day-14_DCBWoWhsTpA.en.vtt,/Users/rajeshpmu/Desktop/LegalMemoCMT/data/processed/phase2/clancy/turn_clips/video/DCBWoWhsTpA/DCBWoWhsTpA_turn05993.mp4,/Users/rajeshpmu/Desktop/LegalMemoCMT/data/processed/phase2/clancy/turn_clips/audio/DCBWoWhsTpA/DCBWoWhsTpA_turn05993.wav,00:21:58.652,00:22:30.811,32.159,REJECTED,Duration outlier: outside 0.8-30 second MELD-style range
DCBWoWhsTpA_turn05996,DCBWoWhsTpA,https://www.youtube.com/live/DCBWoWhsTpA,LIVE: Lindsay Clancy trial Day 14,/Users/rajeshpmu/Desktop/LegalMemoCMT/data/phase2/clancy/corpus/raw/live-lindsay-clancy-trial-day-14/live-lindsay-clancy-trial-day-14_DCBWoWhsTpA.mp4,/Users/rajeshpmu/Desktop/LegalMemoCMT/data/phase2/clancy/corpus/raw/live-lindsay-clancy-trial-day-14/live-lindsay-clancy-trial-day-14_DCBWoWhsTpA.en.vtt,/Users/rajeshpmu/Desktop/LegalMemoCMT/data/processed/phase2/clancy/turn_clips/video/DCBWoWhsTpA/DCBWoWhsTpA_turn05996.mp4,/Users/rajeshpmu/Desktop/LegalMemoCMT/data/processed/phase2/clancy/turn_clips/audio/DCBWoWhsTpA/DCBWoWhsTpA_turn05996.wav,00:23:40.373,00:24:17.235,36.862,REJECTED,Duration outlier: outside 0.8-30 second MELD-style range
DCBWoWhsTpA_turn06006,DCBWoWhsTpA,https://www.youtube.com/live/DCBWoWhsTpA,LIVE: Lindsay Clancy trial Day 14,/Users/rajeshpmu/Desktop/LegalMemoCMT/data/phase2/clancy/corpus/raw/live-lindsay-clancy-trial-day-14/live-lindsay-clancy-trial-day-14_DCBWoWhsTpA.mp4,/Users/rajeshpmu/Desktop/LegalMemoCMT/data/phase2/clancy/corpus/raw/live-lindsay-clancy-trial-day-14/live-lindsay-clancy-trial-day-14_DCBWoWhsTpA.en.vtt,/Users/rajeshpmu/Desktop/LegalMemoCMT/data/processed/phase2/clancy/turn_clips/video/DCBWoWhsTpA/DCBWoWhsTpA_turn06006.mp4,/Users/rajeshpmu/Desktop/LegalMemoCMT/data/processed/phase2/clancy/turn_clips/audio/DCBWoWhsTpA/DCBWoWhsTpA_turn06006.wav,00:26:14.001,00:26:58.248,44.247,REJECTED,Duration outlier: outside 0.8-30 second MELD-style range
DCBWoWhsTpA_turn06011,DCBWoWhsTpA,https://www.youtube.com/live/DCBWoWhsTpA,LIVE: Lindsay Clancy trial Day 14,/Users/rajeshpmu/Desktop/LegalMemoCMT/data/phase2/clancy/corpus/raw/live-lindsay-clancy-trial-day-14/live-lindsay-clancy-trial-day-14_DCBWoWhsTpA.mp4,/Users/rajeshpmu/Desktop/LegalMemoCMT/data/phase2/clancy/corpus/raw/live-lindsay-clancy-trial-day-14/live-lindsay-clancy-trial-day-14_DCBWoWhsTpA.en.vtt,/Users/rajeshpmu/Desktop/LegalMemoCMT/data/processed/phase2/clancy/turn_clips/video/DCBWoWhsTpA/DCBWoWhsTpA_turn06011.mp4,/Users/rajeshpmu/Desktop/LegalMemoCMT/data/processed/phase2/clancy/turn_clips/audio/DCBWoWhsTpA/DCBWoWhsTpA_turn06011.wav,00:28:02.204,00:28:52.164,49.960,REJECTED,Duration outlier: outside 0.8-30 second MELD-style range
DCBWoWhsTpA_turn06017,DCBWoWhsTpA,https://www.youtube.com/live/DCBWoWhsTpA,LIVE: Lindsay Clancy trial Day 14,/Users/rajeshpmu/Desktop/LegalMemoCMT/data/phase2/clancy/corpus/raw/live-lindsay-clancy-trial-day-14/live-lindsay-clancy-trial-day-14_DCBWoWhsTpA.mp4,/Users/rajeshpmu/Desktop/LegalMemoCMT/data/phase2/clancy/corpus/raw/live-lindsay-clancy-trial-day-14/live-lindsay-clancy-trial-day-14_DCBWoWhsTpA.en.vtt,/Users/rajeshpmu/Desktop/LegalMemoCMT/data/processed/phase2/clancy/turn_clips/video/DCBWoWhsTpA/DCBWoWhsTpA_turn06017.mp4,/Users/rajeshpmu/Desktop/LegalMemoCMT/data/processed/phase2/clancy/turn_clips/audio/DCBWoWhsTpA/DCBWoWhsTpA_turn06017.wav,00:30:14.630,00:30:57.628,42.998,REJECTED,Duration outlier: outside 0.8-30 second MELD-style range
DCBWoWhsTpA_turn06059,DCBWoWhsTpA,https://www.youtube.com/live/DCBWoWhsTpA,LIVE: Lindsay Clancy trial Day 14,/Users/rajeshpmu/Desktop/LegalMemoCMT/data/phase2/clancy/corpus/raw/live-lindsay-clancy-trial-day-14/live-lindsay-clancy-trial-day-14_DCBWoWhsTpA.mp4,/Users/rajeshpmu/Desktop/LegalMemoCMT/data/phase2/clancy/corpus/raw/live-lindsay-clancy-trial-day-14/live-lindsay-clancy-trial-day-14_DCBWoWhsTpA.en.vtt,/Users/rajeshpmu/Desktop/LegalMemoCMT/data/processed/phase2/clancy/turn_clips/video/DCBWoWhsTpA/DCBWoWhsTpA_turn06059.mp4,/Users/rajeshpmu/Desktop/LegalMemoCMT/data/processed/phase2/clancy/turn_clips/audio/DCBWoWhsTpA/DCBWoWhsTpA_turn06059.wav,00:38:22.710,00:39:00.395,37.685,REJECTED,Duration outlier: outside 0.8-30 second MELD-style range
DCBWoWhsTpA_turn06084,DCBWoWhsTpA,https://www.youtube.com/live/DCBWoWhsTpA,LIVE: Lindsay Clancy trial Day 14,/Users/rajeshpmu/Desktop/LegalMemoCMT/data/phase2/clancy/corpus/raw/live-lindsay-clancy-trial-day-14/live-lindsay-clancy-trial-day-14_DCBWoWhsTpA.mp4,/Users/rajeshpmu/Desktop/LegalMemoCMT/data/phase2/clancy/corpus/raw/live-lindsay-clancy-trial-day-14/live-lindsay-clancy-trial-day-14_DCBWoWhsTpA.en.vtt,/Users/rajeshpmu/Desktop/LegalMemoCMT/data/processed/phase2/clancy/turn_clips/video/DCBWoWhsTpA/DCBWoWhsTpA_turn06084.mp4,/Users/rajeshpmu/Desktop/LegalMemoCMT/data/processed/phase2/clancy/turn_clips/audio/DCBWoWhsTpA/DCBWoWhsTpA_turn06084.wav,00:42:10.594,00:42:44.400,33.806,REJECTED,Duration outlier: outside 0.8-30 second MELD-style range
DCBWoWhsTpA_turn06088,DCBWoWhsTpA,https://www.youtube.com/live/DCBWoWhsTpA,LIVE: Lindsay Clancy trial Day 14,/Users/rajeshpmu/Desktop/LegalMemoCMT/data/phase2/clancy/corpus/raw/live-lindsay-clancy-trial-day-14/live-lindsay-clancy-trial-day-14_DCBWoWhsTpA.mp4,/Users/rajeshpmu/Desktop/LegalMemoCMT/data/phase2/clancy/corpus/raw/live-lindsay-clancy-trial-day-14/live-lindsay-clancy-trial-day-14_DCBWoWhsTpA.en.vtt,/Users/rajeshpmu/Desktop/LegalMemoCMT/data/processed/phase2/clancy/turn_clips/video/DCBWoWhsTpA/DCBWoWhsTpA_turn06088.mp4,/Users/rajeshpmu/Desktop/LegalMemoCMT/data/processed/phase2/clancy/turn_clips/audio/DCBWoWhsTpA/DCBWoWhsTpA_turn06088.wav,00:43:05.232,00:43:35.270,30.038,REJECTED,Duration outlier: outside 0.8-30 second MELD-style range
DCBWoWhsTpA_turn06108,DCBWoWhsTpA,https://www.youtube.com/live/DCBWoWhsTpA,LIVE: Lindsay Clancy trial Day 14,/Users/rajeshpmu/Desktop/LegalMemoCMT/data/phase2/clancy/corpus/raw/live-lindsay-clancy-trial-day-14/live-lindsay-clancy-trial-day-14_DCBWoWhsTpA.mp4,/Users/rajeshpmu/Desktop/LegalMemoCMT/data/phase2/clancy/corpus/raw/live-lindsay-clancy-trial-day-14/live-lindsay-clancy-trial-day-14_DCBWoWhsTpA.en.vtt,/Users/rajeshpmu/Desktop/LegalMemoCMT/data/processed/phase2/clancy/turn_clips/video/DCBWoWhsTpA/DCBWoWhsTpA_turn06108.mp4,/Users/rajeshpmu/Desktop/LegalMemoCMT/data/processed/phase2/clancy/turn_clips/audio/DCBWoWhsTpA/DCBWoWhsTpA_turn06108.wav,00:46:29.480,00:47:16.339,46.859,REJECTED,Duration outlier: outside 0.8-30 second MELD-style range
DCBWoWhsTpA_turn06111,DCBWoWhsTpA,https://www.youtube.com/live/DCBWoWhsTpA,LIVE: Lindsay Clancy trial Day 14,/Users/rajeshpmu/Desktop/LegalMemoCMT/data/phase2/clancy/corpus/raw/live-lindsay-clancy-trial-day-14/live-lindsay-clancy-trial-day-14_DCBWoWhsTpA.mp4,/Users/rajeshpmu/Desktop/LegalMemoCMT/data/phase2/clancy/corpus/raw/live-lindsay-clancy-trial-day-14/live-lindsay-clancy-trial-day-14_DCBWoWhsTpA.en.vtt,/Users/rajeshpmu/Desktop/LegalMemoCMT/data/processed/phase2/clancy/turn_clips/video/DCBWoWhsTpA/DCBWoWhsTpA_turn06111.mp4,/Users/rajeshpmu/Desktop/LegalMemoCMT/data/processed/phase2/clancy/turn_clips/audio/DCBWoWhsTpA/DCBWoWhsTpA_turn06111.wav,00:47:23.829,00:48:09.441,45.612,REJECTED,Duration outlier: outside 0.8-30 second MELD-style range
DCBWoWhsTpA_turn06176,DCBWoWhsTpA,https://www.youtube.com/live/DCBWoWhsTpA,LIVE: Lindsay Clancy trial Day 14,/Users/rajeshpmu/Desktop/LegalMemoCMT/data/phase2/clancy/corpus/raw/live-lindsay-clancy-trial-day-14/live-lindsay-clancy-trial-day-14_DCBWoWhsTpA.mp4,/Users/rajeshpmu/Desktop/LegalMemoCMT/data/phase2/clancy/corpus/raw/live-lindsay-clancy-trial-day-14/live-lindsay-clancy-trial-day-14_DCBWoWhsTpA.en.vtt,/Users/rajeshpmu/Desktop/LegalMemoCMT/data/processed/phase2/clancy/turn_clips/video/DCBWoWhsTpA/DCBWoWhsTpA_turn06176.mp4,/Users/rajeshpmu/Desktop/LegalMemoCMT/data/processed/phase2/clancy/turn_clips/audio/DCBWoWhsTpA/DCBWoWhsTpA_turn06176.wav,00:58:47.785,00:58:48.104,0.600,REJECTED,Duration outlier: outside 0.8-30 second MELD-style range
DCBWoWhsTpA_turn06178,DCBWoWhsTpA,https://www.youtube.com/live/DCBWoWhsTpA,LIVE: Lindsay Clancy trial Day 14,/Users/rajeshpmu/Desktop/LegalMemoCMT/data/phase2/clancy/corpus/raw/live-lindsay-clancy-trial-day-14/live-lindsay-clancy-trial-day-14_DCBWoWhsTpA.mp4,/Users/rajeshpmu/Desktop/LegalMemoCMT/data/phase2/clancy/corpus/raw/live-lindsay-clancy-trial-day-14/live-lindsay-clancy-trial-day-14_DCBWoWhsTpA.en.vtt,/Users/rajeshpmu/Desktop/LegalMemoCMT/data/processed/phase2/clancy/turn_clips/video/DCBWoWhsTpA/DCBWoWhsTpA_turn06178.mp4,/Users/rajeshpmu/Desktop/LegalMemoCMT/data/processed/phase2/clancy/turn_clips/audio/DCBWoWhsTpA/DCBWoWhsTpA_turn06178.wav,00:58:49.964,00:58:50.269,0.600,REJECTED,Duration outlier: outside 0.8-30 second MELD-style range
DCBWoWhsTpA_turn06191,DCBWoWhsTpA,https://www.youtube.com/live/DCBWoWhsTpA,LIVE: Lindsay Clancy trial Day 14,/Users/rajeshpmu/Desktop/LegalMemoCMT/data/phase2/clancy/corpus/raw/live-lindsay-clancy-trial-day-14/live-lindsay-clancy-trial-day-14_DCBWoWhsTpA.mp4,/Users/rajeshpmu/Desktop/LegalMemoCMT/data/phase2/clancy/corpus/raw/live-lindsay-clancy-trial-day-14/live-lindsay-clancy-trial-day-14_DCBWoWhsTpA.en.vtt,/Users/rajeshpmu/Desktop/LegalMemoCMT/data/processed/phase2/clancy/turn_clips/video/DCBWoWhsTpA/DCBWoWhsTpA_turn06191.mp4,/Users/rajeshpmu/Desktop/LegalMemoCMT/data/processed/phase2/clancy/turn_clips/audio/DCBWoWhsTpA/DCBWoWhsTpA_turn06191.wav,01:00:09.208,01:00:09.679,0.600,REJECTED,Duration outlier: outside 0.8-30 second MELD-style range
DCBWoWhsTpA_turn06247,DCBWoWhsTpA,https://www.youtube.com/live/DCBWoWhsTpA,LIVE: Lindsay Clancy trial Day 14,/Users/rajeshpmu/Desktop/LegalMemoCMT/data/phase2/clancy/corpus/raw/live-lindsay-clancy-trial-day-14/live-lindsay-clancy-trial-day-14_DCBWoWhsTpA.mp4,/Users/rajeshpmu/Desktop/LegalMemoCMT/data/phase2/clancy/corpus/raw/live-lindsay-clancy-trial-day-14/live-lindsay-clancy-trial-day-14_DCBWoWhsTpA.en.vtt,/Users/rajeshpmu/Desktop/LegalMemoCMT/data/processed/phase2/clancy/turn_clips/video/DCBWoWhsTpA/DCBWoWhsTpA_turn06247.mp4,/Users/rajeshpmu/Desktop/LegalMemoCMT/data/processed/phase2/clancy/turn_clips/audio/DCBWoWhsTpA/DCBWoWhsTpA_turn06247.wav,01:05:46.403,01:05:46.719,0.600,REJECTED,Duration outlier: outside 0.8-30 second MELD-style range
DCBWoWhsTpA_turn06249,DCBWoWhsTpA,https://www.youtube.com/live/DCBWoWhsTpA,LIVE: Lindsay Clancy trial Day 14,/Users/rajeshpmu/Desktop/LegalMemoCMT/data/phase2/clancy/corpus/raw/live-lindsay-clancy-trial-day-14/live-lindsay-clancy-trial-day-14_DCBWoWhsTpA.mp4,/Users/rajeshpmu/Desktop/LegalMemoCMT/data/phase2/clancy/corpus/raw/live-lindsay-clancy-trial-day-14/live-lindsay-clancy-trial-day-14_DCBWoWhsTpA.en.vtt,/Users/rajeshpmu/Desktop/LegalMemoCMT/data/processed/phase2/clancy/turn_clips/video/DCBWoWhsTpA/DCBWoWhsTpA_turn06249.mp4,/Users/rajeshpmu/Desktop/LegalMemoCMT/data/processed/phase2/clancy/turn_clips/audio/DCBWoWhsTpA/DCBWoWhsTpA_turn06249.wav,01:05:51.114,01:05:51.839,0.725,REJECTED,Duration outlier: outside 0.8-30 second MELD-style range
DCBWoWhsTpA_turn06251,DCBWoWhsTpA,https://www.youtube.com/live/DCBWoWhsTpA,LIVE: Lindsay Clancy trial Day 14,/Users/rajeshpmu/Desktop/LegalMemoCMT/data/phase2/clancy/corpus/raw/live-lindsay-clancy-trial-day-14/live-lindsay-clancy-trial-day-14_DCBWoWhsTpA.mp4,/Users/rajeshpmu/Desktop/LegalMemoCMT/data/phase2/clancy/corpus/raw/live-lindsay-clancy-trial-day-14/live-lindsay-clancy-trial-day-14_DCBWoWhsTpA.en.vtt,/Users/rajeshpmu/Desktop/LegalMemoCMT/data/processed/phase2/clancy/turn_clips/video/DCBWoWhsTpA/DCBWoWhsTpA_turn06251.mp4,/Users/rajeshpmu/Desktop/LegalMemoCMT/data/processed/phase2/clancy/turn_clips/audio/DCBWoWhsTpA/DCBWoWhsTpA_turn06251.wav,01:05:57.618,01:05:58.028,0.600,REJECTED,Duration outlier: outside 0.8-30 second MELD-style range
DCBWoWhsTpA_turn06285,DCBWoWhsTpA,https://www.youtube.com/live/DCBWoWhsTpA,LIVE: Lindsay Clancy trial Day 14,/Users/rajeshpmu/Desktop/LegalMemoCMT/data/phase2/clancy/corpus/raw/live-lindsay-clancy-trial-day-14/live-lindsay-clancy-trial-day-14_DCBWoWhsTpA.mp4,/Users/rajeshpmu/Desktop/LegalMemoCMT/data/phase2/clancy/corpus/raw/live-lindsay-clancy-trial-day-14/live-lindsay-clancy-trial-day-14_DCBWoWhsTpA.en.vtt,/Users/rajeshpmu/Desktop/LegalMemoCMT/data/processed/phase2/clancy/turn_clips/video/DCBWoWhsTpA/DCBWoWhsTpA_turn06285.mp4,/Users/rajeshpmu/Desktop/LegalMemoCMT/data/processed/phase2/clancy/turn_clips/audio/DCBWoWhsTpA/DCBWoWhsTpA_turn06285.wav,01:10:04.727,01:10:05.525,0.798,REJECTED,Duration outlier: outside 0.8-30 second MELD-style range
DCBWoWhsTpA_turn06286,DCBWoWhsTpA,https://www.youtube.com/live/DCBWoWhsTpA,LIVE: Lindsay Clancy trial Day 14,/Users/rajeshpmu/Desktop/LegalMemoCMT/data/phase2/clancy/corpus/raw/live-lindsay-clancy-trial-day-14/live-lindsay-clancy-trial-day-14_DCBWoWhsTpA.mp4,/Users/rajeshpmu/Desktop/LegalMemoCMT/data/phase2/clancy/corpus/raw/live-lindsay-clancy-trial-day-14/live-lindsay-clancy-trial-day-14_DCBWoWhsTpA.en.vtt,/Users/rajeshpmu/Desktop/LegalMemoCMT/data/processed/phase2/clancy/turn_clips/video/DCBWoWhsTpA/DCBWoWhsTpA_turn06286.mp4,/Users/rajeshpmu/Desktop/LegalMemoCMT/data/processed/phase2/clancy/turn_clips/audio/DCBWoWhsTpA/DCBWoWhsTpA_turn06286.wav,01:10:05.525,01:10:05.879,0.600,REJECTED,Duration outlier: outside 0.8-30 second MELD-style range
DCBWoWhsTpA_turn06457,DCBWoWhsTpA,https://www.youtube.com/live/DCBWoWhsTpA,LIVE: Lindsay Clancy trial Day 14,/Users/rajeshpmu/Desktop/LegalMemoCMT/data/phase2/clancy/corpus/raw/live-lindsay-clancy-trial-day-14/live-lindsay-clancy-trial-day-14_DCBWoWhsTpA.mp4,/Users/rajeshpmu/Desktop/LegalMemoCMT/data/phase2/clancy/corpus/raw/live-lindsay-clancy-trial-day-14/live-lindsay-clancy-trial-day-14_DCBWoWhsTpA.en.vtt,/Users/rajeshpmu/Desktop/LegalMemoCMT/data/processed/phase2/clancy/turn_clips/video/DCBWoWhsTpA/DCBWoWhsTpA_turn06457.mp4,/Users/rajeshpmu/Desktop/LegalMemoCMT/data/processed/phase2/clancy/turn_clips/audio/DCBWoWhsTpA/DCBWoWhsTpA_turn06457.wav,01:36:41.283,01:36:41.717,0.600,REJECTED,Duration outlier: outside 0.8-30 second MELD-style range
DCBWoWhsTpA_turn06492,DCBWoWhsTpA,https://www.youtube.com/live/DCBWoWhsTpA,LIVE: Lindsay Clancy trial Day 14,/Users/rajeshpmu/Desktop/LegalMemoCMT/data/phase2/clancy/corpus/raw/live-lindsay-clancy-trial-day-14/live-lindsay-clancy-trial-day-14_DCBWoWhsTpA.mp4,/Users/rajeshpmu/Desktop/LegalMemoCMT/data/phase2/clancy/corpus/raw/live-lindsay-clancy-trial-day-14/live-lindsay-clancy-trial-day-14_DCBWoWhsTpA.en.vtt,/Users/rajeshpmu/Desktop/LegalMemoCMT/data/processed/phase2/clancy/turn_clips/video/DCBWoWhsTpA/DCBWoWhsTpA_turn06492.mp4,/Users/rajeshpmu/Desktop/LegalMemoCMT/data/processed/phase2/clancy/turn_clips/audio/DCBWoWhsTpA/DCBWoWhsTpA_turn06492.wav,01:39:32.167,01:40:16.865,44.698,REJECTED,Duration outlier: outside 0.8-30 second MELD-style range
DCBWoWhsTpA_turn06497,DCBWoWhsTpA,https://www.youtube.com/live/DCBWoWhsTpA,LIVE: Lindsay Clancy trial Day 14,/Users/rajeshpmu/Desktop/LegalMemoCMT/data/phase2/clancy/corpus/raw/live-lindsay-clancy-trial-day-14/live-lindsay-clancy-trial-day-14_DCBWoWhsTpA.mp4,/Users/rajeshpmu/Desktop/LegalMemoCMT/data/phase2/clancy/corpus/raw/live-lindsay-clancy-trial-day-14/live-lindsay-clancy-trial-day-14_DCBWoWhsTpA.en.vtt,/Users/rajeshpmu/Desktop/LegalMemoCMT/data/processed/phase2/clancy/turn_clips/video/DCBWoWhsTpA/DCBWoWhsTpA_turn06497.mp4,/Users/rajeshpmu/Desktop/LegalMemoCMT/data/processed/phase2/clancy/turn_clips/audio/DCBWoWhsTpA/DCBWoWhsTpA_turn06497.wav,01:40:37.966,01:41:10.312,32.346,REJECTED,Duration outlier: outside 0.8-30 second MELD-style range
DCBWoWhsTpA_turn06500,DCBWoWhsTpA,https://www.youtube.com/live/DCBWoWhsTpA,LIVE: Lindsay Clancy trial Day 14,/Users/rajeshpmu/Desktop/LegalMemoCMT/data/phase2/clancy/corpus/raw/live-lindsay-clancy-trial-day-14/live-lindsay-clancy-trial-day-14_DCBWoWhsTpA.mp4,/Users/rajeshpmu/Desktop/LegalMemoCMT/data/phase2/clancy/corpus/raw/live-lindsay-clancy-trial-day-14/live-lindsay-clancy-trial-day-14_DCBWoWhsTpA.en.vtt,/Users/rajeshpmu/Desktop/LegalMemoCMT/data/processed/phase2/clancy/turn_clips/video/DCBWoWhsTpA/DCBWoWhsTpA_turn06500.mp4,/Users/rajeshpmu/Desktop/LegalMemoCMT/data/processed/phase2/clancy/turn_clips/audio/DCBWoWhsTpA/DCBWoWhsTpA_turn06500.wav,01:41:12.263,01:42:12.140,59.877,REJECTED,Duration outlier: outside 0.8-30 second MELD-style range
DCBWoWhsTpA_turn06529,DCBWoWhsTpA,https://www.youtube.com/live/DCBWoWhsTpA,LIVE: Lindsay Clancy trial Day 14,/Users/rajeshpmu/Desktop/LegalMemoCMT/data/phase2/clancy/corpus/raw/live-lindsay-clancy-trial-day-14/live-lindsay-clancy-trial-day-14_DCBWoWhsTpA.mp4,/Users/rajeshpmu/Desktop/LegalMemoCMT/data/phase2/clancy/corpus/raw/live-lindsay-clancy-trial-day-14/live-lindsay-clancy-trial-day-14_DCBWoWhsTpA.en.vtt,/Users/rajeshpmu/Desktop/LegalMemoCMT/data/processed/phase2/clancy/turn_clips/video/DCBWoWhsTpA/DCBWoWhsTpA_turn06529.mp4,/Users/rajeshpmu/Desktop/LegalMemoCMT/data/processed/phase2/clancy/turn_clips/audio/DCBWoWhsTpA/DCBWoWhsTpA_turn06529.wav,01:44:50.315,01:45:39.955,49.640,REJECTED,Duration outlier: outside 0.8-30 second MELD-style range
DCBWoWhsTpA_turn06552,DCBWoWhsTpA,https://www.youtube.com/live/DCBWoWhsTpA,LIVE: Lindsay Clancy trial Day 14,/Users/rajeshpmu/Desktop/LegalMemoCMT/data/phase2/clancy/corpus/raw/live-lindsay-clancy-trial-day-14/live-lindsay-clancy-trial-day-14_DCBWoWhsTpA.mp4,/Users/rajeshpmu/Desktop/LegalMemoCMT/data/phase2/clancy/corpus/raw/live-lindsay-clancy-trial-day-14/live-lindsay-clancy-trial-day-14_DCBWoWhsTpA.en.vtt,/Users/rajeshpmu/Desktop/LegalMemoCMT/data/processed/phase2/clancy/turn_clips/video/DCBWoWhsTpA/DCBWoWhsTpA_turn06552.mp4,/Users/rajeshpmu/Desktop/LegalMemoCMT/data/processed/phase2/clancy/turn_clips/audio/DCBWoWhsTpA/DCBWoWhsTpA_turn06552.wav,01:48:05.448,01:48:47.288,41.840,REJECTED,Duration outlier: outside 0.8-30 second MELD-style range
DCBWoWhsTpA_turn06629,DCBWoWhsTpA,https://www.youtube.com/live/DCBWoWhsTpA,LIVE: Lindsay Clancy trial Day 14,/Users/rajeshpmu/Desktop/LegalMemoCMT/data/phase2/clancy/corpus/raw/live-lindsay-clancy-trial-day-14/live-lindsay-clancy-trial-day-14_DCBWoWhsTpA.mp4,/Users/rajeshpmu/Desktop/LegalMemoCMT/data/phase2/clancy/corpus/raw/live-lindsay-clancy-trial-day-14/live-lindsay-clancy-trial-day-14_DCBWoWhsTpA.en.vtt,/Users/rajeshpmu/Desktop/LegalMemoCMT/data/processed/phase2/clancy/turn_clips/video/DCBWoWhsTpA/DCBWoWhsTpA_turn06629.mp4,/Users/rajeshpmu/Desktop/LegalMemoCMT/data/processed/phase2/clancy/turn_clips/audio/DCBWoWhsTpA/DCBWoWhsTpA_turn06629.wav,01:55:47.594,01:55:48.257,0.663,REJECTED,Duration outlier: outside 0.8-30 second MELD-style range
DCBWoWhsTpA_turn06699,DCBWoWhsTpA,https://www.youtube.com/live/DCBWoWhsTpA,LIVE: Lindsay Clancy trial Day 14,/Users/rajeshpmu/Desktop/LegalMemoCMT/data/phase2/clancy/corpus/raw/live-lindsay-clancy-trial-day-14/live-lindsay-clancy-trial-day-14_DCBWoWhsTpA.mp4,/Users/rajeshpmu/Desktop/LegalMemoCMT/data/phase2/clancy/corpus/raw/live-lindsay-clancy-trial-day-14/live-lindsay-clancy-trial-day-14_DCBWoWhsTpA.en.vtt,/Users/rajeshpmu/Desktop/LegalMemoCMT/data/processed/phase2/clancy/turn_clips/video/DCBWoWhsTpA/DCBWoWhsTpA_turn06699.mp4,/Users/rajeshpmu/Desktop/LegalMemoCMT/data/processed/phase2/clancy/turn_clips/audio/DCBWoWhsTpA/DCBWoWhsTpA_turn06699.wav,02:02:21.099,02:03:10.351,49.252,REJECTED,Duration outlier: outside 0.8-30 second MELD-style range
DCBWoWhsTpA_turn06755,DCBWoWhsTpA,https://www.youtube.com/live/DCBWoWhsTpA,LIVE: Lindsay Clancy trial Day 14,/Users/rajeshpmu/Desktop/LegalMemoCMT/data/phase2/clancy/corpus/raw/live-lindsay-clancy-trial-day-14/live-lindsay-clancy-trial-day-14_DCBWoWhsTpA.mp4,/Users/rajeshpmu/Desktop/LegalMemoCMT/data/phase2/clancy/corpus/raw/live-lindsay-clancy-trial-day-14/live-lindsay-clancy-trial-day-14_DCBWoWhsTpA.en.vtt,/Users/rajeshpmu/Desktop/LegalMemoCMT/data/processed/phase2/clancy/turn_clips/video/DCBWoWhsTpA/DCBWoWhsTpA_turn06755.mp4,/Users/rajeshpmu/Desktop/LegalMemoCMT/data/processed/phase2/clancy/turn_clips/audio/DCBWoWhsTpA/DCBWoWhsTpA_turn06755.wav,02:08:55.073,02:08:55.647,0.600,REJECTED,Duration outlier: outside 0.8-30 second MELD-style range
DCBWoWhsTpA_turn06776,DCBWoWhsTpA,https://www.youtube.com/live/DCBWoWhsTpA,LIVE: Lindsay Clancy trial Day 14,/Users/rajeshpmu/Desktop/LegalMemoCMT/data/phase2/clancy/corpus/raw/live-lindsay-clancy-trial-day-14/live-lindsay-clancy-trial-day-14_DCBWoWhsTpA.mp4,/Users/rajeshpmu/Desktop/LegalMemoCMT/data/phase2/clancy/corpus/raw/live-lindsay-clancy-trial-day-14/live-lindsay-clancy-trial-day-14_DCBWoWhsTpA.en.vtt,/Users/rajeshpmu/Desktop/LegalMemoCMT/data/processed/phase2/clancy/turn_clips/video/DCBWoWhsTpA/DCBWoWhsTpA_turn06776.mp4,/Users/rajeshpmu/Desktop/LegalMemoCMT/data/processed/phase2/clancy/turn_clips/audio/DCBWoWhsTpA/DCBWoWhsTpA_turn06776.wav,02:10:12.635,02:10:13.175,0.600,REJECTED,Duration outlier: outside 0.8-30 second MELD-style range
DCBWoWhsTpA_turn06799,DCBWoWhsTpA,https://www.youtube.com/live/DCBWoWhsTpA,LIVE: Lindsay Clancy trial Day 14,/Users/rajeshpmu/Desktop/LegalMemoCMT/data/phase2/clancy/corpus/raw/live-lindsay-clancy-trial-day-14/live-lindsay-clancy-trial-day-14_DCBWoWhsTpA.mp4,/Users/rajeshpmu/Desktop/LegalMemoCMT/data/phase2/clancy/corpus/raw/live-lindsay-clancy-trial-day-14/live-lindsay-clancy-trial-day-14_DCBWoWhsTpA.en.vtt,/Users/rajeshpmu/Desktop/LegalMemoCMT/data/processed/phase2/clancy/turn_clips/video/DCBWoWhsTpA/DCBWoWhsTpA_turn06799.mp4,/Users/rajeshpmu/Desktop/LegalMemoCMT/data/processed/phase2/clancy/turn_clips/audio/DCBWoWhsTpA/DCBWoWhsTpA_turn06799.wav,02:12:27.216,02:13:19.481,52.265,REJECTED,Duration outlier: outside 0.8-30 second MELD-style range
DCBWoWhsTpA_turn06870,DCBWoWhsTpA,https://www.youtube.com/live/DCBWoWhsTpA,LIVE: Lindsay Clancy trial Day 14,/Users/rajeshpmu/Desktop/LegalMemoCMT/data/phase2/clancy/corpus/raw/live-lindsay-clancy-trial-day-14/live-lindsay-clancy-trial-day-14_DCBWoWhsTpA.mp4,/Users/rajeshpmu/Desktop/LegalMemoCMT/data/phase2/clancy/corpus/raw/live-lindsay-clancy-trial-day-14/live-lindsay-clancy-trial-day-14_DCBWoWhsTpA.en.vtt,/Users/rajeshpmu/Desktop/LegalMemoCMT/data/processed/phase2/clancy/turn_clips/video/DCBWoWhsTpA/DCBWoWhsTpA_turn06870.mp4,/Users/rajeshpmu/Desktop/LegalMemoCMT/data/processed/phase2/clancy/turn_clips/audio/DCBWoWhsTpA/DCBWoWhsTpA_turn06870.wav,02:28:29.989,02:29:46.148,76.159,REJECTED,Duration outlier: outside 0.8-30 second MELD-style range
DCBWoWhsTpA_turn06882,DCBWoWhsTpA,https://www.youtube.com/live/DCBWoWhsTpA,LIVE: Lindsay Clancy trial Day 14,/Users/rajeshpmu/Desktop/LegalMemoCMT/data/phase2/clancy/corpus/raw/live-lindsay-clancy-trial-day-14/live-lindsay-clancy-trial-day-14_DCBWoWhsTpA.mp4,/Users/rajeshpmu/Desktop/LegalMemoCMT/data/phase2/clancy/corpus/raw/live-lindsay-clancy-trial-day-14/live-lindsay-clancy-trial-day-14_DCBWoWhsTpA.en.vtt,/Users/rajeshpmu/Desktop/LegalMemoCMT/data/processed/phase2/clancy/turn_clips/video/DCBWoWhsTpA/DCBWoWhsTpA_turn06882.mp4,/Users/rajeshpmu/Desktop/LegalMemoCMT/data/processed/phase2/clancy/turn_clips/audio/DCBWoWhsTpA/DCBWoWhsTpA_turn06882.wav,02:33:12.191,02:35:28.151,135.960,REJECTED,Duration outlier: outside 0.8-30 second MELD-style range
DCBWoWhsTpA_turn06894,DCBWoWhsTpA,https://www.youtube.com/live/DCBWoWhsTpA,LIVE: Lindsay Clancy trial Day 14,/Users/rajeshpmu/Desktop/LegalMemoCMT/data/phase2/clancy/corpus/raw/live-lindsay-clancy-trial-day-14/live-lindsay-clancy-trial-day-14_DCBWoWhsTpA.mp4,/Users/rajeshpmu/Desktop/LegalMemoCMT/data/phase2/clancy/corpus/raw/live-lindsay-clancy-trial-day-14/live-lindsay-clancy-trial-day-14_DCBWoWhsTpA.en.vtt,/Users/rajeshpmu/Desktop/LegalMemoCMT/data/processed/phase2/clancy/turn_clips/video/DCBWoWhsTpA/DCBWoWhsTpA_turn06894.mp4,/Users/rajeshpmu/Desktop/LegalMemoCMT/data/processed/phase2/clancy/turn_clips/audio/DCBWoWhsTpA/DCBWoWhsTpA_turn06894.wav,02:37:40.796,02:38:12.510,31.714,REJECTED,Duration outlier: outside 0.8-30 second MELD-style range
DCBWoWhsTpA_turn06989,DCBWoWhsTpA,https://www.youtube.com/live/DCBWoWhsTpA,LIVE: Lindsay Clancy trial Day 14,/Users/rajeshpmu/Desktop/LegalMemoCMT/data/phase2/clancy/corpus/raw/live-lindsay-clancy-trial-day-14/live-lindsay-clancy-trial-day-14_DCBWoWhsTpA.mp4,/Users/rajeshpmu/Desktop/LegalMemoCMT/data/phase2/clancy/corpus/raw/live-lindsay-clancy-trial-day-14/live-lindsay-clancy-trial-day-14_DCBWoWhsTpA.en.vtt,/Users/rajeshpmu/Desktop/LegalMemoCMT/data/processed/phase2/clancy/turn_clips/video/DCBWoWhsTpA/DCBWoWhsTpA_turn06989.mp4,/Users/rajeshpmu/Desktop/LegalMemoCMT/data/processed/phase2/clancy/turn_clips/audio/DCBWoWhsTpA/DCBWoWhsTpA_turn06989.wav,02:54:41.111,02:54:41.398,0.600,REJECTED,Duration outlier: outside 0.8-30 second MELD-style range
DCBWoWhsTpA_turn07016,DCBWoWhsTpA,https://www.youtube.com/live/DCBWoWhsTpA,LIVE: Lindsay Clancy trial Day 14,/Users/rajeshpmu/Desktop/LegalMemoCMT/data/phase2/clancy/corpus/raw/live-lindsay-clancy-trial-day-14/live-lindsay-clancy-trial-day-14_DCBWoWhsTpA.mp4,/Users/rajeshpmu/Desktop/LegalMemoCMT/data/phase2/clancy/corpus/raw/live-lindsay-clancy-trial-day-14/live-lindsay-clancy-trial-day-14_DCBWoWhsTpA.en.vtt,/Users/rajeshpmu/Desktop/LegalMemoCMT/data/processed/phase2/clancy/turn_clips/video/DCBWoWhsTpA/DCBWoWhsTpA_turn07016.mp4,/Users/rajeshpmu/Desktop/LegalMemoCMT/data/processed/phase2/clancy/turn_clips/audio/DCBWoWhsTpA/DCBWoWhsTpA_turn07016.wav,02:57:21.580,02:57:56.525,34.945,REJECTED,Duration outlier: outside 0.8-30 second MELD-style range
DCBWoWhsTpA_turn07020,DCBWoWhsTpA,https://www.youtube.com/live/DCBWoWhsTpA,LIVE: Lindsay Clancy trial Day 14,/Users/rajeshpmu/Desktop/LegalMemoCMT/data/phase2/clancy/corpus/raw/live-lindsay-clancy-trial-day-14/live-lindsay-clancy-trial-day-14_DCBWoWhsTpA.mp4,/Users/rajeshpmu/Desktop/LegalMemoCMT/data/phase2/clancy/corpus/raw/live-lindsay-clancy-trial-day-14/live-lindsay-clancy-trial-day-14_DCBWoWhsTpA.en.vtt,/Users/rajeshpmu/Desktop/LegalMemoCMT/data/processed/phase2/clancy/turn_clips/video/DCBWoWhsTpA/DCBWoWhsTpA_turn07020.mp4,/Users/rajeshpmu/Desktop/LegalMemoCMT/data/processed/phase2/clancy/turn_clips/audio/DCBWoWhsTpA/DCBWoWhsTpA_turn07020.wav,02:58:31.705,02:59:13.452,41.747,REJECTED,Duration outlier: outside 0.8-30 second MELD-style range
D5L_c9Mla1U_turn03324,D5L_c9Mla1U,https://www.youtube.com/watch?v=D5L_c9Mla1U,LIVE: Lindsay Clancy trial Day 16,/Users/rajeshpmu/Desktop/LegalMemoCMT/data/phase2/clancy/corpus/raw/live-lindsay-clancy-trial-day-16/live-lindsay-clancy-trial-day-16_D5L_c9Mla1U.mp4,/Users/rajeshpmu/Desktop/LegalMemoCMT/data/phase2/clancy/corpus/raw/live-lindsay-clancy-trial-day-16/live-lindsay-clancy-trial-day-16_D5L_c9Mla1U.en.vtt,/Users/rajeshpmu/Desktop/LegalMemoCMT/data/processed/phase2/clancy/turn_clips/video/D5L_c9Mla1U/D5L_c9Mla1U_turn03324.mp4,/Users/rajeshpmu/Desktop/LegalMemoCMT/data/processed/phase2/clancy/turn_clips/audio/D5L_c9Mla1U/D5L_c9Mla1U_turn03324.wav,00:12:58.192,00:12:58.930,0.738,REJECTED,Duration outlier: outside 0.8-30 second MELD-style range
D5L_c9Mla1U_turn03382,D5L_c9Mla1U,https://www.youtube.com/watch?v=D5L_c9Mla1U,LIVE: Lindsay Clancy trial Day 16,/Users/rajeshpmu/Desktop/LegalMemoCMT/data/phase2/clancy/corpus/raw/live-lindsay-clancy-trial-day-16/live-lindsay-clancy-trial-day-16_D5L_c9Mla1U.mp4,/Users/rajeshpmu/Desktop/LegalMemoCMT/data/phase2/clancy/corpus/raw/live-lindsay-clancy-trial-day-16/live-lindsay-clancy-trial-day-16_D5L_c9Mla1U.en.vtt,/Users/rajeshpmu/Desktop/LegalMemoCMT/data/processed/phase2/clancy/turn_clips/video/D5L_c9Mla1U/D5L_c9Mla1U_turn03382.mp4,/Users/rajeshpmu/Desktop/LegalMemoCMT/data/processed/phase2/clancy/turn_clips/audio/D5L_c9Mla1U/D5L_c9Mla1U_turn03382.wav,00:20:41.492,00:20:42.011,0.600,REJECTED,Duration outlier: outside 0.8-30 second MELD-style range
D5L_c9Mla1U_turn03444,D5L_c9Mla1U,https://www.youtube.com/watch?v=D5L_c9Mla1U,LIVE: Lindsay Clancy trial Day 16,/Users/rajeshpmu/Desktop/LegalMemoCMT/data/phase2/clancy/corpus/raw/live-lindsay-clancy-trial-day-16/live-lindsay-clancy-trial-day-16_D5L_c9Mla1U.mp4,/Users/rajeshpmu/Desktop/LegalMemoCMT/data/phase2/clancy/corpus/raw/live-lindsay-clancy-trial-day-16/live-lindsay-clancy-trial-day-16_D5L_c9Mla1U.en.vtt,/Users/rajeshpmu/Desktop/LegalMemoCMT/data/processed/phase2/clancy/turn_clips/video/D5L_c9Mla1U/D5L_c9Mla1U_turn03444.mp4,/Users/rajeshpmu/Desktop/LegalMemoCMT/data/processed/phase2/clancy/turn_clips/audio/D5L_c9Mla1U/D5L_c9Mla1U_turn03444.wav,00:28:04.366,00:28:04.627,0.600,REJECTED,Duration outlier: outside 0.8-30 second MELD-style range
D5L_c9Mla1U_turn03456,D5L_c9Mla1U,https://www.youtube.com/watch?v=D5L_c9Mla1U,LIVE: Lindsay Clancy trial Day 16,/Users/rajeshpmu/Desktop/LegalMemoCMT/data/phase2/clancy/corpus/raw/live-lindsay-clancy-trial-day-16/live-lindsay-clancy-trial-day-16_D5L_c9Mla1U.mp4,/Users/rajeshpmu/Desktop/LegalMemoCMT/data/phase2/clancy/corpus/raw/live-lindsay-clancy-trial-day-16/live-lindsay-clancy-trial-day-16_D5L_c9Mla1U.en.vtt,/Users/rajeshpmu/Desktop/LegalMemoCMT/data/processed/phase2/clancy/turn_clips/video/D5L_c9Mla1U/D5L_c9Mla1U_turn03456.mp4,/Users/rajeshpmu/Desktop/LegalMemoCMT/data/processed/phase2/clancy/turn_clips/audio/D5L_c9Mla1U/D5L_c9Mla1U_turn03456.wav,00:29:15.439,00:29:55.811,40.372,REJECTED,Duration outlier: outside 0.8-30 second MELD-style range
D5L_c9Mla1U_turn03521,D5L_c9Mla1U,https://www.youtube.com/watch?v=D5L_c9Mla1U,LIVE: Lindsay Clancy trial Day 16,/Users/rajeshpmu/Desktop/LegalMemoCMT/data/phase2/clancy/corpus/raw/live-lindsay-clancy-trial-day-16/live-lindsay-clancy-trial-day-16_D5L_c9Mla1U.mp4,/Users/rajeshpmu/Desktop/LegalMemoCMT/data/phase2/clancy/corpus/raw/live-lindsay-clancy-trial-day-16/live-lindsay-clancy-trial-day-16_D5L_c9Mla1U.en.vtt,/Users/rajeshpmu/Desktop/LegalMemoCMT/data/processed/phase2/clancy/turn_clips/video/D5L_c9Mla1U/D5L_c9Mla1U_turn03521.mp4,/Users/rajeshpmu/Desktop/LegalMemoCMT/data/processed/phase2/clancy/turn_clips/audio/D5L_c9Mla1U/D5L_c9Mla1U_turn03521.wav,00:39:13.129,00:39:52.395,39.266,REJECTED,Duration outlier: outside 0.8-30 second MELD-style range
D5L_c9Mla1U_turn03606,D5L_c9Mla1U,https://www.youtube.com/watch?v=D5L_c9Mla1U,LIVE: Lindsay Clancy trial Day 16,/Users/rajeshpmu/Desktop/LegalMemoCMT/data/phase2/clancy/corpus/raw/live-lindsay-clancy-trial-day-16/live-lindsay-clancy-trial-day-16_D5L_c9Mla1U.mp4,/Users/rajeshpmu/Desktop/LegalMemoCMT/data/phase2/clancy/corpus/raw/live-lindsay-clancy-trial-day-16/live-lindsay-clancy-trial-day-16_D5L_c9Mla1U.en.vtt,/Users/rajeshpmu/Desktop/LegalMemoCMT/data/processed/phase2/clancy/turn_clips/video/D5L_c9Mla1U/D5L_c9Mla1U_turn03606.mp4,/Users/rajeshpmu/Desktop/LegalMemoCMT/data/processed/phase2/clancy/turn_clips/audio/D5L_c9Mla1U/D5L_c9Mla1U_turn03606.wav,00:48:49.033,00:48:49.678,0.645,REJECTED,Duration outlier: outside 0.8-30 second MELD-style range
D5L_c9Mla1U_turn03673,D5L_c9Mla1U,https://www.youtube.com/watch?v=D5L_c9Mla1U,LIVE: Lindsay Clancy trial Day 16,/Users/rajeshpmu/Desktop/LegalMemoCMT/data/phase2/clancy/corpus/raw/live-lindsay-clancy-trial-day-16/live-lindsay-clancy-trial-day-16_D5L_c9Mla1U.mp4,/Users/rajeshpmu/Desktop/LegalMemoCMT/data/phase2/clancy/corpus/raw/live-lindsay-clancy-trial-day-16/live-lindsay-clancy-trial-day-16_D5L_c9Mla1U.en.vtt,/Users/rajeshpmu/Desktop/LegalMemoCMT/data/processed/phase2/clancy/turn_clips/video/D5L_c9Mla1U/D5L_c9Mla1U_turn03673.mp4,/Users/rajeshpmu/Desktop/LegalMemoCMT/data/processed/phase2/clancy/turn_clips/audio/D5L_c9Mla1U/D5L_c9Mla1U_turn03673.wav,00:56:50.956,00:57:42.729,51.773,REJECTED,Duration outlier: outside 0.8-30 second MELD-style range
D5L_c9Mla1U_turn03688,D5L_c9Mla1U,https://www.youtube.com/watch?v=D5L_c9Mla1U,LIVE: Lindsay Clancy trial Day 16,/Users/rajeshpmu/Desktop/LegalMemoCMT/data/phase2/clancy/corpus/raw/live-lindsay-clancy-trial-day-16/live-lindsay-clancy-trial-day-16_D5L_c9Mla1U.mp4,/Users/rajeshpmu/Desktop/LegalMemoCMT/data/phase2/clancy/corpus/raw/live-lindsay-clancy-trial-day-16/live-lindsay-clancy-trial-day-16_D5L_c9Mla1U.en.vtt,/Users/rajeshpmu/Desktop/LegalMemoCMT/data/processed/phase2/clancy/turn_clips/video/D5L_c9Mla1U/D5L_c9Mla1U_turn03688.mp4,/Users/rajeshpmu/Desktop/LegalMemoCMT/data/processed/phase2/clancy/turn_clips/audio/D5L_c9Mla1U/D5L_c9Mla1U_turn03688.wav,01:00:03.797,01:01:08.493,64.696,REJECTED,Duration outlier: outside 0.8-30 second MELD-style range
D5L_c9Mla1U_turn03689,D5L_c9Mla1U,https://www.youtube.com/watch?v=D5L_c9Mla1U,LIVE: Lindsay Clancy trial Day 16,/Users/rajeshpmu/Desktop/LegalMemoCMT/data/phase2/clancy/corpus/raw/live-lindsay-clancy-trial-day-16/live-lindsay-clancy-trial-day-16_D5L_c9Mla1U.mp4,/Users/rajeshpmu/Desktop/LegalMemoCMT/data/phase2/clancy/corpus/raw/live-lindsay-clancy-trial-day-16/live-lindsay-clancy-trial-day-16_D5L_c9Mla1U.en.vtt,/Users/rajeshpmu/Desktop/LegalMemoCMT/data/processed/phase2/clancy/turn_clips/video/D5L_c9Mla1U/D5L_c9Mla1U_turn03689.mp4,/Users/rajeshpmu/Desktop/LegalMemoCMT/data/processed/phase2/clancy/turn_clips/audio/D5L_c9Mla1U/D5L_c9Mla1U_turn03689.wav,01:01:08.493,01:01:08.763,0.600,REJECTED,Duration outlier: outside 0.8-30 second MELD-style range
D5L_c9Mla1U_turn03698,D5L_c9Mla1U,https://www.youtube.com/watch?v=D5L_c9Mla1U,LIVE: Lindsay Clancy trial Day 16,/Users/rajeshpmu/Desktop/LegalMemoCMT/data/phase2/clancy/corpus/raw/live-lindsay-clancy-trial-day-16/live-lindsay-clancy-trial-day-16_D5L_c9Mla1U.mp4,/Users/rajeshpmu/Desktop/LegalMemoCMT/data/phase2/clancy/corpus/raw/live-lindsay-clancy-trial-day-16/live-lindsay-clancy-trial-day-16_D5L_c9Mla1U.en.vtt,/Users/rajeshpmu/Desktop/LegalMemoCMT/data/processed/phase2/clancy/turn_clips/video/D5L_c9Mla1U/D5L_c9Mla1U_turn03698.mp4,/Users/rajeshpmu/Desktop/LegalMemoCMT/data/processed/phase2/clancy/turn_clips/audio/D5L_c9Mla1U/D5L_c9Mla1U_turn03698.wav,01:02:04.109,01:02:44.957,40.848,REJECTED,Duration outlier: outside 0.8-30 second MELD-style range
D5L_c9Mla1U_turn03707,D5L_c9Mla1U,https://www.youtube.com/watch?v=D5L_c9Mla1U,LIVE: Lindsay Clancy trial Day 16,/Users/rajeshpmu/Desktop/LegalMemoCMT/data/phase2/clancy/corpus/raw/live-lindsay-clancy-trial-day-16/live-lindsay-clancy-trial-day-16_D5L_c9Mla1U.mp4,/Users/rajeshpmu/Desktop/LegalMemoCMT/data/phase2/clancy/corpus/raw/live-lindsay-clancy-trial-day-16/live-lindsay-clancy-trial-day-16_D5L_c9Mla1U.en.vtt,/Users/rajeshpmu/Desktop/LegalMemoCMT/data/processed/phase2/clancy/turn_clips/video/D5L_c9Mla1U/D5L_c9Mla1U_turn03707.mp4,/Users/rajeshpmu/Desktop/LegalMemoCMT/data/processed/phase2/clancy/turn_clips/audio/D5L_c9Mla1U/D5L_c9Mla1U_turn03707.wav,01:03:43.700,01:03:44.469,0.769,REJECTED,Duration outlier: outside 0.8-30 second MELD-style range
D5L_c9Mla1U_turn03718,D5L_c9Mla1U,https://www.youtube.com/watch?v=D5L_c9Mla1U,LIVE: Lindsay Clancy trial Day 16,/Users/rajeshpmu/Desktop/LegalMemoCMT/data/phase2/clancy/corpus/raw/live-lindsay-clancy-trial-day-16/live-lindsay-clancy-trial-day-16_D5L_c9Mla1U.mp4,/Users/rajeshpmu/Desktop/LegalMemoCMT/data/phase2/clancy/corpus/raw/live-lindsay-clancy-trial-day-16/live-lindsay-clancy-trial-day-16_D5L_c9Mla1U.en.vtt,/Users/rajeshpmu/Desktop/LegalMemoCMT/data/processed/phase2/clancy/turn_clips/video/D5L_c9Mla1U/D5L_c9Mla1U_turn03718.mp4,/Users/rajeshpmu/Desktop/LegalMemoCMT/data/processed/phase2/clancy/turn_clips/audio/D5L_c9Mla1U/D5L_c9Mla1U_turn03718.wav,01:05:36.105,01:06:13.997,37.892,REJECTED,Duration outlier: outside 0.8-30 second MELD-style range
D5L_c9Mla1U_turn03913,D5L_c9Mla1U,https://www.youtube.com/watch?v=D5L_c9Mla1U,LIVE: Lindsay Clancy trial Day 16,/Users/rajeshpmu/Desktop/LegalMemoCMT/data/phase2/clancy/corpus/raw/live-lindsay-clancy-trial-day-16/live-lindsay-clancy-trial-day-16_D5L_c9Mla1U.mp4,/Users/rajeshpmu/Desktop/LegalMemoCMT/data/phase2/clancy/corpus/raw/live-lindsay-clancy-trial-day-16/live-lindsay-clancy-trial-day-16_D5L_c9Mla1U.en.vtt,/Users/rajeshpmu/Desktop/LegalMemoCMT/data/processed/phase2/clancy/turn_clips/video/D5L_c9Mla1U/D5L_c9Mla1U_turn03913.mp4,/Users/rajeshpmu/Desktop/LegalMemoCMT/data/processed/phase2/clancy/turn_clips/audio/D5L_c9Mla1U/D5L_c9Mla1U_turn03913.wav,01:44:45.945,01:45:38.576,52.631,REJECTED,Duration outlier: outside 0.8-30 second MELD-style range
D5L_c9Mla1U_turn03963,D5L_c9Mla1U,https://www.youtube.com/watch?v=D5L_c9Mla1U,LIVE: Lindsay Clancy trial Day 16,/Users/rajeshpmu/Desktop/LegalMemoCMT/data/phase2/clancy/corpus/raw/live-lindsay-clancy-trial-day-16/live-lindsay-clancy-trial-day-16_D5L_c9Mla1U.mp4,/Users/rajeshpmu/Desktop/LegalMemoCMT/data/phase2/clancy/corpus/raw/live-lindsay-clancy-trial-day-16/live-lindsay-clancy-trial-day-16_D5L_c9Mla1U.en.vtt,/Users/rajeshpmu/Desktop/LegalMemoCMT/data/processed/phase2/clancy/turn_clips/video/D5L_c9Mla1U/D5L_c9Mla1U_turn03963.mp4,/Users/rajeshpmu/Desktop/LegalMemoCMT/data/processed/phase2/clancy/turn_clips/audio/D5L_c9Mla1U/D5L_c9Mla1U_turn03963.wav,01:55:34.512,01:55:35.153,0.641,REJECTED,Duration outlier: outside 0.8-30 second MELD-style range
D5L_c9Mla1U_turn03985,D5L_c9Mla1U,https://www.youtube.com/watch?v=D5L_c9Mla1U,LIVE: Lindsay Clancy trial Day 16,/Users/rajeshpmu/Desktop/LegalMemoCMT/data/phase2/clancy/corpus/raw/live-lindsay-clancy-trial-day-16/live-lindsay-clancy-trial-day-16_D5L_c9Mla1U.mp4,/Users/rajeshpmu/Desktop/LegalMemoCMT/data/phase2/clancy/corpus/raw/live-lindsay-clancy-trial-day-16/live-lindsay-clancy-trial-day-16_D5L_c9Mla1U.en.vtt,/Users/rajeshpmu/Desktop/LegalMemoCMT/data/processed/phase2/clancy/turn_clips/video/D5L_c9Mla1U/D5L_c9Mla1U_turn03985.mp4,/Users/rajeshpmu/Desktop/LegalMemoCMT/data/processed/phase2/clancy/turn_clips/audio/D5L_c9Mla1U/D5L_c9Mla1U_turn03985.wav,01:58:48.799,01:59:25.633,36.834,REJECTED,Duration outlier: outside 0.8-30 second MELD-style range
D5L_c9Mla1U_turn04016,D5L_c9Mla1U,https://www.youtube.com/watch?v=D5L_c9Mla1U,LIVE: Lindsay Clancy trial Day 16,/Users/rajeshpmu/Desktop/LegalMemoCMT/data/phase2/clancy/corpus/raw/live-lindsay-clancy-trial-day-16/live-lindsay-clancy-trial-day-16_D5L_c9Mla1U.mp4,/Users/rajeshpmu/Desktop/LegalMemoCMT/data/phase2/clancy/corpus/raw/live-lindsay-clancy-trial-day-16/live-lindsay-clancy-trial-day-16_D5L_c9Mla1U.en.vtt,/Users/rajeshpmu/Desktop/LegalMemoCMT/data/processed/phase2/clancy/turn_clips/video/D5L_c9Mla1U/D5L_c9Mla1U_turn04016.mp4,/Users/rajeshpmu/Desktop/LegalMemoCMT/data/processed/phase2/clancy/turn_clips/audio/D5L_c9Mla1U/D5L_c9Mla1U_turn04016.wav,02:03:40.367,02:03:41.035,0.668,REJECTED,Duration outlier: outside 0.8-30 second MELD-style range
D5L_c9Mla1U_turn04017,D5L_c9Mla1U,https://www.youtube.com/watch?v=D5L_c9Mla1U,LIVE: Lindsay Clancy trial Day 16,/Users/rajeshpmu/Desktop/LegalMemoCMT/data/phase2/clancy/corpus/raw/live-lindsay-clancy-trial-day-16/live-lindsay-clancy-trial-day-16_D5L_c9Mla1U.mp4,/Users/rajeshpmu/Desktop/LegalMemoCMT/data/phase2/clancy/corpus/raw/live-lindsay-clancy-trial-day-16/live-lindsay-clancy-trial-day-16_D5L_c9Mla1U.en.vtt,/Users/rajeshpmu/Desktop/LegalMemoCMT/data/processed/phase2/clancy/turn_clips/video/D5L_c9Mla1U/D5L_c9Mla1U_turn04017.mp4,/Users/rajeshpmu/Desktop/LegalMemoCMT/data/processed/phase2/clancy/turn_clips/audio/D5L_c9Mla1U/D5L_c9Mla1U_turn04017.wav,02:03:41.035,02:03:41.791,0.756,REJECTED,Duration outlier: outside 0.8-30 second MELD-style range
D5L_c9Mla1U_turn04055,D5L_c9Mla1U,https://www.youtube.com/watch?v=D5L_c9Mla1U,LIVE: Lindsay Clancy trial Day 16,/Users/rajeshpmu/Desktop/LegalMemoCMT/data/phase2/clancy/corpus/raw/live-lindsay-clancy-trial-day-16/live-lindsay-clancy-trial-day-16_D5L_c9Mla1U.mp4,/Users/rajeshpmu/Desktop/LegalMemoCMT/data/phase2/clancy/corpus/raw/live-lindsay-clancy-trial-day-16/live-lindsay-clancy-trial-day-16_D5L_c9Mla1U.en.vtt,/Users/rajeshpmu/Desktop/LegalMemoCMT/data/processed/phase2/clancy/turn_clips/video/D5L_c9Mla1U/D5L_c9Mla1U_turn04055.mp4,/Users/rajeshpmu/Desktop/LegalMemoCMT/data/processed/phase2/clancy/turn_clips/audio/D5L_c9Mla1U/D5L_c9Mla1U_turn04055.wav,02:09:30.834,02:10:09.118,38.284,REJECTED,Duration outlier: outside 0.8-30 second MELD-style range
D5L_c9Mla1U_turn04068,D5L_c9Mla1U,https://www.youtube.com/watch?v=D5L_c9Mla1U,LIVE: Lindsay Clancy trial Day 16,/Users/rajeshpmu/Desktop/LegalMemoCMT/data/phase2/clancy/corpus/raw/live-lindsay-clancy-trial-day-16/live-lindsay-clancy-trial-day-16_D5L_c9Mla1U.mp4,/Users/rajeshpmu/Desktop/LegalMemoCMT/data/phase2/clancy/corpus/raw/live-lindsay-clancy-trial-day-16/live-lindsay-clancy-trial-day-16_D5L_c9Mla1U.en.vtt,/Users/rajeshpmu/Desktop/LegalMemoCMT/data/processed/phase2/clancy/turn_clips/video/D5L_c9Mla1U/D5L_c9Mla1U_turn04068.mp4,/Users/rajeshpmu/Desktop/LegalMemoCMT/data/processed/phase2/clancy/turn_clips/audio/D5L_c9Mla1U/D5L_c9Mla1U_turn04068.wav,02:11:31.756,02:12:08.635,36.879,REJECTED,Duration outlier: outside 0.8-30 second MELD-style range
D5L_c9Mla1U_turn04071,D5L_c9Mla1U,https://www.youtube.com/watch?v=D5L_c9Mla1U,LIVE: Lindsay Clancy trial Day 16,/Users/rajeshpmu/Desktop/LegalMemoCMT/data/phase2/clancy/corpus/raw/live-lindsay-clancy-trial-day-16/live-lindsay-clancy-trial-day-16_D5L_c9Mla1U.mp4,/Users/rajeshpmu/Desktop/LegalMemoCMT/data/phase2/clancy/corpus/raw/live-lindsay-clancy-trial-day-16/live-lindsay-clancy-trial-day-16_D5L_c9Mla1U.en.vtt,/Users/rajeshpmu/Desktop/LegalMemoCMT/data/processed/phase2/clancy/turn_clips/video/D5L_c9Mla1U/D5L_c9Mla1U_turn04071.mp4,/Users/rajeshpmu/Desktop/LegalMemoCMT/data/processed/phase2/clancy/turn_clips/audio/D5L_c9Mla1U/D5L_c9Mla1U_turn04071.wav,02:12:14.180,02:12:51.375,37.195,REJECTED,Duration outlier: outside 0.8-30 second MELD-style range
D5L_c9Mla1U_turn04077,D5L_c9Mla1U,https://www.youtube.com/watch?v=D5L_c9Mla1U,LIVE: Lindsay Clancy trial Day 16,/Users/rajeshpmu/Desktop/LegalMemoCMT/data/phase2/clancy/corpus/raw/live-lindsay-clancy-trial-day-16/live-lindsay-clancy-trial-day-16_D5L_c9Mla1U.mp4,/Users/rajeshpmu/Desktop/LegalMemoCMT/data/phase2/clancy/corpus/raw/live-lindsay-clancy-trial-day-16/live-lindsay-clancy-trial-day-16_D5L_c9Mla1U.en.vtt,/Users/rajeshpmu/Desktop/LegalMemoCMT/data/processed/phase2/clancy/turn_clips/video/D5L_c9Mla1U/D5L_c9Mla1U_turn04077.mp4,/Users/rajeshpmu/Desktop/LegalMemoCMT/data/processed/phase2/clancy/turn_clips/audio/D5L_c9Mla1U/D5L_c9Mla1U_turn04077.wav,02:13:30.493,02:14:05.562,35.069,REJECTED,Duration outlier: outside 0.8-30 second MELD-style range
D5L_c9Mla1U_turn04084,D5L_c9Mla1U,https://www.youtube.com/watch?v=D5L_c9Mla1U,LIVE: Lindsay Clancy trial Day 16,/Users/rajeshpmu/Desktop/LegalMemoCMT/data/phase2/clancy/corpus/raw/live-lindsay-clancy-trial-day-16/live-lindsay-clancy-trial-day-16_D5L_c9Mla1U.mp4,/Users/rajeshpmu/Desktop/LegalMemoCMT/data/phase2/clancy/corpus/raw/live-lindsay-clancy-trial-day-16/live-lindsay-clancy-trial-day-16_D5L_c9Mla1U.en.vtt,/Users/rajeshpmu/Desktop/LegalMemoCMT/data/processed/phase2/clancy/turn_clips/video/D5L_c9Mla1U/D5L_c9Mla1U_turn04084.mp4,/Users/rajeshpmu/Desktop/LegalMemoCMT/data/processed/phase2/clancy/turn_clips/audio/D5L_c9Mla1U/D5L_c9Mla1U_turn04084.wav,02:14:33.946,02:15:10.223,36.277,REJECTED,Duration outlier: outside 0.8-30 second MELD-style range
D5L_c9Mla1U_turn04087,D5L_c9Mla1U,https://www.youtube.com/watch?v=D5L_c9Mla1U,LIVE: Lindsay Clancy trial Day 16,/Users/rajeshpmu/Desktop/LegalMemoCMT/data/phase2/clancy/corpus/raw/live-lindsay-clancy-trial-day-16/live-lindsay-clancy-trial-day-16_D5L_c9Mla1U.mp4,/Users/rajeshpmu/Desktop/LegalMemoCMT/data/phase2/clancy/corpus/raw/live-lindsay-clancy-trial-day-16/live-lindsay-clancy-trial-day-16_D5L_c9Mla1U.en.vtt,/Users/rajeshpmu/Desktop/LegalMemoCMT/data/processed/phase2/clancy/turn_clips/video/D5L_c9Mla1U/D5L_c9Mla1U_turn04087.mp4,/Users/rajeshpmu/Desktop/LegalMemoCMT/data/processed/phase2/clancy/turn_clips/audio/D5L_c9Mla1U/D5L_c9Mla1U_turn04087.wav,02:15:18.585,02:15:52.899,34.314,REJECTED,Duration outlier: outside 0.8-30 second MELD-style range
D5L_c9Mla1U_turn04092,D5L_c9Mla1U,https://www.youtube.com/watch?v=D5L_c9Mla1U,LIVE: Lindsay Clancy trial Day 16,/Users/rajeshpmu/Desktop/LegalMemoCMT/data/phase2/clancy/corpus/raw/live-lindsay-clancy-trial-day-16/live-lindsay-clancy-trial-day-16_D5L_c9Mla1U.mp4,/Users/rajeshpmu/Desktop/LegalMemoCMT/data/phase2/clancy/corpus/raw/live-lindsay-clancy-trial-day-16/live-lindsay-clancy-trial-day-16_D5L_c9Mla1U.en.vtt,/Users/rajeshpmu/Desktop/LegalMemoCMT/data/processed/phase2/clancy/turn_clips/video/D5L_c9Mla1U/D5L_c9Mla1U_turn04092.mp4,/Users/rajeshpmu/Desktop/LegalMemoCMT/data/processed/phase2/clancy/turn_clips/audio/D5L_c9Mla1U/D5L_c9Mla1U_turn04092.wav,02:16:13.129,02:16:45.546,32.417,REJECTED,Duration outlier: outside 0.8-30 second MELD-style range
D5L_c9Mla1U_turn04135,D5L_c9Mla1U,https://www.youtube.com/watch?v=D5L_c9Mla1U,LIVE: Lindsay Clancy trial Day 16,/Users/rajeshpmu/Desktop/LegalMemoCMT/data/phase2/clancy/corpus/raw/live-lindsay-clancy-trial-day-16/live-lindsay-clancy-trial-day-16_D5L_c9Mla1U.mp4,/Users/rajeshpmu/Desktop/LegalMemoCMT/data/phase2/clancy/corpus/raw/live-lindsay-clancy-trial-day-16/live-lindsay-clancy-trial-day-16_D5L_c9Mla1U.en.vtt,/Users/rajeshpmu/Desktop/LegalMemoCMT/data/processed/phase2/clancy/turn_clips/video/D5L_c9Mla1U/D5L_c9Mla1U_turn04135.mp4,/Users/rajeshpmu/Desktop/LegalMemoCMT/data/processed/phase2/clancy/turn_clips/audio/D5L_c9Mla1U/D5L_c9Mla1U_turn04135.wav,02:19:46.453,02:20:49.682,63.229,REJECTED,Duration outlier: outside 0.8-30 second MELD-style range
D5L_c9Mla1U_turn04136,D5L_c9Mla1U,https://www.youtube.com/watch?v=D5L_c9Mla1U,LIVE: Lindsay Clancy trial Day 16,/Users/rajeshpmu/Desktop/LegalMemoCMT/data/phase2/clancy/corpus/raw/live-lindsay-clancy-trial-day-16/live-lindsay-clancy-trial-day-16_D5L_c9Mla1U.mp4,/Users/rajeshpmu/Desktop/LegalMemoCMT/data/phase2/clancy/corpus/raw/live-lindsay-clancy-trial-day-16/live-lindsay-clancy-trial-day-16_D5L_c9Mla1U.en.vtt,/Users/rajeshpmu/Desktop/LegalMemoCMT/data/processed/phase2/clancy/turn_clips/video/D5L_c9Mla1U/D5L_c9Mla1U_turn04136.mp4,/Users/rajeshpmu/Desktop/LegalMemoCMT/data/processed/phase2/clancy/turn_clips/audio/D5L_c9Mla1U/D5L_c9Mla1U_turn04136.wav,02:20:49.682,02:21:27.395,37.713,REJECTED,Duration outlier: outside 0.8-30 second MELD-style range
D5L_c9Mla1U_turn04142,D5L_c9Mla1U,https://www.youtube.com/watch?v=D5L_c9Mla1U,LIVE: Lindsay Clancy trial Day 16,/Users/rajeshpmu/Desktop/LegalMemoCMT/data/phase2/clancy/corpus/raw/live-lindsay-clancy-trial-day-16/live-lindsay-clancy-trial-day-16_D5L_c9Mla1U.mp4,/Users/rajeshpmu/Desktop/LegalMemoCMT/data/phase2/clancy/corpus/raw/live-lindsay-clancy-trial-day-16/live-lindsay-clancy-trial-day-16_D5L_c9Mla1U.en.vtt,/Users/rajeshpmu/Desktop/LegalMemoCMT/data/processed/phase2/clancy/turn_clips/video/D5L_c9Mla1U/D5L_c9Mla1U_turn04142.mp4,/Users/rajeshpmu/Desktop/LegalMemoCMT/data/processed/phase2/clancy/turn_clips/audio/D5L_c9Mla1U/D5L_c9Mla1U_turn04142.wav,02:22:13.943,02:22:45.757,31.814,REJECTED,Duration outlier: outside 0.8-30 second MELD-style range
D5L_c9Mla1U_turn04211,D5L_c9Mla1U,https://www.youtube.com/watch?v=D5L_c9Mla1U,LIVE: Lindsay Clancy trial Day 16,/Users/rajeshpmu/Desktop/LegalMemoCMT/data/phase2/clancy/corpus/raw/live-lindsay-clancy-trial-day-16/live-lindsay-clancy-trial-day-16_D5L_c9Mla1U.mp4,/Users/rajeshpmu/Desktop/LegalMemoCMT/data/phase2/clancy/corpus/raw/live-lindsay-clancy-trial-day-16/live-lindsay-clancy-trial-day-16_D5L_c9Mla1U.en.vtt,/Users/rajeshpmu/Desktop/LegalMemoCMT/data/processed/phase2/clancy/turn_clips/video/D5L_c9Mla1U/D5L_c9Mla1U_turn04211.mp4,/Users/rajeshpmu/Desktop/LegalMemoCMT/data/processed/phase2/clancy/turn_clips/audio/D5L_c9Mla1U/D5L_c9Mla1U_turn04211.wav,02:29:22.808,02:29:23.118,0.600,REJECTED,Duration outlier: outside 0.8-30 second MELD-style range
D5L_c9Mla1U_turn04213,D5L_c9Mla1U,https://www.youtube.com/watch?v=D5L_c9Mla1U,LIVE: Lindsay Clancy trial Day 16,/Users/rajeshpmu/Desktop/LegalMemoCMT/data/phase2/clancy/corpus/raw/live-lindsay-clancy-trial-day-16/live-lindsay-clancy-trial-day-16_D5L_c9Mla1U.mp4,/Users/rajeshpmu/Desktop/LegalMemoCMT/data/phase2/clancy/corpus/raw/live-lindsay-clancy-trial-day-16/live-lindsay-clancy-trial-day-16_D5L_c9Mla1U.en.vtt,/Users/rajeshpmu/Desktop/LegalMemoCMT/data/processed/phase2/clancy/turn_clips/video/D5L_c9Mla1U/D5L_c9Mla1U_turn04213.mp4,/Users/rajeshpmu/Desktop/LegalMemoCMT/data/processed/phase2/clancy/turn_clips/audio/D5L_c9Mla1U/D5L_c9Mla1U_turn04213.wav,02:29:25.577,02:29:58.278,32.701,REJECTED,Duration outlier: outside 0.8-30 second MELD-style range
D5L_c9Mla1U_turn04223,D5L_c9Mla1U,https://www.youtube.com/watch?v=D5L_c9Mla1U,LIVE: Lindsay Clancy trial Day 16,/Users/rajeshpmu/Desktop/LegalMemoCMT/data/phase2/clancy/corpus/raw/live-lindsay-clancy-trial-day-16/live-lindsay-clancy-trial-day-16_D5L_c9Mla1U.mp4,/Users/rajeshpmu/Desktop/LegalMemoCMT/data/phase2/clancy/corpus/raw/live-lindsay-clancy-trial-day-16/live-lindsay-clancy-trial-day-16_D5L_c9Mla1U.en.vtt,/Users/rajeshpmu/Desktop/LegalMemoCMT/data/processed/phase2/clancy/turn_clips/video/D5L_c9Mla1U/D5L_c9Mla1U_turn04223.mp4,/Users/rajeshpmu/Desktop/LegalMemoCMT/data/processed/phase2/clancy/turn_clips/audio/D5L_c9Mla1U/D5L_c9Mla1U_turn04223.wav,02:30:43.783,02:31:23.134,39.351,REJECTED,Duration outlier: outside 0.8-30 second MELD-style range
ma6ni-5zuW0_turn08434,ma6ni-5zuW0,https://www.youtube.com/watch?v=ma6ni-5zuW0,"Lindsay Clancy Trial: Lindsay's Mother Describes Her Daughter’s Anxiety, Insomnia & Depression |AB1E",/Users/rajeshpmu/Desktop/LegalMemoCMT/data/phase2/clancy/corpus/raw/lindsay-clancy-trial-lindsay-s-mother-describes-her-daughter-s-anxiety/lindsay-clancy-trial-lindsay-s-mother-describes-her-daughter-s-anxiety_ma6ni-5zuW0.mp4,/Users/rajeshpmu/Desktop/LegalMemoCMT/data/phase2/clancy/corpus/raw/lindsay-clancy-trial-lindsay-s-mother-describes-her-daughter-s-anxiety/lindsay-clancy-trial-lindsay-s-mother-describes-her-daughter-s-anxiety_ma6ni-5zuW0.en.vtt,/Users/rajeshpmu/Desktop/LegalMemoCMT/data/processed/phase2/clancy/turn_clips/video/ma6ni-5zuW0/ma6ni-5zuW0_turn08434.mp4,/Users/rajeshpmu/Desktop/LegalMemoCMT/data/processed/phase2/clancy/turn_clips/audio/ma6ni-5zuW0/ma6ni-5zuW0_turn08434.wav,00:03:31.298,00:03:31.879,0.600,REJECTED,Duration outlier: outside 0.8-30 second MELD-style range
ma6ni-5zuW0_turn08451,ma6ni-5zuW0,https://www.youtube.com/watch?v=ma6ni-5zuW0,"Lindsay Clancy Trial: Lindsay's Mother Describes Her Daughter’s Anxiety, Insomnia & Depression |AB1E",/Users/rajeshpmu/Desktop/LegalMemoCMT/data/phase2/clancy/corpus/raw/lindsay-clancy-trial-lindsay-s-mother-describes-her-daughter-s-anxiety/lindsay-clancy-trial-lindsay-s-mother-describes-her-daughter-s-anxiety_ma6ni-5zuW0.mp4,/Users/rajeshpmu/Desktop/LegalMemoCMT/data/phase2/clancy/corpus/raw/lindsay-clancy-trial-lindsay-s-mother-describes-her-daughter-s-anxiety/lindsay-clancy-trial-lindsay-s-mother-describes-her-daughter-s-anxiety_ma6ni-5zuW0.en.vtt,/Users/rajeshpmu/Desktop/LegalMemoCMT/data/processed/phase2/clancy/turn_clips/video/ma6ni-5zuW0/ma6ni-5zuW0_turn08451.mp4,/Users/rajeshpmu/Desktop/LegalMemoCMT/data/processed/phase2/clancy/turn_clips/audio/ma6ni-5zuW0/ma6ni-5zuW0_turn08451.wav,00:04:16.249,00:04:16.941,0.692,REJECTED,Duration outlier: outside 0.8-30 second MELD-style range
ma6ni-5zuW0_turn08477,ma6ni-5zuW0,https://www.youtube.com/watch?v=ma6ni-5zuW0,"Lindsay Clancy Trial: Lindsay's Mother Describes Her Daughter’s Anxiety, Insomnia & Depression |AB1E",/Users/rajeshpmu/Desktop/LegalMemoCMT/data/phase2/clancy/corpus/raw/lindsay-clancy-trial-lindsay-s-mother-describes-her-daughter-s-anxiety/lindsay-clancy-trial-lindsay-s-mother-describes-her-daughter-s-anxiety_ma6ni-5zuW0.mp4,/Users/rajeshpmu/Desktop/LegalMemoCMT/data/phase2/clancy/corpus/raw/lindsay-clancy-trial-lindsay-s-mother-describes-her-daughter-s-anxiety/lindsay-clancy-trial-lindsay-s-mother-describes-her-daughter-s-anxiety_ma6ni-5zuW0.en.vtt,/Users/rajeshpmu/Desktop/LegalMemoCMT/data/processed/phase2/clancy/turn_clips/video/ma6ni-5zuW0/ma6ni-5zuW0_turn08477.mp4,/Users/rajeshpmu/Desktop/LegalMemoCMT/data/processed/phase2/clancy/turn_clips/audio/ma6ni-5zuW0/ma6ni-5zuW0_turn08477.wav,00:06:52.666,00:06:52.867,0.600,REJECTED,Duration outlier: outside 0.8-30 second MELD-style range
ma6ni-5zuW0_turn08488,ma6ni-5zuW0,https://www.youtube.com/watch?v=ma6ni-5zuW0,"Lindsay Clancy Trial: Lindsay's Mother Describes Her Daughter’s Anxiety, Insomnia & Depression |AB1E",/Users/rajeshpmu/Desktop/LegalMemoCMT/data/phase2/clancy/corpus/raw/lindsay-clancy-trial-lindsay-s-mother-describes-her-daughter-s-anxiety/lindsay-clancy-trial-lindsay-s-mother-describes-her-daughter-s-anxiety_ma6ni-5zuW0.mp4,/Users/rajeshpmu/Desktop/LegalMemoCMT/data/phase2/clancy/corpus/raw/lindsay-clancy-trial-lindsay-s-mother-describes-her-daughter-s-anxiety/lindsay-clancy-trial-lindsay-s-mother-describes-her-daughter-s-anxiety_ma6ni-5zuW0.en.vtt,/Users/rajeshpmu/Desktop/LegalMemoCMT/data/processed/phase2/clancy/turn_clips/video/ma6ni-5zuW0/ma6ni-5zuW0_turn08488.mp4,/Users/rajeshpmu/Desktop/LegalMemoCMT/data/processed/phase2/clancy/turn_clips/audio/ma6ni-5zuW0/ma6ni-5zuW0_turn08488.wav,00:08:03.950,00:08:04.593,0.643,REJECTED,Duration outlier: outside 0.8-30 second MELD-style range
ma6ni-5zuW0_turn08520,ma6ni-5zuW0,https://www.youtube.com/watch?v=ma6ni-5zuW0,"Lindsay Clancy Trial: Lindsay's Mother Describes Her Daughter’s Anxiety, Insomnia & Depression |AB1E",/Users/rajeshpmu/Desktop/LegalMemoCMT/data/phase2/clancy/corpus/raw/lindsay-clancy-trial-lindsay-s-mother-describes-her-daughter-s-anxiety/lindsay-clancy-trial-lindsay-s-mother-describes-her-daughter-s-anxiety_ma6ni-5zuW0.mp4,/Users/rajeshpmu/Desktop/LegalMemoCMT/data/phase2/clancy/corpus/raw/lindsay-clancy-trial-lindsay-s-mother-describes-her-daughter-s-anxiety/lindsay-clancy-trial-lindsay-s-mother-describes-her-daughter-s-anxiety_ma6ni-5zuW0.en.vtt,/Users/rajeshpmu/Desktop/LegalMemoCMT/data/processed/phase2/clancy/turn_clips/video/ma6ni-5zuW0/ma6ni-5zuW0_turn08520.mp4,/Users/rajeshpmu/Desktop/LegalMemoCMT/data/processed/phase2/clancy/turn_clips/audio/ma6ni-5zuW0/ma6ni-5zuW0_turn08520.wav,00:11:02.622,00:11:03.179,0.600,REJECTED,Duration outlier: outside 0.8-30 second MELD-style range
ma6ni-5zuW0_turn08531,ma6ni-5zuW0,https://www.youtube.com/watch?v=ma6ni-5zuW0,"Lindsay Clancy Trial: Lindsay's Mother Describes Her Daughter’s Anxiety, Insomnia & Depression |AB1E",/Users/rajeshpmu/Desktop/LegalMemoCMT/data/phase2/clancy/corpus/raw/lindsay-clancy-trial-lindsay-s-mother-describes-her-daughter-s-anxiety/lindsay-clancy-trial-lindsay-s-mother-describes-her-daughter-s-anxiety_ma6ni-5zuW0.mp4,/Users/rajeshpmu/Desktop/LegalMemoCMT/data/phase2/clancy/corpus/raw/lindsay-clancy-trial-lindsay-s-mother-describes-her-daughter-s-anxiety/lindsay-clancy-trial-lindsay-s-mother-describes-her-daughter-s-anxiety_ma6ni-5zuW0.en.vtt,/Users/rajeshpmu/Desktop/LegalMemoCMT/data/processed/phase2/clancy/turn_clips/video/ma6ni-5zuW0/ma6ni-5zuW0_turn08531.mp4,/Users/rajeshpmu/Desktop/LegalMemoCMT/data/processed/phase2/clancy/turn_clips/audio/ma6ni-5zuW0/ma6ni-5zuW0_turn08531.wav,00:11:29.105,00:11:29.526,0.600,REJECTED,Duration outlier: outside 0.8-30 second MELD-style range
ma6ni-5zuW0_turn08549,ma6ni-5zuW0,https://www.youtube.com/watch?v=ma6ni-5zuW0,"Lindsay Clancy Trial: Lindsay's Mother Describes Her Daughter’s Anxiety, Insomnia & Depression |AB1E",/Users/rajeshpmu/Desktop/LegalMemoCMT/data/phase2/clancy/corpus/raw/lindsay-clancy-trial-lindsay-s-mother-describes-her-daughter-s-anxiety/lindsay-clancy-trial-lindsay-s-mother-describes-her-daughter-s-anxiety_ma6ni-5zuW0.mp4,/Users/rajeshpmu/Desktop/LegalMemoCMT/data/phase2/clancy/corpus/raw/lindsay-clancy-trial-lindsay-s-mother-describes-her-daughter-s-anxiety/lindsay-clancy-trial-lindsay-s-mother-describes-her-daughter-s-anxiety_ma6ni-5zuW0.en.vtt,/Users/rajeshpmu/Desktop/LegalMemoCMT/data/processed/phase2/clancy/turn_clips/video/ma6ni-5zuW0/ma6ni-5zuW0_turn08549.mp4,/Users/rajeshpmu/Desktop/LegalMemoCMT/data/processed/phase2/clancy/turn_clips/audio/ma6ni-5zuW0/ma6ni-5zuW0_turn08549.wav,00:12:37.606,00:12:38.147,0.600,REJECTED,Duration outlier: outside 0.8-30 second MELD-style range
ma6ni-5zuW0_turn08576,ma6ni-5zuW0,https://www.youtube.com/watch?v=ma6ni-5zuW0,"Lindsay Clancy Trial: Lindsay's Mother Describes Her Daughter’s Anxiety, Insomnia & Depression |AB1E",/Users/rajeshpmu/Desktop/LegalMemoCMT/data/phase2/clancy/corpus/raw/lindsay-clancy-trial-lindsay-s-mother-describes-her-daughter-s-anxiety/lindsay-clancy-trial-lindsay-s-mother-describes-her-daughter-s-anxiety_ma6ni-5zuW0.mp4,/Users/rajeshpmu/Desktop/LegalMemoCMT/data/phase2/clancy/corpus/raw/lindsay-clancy-trial-lindsay-s-mother-describes-her-daughter-s-anxiety/lindsay-clancy-trial-lindsay-s-mother-describes-her-daughter-s-anxiety_ma6ni-5zuW0.en.vtt,/Users/rajeshpmu/Desktop/LegalMemoCMT/data/processed/phase2/clancy/turn_clips/video/ma6ni-5zuW0/ma6ni-5zuW0_turn08576.mp4,/Users/rajeshpmu/Desktop/LegalMemoCMT/data/processed/phase2/clancy/turn_clips/audio/ma6ni-5zuW0/ma6ni-5zuW0_turn08576.wav,00:14:33.964,00:15:27.455,53.491,REJECTED,Duration outlier: outside 0.8-30 second MELD-style range
sHUdRcABC-Q_turn11652,sHUdRcABC-Q,https://www.youtube.com/watch?v=sHUdRcABC-Q,Psychiatrist Details Lindsay Clancy’s Hallucinations,/Users/rajeshpmu/Desktop/LegalMemoCMT/data/phase2/clancy/corpus/raw/psychiatrist-details-lindsay-clancy-s-hallucinations/psychiatrist-details-lindsay-clancy-s-hallucinations_sHUdRcABC-Q.mp4,/Users/rajeshpmu/Desktop/LegalMemoCMT/data/phase2/clancy/corpus/raw/psychiatrist-details-lindsay-clancy-s-hallucinations/psychiatrist-details-lindsay-clancy-s-hallucinations_sHUdRcABC-Q.en.vtt,/Users/rajeshpmu/Desktop/LegalMemoCMT/data/processed/phase2/clancy/turn_clips/video/sHUdRcABC-Q/sHUdRcABC-Q_turn11652.mp4,/Users/rajeshpmu/Desktop/LegalMemoCMT/data/processed/phase2/clancy/turn_clips/audio/sHUdRcABC-Q/sHUdRcABC-Q_turn11652.wav,00:01:39.078,00:02:21.674,42.596,REJECTED,Duration outlier: outside 0.8-30 second MELD-style range
sHUdRcABC-Q_turn11660,sHUdRcABC-Q,https://www.youtube.com/watch?v=sHUdRcABC-Q,Psychiatrist Details Lindsay Clancy’s Hallucinations,/Users/rajeshpmu/Desktop/LegalMemoCMT/data/phase2/clancy/corpus/raw/psychiatrist-details-lindsay-clancy-s-hallucinations/psychiatrist-details-lindsay-clancy-s-hallucinations_sHUdRcABC-Q.mp4,/Users/rajeshpmu/Desktop/LegalMemoCMT/data/phase2/clancy/corpus/raw/psychiatrist-details-lindsay-clancy-s-hallucinations/psychiatrist-details-lindsay-clancy-s-hallucinations_sHUdRcABC-Q.en.vtt,/Users/rajeshpmu/Desktop/LegalMemoCMT/data/processed/phase2/clancy/turn_clips/video/sHUdRcABC-Q/sHUdRcABC-Q_turn11660.mp4,/Users/rajeshpmu/Desktop/LegalMemoCMT/data/processed/phase2/clancy/turn_clips/audio/sHUdRcABC-Q/sHUdRcABC-Q_turn11660.wav,00:02:47.659,00:03:40.583,52.924,REJECTED,Duration outlier: outside 0.8-30 second MELD-style range
sHUdRcABC-Q_turn11663,sHUdRcABC-Q,https://www.youtube.com/watch?v=sHUdRcABC-Q,Psychiatrist Details Lindsay Clancy’s Hallucinations,/Users/rajeshpmu/Desktop/LegalMemoCMT/data/phase2/clancy/corpus/raw/psychiatrist-details-lindsay-clancy-s-hallucinations/psychiatrist-details-lindsay-clancy-s-hallucinations_sHUdRcABC-Q.mp4,/Users/rajeshpmu/Desktop/LegalMemoCMT/data/phase2/clancy/corpus/raw/psychiatrist-details-lindsay-clancy-s-hallucinations/psychiatrist-details-lindsay-clancy-s-hallucinations_sHUdRcABC-Q.en.vtt,/Users/rajeshpmu/Desktop/LegalMemoCMT/data/processed/phase2/clancy/turn_clips/video/sHUdRcABC-Q/sHUdRcABC-Q_turn11663.mp4,/Users/rajeshpmu/Desktop/LegalMemoCMT/data/processed/phase2/clancy/turn_clips/audio/sHUdRcABC-Q/sHUdRcABC-Q_turn11663.wav,00:03:55.678,00:04:27.691,32.013,REJECTED,Duration outlier: outside 0.8-30 second MELD-style range
sHUdRcABC-Q_turn11677,sHUdRcABC-Q,https://www.youtube.com/watch?v=sHUdRcABC-Q,Psychiatrist Details Lindsay Clancy’s Hallucinations,/Users/rajeshpmu/Desktop/LegalMemoCMT/data/phase2/clancy/corpus/raw/psychiatrist-details-lindsay-clancy-s-hallucinations/psychiatrist-details-lindsay-clancy-s-hallucinations_sHUdRcABC-Q.mp4,/Users/rajeshpmu/Desktop/LegalMemoCMT/data/phase2/clancy/corpus/raw/psychiatrist-details-lindsay-clancy-s-hallucinations/psychiatrist-details-lindsay-clancy-s-hallucinations_sHUdRcABC-Q.en.vtt,/Users/rajeshpmu/Desktop/LegalMemoCMT/data/processed/phase2/clancy/turn_clips/video/sHUdRcABC-Q/sHUdRcABC-Q_turn11677.mp4,/Users/rajeshpmu/Desktop/LegalMemoCMT/data/processed/phase2/clancy/turn_clips/audio/sHUdRcABC-Q/sHUdRcABC-Q_turn11677.wav,00:05:18.158,00:07:18.479,120.321,REJECTED,Duration outlier: outside 0.8-30 second MELD-style range
sHUdRcABC-Q_turn11686,sHUdRcABC-Q,https://www.youtube.com/watch?v=sHUdRcABC-Q,Psychiatrist Details Lindsay Clancy’s Hallucinations,/Users/rajeshpmu/Desktop/LegalMemoCMT/data/phase2/clancy/corpus/raw/psychiatrist-details-lindsay-clancy-s-hallucinations/psychiatrist-details-lindsay-clancy-s-hallucinations_sHUdRcABC-Q.mp4,/Users/rajeshpmu/Desktop/LegalMemoCMT/data/phase2/clancy/corpus/raw/psychiatrist-details-lindsay-clancy-s-hallucinations/psychiatrist-details-lindsay-clancy-s-hallucinations_sHUdRcABC-Q.en.vtt,/Users/rajeshpmu/Desktop/LegalMemoCMT/data/processed/phase2/clancy/turn_clips/video/sHUdRcABC-Q/sHUdRcABC-Q_turn11686.mp4,/Users/rajeshpmu/Desktop/LegalMemoCMT/data/processed/phase2/clancy/turn_clips/audio/sHUdRcABC-Q/sHUdRcABC-Q_turn11686.wav,00:08:12.863,00:08:45.615,32.752,REJECTED,Duration outlier: outside 0.8-30 second MELD-style range
sHUdRcABC-Q_turn11689,sHUdRcABC-Q,https://www.youtube.com/watch?v=sHUdRcABC-Q,Psychiatrist Details Lindsay Clancy’s Hallucinations,/Users/rajeshpmu/Desktop/LegalMemoCMT/data/phase2/clancy/corpus/raw/psychiatrist-details-lindsay-clancy-s-hallucinations/psychiatrist-details-lindsay-clancy-s-hallucinations_sHUdRcABC-Q.mp4,/Users/rajeshpmu/Desktop/LegalMemoCMT/data/phase2/clancy/corpus/raw/psychiatrist-details-lindsay-clancy-s-hallucinations/psychiatrist-details-lindsay-clancy-s-hallucinations_sHUdRcABC-Q.en.vtt,/Users/rajeshpmu/Desktop/LegalMemoCMT/data/processed/phase2/clancy/turn_clips/video/sHUdRcABC-Q/sHUdRcABC-Q_turn11689.mp4,/Users/rajeshpmu/Desktop/LegalMemoCMT/data/processed/phase2/clancy/turn_clips/audio/sHUdRcABC-Q/sHUdRcABC-Q_turn11689.wav,00:09:02.958,00:09:41.446,38.488,REJECTED,Duration outlier: outside 0.8-30 second MELD-style range
sHUdRcABC-Q_turn11698,sHUdRcABC-Q,https://www.youtube.com/watch?v=sHUdRcABC-Q,Psychiatrist Details Lindsay Clancy’s Hallucinations,/Users/rajeshpmu/Desktop/LegalMemoCMT/data/phase2/clancy/corpus/raw/psychiatrist-details-lindsay-clancy-s-hallucinations/psychiatrist-details-lindsay-clancy-s-hallucinations_sHUdRcABC-Q.mp4,/Users/rajeshpmu/Desktop/LegalMemoCMT/data/phase2/clancy/corpus/raw/psychiatrist-details-lindsay-clancy-s-hallucinations/psychiatrist-details-lindsay-clancy-s-hallucinations_sHUdRcABC-Q.en.vtt,/Users/rajeshpmu/Desktop/LegalMemoCMT/data/processed/phase2/clancy/turn_clips/video/sHUdRcABC-Q/sHUdRcABC-Q_turn11698.mp4,/Users/rajeshpmu/Desktop/LegalMemoCMT/data/processed/phase2/clancy/turn_clips/audio/sHUdRcABC-Q/sHUdRcABC-Q_turn11698.wav,00:10:58.355,00:11:45.409,47.054,REJECTED,Duration outlier: outside 0.8-30 second MELD-style range
sHUdRcABC-Q_turn11706,sHUdRcABC-Q,https://www.youtube.com/watch?v=sHUdRcABC-Q,Psychiatrist Details Lindsay Clancy’s Hallucinations,/Users/rajeshpmu/Desktop/LegalMemoCMT/data/phase2/clancy/corpus/raw/psychiatrist-details-lindsay-clancy-s-hallucinations/psychiatrist-details-lindsay-clancy-s-hallucinations_sHUdRcABC-Q.mp4,/Users/rajeshpmu/Desktop/LegalMemoCMT/data/phase2/clancy/corpus/raw/psychiatrist-details-lindsay-clancy-s-hallucinations/psychiatrist-details-lindsay-clancy-s-hallucinations_sHUdRcABC-Q.en.vtt,/Users/rajeshpmu/Desktop/LegalMemoCMT/data/processed/phase2/clancy/turn_clips/video/sHUdRcABC-Q/sHUdRcABC-Q_turn11706.mp4,/Users/rajeshpmu/Desktop/LegalMemoCMT/data/processed/phase2/clancy/turn_clips/audio/sHUdRcABC-Q/sHUdRcABC-Q_turn11706.wav,00:12:39.088,00:13:21.062,41.974,REJECTED,Duration outlier: outside 0.8-30 second MELD-style range
sHUdRcABC-Q_turn11805,sHUdRcABC-Q,https://www.youtube.com/watch?v=sHUdRcABC-Q,Psychiatrist Details Lindsay Clancy’s Hallucinations,/Users/rajeshpmu/Desktop/LegalMemoCMT/data/phase2/clancy/corpus/raw/psychiatrist-details-lindsay-clancy-s-hallucinations/psychiatrist-details-lindsay-clancy-s-hallucinations_sHUdRcABC-Q.mp4,/Users/rajeshpmu/Desktop/LegalMemoCMT/data/phase2/clancy/corpus/raw/psychiatrist-details-lindsay-clancy-s-hallucinations/psychiatrist-details-lindsay-clancy-s-hallucinations_sHUdRcABC-Q.en.vtt,/Users/rajeshpmu/Desktop/LegalMemoCMT/data/processed/phase2/clancy/turn_clips/video/sHUdRcABC-Q/sHUdRcABC-Q_turn11805.mp4,/Users/rajeshpmu/Desktop/LegalMemoCMT/data/processed/phase2/clancy/turn_clips/audio/sHUdRcABC-Q/sHUdRcABC-Q_turn11805.wav,00:22:40.315,00:23:13.649,33.334,REJECTED,Duration outlier: outside 0.8-30 second MELD-style range
sHUdRcABC-Q_turn11807,sHUdRcABC-Q,https://www.youtube.com/watch?v=sHUdRcABC-Q,Psychiatrist Details Lindsay Clancy’s Hallucinations,/Users/rajeshpmu/Desktop/LegalMemoCMT/data/phase2/clancy/corpus/raw/psychiatrist-details-lindsay-clancy-s-hallucinations/psychiatrist-details-lindsay-clancy-s-hallucinations_sHUdRcABC-Q.mp4,/Users/rajeshpmu/Desktop/LegalMemoCMT/data/phase2/clancy/corpus/raw/psychiatrist-details-lindsay-clancy-s-hallucinations/psychiatrist-details-lindsay-clancy-s-hallucinations_sHUdRcABC-Q.en.vtt,/Users/rajeshpmu/Desktop/LegalMemoCMT/data/processed/phase2/clancy/turn_clips/video/sHUdRcABC-Q/sHUdRcABC-Q_turn11807.mp4,/Users/rajeshpmu/Desktop/LegalMemoCMT/data/processed/phase2/clancy/turn_clips/audio/sHUdRcABC-Q/sHUdRcABC-Q_turn11807.wav,00:23:20.372,00:23:55.111,34.739,REJECTED,Duration outlier: outside 0.8-30 second MELD-style range
sHUdRcABC-Q_turn11833,sHUdRcABC-Q,https://www.youtube.com/watch?v=sHUdRcABC-Q,Psychiatrist Details Lindsay Clancy’s Hallucinations,/Users/rajeshpmu/Desktop/LegalMemoCMT/data/phase2/clancy/corpus/raw/psychiatrist-details-lindsay-clancy-s-hallucinations/psychiatrist-details-lindsay-clancy-s-hallucinations_sHUdRcABC-Q.mp4,/Users/rajeshpmu/Desktop/LegalMemoCMT/data/phase2/clancy/corpus/raw/psychiatrist-details-lindsay-clancy-s-hallucinations/psychiatrist-details-lindsay-clancy-s-hallucinations_sHUdRcABC-Q.en.vtt,/Users/rajeshpmu/Desktop/LegalMemoCMT/data/processed/phase2/clancy/turn_clips/video/sHUdRcABC-Q/sHUdRcABC-Q_turn11833.mp4,/Users/rajeshpmu/Desktop/LegalMemoCMT/data/processed/phase2/clancy/turn_clips/audio/sHUdRcABC-Q/sHUdRcABC-Q_turn11833.wav,00:27:31.401,00:28:06.736,35.335,REJECTED,Duration outlier: outside 0.8-30 second MELD-style range
sHUdRcABC-Q_turn11921,sHUdRcABC-Q,https://www.youtube.com/watch?v=sHUdRcABC-Q,Psychiatrist Details Lindsay Clancy’s Hallucinations,/Users/rajeshpmu/Desktop/LegalMemoCMT/data/phase2/clancy/corpus/raw/psychiatrist-details-lindsay-clancy-s-hallucinations/psychiatrist-details-lindsay-clancy-s-hallucinations_sHUdRcABC-Q.mp4,/Users/rajeshpmu/Desktop/LegalMemoCMT/data/phase2/clancy/corpus/raw/psychiatrist-details-lindsay-clancy-s-hallucinations/psychiatrist-details-lindsay-clancy-s-hallucinations_sHUdRcABC-Q.en.vtt,/Users/rajeshpmu/Desktop/LegalMemoCMT/data/processed/phase2/clancy/turn_clips/video/sHUdRcABC-Q/sHUdRcABC-Q_turn11921.mp4,/Users/rajeshpmu/Desktop/LegalMemoCMT/data/processed/phase2/clancy/turn_clips/audio/sHUdRcABC-Q/sHUdRcABC-Q_turn11921.wav,00:36:09.195,00:36:09.875,0.680,REJECTED,Duration outlier: outside 0.8-30 second MELD-style range
1tyKO8mTdOM_turn00014,1tyKO8mTdOM,https://www.youtube.com/live/1tyKO8mTdOM,LIVE: Lindsay Clancy trial Day 15,/Users/rajeshpmu/Desktop/LegalMemoCMT/data/phase2/clancy/corpus/raw/live-lindsay-clancy-trial-day-15/live-lindsay-clancy-trial-day-15_1tyKO8mTdOM.mp4,/Users/rajeshpmu/Desktop/LegalMemoCMT/data/phase2/clancy/corpus/raw/live-lindsay-clancy-trial-day-15/live-lindsay-clancy-trial-day-15_1tyKO8mTdOM.en.vtt,/Users/rajeshpmu/Desktop/LegalMemoCMT/data/processed/phase2/clancy/turn_clips/video/1tyKO8mTdOM/1tyKO8mTdOM_turn00014.mp4,/Users/rajeshpmu/Desktop/LegalMemoCMT/data/processed/phase2/clancy/turn_clips/audio/1tyKO8mTdOM/1tyKO8mTdOM_turn00014.wav,00:03:50.157,00:04:49.911,59.754,REJECTED,Duration outlier: outside 0.8-30 second MELD-style range
1tyKO8mTdOM_turn00017,1tyKO8mTdOM,https://www.youtube.com/live/1tyKO8mTdOM,LIVE: Lindsay Clancy trial Day 15,/Users/rajeshpmu/Desktop/LegalMemoCMT/data/phase2/clancy/corpus/raw/live-lindsay-clancy-trial-day-15/live-lindsay-clancy-trial-day-15_1tyKO8mTdOM.mp4,/Users/rajeshpmu/Desktop/LegalMemoCMT/data/phase2/clancy/corpus/raw/live-lindsay-clancy-trial-day-15/live-lindsay-clancy-trial-day-15_1tyKO8mTdOM.en.vtt,/Users/rajeshpmu/Desktop/LegalMemoCMT/data/processed/phase2/clancy/turn_clips/video/1tyKO8mTdOM/1tyKO8mTdOM_turn00017.mp4,/Users/rajeshpmu/Desktop/LegalMemoCMT/data/processed/phase2/clancy/turn_clips/audio/1tyKO8mTdOM/1tyKO8mTdOM_turn00017.wav,00:05:03.830,00:05:04.158,0.600,REJECTED,Duration outlier: outside 0.8-30 second MELD-style range
1tyKO8mTdOM_turn00021,1tyKO8mTdOM,https://www.youtube.com/live/1tyKO8mTdOM,LIVE: Lindsay Clancy trial Day 15,/Users/rajeshpmu/Desktop/LegalMemoCMT/data/phase2/clancy/corpus/raw/live-lindsay-clancy-trial-day-15/live-lindsay-clancy-trial-day-15_1tyKO8mTdOM.mp4,/Users/rajeshpmu/Desktop/LegalMemoCMT/data/phase2/clancy/corpus/raw/live-lindsay-clancy-trial-day-15/live-lindsay-clancy-trial-day-15_1tyKO8mTdOM.en.vtt,/Users/rajeshpmu/Desktop/LegalMemoCMT/data/processed/phase2/clancy/turn_clips/video/1tyKO8mTdOM/1tyKO8mTdOM_turn00021.mp4,/Users/rajeshpmu/Desktop/LegalMemoCMT/data/processed/phase2/clancy/turn_clips/audio/1tyKO8mTdOM/1tyKO8mTdOM_turn00021.wav,00:05:13.492,00:05:14.118,0.626,REJECTED,Duration outlier: outside 0.8-30 second MELD-style range
1tyKO8mTdOM_turn00023,1tyKO8mTdOM,https://www.youtube.com/live/1tyKO8mTdOM,LIVE: Lindsay Clancy trial Day 15,/Users/rajeshpmu/Desktop/LegalMemoCMT/data/phase2/clancy/corpus/raw/live-lindsay-clancy-trial-day-15/live-lindsay-clancy-trial-day-15_1tyKO8mTdOM.mp4,/Users/rajeshpmu/Desktop/LegalMemoCMT/data/phase2/clancy/corpus/raw/live-lindsay-clancy-trial-day-15/live-lindsay-clancy-trial-day-15_1tyKO8mTdOM.en.vtt,/Users/rajeshpmu/Desktop/LegalMemoCMT/data/processed/phase2/clancy/turn_clips/video/1tyKO8mTdOM/1tyKO8mTdOM_turn00023.mp4,/Users/rajeshpmu/Desktop/LegalMemoCMT/data/processed/phase2/clancy/turn_clips/audio/1tyKO8mTdOM/1tyKO8mTdOM_turn00023.wav,00:05:15.978,00:05:16.337,0.600,REJECTED,Duration outlier: outside 0.8-30 second MELD-style range
1tyKO8mTdOM_turn00026,1tyKO8mTdOM,https://www.youtube.com/live/1tyKO8mTdOM,LIVE: Lindsay Clancy trial Day 15,/Users/rajeshpmu/Desktop/LegalMemoCMT/data/phase2/clancy/corpus/raw/live-lindsay-clancy-trial-day-15/live-lindsay-clancy-trial-day-15_1tyKO8mTdOM.mp4,/Users/rajeshpmu/Desktop/LegalMemoCMT/data/phase2/clancy/corpus/raw/live-lindsay-clancy-trial-day-15/live-lindsay-clancy-trial-day-15_1tyKO8mTdOM.en.vtt,/Users/rajeshpmu/Desktop/LegalMemoCMT/data/processed/phase2/clancy/turn_clips/video/1tyKO8mTdOM/1tyKO8mTdOM_turn00026.mp4,/Users/rajeshpmu/Desktop/LegalMemoCMT/data/processed/phase2/clancy/turn_clips/audio/1tyKO8mTdOM/1tyKO8mTdOM_turn00026.wav,00:05:26.712,00:05:27.269,0.600,REJECTED,Duration outlier: outside 0.8-30 second MELD-style range
1tyKO8mTdOM_turn00032,1tyKO8mTdOM,https://www.youtube.com/live/1tyKO8mTdOM,LIVE: Lindsay Clancy trial Day 15,/Users/rajeshpmu/Desktop/LegalMemoCMT/data/phase2/clancy/corpus/raw/live-lindsay-clancy-trial-day-15/live-lindsay-clancy-trial-day-15_1tyKO8mTdOM.mp4,/Users/rajeshpmu/Desktop/LegalMemoCMT/data/phase2/clancy/corpus/raw/live-lindsay-clancy-trial-day-15/live-lindsay-clancy-trial-day-15_1tyKO8mTdOM.en.vtt,/Users/rajeshpmu/Desktop/LegalMemoCMT/data/processed/phase2/clancy/turn_clips/video/1tyKO8mTdOM/1tyKO8mTdOM_turn00032.mp4,/Users/rajeshpmu/Desktop/LegalMemoCMT/data/processed/phase2/clancy/turn_clips/audio/1tyKO8mTdOM/1tyKO8mTdOM_turn00032.wav,00:05:45.065,00:05:45.448,0.600,REJECTED,Duration outlier: outside 0.8-30 second MELD-style range
1tyKO8mTdOM_turn00035,1tyKO8mTdOM,https://www.youtube.com/live/1tyKO8mTdOM,LIVE: Lindsay Clancy trial Day 15,/Users/rajeshpmu/Desktop/LegalMemoCMT/data/phase2/clancy/corpus/raw/live-lindsay-clancy-trial-day-15/live-lindsay-clancy-trial-day-15_1tyKO8mTdOM.mp4,/Users/rajeshpmu/Desktop/LegalMemoCMT/data/phase2/clancy/corpus/raw/live-lindsay-clancy-trial-day-15/live-lindsay-clancy-trial-day-15_1tyKO8mTdOM.en.vtt,/Users/rajeshpmu/Desktop/LegalMemoCMT/data/processed/phase2/clancy/turn_clips/video/1tyKO8mTdOM/1tyKO8mTdOM_turn00035.mp4,/Users/rajeshpmu/Desktop/LegalMemoCMT/data/processed/phase2/clancy/turn_clips/audio/1tyKO8mTdOM/1tyKO8mTdOM_turn00035.wav,00:05:54.648,00:05:55.368,0.720,REJECTED,Duration outlier: outside 0.8-30 second MELD-style range
1tyKO8mTdOM_turn00042,1tyKO8mTdOM,https://www.youtube.com/live/1tyKO8mTdOM,LIVE: Lindsay Clancy trial Day 15,/Users/rajeshpmu/Desktop/LegalMemoCMT/data/phase2/clancy/corpus/raw/live-lindsay-clancy-trial-day-15/live-lindsay-clancy-trial-day-15_1tyKO8mTdOM.mp4,/Users/rajeshpmu/Desktop/LegalMemoCMT/data/phase2/clancy/corpus/raw/live-lindsay-clancy-trial-day-15/live-lindsay-clancy-trial-day-15_1tyKO8mTdOM.en.vtt,/Users/rajeshpmu/Desktop/LegalMemoCMT/data/processed/phase2/clancy/turn_clips/video/1tyKO8mTdOM/1tyKO8mTdOM_turn00042.mp4,/Users/rajeshpmu/Desktop/LegalMemoCMT/data/processed/phase2/clancy/turn_clips/audio/1tyKO8mTdOM/1tyKO8mTdOM_turn00042.wav,00:06:24.414,00:06:24.776,0.600,REJECTED,Duration outlier: outside 0.8-30 second MELD-style range
1tyKO8mTdOM_turn00072,1tyKO8mTdOM,https://www.youtube.com/live/1tyKO8mTdOM,LIVE: Lindsay Clancy trial Day 15,/Users/rajeshpmu/Desktop/LegalMemoCMT/data/phase2/clancy/corpus/raw/live-lindsay-clancy-trial-day-15/live-lindsay-clancy-trial-day-15_1tyKO8mTdOM.mp4,/Users/rajeshpmu/Desktop/LegalMemoCMT/data/phase2/clancy/corpus/raw/live-lindsay-clancy-trial-day-15/live-lindsay-clancy-trial-day-15_1tyKO8mTdOM.en.vtt,/Users/rajeshpmu/Desktop/LegalMemoCMT/data/processed/phase2/clancy/turn_clips/video/1tyKO8mTdOM/1tyKO8mTdOM_turn00072.mp4,/Users/rajeshpmu/Desktop/LegalMemoCMT/data/processed/phase2/clancy/turn_clips/audio/1tyKO8mTdOM/1tyKO8mTdOM_turn00072.wav,00:09:37.035,00:09:37.769,0.734,REJECTED,Duration outlier: outside 0.8-30 second MELD-style range
1tyKO8mTdOM_turn00079,1tyKO8mTdOM,https://www.youtube.com/live/1tyKO8mTdOM,LIVE: Lindsay Clancy trial Day 15,/Users/rajeshpmu/Desktop/LegalMemoCMT/data/phase2/clancy/corpus/raw/live-lindsay-clancy-trial-day-15/live-lindsay-clancy-trial-day-15_1tyKO8mTdOM.mp4,/Users/rajeshpmu/Desktop/LegalMemoCMT/data/phase2/clancy/corpus/raw/live-lindsay-clancy-trial-day-15/live-lindsay-clancy-trial-day-15_1tyKO8mTdOM.en.vtt,/Users/rajeshpmu/Desktop/LegalMemoCMT/data/processed/phase2/clancy/turn_clips/video/1tyKO8mTdOM/1tyKO8mTdOM_turn00079.mp4,/Users/rajeshpmu/Desktop/LegalMemoCMT/data/processed/phase2/clancy/turn_clips/audio/1tyKO8mTdOM/1tyKO8mTdOM_turn00079.wav,00:10:05.292,00:10:06.020,0.728,REJECTED,Duration outlier: outside 0.8-30 second MELD-style range
1tyKO8mTdOM_turn00081,1tyKO8mTdOM,https://www.youtube.com/live/1tyKO8mTdOM,LIVE: Lindsay Clancy trial Day 15,/Users/rajeshpmu/Desktop/LegalMemoCMT/data/phase2/clancy/corpus/raw/live-lindsay-clancy-trial-day-15/live-lindsay-clancy-trial-day-15_1tyKO8mTdOM.mp4,/Users/rajeshpmu/Desktop/LegalMemoCMT/data/phase2/clancy/corpus/raw/live-lindsay-clancy-trial-day-15/live-lindsay-clancy-trial-day-15_1tyKO8mTdOM.en.vtt,/Users/rajeshpmu/Desktop/LegalMemoCMT/data/processed/phase2/clancy/turn_clips/video/1tyKO8mTdOM/1tyKO8mTdOM_turn00081.mp4,/Users/rajeshpmu/Desktop/LegalMemoCMT/data/processed/phase2/clancy/turn_clips/audio/1tyKO8mTdOM/1tyKO8mTdOM_turn00081.wav,00:10:18.284,00:10:18.698,0.600,REJECTED,Duration outlier: outside 0.8-30 second MELD-style range
1tyKO8mTdOM_turn00091,1tyKO8mTdOM,https://www.youtube.com/live/1tyKO8mTdOM,LIVE: Lindsay Clancy trial Day 15,/Users/rajeshpmu/Desktop/LegalMemoCMT/data/phase2/clancy/corpus/raw/live-lindsay-clancy-trial-day-15/live-lindsay-clancy-trial-day-15_1tyKO8mTdOM.mp4,/Users/rajeshpmu/Desktop/LegalMemoCMT/data/phase2/clancy/corpus/raw/live-lindsay-clancy-trial-day-15/live-lindsay-clancy-trial-day-15_1tyKO8mTdOM.en.vtt,/Users/rajeshpmu/Desktop/LegalMemoCMT/data/processed/phase2/clancy/turn_clips/video/1tyKO8mTdOM/1tyKO8mTdOM_turn00091.mp4,/Users/rajeshpmu/Desktop/LegalMemoCMT/data/processed/phase2/clancy/turn_clips/audio/1tyKO8mTdOM/1tyKO8mTdOM_turn00091.wav,00:11:05.092,00:11:05.352,0.600,REJECTED,Duration outlier: outside 0.8-30 second MELD-style range
1tyKO8mTdOM_turn00094,1tyKO8mTdOM,https://www.youtube.com/live/1tyKO8mTdOM,LIVE: Lindsay Clancy trial Day 15,/Users/rajeshpmu/Desktop/LegalMemoCMT/data/phase2/clancy/corpus/raw/live-lindsay-clancy-trial-day-15/live-lindsay-clancy-trial-day-15_1tyKO8mTdOM.mp4,/Users/rajeshpmu/Desktop/LegalMemoCMT/data/phase2/clancy/corpus/raw/live-lindsay-clancy-trial-day-15/live-lindsay-clancy-trial-day-15_1tyKO8mTdOM.en.vtt,/Users/rajeshpmu/Desktop/LegalMemoCMT/data/processed/phase2/clancy/turn_clips/video/1tyKO8mTdOM/1tyKO8mTdOM_turn00094.mp4,/Users/rajeshpmu/Desktop/LegalMemoCMT/data/processed/phase2/clancy/turn_clips/audio/1tyKO8mTdOM/1tyKO8mTdOM_turn00094.wav,00:11:20.533,00:11:20.899,0.600,REJECTED,Duration outlier: outside 0.8-30 second MELD-style range
1tyKO8mTdOM_turn00096,1tyKO8mTdOM,https://www.youtube.com/live/1tyKO8mTdOM,LIVE: Lindsay Clancy trial Day 15,/Users/rajeshpmu/Desktop/LegalMemoCMT/data/phase2/clancy/corpus/raw/live-lindsay-clancy-trial-day-15/live-lindsay-clancy-trial-day-15_1tyKO8mTdOM.mp4,/Users/rajeshpmu/Desktop/LegalMemoCMT/data/phase2/clancy/corpus/raw/live-lindsay-clancy-trial-day-15/live-lindsay-clancy-trial-day-15_1tyKO8mTdOM.en.vtt,/Users/rajeshpmu/Desktop/LegalMemoCMT/data/processed/phase2/clancy/turn_clips/video/1tyKO8mTdOM/1tyKO8mTdOM_turn00096.mp4,/Users/rajeshpmu/Desktop/LegalMemoCMT/data/processed/phase2/clancy/turn_clips/audio/1tyKO8mTdOM/1tyKO8mTdOM_turn00096.wav,00:11:24.120,00:11:24.687,0.600,REJECTED,Duration outlier: outside 0.8-30 second MELD-style range
1tyKO8mTdOM_turn00100,1tyKO8mTdOM,https://www.youtube.com/live/1tyKO8mTdOM,LIVE: Lindsay Clancy trial Day 15,/Users/rajeshpmu/Desktop/LegalMemoCMT/data/phase2/clancy/corpus/raw/live-lindsay-clancy-trial-day-15/live-lindsay-clancy-trial-day-15_1tyKO8mTdOM.mp4,/Users/rajeshpmu/Desktop/LegalMemoCMT/data/phase2/clancy/corpus/raw/live-lindsay-clancy-trial-day-15/live-lindsay-clancy-trial-day-15_1tyKO8mTdOM.en.vtt,/Users/rajeshpmu/Desktop/LegalMemoCMT/data/processed/phase2/clancy/turn_clips/video/1tyKO8mTdOM/1tyKO8mTdOM_turn00100.mp4,/Users/rajeshpmu/Desktop/LegalMemoCMT/data/processed/phase2/clancy/turn_clips/audio/1tyKO8mTdOM/1tyKO8mTdOM_turn00100.wav,00:11:50.875,00:11:51.439,0.600,REJECTED,Duration outlier: outside 0.8-30 second MELD-style range
1tyKO8mTdOM_turn00103,1tyKO8mTdOM,https://www.youtube.com/live/1tyKO8mTdOM,LIVE: Lindsay Clancy trial Day 15,/Users/rajeshpmu/Desktop/LegalMemoCMT/data/phase2/clancy/corpus/raw/live-lindsay-clancy-trial-day-15/live-lindsay-clancy-trial-day-15_1tyKO8mTdOM.mp4,/Users/rajeshpmu/Desktop/LegalMemoCMT/data/phase2/clancy/corpus/raw/live-lindsay-clancy-trial-day-15/live-lindsay-clancy-trial-day-15_1tyKO8mTdOM.en.vtt,/Users/rajeshpmu/Desktop/LegalMemoCMT/data/processed/phase2/clancy/turn_clips/video/1tyKO8mTdOM/1tyKO8mTdOM_turn00103.mp4,/Users/rajeshpmu/Desktop/LegalMemoCMT/data/processed/phase2/clancy/turn_clips/audio/1tyKO8mTdOM/1tyKO8mTdOM_turn00103.wav,00:11:58.164,00:12:49.915,51.751,REJECTED,Duration outlier: outside 0.8-30 second MELD-style range
1tyKO8mTdOM_turn00306,1tyKO8mTdOM,https://www.youtube.com/live/1tyKO8mTdOM,LIVE: Lindsay Clancy trial Day 15,/Users/rajeshpmu/Desktop/LegalMemoCMT/data/phase2/clancy/corpus/raw/live-lindsay-clancy-trial-day-15/live-lindsay-clancy-trial-day-15_1tyKO8mTdOM.mp4,/Users/rajeshpmu/Desktop/LegalMemoCMT/data/phase2/clancy/corpus/raw/live-lindsay-clancy-trial-day-15/live-lindsay-clancy-trial-day-15_1tyKO8mTdOM.en.vtt,/Users/rajeshpmu/Desktop/LegalMemoCMT/data/processed/phase2/clancy/turn_clips/video/1tyKO8mTdOM/1tyKO8mTdOM_turn00306.mp4,/Users/rajeshpmu/Desktop/LegalMemoCMT/data/processed/phase2/clancy/turn_clips/audio/1tyKO8mTdOM/1tyKO8mTdOM_turn00306.wav,00:34:14.181,00:34:14.408,0.600,REJECTED,Duration outlier: outside 0.8-30 second MELD-style range
1tyKO8mTdOM_turn00308,1tyKO8mTdOM,https://www.youtube.com/live/1tyKO8mTdOM,LIVE: Lindsay Clancy trial Day 15,/Users/rajeshpmu/Desktop/LegalMemoCMT/data/phase2/clancy/corpus/raw/live-lindsay-clancy-trial-day-15/live-lindsay-clancy-trial-day-15_1tyKO8mTdOM.mp4,/Users/rajeshpmu/Desktop/LegalMemoCMT/data/phase2/clancy/corpus/raw/live-lindsay-clancy-trial-day-15/live-lindsay-clancy-trial-day-15_1tyKO8mTdOM.en.vtt,/Users/rajeshpmu/Desktop/LegalMemoCMT/data/processed/phase2/clancy/turn_clips/video/1tyKO8mTdOM/1tyKO8mTdOM_turn00308.mp4,/Users/rajeshpmu/Desktop/LegalMemoCMT/data/processed/phase2/clancy/turn_clips/audio/1tyKO8mTdOM/1tyKO8mTdOM_turn00308.wav,00:34:17.656,00:34:17.963,0.600,REJECTED,Duration outlier: outside 0.8-30 second MELD-style range
1tyKO8mTdOM_turn00310,1tyKO8mTdOM,https://www.youtube.com/live/1tyKO8mTdOM,LIVE: Lindsay Clancy trial Day 15,/Users/rajeshpmu/Desktop/LegalMemoCMT/data/phase2/clancy/corpus/raw/live-lindsay-clancy-trial-day-15/live-lindsay-clancy-trial-day-15_1tyKO8mTdOM.mp4,/Users/rajeshpmu/Desktop/LegalMemoCMT/data/phase2/clancy/corpus/raw/live-lindsay-clancy-trial-day-15/live-lindsay-clancy-trial-day-15_1tyKO8mTdOM.en.vtt,/Users/rajeshpmu/Desktop/LegalMemoCMT/data/processed/phase2/clancy/turn_clips/video/1tyKO8mTdOM/1tyKO8mTdOM_turn00310.mp4,/Users/rajeshpmu/Desktop/LegalMemoCMT/data/processed/phase2/clancy/turn_clips/audio/1tyKO8mTdOM/1tyKO8mTdOM_turn00310.wav,00:34:22.645,00:34:23.003,0.600,REJECTED,Duration outlier: outside 0.8-30 second MELD-style range
1tyKO8mTdOM_turn00312,1tyKO8mTdOM,https://www.youtube.com/live/1tyKO8mTdOM,LIVE: Lindsay Clancy trial Day 15,/Users/rajeshpmu/Desktop/LegalMemoCMT/data/phase2/clancy/corpus/raw/live-lindsay-clancy-trial-day-15/live-lindsay-clancy-trial-day-15_1tyKO8mTdOM.mp4,/Users/rajeshpmu/Desktop/LegalMemoCMT/data/phase2/clancy/corpus/raw/live-lindsay-clancy-trial-day-15/live-lindsay-clancy-trial-day-15_1tyKO8mTdOM.en.vtt,/Users/rajeshpmu/Desktop/LegalMemoCMT/data/processed/phase2/clancy/turn_clips/video/1tyKO8mTdOM/1tyKO8mTdOM_turn00312.mp4,/Users/rajeshpmu/Desktop/LegalMemoCMT/data/processed/phase2/clancy/turn_clips/audio/1tyKO8mTdOM/1tyKO8mTdOM_turn00312.wav,00:34:27.750,00:34:28.356,0.606,REJECTED,Duration outlier: outside 0.8-30 second MELD-style range
1tyKO8mTdOM_turn00325,1tyKO8mTdOM,https://www.youtube.com/live/1tyKO8mTdOM,LIVE: Lindsay Clancy trial Day 15,/Users/rajeshpmu/Desktop/LegalMemoCMT/data/phase2/clancy/corpus/raw/live-lindsay-clancy-trial-day-15/live-lindsay-clancy-trial-day-15_1tyKO8mTdOM.mp4,/Users/rajeshpmu/Desktop/LegalMemoCMT/data/phase2/clancy/corpus/raw/live-lindsay-clancy-trial-day-15/live-lindsay-clancy-trial-day-15_1tyKO8mTdOM.en.vtt,/Users/rajeshpmu/Desktop/LegalMemoCMT/data/processed/phase2/clancy/turn_clips/video/1tyKO8mTdOM/1tyKO8mTdOM_turn00325.mp4,/Users/rajeshpmu/Desktop/LegalMemoCMT/data/processed/phase2/clancy/turn_clips/audio/1tyKO8mTdOM/1tyKO8mTdOM_turn00325.wav,00:36:03.990,00:36:04.637,0.647,REJECTED,Duration outlier: outside 0.8-30 second MELD-style range
1tyKO8mTdOM_turn00347,1tyKO8mTdOM,https://www.youtube.com/live/1tyKO8mTdOM,LIVE: Lindsay Clancy trial Day 15,/Users/rajeshpmu/Desktop/LegalMemoCMT/data/phase2/clancy/corpus/raw/live-lindsay-clancy-trial-day-15/live-lindsay-clancy-trial-day-15_1tyKO8mTdOM.mp4,/Users/rajeshpmu/Desktop/LegalMemoCMT/data/phase2/clancy/corpus/raw/live-lindsay-clancy-trial-day-15/live-lindsay-clancy-trial-day-15_1tyKO8mTdOM.en.vtt,/Users/rajeshpmu/Desktop/LegalMemoCMT/data/processed/phase2/clancy/turn_clips/video/1tyKO8mTdOM/1tyKO8mTdOM_turn00347.mp4,/Users/rajeshpmu/Desktop/LegalMemoCMT/data/processed/phase2/clancy/turn_clips/audio/1tyKO8mTdOM/1tyKO8mTdOM_turn00347.wav,00:40:55.079,00:42:56.769,121.690,REJECTED,Duration outlier: outside 0.8-30 second MELD-style range
1tyKO8mTdOM_turn00384,1tyKO8mTdOM,https://www.youtube.com/live/1tyKO8mTdOM,LIVE: Lindsay Clancy trial Day 15,/Users/rajeshpmu/Desktop/LegalMemoCMT/data/phase2/clancy/corpus/raw/live-lindsay-clancy-trial-day-15/live-lindsay-clancy-trial-day-15_1tyKO8mTdOM.mp4,/Users/rajeshpmu/Desktop/LegalMemoCMT/data/phase2/clancy/corpus/raw/live-lindsay-clancy-trial-day-15/live-lindsay-clancy-trial-day-15_1tyKO8mTdOM.en.vtt,/Users/rajeshpmu/Desktop/LegalMemoCMT/data/processed/phase2/clancy/turn_clips/video/1tyKO8mTdOM/1tyKO8mTdOM_turn00384.mp4,/Users/rajeshpmu/Desktop/LegalMemoCMT/data/processed/phase2/clancy/turn_clips/audio/1tyKO8mTdOM/1tyKO8mTdOM_turn00384.wav,00:51:54.367,00:53:59.408,125.041,REJECTED,Duration outlier: outside 0.8-30 second MELD-style range
1tyKO8mTdOM_turn00404,1tyKO8mTdOM,https://www.youtube.com/live/1tyKO8mTdOM,LIVE: Lindsay Clancy trial Day 15,/Users/rajeshpmu/Desktop/LegalMemoCMT/data/phase2/clancy/corpus/raw/live-lindsay-clancy-trial-day-15/live-lindsay-clancy-trial-day-15_1tyKO8mTdOM.mp4,/Users/rajeshpmu/Desktop/LegalMemoCMT/data/phase2/clancy/corpus/raw/live-lindsay-clancy-trial-day-15/live-lindsay-clancy-trial-day-15_1tyKO8mTdOM.en.vtt,/Users/rajeshpmu/Desktop/LegalMemoCMT/data/processed/phase2/clancy/turn_clips/video/1tyKO8mTdOM/1tyKO8mTdOM_turn00404.mp4,/Users/rajeshpmu/Desktop/LegalMemoCMT/data/processed/phase2/clancy/turn_clips/audio/1tyKO8mTdOM/1tyKO8mTdOM_turn00404.wav,00:59:04.235,00:59:04.924,0.689,REJECTED,Duration outlier: outside 0.8-30 second MELD-style range
1tyKO8mTdOM_turn00414,1tyKO8mTdOM,https://www.youtube.com/live/1tyKO8mTdOM,LIVE: Lindsay Clancy trial Day 15,/Users/rajeshpmu/Desktop/LegalMemoCMT/data/phase2/clancy/corpus/raw/live-lindsay-clancy-trial-day-15/live-lindsay-clancy-trial-day-15_1tyKO8mTdOM.mp4,/Users/rajeshpmu/Desktop/LegalMemoCMT/data/phase2/clancy/corpus/raw/live-lindsay-clancy-trial-day-15/live-lindsay-clancy-trial-day-15_1tyKO8mTdOM.en.vtt,/Users/rajeshpmu/Desktop/LegalMemoCMT/data/processed/phase2/clancy/turn_clips/video/1tyKO8mTdOM/1tyKO8mTdOM_turn00414.mp4,/Users/rajeshpmu/Desktop/LegalMemoCMT/data/processed/phase2/clancy/turn_clips/audio/1tyKO8mTdOM/1tyKO8mTdOM_turn00414.wav,01:01:21.060,01:01:21.854,0.794,REJECTED,Duration outlier: outside 0.8-30 second MELD-style range
1tyKO8mTdOM_turn00426,1tyKO8mTdOM,https://www.youtube.com/live/1tyKO8mTdOM,LIVE: Lindsay Clancy trial Day 15,/Users/rajeshpmu/Desktop/LegalMemoCMT/data/phase2/clancy/corpus/raw/live-lindsay-clancy-trial-day-15/live-lindsay-clancy-trial-day-15_1tyKO8mTdOM.mp4,/Users/rajeshpmu/Desktop/LegalMemoCMT/data/phase2/clancy/corpus/raw/live-lindsay-clancy-trial-day-15/live-lindsay-clancy-trial-day-15_1tyKO8mTdOM.en.vtt,/Users/rajeshpmu/Desktop/LegalMemoCMT/data/processed/phase2/clancy/turn_clips/video/1tyKO8mTdOM/1tyKO8mTdOM_turn00426.mp4,/Users/rajeshpmu/Desktop/LegalMemoCMT/data/processed/phase2/clancy/turn_clips/audio/1tyKO8mTdOM/1tyKO8mTdOM_turn00426.wav,01:04:42.840,01:04:43.288,0.600,REJECTED,Duration outlier: outside 0.8-30 second MELD-style range
1tyKO8mTdOM_turn00435,1tyKO8mTdOM,https://www.youtube.com/live/1tyKO8mTdOM,LIVE: Lindsay Clancy trial Day 15,/Users/rajeshpmu/Desktop/LegalMemoCMT/data/phase2/clancy/corpus/raw/live-lindsay-clancy-trial-day-15/live-lindsay-clancy-trial-day-15_1tyKO8mTdOM.mp4,/Users/rajeshpmu/Desktop/LegalMemoCMT/data/phase2/clancy/corpus/raw/live-lindsay-clancy-trial-day-15/live-lindsay-clancy-trial-day-15_1tyKO8mTdOM.en.vtt,/Users/rajeshpmu/Desktop/LegalMemoCMT/data/processed/phase2/clancy/turn_clips/video/1tyKO8mTdOM/1tyKO8mTdOM_turn00435.mp4,/Users/rajeshpmu/Desktop/LegalMemoCMT/data/processed/phase2/clancy/turn_clips/audio/1tyKO8mTdOM/1tyKO8mTdOM_turn00435.wav,01:05:24.952,01:05:25.657,0.705,REJECTED,Duration outlier: outside 0.8-30 second MELD-style range
1tyKO8mTdOM_turn00444,1tyKO8mTdOM,https://www.youtube.com/live/1tyKO8mTdOM,LIVE: Lindsay Clancy trial Day 15,/Users/rajeshpmu/Desktop/LegalMemoCMT/data/phase2/clancy/corpus/raw/live-lindsay-clancy-trial-day-15/live-lindsay-clancy-trial-day-15_1tyKO8mTdOM.mp4,/Users/rajeshpmu/Desktop/LegalMemoCMT/data/phase2/clancy/corpus/raw/live-lindsay-clancy-trial-day-15/live-lindsay-clancy-trial-day-15_1tyKO8mTdOM.en.vtt,/Users/rajeshpmu/Desktop/LegalMemoCMT/data/processed/phase2/clancy/turn_clips/video/1tyKO8mTdOM/1tyKO8mTdOM_turn00444.mp4,/Users/rajeshpmu/Desktop/LegalMemoCMT/data/processed/phase2/clancy/turn_clips/audio/1tyKO8mTdOM/1tyKO8mTdOM_turn00444.wav,01:06:48.503,01:07:18.860,30.357,REJECTED,Duration outlier: outside 0.8-30 second MELD-style range
1tyKO8mTdOM_turn00448,1tyKO8mTdOM,https://www.youtube.com/live/1tyKO8mTdOM,LIVE: Lindsay Clancy trial Day 15,/Users/rajeshpmu/Desktop/LegalMemoCMT/data/phase2/clancy/corpus/raw/live-lindsay-clancy-trial-day-15/live-lindsay-clancy-trial-day-15_1tyKO8mTdOM.mp4,/Users/rajeshpmu/Desktop/LegalMemoCMT/data/phase2/clancy/corpus/raw/live-lindsay-clancy-trial-day-15/live-lindsay-clancy-trial-day-15_1tyKO8mTdOM.en.vtt,/Users/rajeshpmu/Desktop/LegalMemoCMT/data/processed/phase2/clancy/turn_clips/video/1tyKO8mTdOM/1tyKO8mTdOM_turn00448.mp4,/Users/rajeshpmu/Desktop/LegalMemoCMT/data/processed/phase2/clancy/turn_clips/audio/1tyKO8mTdOM/1tyKO8mTdOM_turn00448.wav,01:08:33.887,01:08:34.469,0.600,REJECTED,Duration outlier: outside 0.8-30 second MELD-style range
1tyKO8mTdOM_turn00450,1tyKO8mTdOM,https://www.youtube.com/live/1tyKO8mTdOM,LIVE: Lindsay Clancy trial Day 15,/Users/rajeshpmu/Desktop/LegalMemoCMT/data/phase2/clancy/corpus/raw/live-lindsay-clancy-trial-day-15/live-lindsay-clancy-trial-day-15_1tyKO8mTdOM.mp4,/Users/rajeshpmu/Desktop/LegalMemoCMT/data/phase2/clancy/corpus/raw/live-lindsay-clancy-trial-day-15/live-lindsay-clancy-trial-day-15_1tyKO8mTdOM.en.vtt,/Users/rajeshpmu/Desktop/LegalMemoCMT/data/processed/phase2/clancy/turn_clips/video/1tyKO8mTdOM/1tyKO8mTdOM_turn00450.mp4,/Users/rajeshpmu/Desktop/LegalMemoCMT/data/processed/phase2/clancy/turn_clips/audio/1tyKO8mTdOM/1tyKO8mTdOM_turn00450.wav,01:08:46.951,01:08:47.374,0.600,REJECTED,Duration outlier: outside 0.8-30 second MELD-style range
1tyKO8mTdOM_turn00458,1tyKO8mTdOM,https://www.youtube.com/live/1tyKO8mTdOM,LIVE: Lindsay Clancy trial Day 15,/Users/rajeshpmu/Desktop/LegalMemoCMT/data/phase2/clancy/corpus/raw/live-lindsay-clancy-trial-day-15/live-lindsay-clancy-trial-day-15_1tyKO8mTdOM.mp4,/Users/rajeshpmu/Desktop/LegalMemoCMT/data/phase2/clancy/corpus/raw/live-lindsay-clancy-trial-day-15/live-lindsay-clancy-trial-day-15_1tyKO8mTdOM.en.vtt,/Users/rajeshpmu/Desktop/LegalMemoCMT/data/processed/phase2/clancy/turn_clips/video/1tyKO8mTdOM/1tyKO8mTdOM_turn00458.mp4,/Users/rajeshpmu/Desktop/LegalMemoCMT/data/processed/phase2/clancy/turn_clips/audio/1tyKO8mTdOM/1tyKO8mTdOM_turn00458.wav,01:10:12.828,01:10:13.406,0.600,REJECTED,Duration outlier: outside 0.8-30 second MELD-style range
1tyKO8mTdOM_turn00468,1tyKO8mTdOM,https://www.youtube.com/live/1tyKO8mTdOM,LIVE: Lindsay Clancy trial Day 15,/Users/rajeshpmu/Desktop/LegalMemoCMT/data/phase2/clancy/corpus/raw/live-lindsay-clancy-trial-day-15/live-lindsay-clancy-trial-day-15_1tyKO8mTdOM.mp4,/Users/rajeshpmu/Desktop/LegalMemoCMT/data/phase2/clancy/corpus/raw/live-lindsay-clancy-trial-day-15/live-lindsay-clancy-trial-day-15_1tyKO8mTdOM.en.vtt,/Users/rajeshpmu/Desktop/LegalMemoCMT/data/processed/phase2/clancy/turn_clips/video/1tyKO8mTdOM/1tyKO8mTdOM_turn00468.mp4,/Users/rajeshpmu/Desktop/LegalMemoCMT/data/processed/phase2/clancy/turn_clips/audio/1tyKO8mTdOM/1tyKO8mTdOM_turn00468.wav,01:12:19.534,01:13:34.618,75.084,REJECTED,Duration outlier: outside 0.8-30 second MELD-style range
1tyKO8mTdOM_turn00481,1tyKO8mTdOM,https://www.youtube.com/live/1tyKO8mTdOM,LIVE: Lindsay Clancy trial Day 15,/Users/rajeshpmu/Desktop/LegalMemoCMT/data/phase2/clancy/corpus/raw/live-lindsay-clancy-trial-day-15/live-lindsay-clancy-trial-day-15_1tyKO8mTdOM.mp4,/Users/rajeshpmu/Desktop/LegalMemoCMT/data/phase2/clancy/corpus/raw/live-lindsay-clancy-trial-day-15/live-lindsay-clancy-trial-day-15_1tyKO8mTdOM.en.vtt,/Users/rajeshpmu/Desktop/LegalMemoCMT/data/processed/phase2/clancy/turn_clips/video/1tyKO8mTdOM/1tyKO8mTdOM_turn00481.mp4,/Users/rajeshpmu/Desktop/LegalMemoCMT/data/processed/phase2/clancy/turn_clips/audio/1tyKO8mTdOM/1tyKO8mTdOM_turn00481.wav,01:16:19.075,01:16:19.755,0.680,REJECTED,Duration outlier: outside 0.8-30 second MELD-style range
1tyKO8mTdOM_turn00484,1tyKO8mTdOM,https://www.youtube.com/live/1tyKO8mTdOM,LIVE: Lindsay Clancy trial Day 15,/Users/rajeshpmu/Desktop/LegalMemoCMT/data/phase2/clancy/corpus/raw/live-lindsay-clancy-trial-day-15/live-lindsay-clancy-trial-day-15_1tyKO8mTdOM.mp4,/Users/rajeshpmu/Desktop/LegalMemoCMT/data/phase2/clancy/corpus/raw/live-lindsay-clancy-trial-day-15/live-lindsay-clancy-trial-day-15_1tyKO8mTdOM.en.vtt,/Users/rajeshpmu/Desktop/LegalMemoCMT/data/processed/phase2/clancy/turn_clips/video/1tyKO8mTdOM/1tyKO8mTdOM_turn00484.mp4,/Users/rajeshpmu/Desktop/LegalMemoCMT/data/processed/phase2/clancy/turn_clips/audio/1tyKO8mTdOM/1tyKO8mTdOM_turn00484.wav,01:17:21.832,01:17:22.385,0.600,REJECTED,Duration outlier: outside 0.8-30 second MELD-style range
1tyKO8mTdOM_turn00503,1tyKO8mTdOM,https://www.youtube.com/live/1tyKO8mTdOM,LIVE: Lindsay Clancy trial Day 15,/Users/rajeshpmu/Desktop/LegalMemoCMT/data/phase2/clancy/corpus/raw/live-lindsay-clancy-trial-day-15/live-lindsay-clancy-trial-day-15_1tyKO8mTdOM.mp4,/Users/rajeshpmu/Desktop/LegalMemoCMT/data/phase2/clancy/corpus/raw/live-lindsay-clancy-trial-day-15/live-lindsay-clancy-trial-day-15_1tyKO8mTdOM.en.vtt,/Users/rajeshpmu/Desktop/LegalMemoCMT/data/processed/phase2/clancy/turn_clips/video/1tyKO8mTdOM/1tyKO8mTdOM_turn00503.mp4,/Users/rajeshpmu/Desktop/LegalMemoCMT/data/processed/phase2/clancy/turn_clips/audio/1tyKO8mTdOM/1tyKO8mTdOM_turn00503.wav,01:20:45.235,01:20:45.838,0.603,REJECTED,Duration outlier: outside 0.8-30 second MELD-style range
1tyKO8mTdOM_turn00511,1tyKO8mTdOM,https://www.youtube.com/live/1tyKO8mTdOM,LIVE: Lindsay Clancy trial Day 15,/Users/rajeshpmu/Desktop/LegalMemoCMT/data/phase2/clancy/corpus/raw/live-lindsay-clancy-trial-day-15/live-lindsay-clancy-trial-day-15_1tyKO8mTdOM.mp4,/Users/rajeshpmu/Desktop/LegalMemoCMT/data/phase2/clancy/corpus/raw/live-lindsay-clancy-trial-day-15/live-lindsay-clancy-trial-day-15_1tyKO8mTdOM.en.vtt,/Users/rajeshpmu/Desktop/LegalMemoCMT/data/processed/phase2/clancy/turn_clips/video/1tyKO8mTdOM/1tyKO8mTdOM_turn00511.mp4,/Users/rajeshpmu/Desktop/LegalMemoCMT/data/processed/phase2/clancy/turn_clips/audio/1tyKO8mTdOM/1tyKO8mTdOM_turn00511.wav,01:21:31.431,01:21:31.978,0.600,REJECTED,Duration outlier: outside 0.8-30 second MELD-style range
1tyKO8mTdOM_turn00513,1tyKO8mTdOM,https://www.youtube.com/live/1tyKO8mTdOM,LIVE: Lindsay Clancy trial Day 15,/Users/rajeshpmu/Desktop/LegalMemoCMT/data/phase2/clancy/corpus/raw/live-lindsay-clancy-trial-day-15/live-lindsay-clancy-trial-day-15_1tyKO8mTdOM.mp4,/Users/rajeshpmu/Desktop/LegalMemoCMT/data/phase2/clancy/corpus/raw/live-lindsay-clancy-trial-day-15/live-lindsay-clancy-trial-day-15_1tyKO8mTdOM.en.vtt,/Users/rajeshpmu/Desktop/LegalMemoCMT/data/processed/phase2/clancy/turn_clips/video/1tyKO8mTdOM/1tyKO8mTdOM_turn00513.mp4,/Users/rajeshpmu/Desktop/LegalMemoCMT/data/processed/phase2/clancy/turn_clips/audio/1tyKO8mTdOM/1tyKO8mTdOM_turn00513.wav,01:21:33.653,01:21:34.008,0.600,REJECTED,Duration outlier: outside 0.8-30 second MELD-style range
1tyKO8mTdOM_turn00523,1tyKO8mTdOM,https://www.youtube.com/live/1tyKO8mTdOM,LIVE: Lindsay Clancy trial Day 15,/Users/rajeshpmu/Desktop/LegalMemoCMT/data/phase2/clancy/corpus/raw/live-lindsay-clancy-trial-day-15/live-lindsay-clancy-trial-day-15_1tyKO8mTdOM.mp4,/Users/rajeshpmu/Desktop/LegalMemoCMT/data/phase2/clancy/corpus/raw/live-lindsay-clancy-trial-day-15/live-lindsay-clancy-trial-day-15_1tyKO8mTdOM.en.vtt,/Users/rajeshpmu/Desktop/LegalMemoCMT/data/processed/phase2/clancy/turn_clips/video/1tyKO8mTdOM/1tyKO8mTdOM_turn00523.mp4,/Users/rajeshpmu/Desktop/LegalMemoCMT/data/processed/phase2/clancy/turn_clips/audio/1tyKO8mTdOM/1tyKO8mTdOM_turn00523.wav,01:22:39.570,01:22:40.366,0.796,REJECTED,Duration outlier: outside 0.8-30 second MELD-style range
1tyKO8mTdOM_turn00531,1tyKO8mTdOM,https://www.youtube.com/live/1tyKO8mTdOM,LIVE: Lindsay Clancy trial Day 15,/Users/rajeshpmu/Desktop/LegalMemoCMT/data/phase2/clancy/corpus/raw/live-lindsay-clancy-trial-day-15/live-lindsay-clancy-trial-day-15_1tyKO8mTdOM.mp4,/Users/rajeshpmu/Desktop/LegalMemoCMT/data/phase2/clancy/corpus/raw/live-lindsay-clancy-trial-day-15/live-lindsay-clancy-trial-day-15_1tyKO8mTdOM.en.vtt,/Users/rajeshpmu/Desktop/LegalMemoCMT/data/processed/phase2/clancy/turn_clips/video/1tyKO8mTdOM/1tyKO8mTdOM_turn00531.mp4,/Users/rajeshpmu/Desktop/LegalMemoCMT/data/processed/phase2/clancy/turn_clips/audio/1tyKO8mTdOM/1tyKO8mTdOM_turn00531.wav,01:24:00.090,01:24:00.386,0.600,REJECTED,Duration outlier: outside 0.8-30 second MELD-style range
1tyKO8mTdOM_turn00543,1tyKO8mTdOM,https://www.youtube.com/live/1tyKO8mTdOM,LIVE: Lindsay Clancy trial Day 15,/Users/rajeshpmu/Desktop/LegalMemoCMT/data/phase2/clancy/corpus/raw/live-lindsay-clancy-trial-day-15/live-lindsay-clancy-trial-day-15_1tyKO8mTdOM.mp4,/Users/rajeshpmu/Desktop/LegalMemoCMT/data/phase2/clancy/corpus/raw/live-lindsay-clancy-trial-day-15/live-lindsay-clancy-trial-day-15_1tyKO8mTdOM.en.vtt,/Users/rajeshpmu/Desktop/LegalMemoCMT/data/processed/phase2/clancy/turn_clips/video/1tyKO8mTdOM/1tyKO8mTdOM_turn00543.mp4,/Users/rajeshpmu/Desktop/LegalMemoCMT/data/processed/phase2/clancy/turn_clips/audio/1tyKO8mTdOM/1tyKO8mTdOM_turn00543.wav,01:27:41.957,01:27:42.421,0.600,REJECTED,Duration outlier: outside 0.8-30 second MELD-style range
1tyKO8mTdOM_turn00554,1tyKO8mTdOM,https://www.youtube.com/live/1tyKO8mTdOM,LIVE: Lindsay Clancy trial Day 15,/Users/rajeshpmu/Desktop/LegalMemoCMT/data/phase2/clancy/corpus/raw/live-lindsay-clancy-trial-day-15/live-lindsay-clancy-trial-day-15_1tyKO8mTdOM.mp4,/Users/rajeshpmu/Desktop/LegalMemoCMT/data/phase2/clancy/corpus/raw/live-lindsay-clancy-trial-day-15/live-lindsay-clancy-trial-day-15_1tyKO8mTdOM.en.vtt,/Users/rajeshpmu/Desktop/LegalMemoCMT/data/processed/phase2/clancy/turn_clips/video/1tyKO8mTdOM/1tyKO8mTdOM_turn00554.mp4,/Users/rajeshpmu/Desktop/LegalMemoCMT/data/processed/phase2/clancy/turn_clips/audio/1tyKO8mTdOM/1tyKO8mTdOM_turn00554.wav,01:28:46.308,01:29:36.877,50.569,REJECTED,Duration outlier: outside 0.8-30 second MELD-style range
1tyKO8mTdOM_turn00586,1tyKO8mTdOM,https://www.youtube.com/live/1tyKO8mTdOM,LIVE: Lindsay Clancy trial Day 15,/Users/rajeshpmu/Desktop/LegalMemoCMT/data/phase2/clancy/corpus/raw/live-lindsay-clancy-trial-day-15/live-lindsay-clancy-trial-day-15_1tyKO8mTdOM.mp4,/Users/rajeshpmu/Desktop/LegalMemoCMT/data/phase2/clancy/corpus/raw/live-lindsay-clancy-trial-day-15/live-lindsay-clancy-trial-day-15_1tyKO8mTdOM.en.vtt,/Users/rajeshpmu/Desktop/LegalMemoCMT/data/processed/phase2/clancy/turn_clips/video/1tyKO8mTdOM/1tyKO8mTdOM_turn00586.mp4,/Users/rajeshpmu/Desktop/LegalMemoCMT/data/processed/phase2/clancy/turn_clips/audio/1tyKO8mTdOM/1tyKO8mTdOM_turn00586.wav,01:35:47.068,01:36:17.321,30.253,REJECTED,Duration outlier: outside 0.8-30 second MELD-style range
1tyKO8mTdOM_turn00597,1tyKO8mTdOM,https://www.youtube.com/live/1tyKO8mTdOM,LIVE: Lindsay Clancy trial Day 15,/Users/rajeshpmu/Desktop/LegalMemoCMT/data/phase2/clancy/corpus/raw/live-lindsay-clancy-trial-day-15/live-lindsay-clancy-trial-day-15_1tyKO8mTdOM.mp4,/Users/rajeshpmu/Desktop/LegalMemoCMT/data/phase2/clancy/corpus/raw/live-lindsay-clancy-trial-day-15/live-lindsay-clancy-trial-day-15_1tyKO8mTdOM.en.vtt,/Users/rajeshpmu/Desktop/LegalMemoCMT/data/processed/phase2/clancy/turn_clips/video/1tyKO8mTdOM/1tyKO8mTdOM_turn00597.mp4,/Users/rajeshpmu/Desktop/LegalMemoCMT/data/processed/phase2/clancy/turn_clips/audio/1tyKO8mTdOM/1tyKO8mTdOM_turn00597.wav,01:37:39.064,01:37:39.569,0.600,REJECTED,Duration outlier: outside 0.8-30 second MELD-style range
1tyKO8mTdOM_turn00607,1tyKO8mTdOM,https://www.youtube.com/live/1tyKO8mTdOM,LIVE: Lindsay Clancy trial Day 15,/Users/rajeshpmu/Desktop/LegalMemoCMT/data/phase2/clancy/corpus/raw/live-lindsay-clancy-trial-day-15/live-lindsay-clancy-trial-day-15_1tyKO8mTdOM.mp4,/Users/rajeshpmu/Desktop/LegalMemoCMT/data/phase2/clancy/corpus/raw/live-lindsay-clancy-trial-day-15/live-lindsay-clancy-trial-day-15_1tyKO8mTdOM.en.vtt,/Users/rajeshpmu/Desktop/LegalMemoCMT/data/processed/phase2/clancy/turn_clips/video/1tyKO8mTdOM/1tyKO8mTdOM_turn00607.mp4,/Users/rajeshpmu/Desktop/LegalMemoCMT/data/processed/phase2/clancy/turn_clips/audio/1tyKO8mTdOM/1tyKO8mTdOM_turn00607.wav,01:39:44.996,01:39:45.498,0.600,REJECTED,Duration outlier: outside 0.8-30 second MELD-style range
1tyKO8mTdOM_turn00624,1tyKO8mTdOM,https://www.youtube.com/live/1tyKO8mTdOM,LIVE: Lindsay Clancy trial Day 15,/Users/rajeshpmu/Desktop/LegalMemoCMT/data/phase2/clancy/corpus/raw/live-lindsay-clancy-trial-day-15/live-lindsay-clancy-trial-day-15_1tyKO8mTdOM.mp4,/Users/rajeshpmu/Desktop/LegalMemoCMT/data/phase2/clancy/corpus/raw/live-lindsay-clancy-trial-day-15/live-lindsay-clancy-trial-day-15_1tyKO8mTdOM.en.vtt,/Users/rajeshpmu/Desktop/LegalMemoCMT/data/processed/phase2/clancy/turn_clips/video/1tyKO8mTdOM/1tyKO8mTdOM_turn00624.mp4,/Users/rajeshpmu/Desktop/LegalMemoCMT/data/processed/phase2/clancy/turn_clips/audio/1tyKO8mTdOM/1tyKO8mTdOM_turn00624.wav,01:42:48.752,01:42:49.527,0.775,REJECTED,Duration outlier: outside 0.8-30 second MELD-style range
1tyKO8mTdOM_turn00626,1tyKO8mTdOM,https://www.youtube.com/live/1tyKO8mTdOM,LIVE: Lindsay Clancy trial Day 15,/Users/rajeshpmu/Desktop/LegalMemoCMT/data/phase2/clancy/corpus/raw/live-lindsay-clancy-trial-day-15/live-lindsay-clancy-trial-day-15_1tyKO8mTdOM.mp4,/Users/rajeshpmu/Desktop/LegalMemoCMT/data/phase2/clancy/corpus/raw/live-lindsay-clancy-trial-day-15/live-lindsay-clancy-trial-day-15_1tyKO8mTdOM.en.vtt,/Users/rajeshpmu/Desktop/LegalMemoCMT/data/processed/phase2/clancy/turn_clips/video/1tyKO8mTdOM/1tyKO8mTdOM_turn00626.mp4,/Users/rajeshpmu/Desktop/LegalMemoCMT/data/processed/phase2/clancy/turn_clips/audio/1tyKO8mTdOM/1tyKO8mTdOM_turn00626.wav,01:43:11.768,01:43:12.227,0.600,REJECTED,Duration outlier: outside 0.8-30 second MELD-style range
1tyKO8mTdOM_turn00633,1tyKO8mTdOM,https://www.youtube.com/live/1tyKO8mTdOM,LIVE: Lindsay Clancy trial Day 15,/Users/rajeshpmu/Desktop/LegalMemoCMT/data/phase2/clancy/corpus/raw/live-lindsay-clancy-trial-day-15/live-lindsay-clancy-trial-day-15_1tyKO8mTdOM.mp4,/Users/rajeshpmu/Desktop/LegalMemoCMT/data/phase2/clancy/corpus/raw/live-lindsay-clancy-trial-day-15/live-lindsay-clancy-trial-day-15_1tyKO8mTdOM.en.vtt,/Users/rajeshpmu/Desktop/LegalMemoCMT/data/processed/phase2/clancy/turn_clips/video/1tyKO8mTdOM/1tyKO8mTdOM_turn00633.mp4,/Users/rajeshpmu/Desktop/LegalMemoCMT/data/processed/phase2/clancy/turn_clips/audio/1tyKO8mTdOM/1tyKO8mTdOM_turn00633.wav,01:43:56.285,01:43:56.825,0.600,REJECTED,Duration outlier: outside 0.8-30 second MELD-style range
1tyKO8mTdOM_turn00635,1tyKO8mTdOM,https://www.youtube.com/live/1tyKO8mTdOM,LIVE: Lindsay Clancy trial Day 15,/Users/rajeshpmu/Desktop/LegalMemoCMT/data/phase2/clancy/corpus/raw/live-lindsay-clancy-trial-day-15/live-lindsay-clancy-trial-day-15_1tyKO8mTdOM.mp4,/Users/rajeshpmu/Desktop/LegalMemoCMT/data/phase2/clancy/corpus/raw/live-lindsay-clancy-trial-day-15/live-lindsay-clancy-trial-day-15_1tyKO8mTdOM.en.vtt,/Users/rajeshpmu/Desktop/LegalMemoCMT/data/processed/phase2/clancy/turn_clips/video/1tyKO8mTdOM/1tyKO8mTdOM_turn00635.mp4,/Users/rajeshpmu/Desktop/LegalMemoCMT/data/processed/phase2/clancy/turn_clips/audio/1tyKO8mTdOM/1tyKO8mTdOM_turn00635.wav,01:44:00.056,01:44:41.283,41.227,REJECTED,Duration outlier: outside 0.8-30 second MELD-style range
1tyKO8mTdOM_turn00636,1tyKO8mTdOM,https://www.youtube.com/live/1tyKO8mTdOM,LIVE: Lindsay Clancy trial Day 15,/Users/rajeshpmu/Desktop/LegalMemoCMT/data/phase2/clancy/corpus/raw/live-lindsay-clancy-trial-day-15/live-lindsay-clancy-trial-day-15_1tyKO8mTdOM.mp4,/Users/rajeshpmu/Desktop/LegalMemoCMT/data/phase2/clancy/corpus/raw/live-lindsay-clancy-trial-day-15/live-lindsay-clancy-trial-day-15_1tyKO8mTdOM.en.vtt,/Users/rajeshpmu/Desktop/LegalMemoCMT/data/processed/phase2/clancy/turn_clips/video/1tyKO8mTdOM/1tyKO8mTdOM_turn00636.mp4,/Users/rajeshpmu/Desktop/LegalMemoCMT/data/processed/phase2/clancy/turn_clips/audio/1tyKO8mTdOM/1tyKO8mTdOM_turn00636.wav,01:44:41.283,01:44:42.077,0.794,REJECTED,Duration outlier: outside 0.8-30 second MELD-style range
1tyKO8mTdOM_turn00642,1tyKO8mTdOM,https://www.youtube.com/live/1tyKO8mTdOM,LIVE: Lindsay Clancy trial Day 15,/Users/rajeshpmu/Desktop/LegalMemoCMT/data/phase2/clancy/corpus/raw/live-lindsay-clancy-trial-day-15/live-lindsay-clancy-trial-day-15_1tyKO8mTdOM.mp4,/Users/rajeshpmu/Desktop/LegalMemoCMT/data/phase2/clancy/corpus/raw/live-lindsay-clancy-trial-day-15/live-lindsay-clancy-trial-day-15_1tyKO8mTdOM.en.vtt,/Users/rajeshpmu/Desktop/LegalMemoCMT/data/processed/phase2/clancy/turn_clips/video/1tyKO8mTdOM/1tyKO8mTdOM_turn00642.mp4,/Users/rajeshpmu/Desktop/LegalMemoCMT/data/processed/phase2/clancy/turn_clips/audio/1tyKO8mTdOM/1tyKO8mTdOM_turn00642.wav,01:45:20.971,01:45:21.530,0.600,REJECTED,Duration outlier: outside 0.8-30 second MELD-style range
1tyKO8mTdOM_turn00763,1tyKO8mTdOM,https://www.youtube.com/live/1tyKO8mTdOM,LIVE: Lindsay Clancy trial Day 15,/Users/rajeshpmu/Desktop/LegalMemoCMT/data/phase2/clancy/corpus/raw/live-lindsay-clancy-trial-day-15/live-lindsay-clancy-trial-day-15_1tyKO8mTdOM.mp4,/Users/rajeshpmu/Desktop/LegalMemoCMT/data/phase2/clancy/corpus/raw/live-lindsay-clancy-trial-day-15/live-lindsay-clancy-trial-day-15_1tyKO8mTdOM.en.vtt,/Users/rajeshpmu/Desktop/LegalMemoCMT/data/processed/phase2/clancy/turn_clips/video/1tyKO8mTdOM/1tyKO8mTdOM_turn00763.mp4,/Users/rajeshpmu/Desktop/LegalMemoCMT/data/processed/phase2/clancy/turn_clips/audio/1tyKO8mTdOM/1tyKO8mTdOM_turn00763.wav,02:04:02.407,02:04:34.552,32.145,REJECTED,Duration outlier: outside 0.8-30 second MELD-style range
1tyKO8mTdOM_turn00799,1tyKO8mTdOM,https://www.youtube.com/live/1tyKO8mTdOM,LIVE: Lindsay Clancy trial Day 15,/Users/rajeshpmu/Desktop/LegalMemoCMT/data/phase2/clancy/corpus/raw/live-lindsay-clancy-trial-day-15/live-lindsay-clancy-trial-day-15_1tyKO8mTdOM.mp4,/Users/rajeshpmu/Desktop/LegalMemoCMT/data/phase2/clancy/corpus/raw/live-lindsay-clancy-trial-day-15/live-lindsay-clancy-trial-day-15_1tyKO8mTdOM.en.vtt,/Users/rajeshpmu/Desktop/LegalMemoCMT/data/processed/phase2/clancy/turn_clips/video/1tyKO8mTdOM/1tyKO8mTdOM_turn00799.mp4,/Users/rajeshpmu/Desktop/LegalMemoCMT/data/processed/phase2/clancy/turn_clips/audio/1tyKO8mTdOM/1tyKO8mTdOM_turn00799.wav,02:13:03.129,02:13:45.953,42.824,REJECTED,Duration outlier: outside 0.8-30 second MELD-style range
1tyKO8mTdOM_turn00802,1tyKO8mTdOM,https://www.youtube.com/live/1tyKO8mTdOM,LIVE: Lindsay Clancy trial Day 15,/Users/rajeshpmu/Desktop/LegalMemoCMT/data/phase2/clancy/corpus/raw/live-lindsay-clancy-trial-day-15/live-lindsay-clancy-trial-day-15_1tyKO8mTdOM.mp4,/Users/rajeshpmu/Desktop/LegalMemoCMT/data/phase2/clancy/corpus/raw/live-lindsay-clancy-trial-day-15/live-lindsay-clancy-trial-day-15_1tyKO8mTdOM.en.vtt,/Users/rajeshpmu/Desktop/LegalMemoCMT/data/processed/phase2/clancy/turn_clips/video/1tyKO8mTdOM/1tyKO8mTdOM_turn00802.mp4,/Users/rajeshpmu/Desktop/LegalMemoCMT/data/processed/phase2/clancy/turn_clips/audio/1tyKO8mTdOM/1tyKO8mTdOM_turn00802.wav,02:14:12.816,02:15:41.349,88.533,REJECTED,Duration outlier: outside 0.8-30 second MELD-style range
1tyKO8mTdOM_turn00806,1tyKO8mTdOM,https://www.youtube.com/live/1tyKO8mTdOM,LIVE: Lindsay Clancy trial Day 15,/Users/rajeshpmu/Desktop/LegalMemoCMT/data/phase2/clancy/corpus/raw/live-lindsay-clancy-trial-day-15/live-lindsay-clancy-trial-day-15_1tyKO8mTdOM.mp4,/Users/rajeshpmu/Desktop/LegalMemoCMT/data/phase2/clancy/corpus/raw/live-lindsay-clancy-trial-day-15/live-lindsay-clancy-trial-day-15_1tyKO8mTdOM.en.vtt,/Users/rajeshpmu/Desktop/LegalMemoCMT/data/processed/phase2/clancy/turn_clips/video/1tyKO8mTdOM/1tyKO8mTdOM_turn00806.mp4,/Users/rajeshpmu/Desktop/LegalMemoCMT/data/processed/phase2/clancy/turn_clips/audio/1tyKO8mTdOM/1tyKO8mTdOM_turn00806.wav,02:16:01.699,02:16:44.937,43.238,REJECTED,Duration outlier: outside 0.8-30 second MELD-style range
1tyKO8mTdOM_turn00810,1tyKO8mTdOM,https://www.youtube.com/live/1tyKO8mTdOM,LIVE: Lindsay Clancy trial Day 15,/Users/rajeshpmu/Desktop/LegalMemoCMT/data/phase2/clancy/corpus/raw/live-lindsay-clancy-trial-day-15/live-lindsay-clancy-trial-day-15_1tyKO8mTdOM.mp4,/Users/rajeshpmu/Desktop/LegalMemoCMT/data/phase2/clancy/corpus/raw/live-lindsay-clancy-trial-day-15/live-lindsay-clancy-trial-day-15_1tyKO8mTdOM.en.vtt,/Users/rajeshpmu/Desktop/LegalMemoCMT/data/processed/phase2/clancy/turn_clips/video/1tyKO8mTdOM/1tyKO8mTdOM_turn00810.mp4,/Users/rajeshpmu/Desktop/LegalMemoCMT/data/processed/phase2/clancy/turn_clips/audio/1tyKO8mTdOM/1tyKO8mTdOM_turn00810.wav,02:17:01.701,02:17:01.989,0.600,REJECTED,Duration outlier: outside 0.8-30 second MELD-style range
1tyKO8mTdOM_turn00816,1tyKO8mTdOM,https://www.youtube.com/live/1tyKO8mTdOM,LIVE: Lindsay Clancy trial Day 15,/Users/rajeshpmu/Desktop/LegalMemoCMT/data/phase2/clancy/corpus/raw/live-lindsay-clancy-trial-day-15/live-lindsay-clancy-trial-day-15_1tyKO8mTdOM.mp4,/Users/rajeshpmu/Desktop/LegalMemoCMT/data/phase2/clancy/corpus/raw/live-lindsay-clancy-trial-day-15/live-lindsay-clancy-trial-day-15_1tyKO8mTdOM.en.vtt,/Users/rajeshpmu/Desktop/LegalMemoCMT/data/processed/phase2/clancy/turn_clips/video/1tyKO8mTdOM/1tyKO8mTdOM_turn00816.mp4,/Users/rajeshpmu/Desktop/LegalMemoCMT/data/processed/phase2/clancy/turn_clips/audio/1tyKO8mTdOM/1tyKO8mTdOM_turn00816.wav,02:17:18.761,02:18:01.130,42.369,REJECTED,Duration outlier: outside 0.8-30 second MELD-style range
1tyKO8mTdOM_turn00818,1tyKO8mTdOM,https://www.youtube.com/live/1tyKO8mTdOM,LIVE: Lindsay Clancy trial Day 15,/Users/rajeshpmu/Desktop/LegalMemoCMT/data/phase2/clancy/corpus/raw/live-lindsay-clancy-trial-day-15/live-lindsay-clancy-trial-day-15_1tyKO8mTdOM.mp4,/Users/rajeshpmu/Desktop/LegalMemoCMT/data/phase2/clancy/corpus/raw/live-lindsay-clancy-trial-day-15/live-lindsay-clancy-trial-day-15_1tyKO8mTdOM.en.vtt,/Users/rajeshpmu/Desktop/LegalMemoCMT/data/processed/phase2/clancy/turn_clips/video/1tyKO8mTdOM/1tyKO8mTdOM_turn00818.mp4,/Users/rajeshpmu/Desktop/LegalMemoCMT/data/processed/phase2/clancy/turn_clips/audio/1tyKO8mTdOM/1tyKO8mTdOM_turn00818.wav,02:18:15.832,02:18:16.097,0.600,REJECTED,Duration outlier: outside 0.8-30 second MELD-style range
1tyKO8mTdOM_turn00823,1tyKO8mTdOM,https://www.youtube.com/live/1tyKO8mTdOM,LIVE: Lindsay Clancy trial Day 15,/Users/rajeshpmu/Desktop/LegalMemoCMT/data/phase2/clancy/corpus/raw/live-lindsay-clancy-trial-day-15/live-lindsay-clancy-trial-day-15_1tyKO8mTdOM.mp4,/Users/rajeshpmu/Desktop/LegalMemoCMT/data/phase2/clancy/corpus/raw/live-lindsay-clancy-trial-day-15/live-lindsay-clancy-trial-day-15_1tyKO8mTdOM.en.vtt,/Users/rajeshpmu/Desktop/LegalMemoCMT/data/processed/phase2/clancy/turn_clips/video/1tyKO8mTdOM/1tyKO8mTdOM_turn00823.mp4,/Users/rajeshpmu/Desktop/LegalMemoCMT/data/processed/phase2/clancy/turn_clips/audio/1tyKO8mTdOM/1tyKO8mTdOM_turn00823.wav,02:19:06.499,02:19:07.128,0.629,REJECTED,Duration outlier: outside 0.8-30 second MELD-style range
1tyKO8mTdOM_turn00841,1tyKO8mTdOM,https://www.youtube.com/live/1tyKO8mTdOM,LIVE: Lindsay Clancy trial Day 15,/Users/rajeshpmu/Desktop/LegalMemoCMT/data/phase2/clancy/corpus/raw/live-lindsay-clancy-trial-day-15/live-lindsay-clancy-trial-day-15_1tyKO8mTdOM.mp4,/Users/rajeshpmu/Desktop/LegalMemoCMT/data/phase2/clancy/corpus/raw/live-lindsay-clancy-trial-day-15/live-lindsay-clancy-trial-day-15_1tyKO8mTdOM.en.vtt,/Users/rajeshpmu/Desktop/LegalMemoCMT/data/processed/phase2/clancy/turn_clips/video/1tyKO8mTdOM/1tyKO8mTdOM_turn00841.mp4,/Users/rajeshpmu/Desktop/LegalMemoCMT/data/processed/phase2/clancy/turn_clips/audio/1tyKO8mTdOM/1tyKO8mTdOM_turn00841.wav,02:21:42.835,02:22:40.877,58.042,REJECTED,Duration outlier: outside 0.8-30 second MELD-style range
1tyKO8mTdOM_turn00850,1tyKO8mTdOM,https://www.youtube.com/live/1tyKO8mTdOM,LIVE: Lindsay Clancy trial Day 15,/Users/rajeshpmu/Desktop/LegalMemoCMT/data/phase2/clancy/corpus/raw/live-lindsay-clancy-trial-day-15/live-lindsay-clancy-trial-day-15_1tyKO8mTdOM.mp4,/Users/rajeshpmu/Desktop/LegalMemoCMT/data/phase2/clancy/corpus/raw/live-lindsay-clancy-trial-day-15/live-lindsay-clancy-trial-day-15_1tyKO8mTdOM.en.vtt,/Users/rajeshpmu/Desktop/LegalMemoCMT/data/processed/phase2/clancy/turn_clips/video/1tyKO8mTdOM/1tyKO8mTdOM_turn00850.mp4,/Users/rajeshpmu/Desktop/LegalMemoCMT/data/processed/phase2/clancy/turn_clips/audio/1tyKO8mTdOM/1tyKO8mTdOM_turn00850.wav,02:24:28.491,02:24:28.919,0.600,REJECTED,Duration outlier: outside 0.8-30 second MELD-style range
1tyKO8mTdOM_turn00854,1tyKO8mTdOM,https://www.youtube.com/live/1tyKO8mTdOM,LIVE: Lindsay Clancy trial Day 15,/Users/rajeshpmu/Desktop/LegalMemoCMT/data/phase2/clancy/corpus/raw/live-lindsay-clancy-trial-day-15/live-lindsay-clancy-trial-day-15_1tyKO8mTdOM.mp4,/Users/rajeshpmu/Desktop/LegalMemoCMT/data/phase2/clancy/corpus/raw/live-lindsay-clancy-trial-day-15/live-lindsay-clancy-trial-day-15_1tyKO8mTdOM.en.vtt,/Users/rajeshpmu/Desktop/LegalMemoCMT/data/processed/phase2/clancy/turn_clips/video/1tyKO8mTdOM/1tyKO8mTdOM_turn00854.mp4,/Users/rajeshpmu/Desktop/LegalMemoCMT/data/processed/phase2/clancy/turn_clips/audio/1tyKO8mTdOM/1tyKO8mTdOM_turn00854.wav,02:24:52.536,02:25:50.343,57.807,REJECTED,Duration outlier: outside 0.8-30 second MELD-style range
1tyKO8mTdOM_turn00856,1tyKO8mTdOM,https://www.youtube.com/live/1tyKO8mTdOM,LIVE: Lindsay Clancy trial Day 15,/Users/rajeshpmu/Desktop/LegalMemoCMT/data/phase2/clancy/corpus/raw/live-lindsay-clancy-trial-day-15/live-lindsay-clancy-trial-day-15_1tyKO8mTdOM.mp4,/Users/rajeshpmu/Desktop/LegalMemoCMT/data/phase2/clancy/corpus/raw/live-lindsay-clancy-trial-day-15/live-lindsay-clancy-trial-day-15_1tyKO8mTdOM.en.vtt,/Users/rajeshpmu/Desktop/LegalMemoCMT/data/processed/phase2/clancy/turn_clips/video/1tyKO8mTdOM/1tyKO8mTdOM_turn00856.mp4,/Users/rajeshpmu/Desktop/LegalMemoCMT/data/processed/phase2/clancy/turn_clips/audio/1tyKO8mTdOM/1tyKO8mTdOM_turn00856.wav,02:25:58.259,02:25:58.718,0.600,REJECTED,Duration outlier: outside 0.8-30 second MELD-style range
1tyKO8mTdOM_turn00864,1tyKO8mTdOM,https://www.youtube.com/live/1tyKO8mTdOM,LIVE: Lindsay Clancy trial Day 15,/Users/rajeshpmu/Desktop/LegalMemoCMT/data/phase2/clancy/corpus/raw/live-lindsay-clancy-trial-day-15/live-lindsay-clancy-trial-day-15_1tyKO8mTdOM.mp4,/Users/rajeshpmu/Desktop/LegalMemoCMT/data/phase2/clancy/corpus/raw/live-lindsay-clancy-trial-day-15/live-lindsay-clancy-trial-day-15_1tyKO8mTdOM.en.vtt,/Users/rajeshpmu/Desktop/LegalMemoCMT/data/processed/phase2/clancy/turn_clips/video/1tyKO8mTdOM/1tyKO8mTdOM_turn00864.mp4,/Users/rajeshpmu/Desktop/LegalMemoCMT/data/processed/phase2/clancy/turn_clips/audio/1tyKO8mTdOM/1tyKO8mTdOM_turn00864.wav,02:30:43.714,02:32:51.330,127.616,REJECTED,Duration outlier: outside 0.8-30 second MELD-style range
1tyKO8mTdOM_turn00865,1tyKO8mTdOM,https://www.youtube.com/live/1tyKO8mTdOM,LIVE: Lindsay Clancy trial Day 15,/Users/rajeshpmu/Desktop/LegalMemoCMT/data/phase2/clancy/corpus/raw/live-lindsay-clancy-trial-day-15/live-lindsay-clancy-trial-day-15_1tyKO8mTdOM.mp4,/Users/rajeshpmu/Desktop/LegalMemoCMT/data/phase2/clancy/corpus/raw/live-lindsay-clancy-trial-day-15/live-lindsay-clancy-trial-day-15_1tyKO8mTdOM.en.vtt,/Users/rajeshpmu/Desktop/LegalMemoCMT/data/processed/phase2/clancy/turn_clips/video/1tyKO8mTdOM/1tyKO8mTdOM_turn00865.mp4,/Users/rajeshpmu/Desktop/LegalMemoCMT/data/processed/phase2/clancy/turn_clips/audio/1tyKO8mTdOM/1tyKO8mTdOM_turn00865.wav,02:32:51.330,02:34:32.168,100.838,REJECTED,Duration outlier: outside 0.8-30 second MELD-style range
1tyKO8mTdOM_turn00866,1tyKO8mTdOM,https://www.youtube.com/live/1tyKO8mTdOM,LIVE: Lindsay Clancy trial Day 15,/Users/rajeshpmu/Desktop/LegalMemoCMT/data/phase2/clancy/corpus/raw/live-lindsay-clancy-trial-day-15/live-lindsay-clancy-trial-day-15_1tyKO8mTdOM.mp4,/Users/rajeshpmu/Desktop/LegalMemoCMT/data/phase2/clancy/corpus/raw/live-lindsay-clancy-trial-day-15/live-lindsay-clancy-trial-day-15_1tyKO8mTdOM.en.vtt,/Users/rajeshpmu/Desktop/LegalMemoCMT/data/processed/phase2/clancy/turn_clips/video/1tyKO8mTdOM/1tyKO8mTdOM_turn00866.mp4,/Users/rajeshpmu/Desktop/LegalMemoCMT/data/processed/phase2/clancy/turn_clips/audio/1tyKO8mTdOM/1tyKO8mTdOM_turn00866.wav,02:34:32.168,02:35:16.864,44.696,REJECTED,Duration outlier: outside 0.8-30 second MELD-style range
1tyKO8mTdOM_turn00871,1tyKO8mTdOM,https://www.youtube.com/live/1tyKO8mTdOM,LIVE: Lindsay Clancy trial Day 15,/Users/rajeshpmu/Desktop/LegalMemoCMT/data/phase2/clancy/corpus/raw/live-lindsay-clancy-trial-day-15/live-lindsay-clancy-trial-day-15_1tyKO8mTdOM.mp4,/Users/rajeshpmu/Desktop/LegalMemoCMT/data/phase2/clancy/corpus/raw/live-lindsay-clancy-trial-day-15/live-lindsay-clancy-trial-day-15_1tyKO8mTdOM.en.vtt,/Users/rajeshpmu/Desktop/LegalMemoCMT/data/processed/phase2/clancy/turn_clips/video/1tyKO8mTdOM/1tyKO8mTdOM_turn00871.mp4,/Users/rajeshpmu/Desktop/LegalMemoCMT/data/processed/phase2/clancy/turn_clips/audio/1tyKO8mTdOM/1tyKO8mTdOM_turn00871.wav,02:36:02.338,02:37:30.478,88.140,REJECTED,Duration outlier: outside 0.8-30 second MELD-style range
1tyKO8mTdOM_turn00890,1tyKO8mTdOM,https://www.youtube.com/live/1tyKO8mTdOM,LIVE: Lindsay Clancy trial Day 15,/Users/rajeshpmu/Desktop/LegalMemoCMT/data/phase2/clancy/corpus/raw/live-lindsay-clancy-trial-day-15/live-lindsay-clancy-trial-day-15_1tyKO8mTdOM.mp4,/Users/rajeshpmu/Desktop/LegalMemoCMT/data/phase2/clancy/corpus/raw/live-lindsay-clancy-trial-day-15/live-lindsay-clancy-trial-day-15_1tyKO8mTdOM.en.vtt,/Users/rajeshpmu/Desktop/LegalMemoCMT/data/processed/phase2/clancy/turn_clips/video/1tyKO8mTdOM/1tyKO8mTdOM_turn00890.mp4,/Users/rajeshpmu/Desktop/LegalMemoCMT/data/processed/phase2/clancy/turn_clips/audio/1tyKO8mTdOM/1tyKO8mTdOM_turn00890.wav,02:39:29.353,02:39:30.078,0.725,REJECTED,Duration outlier: outside 0.8-30 second MELD-style range
1tyKO8mTdOM_turn00921,1tyKO8mTdOM,https://www.youtube.com/live/1tyKO8mTdOM,LIVE: Lindsay Clancy trial Day 15,/Users/rajeshpmu/Desktop/LegalMemoCMT/data/phase2/clancy/corpus/raw/live-lindsay-clancy-trial-day-15/live-lindsay-clancy-trial-day-15_1tyKO8mTdOM.mp4,/Users/rajeshpmu/Desktop/LegalMemoCMT/data/phase2/clancy/corpus/raw/live-lindsay-clancy-trial-day-15/live-lindsay-clancy-trial-day-15_1tyKO8mTdOM.en.vtt,/Users/rajeshpmu/Desktop/LegalMemoCMT/data/processed/phase2/clancy/turn_clips/video/1tyKO8mTdOM/1tyKO8mTdOM_turn00921.mp4,/Users/rajeshpmu/Desktop/LegalMemoCMT/data/processed/phase2/clancy/turn_clips/audio/1tyKO8mTdOM/1tyKO8mTdOM_turn00921.wav,02:43:09.000,02:43:09.412,0.600,REJECTED,Duration outlier: outside 0.8-30 second MELD-style range
1tyKO8mTdOM_turn00952,1tyKO8mTdOM,https://www.youtube.com/live/1tyKO8mTdOM,LIVE: Lindsay Clancy trial Day 15,/Users/rajeshpmu/Desktop/LegalMemoCMT/data/phase2/clancy/corpus/raw/live-lindsay-clancy-trial-day-15/live-lindsay-clancy-trial-day-15_1tyKO8mTdOM.mp4,/Users/rajeshpmu/Desktop/LegalMemoCMT/data/phase2/clancy/corpus/raw/live-lindsay-clancy-trial-day-15/live-lindsay-clancy-trial-day-15_1tyKO8mTdOM.en.vtt,/Users/rajeshpmu/Desktop/LegalMemoCMT/data/processed/phase2/clancy/turn_clips/video/1tyKO8mTdOM/1tyKO8mTdOM_turn00952.mp4,/Users/rajeshpmu/Desktop/LegalMemoCMT/data/processed/phase2/clancy/turn_clips/audio/1tyKO8mTdOM/1tyKO8mTdOM_turn00952.wav,02:48:13.990,02:49:12.685,58.695,REJECTED,Duration outlier: outside 0.8-30 second MELD-style range
1tyKO8mTdOM_turn00957,1tyKO8mTdOM,https://www.youtube.com/live/1tyKO8mTdOM,LIVE: Lindsay Clancy trial Day 15,/Users/rajeshpmu/Desktop/LegalMemoCMT/data/phase2/clancy/corpus/raw/live-lindsay-clancy-trial-day-15/live-lindsay-clancy-trial-day-15_1tyKO8mTdOM.mp4,/Users/rajeshpmu/Desktop/LegalMemoCMT/data/phase2/clancy/corpus/raw/live-lindsay-clancy-trial-day-15/live-lindsay-clancy-trial-day-15_1tyKO8mTdOM.en.vtt,/Users/rajeshpmu/Desktop/LegalMemoCMT/data/processed/phase2/clancy/turn_clips/video/1tyKO8mTdOM/1tyKO8mTdOM_turn00957.mp4,/Users/rajeshpmu/Desktop/LegalMemoCMT/data/processed/phase2/clancy/turn_clips/audio/1tyKO8mTdOM/1tyKO8mTdOM_turn00957.wav,02:50:05.772,02:50:06.526,0.754,REJECTED,Duration outlier: outside 0.8-30 second MELD-style range
1tyKO8mTdOM_turn00958,1tyKO8mTdOM,https://www.youtube.com/live/1tyKO8mTdOM,LIVE: Lindsay Clancy trial Day 15,/Users/rajeshpmu/Desktop/LegalMemoCMT/data/phase2/clancy/corpus/raw/live-lindsay-clancy-trial-day-15/live-lindsay-clancy-trial-day-15_1tyKO8mTdOM.mp4,/Users/rajeshpmu/Desktop/LegalMemoCMT/data/phase2/clancy/corpus/raw/live-lindsay-clancy-trial-day-15/live-lindsay-clancy-trial-day-15_1tyKO8mTdOM.en.vtt,/Users/rajeshpmu/Desktop/LegalMemoCMT/data/processed/phase2/clancy/turn_clips/video/1tyKO8mTdOM/1tyKO8mTdOM_turn00958.mp4,/Users/rajeshpmu/Desktop/LegalMemoCMT/data/processed/phase2/clancy/turn_clips/audio/1tyKO8mTdOM/1tyKO8mTdOM_turn00958.wav,02:50:06.526,02:50:37.355,30.829,REJECTED,Duration outlier: outside 0.8-30 second MELD-style range
1tyKO8mTdOM_turn00964,1tyKO8mTdOM,https://www.youtube.com/live/1tyKO8mTdOM,LIVE: Lindsay Clancy trial Day 15,/Users/rajeshpmu/Desktop/LegalMemoCMT/data/phase2/clancy/corpus/raw/live-lindsay-clancy-trial-day-15/live-lindsay-clancy-trial-day-15_1tyKO8mTdOM.mp4,/Users/rajeshpmu/Desktop/LegalMemoCMT/data/phase2/clancy/corpus/raw/live-lindsay-clancy-trial-day-15/live-lindsay-clancy-trial-day-15_1tyKO8mTdOM.en.vtt,/Users/rajeshpmu/Desktop/LegalMemoCMT/data/processed/phase2/clancy/turn_clips/video/1tyKO8mTdOM/1tyKO8mTdOM_turn00964.mp4,/Users/rajeshpmu/Desktop/LegalMemoCMT/data/processed/phase2/clancy/turn_clips/audio/1tyKO8mTdOM/1tyKO8mTdOM_turn00964.wav,02:51:02.359,02:53:15.317,132.958,REJECTED,Duration outlier: outside 0.8-30 second MELD-style range
1tyKO8mTdOM_turn00982,1tyKO8mTdOM,https://www.youtube.com/live/1tyKO8mTdOM,LIVE: Lindsay Clancy trial Day 15,/Users/rajeshpmu/Desktop/LegalMemoCMT/data/phase2/clancy/corpus/raw/live-lindsay-clancy-trial-day-15/live-lindsay-clancy-trial-day-15_1tyKO8mTdOM.mp4,/Users/rajeshpmu/Desktop/LegalMemoCMT/data/phase2/clancy/corpus/raw/live-lindsay-clancy-trial-day-15/live-lindsay-clancy-trial-day-15_1tyKO8mTdOM.en.vtt,/Users/rajeshpmu/Desktop/LegalMemoCMT/data/processed/phase2/clancy/turn_clips/video/1tyKO8mTdOM/1tyKO8mTdOM_turn00982.mp4,/Users/rajeshpmu/Desktop/LegalMemoCMT/data/processed/phase2/clancy/turn_clips/audio/1tyKO8mTdOM/1tyKO8mTdOM_turn00982.wav,02:55:53.670,02:56:48.009,54.339,REJECTED,Duration outlier: outside 0.8-30 second MELD-style range
1tyKO8mTdOM_turn01024,1tyKO8mTdOM,https://www.youtube.com/live/1tyKO8mTdOM,LIVE: Lindsay Clancy trial Day 15,/Users/rajeshpmu/Desktop/LegalMemoCMT/data/phase2/clancy/corpus/raw/live-lindsay-clancy-trial-day-15/live-lindsay-clancy-trial-day-15_1tyKO8mTdOM.mp4,/Users/rajeshpmu/Desktop/LegalMemoCMT/data/phase2/clancy/corpus/raw/live-lindsay-clancy-trial-day-15/live-lindsay-clancy-trial-day-15_1tyKO8mTdOM.en.vtt,/Users/rajeshpmu/Desktop/LegalMemoCMT/data/processed/phase2/clancy/turn_clips/video/1tyKO8mTdOM/1tyKO8mTdOM_turn01024.mp4,/Users/rajeshpmu/Desktop/LegalMemoCMT/data/processed/phase2/clancy/turn_clips/audio/1tyKO8mTdOM/1tyKO8mTdOM_turn01024.wav,03:07:31.576,03:07:32.101,0.600,REJECTED,Duration outlier: outside 0.8-30 second MELD-style range
1tyKO8mTdOM_turn01030,1tyKO8mTdOM,https://www.youtube.com/live/1tyKO8mTdOM,LIVE: Lindsay Clancy trial Day 15,/Users/rajeshpmu/Desktop/LegalMemoCMT/data/phase2/clancy/corpus/raw/live-lindsay-clancy-trial-day-15/live-lindsay-clancy-trial-day-15_1tyKO8mTdOM.mp4,/Users/rajeshpmu/Desktop/LegalMemoCMT/data/phase2/clancy/corpus/raw/live-lindsay-clancy-trial-day-15/live-lindsay-clancy-trial-day-15_1tyKO8mTdOM.en.vtt,/Users/rajeshpmu/Desktop/LegalMemoCMT/data/processed/phase2/clancy/turn_clips/video/1tyKO8mTdOM/1tyKO8mTdOM_turn01030.mp4,/Users/rajeshpmu/Desktop/LegalMemoCMT/data/processed/phase2/clancy/turn_clips/audio/1tyKO8mTdOM/1tyKO8mTdOM_turn01030.wav,03:07:58.119,03:08:29.150,31.031,REJECTED,Duration outlier: outside 0.8-30 second MELD-style range
1tyKO8mTdOM_turn01042,1tyKO8mTdOM,https://www.youtube.com/live/1tyKO8mTdOM,LIVE: Lindsay Clancy trial Day 15,/Users/rajeshpmu/Desktop/LegalMemoCMT/data/phase2/clancy/corpus/raw/live-lindsay-clancy-trial-day-15/live-lindsay-clancy-trial-day-15_1tyKO8mTdOM.mp4,/Users/rajeshpmu/Desktop/LegalMemoCMT/data/phase2/clancy/corpus/raw/live-lindsay-clancy-trial-day-15/live-lindsay-clancy-trial-day-15_1tyKO8mTdOM.en.vtt,/Users/rajeshpmu/Desktop/LegalMemoCMT/data/processed/phase2/clancy/turn_clips/video/1tyKO8mTdOM/1tyKO8mTdOM_turn01042.mp4,/Users/rajeshpmu/Desktop/LegalMemoCMT/data/processed/phase2/clancy/turn_clips/audio/1tyKO8mTdOM/1tyKO8mTdOM_turn01042.wav,03:09:57.594,03:09:58.343,0.749,REJECTED,Duration outlier: outside 0.8-30 second MELD-style range
1tyKO8mTdOM_turn01049,1tyKO8mTdOM,https://www.youtube.com/live/1tyKO8mTdOM,LIVE: Lindsay Clancy trial Day 15,/Users/rajeshpmu/Desktop/LegalMemoCMT/data/phase2/clancy/corpus/raw/live-lindsay-clancy-trial-day-15/live-lindsay-clancy-trial-day-15_1tyKO8mTdOM.mp4,/Users/rajeshpmu/Desktop/LegalMemoCMT/data/phase2/clancy/corpus/raw/live-lindsay-clancy-trial-day-15/live-lindsay-clancy-trial-day-15_1tyKO8mTdOM.en.vtt,/Users/rajeshpmu/Desktop/LegalMemoCMT/data/processed/phase2/clancy/turn_clips/video/1tyKO8mTdOM/1tyKO8mTdOM_turn01049.mp4,/Users/rajeshpmu/Desktop/LegalMemoCMT/data/processed/phase2/clancy/turn_clips/audio/1tyKO8mTdOM/1tyKO8mTdOM_turn01049.wav,03:15:46.933,03:15:47.403,0.600,REJECTED,Duration outlier: outside 0.8-30 second MELD-style range
1tyKO8mTdOM_turn01052,1tyKO8mTdOM,https://www.youtube.com/live/1tyKO8mTdOM,LIVE: Lindsay Clancy trial Day 15,/Users/rajeshpmu/Desktop/LegalMemoCMT/data/phase2/clancy/corpus/raw/live-lindsay-clancy-trial-day-15/live-lindsay-clancy-trial-day-15_1tyKO8mTdOM.mp4,/Users/rajeshpmu/Desktop/LegalMemoCMT/data/phase2/clancy/corpus/raw/live-lindsay-clancy-trial-day-15/live-lindsay-clancy-trial-day-15_1tyKO8mTdOM.en.vtt,/Users/rajeshpmu/Desktop/LegalMemoCMT/data/processed/phase2/clancy/turn_clips/video/1tyKO8mTdOM/1tyKO8mTdOM_turn01052.mp4,/Users/rajeshpmu/Desktop/LegalMemoCMT/data/processed/phase2/clancy/turn_clips/audio/1tyKO8mTdOM/1tyKO8mTdOM_turn01052.wav,03:16:19.386,03:16:19.970,0.600,REJECTED,Duration outlier: outside 0.8-30 second MELD-style range
1tyKO8mTdOM_turn01063,1tyKO8mTdOM,https://www.youtube.com/live/1tyKO8mTdOM,LIVE: Lindsay Clancy trial Day 15,/Users/rajeshpmu/Desktop/LegalMemoCMT/data/phase2/clancy/corpus/raw/live-lindsay-clancy-trial-day-15/live-lindsay-clancy-trial-day-15_1tyKO8mTdOM.mp4,/Users/rajeshpmu/Desktop/LegalMemoCMT/data/phase2/clancy/corpus/raw/live-lindsay-clancy-trial-day-15/live-lindsay-clancy-trial-day-15_1tyKO8mTdOM.en.vtt,/Users/rajeshpmu/Desktop/LegalMemoCMT/data/processed/phase2/clancy/turn_clips/video/1tyKO8mTdOM/1tyKO8mTdOM_turn01063.mp4,/Users/rajeshpmu/Desktop/LegalMemoCMT/data/processed/phase2/clancy/turn_clips/audio/1tyKO8mTdOM/1tyKO8mTdOM_turn01063.wav,03:17:25.159,03:17:25.491,0.600,REJECTED,Duration outlier: outside 0.8-30 second MELD-style range
1tyKO8mTdOM_turn01065,1tyKO8mTdOM,https://www.youtube.com/live/1tyKO8mTdOM,LIVE: Lindsay Clancy trial Day 15,/Users/rajeshpmu/Desktop/LegalMemoCMT/data/phase2/clancy/corpus/raw/live-lindsay-clancy-trial-day-15/live-lindsay-clancy-trial-day-15_1tyKO8mTdOM.mp4,/Users/rajeshpmu/Desktop/LegalMemoCMT/data/phase2/clancy/corpus/raw/live-lindsay-clancy-trial-day-15/live-lindsay-clancy-trial-day-15_1tyKO8mTdOM.en.vtt,/Users/rajeshpmu/Desktop/LegalMemoCMT/data/processed/phase2/clancy/turn_clips/video/1tyKO8mTdOM/1tyKO8mTdOM_turn01065.mp4,/Users/rajeshpmu/Desktop/LegalMemoCMT/data/processed/phase2/clancy/turn_clips/audio/1tyKO8mTdOM/1tyKO8mTdOM_turn01065.wav,03:17:29.753,03:17:30.430,0.677,REJECTED,Duration outlier: outside 0.8-30 second MELD-style range
1tyKO8mTdOM_turn01074,1tyKO8mTdOM,https://www.youtube.com/live/1tyKO8mTdOM,LIVE: Lindsay Clancy trial Day 15,/Users/rajeshpmu/Desktop/LegalMemoCMT/data/phase2/clancy/corpus/raw/live-lindsay-clancy-trial-day-15/live-lindsay-clancy-trial-day-15_1tyKO8mTdOM.mp4,/Users/rajeshpmu/Desktop/LegalMemoCMT/data/phase2/clancy/corpus/raw/live-lindsay-clancy-trial-day-15/live-lindsay-clancy-trial-day-15_1tyKO8mTdOM.en.vtt,/Users/rajeshpmu/Desktop/LegalMemoCMT/data/processed/phase2/clancy/turn_clips/video/1tyKO8mTdOM/1tyKO8mTdOM_turn01074.mp4,/Users/rajeshpmu/Desktop/LegalMemoCMT/data/processed/phase2/clancy/turn_clips/audio/1tyKO8mTdOM/1tyKO8mTdOM_turn01074.wav,03:18:36.597,03:18:37.069,0.600,REJECTED,Duration outlier: outside 0.8-30 second MELD-style range
1tyKO8mTdOM_turn01078,1tyKO8mTdOM,https://www.youtube.com/live/1tyKO8mTdOM,LIVE: Lindsay Clancy trial Day 15,/Users/rajeshpmu/Desktop/LegalMemoCMT/data/phase2/clancy/corpus/raw/live-lindsay-clancy-trial-day-15/live-lindsay-clancy-trial-day-15_1tyKO8mTdOM.mp4,/Users/rajeshpmu/Desktop/LegalMemoCMT/data/phase2/clancy/corpus/raw/live-lindsay-clancy-trial-day-15/live-lindsay-clancy-trial-day-15_1tyKO8mTdOM.en.vtt,/Users/rajeshpmu/Desktop/LegalMemoCMT/data/processed/phase2/clancy/turn_clips/video/1tyKO8mTdOM/1tyKO8mTdOM_turn01078.mp4,/Users/rajeshpmu/Desktop/LegalMemoCMT/data/processed/phase2/clancy/turn_clips/audio/1tyKO8mTdOM/1tyKO8mTdOM_turn01078.wav,03:18:54.460,03:18:54.697,0.600,REJECTED,Duration outlier: outside 0.8-30 second MELD-style range
1tyKO8mTdOM_turn01080,1tyKO8mTdOM,https://www.youtube.com/live/1tyKO8mTdOM,LIVE: Lindsay Clancy trial Day 15,/Users/rajeshpmu/Desktop/LegalMemoCMT/data/phase2/clancy/corpus/raw/live-lindsay-clancy-trial-day-15/live-lindsay-clancy-trial-day-15_1tyKO8mTdOM.mp4,/Users/rajeshpmu/Desktop/LegalMemoCMT/data/phase2/clancy/corpus/raw/live-lindsay-clancy-trial-day-15/live-lindsay-clancy-trial-day-15_1tyKO8mTdOM.en.vtt,/Users/rajeshpmu/Desktop/LegalMemoCMT/data/processed/phase2/clancy/turn_clips/video/1tyKO8mTdOM/1tyKO8mTdOM_turn01080.mp4,/Users/rajeshpmu/Desktop/LegalMemoCMT/data/processed/phase2/clancy/turn_clips/audio/1tyKO8mTdOM/1tyKO8mTdOM_turn01080.wav,03:19:31.275,03:19:31.848,0.600,REJECTED,Duration outlier: outside 0.8-30 second MELD-style range
1tyKO8mTdOM_turn01087,1tyKO8mTdOM,https://www.youtube.com/live/1tyKO8mTdOM,LIVE: Lindsay Clancy trial Day 15,/Users/rajeshpmu/Desktop/LegalMemoCMT/data/phase2/clancy/corpus/raw/live-lindsay-clancy-trial-day-15/live-lindsay-clancy-trial-day-15_1tyKO8mTdOM.mp4,/Users/rajeshpmu/Desktop/LegalMemoCMT/data/phase2/clancy/corpus/raw/live-lindsay-clancy-trial-day-15/live-lindsay-clancy-trial-day-15_1tyKO8mTdOM.en.vtt,/Users/rajeshpmu/Desktop/LegalMemoCMT/data/processed/phase2/clancy/turn_clips/video/1tyKO8mTdOM/1tyKO8mTdOM_turn01087.mp4,/Users/rajeshpmu/Desktop/LegalMemoCMT/data/processed/phase2/clancy/turn_clips/audio/1tyKO8mTdOM/1tyKO8mTdOM_turn01087.wav,03:21:12.893,03:21:13.677,0.784,REJECTED,Duration outlier: outside 0.8-30 second MELD-style range
1tyKO8mTdOM_turn01102,1tyKO8mTdOM,https://www.youtube.com/live/1tyKO8mTdOM,LIVE: Lindsay Clancy trial Day 15,/Users/rajeshpmu/Desktop/LegalMemoCMT/data/phase2/clancy/corpus/raw/live-lindsay-clancy-trial-day-15/live-lindsay-clancy-trial-day-15_1tyKO8mTdOM.mp4,/Users/rajeshpmu/Desktop/LegalMemoCMT/data/phase2/clancy/corpus/raw/live-lindsay-clancy-trial-day-15/live-lindsay-clancy-trial-day-15_1tyKO8mTdOM.en.vtt,/Users/rajeshpmu/Desktop/LegalMemoCMT/data/processed/phase2/clancy/turn_clips/video/1tyKO8mTdOM/1tyKO8mTdOM_turn01102.mp4,/Users/rajeshpmu/Desktop/LegalMemoCMT/data/processed/phase2/clancy/turn_clips/audio/1tyKO8mTdOM/1tyKO8mTdOM_turn01102.wav,03:22:36.177,03:22:36.496,0.600,REJECTED,Duration outlier: outside 0.8-30 second MELD-style range
1tyKO8mTdOM_turn01104,1tyKO8mTdOM,https://www.youtube.com/live/1tyKO8mTdOM,LIVE: Lindsay Clancy trial Day 15,/Users/rajeshpmu/Desktop/LegalMemoCMT/data/phase2/clancy/corpus/raw/live-lindsay-clancy-trial-day-15/live-lindsay-clancy-trial-day-15_1tyKO8mTdOM.mp4,/Users/rajeshpmu/Desktop/LegalMemoCMT/data/phase2/clancy/corpus/raw/live-lindsay-clancy-trial-day-15/live-lindsay-clancy-trial-day-15_1tyKO8mTdOM.en.vtt,/Users/rajeshpmu/Desktop/LegalMemoCMT/data/processed/phase2/clancy/turn_clips/video/1tyKO8mTdOM/1tyKO8mTdOM_turn01104.mp4,/Users/rajeshpmu/Desktop/LegalMemoCMT/data/processed/phase2/clancy/turn_clips/audio/1tyKO8mTdOM/1tyKO8mTdOM_turn01104.wav,03:22:37.752,03:22:38.149,0.600,REJECTED,Duration outlier: outside 0.8-30 second MELD-style range
1tyKO8mTdOM_turn01106,1tyKO8mTdOM,https://www.youtube.com/live/1tyKO8mTdOM,LIVE: Lindsay Clancy trial Day 15,/Users/rajeshpmu/Desktop/LegalMemoCMT/data/phase2/clancy/corpus/raw/live-lindsay-clancy-trial-day-15/live-lindsay-clancy-trial-day-15_1tyKO8mTdOM.mp4,/Users/rajeshpmu/Desktop/LegalMemoCMT/data/phase2/clancy/corpus/raw/live-lindsay-clancy-trial-day-15/live-lindsay-clancy-trial-day-15_1tyKO8mTdOM.en.vtt,/Users/rajeshpmu/Desktop/LegalMemoCMT/data/processed/phase2/clancy/turn_clips/video/1tyKO8mTdOM/1tyKO8mTdOM_turn01106.mp4,/Users/rajeshpmu/Desktop/LegalMemoCMT/data/processed/phase2/clancy/turn_clips/audio/1tyKO8mTdOM/1tyKO8mTdOM_turn01106.wav,03:22:40.240,03:22:40.618,0.600,REJECTED,Duration outlier: outside 0.8-30 second MELD-style range
1tyKO8mTdOM_turn01116,1tyKO8mTdOM,https://www.youtube.com/live/1tyKO8mTdOM,LIVE: Lindsay Clancy trial Day 15,/Users/rajeshpmu/Desktop/LegalMemoCMT/data/phase2/clancy/corpus/raw/live-lindsay-clancy-trial-day-15/live-lindsay-clancy-trial-day-15_1tyKO8mTdOM.mp4,/Users/rajeshpmu/Desktop/LegalMemoCMT/data/phase2/clancy/corpus/raw/live-lindsay-clancy-trial-day-15/live-lindsay-clancy-trial-day-15_1tyKO8mTdOM.en.vtt,/Users/rajeshpmu/Desktop/LegalMemoCMT/data/processed/phase2/clancy/turn_clips/video/1tyKO8mTdOM/1tyKO8mTdOM_turn01116.mp4,/Users/rajeshpmu/Desktop/LegalMemoCMT/data/processed/phase2/clancy/turn_clips/audio/1tyKO8mTdOM/1tyKO8mTdOM_turn01116.wav,03:24:20.297,03:24:20.649,0.600,REJECTED,Duration outlier: outside 0.8-30 second MELD-style range
1tyKO8mTdOM_turn01118,1tyKO8mTdOM,https://www.youtube.com/live/1tyKO8mTdOM,LIVE: Lindsay Clancy trial Day 15,/Users/rajeshpmu/Desktop/LegalMemoCMT/data/phase2/clancy/corpus/raw/live-lindsay-clancy-trial-day-15/live-lindsay-clancy-trial-day-15_1tyKO8mTdOM.mp4,/Users/rajeshpmu/Desktop/LegalMemoCMT/data/phase2/clancy/corpus/raw/live-lindsay-clancy-trial-day-15/live-lindsay-clancy-trial-day-15_1tyKO8mTdOM.en.vtt,/Users/rajeshpmu/Desktop/LegalMemoCMT/data/processed/phase2/clancy/turn_clips/video/1tyKO8mTdOM/1tyKO8mTdOM_turn01118.mp4,/Users/rajeshpmu/Desktop/LegalMemoCMT/data/processed/phase2/clancy/turn_clips/audio/1tyKO8mTdOM/1tyKO8mTdOM_turn01118.wav,03:24:22.631,03:24:23.052,0.600,REJECTED,Duration outlier: outside 0.8-30 second MELD-style range
1tyKO8mTdOM_turn01120,1tyKO8mTdOM,https://www.youtube.com/live/1tyKO8mTdOM,LIVE: Lindsay Clancy trial Day 15,/Users/rajeshpmu/Desktop/LegalMemoCMT/data/phase2/clancy/corpus/raw/live-lindsay-clancy-trial-day-15/live-lindsay-clancy-trial-day-15_1tyKO8mTdOM.mp4,/Users/rajeshpmu/Desktop/LegalMemoCMT/data/phase2/clancy/corpus/raw/live-lindsay-clancy-trial-day-15/live-lindsay-clancy-trial-day-15_1tyKO8mTdOM.en.vtt,/Users/rajeshpmu/Desktop/LegalMemoCMT/data/processed/phase2/clancy/turn_clips/video/1tyKO8mTdOM/1tyKO8mTdOM_turn01120.mp4,/Users/rajeshpmu/Desktop/LegalMemoCMT/data/processed/phase2/clancy/turn_clips/audio/1tyKO8mTdOM/1tyKO8mTdOM_turn01120.wav,03:24:25.112,03:24:25.438,0.600,REJECTED,Duration outlier: outside 0.8-30 second MELD-style range
1tyKO8mTdOM_turn01122,1tyKO8mTdOM,https://www.youtube.com/live/1tyKO8mTdOM,LIVE: Lindsay Clancy trial Day 15,/Users/rajeshpmu/Desktop/LegalMemoCMT/data/phase2/clancy/corpus/raw/live-lindsay-clancy-trial-day-15/live-lindsay-clancy-trial-day-15_1tyKO8mTdOM.mp4,/Users/rajeshpmu/Desktop/LegalMemoCMT/data/phase2/clancy/corpus/raw/live-lindsay-clancy-trial-day-15/live-lindsay-clancy-trial-day-15_1tyKO8mTdOM.en.vtt,/Users/rajeshpmu/Desktop/LegalMemoCMT/data/processed/phase2/clancy/turn_clips/video/1tyKO8mTdOM/1tyKO8mTdOM_turn01122.mp4,/Users/rajeshpmu/Desktop/LegalMemoCMT/data/processed/phase2/clancy/turn_clips/audio/1tyKO8mTdOM/1tyKO8mTdOM_turn01122.wav,03:24:27.292,03:24:27.935,0.643,REJECTED,Duration outlier: outside 0.8-30 second MELD-style range
1tyKO8mTdOM_turn01123,1tyKO8mTdOM,https://www.youtube.com/live/1tyKO8mTdOM,LIVE: Lindsay Clancy trial Day 15,/Users/rajeshpmu/Desktop/LegalMemoCMT/data/phase2/clancy/corpus/raw/live-lindsay-clancy-trial-day-15/live-lindsay-clancy-trial-day-15_1tyKO8mTdOM.mp4,/Users/rajeshpmu/Desktop/LegalMemoCMT/data/phase2/clancy/corpus/raw/live-lindsay-clancy-trial-day-15/live-lindsay-clancy-trial-day-15_1tyKO8mTdOM.en.vtt,/Users/rajeshpmu/Desktop/LegalMemoCMT/data/processed/phase2/clancy/turn_clips/video/1tyKO8mTdOM/1tyKO8mTdOM_turn01123.mp4,/Users/rajeshpmu/Desktop/LegalMemoCMT/data/processed/phase2/clancy/turn_clips/audio/1tyKO8mTdOM/1tyKO8mTdOM_turn01123.wav,03:24:27.935,03:25:16.796,48.861,REJECTED,Duration outlier: outside 0.8-30 second MELD-style range
1tyKO8mTdOM_turn01128,1tyKO8mTdOM,https://www.youtube.com/live/1tyKO8mTdOM,LIVE: Lindsay Clancy trial Day 15,/Users/rajeshpmu/Desktop/LegalMemoCMT/data/phase2/clancy/corpus/raw/live-lindsay-clancy-trial-day-15/live-lindsay-clancy-trial-day-15_1tyKO8mTdOM.mp4,/Users/rajeshpmu/Desktop/LegalMemoCMT/data/phase2/clancy/corpus/raw/live-lindsay-clancy-trial-day-15/live-lindsay-clancy-trial-day-15_1tyKO8mTdOM.en.vtt,/Users/rajeshpmu/Desktop/LegalMemoCMT/data/processed/phase2/clancy/turn_clips/video/1tyKO8mTdOM/1tyKO8mTdOM_turn01128.mp4,/Users/rajeshpmu/Desktop/LegalMemoCMT/data/processed/phase2/clancy/turn_clips/audio/1tyKO8mTdOM/1tyKO8mTdOM_turn01128.wav,03:26:01.353,03:26:01.928,0.600,REJECTED,Duration outlier: outside 0.8-30 second MELD-style range
1tyKO8mTdOM_turn01134,1tyKO8mTdOM,https://www.youtube.com/live/1tyKO8mTdOM,LIVE: Lindsay Clancy trial Day 15,/Users/rajeshpmu/Desktop/LegalMemoCMT/data/phase2/clancy/corpus/raw/live-lindsay-clancy-trial-day-15/live-lindsay-clancy-trial-day-15_1tyKO8mTdOM.mp4,/Users/rajeshpmu/Desktop/LegalMemoCMT/data/phase2/clancy/corpus/raw/live-lindsay-clancy-trial-day-15/live-lindsay-clancy-trial-day-15_1tyKO8mTdOM.en.vtt,/Users/rajeshpmu/Desktop/LegalMemoCMT/data/processed/phase2/clancy/turn_clips/video/1tyKO8mTdOM/1tyKO8mTdOM_turn01134.mp4,/Users/rajeshpmu/Desktop/LegalMemoCMT/data/processed/phase2/clancy/turn_clips/audio/1tyKO8mTdOM/1tyKO8mTdOM_turn01134.wav,03:26:24.892,03:26:25.330,0.600,REJECTED,Duration outlier: outside 0.8-30 second MELD-style range
1tyKO8mTdOM_turn01144,1tyKO8mTdOM,https://www.youtube.com/live/1tyKO8mTdOM,LIVE: Lindsay Clancy trial Day 15,/Users/rajeshpmu/Desktop/LegalMemoCMT/data/phase2/clancy/corpus/raw/live-lindsay-clancy-trial-day-15/live-lindsay-clancy-trial-day-15_1tyKO8mTdOM.mp4,/Users/rajeshpmu/Desktop/LegalMemoCMT/data/phase2/clancy/corpus/raw/live-lindsay-clancy-trial-day-15/live-lindsay-clancy-trial-day-15_1tyKO8mTdOM.en.vtt,/Users/rajeshpmu/Desktop/LegalMemoCMT/data/processed/phase2/clancy/turn_clips/video/1tyKO8mTdOM/1tyKO8mTdOM_turn01144.mp4,/Users/rajeshpmu/Desktop/LegalMemoCMT/data/processed/phase2/clancy/turn_clips/audio/1tyKO8mTdOM/1tyKO8mTdOM_turn01144.wav,03:27:07.832,03:27:08.475,0.643,REJECTED,Duration outlier: outside 0.8-30 second MELD-style range
1tyKO8mTdOM_turn01157,1tyKO8mTdOM,https://www.youtube.com/live/1tyKO8mTdOM,LIVE: Lindsay Clancy trial Day 15,/Users/rajeshpmu/Desktop/LegalMemoCMT/data/phase2/clancy/corpus/raw/live-lindsay-clancy-trial-day-15/live-lindsay-clancy-trial-day-15_1tyKO8mTdOM.mp4,/Users/rajeshpmu/Desktop/LegalMemoCMT/data/phase2/clancy/corpus/raw/live-lindsay-clancy-trial-day-15/live-lindsay-clancy-trial-day-15_1tyKO8mTdOM.en.vtt,/Users/rajeshpmu/Desktop/LegalMemoCMT/data/processed/phase2/clancy/turn_clips/video/1tyKO8mTdOM/1tyKO8mTdOM_turn01157.mp4,/Users/rajeshpmu/Desktop/LegalMemoCMT/data/processed/phase2/clancy/turn_clips/audio/1tyKO8mTdOM/1tyKO8mTdOM_turn01157.wav,03:30:02.616,03:30:03.143,0.600,REJECTED,Duration outlier: outside 0.8-30 second MELD-style range
1tyKO8mTdOM_turn01165,1tyKO8mTdOM,https://www.youtube.com/live/1tyKO8mTdOM,LIVE: Lindsay Clancy trial Day 15,/Users/rajeshpmu/Desktop/LegalMemoCMT/data/phase2/clancy/corpus/raw/live-lindsay-clancy-trial-day-15/live-lindsay-clancy-trial-day-15_1tyKO8mTdOM.mp4,/Users/rajeshpmu/Desktop/LegalMemoCMT/data/phase2/clancy/corpus/raw/live-lindsay-clancy-trial-day-15/live-lindsay-clancy-trial-day-15_1tyKO8mTdOM.en.vtt,/Users/rajeshpmu/Desktop/LegalMemoCMT/data/processed/phase2/clancy/turn_clips/video/1tyKO8mTdOM/1tyKO8mTdOM_turn01165.mp4,/Users/rajeshpmu/Desktop/LegalMemoCMT/data/processed/phase2/clancy/turn_clips/audio/1tyKO8mTdOM/1tyKO8mTdOM_turn01165.wav,03:30:57.751,03:30:58.307,0.600,REJECTED,Duration outlier: outside 0.8-30 second MELD-style range
1tyKO8mTdOM_turn01174,1tyKO8mTdOM,https://www.youtube.com/live/1tyKO8mTdOM,LIVE: Lindsay Clancy trial Day 15,/Users/rajeshpmu/Desktop/LegalMemoCMT/data/phase2/clancy/corpus/raw/live-lindsay-clancy-trial-day-15/live-lindsay-clancy-trial-day-15_1tyKO8mTdOM.mp4,/Users/rajeshpmu/Desktop/LegalMemoCMT/data/phase2/clancy/corpus/raw/live-lindsay-clancy-trial-day-15/live-lindsay-clancy-trial-day-15_1tyKO8mTdOM.en.vtt,/Users/rajeshpmu/Desktop/LegalMemoCMT/data/processed/phase2/clancy/turn_clips/video/1tyKO8mTdOM/1tyKO8mTdOM_turn01174.mp4,/Users/rajeshpmu/Desktop/LegalMemoCMT/data/processed/phase2/clancy/turn_clips/audio/1tyKO8mTdOM/1tyKO8mTdOM_turn01174.wav,03:31:47.761,03:31:48.118,0.600,REJECTED,Duration outlier: outside 0.8-30 second MELD-style range
1tyKO8mTdOM_turn01183,1tyKO8mTdOM,https://www.youtube.com/live/1tyKO8mTdOM,LIVE: Lindsay Clancy trial Day 15,/Users/rajeshpmu/Desktop/LegalMemoCMT/data/phase2/clancy/corpus/raw/live-lindsay-clancy-trial-day-15/live-lindsay-clancy-trial-day-15_1tyKO8mTdOM.mp4,/Users/rajeshpmu/Desktop/LegalMemoCMT/data/phase2/clancy/corpus/raw/live-lindsay-clancy-trial-day-15/live-lindsay-clancy-trial-day-15_1tyKO8mTdOM.en.vtt,/Users/rajeshpmu/Desktop/LegalMemoCMT/data/processed/phase2/clancy/turn_clips/video/1tyKO8mTdOM/1tyKO8mTdOM_turn01183.mp4,/Users/rajeshpmu/Desktop/LegalMemoCMT/data/processed/phase2/clancy/turn_clips/audio/1tyKO8mTdOM/1tyKO8mTdOM_turn01183.wav,03:32:14.311,03:32:14.701,0.600,REJECTED,Duration outlier: outside 0.8-30 second MELD-style range
1tyKO8mTdOM_turn01191,1tyKO8mTdOM,https://www.youtube.com/live/1tyKO8mTdOM,LIVE: Lindsay Clancy trial Day 15,/Users/rajeshpmu/Desktop/LegalMemoCMT/data/phase2/clancy/corpus/raw/live-lindsay-clancy-trial-day-15/live-lindsay-clancy-trial-day-15_1tyKO8mTdOM.mp4,/Users/rajeshpmu/Desktop/LegalMemoCMT/data/phase2/clancy/corpus/raw/live-lindsay-clancy-trial-day-15/live-lindsay-clancy-trial-day-15_1tyKO8mTdOM.en.vtt,/Users/rajeshpmu/Desktop/LegalMemoCMT/data/processed/phase2/clancy/turn_clips/video/1tyKO8mTdOM/1tyKO8mTdOM_turn01191.mp4,/Users/rajeshpmu/Desktop/LegalMemoCMT/data/processed/phase2/clancy/turn_clips/audio/1tyKO8mTdOM/1tyKO8mTdOM_turn01191.wav,03:32:46.734,03:32:47.137,0.600,REJECTED,Duration outlier: outside 0.8-30 second MELD-style range
1tyKO8mTdOM_turn01200,1tyKO8mTdOM,https://www.youtube.com/live/1tyKO8mTdOM,LIVE: Lindsay Clancy trial Day 15,/Users/rajeshpmu/Desktop/LegalMemoCMT/data/phase2/clancy/corpus/raw/live-lindsay-clancy-trial-day-15/live-lindsay-clancy-trial-day-15_1tyKO8mTdOM.mp4,/Users/rajeshpmu/Desktop/LegalMemoCMT/data/phase2/clancy/corpus/raw/live-lindsay-clancy-trial-day-15/live-lindsay-clancy-trial-day-15_1tyKO8mTdOM.en.vtt,/Users/rajeshpmu/Desktop/LegalMemoCMT/data/processed/phase2/clancy/turn_clips/video/1tyKO8mTdOM/1tyKO8mTdOM_turn01200.mp4,/Users/rajeshpmu/Desktop/LegalMemoCMT/data/processed/phase2/clancy/turn_clips/audio/1tyKO8mTdOM/1tyKO8mTdOM_turn01200.wav,03:33:14.984,03:33:15.501,0.600,REJECTED,Duration outlier: outside 0.8-30 second MELD-style range
1tyKO8mTdOM_turn01213,1tyKO8mTdOM,https://www.youtube.com/live/1tyKO8mTdOM,LIVE: Lindsay Clancy trial Day 15,/Users/rajeshpmu/Desktop/LegalMemoCMT/data/phase2/clancy/corpus/raw/live-lindsay-clancy-trial-day-15/live-lindsay-clancy-trial-day-15_1tyKO8mTdOM.mp4,/Users/rajeshpmu/Desktop/LegalMemoCMT/data/phase2/clancy/corpus/raw/live-lindsay-clancy-trial-day-15/live-lindsay-clancy-trial-day-15_1tyKO8mTdOM.en.vtt,/Users/rajeshpmu/Desktop/LegalMemoCMT/data/processed/phase2/clancy/turn_clips/video/1tyKO8mTdOM/1tyKO8mTdOM_turn01213.mp4,/Users/rajeshpmu/Desktop/LegalMemoCMT/data/processed/phase2/clancy/turn_clips/audio/1tyKO8mTdOM/1tyKO8mTdOM_turn01213.wav,03:33:58.795,03:33:59.262,0.600,REJECTED,Duration outlier: outside 0.8-30 second MELD-style range
1tyKO8mTdOM_turn01217,1tyKO8mTdOM,https://www.youtube.com/live/1tyKO8mTdOM,LIVE: Lindsay Clancy trial Day 15,/Users/rajeshpmu/Desktop/LegalMemoCMT/data/phase2/clancy/corpus/raw/live-lindsay-clancy-trial-day-15/live-lindsay-clancy-trial-day-15_1tyKO8mTdOM.mp4,/Users/rajeshpmu/Desktop/LegalMemoCMT/data/phase2/clancy/corpus/raw/live-lindsay-clancy-trial-day-15/live-lindsay-clancy-trial-day-15_1tyKO8mTdOM.en.vtt,/Users/rajeshpmu/Desktop/LegalMemoCMT/data/processed/phase2/clancy/turn_clips/video/1tyKO8mTdOM/1tyKO8mTdOM_turn01217.mp4,/Users/rajeshpmu/Desktop/LegalMemoCMT/data/processed/phase2/clancy/turn_clips/audio/1tyKO8mTdOM/1tyKO8mTdOM_turn01217.wav,03:34:03.797,03:34:04.123,0.600,REJECTED,Duration outlier: outside 0.8-30 second MELD-style range
1tyKO8mTdOM_turn01226,1tyKO8mTdOM,https://www.youtube.com/live/1tyKO8mTdOM,LIVE: Lindsay Clancy trial Day 15,/Users/rajeshpmu/Desktop/LegalMemoCMT/data/phase2/clancy/corpus/raw/live-lindsay-clancy-trial-day-15/live-lindsay-clancy-trial-day-15_1tyKO8mTdOM.mp4,/Users/rajeshpmu/Desktop/LegalMemoCMT/data/phase2/clancy/corpus/raw/live-lindsay-clancy-trial-day-15/live-lindsay-clancy-trial-day-15_1tyKO8mTdOM.en.vtt,/Users/rajeshpmu/Desktop/LegalMemoCMT/data/processed/phase2/clancy/turn_clips/video/1tyKO8mTdOM/1tyKO8mTdOM_turn01226.mp4,/Users/rajeshpmu/Desktop/LegalMemoCMT/data/processed/phase2/clancy/turn_clips/audio/1tyKO8mTdOM/1tyKO8mTdOM_turn01226.wav,03:35:29.860,03:35:30.330,0.600,REJECTED,Duration outlier: outside 0.8-30 second MELD-style range
1tyKO8mTdOM_turn01229,1tyKO8mTdOM,https://www.youtube.com/live/1tyKO8mTdOM,LIVE: Lindsay Clancy trial Day 15,/Users/rajeshpmu/Desktop/LegalMemoCMT/data/phase2/clancy/corpus/raw/live-lindsay-clancy-trial-day-15/live-lindsay-clancy-trial-day-15_1tyKO8mTdOM.mp4,/Users/rajeshpmu/Desktop/LegalMemoCMT/data/phase2/clancy/corpus/raw/live-lindsay-clancy-trial-day-15/live-lindsay-clancy-trial-day-15_1tyKO8mTdOM.en.vtt,/Users/rajeshpmu/Desktop/LegalMemoCMT/data/processed/phase2/clancy/turn_clips/video/1tyKO8mTdOM/1tyKO8mTdOM_turn01229.mp4,/Users/rajeshpmu/Desktop/LegalMemoCMT/data/processed/phase2/clancy/turn_clips/audio/1tyKO8mTdOM/1tyKO8mTdOM_turn01229.wav,03:35:45.202,03:35:45.834,0.632,REJECTED,Duration outlier: outside 0.8-30 second MELD-style range
1tyKO8mTdOM_turn01235,1tyKO8mTdOM,https://www.youtube.com/live/1tyKO8mTdOM,LIVE: Lindsay Clancy trial Day 15,/Users/rajeshpmu/Desktop/LegalMemoCMT/data/phase2/clancy/corpus/raw/live-lindsay-clancy-trial-day-15/live-lindsay-clancy-trial-day-15_1tyKO8mTdOM.mp4,/Users/rajeshpmu/Desktop/LegalMemoCMT/data/phase2/clancy/corpus/raw/live-lindsay-clancy-trial-day-15/live-lindsay-clancy-trial-day-15_1tyKO8mTdOM.en.vtt,/Users/rajeshpmu/Desktop/LegalMemoCMT/data/processed/phase2/clancy/turn_clips/video/1tyKO8mTdOM/1tyKO8mTdOM_turn01235.mp4,/Users/rajeshpmu/Desktop/LegalMemoCMT/data/processed/phase2/clancy/turn_clips/audio/1tyKO8mTdOM/1tyKO8mTdOM_turn01235.wav,03:36:07.236,03:36:07.525,0.600,REJECTED,Duration outlier: outside 0.8-30 second MELD-style range
1tyKO8mTdOM_turn01247,1tyKO8mTdOM,https://www.youtube.com/live/1tyKO8mTdOM,LIVE: Lindsay Clancy trial Day 15,/Users/rajeshpmu/Desktop/LegalMemoCMT/data/phase2/clancy/corpus/raw/live-lindsay-clancy-trial-day-15/live-lindsay-clancy-trial-day-15_1tyKO8mTdOM.mp4,/Users/rajeshpmu/Desktop/LegalMemoCMT/data/phase2/clancy/corpus/raw/live-lindsay-clancy-trial-day-15/live-lindsay-clancy-trial-day-15_1tyKO8mTdOM.en.vtt,/Users/rajeshpmu/Desktop/LegalMemoCMT/data/processed/phase2/clancy/turn_clips/video/1tyKO8mTdOM/1tyKO8mTdOM_turn01247.mp4,/Users/rajeshpmu/Desktop/LegalMemoCMT/data/processed/phase2/clancy/turn_clips/audio/1tyKO8mTdOM/1tyKO8mTdOM_turn01247.wav,03:36:59.152,03:36:59.478,0.600,REJECTED,Duration outlier: outside 0.8-30 second MELD-style range
1tyKO8mTdOM_turn01255,1tyKO8mTdOM,https://www.youtube.com/live/1tyKO8mTdOM,LIVE: Lindsay Clancy trial Day 15,/Users/rajeshpmu/Desktop/LegalMemoCMT/data/phase2/clancy/corpus/raw/live-lindsay-clancy-trial-day-15/live-lindsay-clancy-trial-day-15_1tyKO8mTdOM.mp4,/Users/rajeshpmu/Desktop/LegalMemoCMT/data/phase2/clancy/corpus/raw/live-lindsay-clancy-trial-day-15/live-lindsay-clancy-trial-day-15_1tyKO8mTdOM.en.vtt,/Users/rajeshpmu/Desktop/LegalMemoCMT/data/processed/phase2/clancy/turn_clips/video/1tyKO8mTdOM/1tyKO8mTdOM_turn01255.mp4,/Users/rajeshpmu/Desktop/LegalMemoCMT/data/processed/phase2/clancy/turn_clips/audio/1tyKO8mTdOM/1tyKO8mTdOM_turn01255.wav,03:37:53.247,03:37:53.726,0.600,REJECTED,Duration outlier: outside 0.8-30 second MELD-style range
1tyKO8mTdOM_turn01265,1tyKO8mTdOM,https://www.youtube.com/live/1tyKO8mTdOM,LIVE: Lindsay Clancy trial Day 15,/Users/rajeshpmu/Desktop/LegalMemoCMT/data/phase2/clancy/corpus/raw/live-lindsay-clancy-trial-day-15/live-lindsay-clancy-trial-day-15_1tyKO8mTdOM.mp4,/Users/rajeshpmu/Desktop/LegalMemoCMT/data/phase2/clancy/corpus/raw/live-lindsay-clancy-trial-day-15/live-lindsay-clancy-trial-day-15_1tyKO8mTdOM.en.vtt,/Users/rajeshpmu/Desktop/LegalMemoCMT/data/processed/phase2/clancy/turn_clips/video/1tyKO8mTdOM/1tyKO8mTdOM_turn01265.mp4,/Users/rajeshpmu/Desktop/LegalMemoCMT/data/processed/phase2/clancy/turn_clips/audio/1tyKO8mTdOM/1tyKO8mTdOM_turn01265.wav,03:39:56.252,03:39:56.728,0.600,REJECTED,Duration outlier: outside 0.8-30 second MELD-style range
1tyKO8mTdOM_turn01269,1tyKO8mTdOM,https://www.youtube.com/live/1tyKO8mTdOM,LIVE: Lindsay Clancy trial Day 15,/Users/rajeshpmu/Desktop/LegalMemoCMT/data/phase2/clancy/corpus/raw/live-lindsay-clancy-trial-day-15/live-lindsay-clancy-trial-day-15_1tyKO8mTdOM.mp4,/Users/rajeshpmu/Desktop/LegalMemoCMT/data/phase2/clancy/corpus/raw/live-lindsay-clancy-trial-day-15/live-lindsay-clancy-trial-day-15_1tyKO8mTdOM.en.vtt,/Users/rajeshpmu/Desktop/LegalMemoCMT/data/processed/phase2/clancy/turn_clips/video/1tyKO8mTdOM/1tyKO8mTdOM_turn01269.mp4,/Users/rajeshpmu/Desktop/LegalMemoCMT/data/processed/phase2/clancy/turn_clips/audio/1tyKO8mTdOM/1tyKO8mTdOM_turn01269.wav,03:40:44.005,03:40:44.383,0.600,REJECTED,Duration outlier: outside 0.8-30 second MELD-style range
1tyKO8mTdOM_turn01272,1tyKO8mTdOM,https://www.youtube.com/live/1tyKO8mTdOM,LIVE: Lindsay Clancy trial Day 15,/Users/rajeshpmu/Desktop/LegalMemoCMT/data/phase2/clancy/corpus/raw/live-lindsay-clancy-trial-day-15/live-lindsay-clancy-trial-day-15_1tyKO8mTdOM.mp4,/Users/rajeshpmu/Desktop/LegalMemoCMT/data/phase2/clancy/corpus/raw/live-lindsay-clancy-trial-day-15/live-lindsay-clancy-trial-day-15_1tyKO8mTdOM.en.vtt,/Users/rajeshpmu/Desktop/LegalMemoCMT/data/processed/phase2/clancy/turn_clips/video/1tyKO8mTdOM/1tyKO8mTdOM_turn01272.mp4,/Users/rajeshpmu/Desktop/LegalMemoCMT/data/processed/phase2/clancy/turn_clips/audio/1tyKO8mTdOM/1tyKO8mTdOM_turn01272.wav,03:41:11.411,03:41:12.133,0.722,REJECTED,Duration outlier: outside 0.8-30 second MELD-style range
1tyKO8mTdOM_turn01274,1tyKO8mTdOM,https://www.youtube.com/live/1tyKO8mTdOM,LIVE: Lindsay Clancy trial Day 15,/Users/rajeshpmu/Desktop/LegalMemoCMT/data/phase2/clancy/corpus/raw/live-lindsay-clancy-trial-day-15/live-lindsay-clancy-trial-day-15_1tyKO8mTdOM.mp4,/Users/rajeshpmu/Desktop/LegalMemoCMT/data/phase2/clancy/corpus/raw/live-lindsay-clancy-trial-day-15/live-lindsay-clancy-trial-day-15_1tyKO8mTdOM.en.vtt,/Users/rajeshpmu/Desktop/LegalMemoCMT/data/processed/phase2/clancy/turn_clips/video/1tyKO8mTdOM/1tyKO8mTdOM_turn01274.mp4,/Users/rajeshpmu/Desktop/LegalMemoCMT/data/processed/phase2/clancy/turn_clips/audio/1tyKO8mTdOM/1tyKO8mTdOM_turn01274.wav,03:41:13.541,03:41:13.768,0.600,REJECTED,Duration outlier: outside 0.8-30 second MELD-style range
1tyKO8mTdOM_turn01276,1tyKO8mTdOM,https://www.youtube.com/live/1tyKO8mTdOM,LIVE: Lindsay Clancy trial Day 15,/Users/rajeshpmu/Desktop/LegalMemoCMT/data/phase2/clancy/corpus/raw/live-lindsay-clancy-trial-day-15/live-lindsay-clancy-trial-day-15_1tyKO8mTdOM.mp4,/Users/rajeshpmu/Desktop/LegalMemoCMT/data/phase2/clancy/corpus/raw/live-lindsay-clancy-trial-day-15/live-lindsay-clancy-trial-day-15_1tyKO8mTdOM.en.vtt,/Users/rajeshpmu/Desktop/LegalMemoCMT/data/processed/phase2/clancy/turn_clips/video/1tyKO8mTdOM/1tyKO8mTdOM_turn01276.mp4,/Users/rajeshpmu/Desktop/LegalMemoCMT/data/processed/phase2/clancy/turn_clips/audio/1tyKO8mTdOM/1tyKO8mTdOM_turn01276.wav,03:41:16.780,03:41:17.021,0.600,REJECTED,Duration outlier: outside 0.8-30 second MELD-style range
93sfJyLzhqM_turn01302,93sfJyLzhqM,https://www.youtube.com/live/93sfJyLzhqM,LIVE: MA v. Lindsay Clancy - Day 8 | Accused Killer Mom Trial,/Users/rajeshpmu/Desktop/LegalMemoCMT/data/phase2/clancy/corpus/raw/live-ma-v-lindsay-clancy-day-8-accused-killer-mom-trial/live-ma-v-lindsay-clancy-day-8-accused-killer-mom-trial_93sfJyLzhqM.mp4,/Users/rajeshpmu/Desktop/LegalMemoCMT/data/phase2/clancy/corpus/raw/live-ma-v-lindsay-clancy-day-8-accused-killer-mom-trial/live-ma-v-lindsay-clancy-day-8-accused-killer-mom-trial_93sfJyLzhqM.en.vtt,/Users/rajeshpmu/Desktop/LegalMemoCMT/data/processed/phase2/clancy/turn_clips/video/93sfJyLzhqM/93sfJyLzhqM_turn01302.mp4,/Users/rajeshpmu/Desktop/LegalMemoCMT/data/processed/phase2/clancy/turn_clips/audio/93sfJyLzhqM/93sfJyLzhqM_turn01302.wav,00:43:59.568,00:44:00.359,0.791,REJECTED,Duration outlier: outside 0.8-30 second MELD-style range
93sfJyLzhqM_turn01316,93sfJyLzhqM,https://www.youtube.com/live/93sfJyLzhqM,LIVE: MA v. Lindsay Clancy - Day 8 | Accused Killer Mom Trial,/Users/rajeshpmu/Desktop/LegalMemoCMT/data/phase2/clancy/corpus/raw/live-ma-v-lindsay-clancy-day-8-accused-killer-mom-trial/live-ma-v-lindsay-clancy-day-8-accused-killer-mom-trial_93sfJyLzhqM.mp4,/Users/rajeshpmu/Desktop/LegalMemoCMT/data/phase2/clancy/corpus/raw/live-ma-v-lindsay-clancy-day-8-accused-killer-mom-trial/live-ma-v-lindsay-clancy-day-8-accused-killer-mom-trial_93sfJyLzhqM.en.vtt,/Users/rajeshpmu/Desktop/LegalMemoCMT/data/processed/phase2/clancy/turn_clips/video/93sfJyLzhqM/93sfJyLzhqM_turn01316.mp4,/Users/rajeshpmu/Desktop/LegalMemoCMT/data/processed/phase2/clancy/turn_clips/audio/93sfJyLzhqM/93sfJyLzhqM_turn01316.wav,00:44:55.585,00:45:51.946,56.361,REJECTED,Duration outlier: outside 0.8-30 second MELD-style range
93sfJyLzhqM_turn01321,93sfJyLzhqM,https://www.youtube.com/live/93sfJyLzhqM,LIVE: MA v. Lindsay Clancy - Day 8 | Accused Killer Mom Trial,/Users/rajeshpmu/Desktop/LegalMemoCMT/data/phase2/clancy/corpus/raw/live-ma-v-lindsay-clancy-day-8-accused-killer-mom-trial/live-ma-v-lindsay-clancy-day-8-accused-killer-mom-trial_93sfJyLzhqM.mp4,/Users/rajeshpmu/Desktop/LegalMemoCMT/data/phase2/clancy/corpus/raw/live-ma-v-lindsay-clancy-day-8-accused-killer-mom-trial/live-ma-v-lindsay-clancy-day-8-accused-killer-mom-trial_93sfJyLzhqM.en.vtt,/Users/rajeshpmu/Desktop/LegalMemoCMT/data/processed/phase2/clancy/turn_clips/video/93sfJyLzhqM/93sfJyLzhqM_turn01321.mp4,/Users/rajeshpmu/Desktop/LegalMemoCMT/data/processed/phase2/clancy/turn_clips/audio/93sfJyLzhqM/93sfJyLzhqM_turn01321.wav,00:46:12.722,00:47:05.185,52.463,REJECTED,Duration outlier: outside 0.8-30 second MELD-style range
93sfJyLzhqM_turn01325,93sfJyLzhqM,https://www.youtube.com/live/93sfJyLzhqM,LIVE: MA v. Lindsay Clancy - Day 8 | Accused Killer Mom Trial,/Users/rajeshpmu/Desktop/LegalMemoCMT/data/phase2/clancy/corpus/raw/live-ma-v-lindsay-clancy-day-8-accused-killer-mom-trial/live-ma-v-lindsay-clancy-day-8-accused-killer-mom-trial_93sfJyLzhqM.mp4,/Users/rajeshpmu/Desktop/LegalMemoCMT/data/phase2/clancy/corpus/raw/live-ma-v-lindsay-clancy-day-8-accused-killer-mom-trial/live-ma-v-lindsay-clancy-day-8-accused-killer-mom-trial_93sfJyLzhqM.en.vtt,/Users/rajeshpmu/Desktop/LegalMemoCMT/data/processed/phase2/clancy/turn_clips/video/93sfJyLzhqM/93sfJyLzhqM_turn01325.mp4,/Users/rajeshpmu/Desktop/LegalMemoCMT/data/processed/phase2/clancy/turn_clips/audio/93sfJyLzhqM/93sfJyLzhqM_turn01325.wav,00:47:30.759,00:48:09.974,39.215,REJECTED,Duration outlier: outside 0.8-30 second MELD-style range
93sfJyLzhqM_turn01332,93sfJyLzhqM,https://www.youtube.com/live/93sfJyLzhqM,LIVE: MA v. Lindsay Clancy - Day 8 | Accused Killer Mom Trial,/Users/rajeshpmu/Desktop/LegalMemoCMT/data/phase2/clancy/corpus/raw/live-ma-v-lindsay-clancy-day-8-accused-killer-mom-trial/live-ma-v-lindsay-clancy-day-8-accused-killer-mom-trial_93sfJyLzhqM.mp4,/Users/rajeshpmu/Desktop/LegalMemoCMT/data/phase2/clancy/corpus/raw/live-ma-v-lindsay-clancy-day-8-accused-killer-mom-trial/live-ma-v-lindsay-clancy-day-8-accused-killer-mom-trial_93sfJyLzhqM.en.vtt,/Users/rajeshpmu/Desktop/LegalMemoCMT/data/processed/phase2/clancy/turn_clips/video/93sfJyLzhqM/93sfJyLzhqM_turn01332.mp4,/Users/rajeshpmu/Desktop/LegalMemoCMT/data/processed/phase2/clancy/turn_clips/audio/93sfJyLzhqM/93sfJyLzhqM_turn01332.wav,00:49:40.470,00:49:41.057,0.600,REJECTED,Duration outlier: outside 0.8-30 second MELD-style range
93sfJyLzhqM_turn01338,93sfJyLzhqM,https://www.youtube.com/live/93sfJyLzhqM,LIVE: MA v. Lindsay Clancy - Day 8 | Accused Killer Mom Trial,/Users/rajeshpmu/Desktop/LegalMemoCMT/data/phase2/clancy/corpus/raw/live-ma-v-lindsay-clancy-day-8-accused-killer-mom-trial/live-ma-v-lindsay-clancy-day-8-accused-killer-mom-trial_93sfJyLzhqM.mp4,/Users/rajeshpmu/Desktop/LegalMemoCMT/data/phase2/clancy/corpus/raw/live-ma-v-lindsay-clancy-day-8-accused-killer-mom-trial/live-ma-v-lindsay-clancy-day-8-accused-killer-mom-trial_93sfJyLzhqM.en.vtt,/Users/rajeshpmu/Desktop/LegalMemoCMT/data/processed/phase2/clancy/turn_clips/video/93sfJyLzhqM/93sfJyLzhqM_turn01338.mp4,/Users/rajeshpmu/Desktop/LegalMemoCMT/data/processed/phase2/clancy/turn_clips/audio/93sfJyLzhqM/93sfJyLzhqM_turn01338.wav,00:50:47.109,00:51:29.750,42.641,REJECTED,Duration outlier: outside 0.8-30 second MELD-style range
93sfJyLzhqM_turn01346,93sfJyLzhqM,https://www.youtube.com/live/93sfJyLzhqM,LIVE: MA v. Lindsay Clancy - Day 8 | Accused Killer Mom Trial,/Users/rajeshpmu/Desktop/LegalMemoCMT/data/phase2/clancy/corpus/raw/live-ma-v-lindsay-clancy-day-8-accused-killer-mom-trial/live-ma-v-lindsay-clancy-day-8-accused-killer-mom-trial_93sfJyLzhqM.mp4,/Users/rajeshpmu/Desktop/LegalMemoCMT/data/phase2/clancy/corpus/raw/live-ma-v-lindsay-clancy-day-8-accused-killer-mom-trial/live-ma-v-lindsay-clancy-day-8-accused-killer-mom-trial_93sfJyLzhqM.en.vtt,/Users/rajeshpmu/Desktop/LegalMemoCMT/data/processed/phase2/clancy/turn_clips/video/93sfJyLzhqM/93sfJyLzhqM_turn01346.mp4,/Users/rajeshpmu/Desktop/LegalMemoCMT/data/processed/phase2/clancy/turn_clips/audio/93sfJyLzhqM/93sfJyLzhqM_turn01346.wav,00:52:15.173,00:52:15.954,0.781,REJECTED,Duration outlier: outside 0.8-30 second MELD-style range
93sfJyLzhqM_turn01347,93sfJyLzhqM,https://www.youtube.com/live/93sfJyLzhqM,LIVE: MA v. Lindsay Clancy - Day 8 | Accused Killer Mom Trial,/Users/rajeshpmu/Desktop/LegalMemoCMT/data/phase2/clancy/corpus/raw/live-ma-v-lindsay-clancy-day-8-accused-killer-mom-trial/live-ma-v-lindsay-clancy-day-8-accused-killer-mom-trial_93sfJyLzhqM.mp4,/Users/rajeshpmu/Desktop/LegalMemoCMT/data/phase2/clancy/corpus/raw/live-ma-v-lindsay-clancy-day-8-accused-killer-mom-trial/live-ma-v-lindsay-clancy-day-8-accused-killer-mom-trial_93sfJyLzhqM.en.vtt,/Users/rajeshpmu/Desktop/LegalMemoCMT/data/processed/phase2/clancy/turn_clips/video/93sfJyLzhqM/93sfJyLzhqM_turn01347.mp4,/Users/rajeshpmu/Desktop/LegalMemoCMT/data/processed/phase2/clancy/turn_clips/audio/93sfJyLzhqM/93sfJyLzhqM_turn01347.wav,00:52:15.954,00:52:49.240,33.286,REJECTED,Duration outlier: outside 0.8-30 second MELD-style range
93sfJyLzhqM_turn01348,93sfJyLzhqM,https://www.youtube.com/live/93sfJyLzhqM,LIVE: MA v. Lindsay Clancy - Day 8 | Accused Killer Mom Trial,/Users/rajeshpmu/Desktop/LegalMemoCMT/data/phase2/clancy/corpus/raw/live-ma-v-lindsay-clancy-day-8-accused-killer-mom-trial/live-ma-v-lindsay-clancy-day-8-accused-killer-mom-trial_93sfJyLzhqM.mp4,/Users/rajeshpmu/Desktop/LegalMemoCMT/data/phase2/clancy/corpus/raw/live-ma-v-lindsay-clancy-day-8-accused-killer-mom-trial/live-ma-v-lindsay-clancy-day-8-accused-killer-mom-trial_93sfJyLzhqM.en.vtt,/Users/rajeshpmu/Desktop/LegalMemoCMT/data/processed/phase2/clancy/turn_clips/video/93sfJyLzhqM/93sfJyLzhqM_turn01348.mp4,/Users/rajeshpmu/Desktop/LegalMemoCMT/data/processed/phase2/clancy/turn_clips/audio/93sfJyLzhqM/93sfJyLzhqM_turn01348.wav,00:52:49.240,00:53:27.349,38.109,REJECTED,Duration outlier: outside 0.8-30 second MELD-style range
93sfJyLzhqM_turn01349,93sfJyLzhqM,https://www.youtube.com/live/93sfJyLzhqM,LIVE: MA v. Lindsay Clancy - Day 8 | Accused Killer Mom Trial,/Users/rajeshpmu/Desktop/LegalMemoCMT/data/phase2/clancy/corpus/raw/live-ma-v-lindsay-clancy-day-8-accused-killer-mom-trial/live-ma-v-lindsay-clancy-day-8-accused-killer-mom-trial_93sfJyLzhqM.mp4,/Users/rajeshpmu/Desktop/LegalMemoCMT/data/phase2/clancy/corpus/raw/live-ma-v-lindsay-clancy-day-8-accused-killer-mom-trial/live-ma-v-lindsay-clancy-day-8-accused-killer-mom-trial_93sfJyLzhqM.en.vtt,/Users/rajeshpmu/Desktop/LegalMemoCMT/data/processed/phase2/clancy/turn_clips/video/93sfJyLzhqM/93sfJyLzhqM_turn01349.mp4,/Users/rajeshpmu/Desktop/LegalMemoCMT/data/processed/phase2/clancy/turn_clips/audio/93sfJyLzhqM/93sfJyLzhqM_turn01349.wav,00:53:27.349,00:53:57.910,30.561,REJECTED,Duration outlier: outside 0.8-30 second MELD-style range
93sfJyLzhqM_turn01353,93sfJyLzhqM,https://www.youtube.com/live/93sfJyLzhqM,LIVE: MA v. Lindsay Clancy - Day 8 | Accused Killer Mom Trial,/Users/rajeshpmu/Desktop/LegalMemoCMT/data/phase2/clancy/corpus/raw/live-ma-v-lindsay-clancy-day-8-accused-killer-mom-trial/live-ma-v-lindsay-clancy-day-8-accused-killer-mom-trial_93sfJyLzhqM.mp4,/Users/rajeshpmu/Desktop/LegalMemoCMT/data/phase2/clancy/corpus/raw/live-ma-v-lindsay-clancy-day-8-accused-killer-mom-trial/live-ma-v-lindsay-clancy-day-8-accused-killer-mom-trial_93sfJyLzhqM.en.vtt,/Users/rajeshpmu/Desktop/LegalMemoCMT/data/processed/phase2/clancy/turn_clips/video/93sfJyLzhqM/93sfJyLzhqM_turn01353.mp4,/Users/rajeshpmu/Desktop/LegalMemoCMT/data/processed/phase2/clancy/turn_clips/audio/93sfJyLzhqM/93sfJyLzhqM_turn01353.wav,00:54:15.910,00:54:48.710,32.800,REJECTED,Duration outlier: outside 0.8-30 second MELD-style range
93sfJyLzhqM_turn01360,93sfJyLzhqM,https://www.youtube.com/live/93sfJyLzhqM,LIVE: MA v. Lindsay Clancy - Day 8 | Accused Killer Mom Trial,/Users/rajeshpmu/Desktop/LegalMemoCMT/data/phase2/clancy/corpus/raw/live-ma-v-lindsay-clancy-day-8-accused-killer-mom-trial/live-ma-v-lindsay-clancy-day-8-accused-killer-mom-trial_93sfJyLzhqM.mp4,/Users/rajeshpmu/Desktop/LegalMemoCMT/data/phase2/clancy/corpus/raw/live-ma-v-lindsay-clancy-day-8-accused-killer-mom-trial/live-ma-v-lindsay-clancy-day-8-accused-killer-mom-trial_93sfJyLzhqM.en.vtt,/Users/rajeshpmu/Desktop/LegalMemoCMT/data/processed/phase2/clancy/turn_clips/video/93sfJyLzhqM/93sfJyLzhqM_turn01360.mp4,/Users/rajeshpmu/Desktop/LegalMemoCMT/data/processed/phase2/clancy/turn_clips/audio/93sfJyLzhqM/93sfJyLzhqM_turn01360.wav,00:55:50.381,00:56:54.210,63.829,REJECTED,Duration outlier: outside 0.8-30 second MELD-style range
93sfJyLzhqM_turn01366,93sfJyLzhqM,https://www.youtube.com/live/93sfJyLzhqM,LIVE: MA v. Lindsay Clancy - Day 8 | Accused Killer Mom Trial,/Users/rajeshpmu/Desktop/LegalMemoCMT/data/phase2/clancy/corpus/raw/live-ma-v-lindsay-clancy-day-8-accused-killer-mom-trial/live-ma-v-lindsay-clancy-day-8-accused-killer-mom-trial_93sfJyLzhqM.mp4,/Users/rajeshpmu/Desktop/LegalMemoCMT/data/phase2/clancy/corpus/raw/live-ma-v-lindsay-clancy-day-8-accused-killer-mom-trial/live-ma-v-lindsay-clancy-day-8-accused-killer-mom-trial_93sfJyLzhqM.en.vtt,/Users/rajeshpmu/Desktop/LegalMemoCMT/data/processed/phase2/clancy/turn_clips/video/93sfJyLzhqM/93sfJyLzhqM_turn01366.mp4,/Users/rajeshpmu/Desktop/LegalMemoCMT/data/processed/phase2/clancy/turn_clips/audio/93sfJyLzhqM/93sfJyLzhqM_turn01366.wav,00:57:47.561,00:58:51.385,63.824,REJECTED,Duration outlier: outside 0.8-30 second MELD-style range
93sfJyLzhqM_turn01372,93sfJyLzhqM,https://www.youtube.com/live/93sfJyLzhqM,LIVE: MA v. Lindsay Clancy - Day 8 | Accused Killer Mom Trial,/Users/rajeshpmu/Desktop/LegalMemoCMT/data/phase2/clancy/corpus/raw/live-ma-v-lindsay-clancy-day-8-accused-killer-mom-trial/live-ma-v-lindsay-clancy-day-8-accused-killer-mom-trial_93sfJyLzhqM.mp4,/Users/rajeshpmu/Desktop/LegalMemoCMT/data/phase2/clancy/corpus/raw/live-ma-v-lindsay-clancy-day-8-accused-killer-mom-trial/live-ma-v-lindsay-clancy-day-8-accused-killer-mom-trial_93sfJyLzhqM.en.vtt,/Users/rajeshpmu/Desktop/LegalMemoCMT/data/processed/phase2/clancy/turn_clips/video/93sfJyLzhqM/93sfJyLzhqM_turn01372.mp4,/Users/rajeshpmu/Desktop/LegalMemoCMT/data/processed/phase2/clancy/turn_clips/audio/93sfJyLzhqM/93sfJyLzhqM_turn01372.wav,00:59:28.868,01:00:26.100,57.232,REJECTED,Duration outlier: outside 0.8-30 second MELD-style range
93sfJyLzhqM_turn01376,93sfJyLzhqM,https://www.youtube.com/live/93sfJyLzhqM,LIVE: MA v. Lindsay Clancy - Day 8 | Accused Killer Mom Trial,/Users/rajeshpmu/Desktop/LegalMemoCMT/data/phase2/clancy/corpus/raw/live-ma-v-lindsay-clancy-day-8-accused-killer-mom-trial/live-ma-v-lindsay-clancy-day-8-accused-killer-mom-trial_93sfJyLzhqM.mp4,/Users/rajeshpmu/Desktop/LegalMemoCMT/data/phase2/clancy/corpus/raw/live-ma-v-lindsay-clancy-day-8-accused-killer-mom-trial/live-ma-v-lindsay-clancy-day-8-accused-killer-mom-trial_93sfJyLzhqM.en.vtt,/Users/rajeshpmu/Desktop/LegalMemoCMT/data/processed/phase2/clancy/turn_clips/video/93sfJyLzhqM/93sfJyLzhqM_turn01376.mp4,/Users/rajeshpmu/Desktop/LegalMemoCMT/data/processed/phase2/clancy/turn_clips/audio/93sfJyLzhqM/93sfJyLzhqM_turn01376.wav,01:00:30.889,01:01:28.529,57.640,REJECTED,Duration outlier: outside 0.8-30 second MELD-style range
93sfJyLzhqM_turn01479,93sfJyLzhqM,https://www.youtube.com/live/93sfJyLzhqM,LIVE: MA v. Lindsay Clancy - Day 8 | Accused Killer Mom Trial,/Users/rajeshpmu/Desktop/LegalMemoCMT/data/phase2/clancy/corpus/raw/live-ma-v-lindsay-clancy-day-8-accused-killer-mom-trial/live-ma-v-lindsay-clancy-day-8-accused-killer-mom-trial_93sfJyLzhqM.mp4,/Users/rajeshpmu/Desktop/LegalMemoCMT/data/phase2/clancy/corpus/raw/live-ma-v-lindsay-clancy-day-8-accused-killer-mom-trial/live-ma-v-lindsay-clancy-day-8-accused-killer-mom-trial_93sfJyLzhqM.en.vtt,/Users/rajeshpmu/Desktop/LegalMemoCMT/data/processed/phase2/clancy/turn_clips/video/93sfJyLzhqM/93sfJyLzhqM_turn01479.mp4,/Users/rajeshpmu/Desktop/LegalMemoCMT/data/processed/phase2/clancy/turn_clips/audio/93sfJyLzhqM/93sfJyLzhqM_turn01479.wav,01:39:54.717,01:40:25.066,30.349,REJECTED,Duration outlier: outside 0.8-30 second MELD-style range
93sfJyLzhqM_turn01527,93sfJyLzhqM,https://www.youtube.com/live/93sfJyLzhqM,LIVE: MA v. Lindsay Clancy - Day 8 | Accused Killer Mom Trial,/Users/rajeshpmu/Desktop/LegalMemoCMT/data/phase2/clancy/corpus/raw/live-ma-v-lindsay-clancy-day-8-accused-killer-mom-trial/live-ma-v-lindsay-clancy-day-8-accused-killer-mom-trial_93sfJyLzhqM.mp4,/Users/rajeshpmu/Desktop/LegalMemoCMT/data/phase2/clancy/corpus/raw/live-ma-v-lindsay-clancy-day-8-accused-killer-mom-trial/live-ma-v-lindsay-clancy-day-8-accused-killer-mom-trial_93sfJyLzhqM.en.vtt,/Users/rajeshpmu/Desktop/LegalMemoCMT/data/processed/phase2/clancy/turn_clips/video/93sfJyLzhqM/93sfJyLzhqM_turn01527.mp4,/Users/rajeshpmu/Desktop/LegalMemoCMT/data/processed/phase2/clancy/turn_clips/audio/93sfJyLzhqM/93sfJyLzhqM_turn01527.wav,01:45:21.274,01:45:22.010,0.736,REJECTED,Duration outlier: outside 0.8-30 second MELD-style range
93sfJyLzhqM_turn01538,93sfJyLzhqM,https://www.youtube.com/live/93sfJyLzhqM,LIVE: MA v. Lindsay Clancy - Day 8 | Accused Killer Mom Trial,/Users/rajeshpmu/Desktop/LegalMemoCMT/data/phase2/clancy/corpus/raw/live-ma-v-lindsay-clancy-day-8-accused-killer-mom-trial/live-ma-v-lindsay-clancy-day-8-accused-killer-mom-trial_93sfJyLzhqM.mp4,/Users/rajeshpmu/Desktop/LegalMemoCMT/data/phase2/clancy/corpus/raw/live-ma-v-lindsay-clancy-day-8-accused-killer-mom-trial/live-ma-v-lindsay-clancy-day-8-accused-killer-mom-trial_93sfJyLzhqM.en.vtt,/Users/rajeshpmu/Desktop/LegalMemoCMT/data/processed/phase2/clancy/turn_clips/video/93sfJyLzhqM/93sfJyLzhqM_turn01538.mp4,/Users/rajeshpmu/Desktop/LegalMemoCMT/data/processed/phase2/clancy/turn_clips/audio/93sfJyLzhqM/93sfJyLzhqM_turn01538.wav,01:45:57.700,01:45:58.078,0.600,REJECTED,Duration outlier: outside 0.8-30 second MELD-style range
93sfJyLzhqM_turn01554,93sfJyLzhqM,https://www.youtube.com/live/93sfJyLzhqM,LIVE: MA v. Lindsay Clancy - Day 8 | Accused Killer Mom Trial,/Users/rajeshpmu/Desktop/LegalMemoCMT/data/phase2/clancy/corpus/raw/live-ma-v-lindsay-clancy-day-8-accused-killer-mom-trial/live-ma-v-lindsay-clancy-day-8-accused-killer-mom-trial_93sfJyLzhqM.mp4,/Users/rajeshpmu/Desktop/LegalMemoCMT/data/phase2/clancy/corpus/raw/live-ma-v-lindsay-clancy-day-8-accused-killer-mom-trial/live-ma-v-lindsay-clancy-day-8-accused-killer-mom-trial_93sfJyLzhqM.en.vtt,/Users/rajeshpmu/Desktop/LegalMemoCMT/data/processed/phase2/clancy/turn_clips/video/93sfJyLzhqM/93sfJyLzhqM_turn01554.mp4,/Users/rajeshpmu/Desktop/LegalMemoCMT/data/processed/phase2/clancy/turn_clips/audio/93sfJyLzhqM/93sfJyLzhqM_turn01554.wav,01:48:03.995,01:48:04.398,0.600,REJECTED,Duration outlier: outside 0.8-30 second MELD-style range
93sfJyLzhqM_turn01692,93sfJyLzhqM,https://www.youtube.com/live/93sfJyLzhqM,LIVE: MA v. Lindsay Clancy - Day 8 | Accused Killer Mom Trial,/Users/rajeshpmu/Desktop/LegalMemoCMT/data/phase2/clancy/corpus/raw/live-ma-v-lindsay-clancy-day-8-accused-killer-mom-trial/live-ma-v-lindsay-clancy-day-8-accused-killer-mom-trial_93sfJyLzhqM.mp4,/Users/rajeshpmu/Desktop/LegalMemoCMT/data/phase2/clancy/corpus/raw/live-ma-v-lindsay-clancy-day-8-accused-killer-mom-trial/live-ma-v-lindsay-clancy-day-8-accused-killer-mom-trial_93sfJyLzhqM.en.vtt,/Users/rajeshpmu/Desktop/LegalMemoCMT/data/processed/phase2/clancy/turn_clips/video/93sfJyLzhqM/93sfJyLzhqM_turn01692.mp4,/Users/rajeshpmu/Desktop/LegalMemoCMT/data/processed/phase2/clancy/turn_clips/audio/93sfJyLzhqM/93sfJyLzhqM_turn01692.wav,01:58:28.632,01:58:29.054,0.600,REJECTED,Duration outlier: outside 0.8-30 second MELD-style range
93sfJyLzhqM_turn01726,93sfJyLzhqM,https://www.youtube.com/live/93sfJyLzhqM,LIVE: MA v. Lindsay Clancy - Day 8 | Accused Killer Mom Trial,/Users/rajeshpmu/Desktop/LegalMemoCMT/data/phase2/clancy/corpus/raw/live-ma-v-lindsay-clancy-day-8-accused-killer-mom-trial/live-ma-v-lindsay-clancy-day-8-accused-killer-mom-trial_93sfJyLzhqM.mp4,/Users/rajeshpmu/Desktop/LegalMemoCMT/data/phase2/clancy/corpus/raw/live-ma-v-lindsay-clancy-day-8-accused-killer-mom-trial/live-ma-v-lindsay-clancy-day-8-accused-killer-mom-trial_93sfJyLzhqM.en.vtt,/Users/rajeshpmu/Desktop/LegalMemoCMT/data/processed/phase2/clancy/turn_clips/video/93sfJyLzhqM/93sfJyLzhqM_turn01726.mp4,/Users/rajeshpmu/Desktop/LegalMemoCMT/data/processed/phase2/clancy/turn_clips/audio/93sfJyLzhqM/93sfJyLzhqM_turn01726.wav,02:01:28.192,02:01:28.739,0.600,REJECTED,Duration outlier: outside 0.8-30 second MELD-style range
93sfJyLzhqM_turn01839,93sfJyLzhqM,https://www.youtube.com/live/93sfJyLzhqM,LIVE: MA v. Lindsay Clancy - Day 8 | Accused Killer Mom Trial,/Users/rajeshpmu/Desktop/LegalMemoCMT/data/phase2/clancy/corpus/raw/live-ma-v-lindsay-clancy-day-8-accused-killer-mom-trial/live-ma-v-lindsay-clancy-day-8-accused-killer-mom-trial_93sfJyLzhqM.mp4,/Users/rajeshpmu/Desktop/LegalMemoCMT/data/phase2/clancy/corpus/raw/live-ma-v-lindsay-clancy-day-8-accused-killer-mom-trial/live-ma-v-lindsay-clancy-day-8-accused-killer-mom-trial_93sfJyLzhqM.en.vtt,/Users/rajeshpmu/Desktop/LegalMemoCMT/data/processed/phase2/clancy/turn_clips/video/93sfJyLzhqM/93sfJyLzhqM_turn01839.mp4,/Users/rajeshpmu/Desktop/LegalMemoCMT/data/processed/phase2/clancy/turn_clips/audio/93sfJyLzhqM/93sfJyLzhqM_turn01839.wav,02:12:58.371,02:13:33.007,34.636,REJECTED,Duration outlier: outside 0.8-30 second MELD-style range
93sfJyLzhqM_turn01840,93sfJyLzhqM,https://www.youtube.com/live/93sfJyLzhqM,LIVE: MA v. Lindsay Clancy - Day 8 | Accused Killer Mom Trial,/Users/rajeshpmu/Desktop/LegalMemoCMT/data/phase2/clancy/corpus/raw/live-ma-v-lindsay-clancy-day-8-accused-killer-mom-trial/live-ma-v-lindsay-clancy-day-8-accused-killer-mom-trial_93sfJyLzhqM.mp4,/Users/rajeshpmu/Desktop/LegalMemoCMT/data/phase2/clancy/corpus/raw/live-ma-v-lindsay-clancy-day-8-accused-killer-mom-trial/live-ma-v-lindsay-clancy-day-8-accused-killer-mom-trial_93sfJyLzhqM.en.vtt,/Users/rajeshpmu/Desktop/LegalMemoCMT/data/processed/phase2/clancy/turn_clips/video/93sfJyLzhqM/93sfJyLzhqM_turn01840.mp4,/Users/rajeshpmu/Desktop/LegalMemoCMT/data/processed/phase2/clancy/turn_clips/audio/93sfJyLzhqM/93sfJyLzhqM_turn01840.wav,02:13:33.007,02:14:24.587,51.580,REJECTED,Duration outlier: outside 0.8-30 second MELD-style range
93sfJyLzhqM_turn01861,93sfJyLzhqM,https://www.youtube.com/live/93sfJyLzhqM,LIVE: MA v. Lindsay Clancy - Day 8 | Accused Killer Mom Trial,/Users/rajeshpmu/Desktop/LegalMemoCMT/data/phase2/clancy/corpus/raw/live-ma-v-lindsay-clancy-day-8-accused-killer-mom-trial/live-ma-v-lindsay-clancy-day-8-accused-killer-mom-trial_93sfJyLzhqM.mp4,/Users/rajeshpmu/Desktop/LegalMemoCMT/data/phase2/clancy/corpus/raw/live-ma-v-lindsay-clancy-day-8-accused-killer-mom-trial/live-ma-v-lindsay-clancy-day-8-accused-killer-mom-trial_93sfJyLzhqM.en.vtt,/Users/rajeshpmu/Desktop/LegalMemoCMT/data/processed/phase2/clancy/turn_clips/video/93sfJyLzhqM/93sfJyLzhqM_turn01861.mp4,/Users/rajeshpmu/Desktop/LegalMemoCMT/data/processed/phase2/clancy/turn_clips/audio/93sfJyLzhqM/93sfJyLzhqM_turn01861.wav,02:16:16.840,02:16:54.675,37.835,REJECTED,Duration outlier: outside 0.8-30 second MELD-style range
93sfJyLzhqM_turn01866,93sfJyLzhqM,https://www.youtube.com/live/93sfJyLzhqM,LIVE: MA v. Lindsay Clancy - Day 8 | Accused Killer Mom Trial,/Users/rajeshpmu/Desktop/LegalMemoCMT/data/phase2/clancy/corpus/raw/live-ma-v-lindsay-clancy-day-8-accused-killer-mom-trial/live-ma-v-lindsay-clancy-day-8-accused-killer-mom-trial_93sfJyLzhqM.mp4,/Users/rajeshpmu/Desktop/LegalMemoCMT/data/phase2/clancy/corpus/raw/live-ma-v-lindsay-clancy-day-8-accused-killer-mom-trial/live-ma-v-lindsay-clancy-day-8-accused-killer-mom-trial_93sfJyLzhqM.en.vtt,/Users/rajeshpmu/Desktop/LegalMemoCMT/data/processed/phase2/clancy/turn_clips/video/93sfJyLzhqM/93sfJyLzhqM_turn01866.mp4,/Users/rajeshpmu/Desktop/LegalMemoCMT/data/processed/phase2/clancy/turn_clips/audio/93sfJyLzhqM/93sfJyLzhqM_turn01866.wav,02:17:04.178,02:18:07.715,63.537,REJECTED,Duration outlier: outside 0.8-30 second MELD-style range
93sfJyLzhqM_turn01888,93sfJyLzhqM,https://www.youtube.com/live/93sfJyLzhqM,LIVE: MA v. Lindsay Clancy - Day 8 | Accused Killer Mom Trial,/Users/rajeshpmu/Desktop/LegalMemoCMT/data/phase2/clancy/corpus/raw/live-ma-v-lindsay-clancy-day-8-accused-killer-mom-trial/live-ma-v-lindsay-clancy-day-8-accused-killer-mom-trial_93sfJyLzhqM.mp4,/Users/rajeshpmu/Desktop/LegalMemoCMT/data/phase2/clancy/corpus/raw/live-ma-v-lindsay-clancy-day-8-accused-killer-mom-trial/live-ma-v-lindsay-clancy-day-8-accused-killer-mom-trial_93sfJyLzhqM.en.vtt,/Users/rajeshpmu/Desktop/LegalMemoCMT/data/processed/phase2/clancy/turn_clips/video/93sfJyLzhqM/93sfJyLzhqM_turn01888.mp4,/Users/rajeshpmu/Desktop/LegalMemoCMT/data/processed/phase2/clancy/turn_clips/audio/93sfJyLzhqM/93sfJyLzhqM_turn01888.wav,02:22:10.330,02:22:10.602,0.600,REJECTED,Duration outlier: outside 0.8-30 second MELD-style range
93sfJyLzhqM_turn01895,93sfJyLzhqM,https://www.youtube.com/live/93sfJyLzhqM,LIVE: MA v. Lindsay Clancy - Day 8 | Accused Killer Mom Trial,/Users/rajeshpmu/Desktop/LegalMemoCMT/data/phase2/clancy/corpus/raw/live-ma-v-lindsay-clancy-day-8-accused-killer-mom-trial/live-ma-v-lindsay-clancy-day-8-accused-killer-mom-trial_93sfJyLzhqM.mp4,/Users/rajeshpmu/Desktop/LegalMemoCMT/data/phase2/clancy/corpus/raw/live-ma-v-lindsay-clancy-day-8-accused-killer-mom-trial/live-ma-v-lindsay-clancy-day-8-accused-killer-mom-trial_93sfJyLzhqM.en.vtt,/Users/rajeshpmu/Desktop/LegalMemoCMT/data/processed/phase2/clancy/turn_clips/video/93sfJyLzhqM/93sfJyLzhqM_turn01895.mp4,/Users/rajeshpmu/Desktop/LegalMemoCMT/data/processed/phase2/clancy/turn_clips/audio/93sfJyLzhqM/93sfJyLzhqM_turn01895.wav,02:22:54.723,02:22:55.223,0.600,REJECTED,Duration outlier: outside 0.8-30 second MELD-style range
93sfJyLzhqM_turn01909,93sfJyLzhqM,https://www.youtube.com/live/93sfJyLzhqM,LIVE: MA v. Lindsay Clancy - Day 8 | Accused Killer Mom Trial,/Users/rajeshpmu/Desktop/LegalMemoCMT/data/phase2/clancy/corpus/raw/live-ma-v-lindsay-clancy-day-8-accused-killer-mom-trial/live-ma-v-lindsay-clancy-day-8-accused-killer-mom-trial_93sfJyLzhqM.mp4,/Users/rajeshpmu/Desktop/LegalMemoCMT/data/phase2/clancy/corpus/raw/live-ma-v-lindsay-clancy-day-8-accused-killer-mom-trial/live-ma-v-lindsay-clancy-day-8-accused-killer-mom-trial_93sfJyLzhqM.en.vtt,/Users/rajeshpmu/Desktop/LegalMemoCMT/data/processed/phase2/clancy/turn_clips/video/93sfJyLzhqM/93sfJyLzhqM_turn01909.mp4,/Users/rajeshpmu/Desktop/LegalMemoCMT/data/processed/phase2/clancy/turn_clips/audio/93sfJyLzhqM/93sfJyLzhqM_turn01909.wav,02:24:06.313,02:24:43.452,37.139,REJECTED,Duration outlier: outside 0.8-30 second MELD-style range
93sfJyLzhqM_turn01942,93sfJyLzhqM,https://www.youtube.com/live/93sfJyLzhqM,LIVE: MA v. Lindsay Clancy - Day 8 | Accused Killer Mom Trial,/Users/rajeshpmu/Desktop/LegalMemoCMT/data/phase2/clancy/corpus/raw/live-ma-v-lindsay-clancy-day-8-accused-killer-mom-trial/live-ma-v-lindsay-clancy-day-8-accused-killer-mom-trial_93sfJyLzhqM.mp4,/Users/rajeshpmu/Desktop/LegalMemoCMT/data/phase2/clancy/corpus/raw/live-ma-v-lindsay-clancy-day-8-accused-killer-mom-trial/live-ma-v-lindsay-clancy-day-8-accused-killer-mom-trial_93sfJyLzhqM.en.vtt,/Users/rajeshpmu/Desktop/LegalMemoCMT/data/processed/phase2/clancy/turn_clips/video/93sfJyLzhqM/93sfJyLzhqM_turn01942.mp4,/Users/rajeshpmu/Desktop/LegalMemoCMT/data/processed/phase2/clancy/turn_clips/audio/93sfJyLzhqM/93sfJyLzhqM_turn01942.wav,02:29:10.034,02:29:10.699,0.665,REJECTED,Duration outlier: outside 0.8-30 second MELD-style range
93sfJyLzhqM_turn02446,93sfJyLzhqM,https://www.youtube.com/live/93sfJyLzhqM,LIVE: MA v. Lindsay Clancy - Day 8 | Accused Killer Mom Trial,/Users/rajeshpmu/Desktop/LegalMemoCMT/data/phase2/clancy/corpus/raw/live-ma-v-lindsay-clancy-day-8-accused-killer-mom-trial/live-ma-v-lindsay-clancy-day-8-accused-killer-mom-trial_93sfJyLzhqM.mp4,/Users/rajeshpmu/Desktop/LegalMemoCMT/data/phase2/clancy/corpus/raw/live-ma-v-lindsay-clancy-day-8-accused-killer-mom-trial/live-ma-v-lindsay-clancy-day-8-accused-killer-mom-trial_93sfJyLzhqM.en.vtt,/Users/rajeshpmu/Desktop/LegalMemoCMT/data/processed/phase2/clancy/turn_clips/video/93sfJyLzhqM/93sfJyLzhqM_turn02446.mp4,/Users/rajeshpmu/Desktop/LegalMemoCMT/data/processed/phase2/clancy/turn_clips/audio/93sfJyLzhqM/93sfJyLzhqM_turn02446.wav,03:52:43.271,03:52:43.714,0.600,REJECTED,Duration outlier: outside 0.8-30 second MELD-style range
93sfJyLzhqM_turn02465,93sfJyLzhqM,https://www.youtube.com/live/93sfJyLzhqM,LIVE: MA v. Lindsay Clancy - Day 8 | Accused Killer Mom Trial,/Users/rajeshpmu/Desktop/LegalMemoCMT/data/phase2/clancy/corpus/raw/live-ma-v-lindsay-clancy-day-8-accused-killer-mom-trial/live-ma-v-lindsay-clancy-day-8-accused-killer-mom-trial_93sfJyLzhqM.mp4,/Users/rajeshpmu/Desktop/LegalMemoCMT/data/phase2/clancy/corpus/raw/live-ma-v-lindsay-clancy-day-8-accused-killer-mom-trial/live-ma-v-lindsay-clancy-day-8-accused-killer-mom-trial_93sfJyLzhqM.en.vtt,/Users/rajeshpmu/Desktop/LegalMemoCMT/data/processed/phase2/clancy/turn_clips/video/93sfJyLzhqM/93sfJyLzhqM_turn02465.mp4,/Users/rajeshpmu/Desktop/LegalMemoCMT/data/processed/phase2/clancy/turn_clips/audio/93sfJyLzhqM/93sfJyLzhqM_turn02465.wav,03:54:36.083,03:54:36.577,0.600,REJECTED,Duration outlier: outside 0.8-30 second MELD-style range
93sfJyLzhqM_turn02475,93sfJyLzhqM,https://www.youtube.com/live/93sfJyLzhqM,LIVE: MA v. Lindsay Clancy - Day 8 | Accused Killer Mom Trial,/Users/rajeshpmu/Desktop/LegalMemoCMT/data/phase2/clancy/corpus/raw/live-ma-v-lindsay-clancy-day-8-accused-killer-mom-trial/live-ma-v-lindsay-clancy-day-8-accused-killer-mom-trial_93sfJyLzhqM.mp4,/Users/rajeshpmu/Desktop/LegalMemoCMT/data/phase2/clancy/corpus/raw/live-ma-v-lindsay-clancy-day-8-accused-killer-mom-trial/live-ma-v-lindsay-clancy-day-8-accused-killer-mom-trial_93sfJyLzhqM.en.vtt,/Users/rajeshpmu/Desktop/LegalMemoCMT/data/processed/phase2/clancy/turn_clips/video/93sfJyLzhqM/93sfJyLzhqM_turn02475.mp4,/Users/rajeshpmu/Desktop/LegalMemoCMT/data/processed/phase2/clancy/turn_clips/audio/93sfJyLzhqM/93sfJyLzhqM_turn02475.wav,03:55:29.395,03:55:30.012,0.617,REJECTED,Duration outlier: outside 0.8-30 second MELD-style range
93sfJyLzhqM_turn02479,93sfJyLzhqM,https://www.youtube.com/live/93sfJyLzhqM,LIVE: MA v. Lindsay Clancy - Day 8 | Accused Killer Mom Trial,/Users/rajeshpmu/Desktop/LegalMemoCMT/data/phase2/clancy/corpus/raw/live-ma-v-lindsay-clancy-day-8-accused-killer-mom-trial/live-ma-v-lindsay-clancy-day-8-accused-killer-mom-trial_93sfJyLzhqM.mp4,/Users/rajeshpmu/Desktop/LegalMemoCMT/data/phase2/clancy/corpus/raw/live-ma-v-lindsay-clancy-day-8-accused-killer-mom-trial/live-ma-v-lindsay-clancy-day-8-accused-killer-mom-trial_93sfJyLzhqM.en.vtt,/Users/rajeshpmu/Desktop/LegalMemoCMT/data/processed/phase2/clancy/turn_clips/video/93sfJyLzhqM/93sfJyLzhqM_turn02479.mp4,/Users/rajeshpmu/Desktop/LegalMemoCMT/data/processed/phase2/clancy/turn_clips/audio/93sfJyLzhqM/93sfJyLzhqM_turn02479.wav,03:55:36.494,03:55:36.874,0.600,REJECTED,Duration outlier: outside 0.8-30 second MELD-style range
93sfJyLzhqM_turn02722,93sfJyLzhqM,https://www.youtube.com/live/93sfJyLzhqM,LIVE: MA v. Lindsay Clancy - Day 8 | Accused Killer Mom Trial,/Users/rajeshpmu/Desktop/LegalMemoCMT/data/phase2/clancy/corpus/raw/live-ma-v-lindsay-clancy-day-8-accused-killer-mom-trial/live-ma-v-lindsay-clancy-day-8-accused-killer-mom-trial_93sfJyLzhqM.mp4,/Users/rajeshpmu/Desktop/LegalMemoCMT/data/phase2/clancy/corpus/raw/live-ma-v-lindsay-clancy-day-8-accused-killer-mom-trial/live-ma-v-lindsay-clancy-day-8-accused-killer-mom-trial_93sfJyLzhqM.en.vtt,/Users/rajeshpmu/Desktop/LegalMemoCMT/data/processed/phase2/clancy/turn_clips/video/93sfJyLzhqM/93sfJyLzhqM_turn02722.mp4,/Users/rajeshpmu/Desktop/LegalMemoCMT/data/processed/phase2/clancy/turn_clips/audio/93sfJyLzhqM/93sfJyLzhqM_turn02722.wav,04:35:53.812,04:35:54.567,0.755,REJECTED,Duration outlier: outside 0.8-30 second MELD-style range
93sfJyLzhqM_turn02723,93sfJyLzhqM,https://www.youtube.com/live/93sfJyLzhqM,LIVE: MA v. Lindsay Clancy - Day 8 | Accused Killer Mom Trial,/Users/rajeshpmu/Desktop/LegalMemoCMT/data/phase2/clancy/corpus/raw/live-ma-v-lindsay-clancy-day-8-accused-killer-mom-trial/live-ma-v-lindsay-clancy-day-8-accused-killer-mom-trial_93sfJyLzhqM.mp4,/Users/rajeshpmu/Desktop/LegalMemoCMT/data/phase2/clancy/corpus/raw/live-ma-v-lindsay-clancy-day-8-accused-killer-mom-trial/live-ma-v-lindsay-clancy-day-8-accused-killer-mom-trial_93sfJyLzhqM.en.vtt,/Users/rajeshpmu/Desktop/LegalMemoCMT/data/processed/phase2/clancy/turn_clips/video/93sfJyLzhqM/93sfJyLzhqM_turn02723.mp4,/Users/rajeshpmu/Desktop/LegalMemoCMT/data/processed/phase2/clancy/turn_clips/audio/93sfJyLzhqM/93sfJyLzhqM_turn02723.wav,04:35:54.567,04:35:54.994,0.600,REJECTED,Duration outlier: outside 0.8-30 second MELD-style range
93sfJyLzhqM_turn02748,93sfJyLzhqM,https://www.youtube.com/live/93sfJyLzhqM,LIVE: MA v. Lindsay Clancy - Day 8 | Accused Killer Mom Trial,/Users/rajeshpmu/Desktop/LegalMemoCMT/data/phase2/clancy/corpus/raw/live-ma-v-lindsay-clancy-day-8-accused-killer-mom-trial/live-ma-v-lindsay-clancy-day-8-accused-killer-mom-trial_93sfJyLzhqM.mp4,/Users/rajeshpmu/Desktop/LegalMemoCMT/data/phase2/clancy/corpus/raw/live-ma-v-lindsay-clancy-day-8-accused-killer-mom-trial/live-ma-v-lindsay-clancy-day-8-accused-killer-mom-trial_93sfJyLzhqM.en.vtt,/Users/rajeshpmu/Desktop/LegalMemoCMT/data/processed/phase2/clancy/turn_clips/video/93sfJyLzhqM/93sfJyLzhqM_turn02748.mp4,/Users/rajeshpmu/Desktop/LegalMemoCMT/data/processed/phase2/clancy/turn_clips/audio/93sfJyLzhqM/93sfJyLzhqM_turn02748.wav,04:38:40.755,04:38:41.371,0.616,REJECTED,Duration outlier: outside 0.8-30 second MELD-style range
93sfJyLzhqM_turn02752,93sfJyLzhqM,https://www.youtube.com/live/93sfJyLzhqM,LIVE: MA v. Lindsay Clancy - Day 8 | Accused Killer Mom Trial,/Users/rajeshpmu/Desktop/LegalMemoCMT/data/phase2/clancy/corpus/raw/live-ma-v-lindsay-clancy-day-8-accused-killer-mom-trial/live-ma-v-lindsay-clancy-day-8-accused-killer-mom-trial_93sfJyLzhqM.mp4,/Users/rajeshpmu/Desktop/LegalMemoCMT/data/phase2/clancy/corpus/raw/live-ma-v-lindsay-clancy-day-8-accused-killer-mom-trial/live-ma-v-lindsay-clancy-day-8-accused-killer-mom-trial_93sfJyLzhqM.en.vtt,/Users/rajeshpmu/Desktop/LegalMemoCMT/data/processed/phase2/clancy/turn_clips/video/93sfJyLzhqM/93sfJyLzhqM_turn02752.mp4,/Users/rajeshpmu/Desktop/LegalMemoCMT/data/processed/phase2/clancy/turn_clips/audio/93sfJyLzhqM/93sfJyLzhqM_turn02752.wav,04:38:47.774,04:38:48.196,0.600,REJECTED,Duration outlier: outside 0.8-30 second MELD-style range
93sfJyLzhqM_turn02811,93sfJyLzhqM,https://www.youtube.com/live/93sfJyLzhqM,LIVE: MA v. Lindsay Clancy - Day 8 | Accused Killer Mom Trial,/Users/rajeshpmu/Desktop/LegalMemoCMT/data/phase2/clancy/corpus/raw/live-ma-v-lindsay-clancy-day-8-accused-killer-mom-trial/live-ma-v-lindsay-clancy-day-8-accused-killer-mom-trial_93sfJyLzhqM.mp4,/Users/rajeshpmu/Desktop/LegalMemoCMT/data/phase2/clancy/corpus/raw/live-ma-v-lindsay-clancy-day-8-accused-killer-mom-trial/live-ma-v-lindsay-clancy-day-8-accused-killer-mom-trial_93sfJyLzhqM.en.vtt,/Users/rajeshpmu/Desktop/LegalMemoCMT/data/processed/phase2/clancy/turn_clips/video/93sfJyLzhqM/93sfJyLzhqM_turn02811.mp4,/Users/rajeshpmu/Desktop/LegalMemoCMT/data/processed/phase2/clancy/turn_clips/audio/93sfJyLzhqM/93sfJyLzhqM_turn02811.wav,04:50:12.355,04:50:12.972,0.617,REJECTED,Duration outlier: outside 0.8-30 second MELD-style range
93sfJyLzhqM_turn02815,93sfJyLzhqM,https://www.youtube.com/live/93sfJyLzhqM,LIVE: MA v. Lindsay Clancy - Day 8 | Accused Killer Mom Trial,/Users/rajeshpmu/Desktop/LegalMemoCMT/data/phase2/clancy/corpus/raw/live-ma-v-lindsay-clancy-day-8-accused-killer-mom-trial/live-ma-v-lindsay-clancy-day-8-accused-killer-mom-trial_93sfJyLzhqM.mp4,/Users/rajeshpmu/Desktop/LegalMemoCMT/data/phase2/clancy/corpus/raw/live-ma-v-lindsay-clancy-day-8-accused-killer-mom-trial/live-ma-v-lindsay-clancy-day-8-accused-killer-mom-trial_93sfJyLzhqM.en.vtt,/Users/rajeshpmu/Desktop/LegalMemoCMT/data/processed/phase2/clancy/turn_clips/video/93sfJyLzhqM/93sfJyLzhqM_turn02815.mp4,/Users/rajeshpmu/Desktop/LegalMemoCMT/data/processed/phase2/clancy/turn_clips/audio/93sfJyLzhqM/93sfJyLzhqM_turn02815.wav,04:50:19.443,04:50:19.835,0.600,REJECTED,Duration outlier: outside 0.8-30 second MELD-style range
93sfJyLzhqM_turn02816,93sfJyLzhqM,https://www.youtube.com/live/93sfJyLzhqM,LIVE: MA v. Lindsay Clancy - Day 8 | Accused Killer Mom Trial,/Users/rajeshpmu/Desktop/LegalMemoCMT/data/phase2/clancy/corpus/raw/live-ma-v-lindsay-clancy-day-8-accused-killer-mom-trial/live-ma-v-lindsay-clancy-day-8-accused-killer-mom-trial_93sfJyLzhqM.mp4,/Users/rajeshpmu/Desktop/LegalMemoCMT/data/phase2/clancy/corpus/raw/live-ma-v-lindsay-clancy-day-8-accused-killer-mom-trial/live-ma-v-lindsay-clancy-day-8-accused-killer-mom-trial_93sfJyLzhqM.en.vtt,/Users/rajeshpmu/Desktop/LegalMemoCMT/data/processed/phase2/clancy/turn_clips/video/93sfJyLzhqM/93sfJyLzhqM_turn02816.mp4,/Users/rajeshpmu/Desktop/LegalMemoCMT/data/processed/phase2/clancy/turn_clips/audio/93sfJyLzhqM/93sfJyLzhqM_turn02816.wav,04:50:19.835,04:50:20.434,0.600,REJECTED,Duration outlier: outside 0.8-30 second MELD-style range
93sfJyLzhqM_turn02884,93sfJyLzhqM,https://www.youtube.com/live/93sfJyLzhqM,LIVE: MA v. Lindsay Clancy - Day 8 | Accused Killer Mom Trial,/Users/rajeshpmu/Desktop/LegalMemoCMT/data/phase2/clancy/corpus/raw/live-ma-v-lindsay-clancy-day-8-accused-killer-mom-trial/live-ma-v-lindsay-clancy-day-8-accused-killer-mom-trial_93sfJyLzhqM.mp4,/Users/rajeshpmu/Desktop/LegalMemoCMT/data/phase2/clancy/corpus/raw/live-ma-v-lindsay-clancy-day-8-accused-killer-mom-trial/live-ma-v-lindsay-clancy-day-8-accused-killer-mom-trial_93sfJyLzhqM.en.vtt,/Users/rajeshpmu/Desktop/LegalMemoCMT/data/processed/phase2/clancy/turn_clips/video/93sfJyLzhqM/93sfJyLzhqM_turn02884.mp4,/Users/rajeshpmu/Desktop/LegalMemoCMT/data/processed/phase2/clancy/turn_clips/audio/93sfJyLzhqM/93sfJyLzhqM_turn02884.wav,05:34:24.654,05:35:16.396,51.742,REJECTED,Duration outlier: outside 0.8-30 second MELD-style range
93sfJyLzhqM_turn02992,93sfJyLzhqM,https://www.youtube.com/live/93sfJyLzhqM,LIVE: MA v. Lindsay Clancy - Day 8 | Accused Killer Mom Trial,/Users/rajeshpmu/Desktop/LegalMemoCMT/data/phase2/clancy/corpus/raw/live-ma-v-lindsay-clancy-day-8-accused-killer-mom-trial/live-ma-v-lindsay-clancy-day-8-accused-killer-mom-trial_93sfJyLzhqM.mp4,/Users/rajeshpmu/Desktop/LegalMemoCMT/data/phase2/clancy/corpus/raw/live-ma-v-lindsay-clancy-day-8-accused-killer-mom-trial/live-ma-v-lindsay-clancy-day-8-accused-killer-mom-trial_93sfJyLzhqM.en.vtt,/Users/rajeshpmu/Desktop/LegalMemoCMT/data/processed/phase2/clancy/turn_clips/video/93sfJyLzhqM/93sfJyLzhqM_turn02992.mp4,/Users/rajeshpmu/Desktop/LegalMemoCMT/data/processed/phase2/clancy/turn_clips/audio/93sfJyLzhqM/93sfJyLzhqM_turn02992.wav,05:43:26.275,05:43:26.632,0.600,REJECTED,Duration outlier: outside 0.8-30 second MELD-style range
ZJd1Lk4w-qo_turn07393,ZJd1Lk4w-qo,https://www.youtube.com/watch?v=ZJd1Lk4w-qo,Dr. Alia Goodheart — Psychiatrist | Full Testimony | MA v. Lindsay Clancy,/Users/rajeshpmu/Desktop/LegalMemoCMT/data/phase2/clancy/corpus/raw/dr-alia-goodheart-psychiatrist-full-testimony-ma-v-lindsay-clancy/dr-alia-goodheart-psychiatrist-full-testimony-ma-v-lindsay-clancy_ZJd1Lk4w-qo.mp4,/Users/rajeshpmu/Desktop/LegalMemoCMT/data/phase2/clancy/corpus/raw/dr-alia-goodheart-psychiatrist-full-testimony-ma-v-lindsay-clancy/dr-alia-goodheart-psychiatrist-full-testimony-ma-v-lindsay-clancy_ZJd1Lk4w-qo.en.vtt,/Users/rajeshpmu/Desktop/LegalMemoCMT/data/processed/phase2/clancy/turn_clips/video/ZJd1Lk4w-qo/ZJd1Lk4w-qo_turn07393.mp4,/Users/rajeshpmu/Desktop/LegalMemoCMT/data/processed/phase2/clancy/turn_clips/audio/ZJd1Lk4w-qo/ZJd1Lk4w-qo_turn07393.wav,00:00:07.398,00:00:44.770,37.372,REJECTED,Duration outlier: outside 0.8-30 second MELD-style range
ZJd1Lk4w-qo_turn07400,ZJd1Lk4w-qo,https://www.youtube.com/watch?v=ZJd1Lk4w-qo,Dr. Alia Goodheart — Psychiatrist | Full Testimony | MA v. Lindsay Clancy,/Users/rajeshpmu/Desktop/LegalMemoCMT/data/phase2/clancy/corpus/raw/dr-alia-goodheart-psychiatrist-full-testimony-ma-v-lindsay-clancy/dr-alia-goodheart-psychiatrist-full-testimony-ma-v-lindsay-clancy_ZJd1Lk4w-qo.mp4,/Users/rajeshpmu/Desktop/LegalMemoCMT/data/phase2/clancy/corpus/raw/dr-alia-goodheart-psychiatrist-full-testimony-ma-v-lindsay-clancy/dr-alia-goodheart-psychiatrist-full-testimony-ma-v-lindsay-clancy_ZJd1Lk4w-qo.en.vtt,/Users/rajeshpmu/Desktop/LegalMemoCMT/data/processed/phase2/clancy/turn_clips/video/ZJd1Lk4w-qo/ZJd1Lk4w-qo_turn07400.mp4,/Users/rajeshpmu/Desktop/LegalMemoCMT/data/processed/phase2/clancy/turn_clips/audio/ZJd1Lk4w-qo/ZJd1Lk4w-qo_turn07400.wav,00:01:04.702,00:02:15.674,70.972,REJECTED,Duration outlier: outside 0.8-30 second MELD-style range
ZJd1Lk4w-qo_turn07406,ZJd1Lk4w-qo,https://www.youtube.com/watch?v=ZJd1Lk4w-qo,Dr. Alia Goodheart — Psychiatrist | Full Testimony | MA v. Lindsay Clancy,/Users/rajeshpmu/Desktop/LegalMemoCMT/data/phase2/clancy/corpus/raw/dr-alia-goodheart-psychiatrist-full-testimony-ma-v-lindsay-clancy/dr-alia-goodheart-psychiatrist-full-testimony-ma-v-lindsay-clancy_ZJd1Lk4w-qo.mp4,/Users/rajeshpmu/Desktop/LegalMemoCMT/data/phase2/clancy/corpus/raw/dr-alia-goodheart-psychiatrist-full-testimony-ma-v-lindsay-clancy/dr-alia-goodheart-psychiatrist-full-testimony-ma-v-lindsay-clancy_ZJd1Lk4w-qo.en.vtt,/Users/rajeshpmu/Desktop/LegalMemoCMT/data/processed/phase2/clancy/turn_clips/video/ZJd1Lk4w-qo/ZJd1Lk4w-qo_turn07406.mp4,/Users/rajeshpmu/Desktop/LegalMemoCMT/data/processed/phase2/clancy/turn_clips/audio/ZJd1Lk4w-qo/ZJd1Lk4w-qo_turn07406.wav,00:03:01.166,00:04:43.689,102.523,REJECTED,Duration outlier: outside 0.8-30 second MELD-style range
ZJd1Lk4w-qo_turn07420,ZJd1Lk4w-qo,https://www.youtube.com/watch?v=ZJd1Lk4w-qo,Dr. Alia Goodheart — Psychiatrist | Full Testimony | MA v. Lindsay Clancy,/Users/rajeshpmu/Desktop/LegalMemoCMT/data/phase2/clancy/corpus/raw/dr-alia-goodheart-psychiatrist-full-testimony-ma-v-lindsay-clancy/dr-alia-goodheart-psychiatrist-full-testimony-ma-v-lindsay-clancy_ZJd1Lk4w-qo.mp4,/Users/rajeshpmu/Desktop/LegalMemoCMT/data/phase2/clancy/corpus/raw/dr-alia-goodheart-psychiatrist-full-testimony-ma-v-lindsay-clancy/dr-alia-goodheart-psychiatrist-full-testimony-ma-v-lindsay-clancy_ZJd1Lk4w-qo.en.vtt,/Users/rajeshpmu/Desktop/LegalMemoCMT/data/processed/phase2/clancy/turn_clips/video/ZJd1Lk4w-qo/ZJd1Lk4w-qo_turn07420.mp4,/Users/rajeshpmu/Desktop/LegalMemoCMT/data/processed/phase2/clancy/turn_clips/audio/ZJd1Lk4w-qo/ZJd1Lk4w-qo_turn07420.wav,00:06:07.948,00:06:38.855,30.907,REJECTED,Duration outlier: outside 0.8-30 second MELD-style range
ZJd1Lk4w-qo_turn07424,ZJd1Lk4w-qo,https://www.youtube.com/watch?v=ZJd1Lk4w-qo,Dr. Alia Goodheart — Psychiatrist | Full Testimony | MA v. Lindsay Clancy,/Users/rajeshpmu/Desktop/LegalMemoCMT/data/phase2/clancy/corpus/raw/dr-alia-goodheart-psychiatrist-full-testimony-ma-v-lindsay-clancy/dr-alia-goodheart-psychiatrist-full-testimony-ma-v-lindsay-clancy_ZJd1Lk4w-qo.mp4,/Users/rajeshpmu/Desktop/LegalMemoCMT/data/phase2/clancy/corpus/raw/dr-alia-goodheart-psychiatrist-full-testimony-ma-v-lindsay-clancy/dr-alia-goodheart-psychiatrist-full-testimony-ma-v-lindsay-clancy_ZJd1Lk4w-qo.en.vtt,/Users/rajeshpmu/Desktop/LegalMemoCMT/data/processed/phase2/clancy/turn_clips/video/ZJd1Lk4w-qo/ZJd1Lk4w-qo_turn07424.mp4,/Users/rajeshpmu/Desktop/LegalMemoCMT/data/processed/phase2/clancy/turn_clips/audio/ZJd1Lk4w-qo/ZJd1Lk4w-qo_turn07424.wav,00:07:29.047,00:08:02.078,33.031,REJECTED,Duration outlier: outside 0.8-30 second MELD-style range
ZJd1Lk4w-qo_turn07428,ZJd1Lk4w-qo,https://www.youtube.com/watch?v=ZJd1Lk4w-qo,Dr. Alia Goodheart — Psychiatrist | Full Testimony | MA v. Lindsay Clancy,/Users/rajeshpmu/Desktop/LegalMemoCMT/data/phase2/clancy/corpus/raw/dr-alia-goodheart-psychiatrist-full-testimony-ma-v-lindsay-clancy/dr-alia-goodheart-psychiatrist-full-testimony-ma-v-lindsay-clancy_ZJd1Lk4w-qo.mp4,/Users/rajeshpmu/Desktop/LegalMemoCMT/data/phase2/clancy/corpus/raw/dr-alia-goodheart-psychiatrist-full-testimony-ma-v-lindsay-clancy/dr-alia-goodheart-psychiatrist-full-testimony-ma-v-lindsay-clancy_ZJd1Lk4w-qo.en.vtt,/Users/rajeshpmu/Desktop/LegalMemoCMT/data/processed/phase2/clancy/turn_clips/video/ZJd1Lk4w-qo/ZJd1Lk4w-qo_turn07428.mp4,/Users/rajeshpmu/Desktop/LegalMemoCMT/data/processed/phase2/clancy/turn_clips/audio/ZJd1Lk4w-qo/ZJd1Lk4w-qo_turn07428.wav,00:08:16.077,00:09:17.995,61.918,REJECTED,Duration outlier: outside 0.8-30 second MELD-style range
ZJd1Lk4w-qo_turn07433,ZJd1Lk4w-qo,https://www.youtube.com/watch?v=ZJd1Lk4w-qo,Dr. Alia Goodheart — Psychiatrist | Full Testimony | MA v. Lindsay Clancy,/Users/rajeshpmu/Desktop/LegalMemoCMT/data/phase2/clancy/corpus/raw/dr-alia-goodheart-psychiatrist-full-testimony-ma-v-lindsay-clancy/dr-alia-goodheart-psychiatrist-full-testimony-ma-v-lindsay-clancy_ZJd1Lk4w-qo.mp4,/Users/rajeshpmu/Desktop/LegalMemoCMT/data/phase2/clancy/corpus/raw/dr-alia-goodheart-psychiatrist-full-testimony-ma-v-lindsay-clancy/dr-alia-goodheart-psychiatrist-full-testimony-ma-v-lindsay-clancy_ZJd1Lk4w-qo.en.vtt,/Users/rajeshpmu/Desktop/LegalMemoCMT/data/processed/phase2/clancy/turn_clips/video/ZJd1Lk4w-qo/ZJd1Lk4w-qo_turn07433.mp4,/Users/rajeshpmu/Desktop/LegalMemoCMT/data/processed/phase2/clancy/turn_clips/audio/ZJd1Lk4w-qo/ZJd1Lk4w-qo_turn07433.wav,00:09:41.357,00:10:14.878,33.521,REJECTED,Duration outlier: outside 0.8-30 second MELD-style range
ZJd1Lk4w-qo_turn07448,ZJd1Lk4w-qo,https://www.youtube.com/watch?v=ZJd1Lk4w-qo,Dr. Alia Goodheart — Psychiatrist | Full Testimony | MA v. Lindsay Clancy,/Users/rajeshpmu/Desktop/LegalMemoCMT/data/phase2/clancy/corpus/raw/dr-alia-goodheart-psychiatrist-full-testimony-ma-v-lindsay-clancy/dr-alia-goodheart-psychiatrist-full-testimony-ma-v-lindsay-clancy_ZJd1Lk4w-qo.mp4,/Users/rajeshpmu/Desktop/LegalMemoCMT/data/phase2/clancy/corpus/raw/dr-alia-goodheart-psychiatrist-full-testimony-ma-v-lindsay-clancy/dr-alia-goodheart-psychiatrist-full-testimony-ma-v-lindsay-clancy_ZJd1Lk4w-qo.en.vtt,/Users/rajeshpmu/Desktop/LegalMemoCMT/data/processed/phase2/clancy/turn_clips/video/ZJd1Lk4w-qo/ZJd1Lk4w-qo_turn07448.mp4,/Users/rajeshpmu/Desktop/LegalMemoCMT/data/processed/phase2/clancy/turn_clips/audio/ZJd1Lk4w-qo/ZJd1Lk4w-qo_turn07448.wav,00:11:37.236,00:12:20.310,43.074,REJECTED,Duration outlier: outside 0.8-30 second MELD-style range
ZJd1Lk4w-qo_turn07486,ZJd1Lk4w-qo,https://www.youtube.com/watch?v=ZJd1Lk4w-qo,Dr. Alia Goodheart — Psychiatrist | Full Testimony | MA v. Lindsay Clancy,/Users/rajeshpmu/Desktop/LegalMemoCMT/data/phase2/clancy/corpus/raw/dr-alia-goodheart-psychiatrist-full-testimony-ma-v-lindsay-clancy/dr-alia-goodheart-psychiatrist-full-testimony-ma-v-lindsay-clancy_ZJd1Lk4w-qo.mp4,/Users/rajeshpmu/Desktop/LegalMemoCMT/data/phase2/clancy/corpus/raw/dr-alia-goodheart-psychiatrist-full-testimony-ma-v-lindsay-clancy/dr-alia-goodheart-psychiatrist-full-testimony-ma-v-lindsay-clancy_ZJd1Lk4w-qo.en.vtt,/Users/rajeshpmu/Desktop/LegalMemoCMT/data/processed/phase2/clancy/turn_clips/video/ZJd1Lk4w-qo/ZJd1Lk4w-qo_turn07486.mp4,/Users/rajeshpmu/Desktop/LegalMemoCMT/data/processed/phase2/clancy/turn_clips/audio/ZJd1Lk4w-qo/ZJd1Lk4w-qo_turn07486.wav,00:16:46.741,00:17:32.235,45.494,REJECTED,Duration outlier: outside 0.8-30 second MELD-style range
ZJd1Lk4w-qo_turn07606,ZJd1Lk4w-qo,https://www.youtube.com/watch?v=ZJd1Lk4w-qo,Dr. Alia Goodheart — Psychiatrist | Full Testimony | MA v. Lindsay Clancy,/Users/rajeshpmu/Desktop/LegalMemoCMT/data/phase2/clancy/corpus/raw/dr-alia-goodheart-psychiatrist-full-testimony-ma-v-lindsay-clancy/dr-alia-goodheart-psychiatrist-full-testimony-ma-v-lindsay-clancy_ZJd1Lk4w-qo.mp4,/Users/rajeshpmu/Desktop/LegalMemoCMT/data/phase2/clancy/corpus/raw/dr-alia-goodheart-psychiatrist-full-testimony-ma-v-lindsay-clancy/dr-alia-goodheart-psychiatrist-full-testimony-ma-v-lindsay-clancy_ZJd1Lk4w-qo.en.vtt,/Users/rajeshpmu/Desktop/LegalMemoCMT/data/processed/phase2/clancy/turn_clips/video/ZJd1Lk4w-qo/ZJd1Lk4w-qo_turn07606.mp4,/Users/rajeshpmu/Desktop/LegalMemoCMT/data/processed/phase2/clancy/turn_clips/audio/ZJd1Lk4w-qo/ZJd1Lk4w-qo_turn07606.wav,00:29:30.697,00:30:01.795,31.098,REJECTED,Duration outlier: outside 0.8-30 second MELD-style range
ZJd1Lk4w-qo_turn07655,ZJd1Lk4w-qo,https://www.youtube.com/watch?v=ZJd1Lk4w-qo,Dr. Alia Goodheart — Psychiatrist | Full Testimony | MA v. Lindsay Clancy,/Users/rajeshpmu/Desktop/LegalMemoCMT/data/phase2/clancy/corpus/raw/dr-alia-goodheart-psychiatrist-full-testimony-ma-v-lindsay-clancy/dr-alia-goodheart-psychiatrist-full-testimony-ma-v-lindsay-clancy_ZJd1Lk4w-qo.mp4,/Users/rajeshpmu/Desktop/LegalMemoCMT/data/phase2/clancy/corpus/raw/dr-alia-goodheart-psychiatrist-full-testimony-ma-v-lindsay-clancy/dr-alia-goodheart-psychiatrist-full-testimony-ma-v-lindsay-clancy_ZJd1Lk4w-qo.en.vtt,/Users/rajeshpmu/Desktop/LegalMemoCMT/data/processed/phase2/clancy/turn_clips/video/ZJd1Lk4w-qo/ZJd1Lk4w-qo_turn07655.mp4,/Users/rajeshpmu/Desktop/LegalMemoCMT/data/processed/phase2/clancy/turn_clips/audio/ZJd1Lk4w-qo/ZJd1Lk4w-qo_turn07655.wav,00:36:19.969,00:37:00.270,40.301,REJECTED,Duration outlier: outside 0.8-30 second MELD-style range
ZJd1Lk4w-qo_turn07695,ZJd1Lk4w-qo,https://www.youtube.com/watch?v=ZJd1Lk4w-qo,Dr. Alia Goodheart — Psychiatrist | Full Testimony | MA v. Lindsay Clancy,/Users/rajeshpmu/Desktop/LegalMemoCMT/data/phase2/clancy/corpus/raw/dr-alia-goodheart-psychiatrist-full-testimony-ma-v-lindsay-clancy/dr-alia-goodheart-psychiatrist-full-testimony-ma-v-lindsay-clancy_ZJd1Lk4w-qo.mp4,/Users/rajeshpmu/Desktop/LegalMemoCMT/data/phase2/clancy/corpus/raw/dr-alia-goodheart-psychiatrist-full-testimony-ma-v-lindsay-clancy/dr-alia-goodheart-psychiatrist-full-testimony-ma-v-lindsay-clancy_ZJd1Lk4w-qo.en.vtt,/Users/rajeshpmu/Desktop/LegalMemoCMT/data/processed/phase2/clancy/turn_clips/video/ZJd1Lk4w-qo/ZJd1Lk4w-qo_turn07695.mp4,/Users/rajeshpmu/Desktop/LegalMemoCMT/data/processed/phase2/clancy/turn_clips/audio/ZJd1Lk4w-qo/ZJd1Lk4w-qo_turn07695.wav,00:41:34.745,00:42:17.199,42.454,REJECTED,Duration outlier: outside 0.8-30 second MELD-style range
ZJd1Lk4w-qo_turn07712,ZJd1Lk4w-qo,https://www.youtube.com/watch?v=ZJd1Lk4w-qo,Dr. Alia Goodheart — Psychiatrist | Full Testimony | MA v. Lindsay Clancy,/Users/rajeshpmu/Desktop/LegalMemoCMT/data/phase2/clancy/corpus/raw/dr-alia-goodheart-psychiatrist-full-testimony-ma-v-lindsay-clancy/dr-alia-goodheart-psychiatrist-full-testimony-ma-v-lindsay-clancy_ZJd1Lk4w-qo.mp4,/Users/rajeshpmu/Desktop/LegalMemoCMT/data/phase2/clancy/corpus/raw/dr-alia-goodheart-psychiatrist-full-testimony-ma-v-lindsay-clancy/dr-alia-goodheart-psychiatrist-full-testimony-ma-v-lindsay-clancy_ZJd1Lk4w-qo.en.vtt,/Users/rajeshpmu/Desktop/LegalMemoCMT/data/processed/phase2/clancy/turn_clips/video/ZJd1Lk4w-qo/ZJd1Lk4w-qo_turn07712.mp4,/Users/rajeshpmu/Desktop/LegalMemoCMT/data/processed/phase2/clancy/turn_clips/audio/ZJd1Lk4w-qo/ZJd1Lk4w-qo_turn07712.wav,00:45:12.870,00:45:13.350,0.600,REJECTED,Duration outlier: outside 0.8-30 second MELD-style range
ZJd1Lk4w-qo_turn07728,ZJd1Lk4w-qo,https://www.youtube.com/watch?v=ZJd1Lk4w-qo,Dr. Alia Goodheart — Psychiatrist | Full Testimony | MA v. Lindsay Clancy,/Users/rajeshpmu/Desktop/LegalMemoCMT/data/phase2/clancy/corpus/raw/dr-alia-goodheart-psychiatrist-full-testimony-ma-v-lindsay-clancy/dr-alia-goodheart-psychiatrist-full-testimony-ma-v-lindsay-clancy_ZJd1Lk4w-qo.mp4,/Users/rajeshpmu/Desktop/LegalMemoCMT/data/phase2/clancy/corpus/raw/dr-alia-goodheart-psychiatrist-full-testimony-ma-v-lindsay-clancy/dr-alia-goodheart-psychiatrist-full-testimony-ma-v-lindsay-clancy_ZJd1Lk4w-qo.en.vtt,/Users/rajeshpmu/Desktop/LegalMemoCMT/data/processed/phase2/clancy/turn_clips/video/ZJd1Lk4w-qo/ZJd1Lk4w-qo_turn07728.mp4,/Users/rajeshpmu/Desktop/LegalMemoCMT/data/processed/phase2/clancy/turn_clips/audio/ZJd1Lk4w-qo/ZJd1Lk4w-qo_turn07728.wav,00:47:36.550,00:47:37.031,0.600,REJECTED,Duration outlier: outside 0.8-30 second MELD-style range
ZJd1Lk4w-qo_turn07729,ZJd1Lk4w-qo,https://www.youtube.com/watch?v=ZJd1Lk4w-qo,Dr. Alia Goodheart — Psychiatrist | Full Testimony | MA v. Lindsay Clancy,/Users/rajeshpmu/Desktop/LegalMemoCMT/data/phase2/clancy/corpus/raw/dr-alia-goodheart-psychiatrist-full-testimony-ma-v-lindsay-clancy/dr-alia-goodheart-psychiatrist-full-testimony-ma-v-lindsay-clancy_ZJd1Lk4w-qo.mp4,/Users/rajeshpmu/Desktop/LegalMemoCMT/data/phase2/clancy/corpus/raw/dr-alia-goodheart-psychiatrist-full-testimony-ma-v-lindsay-clancy/dr-alia-goodheart-psychiatrist-full-testimony-ma-v-lindsay-clancy_ZJd1Lk4w-qo.en.vtt,/Users/rajeshpmu/Desktop/LegalMemoCMT/data/processed/phase2/clancy/turn_clips/video/ZJd1Lk4w-qo/ZJd1Lk4w-qo_turn07729.mp4,/Users/rajeshpmu/Desktop/LegalMemoCMT/data/processed/phase2/clancy/turn_clips/audio/ZJd1Lk4w-qo/ZJd1Lk4w-qo_turn07729.wav,00:47:37.031,00:47:37.438,0.600,REJECTED,Duration outlier: outside 0.8-30 second MELD-style range
ZJd1Lk4w-qo_turn07744,ZJd1Lk4w-qo,https://www.youtube.com/watch?v=ZJd1Lk4w-qo,Dr. Alia Goodheart — Psychiatrist | Full Testimony | MA v. Lindsay Clancy,/Users/rajeshpmu/Desktop/LegalMemoCMT/data/phase2/clancy/corpus/raw/dr-alia-goodheart-psychiatrist-full-testimony-ma-v-lindsay-clancy/dr-alia-goodheart-psychiatrist-full-testimony-ma-v-lindsay-clancy_ZJd1Lk4w-qo.mp4,/Users/rajeshpmu/Desktop/LegalMemoCMT/data/phase2/clancy/corpus/raw/dr-alia-goodheart-psychiatrist-full-testimony-ma-v-lindsay-clancy/dr-alia-goodheart-psychiatrist-full-testimony-ma-v-lindsay-clancy_ZJd1Lk4w-qo.en.vtt,/Users/rajeshpmu/Desktop/LegalMemoCMT/data/processed/phase2/clancy/turn_clips/video/ZJd1Lk4w-qo/ZJd1Lk4w-qo_turn07744.mp4,/Users/rajeshpmu/Desktop/LegalMemoCMT/data/processed/phase2/clancy/turn_clips/audio/ZJd1Lk4w-qo/ZJd1Lk4w-qo_turn07744.wav,00:49:29.691,00:49:30.062,0.600,REJECTED,Duration outlier: outside 0.8-30 second MELD-style range
ZJd1Lk4w-qo_turn07756,ZJd1Lk4w-qo,https://www.youtube.com/watch?v=ZJd1Lk4w-qo,Dr. Alia Goodheart — Psychiatrist | Full Testimony | MA v. Lindsay Clancy,/Users/rajeshpmu/Desktop/LegalMemoCMT/data/phase2/clancy/corpus/raw/dr-alia-goodheart-psychiatrist-full-testimony-ma-v-lindsay-clancy/dr-alia-goodheart-psychiatrist-full-testimony-ma-v-lindsay-clancy_ZJd1Lk4w-qo.mp4,/Users/rajeshpmu/Desktop/LegalMemoCMT/data/phase2/clancy/corpus/raw/dr-alia-goodheart-psychiatrist-full-testimony-ma-v-lindsay-clancy/dr-alia-goodheart-psychiatrist-full-testimony-ma-v-lindsay-clancy_ZJd1Lk4w-qo.en.vtt,/Users/rajeshpmu/Desktop/LegalMemoCMT/data/processed/phase2/clancy/turn_clips/video/ZJd1Lk4w-qo/ZJd1Lk4w-qo_turn07756.mp4,/Users/rajeshpmu/Desktop/LegalMemoCMT/data/processed/phase2/clancy/turn_clips/audio/ZJd1Lk4w-qo/ZJd1Lk4w-qo_turn07756.wav,00:50:15.336,00:50:15.749,0.600,REJECTED,Duration outlier: outside 0.8-30 second MELD-style range
ZJd1Lk4w-qo_turn07766,ZJd1Lk4w-qo,https://www.youtube.com/watch?v=ZJd1Lk4w-qo,Dr. Alia Goodheart — Psychiatrist | Full Testimony | MA v. Lindsay Clancy,/Users/rajeshpmu/Desktop/LegalMemoCMT/data/phase2/clancy/corpus/raw/dr-alia-goodheart-psychiatrist-full-testimony-ma-v-lindsay-clancy/dr-alia-goodheart-psychiatrist-full-testimony-ma-v-lindsay-clancy_ZJd1Lk4w-qo.mp4,/Users/rajeshpmu/Desktop/LegalMemoCMT/data/phase2/clancy/corpus/raw/dr-alia-goodheart-psychiatrist-full-testimony-ma-v-lindsay-clancy/dr-alia-goodheart-psychiatrist-full-testimony-ma-v-lindsay-clancy_ZJd1Lk4w-qo.en.vtt,/Users/rajeshpmu/Desktop/LegalMemoCMT/data/processed/phase2/clancy/turn_clips/video/ZJd1Lk4w-qo/ZJd1Lk4w-qo_turn07766.mp4,/Users/rajeshpmu/Desktop/LegalMemoCMT/data/processed/phase2/clancy/turn_clips/audio/ZJd1Lk4w-qo/ZJd1Lk4w-qo_turn07766.wav,00:51:22.226,00:51:55.778,33.552,REJECTED,Duration outlier: outside 0.8-30 second MELD-style range
ZJd1Lk4w-qo_turn07767,ZJd1Lk4w-qo,https://www.youtube.com/watch?v=ZJd1Lk4w-qo,Dr. Alia Goodheart — Psychiatrist | Full Testimony | MA v. Lindsay Clancy,/Users/rajeshpmu/Desktop/LegalMemoCMT/data/phase2/clancy/corpus/raw/dr-alia-goodheart-psychiatrist-full-testimony-ma-v-lindsay-clancy/dr-alia-goodheart-psychiatrist-full-testimony-ma-v-lindsay-clancy_ZJd1Lk4w-qo.mp4,/Users/rajeshpmu/Desktop/LegalMemoCMT/data/phase2/clancy/corpus/raw/dr-alia-goodheart-psychiatrist-full-testimony-ma-v-lindsay-clancy/dr-alia-goodheart-psychiatrist-full-testimony-ma-v-lindsay-clancy_ZJd1Lk4w-qo.en.vtt,/Users/rajeshpmu/Desktop/LegalMemoCMT/data/processed/phase2/clancy/turn_clips/video/ZJd1Lk4w-qo/ZJd1Lk4w-qo_turn07767.mp4,/Users/rajeshpmu/Desktop/LegalMemoCMT/data/processed/phase2/clancy/turn_clips/audio/ZJd1Lk4w-qo/ZJd1Lk4w-qo_turn07767.wav,00:51:55.778,00:52:47.273,51.495,REJECTED,Duration outlier: outside 0.8-30 second MELD-style range
ZJd1Lk4w-qo_turn07771,ZJd1Lk4w-qo,https://www.youtube.com/watch?v=ZJd1Lk4w-qo,Dr. Alia Goodheart — Psychiatrist | Full Testimony | MA v. Lindsay Clancy,/Users/rajeshpmu/Desktop/LegalMemoCMT/data/phase2/clancy/corpus/raw/dr-alia-goodheart-psychiatrist-full-testimony-ma-v-lindsay-clancy/dr-alia-goodheart-psychiatrist-full-testimony-ma-v-lindsay-clancy_ZJd1Lk4w-qo.mp4,/Users/rajeshpmu/Desktop/LegalMemoCMT/data/phase2/clancy/corpus/raw/dr-alia-goodheart-psychiatrist-full-testimony-ma-v-lindsay-clancy/dr-alia-goodheart-psychiatrist-full-testimony-ma-v-lindsay-clancy_ZJd1Lk4w-qo.en.vtt,/Users/rajeshpmu/Desktop/LegalMemoCMT/data/processed/phase2/clancy/turn_clips/video/ZJd1Lk4w-qo/ZJd1Lk4w-qo_turn07771.mp4,/Users/rajeshpmu/Desktop/LegalMemoCMT/data/processed/phase2/clancy/turn_clips/audio/ZJd1Lk4w-qo/ZJd1Lk4w-qo_turn07771.wav,00:53:25.512,00:54:35.395,69.883,REJECTED,Duration outlier: outside 0.8-30 second MELD-style range
ZJd1Lk4w-qo_turn07846,ZJd1Lk4w-qo,https://www.youtube.com/watch?v=ZJd1Lk4w-qo,Dr. Alia Goodheart — Psychiatrist | Full Testimony | MA v. Lindsay Clancy,/Users/rajeshpmu/Desktop/LegalMemoCMT/data/phase2/clancy/corpus/raw/dr-alia-goodheart-psychiatrist-full-testimony-ma-v-lindsay-clancy/dr-alia-goodheart-psychiatrist-full-testimony-ma-v-lindsay-clancy_ZJd1Lk4w-qo.mp4,/Users/rajeshpmu/Desktop/LegalMemoCMT/data/phase2/clancy/corpus/raw/dr-alia-goodheart-psychiatrist-full-testimony-ma-v-lindsay-clancy/dr-alia-goodheart-psychiatrist-full-testimony-ma-v-lindsay-clancy_ZJd1Lk4w-qo.en.vtt,/Users/rajeshpmu/Desktop/LegalMemoCMT/data/processed/phase2/clancy/turn_clips/video/ZJd1Lk4w-qo/ZJd1Lk4w-qo_turn07846.mp4,/Users/rajeshpmu/Desktop/LegalMemoCMT/data/processed/phase2/clancy/turn_clips/audio/ZJd1Lk4w-qo/ZJd1Lk4w-qo_turn07846.wav,01:03:26.927,01:03:27.567,0.640,REJECTED,Duration outlier: outside 0.8-30 second MELD-style range
ZJd1Lk4w-qo_turn07847,ZJd1Lk4w-qo,https://www.youtube.com/watch?v=ZJd1Lk4w-qo,Dr. Alia Goodheart — Psychiatrist | Full Testimony | MA v. Lindsay Clancy,/Users/rajeshpmu/Desktop/LegalMemoCMT/data/phase2/clancy/corpus/raw/dr-alia-goodheart-psychiatrist-full-testimony-ma-v-lindsay-clancy/dr-alia-goodheart-psychiatrist-full-testimony-ma-v-lindsay-clancy_ZJd1Lk4w-qo.mp4,/Users/rajeshpmu/Desktop/LegalMemoCMT/data/phase2/clancy/corpus/raw/dr-alia-goodheart-psychiatrist-full-testimony-ma-v-lindsay-clancy/dr-alia-goodheart-psychiatrist-full-testimony-ma-v-lindsay-clancy_ZJd1Lk4w-qo.en.vtt,/Users/rajeshpmu/Desktop/LegalMemoCMT/data/processed/phase2/clancy/turn_clips/video/ZJd1Lk4w-qo/ZJd1Lk4w-qo_turn07847.mp4,/Users/rajeshpmu/Desktop/LegalMemoCMT/data/processed/phase2/clancy/turn_clips/audio/ZJd1Lk4w-qo/ZJd1Lk4w-qo_turn07847.wav,01:03:27.567,01:04:00.907,33.340,REJECTED,Duration outlier: outside 0.8-30 second MELD-style range
ZJd1Lk4w-qo_turn07930,ZJd1Lk4w-qo,https://www.youtube.com/watch?v=ZJd1Lk4w-qo,Dr. Alia Goodheart — Psychiatrist | Full Testimony | MA v. Lindsay Clancy,/Users/rajeshpmu/Desktop/LegalMemoCMT/data/phase2/clancy/corpus/raw/dr-alia-goodheart-psychiatrist-full-testimony-ma-v-lindsay-clancy/dr-alia-goodheart-psychiatrist-full-testimony-ma-v-lindsay-clancy_ZJd1Lk4w-qo.mp4,/Users/rajeshpmu/Desktop/LegalMemoCMT/data/phase2/clancy/corpus/raw/dr-alia-goodheart-psychiatrist-full-testimony-ma-v-lindsay-clancy/dr-alia-goodheart-psychiatrist-full-testimony-ma-v-lindsay-clancy_ZJd1Lk4w-qo.en.vtt,/Users/rajeshpmu/Desktop/LegalMemoCMT/data/processed/phase2/clancy/turn_clips/video/ZJd1Lk4w-qo/ZJd1Lk4w-qo_turn07930.mp4,/Users/rajeshpmu/Desktop/LegalMemoCMT/data/processed/phase2/clancy/turn_clips/audio/ZJd1Lk4w-qo/ZJd1Lk4w-qo_turn07930.wav,01:13:45.032,01:13:45.569,0.600,REJECTED,Duration outlier: outside 0.8-30 second MELD-style range
ZJd1Lk4w-qo_turn07965,ZJd1Lk4w-qo,https://www.youtube.com/watch?v=ZJd1Lk4w-qo,Dr. Alia Goodheart — Psychiatrist | Full Testimony | MA v. Lindsay Clancy,/Users/rajeshpmu/Desktop/LegalMemoCMT/data/phase2/clancy/corpus/raw/dr-alia-goodheart-psychiatrist-full-testimony-ma-v-lindsay-clancy/dr-alia-goodheart-psychiatrist-full-testimony-ma-v-lindsay-clancy_ZJd1Lk4w-qo.mp4,/Users/rajeshpmu/Desktop/LegalMemoCMT/data/phase2/clancy/corpus/raw/dr-alia-goodheart-psychiatrist-full-testimony-ma-v-lindsay-clancy/dr-alia-goodheart-psychiatrist-full-testimony-ma-v-lindsay-clancy_ZJd1Lk4w-qo.en.vtt,/Users/rajeshpmu/Desktop/LegalMemoCMT/data/processed/phase2/clancy/turn_clips/video/ZJd1Lk4w-qo/ZJd1Lk4w-qo_turn07965.mp4,/Users/rajeshpmu/Desktop/LegalMemoCMT/data/processed/phase2/clancy/turn_clips/audio/ZJd1Lk4w-qo/ZJd1Lk4w-qo_turn07965.wav,01:16:10.300,01:16:10.926,0.626,REJECTED,Duration outlier: outside 0.8-30 second MELD-style range
ZJd1Lk4w-qo_turn07980,ZJd1Lk4w-qo,https://www.youtube.com/watch?v=ZJd1Lk4w-qo,Dr. Alia Goodheart — Psychiatrist | Full Testimony | MA v. Lindsay Clancy,/Users/rajeshpmu/Desktop/LegalMemoCMT/data/phase2/clancy/corpus/raw/dr-alia-goodheart-psychiatrist-full-testimony-ma-v-lindsay-clancy/dr-alia-goodheart-psychiatrist-full-testimony-ma-v-lindsay-clancy_ZJd1Lk4w-qo.mp4,/Users/rajeshpmu/Desktop/LegalMemoCMT/data/phase2/clancy/corpus/raw/dr-alia-goodheart-psychiatrist-full-testimony-ma-v-lindsay-clancy/dr-alia-goodheart-psychiatrist-full-testimony-ma-v-lindsay-clancy_ZJd1Lk4w-qo.en.vtt,/Users/rajeshpmu/Desktop/LegalMemoCMT/data/processed/phase2/clancy/turn_clips/video/ZJd1Lk4w-qo/ZJd1Lk4w-qo_turn07980.mp4,/Users/rajeshpmu/Desktop/LegalMemoCMT/data/processed/phase2/clancy/turn_clips/audio/ZJd1Lk4w-qo/ZJd1Lk4w-qo_turn07980.wav,01:17:35.374,01:17:35.830,0.600,REJECTED,Duration outlier: outside 0.8-30 second MELD-style range
ZJd1Lk4w-qo_turn08029,ZJd1Lk4w-qo,https://www.youtube.com/watch?v=ZJd1Lk4w-qo,Dr. Alia Goodheart — Psychiatrist | Full Testimony | MA v. Lindsay Clancy,/Users/rajeshpmu/Desktop/LegalMemoCMT/data/phase2/clancy/corpus/raw/dr-alia-goodheart-psychiatrist-full-testimony-ma-v-lindsay-clancy/dr-alia-goodheart-psychiatrist-full-testimony-ma-v-lindsay-clancy_ZJd1Lk4w-qo.mp4,/Users/rajeshpmu/Desktop/LegalMemoCMT/data/phase2/clancy/corpus/raw/dr-alia-goodheart-psychiatrist-full-testimony-ma-v-lindsay-clancy/dr-alia-goodheart-psychiatrist-full-testimony-ma-v-lindsay-clancy_ZJd1Lk4w-qo.en.vtt,/Users/rajeshpmu/Desktop/LegalMemoCMT/data/processed/phase2/clancy/turn_clips/video/ZJd1Lk4w-qo/ZJd1Lk4w-qo_turn08029.mp4,/Users/rajeshpmu/Desktop/LegalMemoCMT/data/processed/phase2/clancy/turn_clips/audio/ZJd1Lk4w-qo/ZJd1Lk4w-qo_turn08029.wav,01:23:00.360,01:23:00.705,0.600,REJECTED,Duration outlier: outside 0.8-30 second MELD-style range
ZJd1Lk4w-qo_turn08060,ZJd1Lk4w-qo,https://www.youtube.com/watch?v=ZJd1Lk4w-qo,Dr. Alia Goodheart — Psychiatrist | Full Testimony | MA v. Lindsay Clancy,/Users/rajeshpmu/Desktop/LegalMemoCMT/data/phase2/clancy/corpus/raw/dr-alia-goodheart-psychiatrist-full-testimony-ma-v-lindsay-clancy/dr-alia-goodheart-psychiatrist-full-testimony-ma-v-lindsay-clancy_ZJd1Lk4w-qo.mp4,/Users/rajeshpmu/Desktop/LegalMemoCMT/data/phase2/clancy/corpus/raw/dr-alia-goodheart-psychiatrist-full-testimony-ma-v-lindsay-clancy/dr-alia-goodheart-psychiatrist-full-testimony-ma-v-lindsay-clancy_ZJd1Lk4w-qo.en.vtt,/Users/rajeshpmu/Desktop/LegalMemoCMT/data/processed/phase2/clancy/turn_clips/video/ZJd1Lk4w-qo/ZJd1Lk4w-qo_turn08060.mp4,/Users/rajeshpmu/Desktop/LegalMemoCMT/data/processed/phase2/clancy/turn_clips/audio/ZJd1Lk4w-qo/ZJd1Lk4w-qo_turn08060.wav,01:27:29.195,01:28:03.996,34.801,REJECTED,Duration outlier: outside 0.8-30 second MELD-style range
ZJd1Lk4w-qo_turn08141,ZJd1Lk4w-qo,https://www.youtube.com/watch?v=ZJd1Lk4w-qo,Dr. Alia Goodheart — Psychiatrist | Full Testimony | MA v. Lindsay Clancy,/Users/rajeshpmu/Desktop/LegalMemoCMT/data/phase2/clancy/corpus/raw/dr-alia-goodheart-psychiatrist-full-testimony-ma-v-lindsay-clancy/dr-alia-goodheart-psychiatrist-full-testimony-ma-v-lindsay-clancy_ZJd1Lk4w-qo.mp4,/Users/rajeshpmu/Desktop/LegalMemoCMT/data/phase2/clancy/corpus/raw/dr-alia-goodheart-psychiatrist-full-testimony-ma-v-lindsay-clancy/dr-alia-goodheart-psychiatrist-full-testimony-ma-v-lindsay-clancy_ZJd1Lk4w-qo.en.vtt,/Users/rajeshpmu/Desktop/LegalMemoCMT/data/processed/phase2/clancy/turn_clips/video/ZJd1Lk4w-qo/ZJd1Lk4w-qo_turn08141.mp4,/Users/rajeshpmu/Desktop/LegalMemoCMT/data/processed/phase2/clancy/turn_clips/audio/ZJd1Lk4w-qo/ZJd1Lk4w-qo_turn08141.wav,01:37:26.275,01:37:27.061,0.786,REJECTED,Duration outlier: outside 0.8-30 second MELD-style range
ZJd1Lk4w-qo_turn08142,ZJd1Lk4w-qo,https://www.youtube.com/watch?v=ZJd1Lk4w-qo,Dr. Alia Goodheart — Psychiatrist | Full Testimony | MA v. Lindsay Clancy,/Users/rajeshpmu/Desktop/LegalMemoCMT/data/phase2/clancy/corpus/raw/dr-alia-goodheart-psychiatrist-full-testimony-ma-v-lindsay-clancy/dr-alia-goodheart-psychiatrist-full-testimony-ma-v-lindsay-clancy_ZJd1Lk4w-qo.mp4,/Users/rajeshpmu/Desktop/LegalMemoCMT/data/phase2/clancy/corpus/raw/dr-alia-goodheart-psychiatrist-full-testimony-ma-v-lindsay-clancy/dr-alia-goodheart-psychiatrist-full-testimony-ma-v-lindsay-clancy_ZJd1Lk4w-qo.en.vtt,/Users/rajeshpmu/Desktop/LegalMemoCMT/data/processed/phase2/clancy/turn_clips/video/ZJd1Lk4w-qo/ZJd1Lk4w-qo_turn08142.mp4,/Users/rajeshpmu/Desktop/LegalMemoCMT/data/processed/phase2/clancy/turn_clips/audio/ZJd1Lk4w-qo/ZJd1Lk4w-qo_turn08142.wav,01:37:27.061,01:38:37.833,70.772,REJECTED,Duration outlier: outside 0.8-30 second MELD-style range
ZJd1Lk4w-qo_turn08144,ZJd1Lk4w-qo,https://www.youtube.com/watch?v=ZJd1Lk4w-qo,Dr. Alia Goodheart — Psychiatrist | Full Testimony | MA v. Lindsay Clancy,/Users/rajeshpmu/Desktop/LegalMemoCMT/data/phase2/clancy/corpus/raw/dr-alia-goodheart-psychiatrist-full-testimony-ma-v-lindsay-clancy/dr-alia-goodheart-psychiatrist-full-testimony-ma-v-lindsay-clancy_ZJd1Lk4w-qo.mp4,/Users/rajeshpmu/Desktop/LegalMemoCMT/data/phase2/clancy/corpus/raw/dr-alia-goodheart-psychiatrist-full-testimony-ma-v-lindsay-clancy/dr-alia-goodheart-psychiatrist-full-testimony-ma-v-lindsay-clancy_ZJd1Lk4w-qo.en.vtt,/Users/rajeshpmu/Desktop/LegalMemoCMT/data/processed/phase2/clancy/turn_clips/video/ZJd1Lk4w-qo/ZJd1Lk4w-qo_turn08144.mp4,/Users/rajeshpmu/Desktop/LegalMemoCMT/data/processed/phase2/clancy/turn_clips/audio/ZJd1Lk4w-qo/ZJd1Lk4w-qo_turn08144.wav,01:38:44.858,01:38:45.370,0.600,REJECTED,Duration outlier: outside 0.8-30 second MELD-style range
ZJd1Lk4w-qo_turn08198,ZJd1Lk4w-qo,https://www.youtube.com/watch?v=ZJd1Lk4w-qo,Dr. Alia Goodheart — Psychiatrist | Full Testimony | MA v. Lindsay Clancy,/Users/rajeshpmu/Desktop/LegalMemoCMT/data/phase2/clancy/corpus/raw/dr-alia-goodheart-psychiatrist-full-testimony-ma-v-lindsay-clancy/dr-alia-goodheart-psychiatrist-full-testimony-ma-v-lindsay-clancy_ZJd1Lk4w-qo.mp4,/Users/rajeshpmu/Desktop/LegalMemoCMT/data/phase2/clancy/corpus/raw/dr-alia-goodheart-psychiatrist-full-testimony-ma-v-lindsay-clancy/dr-alia-goodheart-psychiatrist-full-testimony-ma-v-lindsay-clancy_ZJd1Lk4w-qo.en.vtt,/Users/rajeshpmu/Desktop/LegalMemoCMT/data/processed/phase2/clancy/turn_clips/video/ZJd1Lk4w-qo/ZJd1Lk4w-qo_turn08198.mp4,/Users/rajeshpmu/Desktop/LegalMemoCMT/data/processed/phase2/clancy/turn_clips/audio/ZJd1Lk4w-qo/ZJd1Lk4w-qo_turn08198.wav,01:44:41.712,01:44:42.039,0.600,REJECTED,Duration outlier: outside 0.8-30 second MELD-style range
ZJd1Lk4w-qo_turn08330,ZJd1Lk4w-qo,https://www.youtube.com/watch?v=ZJd1Lk4w-qo,Dr. Alia Goodheart — Psychiatrist | Full Testimony | MA v. Lindsay Clancy,/Users/rajeshpmu/Desktop/LegalMemoCMT/data/phase2/clancy/corpus/raw/dr-alia-goodheart-psychiatrist-full-testimony-ma-v-lindsay-clancy/dr-alia-goodheart-psychiatrist-full-testimony-ma-v-lindsay-clancy_ZJd1Lk4w-qo.mp4,/Users/rajeshpmu/Desktop/LegalMemoCMT/data/phase2/clancy/corpus/raw/dr-alia-goodheart-psychiatrist-full-testimony-ma-v-lindsay-clancy/dr-alia-goodheart-psychiatrist-full-testimony-ma-v-lindsay-clancy_ZJd1Lk4w-qo.en.vtt,/Users/rajeshpmu/Desktop/LegalMemoCMT/data/processed/phase2/clancy/turn_clips/video/ZJd1Lk4w-qo/ZJd1Lk4w-qo_turn08330.mp4,/Users/rajeshpmu/Desktop/LegalMemoCMT/data/processed/phase2/clancy/turn_clips/audio/ZJd1Lk4w-qo/ZJd1Lk4w-qo_turn08330.wav,01:58:30.735,01:59:14.602,43.867,REJECTED,Duration outlier: outside 0.8-30 second MELD-style range
peYoD-JkAXE_turn08618,peYoD-JkAXE,https://www.youtube.com/watch?v=peYoD-JkAXE,Dr. Jennifer Tufts — Psychiatrist | Full Testimony | MA v. Lindsay Clancy,/Users/rajeshpmu/Desktop/LegalMemoCMT/data/phase2/clancy/corpus/raw/dr-jennifer-tufts-psychiatrist-full-testimony-ma-v-lindsay-clancy/dr-jennifer-tufts-psychiatrist-full-testimony-ma-v-lindsay-clancy_peYoD-JkAXE.mp4,/Users/rajeshpmu/Desktop/LegalMemoCMT/data/phase2/clancy/corpus/raw/dr-jennifer-tufts-psychiatrist-full-testimony-ma-v-lindsay-clancy/dr-jennifer-tufts-psychiatrist-full-testimony-ma-v-lindsay-clancy_peYoD-JkAXE.en.vtt,/Users/rajeshpmu/Desktop/LegalMemoCMT/data/processed/phase2/clancy/turn_clips/video/peYoD-JkAXE/peYoD-JkAXE_turn08618.mp4,/Users/rajeshpmu/Desktop/LegalMemoCMT/data/processed/phase2/clancy/turn_clips/audio/peYoD-JkAXE/peYoD-JkAXE_turn08618.wav,00:02:22.154,00:03:01.883,39.729,REJECTED,Duration outlier: outside 0.8-30 second MELD-style range
peYoD-JkAXE_turn08740,peYoD-JkAXE,https://www.youtube.com/watch?v=peYoD-JkAXE,Dr. Jennifer Tufts — Psychiatrist | Full Testimony | MA v. Lindsay Clancy,/Users/rajeshpmu/Desktop/LegalMemoCMT/data/phase2/clancy/corpus/raw/dr-jennifer-tufts-psychiatrist-full-testimony-ma-v-lindsay-clancy/dr-jennifer-tufts-psychiatrist-full-testimony-ma-v-lindsay-clancy_peYoD-JkAXE.mp4,/Users/rajeshpmu/Desktop/LegalMemoCMT/data/phase2/clancy/corpus/raw/dr-jennifer-tufts-psychiatrist-full-testimony-ma-v-lindsay-clancy/dr-jennifer-tufts-psychiatrist-full-testimony-ma-v-lindsay-clancy_peYoD-JkAXE.en.vtt,/Users/rajeshpmu/Desktop/LegalMemoCMT/data/processed/phase2/clancy/turn_clips/video/peYoD-JkAXE/peYoD-JkAXE_turn08740.mp4,/Users/rajeshpmu/Desktop/LegalMemoCMT/data/processed/phase2/clancy/turn_clips/audio/peYoD-JkAXE/peYoD-JkAXE_turn08740.wav,00:15:51.469,00:16:34.004,42.535,REJECTED,Duration outlier: outside 0.8-30 second MELD-style range
peYoD-JkAXE_turn08742,peYoD-JkAXE,https://www.youtube.com/watch?v=peYoD-JkAXE,Dr. Jennifer Tufts — Psychiatrist | Full Testimony | MA v. Lindsay Clancy,/Users/rajeshpmu/Desktop/LegalMemoCMT/data/phase2/clancy/corpus/raw/dr-jennifer-tufts-psychiatrist-full-testimony-ma-v-lindsay-clancy/dr-jennifer-tufts-psychiatrist-full-testimony-ma-v-lindsay-clancy_peYoD-JkAXE.mp4,/Users/rajeshpmu/Desktop/LegalMemoCMT/data/phase2/clancy/corpus/raw/dr-jennifer-tufts-psychiatrist-full-testimony-ma-v-lindsay-clancy/dr-jennifer-tufts-psychiatrist-full-testimony-ma-v-lindsay-clancy_peYoD-JkAXE.en.vtt,/Users/rajeshpmu/Desktop/LegalMemoCMT/data/processed/phase2/clancy/turn_clips/video/peYoD-JkAXE/peYoD-JkAXE_turn08742.mp4,/Users/rajeshpmu/Desktop/LegalMemoCMT/data/processed/phase2/clancy/turn_clips/audio/peYoD-JkAXE/peYoD-JkAXE_turn08742.wav,00:16:46.005,00:17:58.085,72.080,REJECTED,Duration outlier: outside 0.8-30 second MELD-style range
peYoD-JkAXE_turn08747,peYoD-JkAXE,https://www.youtube.com/watch?v=peYoD-JkAXE,Dr. Jennifer Tufts — Psychiatrist | Full Testimony | MA v. Lindsay Clancy,/Users/rajeshpmu/Desktop/LegalMemoCMT/data/phase2/clancy/corpus/raw/dr-jennifer-tufts-psychiatrist-full-testimony-ma-v-lindsay-clancy/dr-jennifer-tufts-psychiatrist-full-testimony-ma-v-lindsay-clancy_peYoD-JkAXE.mp4,/Users/rajeshpmu/Desktop/LegalMemoCMT/data/phase2/clancy/corpus/raw/dr-jennifer-tufts-psychiatrist-full-testimony-ma-v-lindsay-clancy/dr-jennifer-tufts-psychiatrist-full-testimony-ma-v-lindsay-clancy_peYoD-JkAXE.en.vtt,/Users/rajeshpmu/Desktop/LegalMemoCMT/data/processed/phase2/clancy/turn_clips/video/peYoD-JkAXE/peYoD-JkAXE_turn08747.mp4,/Users/rajeshpmu/Desktop/LegalMemoCMT/data/processed/phase2/clancy/turn_clips/audio/peYoD-JkAXE/peYoD-JkAXE_turn08747.wav,00:18:11.981,00:19:23.938,71.957,REJECTED,Duration outlier: outside 0.8-30 second MELD-style range
peYoD-JkAXE_turn08948,peYoD-JkAXE,https://www.youtube.com/watch?v=peYoD-JkAXE,Dr. Jennifer Tufts — Psychiatrist | Full Testimony | MA v. Lindsay Clancy,/Users/rajeshpmu/Desktop/LegalMemoCMT/data/phase2/clancy/corpus/raw/dr-jennifer-tufts-psychiatrist-full-testimony-ma-v-lindsay-clancy/dr-jennifer-tufts-psychiatrist-full-testimony-ma-v-lindsay-clancy_peYoD-JkAXE.mp4,/Users/rajeshpmu/Desktop/LegalMemoCMT/data/phase2/clancy/corpus/raw/dr-jennifer-tufts-psychiatrist-full-testimony-ma-v-lindsay-clancy/dr-jennifer-tufts-psychiatrist-full-testimony-ma-v-lindsay-clancy_peYoD-JkAXE.en.vtt,/Users/rajeshpmu/Desktop/LegalMemoCMT/data/processed/phase2/clancy/turn_clips/video/peYoD-JkAXE/peYoD-JkAXE_turn08948.mp4,/Users/rajeshpmu/Desktop/LegalMemoCMT/data/processed/phase2/clancy/turn_clips/audio/peYoD-JkAXE/peYoD-JkAXE_turn08948.wav,00:43:26.663,00:44:15.801,49.138,REJECTED,Duration outlier: outside 0.8-30 second MELD-style range
peYoD-JkAXE_turn08949,peYoD-JkAXE,https://www.youtube.com/watch?v=peYoD-JkAXE,Dr. Jennifer Tufts — Psychiatrist | Full Testimony | MA v. Lindsay Clancy,/Users/rajeshpmu/Desktop/LegalMemoCMT/data/phase2/clancy/corpus/raw/dr-jennifer-tufts-psychiatrist-full-testimony-ma-v-lindsay-clancy/dr-jennifer-tufts-psychiatrist-full-testimony-ma-v-lindsay-clancy_peYoD-JkAXE.mp4,/Users/rajeshpmu/Desktop/LegalMemoCMT/data/phase2/clancy/corpus/raw/dr-jennifer-tufts-psychiatrist-full-testimony-ma-v-lindsay-clancy/dr-jennifer-tufts-psychiatrist-full-testimony-ma-v-lindsay-clancy_peYoD-JkAXE.en.vtt,/Users/rajeshpmu/Desktop/LegalMemoCMT/data/processed/phase2/clancy/turn_clips/video/peYoD-JkAXE/peYoD-JkAXE_turn08949.mp4,/Users/rajeshpmu/Desktop/LegalMemoCMT/data/processed/phase2/clancy/turn_clips/audio/peYoD-JkAXE/peYoD-JkAXE_turn08949.wav,00:44:15.801,00:44:51.515,35.714,REJECTED,Duration outlier: outside 0.8-30 second MELD-style range
peYoD-JkAXE_turn08959,peYoD-JkAXE,https://www.youtube.com/watch?v=peYoD-JkAXE,Dr. Jennifer Tufts — Psychiatrist | Full Testimony | MA v. Lindsay Clancy,/Users/rajeshpmu/Desktop/LegalMemoCMT/data/phase2/clancy/corpus/raw/dr-jennifer-tufts-psychiatrist-full-testimony-ma-v-lindsay-clancy/dr-jennifer-tufts-psychiatrist-full-testimony-ma-v-lindsay-clancy_peYoD-JkAXE.mp4,/Users/rajeshpmu/Desktop/LegalMemoCMT/data/phase2/clancy/corpus/raw/dr-jennifer-tufts-psychiatrist-full-testimony-ma-v-lindsay-clancy/dr-jennifer-tufts-psychiatrist-full-testimony-ma-v-lindsay-clancy_peYoD-JkAXE.en.vtt,/Users/rajeshpmu/Desktop/LegalMemoCMT/data/processed/phase2/clancy/turn_clips/video/peYoD-JkAXE/peYoD-JkAXE_turn08959.mp4,/Users/rajeshpmu/Desktop/LegalMemoCMT/data/processed/phase2/clancy/turn_clips/audio/peYoD-JkAXE/peYoD-JkAXE_turn08959.wav,00:45:55.802,00:45:56.096,0.600,REJECTED,Duration outlier: outside 0.8-30 second MELD-style range
peYoD-JkAXE_turn08968,peYoD-JkAXE,https://www.youtube.com/watch?v=peYoD-JkAXE,Dr. Jennifer Tufts — Psychiatrist | Full Testimony | MA v. Lindsay Clancy,/Users/rajeshpmu/Desktop/LegalMemoCMT/data/phase2/clancy/corpus/raw/dr-jennifer-tufts-psychiatrist-full-testimony-ma-v-lindsay-clancy/dr-jennifer-tufts-psychiatrist-full-testimony-ma-v-lindsay-clancy_peYoD-JkAXE.mp4,/Users/rajeshpmu/Desktop/LegalMemoCMT/data/phase2/clancy/corpus/raw/dr-jennifer-tufts-psychiatrist-full-testimony-ma-v-lindsay-clancy/dr-jennifer-tufts-psychiatrist-full-testimony-ma-v-lindsay-clancy_peYoD-JkAXE.en.vtt,/Users/rajeshpmu/Desktop/LegalMemoCMT/data/processed/phase2/clancy/turn_clips/video/peYoD-JkAXE/peYoD-JkAXE_turn08968.mp4,/Users/rajeshpmu/Desktop/LegalMemoCMT/data/processed/phase2/clancy/turn_clips/audio/peYoD-JkAXE/peYoD-JkAXE_turn08968.wav,00:46:56.244,00:46:56.471,0.600,REJECTED,Duration outlier: outside 0.8-30 second MELD-style range
peYoD-JkAXE_turn08969,peYoD-JkAXE,https://www.youtube.com/watch?v=peYoD-JkAXE,Dr. Jennifer Tufts — Psychiatrist | Full Testimony | MA v. Lindsay Clancy,/Users/rajeshpmu/Desktop/LegalMemoCMT/data/phase2/clancy/corpus/raw/dr-jennifer-tufts-psychiatrist-full-testimony-ma-v-lindsay-clancy/dr-jennifer-tufts-psychiatrist-full-testimony-ma-v-lindsay-clancy_peYoD-JkAXE.mp4,/Users/rajeshpmu/Desktop/LegalMemoCMT/data/phase2/clancy/corpus/raw/dr-jennifer-tufts-psychiatrist-full-testimony-ma-v-lindsay-clancy/dr-jennifer-tufts-psychiatrist-full-testimony-ma-v-lindsay-clancy_peYoD-JkAXE.en.vtt,/Users/rajeshpmu/Desktop/LegalMemoCMT/data/processed/phase2/clancy/turn_clips/video/peYoD-JkAXE/peYoD-JkAXE_turn08969.mp4,/Users/rajeshpmu/Desktop/LegalMemoCMT/data/processed/phase2/clancy/turn_clips/audio/peYoD-JkAXE/peYoD-JkAXE_turn08969.wav,00:46:56.471,00:47:27.561,31.090,REJECTED,Duration outlier: outside 0.8-30 second MELD-style range
peYoD-JkAXE_turn09024,peYoD-JkAXE,https://www.youtube.com/watch?v=peYoD-JkAXE,Dr. Jennifer Tufts — Psychiatrist | Full Testimony | MA v. Lindsay Clancy,/Users/rajeshpmu/Desktop/LegalMemoCMT/data/phase2/clancy/corpus/raw/dr-jennifer-tufts-psychiatrist-full-testimony-ma-v-lindsay-clancy/dr-jennifer-tufts-psychiatrist-full-testimony-ma-v-lindsay-clancy_peYoD-JkAXE.mp4,/Users/rajeshpmu/Desktop/LegalMemoCMT/data/phase2/clancy/corpus/raw/dr-jennifer-tufts-psychiatrist-full-testimony-ma-v-lindsay-clancy/dr-jennifer-tufts-psychiatrist-full-testimony-ma-v-lindsay-clancy_peYoD-JkAXE.en.vtt,/Users/rajeshpmu/Desktop/LegalMemoCMT/data/processed/phase2/clancy/turn_clips/video/peYoD-JkAXE/peYoD-JkAXE_turn09024.mp4,/Users/rajeshpmu/Desktop/LegalMemoCMT/data/processed/phase2/clancy/turn_clips/audio/peYoD-JkAXE/peYoD-JkAXE_turn09024.wav,00:57:21.599,00:58:17.111,55.512,REJECTED,Duration outlier: outside 0.8-30 second MELD-style range
peYoD-JkAXE_turn09038,peYoD-JkAXE,https://www.youtube.com/watch?v=peYoD-JkAXE,Dr. Jennifer Tufts — Psychiatrist | Full Testimony | MA v. Lindsay Clancy,/Users/rajeshpmu/Desktop/LegalMemoCMT/data/phase2/clancy/corpus/raw/dr-jennifer-tufts-psychiatrist-full-testimony-ma-v-lindsay-clancy/dr-jennifer-tufts-psychiatrist-full-testimony-ma-v-lindsay-clancy_peYoD-JkAXE.mp4,/Users/rajeshpmu/Desktop/LegalMemoCMT/data/phase2/clancy/corpus/raw/dr-jennifer-tufts-psychiatrist-full-testimony-ma-v-lindsay-clancy/dr-jennifer-tufts-psychiatrist-full-testimony-ma-v-lindsay-clancy_peYoD-JkAXE.en.vtt,/Users/rajeshpmu/Desktop/LegalMemoCMT/data/processed/phase2/clancy/turn_clips/video/peYoD-JkAXE/peYoD-JkAXE_turn09038.mp4,/Users/rajeshpmu/Desktop/LegalMemoCMT/data/processed/phase2/clancy/turn_clips/audio/peYoD-JkAXE/peYoD-JkAXE_turn09038.wav,01:00:24.705,01:00:55.965,31.260,REJECTED,Duration outlier: outside 0.8-30 second MELD-style range
peYoD-JkAXE_turn09152,peYoD-JkAXE,https://www.youtube.com/watch?v=peYoD-JkAXE,Dr. Jennifer Tufts — Psychiatrist | Full Testimony | MA v. Lindsay Clancy,/Users/rajeshpmu/Desktop/LegalMemoCMT/data/phase2/clancy/corpus/raw/dr-jennifer-tufts-psychiatrist-full-testimony-ma-v-lindsay-clancy/dr-jennifer-tufts-psychiatrist-full-testimony-ma-v-lindsay-clancy_peYoD-JkAXE.mp4,/Users/rajeshpmu/Desktop/LegalMemoCMT/data/phase2/clancy/corpus/raw/dr-jennifer-tufts-psychiatrist-full-testimony-ma-v-lindsay-clancy/dr-jennifer-tufts-psychiatrist-full-testimony-ma-v-lindsay-clancy_peYoD-JkAXE.en.vtt,/Users/rajeshpmu/Desktop/LegalMemoCMT/data/processed/phase2/clancy/turn_clips/video/peYoD-JkAXE/peYoD-JkAXE_turn09152.mp4,/Users/rajeshpmu/Desktop/LegalMemoCMT/data/processed/phase2/clancy/turn_clips/audio/peYoD-JkAXE/peYoD-JkAXE_turn09152.wav,01:11:51.273,01:11:51.950,0.677,REJECTED,Duration outlier: outside 0.8-30 second MELD-style range
peYoD-JkAXE_turn09187,peYoD-JkAXE,https://www.youtube.com/watch?v=peYoD-JkAXE,Dr. Jennifer Tufts — Psychiatrist | Full Testimony | MA v. Lindsay Clancy,/Users/rajeshpmu/Desktop/LegalMemoCMT/data/phase2/clancy/corpus/raw/dr-jennifer-tufts-psychiatrist-full-testimony-ma-v-lindsay-clancy/dr-jennifer-tufts-psychiatrist-full-testimony-ma-v-lindsay-clancy_peYoD-JkAXE.mp4,/Users/rajeshpmu/Desktop/LegalMemoCMT/data/phase2/clancy/corpus/raw/dr-jennifer-tufts-psychiatrist-full-testimony-ma-v-lindsay-clancy/dr-jennifer-tufts-psychiatrist-full-testimony-ma-v-lindsay-clancy_peYoD-JkAXE.en.vtt,/Users/rajeshpmu/Desktop/LegalMemoCMT/data/processed/phase2/clancy/turn_clips/video/peYoD-JkAXE/peYoD-JkAXE_turn09187.mp4,/Users/rajeshpmu/Desktop/LegalMemoCMT/data/processed/phase2/clancy/turn_clips/audio/peYoD-JkAXE/peYoD-JkAXE_turn09187.wav,01:15:05.314,01:15:39.554,34.240,REJECTED,Duration outlier: outside 0.8-30 second MELD-style range
peYoD-JkAXE_turn09205,peYoD-JkAXE,https://www.youtube.com/watch?v=peYoD-JkAXE,Dr. Jennifer Tufts — Psychiatrist | Full Testimony | MA v. Lindsay Clancy,/Users/rajeshpmu/Desktop/LegalMemoCMT/data/phase2/clancy/corpus/raw/dr-jennifer-tufts-psychiatrist-full-testimony-ma-v-lindsay-clancy/dr-jennifer-tufts-psychiatrist-full-testimony-ma-v-lindsay-clancy_peYoD-JkAXE.mp4,/Users/rajeshpmu/Desktop/LegalMemoCMT/data/phase2/clancy/corpus/raw/dr-jennifer-tufts-psychiatrist-full-testimony-ma-v-lindsay-clancy/dr-jennifer-tufts-psychiatrist-full-testimony-ma-v-lindsay-clancy_peYoD-JkAXE.en.vtt,/Users/rajeshpmu/Desktop/LegalMemoCMT/data/processed/phase2/clancy/turn_clips/video/peYoD-JkAXE/peYoD-JkAXE_turn09205.mp4,/Users/rajeshpmu/Desktop/LegalMemoCMT/data/processed/phase2/clancy/turn_clips/audio/peYoD-JkAXE/peYoD-JkAXE_turn09205.wav,01:17:01.385,01:17:36.700,35.315,REJECTED,Duration outlier: outside 0.8-30 second MELD-style range
peYoD-JkAXE_turn09213,peYoD-JkAXE,https://www.youtube.com/watch?v=peYoD-JkAXE,Dr. Jennifer Tufts — Psychiatrist | Full Testimony | MA v. Lindsay Clancy,/Users/rajeshpmu/Desktop/LegalMemoCMT/data/phase2/clancy/corpus/raw/dr-jennifer-tufts-psychiatrist-full-testimony-ma-v-lindsay-clancy/dr-jennifer-tufts-psychiatrist-full-testimony-ma-v-lindsay-clancy_peYoD-JkAXE.mp4,/Users/rajeshpmu/Desktop/LegalMemoCMT/data/phase2/clancy/corpus/raw/dr-jennifer-tufts-psychiatrist-full-testimony-ma-v-lindsay-clancy/dr-jennifer-tufts-psychiatrist-full-testimony-ma-v-lindsay-clancy_peYoD-JkAXE.en.vtt,/Users/rajeshpmu/Desktop/LegalMemoCMT/data/processed/phase2/clancy/turn_clips/video/peYoD-JkAXE/peYoD-JkAXE_turn09213.mp4,/Users/rajeshpmu/Desktop/LegalMemoCMT/data/processed/phase2/clancy/turn_clips/audio/peYoD-JkAXE/peYoD-JkAXE_turn09213.wav,01:18:12.992,01:18:13.729,0.737,REJECTED,Duration outlier: outside 0.8-30 second MELD-style range
peYoD-JkAXE_turn09287,peYoD-JkAXE,https://www.youtube.com/watch?v=peYoD-JkAXE,Dr. Jennifer Tufts — Psychiatrist | Full Testimony | MA v. Lindsay Clancy,/Users/rajeshpmu/Desktop/LegalMemoCMT/data/phase2/clancy/corpus/raw/dr-jennifer-tufts-psychiatrist-full-testimony-ma-v-lindsay-clancy/dr-jennifer-tufts-psychiatrist-full-testimony-ma-v-lindsay-clancy_peYoD-JkAXE.mp4,/Users/rajeshpmu/Desktop/LegalMemoCMT/data/phase2/clancy/corpus/raw/dr-jennifer-tufts-psychiatrist-full-testimony-ma-v-lindsay-clancy/dr-jennifer-tufts-psychiatrist-full-testimony-ma-v-lindsay-clancy_peYoD-JkAXE.en.vtt,/Users/rajeshpmu/Desktop/LegalMemoCMT/data/processed/phase2/clancy/turn_clips/video/peYoD-JkAXE/peYoD-JkAXE_turn09287.mp4,/Users/rajeshpmu/Desktop/LegalMemoCMT/data/processed/phase2/clancy/turn_clips/audio/peYoD-JkAXE/peYoD-JkAXE_turn09287.wav,01:25:34.492,01:25:35.005,0.600,REJECTED,Duration outlier: outside 0.8-30 second MELD-style range
peYoD-JkAXE_turn09320,peYoD-JkAXE,https://www.youtube.com/watch?v=peYoD-JkAXE,Dr. Jennifer Tufts — Psychiatrist | Full Testimony | MA v. Lindsay Clancy,/Users/rajeshpmu/Desktop/LegalMemoCMT/data/phase2/clancy/corpus/raw/dr-jennifer-tufts-psychiatrist-full-testimony-ma-v-lindsay-clancy/dr-jennifer-tufts-psychiatrist-full-testimony-ma-v-lindsay-clancy_peYoD-JkAXE.mp4,/Users/rajeshpmu/Desktop/LegalMemoCMT/data/phase2/clancy/corpus/raw/dr-jennifer-tufts-psychiatrist-full-testimony-ma-v-lindsay-clancy/dr-jennifer-tufts-psychiatrist-full-testimony-ma-v-lindsay-clancy_peYoD-JkAXE.en.vtt,/Users/rajeshpmu/Desktop/LegalMemoCMT/data/processed/phase2/clancy/turn_clips/video/peYoD-JkAXE/peYoD-JkAXE_turn09320.mp4,/Users/rajeshpmu/Desktop/LegalMemoCMT/data/processed/phase2/clancy/turn_clips/audio/peYoD-JkAXE/peYoD-JkAXE_turn09320.wav,01:29:03.604,01:29:45.877,42.273,REJECTED,Duration outlier: outside 0.8-30 second MELD-style range
peYoD-JkAXE_turn09372,peYoD-JkAXE,https://www.youtube.com/watch?v=peYoD-JkAXE,Dr. Jennifer Tufts — Psychiatrist | Full Testimony | MA v. Lindsay Clancy,/Users/rajeshpmu/Desktop/LegalMemoCMT/data/phase2/clancy/corpus/raw/dr-jennifer-tufts-psychiatrist-full-testimony-ma-v-lindsay-clancy/dr-jennifer-tufts-psychiatrist-full-testimony-ma-v-lindsay-clancy_peYoD-JkAXE.mp4,/Users/rajeshpmu/Desktop/LegalMemoCMT/data/phase2/clancy/corpus/raw/dr-jennifer-tufts-psychiatrist-full-testimony-ma-v-lindsay-clancy/dr-jennifer-tufts-psychiatrist-full-testimony-ma-v-lindsay-clancy_peYoD-JkAXE.en.vtt,/Users/rajeshpmu/Desktop/LegalMemoCMT/data/processed/phase2/clancy/turn_clips/video/peYoD-JkAXE/peYoD-JkAXE_turn09372.mp4,/Users/rajeshpmu/Desktop/LegalMemoCMT/data/processed/phase2/clancy/turn_clips/audio/peYoD-JkAXE/peYoD-JkAXE_turn09372.wav,01:34:55.734,01:35:58.768,63.034,REJECTED,Duration outlier: outside 0.8-30 second MELD-style range
peYoD-JkAXE_turn09378,peYoD-JkAXE,https://www.youtube.com/watch?v=peYoD-JkAXE,Dr. Jennifer Tufts — Psychiatrist | Full Testimony | MA v. Lindsay Clancy,/Users/rajeshpmu/Desktop/LegalMemoCMT/data/phase2/clancy/corpus/raw/dr-jennifer-tufts-psychiatrist-full-testimony-ma-v-lindsay-clancy/dr-jennifer-tufts-psychiatrist-full-testimony-ma-v-lindsay-clancy_peYoD-JkAXE.mp4,/Users/rajeshpmu/Desktop/LegalMemoCMT/data/phase2/clancy/corpus/raw/dr-jennifer-tufts-psychiatrist-full-testimony-ma-v-lindsay-clancy/dr-jennifer-tufts-psychiatrist-full-testimony-ma-v-lindsay-clancy_peYoD-JkAXE.en.vtt,/Users/rajeshpmu/Desktop/LegalMemoCMT/data/processed/phase2/clancy/turn_clips/video/peYoD-JkAXE/peYoD-JkAXE_turn09378.mp4,/Users/rajeshpmu/Desktop/LegalMemoCMT/data/processed/phase2/clancy/turn_clips/audio/peYoD-JkAXE/peYoD-JkAXE_turn09378.wav,01:36:32.629,01:37:22.332,49.703,REJECTED,Duration outlier: outside 0.8-30 second MELD-style range
peYoD-JkAXE_turn09394,peYoD-JkAXE,https://www.youtube.com/watch?v=peYoD-JkAXE,Dr. Jennifer Tufts — Psychiatrist | Full Testimony | MA v. Lindsay Clancy,/Users/rajeshpmu/Desktop/LegalMemoCMT/data/phase2/clancy/corpus/raw/dr-jennifer-tufts-psychiatrist-full-testimony-ma-v-lindsay-clancy/dr-jennifer-tufts-psychiatrist-full-testimony-ma-v-lindsay-clancy_peYoD-JkAXE.mp4,/Users/rajeshpmu/Desktop/LegalMemoCMT/data/phase2/clancy/corpus/raw/dr-jennifer-tufts-psychiatrist-full-testimony-ma-v-lindsay-clancy/dr-jennifer-tufts-psychiatrist-full-testimony-ma-v-lindsay-clancy_peYoD-JkAXE.en.vtt,/Users/rajeshpmu/Desktop/LegalMemoCMT/data/processed/phase2/clancy/turn_clips/video/peYoD-JkAXE/peYoD-JkAXE_turn09394.mp4,/Users/rajeshpmu/Desktop/LegalMemoCMT/data/processed/phase2/clancy/turn_clips/audio/peYoD-JkAXE/peYoD-JkAXE_turn09394.wav,01:38:47.854,01:39:40.448,52.594,REJECTED,Duration outlier: outside 0.8-30 second MELD-style range
peYoD-JkAXE_turn09404,peYoD-JkAXE,https://www.youtube.com/watch?v=peYoD-JkAXE,Dr. Jennifer Tufts — Psychiatrist | Full Testimony | MA v. Lindsay Clancy,/Users/rajeshpmu/Desktop/LegalMemoCMT/data/phase2/clancy/corpus/raw/dr-jennifer-tufts-psychiatrist-full-testimony-ma-v-lindsay-clancy/dr-jennifer-tufts-psychiatrist-full-testimony-ma-v-lindsay-clancy_peYoD-JkAXE.mp4,/Users/rajeshpmu/Desktop/LegalMemoCMT/data/phase2/clancy/corpus/raw/dr-jennifer-tufts-psychiatrist-full-testimony-ma-v-lindsay-clancy/dr-jennifer-tufts-psychiatrist-full-testimony-ma-v-lindsay-clancy_peYoD-JkAXE.en.vtt,/Users/rajeshpmu/Desktop/LegalMemoCMT/data/processed/phase2/clancy/turn_clips/video/peYoD-JkAXE/peYoD-JkAXE_turn09404.mp4,/Users/rajeshpmu/Desktop/LegalMemoCMT/data/processed/phase2/clancy/turn_clips/audio/peYoD-JkAXE/peYoD-JkAXE_turn09404.wav,01:40:47.258,01:41:33.753,46.495,REJECTED,Duration outlier: outside 0.8-30 second MELD-style range
peYoD-JkAXE_turn09421,peYoD-JkAXE,https://www.youtube.com/watch?v=peYoD-JkAXE,Dr. Jennifer Tufts — Psychiatrist | Full Testimony | MA v. Lindsay Clancy,/Users/rajeshpmu/Desktop/LegalMemoCMT/data/phase2/clancy/corpus/raw/dr-jennifer-tufts-psychiatrist-full-testimony-ma-v-lindsay-clancy/dr-jennifer-tufts-psychiatrist-full-testimony-ma-v-lindsay-clancy_peYoD-JkAXE.mp4,/Users/rajeshpmu/Desktop/LegalMemoCMT/data/phase2/clancy/corpus/raw/dr-jennifer-tufts-psychiatrist-full-testimony-ma-v-lindsay-clancy/dr-jennifer-tufts-psychiatrist-full-testimony-ma-v-lindsay-clancy_peYoD-JkAXE.en.vtt,/Users/rajeshpmu/Desktop/LegalMemoCMT/data/processed/phase2/clancy/turn_clips/video/peYoD-JkAXE/peYoD-JkAXE_turn09421.mp4,/Users/rajeshpmu/Desktop/LegalMemoCMT/data/processed/phase2/clancy/turn_clips/audio/peYoD-JkAXE/peYoD-JkAXE_turn09421.wav,01:42:55.783,01:43:34.407,38.624,REJECTED,Duration outlier: outside 0.8-30 second MELD-style range
peYoD-JkAXE_turn09493,peYoD-JkAXE,https://www.youtube.com/watch?v=peYoD-JkAXE,Dr. Jennifer Tufts — Psychiatrist | Full Testimony | MA v. Lindsay Clancy,/Users/rajeshpmu/Desktop/LegalMemoCMT/data/phase2/clancy/corpus/raw/dr-jennifer-tufts-psychiatrist-full-testimony-ma-v-lindsay-clancy/dr-jennifer-tufts-psychiatrist-full-testimony-ma-v-lindsay-clancy_peYoD-JkAXE.mp4,/Users/rajeshpmu/Desktop/LegalMemoCMT/data/phase2/clancy/corpus/raw/dr-jennifer-tufts-psychiatrist-full-testimony-ma-v-lindsay-clancy/dr-jennifer-tufts-psychiatrist-full-testimony-ma-v-lindsay-clancy_peYoD-JkAXE.en.vtt,/Users/rajeshpmu/Desktop/LegalMemoCMT/data/processed/phase2/clancy/turn_clips/video/peYoD-JkAXE/peYoD-JkAXE_turn09493.mp4,/Users/rajeshpmu/Desktop/LegalMemoCMT/data/processed/phase2/clancy/turn_clips/audio/peYoD-JkAXE/peYoD-JkAXE_turn09493.wav,01:49:58.630,01:50:43.445,44.815,REJECTED,Duration outlier: outside 0.8-30 second MELD-style range
peYoD-JkAXE_turn09523,peYoD-JkAXE,https://www.youtube.com/watch?v=peYoD-JkAXE,Dr. Jennifer Tufts — Psychiatrist | Full Testimony | MA v. Lindsay Clancy,/Users/rajeshpmu/Desktop/LegalMemoCMT/data/phase2/clancy/corpus/raw/dr-jennifer-tufts-psychiatrist-full-testimony-ma-v-lindsay-clancy/dr-jennifer-tufts-psychiatrist-full-testimony-ma-v-lindsay-clancy_peYoD-JkAXE.mp4,/Users/rajeshpmu/Desktop/LegalMemoCMT/data/phase2/clancy/corpus/raw/dr-jennifer-tufts-psychiatrist-full-testimony-ma-v-lindsay-clancy/dr-jennifer-tufts-psychiatrist-full-testimony-ma-v-lindsay-clancy_peYoD-JkAXE.en.vtt,/Users/rajeshpmu/Desktop/LegalMemoCMT/data/processed/phase2/clancy/turn_clips/video/peYoD-JkAXE/peYoD-JkAXE_turn09523.mp4,/Users/rajeshpmu/Desktop/LegalMemoCMT/data/processed/phase2/clancy/turn_clips/audio/peYoD-JkAXE/peYoD-JkAXE_turn09523.wav,01:54:28.108,01:55:12.239,44.131,REJECTED,Duration outlier: outside 0.8-30 second MELD-style range
peYoD-JkAXE_turn09544,peYoD-JkAXE,https://www.youtube.com/watch?v=peYoD-JkAXE,Dr. Jennifer Tufts — Psychiatrist | Full Testimony | MA v. Lindsay Clancy,/Users/rajeshpmu/Desktop/LegalMemoCMT/data/phase2/clancy/corpus/raw/dr-jennifer-tufts-psychiatrist-full-testimony-ma-v-lindsay-clancy/dr-jennifer-tufts-psychiatrist-full-testimony-ma-v-lindsay-clancy_peYoD-JkAXE.mp4,/Users/rajeshpmu/Desktop/LegalMemoCMT/data/phase2/clancy/corpus/raw/dr-jennifer-tufts-psychiatrist-full-testimony-ma-v-lindsay-clancy/dr-jennifer-tufts-psychiatrist-full-testimony-ma-v-lindsay-clancy_peYoD-JkAXE.en.vtt,/Users/rajeshpmu/Desktop/LegalMemoCMT/data/processed/phase2/clancy/turn_clips/video/peYoD-JkAXE/peYoD-JkAXE_turn09544.mp4,/Users/rajeshpmu/Desktop/LegalMemoCMT/data/processed/phase2/clancy/turn_clips/audio/peYoD-JkAXE/peYoD-JkAXE_turn09544.wav,01:58:43.844,01:59:14.573,30.729,REJECTED,Duration outlier: outside 0.8-30 second MELD-style range
peYoD-JkAXE_turn09580,peYoD-JkAXE,https://www.youtube.com/watch?v=peYoD-JkAXE,Dr. Jennifer Tufts — Psychiatrist | Full Testimony | MA v. Lindsay Clancy,/Users/rajeshpmu/Desktop/LegalMemoCMT/data/phase2/clancy/corpus/raw/dr-jennifer-tufts-psychiatrist-full-testimony-ma-v-lindsay-clancy/dr-jennifer-tufts-psychiatrist-full-testimony-ma-v-lindsay-clancy_peYoD-JkAXE.mp4,/Users/rajeshpmu/Desktop/LegalMemoCMT/data/phase2/clancy/corpus/raw/dr-jennifer-tufts-psychiatrist-full-testimony-ma-v-lindsay-clancy/dr-jennifer-tufts-psychiatrist-full-testimony-ma-v-lindsay-clancy_peYoD-JkAXE.en.vtt,/Users/rajeshpmu/Desktop/LegalMemoCMT/data/processed/phase2/clancy/turn_clips/video/peYoD-JkAXE/peYoD-JkAXE_turn09580.mp4,/Users/rajeshpmu/Desktop/LegalMemoCMT/data/processed/phase2/clancy/turn_clips/audio/peYoD-JkAXE/peYoD-JkAXE_turn09580.wav,02:02:45.326,02:03:21.123,35.797,REJECTED,Duration outlier: outside 0.8-30 second MELD-style range
peYoD-JkAXE_turn09593,peYoD-JkAXE,https://www.youtube.com/watch?v=peYoD-JkAXE,Dr. Jennifer Tufts — Psychiatrist | Full Testimony | MA v. Lindsay Clancy,/Users/rajeshpmu/Desktop/LegalMemoCMT/data/phase2/clancy/corpus/raw/dr-jennifer-tufts-psychiatrist-full-testimony-ma-v-lindsay-clancy/dr-jennifer-tufts-psychiatrist-full-testimony-ma-v-lindsay-clancy_peYoD-JkAXE.mp4,/Users/rajeshpmu/Desktop/LegalMemoCMT/data/phase2/clancy/corpus/raw/dr-jennifer-tufts-psychiatrist-full-testimony-ma-v-lindsay-clancy/dr-jennifer-tufts-psychiatrist-full-testimony-ma-v-lindsay-clancy_peYoD-JkAXE.en.vtt,/Users/rajeshpmu/Desktop/LegalMemoCMT/data/processed/phase2/clancy/turn_clips/video/peYoD-JkAXE/peYoD-JkAXE_turn09593.mp4,/Users/rajeshpmu/Desktop/LegalMemoCMT/data/processed/phase2/clancy/turn_clips/audio/peYoD-JkAXE/peYoD-JkAXE_turn09593.wav,02:04:08.476,02:05:02.873,54.397,REJECTED,Duration outlier: outside 0.8-30 second MELD-style range
peYoD-JkAXE_turn09606,peYoD-JkAXE,https://www.youtube.com/watch?v=peYoD-JkAXE,Dr. Jennifer Tufts — Psychiatrist | Full Testimony | MA v. Lindsay Clancy,/Users/rajeshpmu/Desktop/LegalMemoCMT/data/phase2/clancy/corpus/raw/dr-jennifer-tufts-psychiatrist-full-testimony-ma-v-lindsay-clancy/dr-jennifer-tufts-psychiatrist-full-testimony-ma-v-lindsay-clancy_peYoD-JkAXE.mp4,/Users/rajeshpmu/Desktop/LegalMemoCMT/data/phase2/clancy/corpus/raw/dr-jennifer-tufts-psychiatrist-full-testimony-ma-v-lindsay-clancy/dr-jennifer-tufts-psychiatrist-full-testimony-ma-v-lindsay-clancy_peYoD-JkAXE.en.vtt,/Users/rajeshpmu/Desktop/LegalMemoCMT/data/processed/phase2/clancy/turn_clips/video/peYoD-JkAXE/peYoD-JkAXE_turn09606.mp4,/Users/rajeshpmu/Desktop/LegalMemoCMT/data/processed/phase2/clancy/turn_clips/audio/peYoD-JkAXE/peYoD-JkAXE_turn09606.wav,02:05:45.189,02:06:20.357,35.168,REJECTED,Duration outlier: outside 0.8-30 second MELD-style range
peYoD-JkAXE_turn09637,peYoD-JkAXE,https://www.youtube.com/watch?v=peYoD-JkAXE,Dr. Jennifer Tufts — Psychiatrist | Full Testimony | MA v. Lindsay Clancy,/Users/rajeshpmu/Desktop/LegalMemoCMT/data/phase2/clancy/corpus/raw/dr-jennifer-tufts-psychiatrist-full-testimony-ma-v-lindsay-clancy/dr-jennifer-tufts-psychiatrist-full-testimony-ma-v-lindsay-clancy_peYoD-JkAXE.mp4,/Users/rajeshpmu/Desktop/LegalMemoCMT/data/phase2/clancy/corpus/raw/dr-jennifer-tufts-psychiatrist-full-testimony-ma-v-lindsay-clancy/dr-jennifer-tufts-psychiatrist-full-testimony-ma-v-lindsay-clancy_peYoD-JkAXE.en.vtt,/Users/rajeshpmu/Desktop/LegalMemoCMT/data/processed/phase2/clancy/turn_clips/video/peYoD-JkAXE/peYoD-JkAXE_turn09637.mp4,/Users/rajeshpmu/Desktop/LegalMemoCMT/data/processed/phase2/clancy/turn_clips/audio/peYoD-JkAXE/peYoD-JkAXE_turn09637.wav,02:08:42.395,02:09:20.468,38.073,REJECTED,Duration outlier: outside 0.8-30 second MELD-style range
peYoD-JkAXE_turn09671,peYoD-JkAXE,https://www.youtube.com/watch?v=peYoD-JkAXE,Dr. Jennifer Tufts — Psychiatrist | Full Testimony | MA v. Lindsay Clancy,/Users/rajeshpmu/Desktop/LegalMemoCMT/data/phase2/clancy/corpus/raw/dr-jennifer-tufts-psychiatrist-full-testimony-ma-v-lindsay-clancy/dr-jennifer-tufts-psychiatrist-full-testimony-ma-v-lindsay-clancy_peYoD-JkAXE.mp4,/Users/rajeshpmu/Desktop/LegalMemoCMT/data/phase2/clancy/corpus/raw/dr-jennifer-tufts-psychiatrist-full-testimony-ma-v-lindsay-clancy/dr-jennifer-tufts-psychiatrist-full-testimony-ma-v-lindsay-clancy_peYoD-JkAXE.en.vtt,/Users/rajeshpmu/Desktop/LegalMemoCMT/data/processed/phase2/clancy/turn_clips/video/peYoD-JkAXE/peYoD-JkAXE_turn09671.mp4,/Users/rajeshpmu/Desktop/LegalMemoCMT/data/processed/phase2/clancy/turn_clips/audio/peYoD-JkAXE/peYoD-JkAXE_turn09671.wav,02:14:16.550,02:14:48.063,31.513,REJECTED,Duration outlier: outside 0.8-30 second MELD-style range
peYoD-JkAXE_turn09687,peYoD-JkAXE,https://www.youtube.com/watch?v=peYoD-JkAXE,Dr. Jennifer Tufts — Psychiatrist | Full Testimony | MA v. Lindsay Clancy,/Users/rajeshpmu/Desktop/LegalMemoCMT/data/phase2/clancy/corpus/raw/dr-jennifer-tufts-psychiatrist-full-testimony-ma-v-lindsay-clancy/dr-jennifer-tufts-psychiatrist-full-testimony-ma-v-lindsay-clancy_peYoD-JkAXE.mp4,/Users/rajeshpmu/Desktop/LegalMemoCMT/data/phase2/clancy/corpus/raw/dr-jennifer-tufts-psychiatrist-full-testimony-ma-v-lindsay-clancy/dr-jennifer-tufts-psychiatrist-full-testimony-ma-v-lindsay-clancy_peYoD-JkAXE.en.vtt,/Users/rajeshpmu/Desktop/LegalMemoCMT/data/processed/phase2/clancy/turn_clips/video/peYoD-JkAXE/peYoD-JkAXE_turn09687.mp4,/Users/rajeshpmu/Desktop/LegalMemoCMT/data/processed/phase2/clancy/turn_clips/audio/peYoD-JkAXE/peYoD-JkAXE_turn09687.wav,02:16:33.696,02:17:03.943,30.247,REJECTED,Duration outlier: outside 0.8-30 second MELD-style range
peYoD-JkAXE_turn09785,peYoD-JkAXE,https://www.youtube.com/watch?v=peYoD-JkAXE,Dr. Jennifer Tufts — Psychiatrist | Full Testimony | MA v. Lindsay Clancy,/Users/rajeshpmu/Desktop/LegalMemoCMT/data/phase2/clancy/corpus/raw/dr-jennifer-tufts-psychiatrist-full-testimony-ma-v-lindsay-clancy/dr-jennifer-tufts-psychiatrist-full-testimony-ma-v-lindsay-clancy_peYoD-JkAXE.mp4,/Users/rajeshpmu/Desktop/LegalMemoCMT/data/phase2/clancy/corpus/raw/dr-jennifer-tufts-psychiatrist-full-testimony-ma-v-lindsay-clancy/dr-jennifer-tufts-psychiatrist-full-testimony-ma-v-lindsay-clancy_peYoD-JkAXE.en.vtt,/Users/rajeshpmu/Desktop/LegalMemoCMT/data/processed/phase2/clancy/turn_clips/video/peYoD-JkAXE/peYoD-JkAXE_turn09785.mp4,/Users/rajeshpmu/Desktop/LegalMemoCMT/data/processed/phase2/clancy/turn_clips/audio/peYoD-JkAXE/peYoD-JkAXE_turn09785.wav,02:28:33.190,02:28:33.515,0.600,REJECTED,Duration outlier: outside 0.8-30 second MELD-style range
peYoD-JkAXE_turn09788,peYoD-JkAXE,https://www.youtube.com/watch?v=peYoD-JkAXE,Dr. Jennifer Tufts — Psychiatrist | Full Testimony | MA v. Lindsay Clancy,/Users/rajeshpmu/Desktop/LegalMemoCMT/data/phase2/clancy/corpus/raw/dr-jennifer-tufts-psychiatrist-full-testimony-ma-v-lindsay-clancy/dr-jennifer-tufts-psychiatrist-full-testimony-ma-v-lindsay-clancy_peYoD-JkAXE.mp4,/Users/rajeshpmu/Desktop/LegalMemoCMT/data/phase2/clancy/corpus/raw/dr-jennifer-tufts-psychiatrist-full-testimony-ma-v-lindsay-clancy/dr-jennifer-tufts-psychiatrist-full-testimony-ma-v-lindsay-clancy_peYoD-JkAXE.en.vtt,/Users/rajeshpmu/Desktop/LegalMemoCMT/data/processed/phase2/clancy/turn_clips/video/peYoD-JkAXE/peYoD-JkAXE_turn09788.mp4,/Users/rajeshpmu/Desktop/LegalMemoCMT/data/processed/phase2/clancy/turn_clips/audio/peYoD-JkAXE/peYoD-JkAXE_turn09788.wav,02:28:37.443,02:28:37.825,0.600,REJECTED,Duration outlier: outside 0.8-30 second MELD-style range
peYoD-JkAXE_turn09892,peYoD-JkAXE,https://www.youtube.com/watch?v=peYoD-JkAXE,Dr. Jennifer Tufts — Psychiatrist | Full Testimony | MA v. Lindsay Clancy,/Users/rajeshpmu/Desktop/LegalMemoCMT/data/phase2/clancy/corpus/raw/dr-jennifer-tufts-psychiatrist-full-testimony-ma-v-lindsay-clancy/dr-jennifer-tufts-psychiatrist-full-testimony-ma-v-lindsay-clancy_peYoD-JkAXE.mp4,/Users/rajeshpmu/Desktop/LegalMemoCMT/data/phase2/clancy/corpus/raw/dr-jennifer-tufts-psychiatrist-full-testimony-ma-v-lindsay-clancy/dr-jennifer-tufts-psychiatrist-full-testimony-ma-v-lindsay-clancy_peYoD-JkAXE.en.vtt,/Users/rajeshpmu/Desktop/LegalMemoCMT/data/processed/phase2/clancy/turn_clips/video/peYoD-JkAXE/peYoD-JkAXE_turn09892.mp4,/Users/rajeshpmu/Desktop/LegalMemoCMT/data/processed/phase2/clancy/turn_clips/audio/peYoD-JkAXE/peYoD-JkAXE_turn09892.wav,02:37:24.727,02:38:03.730,39.003,REJECTED,Duration outlier: outside 0.8-30 second MELD-style range
peYoD-JkAXE_turn09936,peYoD-JkAXE,https://www.youtube.com/watch?v=peYoD-JkAXE,Dr. Jennifer Tufts — Psychiatrist | Full Testimony | MA v. Lindsay Clancy,/Users/rajeshpmu/Desktop/LegalMemoCMT/data/phase2/clancy/corpus/raw/dr-jennifer-tufts-psychiatrist-full-testimony-ma-v-lindsay-clancy/dr-jennifer-tufts-psychiatrist-full-testimony-ma-v-lindsay-clancy_peYoD-JkAXE.mp4,/Users/rajeshpmu/Desktop/LegalMemoCMT/data/phase2/clancy/corpus/raw/dr-jennifer-tufts-psychiatrist-full-testimony-ma-v-lindsay-clancy/dr-jennifer-tufts-psychiatrist-full-testimony-ma-v-lindsay-clancy_peYoD-JkAXE.en.vtt,/Users/rajeshpmu/Desktop/LegalMemoCMT/data/processed/phase2/clancy/turn_clips/video/peYoD-JkAXE/peYoD-JkAXE_turn09936.mp4,/Users/rajeshpmu/Desktop/LegalMemoCMT/data/processed/phase2/clancy/turn_clips/audio/peYoD-JkAXE/peYoD-JkAXE_turn09936.wav,02:42:21.214,02:43:03.355,42.141,REJECTED,Duration outlier: outside 0.8-30 second MELD-style range
peYoD-JkAXE_turn10083,peYoD-JkAXE,https://www.youtube.com/watch?v=peYoD-JkAXE,Dr. Jennifer Tufts — Psychiatrist | Full Testimony | MA v. Lindsay Clancy,/Users/rajeshpmu/Desktop/LegalMemoCMT/data/phase2/clancy/corpus/raw/dr-jennifer-tufts-psychiatrist-full-testimony-ma-v-lindsay-clancy/dr-jennifer-tufts-psychiatrist-full-testimony-ma-v-lindsay-clancy_peYoD-JkAXE.mp4,/Users/rajeshpmu/Desktop/LegalMemoCMT/data/phase2/clancy/corpus/raw/dr-jennifer-tufts-psychiatrist-full-testimony-ma-v-lindsay-clancy/dr-jennifer-tufts-psychiatrist-full-testimony-ma-v-lindsay-clancy_peYoD-JkAXE.en.vtt,/Users/rajeshpmu/Desktop/LegalMemoCMT/data/processed/phase2/clancy/turn_clips/video/peYoD-JkAXE/peYoD-JkAXE_turn10083.mp4,/Users/rajeshpmu/Desktop/LegalMemoCMT/data/processed/phase2/clancy/turn_clips/audio/peYoD-JkAXE/peYoD-JkAXE_turn10083.wav,02:59:43.943,03:00:21.380,37.437,REJECTED,Duration outlier: outside 0.8-30 second MELD-style range
peYoD-JkAXE_turn10088,peYoD-JkAXE,https://www.youtube.com/watch?v=peYoD-JkAXE,Dr. Jennifer Tufts — Psychiatrist | Full Testimony | MA v. Lindsay Clancy,/Users/rajeshpmu/Desktop/LegalMemoCMT/data/phase2/clancy/corpus/raw/dr-jennifer-tufts-psychiatrist-full-testimony-ma-v-lindsay-clancy/dr-jennifer-tufts-psychiatrist-full-testimony-ma-v-lindsay-clancy_peYoD-JkAXE.mp4,/Users/rajeshpmu/Desktop/LegalMemoCMT/data/phase2/clancy/corpus/raw/dr-jennifer-tufts-psychiatrist-full-testimony-ma-v-lindsay-clancy/dr-jennifer-tufts-psychiatrist-full-testimony-ma-v-lindsay-clancy_peYoD-JkAXE.en.vtt,/Users/rajeshpmu/Desktop/LegalMemoCMT/data/processed/phase2/clancy/turn_clips/video/peYoD-JkAXE/peYoD-JkAXE_turn10088.mp4,/Users/rajeshpmu/Desktop/LegalMemoCMT/data/processed/phase2/clancy/turn_clips/audio/peYoD-JkAXE/peYoD-JkAXE_turn10088.wav,03:01:06.565,03:01:07.118,0.600,REJECTED,Duration outlier: outside 0.8-30 second MELD-style range
peYoD-JkAXE_turn10278,peYoD-JkAXE,https://www.youtube.com/watch?v=peYoD-JkAXE,Dr. Jennifer Tufts — Psychiatrist | Full Testimony | MA v. Lindsay Clancy,/Users/rajeshpmu/Desktop/LegalMemoCMT/data/phase2/clancy/corpus/raw/dr-jennifer-tufts-psychiatrist-full-testimony-ma-v-lindsay-clancy/dr-jennifer-tufts-psychiatrist-full-testimony-ma-v-lindsay-clancy_peYoD-JkAXE.mp4,/Users/rajeshpmu/Desktop/LegalMemoCMT/data/phase2/clancy/corpus/raw/dr-jennifer-tufts-psychiatrist-full-testimony-ma-v-lindsay-clancy/dr-jennifer-tufts-psychiatrist-full-testimony-ma-v-lindsay-clancy_peYoD-JkAXE.en.vtt,/Users/rajeshpmu/Desktop/LegalMemoCMT/data/processed/phase2/clancy/turn_clips/video/peYoD-JkAXE/peYoD-JkAXE_turn10278.mp4,/Users/rajeshpmu/Desktop/LegalMemoCMT/data/processed/phase2/clancy/turn_clips/audio/peYoD-JkAXE/peYoD-JkAXE_turn10278.wav,03:23:50.810,03:23:51.376,0.600,REJECTED,Duration outlier: outside 0.8-30 second MELD-style range
peYoD-JkAXE_turn10284,peYoD-JkAXE,https://www.youtube.com/watch?v=peYoD-JkAXE,Dr. Jennifer Tufts — Psychiatrist | Full Testimony | MA v. Lindsay Clancy,/Users/rajeshpmu/Desktop/LegalMemoCMT/data/phase2/clancy/corpus/raw/dr-jennifer-tufts-psychiatrist-full-testimony-ma-v-lindsay-clancy/dr-jennifer-tufts-psychiatrist-full-testimony-ma-v-lindsay-clancy_peYoD-JkAXE.mp4,/Users/rajeshpmu/Desktop/LegalMemoCMT/data/phase2/clancy/corpus/raw/dr-jennifer-tufts-psychiatrist-full-testimony-ma-v-lindsay-clancy/dr-jennifer-tufts-psychiatrist-full-testimony-ma-v-lindsay-clancy_peYoD-JkAXE.en.vtt,/Users/rajeshpmu/Desktop/LegalMemoCMT/data/processed/phase2/clancy/turn_clips/video/peYoD-JkAXE/peYoD-JkAXE_turn10284.mp4,/Users/rajeshpmu/Desktop/LegalMemoCMT/data/processed/phase2/clancy/turn_clips/audio/peYoD-JkAXE/peYoD-JkAXE_turn10284.wav,03:25:05.776,03:25:38.717,32.941,REJECTED,Duration outlier: outside 0.8-30 second MELD-style range
peYoD-JkAXE_turn10318,peYoD-JkAXE,https://www.youtube.com/watch?v=peYoD-JkAXE,Dr. Jennifer Tufts — Psychiatrist | Full Testimony | MA v. Lindsay Clancy,/Users/rajeshpmu/Desktop/LegalMemoCMT/data/phase2/clancy/corpus/raw/dr-jennifer-tufts-psychiatrist-full-testimony-ma-v-lindsay-clancy/dr-jennifer-tufts-psychiatrist-full-testimony-ma-v-lindsay-clancy_peYoD-JkAXE.mp4,/Users/rajeshpmu/Desktop/LegalMemoCMT/data/phase2/clancy/corpus/raw/dr-jennifer-tufts-psychiatrist-full-testimony-ma-v-lindsay-clancy/dr-jennifer-tufts-psychiatrist-full-testimony-ma-v-lindsay-clancy_peYoD-JkAXE.en.vtt,/Users/rajeshpmu/Desktop/LegalMemoCMT/data/processed/phase2/clancy/turn_clips/video/peYoD-JkAXE/peYoD-JkAXE_turn10318.mp4,/Users/rajeshpmu/Desktop/LegalMemoCMT/data/processed/phase2/clancy/turn_clips/audio/peYoD-JkAXE/peYoD-JkAXE_turn10318.wav,03:29:34.453,03:29:35.154,0.701,REJECTED,Duration outlier: outside 0.8-30 second MELD-style range
peYoD-JkAXE_turn10371,peYoD-JkAXE,https://www.youtube.com/watch?v=peYoD-JkAXE,Dr. Jennifer Tufts — Psychiatrist | Full Testimony | MA v. Lindsay Clancy,/Users/rajeshpmu/Desktop/LegalMemoCMT/data/phase2/clancy/corpus/raw/dr-jennifer-tufts-psychiatrist-full-testimony-ma-v-lindsay-clancy/dr-jennifer-tufts-psychiatrist-full-testimony-ma-v-lindsay-clancy_peYoD-JkAXE.mp4,/Users/rajeshpmu/Desktop/LegalMemoCMT/data/phase2/clancy/corpus/raw/dr-jennifer-tufts-psychiatrist-full-testimony-ma-v-lindsay-clancy/dr-jennifer-tufts-psychiatrist-full-testimony-ma-v-lindsay-clancy_peYoD-JkAXE.en.vtt,/Users/rajeshpmu/Desktop/LegalMemoCMT/data/processed/phase2/clancy/turn_clips/video/peYoD-JkAXE/peYoD-JkAXE_turn10371.mp4,/Users/rajeshpmu/Desktop/LegalMemoCMT/data/processed/phase2/clancy/turn_clips/audio/peYoD-JkAXE/peYoD-JkAXE_turn10371.wav,03:34:23.991,03:34:24.349,0.600,REJECTED,Duration outlier: outside 0.8-30 second MELD-style range
peYoD-JkAXE_turn10456,peYoD-JkAXE,https://www.youtube.com/watch?v=peYoD-JkAXE,Dr. Jennifer Tufts — Psychiatrist | Full Testimony | MA v. Lindsay Clancy,/Users/rajeshpmu/Desktop/LegalMemoCMT/data/phase2/clancy/corpus/raw/dr-jennifer-tufts-psychiatrist-full-testimony-ma-v-lindsay-clancy/dr-jennifer-tufts-psychiatrist-full-testimony-ma-v-lindsay-clancy_peYoD-JkAXE.mp4,/Users/rajeshpmu/Desktop/LegalMemoCMT/data/phase2/clancy/corpus/raw/dr-jennifer-tufts-psychiatrist-full-testimony-ma-v-lindsay-clancy/dr-jennifer-tufts-psychiatrist-full-testimony-ma-v-lindsay-clancy_peYoD-JkAXE.en.vtt,/Users/rajeshpmu/Desktop/LegalMemoCMT/data/processed/phase2/clancy/turn_clips/video/peYoD-JkAXE/peYoD-JkAXE_turn10456.mp4,/Users/rajeshpmu/Desktop/LegalMemoCMT/data/processed/phase2/clancy/turn_clips/audio/peYoD-JkAXE/peYoD-JkAXE_turn10456.wav,03:41:02.266,03:41:02.817,0.600,REJECTED,Duration outlier: outside 0.8-30 second MELD-style range
peYoD-JkAXE_turn10465,peYoD-JkAXE,https://www.youtube.com/watch?v=peYoD-JkAXE,Dr. Jennifer Tufts — Psychiatrist | Full Testimony | MA v. Lindsay Clancy,/Users/rajeshpmu/Desktop/LegalMemoCMT/data/phase2/clancy/corpus/raw/dr-jennifer-tufts-psychiatrist-full-testimony-ma-v-lindsay-clancy/dr-jennifer-tufts-psychiatrist-full-testimony-ma-v-lindsay-clancy_peYoD-JkAXE.mp4,/Users/rajeshpmu/Desktop/LegalMemoCMT/data/phase2/clancy/corpus/raw/dr-jennifer-tufts-psychiatrist-full-testimony-ma-v-lindsay-clancy/dr-jennifer-tufts-psychiatrist-full-testimony-ma-v-lindsay-clancy_peYoD-JkAXE.en.vtt,/Users/rajeshpmu/Desktop/LegalMemoCMT/data/processed/phase2/clancy/turn_clips/video/peYoD-JkAXE/peYoD-JkAXE_turn10465.mp4,/Users/rajeshpmu/Desktop/LegalMemoCMT/data/processed/phase2/clancy/turn_clips/audio/peYoD-JkAXE/peYoD-JkAXE_turn10465.wav,03:41:54.955,03:42:39.116,44.161,REJECTED,Duration outlier: outside 0.8-30 second MELD-style range
peYoD-JkAXE_turn10609,peYoD-JkAXE,https://www.youtube.com/watch?v=peYoD-JkAXE,Dr. Jennifer Tufts — Psychiatrist | Full Testimony | MA v. Lindsay Clancy,/Users/rajeshpmu/Desktop/LegalMemoCMT/data/phase2/clancy/corpus/raw/dr-jennifer-tufts-psychiatrist-full-testimony-ma-v-lindsay-clancy/dr-jennifer-tufts-psychiatrist-full-testimony-ma-v-lindsay-clancy_peYoD-JkAXE.mp4,/Users/rajeshpmu/Desktop/LegalMemoCMT/data/phase2/clancy/corpus/raw/dr-jennifer-tufts-psychiatrist-full-testimony-ma-v-lindsay-clancy/dr-jennifer-tufts-psychiatrist-full-testimony-ma-v-lindsay-clancy_peYoD-JkAXE.en.vtt,/Users/rajeshpmu/Desktop/LegalMemoCMT/data/processed/phase2/clancy/turn_clips/video/peYoD-JkAXE/peYoD-JkAXE_turn10609.mp4,/Users/rajeshpmu/Desktop/LegalMemoCMT/data/processed/phase2/clancy/turn_clips/audio/peYoD-JkAXE/peYoD-JkAXE_turn10609.wav,03:56:53.785,03:57:35.964,42.179,REJECTED,Duration outlier: outside 0.8-30 second MELD-style range
peYoD-JkAXE_turn10649,peYoD-JkAXE,https://www.youtube.com/watch?v=peYoD-JkAXE,Dr. Jennifer Tufts — Psychiatrist | Full Testimony | MA v. Lindsay Clancy,/Users/rajeshpmu/Desktop/LegalMemoCMT/data/phase2/clancy/corpus/raw/dr-jennifer-tufts-psychiatrist-full-testimony-ma-v-lindsay-clancy/dr-jennifer-tufts-psychiatrist-full-testimony-ma-v-lindsay-clancy_peYoD-JkAXE.mp4,/Users/rajeshpmu/Desktop/LegalMemoCMT/data/phase2/clancy/corpus/raw/dr-jennifer-tufts-psychiatrist-full-testimony-ma-v-lindsay-clancy/dr-jennifer-tufts-psychiatrist-full-testimony-ma-v-lindsay-clancy_peYoD-JkAXE.en.vtt,/Users/rajeshpmu/Desktop/LegalMemoCMT/data/processed/phase2/clancy/turn_clips/video/peYoD-JkAXE/peYoD-JkAXE_turn10649.mp4,/Users/rajeshpmu/Desktop/LegalMemoCMT/data/processed/phase2/clancy/turn_clips/audio/peYoD-JkAXE/peYoD-JkAXE_turn10649.wav,04:01:26.578,04:01:27.159,0.600,REJECTED,Duration outlier: outside 0.8-30 second MELD-style range
peYoD-JkAXE_turn10662,peYoD-JkAXE,https://www.youtube.com/watch?v=peYoD-JkAXE,Dr. Jennifer Tufts — Psychiatrist | Full Testimony | MA v. Lindsay Clancy,/Users/rajeshpmu/Desktop/LegalMemoCMT/data/phase2/clancy/corpus/raw/dr-jennifer-tufts-psychiatrist-full-testimony-ma-v-lindsay-clancy/dr-jennifer-tufts-psychiatrist-full-testimony-ma-v-lindsay-clancy_peYoD-JkAXE.mp4,/Users/rajeshpmu/Desktop/LegalMemoCMT/data/phase2/clancy/corpus/raw/dr-jennifer-tufts-psychiatrist-full-testimony-ma-v-lindsay-clancy/dr-jennifer-tufts-psychiatrist-full-testimony-ma-v-lindsay-clancy_peYoD-JkAXE.en.vtt,/Users/rajeshpmu/Desktop/LegalMemoCMT/data/processed/phase2/clancy/turn_clips/video/peYoD-JkAXE/peYoD-JkAXE_turn10662.mp4,/Users/rajeshpmu/Desktop/LegalMemoCMT/data/processed/phase2/clancy/turn_clips/audio/peYoD-JkAXE/peYoD-JkAXE_turn10662.wav,04:02:41.004,04:02:41.568,0.600,REJECTED,Duration outlier: outside 0.8-30 second MELD-style range
peYoD-JkAXE_turn10721,peYoD-JkAXE,https://www.youtube.com/watch?v=peYoD-JkAXE,Dr. Jennifer Tufts — Psychiatrist | Full Testimony | MA v. Lindsay Clancy,/Users/rajeshpmu/Desktop/LegalMemoCMT/data/phase2/clancy/corpus/raw/dr-jennifer-tufts-psychiatrist-full-testimony-ma-v-lindsay-clancy/dr-jennifer-tufts-psychiatrist-full-testimony-ma-v-lindsay-clancy_peYoD-JkAXE.mp4,/Users/rajeshpmu/Desktop/LegalMemoCMT/data/phase2/clancy/corpus/raw/dr-jennifer-tufts-psychiatrist-full-testimony-ma-v-lindsay-clancy/dr-jennifer-tufts-psychiatrist-full-testimony-ma-v-lindsay-clancy_peYoD-JkAXE.en.vtt,/Users/rajeshpmu/Desktop/LegalMemoCMT/data/processed/phase2/clancy/turn_clips/video/peYoD-JkAXE/peYoD-JkAXE_turn10721.mp4,/Users/rajeshpmu/Desktop/LegalMemoCMT/data/processed/phase2/clancy/turn_clips/audio/peYoD-JkAXE/peYoD-JkAXE_turn10721.wav,04:08:57.879,04:09:30.046,32.167,REJECTED,Duration outlier: outside 0.8-30 second MELD-style range
peYoD-JkAXE_turn10771,peYoD-JkAXE,https://www.youtube.com/watch?v=peYoD-JkAXE,Dr. Jennifer Tufts — Psychiatrist | Full Testimony | MA v. Lindsay Clancy,/Users/rajeshpmu/Desktop/LegalMemoCMT/data/phase2/clancy/corpus/raw/dr-jennifer-tufts-psychiatrist-full-testimony-ma-v-lindsay-clancy/dr-jennifer-tufts-psychiatrist-full-testimony-ma-v-lindsay-clancy_peYoD-JkAXE.mp4,/Users/rajeshpmu/Desktop/LegalMemoCMT/data/phase2/clancy/corpus/raw/dr-jennifer-tufts-psychiatrist-full-testimony-ma-v-lindsay-clancy/dr-jennifer-tufts-psychiatrist-full-testimony-ma-v-lindsay-clancy_peYoD-JkAXE.en.vtt,/Users/rajeshpmu/Desktop/LegalMemoCMT/data/processed/phase2/clancy/turn_clips/video/peYoD-JkAXE/peYoD-JkAXE_turn10771.mp4,/Users/rajeshpmu/Desktop/LegalMemoCMT/data/processed/phase2/clancy/turn_clips/audio/peYoD-JkAXE/peYoD-JkAXE_turn10771.wav,04:15:35.060,04:16:05.155,30.095,REJECTED,Duration outlier: outside 0.8-30 second MELD-style range
peYoD-JkAXE_turn10778,peYoD-JkAXE,https://www.youtube.com/watch?v=peYoD-JkAXE,Dr. Jennifer Tufts — Psychiatrist | Full Testimony | MA v. Lindsay Clancy,/Users/rajeshpmu/Desktop/LegalMemoCMT/data/phase2/clancy/corpus/raw/dr-jennifer-tufts-psychiatrist-full-testimony-ma-v-lindsay-clancy/dr-jennifer-tufts-psychiatrist-full-testimony-ma-v-lindsay-clancy_peYoD-JkAXE.mp4,/Users/rajeshpmu/Desktop/LegalMemoCMT/data/phase2/clancy/corpus/raw/dr-jennifer-tufts-psychiatrist-full-testimony-ma-v-lindsay-clancy/dr-jennifer-tufts-psychiatrist-full-testimony-ma-v-lindsay-clancy_peYoD-JkAXE.en.vtt,/Users/rajeshpmu/Desktop/LegalMemoCMT/data/processed/phase2/clancy/turn_clips/video/peYoD-JkAXE/peYoD-JkAXE_turn10778.mp4,/Users/rajeshpmu/Desktop/LegalMemoCMT/data/processed/phase2/clancy/turn_clips/audio/peYoD-JkAXE/peYoD-JkAXE_turn10778.wav,04:16:27.097,04:16:27.883,0.786,REJECTED,Duration outlier: outside 0.8-30 second MELD-style range
peYoD-JkAXE_turn10811,peYoD-JkAXE,https://www.youtube.com/watch?v=peYoD-JkAXE,Dr. Jennifer Tufts — Psychiatrist | Full Testimony | MA v. Lindsay Clancy,/Users/rajeshpmu/Desktop/LegalMemoCMT/data/phase2/clancy/corpus/raw/dr-jennifer-tufts-psychiatrist-full-testimony-ma-v-lindsay-clancy/dr-jennifer-tufts-psychiatrist-full-testimony-ma-v-lindsay-clancy_peYoD-JkAXE.mp4,/Users/rajeshpmu/Desktop/LegalMemoCMT/data/phase2/clancy/corpus/raw/dr-jennifer-tufts-psychiatrist-full-testimony-ma-v-lindsay-clancy/dr-jennifer-tufts-psychiatrist-full-testimony-ma-v-lindsay-clancy_peYoD-JkAXE.en.vtt,/Users/rajeshpmu/Desktop/LegalMemoCMT/data/processed/phase2/clancy/turn_clips/video/peYoD-JkAXE/peYoD-JkAXE_turn10811.mp4,/Users/rajeshpmu/Desktop/LegalMemoCMT/data/processed/phase2/clancy/turn_clips/audio/peYoD-JkAXE/peYoD-JkAXE_turn10811.wav,04:19:54.621,04:20:26.678,32.057,REJECTED,Duration outlier: outside 0.8-30 second MELD-style range
peYoD-JkAXE_turn10904,peYoD-JkAXE,https://www.youtube.com/watch?v=peYoD-JkAXE,Dr. Jennifer Tufts — Psychiatrist | Full Testimony | MA v. Lindsay Clancy,/Users/rajeshpmu/Desktop/LegalMemoCMT/data/phase2/clancy/corpus/raw/dr-jennifer-tufts-psychiatrist-full-testimony-ma-v-lindsay-clancy/dr-jennifer-tufts-psychiatrist-full-testimony-ma-v-lindsay-clancy_peYoD-JkAXE.mp4,/Users/rajeshpmu/Desktop/LegalMemoCMT/data/phase2/clancy/corpus/raw/dr-jennifer-tufts-psychiatrist-full-testimony-ma-v-lindsay-clancy/dr-jennifer-tufts-psychiatrist-full-testimony-ma-v-lindsay-clancy_peYoD-JkAXE.en.vtt,/Users/rajeshpmu/Desktop/LegalMemoCMT/data/processed/phase2/clancy/turn_clips/video/peYoD-JkAXE/peYoD-JkAXE_turn10904.mp4,/Users/rajeshpmu/Desktop/LegalMemoCMT/data/processed/phase2/clancy/turn_clips/audio/peYoD-JkAXE/peYoD-JkAXE_turn10904.wav,04:31:10.893,04:31:56.739,45.846,REJECTED,Duration outlier: outside 0.8-30 second MELD-style range
peYoD-JkAXE_turn10948,peYoD-JkAXE,https://www.youtube.com/watch?v=peYoD-JkAXE,Dr. Jennifer Tufts — Psychiatrist | Full Testimony | MA v. Lindsay Clancy,/Users/rajeshpmu/Desktop/LegalMemoCMT/data/phase2/clancy/corpus/raw/dr-jennifer-tufts-psychiatrist-full-testimony-ma-v-lindsay-clancy/dr-jennifer-tufts-psychiatrist-full-testimony-ma-v-lindsay-clancy_peYoD-JkAXE.mp4,/Users/rajeshpmu/Desktop/LegalMemoCMT/data/phase2/clancy/corpus/raw/dr-jennifer-tufts-psychiatrist-full-testimony-ma-v-lindsay-clancy/dr-jennifer-tufts-psychiatrist-full-testimony-ma-v-lindsay-clancy_peYoD-JkAXE.en.vtt,/Users/rajeshpmu/Desktop/LegalMemoCMT/data/processed/phase2/clancy/turn_clips/video/peYoD-JkAXE/peYoD-JkAXE_turn10948.mp4,/Users/rajeshpmu/Desktop/LegalMemoCMT/data/processed/phase2/clancy/turn_clips/audio/peYoD-JkAXE/peYoD-JkAXE_turn10948.wav,04:36:42.694,04:36:43.222,0.600,REJECTED,Duration outlier: outside 0.8-30 second MELD-style range
peYoD-JkAXE_turn10986,peYoD-JkAXE,https://www.youtube.com/watch?v=peYoD-JkAXE,Dr. Jennifer Tufts — Psychiatrist | Full Testimony | MA v. Lindsay Clancy,/Users/rajeshpmu/Desktop/LegalMemoCMT/data/phase2/clancy/corpus/raw/dr-jennifer-tufts-psychiatrist-full-testimony-ma-v-lindsay-clancy/dr-jennifer-tufts-psychiatrist-full-testimony-ma-v-lindsay-clancy_peYoD-JkAXE.mp4,/Users/rajeshpmu/Desktop/LegalMemoCMT/data/phase2/clancy/corpus/raw/dr-jennifer-tufts-psychiatrist-full-testimony-ma-v-lindsay-clancy/dr-jennifer-tufts-psychiatrist-full-testimony-ma-v-lindsay-clancy_peYoD-JkAXE.en.vtt,/Users/rajeshpmu/Desktop/LegalMemoCMT/data/processed/phase2/clancy/turn_clips/video/peYoD-JkAXE/peYoD-JkAXE_turn10986.mp4,/Users/rajeshpmu/Desktop/LegalMemoCMT/data/processed/phase2/clancy/turn_clips/audio/peYoD-JkAXE/peYoD-JkAXE_turn10986.wav,04:40:50.791,04:40:51.502,0.711,REJECTED,Duration outlier: outside 0.8-30 second MELD-style range
peYoD-JkAXE_turn10991,peYoD-JkAXE,https://www.youtube.com/watch?v=peYoD-JkAXE,Dr. Jennifer Tufts — Psychiatrist | Full Testimony | MA v. Lindsay Clancy,/Users/rajeshpmu/Desktop/LegalMemoCMT/data/phase2/clancy/corpus/raw/dr-jennifer-tufts-psychiatrist-full-testimony-ma-v-lindsay-clancy/dr-jennifer-tufts-psychiatrist-full-testimony-ma-v-lindsay-clancy_peYoD-JkAXE.mp4,/Users/rajeshpmu/Desktop/LegalMemoCMT/data/phase2/clancy/corpus/raw/dr-jennifer-tufts-psychiatrist-full-testimony-ma-v-lindsay-clancy/dr-jennifer-tufts-psychiatrist-full-testimony-ma-v-lindsay-clancy_peYoD-JkAXE.en.vtt,/Users/rajeshpmu/Desktop/LegalMemoCMT/data/processed/phase2/clancy/turn_clips/video/peYoD-JkAXE/peYoD-JkAXE_turn10991.mp4,/Users/rajeshpmu/Desktop/LegalMemoCMT/data/processed/phase2/clancy/turn_clips/audio/peYoD-JkAXE/peYoD-JkAXE_turn10991.wav,04:41:22.860,04:41:23.492,0.632,REJECTED,Duration outlier: outside 0.8-30 second MELD-style range
peYoD-JkAXE_turn11029,peYoD-JkAXE,https://www.youtube.com/watch?v=peYoD-JkAXE,Dr. Jennifer Tufts — Psychiatrist | Full Testimony | MA v. Lindsay Clancy,/Users/rajeshpmu/Desktop/LegalMemoCMT/data/phase2/clancy/corpus/raw/dr-jennifer-tufts-psychiatrist-full-testimony-ma-v-lindsay-clancy/dr-jennifer-tufts-psychiatrist-full-testimony-ma-v-lindsay-clancy_peYoD-JkAXE.mp4,/Users/rajeshpmu/Desktop/LegalMemoCMT/data/phase2/clancy/corpus/raw/dr-jennifer-tufts-psychiatrist-full-testimony-ma-v-lindsay-clancy/dr-jennifer-tufts-psychiatrist-full-testimony-ma-v-lindsay-clancy_peYoD-JkAXE.en.vtt,/Users/rajeshpmu/Desktop/LegalMemoCMT/data/processed/phase2/clancy/turn_clips/video/peYoD-JkAXE/peYoD-JkAXE_turn11029.mp4,/Users/rajeshpmu/Desktop/LegalMemoCMT/data/processed/phase2/clancy/turn_clips/audio/peYoD-JkAXE/peYoD-JkAXE_turn11029.wav,04:46:27.263,04:46:28.042,0.779,REJECTED,Duration outlier: outside 0.8-30 second MELD-style range
peYoD-JkAXE_turn11052,peYoD-JkAXE,https://www.youtube.com/watch?v=peYoD-JkAXE,Dr. Jennifer Tufts — Psychiatrist | Full Testimony | MA v. Lindsay Clancy,/Users/rajeshpmu/Desktop/LegalMemoCMT/data/phase2/clancy/corpus/raw/dr-jennifer-tufts-psychiatrist-full-testimony-ma-v-lindsay-clancy/dr-jennifer-tufts-psychiatrist-full-testimony-ma-v-lindsay-clancy_peYoD-JkAXE.mp4,/Users/rajeshpmu/Desktop/LegalMemoCMT/data/phase2/clancy/corpus/raw/dr-jennifer-tufts-psychiatrist-full-testimony-ma-v-lindsay-clancy/dr-jennifer-tufts-psychiatrist-full-testimony-ma-v-lindsay-clancy_peYoD-JkAXE.en.vtt,/Users/rajeshpmu/Desktop/LegalMemoCMT/data/processed/phase2/clancy/turn_clips/video/peYoD-JkAXE/peYoD-JkAXE_turn11052.mp4,/Users/rajeshpmu/Desktop/LegalMemoCMT/data/processed/phase2/clancy/turn_clips/audio/peYoD-JkAXE/peYoD-JkAXE_turn11052.wav,04:48:51.190,04:49:24.079,32.889,REJECTED,Duration outlier: outside 0.8-30 second MELD-style range
peYoD-JkAXE_turn11054,peYoD-JkAXE,https://www.youtube.com/watch?v=peYoD-JkAXE,Dr. Jennifer Tufts — Psychiatrist | Full Testimony | MA v. Lindsay Clancy,/Users/rajeshpmu/Desktop/LegalMemoCMT/data/phase2/clancy/corpus/raw/dr-jennifer-tufts-psychiatrist-full-testimony-ma-v-lindsay-clancy/dr-jennifer-tufts-psychiatrist-full-testimony-ma-v-lindsay-clancy_peYoD-JkAXE.mp4,/Users/rajeshpmu/Desktop/LegalMemoCMT/data/phase2/clancy/corpus/raw/dr-jennifer-tufts-psychiatrist-full-testimony-ma-v-lindsay-clancy/dr-jennifer-tufts-psychiatrist-full-testimony-ma-v-lindsay-clancy_peYoD-JkAXE.en.vtt,/Users/rajeshpmu/Desktop/LegalMemoCMT/data/processed/phase2/clancy/turn_clips/video/peYoD-JkAXE/peYoD-JkAXE_turn11054.mp4,/Users/rajeshpmu/Desktop/LegalMemoCMT/data/processed/phase2/clancy/turn_clips/audio/peYoD-JkAXE/peYoD-JkAXE_turn11054.wav,04:49:30.788,04:50:05.837,35.049,REJECTED,Duration outlier: outside 0.8-30 second MELD-style range
peYoD-JkAXE_turn11269,peYoD-JkAXE,https://www.youtube.com/watch?v=peYoD-JkAXE,Dr. Jennifer Tufts — Psychiatrist | Full Testimony | MA v. Lindsay Clancy,/Users/rajeshpmu/Desktop/LegalMemoCMT/data/phase2/clancy/corpus/raw/dr-jennifer-tufts-psychiatrist-full-testimony-ma-v-lindsay-clancy/dr-jennifer-tufts-psychiatrist-full-testimony-ma-v-lindsay-clancy_peYoD-JkAXE.mp4,/Users/rajeshpmu/Desktop/LegalMemoCMT/data/phase2/clancy/corpus/raw/dr-jennifer-tufts-psychiatrist-full-testimony-ma-v-lindsay-clancy/dr-jennifer-tufts-psychiatrist-full-testimony-ma-v-lindsay-clancy_peYoD-JkAXE.en.vtt,/Users/rajeshpmu/Desktop/LegalMemoCMT/data/processed/phase2/clancy/turn_clips/video/peYoD-JkAXE/peYoD-JkAXE_turn11269.mp4,/Users/rajeshpmu/Desktop/LegalMemoCMT/data/processed/phase2/clancy/turn_clips/audio/peYoD-JkAXE/peYoD-JkAXE_turn11269.wav,05:10:03.457,05:11:15.975,72.518,REJECTED,Duration outlier: outside 0.8-30 second MELD-style range
peYoD-JkAXE_turn11305,peYoD-JkAXE,https://www.youtube.com/watch?v=peYoD-JkAXE,Dr. Jennifer Tufts — Psychiatrist | Full Testimony | MA v. Lindsay Clancy,/Users/rajeshpmu/Desktop/LegalMemoCMT/data/phase2/clancy/corpus/raw/dr-jennifer-tufts-psychiatrist-full-testimony-ma-v-lindsay-clancy/dr-jennifer-tufts-psychiatrist-full-testimony-ma-v-lindsay-clancy_peYoD-JkAXE.mp4,/Users/rajeshpmu/Desktop/LegalMemoCMT/data/phase2/clancy/corpus/raw/dr-jennifer-tufts-psychiatrist-full-testimony-ma-v-lindsay-clancy/dr-jennifer-tufts-psychiatrist-full-testimony-ma-v-lindsay-clancy_peYoD-JkAXE.en.vtt,/Users/rajeshpmu/Desktop/LegalMemoCMT/data/processed/phase2/clancy/turn_clips/video/peYoD-JkAXE/peYoD-JkAXE_turn11305.mp4,/Users/rajeshpmu/Desktop/LegalMemoCMT/data/processed/phase2/clancy/turn_clips/audio/peYoD-JkAXE/peYoD-JkAXE_turn11305.wav,05:14:24.601,05:15:00.592,35.991,REJECTED,Duration outlier: outside 0.8-30 second MELD-style range
peYoD-JkAXE_turn11307,peYoD-JkAXE,https://www.youtube.com/watch?v=peYoD-JkAXE,Dr. Jennifer Tufts — Psychiatrist | Full Testimony | MA v. Lindsay Clancy,/Users/rajeshpmu/Desktop/LegalMemoCMT/data/phase2/clancy/corpus/raw/dr-jennifer-tufts-psychiatrist-full-testimony-ma-v-lindsay-clancy/dr-jennifer-tufts-psychiatrist-full-testimony-ma-v-lindsay-clancy_peYoD-JkAXE.mp4,/Users/rajeshpmu/Desktop/LegalMemoCMT/data/phase2/clancy/corpus/raw/dr-jennifer-tufts-psychiatrist-full-testimony-ma-v-lindsay-clancy/dr-jennifer-tufts-psychiatrist-full-testimony-ma-v-lindsay-clancy_peYoD-JkAXE.en.vtt,/Users/rajeshpmu/Desktop/LegalMemoCMT/data/processed/phase2/clancy/turn_clips/video/peYoD-JkAXE/peYoD-JkAXE_turn11307.mp4,/Users/rajeshpmu/Desktop/LegalMemoCMT/data/processed/phase2/clancy/turn_clips/audio/peYoD-JkAXE/peYoD-JkAXE_turn11307.wav,05:15:02.868,05:15:49.449,46.581,REJECTED,Duration outlier: outside 0.8-30 second MELD-style range
peYoD-JkAXE_turn11347,peYoD-JkAXE,https://www.youtube.com/watch?v=peYoD-JkAXE,Dr. Jennifer Tufts — Psychiatrist | Full Testimony | MA v. Lindsay Clancy,/Users/rajeshpmu/Desktop/LegalMemoCMT/data/phase2/clancy/corpus/raw/dr-jennifer-tufts-psychiatrist-full-testimony-ma-v-lindsay-clancy/dr-jennifer-tufts-psychiatrist-full-testimony-ma-v-lindsay-clancy_peYoD-JkAXE.mp4,/Users/rajeshpmu/Desktop/LegalMemoCMT/data/phase2/clancy/corpus/raw/dr-jennifer-tufts-psychiatrist-full-testimony-ma-v-lindsay-clancy/dr-jennifer-tufts-psychiatrist-full-testimony-ma-v-lindsay-clancy_peYoD-JkAXE.en.vtt,/Users/rajeshpmu/Desktop/LegalMemoCMT/data/processed/phase2/clancy/turn_clips/video/peYoD-JkAXE/peYoD-JkAXE_turn11347.mp4,/Users/rajeshpmu/Desktop/LegalMemoCMT/data/processed/phase2/clancy/turn_clips/audio/peYoD-JkAXE/peYoD-JkAXE_turn11347.wav,05:19:21.792,05:19:22.168,0.600,REJECTED,Duration outlier: outside 0.8-30 second MELD-style range
peYoD-JkAXE_turn11403,peYoD-JkAXE,https://www.youtube.com/watch?v=peYoD-JkAXE,Dr. Jennifer Tufts — Psychiatrist | Full Testimony | MA v. Lindsay Clancy,/Users/rajeshpmu/Desktop/LegalMemoCMT/data/phase2/clancy/corpus/raw/dr-jennifer-tufts-psychiatrist-full-testimony-ma-v-lindsay-clancy/dr-jennifer-tufts-psychiatrist-full-testimony-ma-v-lindsay-clancy_peYoD-JkAXE.mp4,/Users/rajeshpmu/Desktop/LegalMemoCMT/data/phase2/clancy/corpus/raw/dr-jennifer-tufts-psychiatrist-full-testimony-ma-v-lindsay-clancy/dr-jennifer-tufts-psychiatrist-full-testimony-ma-v-lindsay-clancy_peYoD-JkAXE.en.vtt,/Users/rajeshpmu/Desktop/LegalMemoCMT/data/processed/phase2/clancy/turn_clips/video/peYoD-JkAXE/peYoD-JkAXE_turn11403.mp4,/Users/rajeshpmu/Desktop/LegalMemoCMT/data/processed/phase2/clancy/turn_clips/audio/peYoD-JkAXE/peYoD-JkAXE_turn11403.wav,05:25:01.861,05:25:02.249,0.600,REJECTED,Duration outlier: outside 0.8-30 second MELD-style range
peYoD-JkAXE_turn11416,peYoD-JkAXE,https://www.youtube.com/watch?v=peYoD-JkAXE,Dr. Jennifer Tufts — Psychiatrist | Full Testimony | MA v. Lindsay Clancy,/Users/rajeshpmu/Desktop/LegalMemoCMT/data/phase2/clancy/corpus/raw/dr-jennifer-tufts-psychiatrist-full-testimony-ma-v-lindsay-clancy/dr-jennifer-tufts-psychiatrist-full-testimony-ma-v-lindsay-clancy_peYoD-JkAXE.mp4,/Users/rajeshpmu/Desktop/LegalMemoCMT/data/phase2/clancy/corpus/raw/dr-jennifer-tufts-psychiatrist-full-testimony-ma-v-lindsay-clancy/dr-jennifer-tufts-psychiatrist-full-testimony-ma-v-lindsay-clancy_peYoD-JkAXE.en.vtt,/Users/rajeshpmu/Desktop/LegalMemoCMT/data/processed/phase2/clancy/turn_clips/video/peYoD-JkAXE/peYoD-JkAXE_turn11416.mp4,/Users/rajeshpmu/Desktop/LegalMemoCMT/data/processed/phase2/clancy/turn_clips/audio/peYoD-JkAXE/peYoD-JkAXE_turn11416.wav,05:26:16.290,05:26:58.207,41.917,REJECTED,Duration outlier: outside 0.8-30 second MELD-style range
peYoD-JkAXE_turn11435,peYoD-JkAXE,https://www.youtube.com/watch?v=peYoD-JkAXE,Dr. Jennifer Tufts — Psychiatrist | Full Testimony | MA v. Lindsay Clancy,/Users/rajeshpmu/Desktop/LegalMemoCMT/data/phase2/clancy/corpus/raw/dr-jennifer-tufts-psychiatrist-full-testimony-ma-v-lindsay-clancy/dr-jennifer-tufts-psychiatrist-full-testimony-ma-v-lindsay-clancy_peYoD-JkAXE.mp4,/Users/rajeshpmu/Desktop/LegalMemoCMT/data/phase2/clancy/corpus/raw/dr-jennifer-tufts-psychiatrist-full-testimony-ma-v-lindsay-clancy/dr-jennifer-tufts-psychiatrist-full-testimony-ma-v-lindsay-clancy_peYoD-JkAXE.en.vtt,/Users/rajeshpmu/Desktop/LegalMemoCMT/data/processed/phase2/clancy/turn_clips/video/peYoD-JkAXE/peYoD-JkAXE_turn11435.mp4,/Users/rajeshpmu/Desktop/LegalMemoCMT/data/processed/phase2/clancy/turn_clips/audio/peYoD-JkAXE/peYoD-JkAXE_turn11435.wav,05:30:19.180,05:30:19.537,0.600,REJECTED,Duration outlier: outside 0.8-30 second MELD-style range
peYoD-JkAXE_turn11479,peYoD-JkAXE,https://www.youtube.com/watch?v=peYoD-JkAXE,Dr. Jennifer Tufts — Psychiatrist | Full Testimony | MA v. Lindsay Clancy,/Users/rajeshpmu/Desktop/LegalMemoCMT/data/phase2/clancy/corpus/raw/dr-jennifer-tufts-psychiatrist-full-testimony-ma-v-lindsay-clancy/dr-jennifer-tufts-psychiatrist-full-testimony-ma-v-lindsay-clancy_peYoD-JkAXE.mp4,/Users/rajeshpmu/Desktop/LegalMemoCMT/data/phase2/clancy/corpus/raw/dr-jennifer-tufts-psychiatrist-full-testimony-ma-v-lindsay-clancy/dr-jennifer-tufts-psychiatrist-full-testimony-ma-v-lindsay-clancy_peYoD-JkAXE.en.vtt,/Users/rajeshpmu/Desktop/LegalMemoCMT/data/processed/phase2/clancy/turn_clips/video/peYoD-JkAXE/peYoD-JkAXE_turn11479.mp4,/Users/rajeshpmu/Desktop/LegalMemoCMT/data/processed/phase2/clancy/turn_clips/audio/peYoD-JkAXE/peYoD-JkAXE_turn11479.wav,05:35:00.475,05:35:38.901,38.426,REJECTED,Duration outlier: outside 0.8-30 second MELD-style range
peYoD-JkAXE_turn11487,peYoD-JkAXE,https://www.youtube.com/watch?v=peYoD-JkAXE,Dr. Jennifer Tufts — Psychiatrist | Full Testimony | MA v. Lindsay Clancy,/Users/rajeshpmu/Desktop/LegalMemoCMT/data/phase2/clancy/corpus/raw/dr-jennifer-tufts-psychiatrist-full-testimony-ma-v-lindsay-clancy/dr-jennifer-tufts-psychiatrist-full-testimony-ma-v-lindsay-clancy_peYoD-JkAXE.mp4,/Users/rajeshpmu/Desktop/LegalMemoCMT/data/phase2/clancy/corpus/raw/dr-jennifer-tufts-psychiatrist-full-testimony-ma-v-lindsay-clancy/dr-jennifer-tufts-psychiatrist-full-testimony-ma-v-lindsay-clancy_peYoD-JkAXE.en.vtt,/Users/rajeshpmu/Desktop/LegalMemoCMT/data/processed/phase2/clancy/turn_clips/video/peYoD-JkAXE/peYoD-JkAXE_turn11487.mp4,/Users/rajeshpmu/Desktop/LegalMemoCMT/data/processed/phase2/clancy/turn_clips/audio/peYoD-JkAXE/peYoD-JkAXE_turn11487.wav,05:36:41.298,05:37:41.527,60.229,REJECTED,Duration outlier: outside 0.8-30 second MELD-style range
peYoD-JkAXE_turn11507,peYoD-JkAXE,https://www.youtube.com/watch?v=peYoD-JkAXE,Dr. Jennifer Tufts — Psychiatrist | Full Testimony | MA v. Lindsay Clancy,/Users/rajeshpmu/Desktop/LegalMemoCMT/data/phase2/clancy/corpus/raw/dr-jennifer-tufts-psychiatrist-full-testimony-ma-v-lindsay-clancy/dr-jennifer-tufts-psychiatrist-full-testimony-ma-v-lindsay-clancy_peYoD-JkAXE.mp4,/Users/rajeshpmu/Desktop/LegalMemoCMT/data/phase2/clancy/corpus/raw/dr-jennifer-tufts-psychiatrist-full-testimony-ma-v-lindsay-clancy/dr-jennifer-tufts-psychiatrist-full-testimony-ma-v-lindsay-clancy_peYoD-JkAXE.en.vtt,/Users/rajeshpmu/Desktop/LegalMemoCMT/data/processed/phase2/clancy/turn_clips/video/peYoD-JkAXE/peYoD-JkAXE_turn11507.mp4,/Users/rajeshpmu/Desktop/LegalMemoCMT/data/processed/phase2/clancy/turn_clips/audio/peYoD-JkAXE/peYoD-JkAXE_turn11507.wav,05:40:04.318,05:40:42.662,38.344,REJECTED,Duration outlier: outside 0.8-30 second MELD-style range
peYoD-JkAXE_turn11531,peYoD-JkAXE,https://www.youtube.com/watch?v=peYoD-JkAXE,Dr. Jennifer Tufts — Psychiatrist | Full Testimony | MA v. Lindsay Clancy,/Users/rajeshpmu/Desktop/LegalMemoCMT/data/phase2/clancy/corpus/raw/dr-jennifer-tufts-psychiatrist-full-testimony-ma-v-lindsay-clancy/dr-jennifer-tufts-psychiatrist-full-testimony-ma-v-lindsay-clancy_peYoD-JkAXE.mp4,/Users/rajeshpmu/Desktop/LegalMemoCMT/data/phase2/clancy/corpus/raw/dr-jennifer-tufts-psychiatrist-full-testimony-ma-v-lindsay-clancy/dr-jennifer-tufts-psychiatrist-full-testimony-ma-v-lindsay-clancy_peYoD-JkAXE.en.vtt,/Users/rajeshpmu/Desktop/LegalMemoCMT/data/processed/phase2/clancy/turn_clips/video/peYoD-JkAXE/peYoD-JkAXE_turn11531.mp4,/Users/rajeshpmu/Desktop/LegalMemoCMT/data/processed/phase2/clancy/turn_clips/audio/peYoD-JkAXE/peYoD-JkAXE_turn11531.wav,05:44:43.835,05:45:14.451,30.616,REJECTED,Duration outlier: outside 0.8-30 second MELD-style range
peYoD-JkAXE_turn11575,peYoD-JkAXE,https://www.youtube.com/watch?v=peYoD-JkAXE,Dr. Jennifer Tufts — Psychiatrist | Full Testimony | MA v. Lindsay Clancy,/Users/rajeshpmu/Desktop/LegalMemoCMT/data/phase2/clancy/corpus/raw/dr-jennifer-tufts-psychiatrist-full-testimony-ma-v-lindsay-clancy/dr-jennifer-tufts-psychiatrist-full-testimony-ma-v-lindsay-clancy_peYoD-JkAXE.mp4,/Users/rajeshpmu/Desktop/LegalMemoCMT/data/phase2/clancy/corpus/raw/dr-jennifer-tufts-psychiatrist-full-testimony-ma-v-lindsay-clancy/dr-jennifer-tufts-psychiatrist-full-testimony-ma-v-lindsay-clancy_peYoD-JkAXE.en.vtt,/Users/rajeshpmu/Desktop/LegalMemoCMT/data/processed/phase2/clancy/turn_clips/video/peYoD-JkAXE/peYoD-JkAXE_turn11575.mp4,/Users/rajeshpmu/Desktop/LegalMemoCMT/data/processed/phase2/clancy/turn_clips/audio/peYoD-JkAXE/peYoD-JkAXE_turn11575.wav,05:49:15.669,05:49:59.212,43.543,REJECTED,Duration outlier: outside 0.8-30 second MELD-style range
peYoD-JkAXE_turn11620,peYoD-JkAXE,https://www.youtube.com/watch?v=peYoD-JkAXE,Dr. Jennifer Tufts — Psychiatrist | Full Testimony | MA v. Lindsay Clancy,/Users/rajeshpmu/Desktop/LegalMemoCMT/data/phase2/clancy/corpus/raw/dr-jennifer-tufts-psychiatrist-full-testimony-ma-v-lindsay-clancy/dr-jennifer-tufts-psychiatrist-full-testimony-ma-v-lindsay-clancy_peYoD-JkAXE.mp4,/Users/rajeshpmu/Desktop/LegalMemoCMT/data/phase2/clancy/corpus/raw/dr-jennifer-tufts-psychiatrist-full-testimony-ma-v-lindsay-clancy/dr-jennifer-tufts-psychiatrist-full-testimony-ma-v-lindsay-clancy_peYoD-JkAXE.en.vtt,/Users/rajeshpmu/Desktop/LegalMemoCMT/data/processed/phase2/clancy/turn_clips/video/peYoD-JkAXE/peYoD-JkAXE_turn11620.mp4,/Users/rajeshpmu/Desktop/LegalMemoCMT/data/processed/phase2/clancy/turn_clips/audio/peYoD-JkAXE/peYoD-JkAXE_turn11620.wav,05:53:34.912,05:53:35.517,0.605,REJECTED,Duration outlier: outside 0.8-30 second MELD-style range
