turn_id,youtube_id,source_url,title,raw_video_path,raw_subtitle_path,clip_video_path,clip_audio_path,turn_start_time,turn_end_time,clip_duration_seconds,turn_source_utterance_count,review_status,review_reason
1tyKO8mTdOM_turn00007,1tyKO8mTdOM,https://www.youtube.com/live/1tyKO8mTdOM,LIVE: Lindsay Clancy trial Day 15,/Users/rajeshpmu/Desktop/LegalMemoCMT/data/phase2/clancy/corpus/raw/live-lindsay-clancy-trial-day-15/live-lindsay-clancy-trial-day-15_1tyKO8mTdOM.mp4,/Users/rajeshpmu/Desktop/LegalMemoCMT/data/phase2/clancy/corpus/raw/live-lindsay-clancy-trial-day-15/live-lindsay-clancy-trial-day-15_1tyKO8mTdOM.en.vtt,/Users/rajeshpmu/Desktop/LegalMemoCMT/data/processed/phase2/clancy/turn_clips/video/1tyKO8mTdOM/1tyKO8mTdOM_turn00007.mp4,/Users/rajeshpmu/Desktop/LegalMemoCMT/data/processed/phase2/clancy/turn_clips/audio/1tyKO8mTdOM/1tyKO8mTdOM_turn00007.wav,00:00:37.618,00:02:05.910,88.292,23,REVIEW_REQUIRED,"Turn exceeds MELD-style preferred maximum duration; inspect for over-consolidation, pauses, or non-testimony content."
1tyKO8mTdOM_turn00013,1tyKO8mTdOM,https://www.youtube.com/live/1tyKO8mTdOM,LIVE: Lindsay Clancy trial Day 15,/Users/rajeshpmu/Desktop/LegalMemoCMT/data/phase2/clancy/corpus/raw/live-lindsay-clancy-trial-day-15/live-lindsay-clancy-trial-day-15_1tyKO8mTdOM.mp4,/Users/rajeshpmu/Desktop/LegalMemoCMT/data/phase2/clancy/corpus/raw/live-lindsay-clancy-trial-day-15/live-lindsay-clancy-trial-day-15_1tyKO8mTdOM.en.vtt,/Users/rajeshpmu/Desktop/LegalMemoCMT/data/processed/phase2/clancy/turn_clips/video/1tyKO8mTdOM/1tyKO8mTdOM_turn00013.mp4,/Users/rajeshpmu/Desktop/LegalMemoCMT/data/processed/phase2/clancy/turn_clips/audio/1tyKO8mTdOM/1tyKO8mTdOM_turn00013.wav,00:02:57.199,00:03:50.157,52.958,47,REVIEW_REQUIRED,"Turn exceeds MELD-style preferred maximum duration; inspect for over-consolidation, pauses, or non-testimony content."
1tyKO8mTdOM_turn00014,1tyKO8mTdOM,https://www.youtube.com/live/1tyKO8mTdOM,LIVE: Lindsay Clancy trial Day 15,/Users/rajeshpmu/Desktop/LegalMemoCMT/data/phase2/clancy/corpus/raw/live-lindsay-clancy-trial-day-15/live-lindsay-clancy-trial-day-15_1tyKO8mTdOM.mp4,/Users/rajeshpmu/Desktop/LegalMemoCMT/data/phase2/clancy/corpus/raw/live-lindsay-clancy-trial-day-15/live-lindsay-clancy-trial-day-15_1tyKO8mTdOM.en.vtt,/Users/rajeshpmu/Desktop/LegalMemoCMT/data/processed/phase2/clancy/turn_clips/video/1tyKO8mTdOM/1tyKO8mTdOM_turn00014.mp4,/Users/rajeshpmu/Desktop/LegalMemoCMT/data/processed/phase2/clancy/turn_clips/audio/1tyKO8mTdOM/1tyKO8mTdOM_turn00014.wav,00:03:50.157,00:04:49.911,59.754,7,REVIEW_REQUIRED,"Turn exceeds MELD-style preferred maximum duration; inspect for over-consolidation, pauses, or non-testimony content."
1tyKO8mTdOM_turn00103,1tyKO8mTdOM,https://www.youtube.com/live/1tyKO8mTdOM,LIVE: Lindsay Clancy trial Day 15,/Users/rajeshpmu/Desktop/LegalMemoCMT/data/phase2/clancy/corpus/raw/live-lindsay-clancy-trial-day-15/live-lindsay-clancy-trial-day-15_1tyKO8mTdOM.mp4,/Users/rajeshpmu/Desktop/LegalMemoCMT/data/phase2/clancy/corpus/raw/live-lindsay-clancy-trial-day-15/live-lindsay-clancy-trial-day-15_1tyKO8mTdOM.en.vtt,/Users/rajeshpmu/Desktop/LegalMemoCMT/data/processed/phase2/clancy/turn_clips/video/1tyKO8mTdOM/1tyKO8mTdOM_turn00103.mp4,/Users/rajeshpmu/Desktop/LegalMemoCMT/data/processed/phase2/clancy/turn_clips/audio/1tyKO8mTdOM/1tyKO8mTdOM_turn00103.wav,00:11:58.164,00:12:49.915,51.751,25,REVIEW_REQUIRED,"Turn exceeds MELD-style preferred maximum duration; inspect for over-consolidation, pauses, or non-testimony content."
1tyKO8mTdOM_turn00144,1tyKO8mTdOM,https://www.youtube.com/live/1tyKO8mTdOM,LIVE: Lindsay Clancy trial Day 15,/Users/rajeshpmu/Desktop/LegalMemoCMT/data/phase2/clancy/corpus/raw/live-lindsay-clancy-trial-day-15/live-lindsay-clancy-trial-day-15_1tyKO8mTdOM.mp4,/Users/rajeshpmu/Desktop/LegalMemoCMT/data/phase2/clancy/corpus/raw/live-lindsay-clancy-trial-day-15/live-lindsay-clancy-trial-day-15_1tyKO8mTdOM.en.vtt,/Users/rajeshpmu/Desktop/LegalMemoCMT/data/processed/phase2/clancy/turn_clips/video/1tyKO8mTdOM/1tyKO8mTdOM_turn00144.mp4,/Users/rajeshpmu/Desktop/LegalMemoCMT/data/processed/phase2/clancy/turn_clips/audio/1tyKO8mTdOM/1tyKO8mTdOM_turn00144.wav,00:15:36.132,00:16:55.928,79.796,9,REVIEW_REQUIRED,"Turn exceeds MELD-style preferred maximum duration; inspect for over-consolidation, pauses, or non-testimony content."
1tyKO8mTdOM_turn00224,1tyKO8mTdOM,https://www.youtube.com/live/1tyKO8mTdOM,LIVE: Lindsay Clancy trial Day 15,/Users/rajeshpmu/Desktop/LegalMemoCMT/data/phase2/clancy/corpus/raw/live-lindsay-clancy-trial-day-15/live-lindsay-clancy-trial-day-15_1tyKO8mTdOM.mp4,/Users/rajeshpmu/Desktop/LegalMemoCMT/data/phase2/clancy/corpus/raw/live-lindsay-clancy-trial-day-15/live-lindsay-clancy-trial-day-15_1tyKO8mTdOM.en.vtt,/Users/rajeshpmu/Desktop/LegalMemoCMT/data/processed/phase2/clancy/turn_clips/video/1tyKO8mTdOM/1tyKO8mTdOM_turn00224.mp4,/Users/rajeshpmu/Desktop/LegalMemoCMT/data/processed/phase2/clancy/turn_clips/audio/1tyKO8mTdOM/1tyKO8mTdOM_turn00224.wav,00:23:55.766,00:24:37.916,42.150,16,REVIEW_REQUIRED,"Turn exceeds MELD-style preferred maximum duration; inspect for over-consolidation, pauses, or non-testimony content."
1tyKO8mTdOM_turn00244,1tyKO8mTdOM,https://www.youtube.com/live/1tyKO8mTdOM,LIVE: Lindsay Clancy trial Day 15,/Users/rajeshpmu/Desktop/LegalMemoCMT/data/phase2/clancy/corpus/raw/live-lindsay-clancy-trial-day-15/live-lindsay-clancy-trial-day-15_1tyKO8mTdOM.mp4,/Users/rajeshpmu/Desktop/LegalMemoCMT/data/phase2/clancy/corpus/raw/live-lindsay-clancy-trial-day-15/live-lindsay-clancy-trial-day-15_1tyKO8mTdOM.en.vtt,/Users/rajeshpmu/Desktop/LegalMemoCMT/data/processed/phase2/clancy/turn_clips/video/1tyKO8mTdOM/1tyKO8mTdOM_turn00244.mp4,/Users/rajeshpmu/Desktop/LegalMemoCMT/data/processed/phase2/clancy/turn_clips/audio/1tyKO8mTdOM/1tyKO8mTdOM_turn00244.wav,00:28:47.468,00:29:32.641,45.173,43,REVIEW_REQUIRED,"Turn exceeds MELD-style preferred maximum duration; inspect for over-consolidation, pauses, or non-testimony content."
1tyKO8mTdOM_turn00332,1tyKO8mTdOM,https://www.youtube.com/live/1tyKO8mTdOM,LIVE: Lindsay Clancy trial Day 15,/Users/rajeshpmu/Desktop/LegalMemoCMT/data/phase2/clancy/corpus/raw/live-lindsay-clancy-trial-day-15/live-lindsay-clancy-trial-day-15_1tyKO8mTdOM.mp4,/Users/rajeshpmu/Desktop/LegalMemoCMT/data/phase2/clancy/corpus/raw/live-lindsay-clancy-trial-day-15/live-lindsay-clancy-trial-day-15_1tyKO8mTdOM.en.vtt,/Users/rajeshpmu/Desktop/LegalMemoCMT/data/processed/phase2/clancy/turn_clips/video/1tyKO8mTdOM/1tyKO8mTdOM_turn00332.mp4,/Users/rajeshpmu/Desktop/LegalMemoCMT/data/processed/phase2/clancy/turn_clips/audio/1tyKO8mTdOM/1tyKO8mTdOM_turn00332.wav,00:36:21.146,00:37:01.920,40.774,22,REVIEW_REQUIRED,"Turn exceeds MELD-style preferred maximum duration; inspect for over-consolidation, pauses, or non-testimony content."
1tyKO8mTdOM_turn00339,1tyKO8mTdOM,https://www.youtube.com/live/1tyKO8mTdOM,LIVE: Lindsay Clancy trial Day 15,/Users/rajeshpmu/Desktop/LegalMemoCMT/data/phase2/clancy/corpus/raw/live-lindsay-clancy-trial-day-15/live-lindsay-clancy-trial-day-15_1tyKO8mTdOM.mp4,/Users/rajeshpmu/Desktop/LegalMemoCMT/data/phase2/clancy/corpus/raw/live-lindsay-clancy-trial-day-15/live-lindsay-clancy-trial-day-15_1tyKO8mTdOM.en.vtt,/Users/rajeshpmu/Desktop/LegalMemoCMT/data/processed/phase2/clancy/turn_clips/video/1tyKO8mTdOM/1tyKO8mTdOM_turn00339.mp4,/Users/rajeshpmu/Desktop/LegalMemoCMT/data/processed/phase2/clancy/turn_clips/audio/1tyKO8mTdOM/1tyKO8mTdOM_turn00339.wav,00:38:03.205,00:38:49.595,46.390,33,REVIEW_REQUIRED,"Turn exceeds MELD-style preferred maximum duration; inspect for over-consolidation, pauses, or non-testimony content."
1tyKO8mTdOM_turn00343,1tyKO8mTdOM,https://www.youtube.com/live/1tyKO8mTdOM,LIVE: Lindsay Clancy trial Day 15,/Users/rajeshpmu/Desktop/LegalMemoCMT/data/phase2/clancy/corpus/raw/live-lindsay-clancy-trial-day-15/live-lindsay-clancy-trial-day-15_1tyKO8mTdOM.mp4,/Users/rajeshpmu/Desktop/LegalMemoCMT/data/phase2/clancy/corpus/raw/live-lindsay-clancy-trial-day-15/live-lindsay-clancy-trial-day-15_1tyKO8mTdOM.en.vtt,/Users/rajeshpmu/Desktop/LegalMemoCMT/data/processed/phase2/clancy/turn_clips/video/1tyKO8mTdOM/1tyKO8mTdOM_turn00343.mp4,/Users/rajeshpmu/Desktop/LegalMemoCMT/data/processed/phase2/clancy/turn_clips/audio/1tyKO8mTdOM/1tyKO8mTdOM_turn00343.wav,00:38:53.870,00:40:05.341,71.471,47,REVIEW_REQUIRED,"Turn exceeds MELD-style preferred maximum duration; inspect for over-consolidation, pauses, or non-testimony content."
1tyKO8mTdOM_turn00347,1tyKO8mTdOM,https://www.youtube.com/live/1tyKO8mTdOM,LIVE: Lindsay Clancy trial Day 15,/Users/rajeshpmu/Desktop/LegalMemoCMT/data/phase2/clancy/corpus/raw/live-lindsay-clancy-trial-day-15/live-lindsay-clancy-trial-day-15_1tyKO8mTdOM.mp4,/Users/rajeshpmu/Desktop/LegalMemoCMT/data/phase2/clancy/corpus/raw/live-lindsay-clancy-trial-day-15/live-lindsay-clancy-trial-day-15_1tyKO8mTdOM.en.vtt,/Users/rajeshpmu/Desktop/LegalMemoCMT/data/processed/phase2/clancy/turn_clips/video/1tyKO8mTdOM/1tyKO8mTdOM_turn00347.mp4,/Users/rajeshpmu/Desktop/LegalMemoCMT/data/processed/phase2/clancy/turn_clips/audio/1tyKO8mTdOM/1tyKO8mTdOM_turn00347.wav,00:40:55.079,00:42:56.769,121.690,99,REVIEW_REQUIRED,"Turn exceeds MELD-style preferred maximum duration; inspect for over-consolidation, pauses, or non-testimony content."
1tyKO8mTdOM_turn00348,1tyKO8mTdOM,https://www.youtube.com/live/1tyKO8mTdOM,LIVE: Lindsay Clancy trial Day 15,/Users/rajeshpmu/Desktop/LegalMemoCMT/data/phase2/clancy/corpus/raw/live-lindsay-clancy-trial-day-15/live-lindsay-clancy-trial-day-15_1tyKO8mTdOM.mp4,/Users/rajeshpmu/Desktop/LegalMemoCMT/data/phase2/clancy/corpus/raw/live-lindsay-clancy-trial-day-15/live-lindsay-clancy-trial-day-15_1tyKO8mTdOM.en.vtt,/Users/rajeshpmu/Desktop/LegalMemoCMT/data/processed/phase2/clancy/turn_clips/video/1tyKO8mTdOM/1tyKO8mTdOM_turn00348.mp4,/Users/rajeshpmu/Desktop/LegalMemoCMT/data/processed/phase2/clancy/turn_clips/audio/1tyKO8mTdOM/1tyKO8mTdOM_turn00348.wav,00:42:56.769,00:44:31.699,94.930,61,REVIEW_REQUIRED,"Turn exceeds MELD-style preferred maximum duration; inspect for over-consolidation, pauses, or non-testimony content."
1tyKO8mTdOM_turn00380,1tyKO8mTdOM,https://www.youtube.com/live/1tyKO8mTdOM,LIVE: Lindsay Clancy trial Day 15,/Users/rajeshpmu/Desktop/LegalMemoCMT/data/phase2/clancy/corpus/raw/live-lindsay-clancy-trial-day-15/live-lindsay-clancy-trial-day-15_1tyKO8mTdOM.mp4,/Users/rajeshpmu/Desktop/LegalMemoCMT/data/phase2/clancy/corpus/raw/live-lindsay-clancy-trial-day-15/live-lindsay-clancy-trial-day-15_1tyKO8mTdOM.en.vtt,/Users/rajeshpmu/Desktop/LegalMemoCMT/data/processed/phase2/clancy/turn_clips/video/1tyKO8mTdOM/1tyKO8mTdOM_turn00380.mp4,/Users/rajeshpmu/Desktop/LegalMemoCMT/data/processed/phase2/clancy/turn_clips/audio/1tyKO8mTdOM/1tyKO8mTdOM_turn00380.wav,00:49:10.149,00:50:18.874,68.725,61,REVIEW_REQUIRED,"Turn exceeds MELD-style preferred maximum duration; inspect for over-consolidation, pauses, or non-testimony content."
1tyKO8mTdOM_turn00382,1tyKO8mTdOM,https://www.youtube.com/live/1tyKO8mTdOM,LIVE: Lindsay Clancy trial Day 15,/Users/rajeshpmu/Desktop/LegalMemoCMT/data/phase2/clancy/corpus/raw/live-lindsay-clancy-trial-day-15/live-lindsay-clancy-trial-day-15_1tyKO8mTdOM.mp4,/Users/rajeshpmu/Desktop/LegalMemoCMT/data/phase2/clancy/corpus/raw/live-lindsay-clancy-trial-day-15/live-lindsay-clancy-trial-day-15_1tyKO8mTdOM.en.vtt,/Users/rajeshpmu/Desktop/LegalMemoCMT/data/processed/phase2/clancy/turn_clips/video/1tyKO8mTdOM/1tyKO8mTdOM_turn00382.mp4,/Users/rajeshpmu/Desktop/LegalMemoCMT/data/processed/phase2/clancy/turn_clips/audio/1tyKO8mTdOM/1tyKO8mTdOM_turn00382.wav,00:50:47.670,00:51:33.959,46.289,40,REVIEW_REQUIRED,"Turn exceeds MELD-style preferred maximum duration; inspect for over-consolidation, pauses, or non-testimony content."
1tyKO8mTdOM_turn00384,1tyKO8mTdOM,https://www.youtube.com/live/1tyKO8mTdOM,LIVE: Lindsay Clancy trial Day 15,/Users/rajeshpmu/Desktop/LegalMemoCMT/data/phase2/clancy/corpus/raw/live-lindsay-clancy-trial-day-15/live-lindsay-clancy-trial-day-15_1tyKO8mTdOM.mp4,/Users/rajeshpmu/Desktop/LegalMemoCMT/data/phase2/clancy/corpus/raw/live-lindsay-clancy-trial-day-15/live-lindsay-clancy-trial-day-15_1tyKO8mTdOM.en.vtt,/Users/rajeshpmu/Desktop/LegalMemoCMT/data/processed/phase2/clancy/turn_clips/video/1tyKO8mTdOM/1tyKO8mTdOM_turn00384.mp4,/Users/rajeshpmu/Desktop/LegalMemoCMT/data/processed/phase2/clancy/turn_clips/audio/1tyKO8mTdOM/1tyKO8mTdOM_turn00384.wav,00:51:54.367,00:53:59.408,125.041,109,REVIEW_REQUIRED,"Turn exceeds MELD-style preferred maximum duration; inspect for over-consolidation, pauses, or non-testimony content."
1tyKO8mTdOM_turn00392,1tyKO8mTdOM,https://www.youtube.com/live/1tyKO8mTdOM,LIVE: Lindsay Clancy trial Day 15,/Users/rajeshpmu/Desktop/LegalMemoCMT/data/phase2/clancy/corpus/raw/live-lindsay-clancy-trial-day-15/live-lindsay-clancy-trial-day-15_1tyKO8mTdOM.mp4,/Users/rajeshpmu/Desktop/LegalMemoCMT/data/phase2/clancy/corpus/raw/live-lindsay-clancy-trial-day-15/live-lindsay-clancy-trial-day-15_1tyKO8mTdOM.en.vtt,/Users/rajeshpmu/Desktop/LegalMemoCMT/data/processed/phase2/clancy/turn_clips/video/1tyKO8mTdOM/1tyKO8mTdOM_turn00392.mp4,/Users/rajeshpmu/Desktop/LegalMemoCMT/data/processed/phase2/clancy/turn_clips/audio/1tyKO8mTdOM/1tyKO8mTdOM_turn00392.wav,00:55:22.832,00:57:04.535,101.703,23,REVIEW_REQUIRED,"Turn exceeds MELD-style preferred maximum duration; inspect for over-consolidation, pauses, or non-testimony content."
1tyKO8mTdOM_turn00407,1tyKO8mTdOM,https://www.youtube.com/live/1tyKO8mTdOM,LIVE: Lindsay Clancy trial Day 15,/Users/rajeshpmu/Desktop/LegalMemoCMT/data/phase2/clancy/corpus/raw/live-lindsay-clancy-trial-day-15/live-lindsay-clancy-trial-day-15_1tyKO8mTdOM.mp4,/Users/rajeshpmu/Desktop/LegalMemoCMT/data/phase2/clancy/corpus/raw/live-lindsay-clancy-trial-day-15/live-lindsay-clancy-trial-day-15_1tyKO8mTdOM.en.vtt,/Users/rajeshpmu/Desktop/LegalMemoCMT/data/processed/phase2/clancy/turn_clips/video/1tyKO8mTdOM/1tyKO8mTdOM_turn00407.mp4,/Users/rajeshpmu/Desktop/LegalMemoCMT/data/processed/phase2/clancy/turn_clips/audio/1tyKO8mTdOM/1tyKO8mTdOM_turn00407.wav,00:59:15.176,00:59:55.465,40.289,27,REVIEW_REQUIRED,"Turn exceeds MELD-style preferred maximum duration; inspect for over-consolidation, pauses, or non-testimony content."
1tyKO8mTdOM_turn00413,1tyKO8mTdOM,https://www.youtube.com/live/1tyKO8mTdOM,LIVE: Lindsay Clancy trial Day 15,/Users/rajeshpmu/Desktop/LegalMemoCMT/data/phase2/clancy/corpus/raw/live-lindsay-clancy-trial-day-15/live-lindsay-clancy-trial-day-15_1tyKO8mTdOM.mp4,/Users/rajeshpmu/Desktop/LegalMemoCMT/data/phase2/clancy/corpus/raw/live-lindsay-clancy-trial-day-15/live-lindsay-clancy-trial-day-15_1tyKO8mTdOM.en.vtt,/Users/rajeshpmu/Desktop/LegalMemoCMT/data/processed/phase2/clancy/turn_clips/video/1tyKO8mTdOM/1tyKO8mTdOM_turn00413.mp4,/Users/rajeshpmu/Desktop/LegalMemoCMT/data/processed/phase2/clancy/turn_clips/audio/1tyKO8mTdOM/1tyKO8mTdOM_turn00413.wav,01:00:37.905,01:01:21.060,43.155,33,REVIEW_REQUIRED,"Turn exceeds MELD-style preferred maximum duration; inspect for over-consolidation, pauses, or non-testimony content."
1tyKO8mTdOM_turn00415,1tyKO8mTdOM,https://www.youtube.com/live/1tyKO8mTdOM,LIVE: Lindsay Clancy trial Day 15,/Users/rajeshpmu/Desktop/LegalMemoCMT/data/phase2/clancy/corpus/raw/live-lindsay-clancy-trial-day-15/live-lindsay-clancy-trial-day-15_1tyKO8mTdOM.mp4,/Users/rajeshpmu/Desktop/LegalMemoCMT/data/phase2/clancy/corpus/raw/live-lindsay-clancy-trial-day-15/live-lindsay-clancy-trial-day-15_1tyKO8mTdOM.en.vtt,/Users/rajeshpmu/Desktop/LegalMemoCMT/data/processed/phase2/clancy/turn_clips/video/1tyKO8mTdOM/1tyKO8mTdOM_turn00415.mp4,/Users/rajeshpmu/Desktop/LegalMemoCMT/data/processed/phase2/clancy/turn_clips/audio/1tyKO8mTdOM/1tyKO8mTdOM_turn00415.wav,01:01:21.854,01:02:53.971,92.117,59,REVIEW_REQUIRED,"Turn exceeds MELD-style preferred maximum duration; inspect for over-consolidation, pauses, or non-testimony content."
1tyKO8mTdOM_turn00441,1tyKO8mTdOM,https://www.youtube.com/live/1tyKO8mTdOM,LIVE: Lindsay Clancy trial Day 15,/Users/rajeshpmu/Desktop/LegalMemoCMT/data/phase2/clancy/corpus/raw/live-lindsay-clancy-trial-day-15/live-lindsay-clancy-trial-day-15_1tyKO8mTdOM.mp4,/Users/rajeshpmu/Desktop/LegalMemoCMT/data/phase2/clancy/corpus/raw/live-lindsay-clancy-trial-day-15/live-lindsay-clancy-trial-day-15_1tyKO8mTdOM.en.vtt,/Users/rajeshpmu/Desktop/LegalMemoCMT/data/processed/phase2/clancy/turn_clips/video/1tyKO8mTdOM/1tyKO8mTdOM_turn00441.mp4,/Users/rajeshpmu/Desktop/LegalMemoCMT/data/processed/phase2/clancy/turn_clips/audio/1tyKO8mTdOM/1tyKO8mTdOM_turn00441.wav,01:05:53.030,01:06:38.270,45.240,33,REVIEW_REQUIRED,"Turn exceeds MELD-style preferred maximum duration; inspect for over-consolidation, pauses, or non-testimony content."
1tyKO8mTdOM_turn00444,1tyKO8mTdOM,https://www.youtube.com/live/1tyKO8mTdOM,LIVE: Lindsay Clancy trial Day 15,/Users/rajeshpmu/Desktop/LegalMemoCMT/data/phase2/clancy/corpus/raw/live-lindsay-clancy-trial-day-15/live-lindsay-clancy-trial-day-15_1tyKO8mTdOM.mp4,/Users/rajeshpmu/Desktop/LegalMemoCMT/data/phase2/clancy/corpus/raw/live-lindsay-clancy-trial-day-15/live-lindsay-clancy-trial-day-15_1tyKO8mTdOM.en.vtt,/Users/rajeshpmu/Desktop/LegalMemoCMT/data/processed/phase2/clancy/turn_clips/video/1tyKO8mTdOM/1tyKO8mTdOM_turn00444.mp4,/Users/rajeshpmu/Desktop/LegalMemoCMT/data/processed/phase2/clancy/turn_clips/audio/1tyKO8mTdOM/1tyKO8mTdOM_turn00444.wav,01:06:48.503,01:07:18.860,30.357,21,REVIEW_REQUIRED,"Turn exceeds MELD-style preferred maximum duration; inspect for over-consolidation, pauses, or non-testimony content."
1tyKO8mTdOM_turn00447,1tyKO8mTdOM,https://www.youtube.com/live/1tyKO8mTdOM,LIVE: Lindsay Clancy trial Day 15,/Users/rajeshpmu/Desktop/LegalMemoCMT/data/phase2/clancy/corpus/raw/live-lindsay-clancy-trial-day-15/live-lindsay-clancy-trial-day-15_1tyKO8mTdOM.mp4,/Users/rajeshpmu/Desktop/LegalMemoCMT/data/phase2/clancy/corpus/raw/live-lindsay-clancy-trial-day-15/live-lindsay-clancy-trial-day-15_1tyKO8mTdOM.en.vtt,/Users/rajeshpmu/Desktop/LegalMemoCMT/data/processed/phase2/clancy/turn_clips/video/1tyKO8mTdOM/1tyKO8mTdOM_turn00447.mp4,/Users/rajeshpmu/Desktop/LegalMemoCMT/data/processed/phase2/clancy/turn_clips/audio/1tyKO8mTdOM/1tyKO8mTdOM_turn00447.wav,01:07:29.355,01:08:33.887,64.532,35,REVIEW_REQUIRED,"Turn exceeds MELD-style preferred maximum duration; inspect for over-consolidation, pauses, or non-testimony content."
1tyKO8mTdOM_turn00454,1tyKO8mTdOM,https://www.youtube.com/live/1tyKO8mTdOM,LIVE: Lindsay Clancy trial Day 15,/Users/rajeshpmu/Desktop/LegalMemoCMT/data/phase2/clancy/corpus/raw/live-lindsay-clancy-trial-day-15/live-lindsay-clancy-trial-day-15_1tyKO8mTdOM.mp4,/Users/rajeshpmu/Desktop/LegalMemoCMT/data/phase2/clancy/corpus/raw/live-lindsay-clancy-trial-day-15/live-lindsay-clancy-trial-day-15_1tyKO8mTdOM.en.vtt,/Users/rajeshpmu/Desktop/LegalMemoCMT/data/processed/phase2/clancy/turn_clips/video/1tyKO8mTdOM/1tyKO8mTdOM_turn00454.mp4,/Users/rajeshpmu/Desktop/LegalMemoCMT/data/processed/phase2/clancy/turn_clips/audio/1tyKO8mTdOM/1tyKO8mTdOM_turn00454.wav,01:09:10.317,01:09:51.594,41.277,27,REVIEW_REQUIRED,"Turn exceeds MELD-style preferred maximum duration; inspect for over-consolidation, pauses, or non-testimony content."
1tyKO8mTdOM_turn00460,1tyKO8mTdOM,https://www.youtube.com/live/1tyKO8mTdOM,LIVE: Lindsay Clancy trial Day 15,/Users/rajeshpmu/Desktop/LegalMemoCMT/data/phase2/clancy/corpus/raw/live-lindsay-clancy-trial-day-15/live-lindsay-clancy-trial-day-15_1tyKO8mTdOM.mp4,/Users/rajeshpmu/Desktop/LegalMemoCMT/data/phase2/clancy/corpus/raw/live-lindsay-clancy-trial-day-15/live-lindsay-clancy-trial-day-15_1tyKO8mTdOM.en.vtt,/Users/rajeshpmu/Desktop/LegalMemoCMT/data/processed/phase2/clancy/turn_clips/video/1tyKO8mTdOM/1tyKO8mTdOM_turn00460.mp4,/Users/rajeshpmu/Desktop/LegalMemoCMT/data/processed/phase2/clancy/turn_clips/audio/1tyKO8mTdOM/1tyKO8mTdOM_turn00460.wav,01:10:16.520,01:11:07.329,50.809,31,REVIEW_REQUIRED,"Turn exceeds MELD-style preferred maximum duration; inspect for over-consolidation, pauses, or non-testimony content."
1tyKO8mTdOM_turn00461,1tyKO8mTdOM,https://www.youtube.com/live/1tyKO8mTdOM,LIVE: Lindsay Clancy trial Day 15,/Users/rajeshpmu/Desktop/LegalMemoCMT/data/phase2/clancy/corpus/raw/live-lindsay-clancy-trial-day-15/live-lindsay-clancy-trial-day-15_1tyKO8mTdOM.mp4,/Users/rajeshpmu/Desktop/LegalMemoCMT/data/phase2/clancy/corpus/raw/live-lindsay-clancy-trial-day-15/live-lindsay-clancy-trial-day-15_1tyKO8mTdOM.en.vtt,/Users/rajeshpmu/Desktop/LegalMemoCMT/data/processed/phase2/clancy/turn_clips/video/1tyKO8mTdOM/1tyKO8mTdOM_turn00461.mp4,/Users/rajeshpmu/Desktop/LegalMemoCMT/data/processed/phase2/clancy/turn_clips/audio/1tyKO8mTdOM/1tyKO8mTdOM_turn00461.wav,01:11:07.329,01:11:40.644,33.315,27,REVIEW_REQUIRED,"Turn exceeds MELD-style preferred maximum duration; inspect for over-consolidation, pauses, or non-testimony content."
1tyKO8mTdOM_turn00468,1tyKO8mTdOM,https://www.youtube.com/live/1tyKO8mTdOM,LIVE: Lindsay Clancy trial Day 15,/Users/rajeshpmu/Desktop/LegalMemoCMT/data/phase2/clancy/corpus/raw/live-lindsay-clancy-trial-day-15/live-lindsay-clancy-trial-day-15_1tyKO8mTdOM.mp4,/Users/rajeshpmu/Desktop/LegalMemoCMT/data/phase2/clancy/corpus/raw/live-lindsay-clancy-trial-day-15/live-lindsay-clancy-trial-day-15_1tyKO8mTdOM.en.vtt,/Users/rajeshpmu/Desktop/LegalMemoCMT/data/processed/phase2/clancy/turn_clips/video/1tyKO8mTdOM/1tyKO8mTdOM_turn00468.mp4,/Users/rajeshpmu/Desktop/LegalMemoCMT/data/processed/phase2/clancy/turn_clips/audio/1tyKO8mTdOM/1tyKO8mTdOM_turn00468.wav,01:12:19.534,01:13:34.618,75.084,55,REVIEW_REQUIRED,"Turn exceeds MELD-style preferred maximum duration; inspect for over-consolidation, pauses, or non-testimony content."
1tyKO8mTdOM_turn00472,1tyKO8mTdOM,https://www.youtube.com/live/1tyKO8mTdOM,LIVE: Lindsay Clancy trial Day 15,/Users/rajeshpmu/Desktop/LegalMemoCMT/data/phase2/clancy/corpus/raw/live-lindsay-clancy-trial-day-15/live-lindsay-clancy-trial-day-15_1tyKO8mTdOM.mp4,/Users/rajeshpmu/Desktop/LegalMemoCMT/data/phase2/clancy/corpus/raw/live-lindsay-clancy-trial-day-15/live-lindsay-clancy-trial-day-15_1tyKO8mTdOM.en.vtt,/Users/rajeshpmu/Desktop/LegalMemoCMT/data/processed/phase2/clancy/turn_clips/video/1tyKO8mTdOM/1tyKO8mTdOM_turn00472.mp4,/Users/rajeshpmu/Desktop/LegalMemoCMT/data/processed/phase2/clancy/turn_clips/audio/1tyKO8mTdOM/1tyKO8mTdOM_turn00472.wav,01:14:11.029,01:14:59.989,48.960,33,REVIEW_REQUIRED,"Turn exceeds MELD-style preferred maximum duration; inspect for over-consolidation, pauses, or non-testimony content."
1tyKO8mTdOM_turn00482,1tyKO8mTdOM,https://www.youtube.com/live/1tyKO8mTdOM,LIVE: Lindsay Clancy trial Day 15,/Users/rajeshpmu/Desktop/LegalMemoCMT/data/phase2/clancy/corpus/raw/live-lindsay-clancy-trial-day-15/live-lindsay-clancy-trial-day-15_1tyKO8mTdOM.mp4,/Users/rajeshpmu/Desktop/LegalMemoCMT/data/phase2/clancy/corpus/raw/live-lindsay-clancy-trial-day-15/live-lindsay-clancy-trial-day-15_1tyKO8mTdOM.en.vtt,/Users/rajeshpmu/Desktop/LegalMemoCMT/data/processed/phase2/clancy/turn_clips/video/1tyKO8mTdOM/1tyKO8mTdOM_turn00482.mp4,/Users/rajeshpmu/Desktop/LegalMemoCMT/data/processed/phase2/clancy/turn_clips/audio/1tyKO8mTdOM/1tyKO8mTdOM_turn00482.wav,01:16:19.755,01:17:15.687,55.932,33,REVIEW_REQUIRED,"Turn exceeds MELD-style preferred maximum duration; inspect for over-consolidation, pauses, or non-testimony content."
1tyKO8mTdOM_turn00486,1tyKO8mTdOM,https://www.youtube.com/live/1tyKO8mTdOM,LIVE: Lindsay Clancy trial Day 15,/Users/rajeshpmu/Desktop/LegalMemoCMT/data/phase2/clancy/corpus/raw/live-lindsay-clancy-trial-day-15/live-lindsay-clancy-trial-day-15_1tyKO8mTdOM.mp4,/Users/rajeshpmu/Desktop/LegalMemoCMT/data/phase2/clancy/corpus/raw/live-lindsay-clancy-trial-day-15/live-lindsay-clancy-trial-day-15_1tyKO8mTdOM.en.vtt,/Users/rajeshpmu/Desktop/LegalMemoCMT/data/processed/phase2/clancy/turn_clips/video/1tyKO8mTdOM/1tyKO8mTdOM_turn00486.mp4,/Users/rajeshpmu/Desktop/LegalMemoCMT/data/processed/phase2/clancy/turn_clips/audio/1tyKO8mTdOM/1tyKO8mTdOM_turn00486.wav,01:17:32.534,01:18:03.116,30.582,21,REVIEW_REQUIRED,"Turn exceeds MELD-style preferred maximum duration; inspect for over-consolidation, pauses, or non-testimony content."
1tyKO8mTdOM_turn00499,1tyKO8mTdOM,https://www.youtube.com/live/1tyKO8mTdOM,LIVE: Lindsay Clancy trial Day 15,/Users/rajeshpmu/Desktop/LegalMemoCMT/data/phase2/clancy/corpus/raw/live-lindsay-clancy-trial-day-15/live-lindsay-clancy-trial-day-15_1tyKO8mTdOM.mp4,/Users/rajeshpmu/Desktop/LegalMemoCMT/data/phase2/clancy/corpus/raw/live-lindsay-clancy-trial-day-15/live-lindsay-clancy-trial-day-15_1tyKO8mTdOM.en.vtt,/Users/rajeshpmu/Desktop/LegalMemoCMT/data/processed/phase2/clancy/turn_clips/video/1tyKO8mTdOM/1tyKO8mTdOM_turn00499.mp4,/Users/rajeshpmu/Desktop/LegalMemoCMT/data/processed/phase2/clancy/turn_clips/audio/1tyKO8mTdOM/1tyKO8mTdOM_turn00499.wav,01:19:59.976,01:20:36.899,36.923,27,REVIEW_REQUIRED,"Turn exceeds MELD-style preferred maximum duration; inspect for over-consolidation, pauses, or non-testimony content."
1tyKO8mTdOM_turn00516,1tyKO8mTdOM,https://www.youtube.com/live/1tyKO8mTdOM,LIVE: Lindsay Clancy trial Day 15,/Users/rajeshpmu/Desktop/LegalMemoCMT/data/phase2/clancy/corpus/raw/live-lindsay-clancy-trial-day-15/live-lindsay-clancy-trial-day-15_1tyKO8mTdOM.mp4,/Users/rajeshpmu/Desktop/LegalMemoCMT/data/phase2/clancy/corpus/raw/live-lindsay-clancy-trial-day-15/live-lindsay-clancy-trial-day-15_1tyKO8mTdOM.en.vtt,/Users/rajeshpmu/Desktop/LegalMemoCMT/data/processed/phase2/clancy/turn_clips/video/1tyKO8mTdOM/1tyKO8mTdOM_turn00516.mp4,/Users/rajeshpmu/Desktop/LegalMemoCMT/data/processed/phase2/clancy/turn_clips/audio/1tyKO8mTdOM/1tyKO8mTdOM_turn00516.wav,01:21:40.329,01:22:11.589,31.260,25,REVIEW_REQUIRED,"Turn exceeds MELD-style preferred maximum duration; inspect for over-consolidation, pauses, or non-testimony content."
1tyKO8mTdOM_turn00535,1tyKO8mTdOM,https://www.youtube.com/live/1tyKO8mTdOM,LIVE: Lindsay Clancy trial Day 15,/Users/rajeshpmu/Desktop/LegalMemoCMT/data/phase2/clancy/corpus/raw/live-lindsay-clancy-trial-day-15/live-lindsay-clancy-trial-day-15_1tyKO8mTdOM.mp4,/Users/rajeshpmu/Desktop/LegalMemoCMT/data/phase2/clancy/corpus/raw/live-lindsay-clancy-trial-day-15/live-lindsay-clancy-trial-day-15_1tyKO8mTdOM.en.vtt,/Users/rajeshpmu/Desktop/LegalMemoCMT/data/processed/phase2/clancy/turn_clips/video/1tyKO8mTdOM/1tyKO8mTdOM_turn00535.mp4,/Users/rajeshpmu/Desktop/LegalMemoCMT/data/processed/phase2/clancy/turn_clips/audio/1tyKO8mTdOM/1tyKO8mTdOM_turn00535.wav,01:24:21.138,01:25:53.025,91.887,67,REVIEW_REQUIRED,"Turn exceeds MELD-style preferred maximum duration; inspect for over-consolidation, pauses, or non-testimony content."
1tyKO8mTdOM_turn00539,1tyKO8mTdOM,https://www.youtube.com/live/1tyKO8mTdOM,LIVE: Lindsay Clancy trial Day 15,/Users/rajeshpmu/Desktop/LegalMemoCMT/data/phase2/clancy/corpus/raw/live-lindsay-clancy-trial-day-15/live-lindsay-clancy-trial-day-15_1tyKO8mTdOM.mp4,/Users/rajeshpmu/Desktop/LegalMemoCMT/data/phase2/clancy/corpus/raw/live-lindsay-clancy-trial-day-15/live-lindsay-clancy-trial-day-15_1tyKO8mTdOM.en.vtt,/Users/rajeshpmu/Desktop/LegalMemoCMT/data/processed/phase2/clancy/turn_clips/video/1tyKO8mTdOM/1tyKO8mTdOM_turn00539.mp4,/Users/rajeshpmu/Desktop/LegalMemoCMT/data/processed/phase2/clancy/turn_clips/audio/1tyKO8mTdOM/1tyKO8mTdOM_turn00539.wav,01:26:02.275,01:26:56.170,53.895,45,REVIEW_REQUIRED,"Turn exceeds MELD-style preferred maximum duration; inspect for over-consolidation, pauses, or non-testimony content."
1tyKO8mTdOM_turn00541,1tyKO8mTdOM,https://www.youtube.com/live/1tyKO8mTdOM,LIVE: Lindsay Clancy trial Day 15,/Users/rajeshpmu/Desktop/LegalMemoCMT/data/phase2/clancy/corpus/raw/live-lindsay-clancy-trial-day-15/live-lindsay-clancy-trial-day-15_1tyKO8mTdOM.mp4,/Users/rajeshpmu/Desktop/LegalMemoCMT/data/phase2/clancy/corpus/raw/live-lindsay-clancy-trial-day-15/live-lindsay-clancy-trial-day-15_1tyKO8mTdOM.en.vtt,/Users/rajeshpmu/Desktop/LegalMemoCMT/data/processed/phase2/clancy/turn_clips/video/1tyKO8mTdOM/1tyKO8mTdOM_turn00541.mp4,/Users/rajeshpmu/Desktop/LegalMemoCMT/data/processed/phase2/clancy/turn_clips/audio/1tyKO8mTdOM/1tyKO8mTdOM_turn00541.wav,01:27:07.130,01:27:39.427,32.297,25,REVIEW_REQUIRED,"Turn exceeds MELD-style preferred maximum duration; inspect for over-consolidation, pauses, or non-testimony content."
1tyKO8mTdOM_turn00554,1tyKO8mTdOM,https://www.youtube.com/live/1tyKO8mTdOM,LIVE: Lindsay Clancy trial Day 15,/Users/rajeshpmu/Desktop/LegalMemoCMT/data/phase2/clancy/corpus/raw/live-lindsay-clancy-trial-day-15/live-lindsay-clancy-trial-day-15_1tyKO8mTdOM.mp4,/Users/rajeshpmu/Desktop/LegalMemoCMT/data/phase2/clancy/corpus/raw/live-lindsay-clancy-trial-day-15/live-lindsay-clancy-trial-day-15_1tyKO8mTdOM.en.vtt,/Users/rajeshpmu/Desktop/LegalMemoCMT/data/processed/phase2/clancy/turn_clips/video/1tyKO8mTdOM/1tyKO8mTdOM_turn00554.mp4,/Users/rajeshpmu/Desktop/LegalMemoCMT/data/processed/phase2/clancy/turn_clips/audio/1tyKO8mTdOM/1tyKO8mTdOM_turn00554.wav,01:28:46.308,01:29:36.877,50.569,39,REVIEW_REQUIRED,"Turn exceeds MELD-style preferred maximum duration; inspect for over-consolidation, pauses, or non-testimony content."
1tyKO8mTdOM_turn00562,1tyKO8mTdOM,https://www.youtube.com/live/1tyKO8mTdOM,LIVE: Lindsay Clancy trial Day 15,/Users/rajeshpmu/Desktop/LegalMemoCMT/data/phase2/clancy/corpus/raw/live-lindsay-clancy-trial-day-15/live-lindsay-clancy-trial-day-15_1tyKO8mTdOM.mp4,/Users/rajeshpmu/Desktop/LegalMemoCMT/data/phase2/clancy/corpus/raw/live-lindsay-clancy-trial-day-15/live-lindsay-clancy-trial-day-15_1tyKO8mTdOM.en.vtt,/Users/rajeshpmu/Desktop/LegalMemoCMT/data/processed/phase2/clancy/turn_clips/video/1tyKO8mTdOM/1tyKO8mTdOM_turn00562.mp4,/Users/rajeshpmu/Desktop/LegalMemoCMT/data/processed/phase2/clancy/turn_clips/audio/1tyKO8mTdOM/1tyKO8mTdOM_turn00562.wav,01:30:25.251,01:31:33.694,68.443,51,REVIEW_REQUIRED,"Turn exceeds MELD-style preferred maximum duration; inspect for over-consolidation, pauses, or non-testimony content."
1tyKO8mTdOM_turn00572,1tyKO8mTdOM,https://www.youtube.com/live/1tyKO8mTdOM,LIVE: Lindsay Clancy trial Day 15,/Users/rajeshpmu/Desktop/LegalMemoCMT/data/phase2/clancy/corpus/raw/live-lindsay-clancy-trial-day-15/live-lindsay-clancy-trial-day-15_1tyKO8mTdOM.mp4,/Users/rajeshpmu/Desktop/LegalMemoCMT/data/phase2/clancy/corpus/raw/live-lindsay-clancy-trial-day-15/live-lindsay-clancy-trial-day-15_1tyKO8mTdOM.en.vtt,/Users/rajeshpmu/Desktop/LegalMemoCMT/data/processed/phase2/clancy/turn_clips/video/1tyKO8mTdOM/1tyKO8mTdOM_turn00572.mp4,/Users/rajeshpmu/Desktop/LegalMemoCMT/data/processed/phase2/clancy/turn_clips/audio/1tyKO8mTdOM/1tyKO8mTdOM_turn00572.wav,01:32:44.077,01:33:32.722,48.645,33,REVIEW_REQUIRED,"Turn exceeds MELD-style preferred maximum duration; inspect for over-consolidation, pauses, or non-testimony content."
1tyKO8mTdOM_turn00576,1tyKO8mTdOM,https://www.youtube.com/live/1tyKO8mTdOM,LIVE: Lindsay Clancy trial Day 15,/Users/rajeshpmu/Desktop/LegalMemoCMT/data/phase2/clancy/corpus/raw/live-lindsay-clancy-trial-day-15/live-lindsay-clancy-trial-day-15_1tyKO8mTdOM.mp4,/Users/rajeshpmu/Desktop/LegalMemoCMT/data/phase2/clancy/corpus/raw/live-lindsay-clancy-trial-day-15/live-lindsay-clancy-trial-day-15_1tyKO8mTdOM.en.vtt,/Users/rajeshpmu/Desktop/LegalMemoCMT/data/processed/phase2/clancy/turn_clips/video/1tyKO8mTdOM/1tyKO8mTdOM_turn00576.mp4,/Users/rajeshpmu/Desktop/LegalMemoCMT/data/processed/phase2/clancy/turn_clips/audio/1tyKO8mTdOM/1tyKO8mTdOM_turn00576.wav,01:33:39.265,01:34:15.218,35.953,29,REVIEW_REQUIRED,"Turn exceeds MELD-style preferred maximum duration; inspect for over-consolidation, pauses, or non-testimony content."
1tyKO8mTdOM_turn00586,1tyKO8mTdOM,https://www.youtube.com/live/1tyKO8mTdOM,LIVE: Lindsay Clancy trial Day 15,/Users/rajeshpmu/Desktop/LegalMemoCMT/data/phase2/clancy/corpus/raw/live-lindsay-clancy-trial-day-15/live-lindsay-clancy-trial-day-15_1tyKO8mTdOM.mp4,/Users/rajeshpmu/Desktop/LegalMemoCMT/data/phase2/clancy/corpus/raw/live-lindsay-clancy-trial-day-15/live-lindsay-clancy-trial-day-15_1tyKO8mTdOM.en.vtt,/Users/rajeshpmu/Desktop/LegalMemoCMT/data/processed/phase2/clancy/turn_clips/video/1tyKO8mTdOM/1tyKO8mTdOM_turn00586.mp4,/Users/rajeshpmu/Desktop/LegalMemoCMT/data/processed/phase2/clancy/turn_clips/audio/1tyKO8mTdOM/1tyKO8mTdOM_turn00586.wav,01:35:47.068,01:36:17.321,30.253,21,REVIEW_REQUIRED,"Turn exceeds MELD-style preferred maximum duration; inspect for over-consolidation, pauses, or non-testimony content."
1tyKO8mTdOM_turn00594,1tyKO8mTdOM,https://www.youtube.com/live/1tyKO8mTdOM,LIVE: Lindsay Clancy trial Day 15,/Users/rajeshpmu/Desktop/LegalMemoCMT/data/phase2/clancy/corpus/raw/live-lindsay-clancy-trial-day-15/live-lindsay-clancy-trial-day-15_1tyKO8mTdOM.mp4,/Users/rajeshpmu/Desktop/LegalMemoCMT/data/phase2/clancy/corpus/raw/live-lindsay-clancy-trial-day-15/live-lindsay-clancy-trial-day-15_1tyKO8mTdOM.en.vtt,/Users/rajeshpmu/Desktop/LegalMemoCMT/data/processed/phase2/clancy/turn_clips/video/1tyKO8mTdOM/1tyKO8mTdOM_turn00594.mp4,/Users/rajeshpmu/Desktop/LegalMemoCMT/data/processed/phase2/clancy/turn_clips/audio/1tyKO8mTdOM/1tyKO8mTdOM_turn00594.wav,01:36:57.261,01:37:27.810,30.549,25,REVIEW_REQUIRED,"Turn exceeds MELD-style preferred maximum duration; inspect for over-consolidation, pauses, or non-testimony content."
1tyKO8mTdOM_turn00602,1tyKO8mTdOM,https://www.youtube.com/live/1tyKO8mTdOM,LIVE: Lindsay Clancy trial Day 15,/Users/rajeshpmu/Desktop/LegalMemoCMT/data/phase2/clancy/corpus/raw/live-lindsay-clancy-trial-day-15/live-lindsay-clancy-trial-day-15_1tyKO8mTdOM.mp4,/Users/rajeshpmu/Desktop/LegalMemoCMT/data/phase2/clancy/corpus/raw/live-lindsay-clancy-trial-day-15/live-lindsay-clancy-trial-day-15_1tyKO8mTdOM.en.vtt,/Users/rajeshpmu/Desktop/LegalMemoCMT/data/processed/phase2/clancy/turn_clips/video/1tyKO8mTdOM/1tyKO8mTdOM_turn00602.mp4,/Users/rajeshpmu/Desktop/LegalMemoCMT/data/processed/phase2/clancy/turn_clips/audio/1tyKO8mTdOM/1tyKO8mTdOM_turn00602.wav,01:38:22.181,01:39:05.474,43.293,33,REVIEW_REQUIRED,"Turn exceeds MELD-style preferred maximum duration; inspect for over-consolidation, pauses, or non-testimony content."
1tyKO8mTdOM_turn00610,1tyKO8mTdOM,https://www.youtube.com/live/1tyKO8mTdOM,LIVE: Lindsay Clancy trial Day 15,/Users/rajeshpmu/Desktop/LegalMemoCMT/data/phase2/clancy/corpus/raw/live-lindsay-clancy-trial-day-15/live-lindsay-clancy-trial-day-15_1tyKO8mTdOM.mp4,/Users/rajeshpmu/Desktop/LegalMemoCMT/data/phase2/clancy/corpus/raw/live-lindsay-clancy-trial-day-15/live-lindsay-clancy-trial-day-15_1tyKO8mTdOM.en.vtt,/Users/rajeshpmu/Desktop/LegalMemoCMT/data/processed/phase2/clancy/turn_clips/video/1tyKO8mTdOM/1tyKO8mTdOM_turn00610.mp4,/Users/rajeshpmu/Desktop/LegalMemoCMT/data/processed/phase2/clancy/turn_clips/audio/1tyKO8mTdOM/1tyKO8mTdOM_turn00610.wav,01:40:22.412,01:41:03.658,41.246,29,REVIEW_REQUIRED,"Turn exceeds MELD-style preferred maximum duration; inspect for over-consolidation, pauses, or non-testimony content."
1tyKO8mTdOM_turn00619,1tyKO8mTdOM,https://www.youtube.com/live/1tyKO8mTdOM,LIVE: Lindsay Clancy trial Day 15,/Users/rajeshpmu/Desktop/LegalMemoCMT/data/phase2/clancy/corpus/raw/live-lindsay-clancy-trial-day-15/live-lindsay-clancy-trial-day-15_1tyKO8mTdOM.mp4,/Users/rajeshpmu/Desktop/LegalMemoCMT/data/phase2/clancy/corpus/raw/live-lindsay-clancy-trial-day-15/live-lindsay-clancy-trial-day-15_1tyKO8mTdOM.en.vtt,/Users/rajeshpmu/Desktop/LegalMemoCMT/data/processed/phase2/clancy/turn_clips/video/1tyKO8mTdOM/1tyKO8mTdOM_turn00619.mp4,/Users/rajeshpmu/Desktop/LegalMemoCMT/data/processed/phase2/clancy/turn_clips/audio/1tyKO8mTdOM/1tyKO8mTdOM_turn00619.wav,01:41:51.318,01:42:32.263,40.945,31,REVIEW_REQUIRED,"Turn exceeds MELD-style preferred maximum duration; inspect for over-consolidation, pauses, or non-testimony content."
1tyKO8mTdOM_turn00635,1tyKO8mTdOM,https://www.youtube.com/live/1tyKO8mTdOM,LIVE: Lindsay Clancy trial Day 15,/Users/rajeshpmu/Desktop/LegalMemoCMT/data/phase2/clancy/corpus/raw/live-lindsay-clancy-trial-day-15/live-lindsay-clancy-trial-day-15_1tyKO8mTdOM.mp4,/Users/rajeshpmu/Desktop/LegalMemoCMT/data/phase2/clancy/corpus/raw/live-lindsay-clancy-trial-day-15/live-lindsay-clancy-trial-day-15_1tyKO8mTdOM.en.vtt,/Users/rajeshpmu/Desktop/LegalMemoCMT/data/processed/phase2/clancy/turn_clips/video/1tyKO8mTdOM/1tyKO8mTdOM_turn00635.mp4,/Users/rajeshpmu/Desktop/LegalMemoCMT/data/processed/phase2/clancy/turn_clips/audio/1tyKO8mTdOM/1tyKO8mTdOM_turn00635.wav,01:44:00.056,01:44:41.283,41.227,29,REVIEW_REQUIRED,"Turn exceeds MELD-style preferred maximum duration; inspect for over-consolidation, pauses, or non-testimony content."
1tyKO8mTdOM_turn00715,1tyKO8mTdOM,https://www.youtube.com/live/1tyKO8mTdOM,LIVE: Lindsay Clancy trial Day 15,/Users/rajeshpmu/Desktop/LegalMemoCMT/data/phase2/clancy/corpus/raw/live-lindsay-clancy-trial-day-15/live-lindsay-clancy-trial-day-15_1tyKO8mTdOM.mp4,/Users/rajeshpmu/Desktop/LegalMemoCMT/data/phase2/clancy/corpus/raw/live-lindsay-clancy-trial-day-15/live-lindsay-clancy-trial-day-15_1tyKO8mTdOM.en.vtt,/Users/rajeshpmu/Desktop/LegalMemoCMT/data/processed/phase2/clancy/turn_clips/video/1tyKO8mTdOM/1tyKO8mTdOM_turn00715.mp4,/Users/rajeshpmu/Desktop/LegalMemoCMT/data/processed/phase2/clancy/turn_clips/audio/1tyKO8mTdOM/1tyKO8mTdOM_turn00715.wav,01:56:34.139,01:57:10.263,36.124,19,REVIEW_REQUIRED,"Turn exceeds MELD-style preferred maximum duration; inspect for over-consolidation, pauses, or non-testimony content."
1tyKO8mTdOM_turn00758,1tyKO8mTdOM,https://www.youtube.com/live/1tyKO8mTdOM,LIVE: Lindsay Clancy trial Day 15,/Users/rajeshpmu/Desktop/LegalMemoCMT/data/phase2/clancy/corpus/raw/live-lindsay-clancy-trial-day-15/live-lindsay-clancy-trial-day-15_1tyKO8mTdOM.mp4,/Users/rajeshpmu/Desktop/LegalMemoCMT/data/phase2/clancy/corpus/raw/live-lindsay-clancy-trial-day-15/live-lindsay-clancy-trial-day-15_1tyKO8mTdOM.en.vtt,/Users/rajeshpmu/Desktop/LegalMemoCMT/data/processed/phase2/clancy/turn_clips/video/1tyKO8mTdOM/1tyKO8mTdOM_turn00758.mp4,/Users/rajeshpmu/Desktop/LegalMemoCMT/data/processed/phase2/clancy/turn_clips/audio/1tyKO8mTdOM/1tyKO8mTdOM_turn00758.wav,02:02:39.223,02:03:17.518,38.295,31,REVIEW_REQUIRED,"Turn exceeds MELD-style preferred maximum duration; inspect for over-consolidation, pauses, or non-testimony content."
1tyKO8mTdOM_turn00763,1tyKO8mTdOM,https://www.youtube.com/live/1tyKO8mTdOM,LIVE: Lindsay Clancy trial Day 15,/Users/rajeshpmu/Desktop/LegalMemoCMT/data/phase2/clancy/corpus/raw/live-lindsay-clancy-trial-day-15/live-lindsay-clancy-trial-day-15_1tyKO8mTdOM.mp4,/Users/rajeshpmu/Desktop/LegalMemoCMT/data/phase2/clancy/corpus/raw/live-lindsay-clancy-trial-day-15/live-lindsay-clancy-trial-day-15_1tyKO8mTdOM.en.vtt,/Users/rajeshpmu/Desktop/LegalMemoCMT/data/processed/phase2/clancy/turn_clips/video/1tyKO8mTdOM/1tyKO8mTdOM_turn00763.mp4,/Users/rajeshpmu/Desktop/LegalMemoCMT/data/processed/phase2/clancy/turn_clips/audio/1tyKO8mTdOM/1tyKO8mTdOM_turn00763.wav,02:04:02.407,02:04:34.552,32.145,23,REVIEW_REQUIRED,"Turn exceeds MELD-style preferred maximum duration; inspect for over-consolidation, pauses, or non-testimony content."
1tyKO8mTdOM_turn00773,1tyKO8mTdOM,https://www.youtube.com/live/1tyKO8mTdOM,LIVE: Lindsay Clancy trial Day 15,/Users/rajeshpmu/Desktop/LegalMemoCMT/data/phase2/clancy/corpus/raw/live-lindsay-clancy-trial-day-15/live-lindsay-clancy-trial-day-15_1tyKO8mTdOM.mp4,/Users/rajeshpmu/Desktop/LegalMemoCMT/data/phase2/clancy/corpus/raw/live-lindsay-clancy-trial-day-15/live-lindsay-clancy-trial-day-15_1tyKO8mTdOM.en.vtt,/Users/rajeshpmu/Desktop/LegalMemoCMT/data/processed/phase2/clancy/turn_clips/video/1tyKO8mTdOM/1tyKO8mTdOM_turn00773.mp4,/Users/rajeshpmu/Desktop/LegalMemoCMT/data/processed/phase2/clancy/turn_clips/audio/1tyKO8mTdOM/1tyKO8mTdOM_turn00773.wav,02:05:22.477,02:07:34.651,132.174,37,REVIEW_REQUIRED,"Turn exceeds MELD-style preferred maximum duration; inspect for over-consolidation, pauses, or non-testimony content."
1tyKO8mTdOM_turn00774,1tyKO8mTdOM,https://www.youtube.com/live/1tyKO8mTdOM,LIVE: Lindsay Clancy trial Day 15,/Users/rajeshpmu/Desktop/LegalMemoCMT/data/phase2/clancy/corpus/raw/live-lindsay-clancy-trial-day-15/live-lindsay-clancy-trial-day-15_1tyKO8mTdOM.mp4,/Users/rajeshpmu/Desktop/LegalMemoCMT/data/phase2/clancy/corpus/raw/live-lindsay-clancy-trial-day-15/live-lindsay-clancy-trial-day-15_1tyKO8mTdOM.en.vtt,/Users/rajeshpmu/Desktop/LegalMemoCMT/data/processed/phase2/clancy/turn_clips/video/1tyKO8mTdOM/1tyKO8mTdOM_turn00774.mp4,/Users/rajeshpmu/Desktop/LegalMemoCMT/data/processed/phase2/clancy/turn_clips/audio/1tyKO8mTdOM/1tyKO8mTdOM_turn00774.wav,02:07:34.651,02:08:09.079,34.428,3,REVIEW_REQUIRED,"Turn exceeds MELD-style preferred maximum duration; inspect for over-consolidation, pauses, or non-testimony content."
1tyKO8mTdOM_turn00782,1tyKO8mTdOM,https://www.youtube.com/live/1tyKO8mTdOM,LIVE: Lindsay Clancy trial Day 15,/Users/rajeshpmu/Desktop/LegalMemoCMT/data/phase2/clancy/corpus/raw/live-lindsay-clancy-trial-day-15/live-lindsay-clancy-trial-day-15_1tyKO8mTdOM.mp4,/Users/rajeshpmu/Desktop/LegalMemoCMT/data/phase2/clancy/corpus/raw/live-lindsay-clancy-trial-day-15/live-lindsay-clancy-trial-day-15_1tyKO8mTdOM.en.vtt,/Users/rajeshpmu/Desktop/LegalMemoCMT/data/processed/phase2/clancy/turn_clips/video/1tyKO8mTdOM/1tyKO8mTdOM_turn00782.mp4,/Users/rajeshpmu/Desktop/LegalMemoCMT/data/processed/phase2/clancy/turn_clips/audio/1tyKO8mTdOM/1tyKO8mTdOM_turn00782.wav,02:09:05.463,02:11:14.322,128.859,13,REVIEW_REQUIRED,"Turn exceeds MELD-style preferred maximum duration; inspect for over-consolidation, pauses, or non-testimony content."
1tyKO8mTdOM_turn00799,1tyKO8mTdOM,https://www.youtube.com/live/1tyKO8mTdOM,LIVE: Lindsay Clancy trial Day 15,/Users/rajeshpmu/Desktop/LegalMemoCMT/data/phase2/clancy/corpus/raw/live-lindsay-clancy-trial-day-15/live-lindsay-clancy-trial-day-15_1tyKO8mTdOM.mp4,/Users/rajeshpmu/Desktop/LegalMemoCMT/data/phase2/clancy/corpus/raw/live-lindsay-clancy-trial-day-15/live-lindsay-clancy-trial-day-15_1tyKO8mTdOM.en.vtt,/Users/rajeshpmu/Desktop/LegalMemoCMT/data/processed/phase2/clancy/turn_clips/video/1tyKO8mTdOM/1tyKO8mTdOM_turn00799.mp4,/Users/rajeshpmu/Desktop/LegalMemoCMT/data/processed/phase2/clancy/turn_clips/audio/1tyKO8mTdOM/1tyKO8mTdOM_turn00799.wav,02:13:03.129,02:13:45.953,42.824,29,REVIEW_REQUIRED,"Turn exceeds MELD-style preferred maximum duration; inspect for over-consolidation, pauses, or non-testimony content."
1tyKO8mTdOM_turn00802,1tyKO8mTdOM,https://www.youtube.com/live/1tyKO8mTdOM,LIVE: Lindsay Clancy trial Day 15,/Users/rajeshpmu/Desktop/LegalMemoCMT/data/phase2/clancy/corpus/raw/live-lindsay-clancy-trial-day-15/live-lindsay-clancy-trial-day-15_1tyKO8mTdOM.mp4,/Users/rajeshpmu/Desktop/LegalMemoCMT/data/phase2/clancy/corpus/raw/live-lindsay-clancy-trial-day-15/live-lindsay-clancy-trial-day-15_1tyKO8mTdOM.en.vtt,/Users/rajeshpmu/Desktop/LegalMemoCMT/data/processed/phase2/clancy/turn_clips/video/1tyKO8mTdOM/1tyKO8mTdOM_turn00802.mp4,/Users/rajeshpmu/Desktop/LegalMemoCMT/data/processed/phase2/clancy/turn_clips/audio/1tyKO8mTdOM/1tyKO8mTdOM_turn00802.wav,02:14:12.816,02:15:41.349,88.533,63,REVIEW_REQUIRED,"Turn exceeds MELD-style preferred maximum duration; inspect for over-consolidation, pauses, or non-testimony content."
1tyKO8mTdOM_turn00806,1tyKO8mTdOM,https://www.youtube.com/live/1tyKO8mTdOM,LIVE: Lindsay Clancy trial Day 15,/Users/rajeshpmu/Desktop/LegalMemoCMT/data/phase2/clancy/corpus/raw/live-lindsay-clancy-trial-day-15/live-lindsay-clancy-trial-day-15_1tyKO8mTdOM.mp4,/Users/rajeshpmu/Desktop/LegalMemoCMT/data/phase2/clancy/corpus/raw/live-lindsay-clancy-trial-day-15/live-lindsay-clancy-trial-day-15_1tyKO8mTdOM.en.vtt,/Users/rajeshpmu/Desktop/LegalMemoCMT/data/processed/phase2/clancy/turn_clips/video/1tyKO8mTdOM/1tyKO8mTdOM_turn00806.mp4,/Users/rajeshpmu/Desktop/LegalMemoCMT/data/processed/phase2/clancy/turn_clips/audio/1tyKO8mTdOM/1tyKO8mTdOM_turn00806.wav,02:16:01.699,02:16:44.937,43.238,29,REVIEW_REQUIRED,"Turn exceeds MELD-style preferred maximum duration; inspect for over-consolidation, pauses, or non-testimony content."
1tyKO8mTdOM_turn00816,1tyKO8mTdOM,https://www.youtube.com/live/1tyKO8mTdOM,LIVE: Lindsay Clancy trial Day 15,/Users/rajeshpmu/Desktop/LegalMemoCMT/data/phase2/clancy/corpus/raw/live-lindsay-clancy-trial-day-15/live-lindsay-clancy-trial-day-15_1tyKO8mTdOM.mp4,/Users/rajeshpmu/Desktop/LegalMemoCMT/data/phase2/clancy/corpus/raw/live-lindsay-clancy-trial-day-15/live-lindsay-clancy-trial-day-15_1tyKO8mTdOM.en.vtt,/Users/rajeshpmu/Desktop/LegalMemoCMT/data/processed/phase2/clancy/turn_clips/video/1tyKO8mTdOM/1tyKO8mTdOM_turn00816.mp4,/Users/rajeshpmu/Desktop/LegalMemoCMT/data/processed/phase2/clancy/turn_clips/audio/1tyKO8mTdOM/1tyKO8mTdOM_turn00816.wav,02:17:18.761,02:18:01.130,42.369,31,REVIEW_REQUIRED,"Turn exceeds MELD-style preferred maximum duration; inspect for over-consolidation, pauses, or non-testimony content."
1tyKO8mTdOM_turn00841,1tyKO8mTdOM,https://www.youtube.com/live/1tyKO8mTdOM,LIVE: Lindsay Clancy trial Day 15,/Users/rajeshpmu/Desktop/LegalMemoCMT/data/phase2/clancy/corpus/raw/live-lindsay-clancy-trial-day-15/live-lindsay-clancy-trial-day-15_1tyKO8mTdOM.mp4,/Users/rajeshpmu/Desktop/LegalMemoCMT/data/phase2/clancy/corpus/raw/live-lindsay-clancy-trial-day-15/live-lindsay-clancy-trial-day-15_1tyKO8mTdOM.en.vtt,/Users/rajeshpmu/Desktop/LegalMemoCMT/data/processed/phase2/clancy/turn_clips/video/1tyKO8mTdOM/1tyKO8mTdOM_turn00841.mp4,/Users/rajeshpmu/Desktop/LegalMemoCMT/data/processed/phase2/clancy/turn_clips/audio/1tyKO8mTdOM/1tyKO8mTdOM_turn00841.wav,02:21:42.835,02:22:40.877,58.042,45,REVIEW_REQUIRED,"Turn exceeds MELD-style preferred maximum duration; inspect for over-consolidation, pauses, or non-testimony content."
1tyKO8mTdOM_turn00854,1tyKO8mTdOM,https://www.youtube.com/live/1tyKO8mTdOM,LIVE: Lindsay Clancy trial Day 15,/Users/rajeshpmu/Desktop/LegalMemoCMT/data/phase2/clancy/corpus/raw/live-lindsay-clancy-trial-day-15/live-lindsay-clancy-trial-day-15_1tyKO8mTdOM.mp4,/Users/rajeshpmu/Desktop/LegalMemoCMT/data/phase2/clancy/corpus/raw/live-lindsay-clancy-trial-day-15/live-lindsay-clancy-trial-day-15_1tyKO8mTdOM.en.vtt,/Users/rajeshpmu/Desktop/LegalMemoCMT/data/processed/phase2/clancy/turn_clips/video/1tyKO8mTdOM/1tyKO8mTdOM_turn00854.mp4,/Users/rajeshpmu/Desktop/LegalMemoCMT/data/processed/phase2/clancy/turn_clips/audio/1tyKO8mTdOM/1tyKO8mTdOM_turn00854.wav,02:24:52.536,02:25:50.343,57.807,39,REVIEW_REQUIRED,"Turn exceeds MELD-style preferred maximum duration; inspect for over-consolidation, pauses, or non-testimony content."
1tyKO8mTdOM_turn00862,1tyKO8mTdOM,https://www.youtube.com/live/1tyKO8mTdOM,LIVE: Lindsay Clancy trial Day 15,/Users/rajeshpmu/Desktop/LegalMemoCMT/data/phase2/clancy/corpus/raw/live-lindsay-clancy-trial-day-15/live-lindsay-clancy-trial-day-15_1tyKO8mTdOM.mp4,/Users/rajeshpmu/Desktop/LegalMemoCMT/data/phase2/clancy/corpus/raw/live-lindsay-clancy-trial-day-15/live-lindsay-clancy-trial-day-15_1tyKO8mTdOM.en.vtt,/Users/rajeshpmu/Desktop/LegalMemoCMT/data/processed/phase2/clancy/turn_clips/video/1tyKO8mTdOM/1tyKO8mTdOM_turn00862.mp4,/Users/rajeshpmu/Desktop/LegalMemoCMT/data/processed/phase2/clancy/turn_clips/audio/1tyKO8mTdOM/1tyKO8mTdOM_turn00862.wav,02:26:37.492,02:30:33.403,235.911,149,REVIEW_REQUIRED,"Turn exceeds MELD-style preferred maximum duration; inspect for over-consolidation, pauses, or non-testimony content."
1tyKO8mTdOM_turn00864,1tyKO8mTdOM,https://www.youtube.com/live/1tyKO8mTdOM,LIVE: Lindsay Clancy trial Day 15,/Users/rajeshpmu/Desktop/LegalMemoCMT/data/phase2/clancy/corpus/raw/live-lindsay-clancy-trial-day-15/live-lindsay-clancy-trial-day-15_1tyKO8mTdOM.mp4,/Users/rajeshpmu/Desktop/LegalMemoCMT/data/phase2/clancy/corpus/raw/live-lindsay-clancy-trial-day-15/live-lindsay-clancy-trial-day-15_1tyKO8mTdOM.en.vtt,/Users/rajeshpmu/Desktop/LegalMemoCMT/data/processed/phase2/clancy/turn_clips/video/1tyKO8mTdOM/1tyKO8mTdOM_turn00864.mp4,/Users/rajeshpmu/Desktop/LegalMemoCMT/data/processed/phase2/clancy/turn_clips/audio/1tyKO8mTdOM/1tyKO8mTdOM_turn00864.wav,02:30:43.714,02:32:51.330,127.616,75,REVIEW_REQUIRED,"Turn exceeds MELD-style preferred maximum duration; inspect for over-consolidation, pauses, or non-testimony content."
1tyKO8mTdOM_turn00865,1tyKO8mTdOM,https://www.youtube.com/live/1tyKO8mTdOM,LIVE: Lindsay Clancy trial Day 15,/Users/rajeshpmu/Desktop/LegalMemoCMT/data/phase2/clancy/corpus/raw/live-lindsay-clancy-trial-day-15/live-lindsay-clancy-trial-day-15_1tyKO8mTdOM.mp4,/Users/rajeshpmu/Desktop/LegalMemoCMT/data/phase2/clancy/corpus/raw/live-lindsay-clancy-trial-day-15/live-lindsay-clancy-trial-day-15_1tyKO8mTdOM.en.vtt,/Users/rajeshpmu/Desktop/LegalMemoCMT/data/processed/phase2/clancy/turn_clips/video/1tyKO8mTdOM/1tyKO8mTdOM_turn00865.mp4,/Users/rajeshpmu/Desktop/LegalMemoCMT/data/processed/phase2/clancy/turn_clips/audio/1tyKO8mTdOM/1tyKO8mTdOM_turn00865.wav,02:32:51.330,02:34:32.168,100.838,65,REVIEW_REQUIRED,"Turn exceeds MELD-style preferred maximum duration; inspect for over-consolidation, pauses, or non-testimony content."
1tyKO8mTdOM_turn00866,1tyKO8mTdOM,https://www.youtube.com/live/1tyKO8mTdOM,LIVE: Lindsay Clancy trial Day 15,/Users/rajeshpmu/Desktop/LegalMemoCMT/data/phase2/clancy/corpus/raw/live-lindsay-clancy-trial-day-15/live-lindsay-clancy-trial-day-15_1tyKO8mTdOM.mp4,/Users/rajeshpmu/Desktop/LegalMemoCMT/data/phase2/clancy/corpus/raw/live-lindsay-clancy-trial-day-15/live-lindsay-clancy-trial-day-15_1tyKO8mTdOM.en.vtt,/Users/rajeshpmu/Desktop/LegalMemoCMT/data/processed/phase2/clancy/turn_clips/video/1tyKO8mTdOM/1tyKO8mTdOM_turn00866.mp4,/Users/rajeshpmu/Desktop/LegalMemoCMT/data/processed/phase2/clancy/turn_clips/audio/1tyKO8mTdOM/1tyKO8mTdOM_turn00866.wav,02:34:32.168,02:35:16.864,44.696,25,REVIEW_REQUIRED,"Turn exceeds MELD-style preferred maximum duration; inspect for over-consolidation, pauses, or non-testimony content."
1tyKO8mTdOM_turn00871,1tyKO8mTdOM,https://www.youtube.com/live/1tyKO8mTdOM,LIVE: Lindsay Clancy trial Day 15,/Users/rajeshpmu/Desktop/LegalMemoCMT/data/phase2/clancy/corpus/raw/live-lindsay-clancy-trial-day-15/live-lindsay-clancy-trial-day-15_1tyKO8mTdOM.mp4,/Users/rajeshpmu/Desktop/LegalMemoCMT/data/phase2/clancy/corpus/raw/live-lindsay-clancy-trial-day-15/live-lindsay-clancy-trial-day-15_1tyKO8mTdOM.en.vtt,/Users/rajeshpmu/Desktop/LegalMemoCMT/data/processed/phase2/clancy/turn_clips/video/1tyKO8mTdOM/1tyKO8mTdOM_turn00871.mp4,/Users/rajeshpmu/Desktop/LegalMemoCMT/data/processed/phase2/clancy/turn_clips/audio/1tyKO8mTdOM/1tyKO8mTdOM_turn00871.wav,02:36:02.338,02:37:30.478,88.140,63,REVIEW_REQUIRED,"Turn exceeds MELD-style preferred maximum duration; inspect for over-consolidation, pauses, or non-testimony content."
1tyKO8mTdOM_turn00938,1tyKO8mTdOM,https://www.youtube.com/live/1tyKO8mTdOM,LIVE: Lindsay Clancy trial Day 15,/Users/rajeshpmu/Desktop/LegalMemoCMT/data/phase2/clancy/corpus/raw/live-lindsay-clancy-trial-day-15/live-lindsay-clancy-trial-day-15_1tyKO8mTdOM.mp4,/Users/rajeshpmu/Desktop/LegalMemoCMT/data/phase2/clancy/corpus/raw/live-lindsay-clancy-trial-day-15/live-lindsay-clancy-trial-day-15_1tyKO8mTdOM.en.vtt,/Users/rajeshpmu/Desktop/LegalMemoCMT/data/processed/phase2/clancy/turn_clips/video/1tyKO8mTdOM/1tyKO8mTdOM_turn00938.mp4,/Users/rajeshpmu/Desktop/LegalMemoCMT/data/processed/phase2/clancy/turn_clips/audio/1tyKO8mTdOM/1tyKO8mTdOM_turn00938.wav,02:45:26.301,02:46:21.059,54.758,47,REVIEW_REQUIRED,"Turn exceeds MELD-style preferred maximum duration; inspect for over-consolidation, pauses, or non-testimony content."
1tyKO8mTdOM_turn00945,1tyKO8mTdOM,https://www.youtube.com/live/1tyKO8mTdOM,LIVE: Lindsay Clancy trial Day 15,/Users/rajeshpmu/Desktop/LegalMemoCMT/data/phase2/clancy/corpus/raw/live-lindsay-clancy-trial-day-15/live-lindsay-clancy-trial-day-15_1tyKO8mTdOM.mp4,/Users/rajeshpmu/Desktop/LegalMemoCMT/data/phase2/clancy/corpus/raw/live-lindsay-clancy-trial-day-15/live-lindsay-clancy-trial-day-15_1tyKO8mTdOM.en.vtt,/Users/rajeshpmu/Desktop/LegalMemoCMT/data/processed/phase2/clancy/turn_clips/video/1tyKO8mTdOM/1tyKO8mTdOM_turn00945.mp4,/Users/rajeshpmu/Desktop/LegalMemoCMT/data/processed/phase2/clancy/turn_clips/audio/1tyKO8mTdOM/1tyKO8mTdOM_turn00945.wav,02:46:38.826,02:47:24.710,45.884,39,REVIEW_REQUIRED,"Turn exceeds MELD-style preferred maximum duration; inspect for over-consolidation, pauses, or non-testimony content."
1tyKO8mTdOM_turn00952,1tyKO8mTdOM,https://www.youtube.com/live/1tyKO8mTdOM,LIVE: Lindsay Clancy trial Day 15,/Users/rajeshpmu/Desktop/LegalMemoCMT/data/phase2/clancy/corpus/raw/live-lindsay-clancy-trial-day-15/live-lindsay-clancy-trial-day-15_1tyKO8mTdOM.mp4,/Users/rajeshpmu/Desktop/LegalMemoCMT/data/phase2/clancy/corpus/raw/live-lindsay-clancy-trial-day-15/live-lindsay-clancy-trial-day-15_1tyKO8mTdOM.en.vtt,/Users/rajeshpmu/Desktop/LegalMemoCMT/data/processed/phase2/clancy/turn_clips/video/1tyKO8mTdOM/1tyKO8mTdOM_turn00952.mp4,/Users/rajeshpmu/Desktop/LegalMemoCMT/data/processed/phase2/clancy/turn_clips/audio/1tyKO8mTdOM/1tyKO8mTdOM_turn00952.wav,02:48:13.990,02:49:12.685,58.695,45,REVIEW_REQUIRED,"Turn exceeds MELD-style preferred maximum duration; inspect for over-consolidation, pauses, or non-testimony content."
1tyKO8mTdOM_turn00958,1tyKO8mTdOM,https://www.youtube.com/live/1tyKO8mTdOM,LIVE: Lindsay Clancy trial Day 15,/Users/rajeshpmu/Desktop/LegalMemoCMT/data/phase2/clancy/corpus/raw/live-lindsay-clancy-trial-day-15/live-lindsay-clancy-trial-day-15_1tyKO8mTdOM.mp4,/Users/rajeshpmu/Desktop/LegalMemoCMT/data/phase2/clancy/corpus/raw/live-lindsay-clancy-trial-day-15/live-lindsay-clancy-trial-day-15_1tyKO8mTdOM.en.vtt,/Users/rajeshpmu/Desktop/LegalMemoCMT/data/processed/phase2/clancy/turn_clips/video/1tyKO8mTdOM/1tyKO8mTdOM_turn00958.mp4,/Users/rajeshpmu/Desktop/LegalMemoCMT/data/processed/phase2/clancy/turn_clips/audio/1tyKO8mTdOM/1tyKO8mTdOM_turn00958.wav,02:50:06.526,02:50:37.355,30.829,23,REVIEW_REQUIRED,"Turn exceeds MELD-style preferred maximum duration; inspect for over-consolidation, pauses, or non-testimony content."
1tyKO8mTdOM_turn00964,1tyKO8mTdOM,https://www.youtube.com/live/1tyKO8mTdOM,LIVE: Lindsay Clancy trial Day 15,/Users/rajeshpmu/Desktop/LegalMemoCMT/data/phase2/clancy/corpus/raw/live-lindsay-clancy-trial-day-15/live-lindsay-clancy-trial-day-15_1tyKO8mTdOM.mp4,/Users/rajeshpmu/Desktop/LegalMemoCMT/data/phase2/clancy/corpus/raw/live-lindsay-clancy-trial-day-15/live-lindsay-clancy-trial-day-15_1tyKO8mTdOM.en.vtt,/Users/rajeshpmu/Desktop/LegalMemoCMT/data/processed/phase2/clancy/turn_clips/video/1tyKO8mTdOM/1tyKO8mTdOM_turn00964.mp4,/Users/rajeshpmu/Desktop/LegalMemoCMT/data/processed/phase2/clancy/turn_clips/audio/1tyKO8mTdOM/1tyKO8mTdOM_turn00964.wav,02:51:02.359,02:53:15.317,132.958,97,REVIEW_REQUIRED,"Turn exceeds MELD-style preferred maximum duration; inspect for over-consolidation, pauses, or non-testimony content."
1tyKO8mTdOM_turn00982,1tyKO8mTdOM,https://www.youtube.com/live/1tyKO8mTdOM,LIVE: Lindsay Clancy trial Day 15,/Users/rajeshpmu/Desktop/LegalMemoCMT/data/phase2/clancy/corpus/raw/live-lindsay-clancy-trial-day-15/live-lindsay-clancy-trial-day-15_1tyKO8mTdOM.mp4,/Users/rajeshpmu/Desktop/LegalMemoCMT/data/phase2/clancy/corpus/raw/live-lindsay-clancy-trial-day-15/live-lindsay-clancy-trial-day-15_1tyKO8mTdOM.en.vtt,/Users/rajeshpmu/Desktop/LegalMemoCMT/data/processed/phase2/clancy/turn_clips/video/1tyKO8mTdOM/1tyKO8mTdOM_turn00982.mp4,/Users/rajeshpmu/Desktop/LegalMemoCMT/data/processed/phase2/clancy/turn_clips/audio/1tyKO8mTdOM/1tyKO8mTdOM_turn00982.wav,02:55:53.670,02:56:48.009,54.339,22,REVIEW_REQUIRED,"Turn exceeds MELD-style preferred maximum duration; inspect for over-consolidation, pauses, or non-testimony content."
1tyKO8mTdOM_turn00991,1tyKO8mTdOM,https://www.youtube.com/live/1tyKO8mTdOM,LIVE: Lindsay Clancy trial Day 15,/Users/rajeshpmu/Desktop/LegalMemoCMT/data/phase2/clancy/corpus/raw/live-lindsay-clancy-trial-day-15/live-lindsay-clancy-trial-day-15_1tyKO8mTdOM.mp4,/Users/rajeshpmu/Desktop/LegalMemoCMT/data/phase2/clancy/corpus/raw/live-lindsay-clancy-trial-day-15/live-lindsay-clancy-trial-day-15_1tyKO8mTdOM.en.vtt,/Users/rajeshpmu/Desktop/LegalMemoCMT/data/processed/phase2/clancy/turn_clips/video/1tyKO8mTdOM/1tyKO8mTdOM_turn00991.mp4,/Users/rajeshpmu/Desktop/LegalMemoCMT/data/processed/phase2/clancy/turn_clips/audio/1tyKO8mTdOM/1tyKO8mTdOM_turn00991.wav,02:57:21.614,02:58:07.219,45.605,17,REVIEW_REQUIRED,"Turn exceeds MELD-style preferred maximum duration; inspect for over-consolidation, pauses, or non-testimony content."
1tyKO8mTdOM_turn01001,1tyKO8mTdOM,https://www.youtube.com/live/1tyKO8mTdOM,LIVE: Lindsay Clancy trial Day 15,/Users/rajeshpmu/Desktop/LegalMemoCMT/data/phase2/clancy/corpus/raw/live-lindsay-clancy-trial-day-15/live-lindsay-clancy-trial-day-15_1tyKO8mTdOM.mp4,/Users/rajeshpmu/Desktop/LegalMemoCMT/data/phase2/clancy/corpus/raw/live-lindsay-clancy-trial-day-15/live-lindsay-clancy-trial-day-15_1tyKO8mTdOM.en.vtt,/Users/rajeshpmu/Desktop/LegalMemoCMT/data/processed/phase2/clancy/turn_clips/video/1tyKO8mTdOM/1tyKO8mTdOM_turn01001.mp4,/Users/rajeshpmu/Desktop/LegalMemoCMT/data/processed/phase2/clancy/turn_clips/audio/1tyKO8mTdOM/1tyKO8mTdOM_turn01001.wav,02:59:53.106,03:01:24.254,91.148,11,REVIEW_REQUIRED,"Turn exceeds MELD-style preferred maximum duration; inspect for over-consolidation, pauses, or non-testimony content."
1tyKO8mTdOM_turn01012,1tyKO8mTdOM,https://www.youtube.com/live/1tyKO8mTdOM,LIVE: Lindsay Clancy trial Day 15,/Users/rajeshpmu/Desktop/LegalMemoCMT/data/phase2/clancy/corpus/raw/live-lindsay-clancy-trial-day-15/live-lindsay-clancy-trial-day-15_1tyKO8mTdOM.mp4,/Users/rajeshpmu/Desktop/LegalMemoCMT/data/phase2/clancy/corpus/raw/live-lindsay-clancy-trial-day-15/live-lindsay-clancy-trial-day-15_1tyKO8mTdOM.en.vtt,/Users/rajeshpmu/Desktop/LegalMemoCMT/data/processed/phase2/clancy/turn_clips/video/1tyKO8mTdOM/1tyKO8mTdOM_turn01012.mp4,/Users/rajeshpmu/Desktop/LegalMemoCMT/data/processed/phase2/clancy/turn_clips/audio/1tyKO8mTdOM/1tyKO8mTdOM_turn01012.wav,03:02:12.546,03:03:19.647,67.101,47,REVIEW_REQUIRED,"Turn exceeds MELD-style preferred maximum duration; inspect for over-consolidation, pauses, or non-testimony content."
1tyKO8mTdOM_turn01016,1tyKO8mTdOM,https://www.youtube.com/live/1tyKO8mTdOM,LIVE: Lindsay Clancy trial Day 15,/Users/rajeshpmu/Desktop/LegalMemoCMT/data/phase2/clancy/corpus/raw/live-lindsay-clancy-trial-day-15/live-lindsay-clancy-trial-day-15_1tyKO8mTdOM.mp4,/Users/rajeshpmu/Desktop/LegalMemoCMT/data/phase2/clancy/corpus/raw/live-lindsay-clancy-trial-day-15/live-lindsay-clancy-trial-day-15_1tyKO8mTdOM.en.vtt,/Users/rajeshpmu/Desktop/LegalMemoCMT/data/processed/phase2/clancy/turn_clips/video/1tyKO8mTdOM/1tyKO8mTdOM_turn01016.mp4,/Users/rajeshpmu/Desktop/LegalMemoCMT/data/processed/phase2/clancy/turn_clips/audio/1tyKO8mTdOM/1tyKO8mTdOM_turn01016.wav,03:03:42.774,03:05:16.532,93.758,67,REVIEW_REQUIRED,"Turn exceeds MELD-style preferred maximum duration; inspect for over-consolidation, pauses, or non-testimony content."
1tyKO8mTdOM_turn01020,1tyKO8mTdOM,https://www.youtube.com/live/1tyKO8mTdOM,LIVE: Lindsay Clancy trial Day 15,/Users/rajeshpmu/Desktop/LegalMemoCMT/data/phase2/clancy/corpus/raw/live-lindsay-clancy-trial-day-15/live-lindsay-clancy-trial-day-15_1tyKO8mTdOM.mp4,/Users/rajeshpmu/Desktop/LegalMemoCMT/data/phase2/clancy/corpus/raw/live-lindsay-clancy-trial-day-15/live-lindsay-clancy-trial-day-15_1tyKO8mTdOM.en.vtt,/Users/rajeshpmu/Desktop/LegalMemoCMT/data/processed/phase2/clancy/turn_clips/video/1tyKO8mTdOM/1tyKO8mTdOM_turn01020.mp4,/Users/rajeshpmu/Desktop/LegalMemoCMT/data/processed/phase2/clancy/turn_clips/audio/1tyKO8mTdOM/1tyKO8mTdOM_turn01020.wav,03:05:24.039,03:06:21.030,56.991,37,REVIEW_REQUIRED,"Turn exceeds MELD-style preferred maximum duration; inspect for over-consolidation, pauses, or non-testimony content."
1tyKO8mTdOM_turn01022,1tyKO8mTdOM,https://www.youtube.com/live/1tyKO8mTdOM,LIVE: Lindsay Clancy trial Day 15,/Users/rajeshpmu/Desktop/LegalMemoCMT/data/phase2/clancy/corpus/raw/live-lindsay-clancy-trial-day-15/live-lindsay-clancy-trial-day-15_1tyKO8mTdOM.mp4,/Users/rajeshpmu/Desktop/LegalMemoCMT/data/phase2/clancy/corpus/raw/live-lindsay-clancy-trial-day-15/live-lindsay-clancy-trial-day-15_1tyKO8mTdOM.en.vtt,/Users/rajeshpmu/Desktop/LegalMemoCMT/data/processed/phase2/clancy/turn_clips/video/1tyKO8mTdOM/1tyKO8mTdOM_turn01022.mp4,/Users/rajeshpmu/Desktop/LegalMemoCMT/data/processed/phase2/clancy/turn_clips/audio/1tyKO8mTdOM/1tyKO8mTdOM_turn01022.wav,03:06:24.503,03:07:06.635,42.132,33,REVIEW_REQUIRED,"Turn exceeds MELD-style preferred maximum duration; inspect for over-consolidation, pauses, or non-testimony content."
1tyKO8mTdOM_turn01030,1tyKO8mTdOM,https://www.youtube.com/live/1tyKO8mTdOM,LIVE: Lindsay Clancy trial Day 15,/Users/rajeshpmu/Desktop/LegalMemoCMT/data/phase2/clancy/corpus/raw/live-lindsay-clancy-trial-day-15/live-lindsay-clancy-trial-day-15_1tyKO8mTdOM.mp4,/Users/rajeshpmu/Desktop/LegalMemoCMT/data/phase2/clancy/corpus/raw/live-lindsay-clancy-trial-day-15/live-lindsay-clancy-trial-day-15_1tyKO8mTdOM.en.vtt,/Users/rajeshpmu/Desktop/LegalMemoCMT/data/processed/phase2/clancy/turn_clips/video/1tyKO8mTdOM/1tyKO8mTdOM_turn01030.mp4,/Users/rajeshpmu/Desktop/LegalMemoCMT/data/processed/phase2/clancy/turn_clips/audio/1tyKO8mTdOM/1tyKO8mTdOM_turn01030.wav,03:07:58.119,03:08:29.150,31.031,17,REVIEW_REQUIRED,"Turn exceeds MELD-style preferred maximum duration; inspect for over-consolidation, pauses, or non-testimony content."
1tyKO8mTdOM_turn01045,1tyKO8mTdOM,https://www.youtube.com/live/1tyKO8mTdOM,LIVE: Lindsay Clancy trial Day 15,/Users/rajeshpmu/Desktop/LegalMemoCMT/data/phase2/clancy/corpus/raw/live-lindsay-clancy-trial-day-15/live-lindsay-clancy-trial-day-15_1tyKO8mTdOM.mp4,/Users/rajeshpmu/Desktop/LegalMemoCMT/data/phase2/clancy/corpus/raw/live-lindsay-clancy-trial-day-15/live-lindsay-clancy-trial-day-15_1tyKO8mTdOM.en.vtt,/Users/rajeshpmu/Desktop/LegalMemoCMT/data/processed/phase2/clancy/turn_clips/video/1tyKO8mTdOM/1tyKO8mTdOM_turn01045.mp4,/Users/rajeshpmu/Desktop/LegalMemoCMT/data/processed/phase2/clancy/turn_clips/audio/1tyKO8mTdOM/1tyKO8mTdOM_turn01045.wav,03:10:22.015,03:11:13.728,51.713,35,REVIEW_REQUIRED,"Turn exceeds MELD-style preferred maximum duration; inspect for over-consolidation, pauses, or non-testimony content."
1tyKO8mTdOM_turn01048,1tyKO8mTdOM,https://www.youtube.com/live/1tyKO8mTdOM,LIVE: Lindsay Clancy trial Day 15,/Users/rajeshpmu/Desktop/LegalMemoCMT/data/phase2/clancy/corpus/raw/live-lindsay-clancy-trial-day-15/live-lindsay-clancy-trial-day-15_1tyKO8mTdOM.mp4,/Users/rajeshpmu/Desktop/LegalMemoCMT/data/phase2/clancy/corpus/raw/live-lindsay-clancy-trial-day-15/live-lindsay-clancy-trial-day-15_1tyKO8mTdOM.en.vtt,/Users/rajeshpmu/Desktop/LegalMemoCMT/data/processed/phase2/clancy/turn_clips/video/1tyKO8mTdOM/1tyKO8mTdOM_turn01048.mp4,/Users/rajeshpmu/Desktop/LegalMemoCMT/data/processed/phase2/clancy/turn_clips/audio/1tyKO8mTdOM/1tyKO8mTdOM_turn01048.wav,03:11:29.553,03:15:46.933,257.380,171,REVIEW_REQUIRED,"Turn exceeds MELD-style preferred maximum duration; inspect for over-consolidation, pauses, or non-testimony content."
1tyKO8mTdOM_turn01079,1tyKO8mTdOM,https://www.youtube.com/live/1tyKO8mTdOM,LIVE: Lindsay Clancy trial Day 15,/Users/rajeshpmu/Desktop/LegalMemoCMT/data/phase2/clancy/corpus/raw/live-lindsay-clancy-trial-day-15/live-lindsay-clancy-trial-day-15_1tyKO8mTdOM.mp4,/Users/rajeshpmu/Desktop/LegalMemoCMT/data/phase2/clancy/corpus/raw/live-lindsay-clancy-trial-day-15/live-lindsay-clancy-trial-day-15_1tyKO8mTdOM.en.vtt,/Users/rajeshpmu/Desktop/LegalMemoCMT/data/processed/phase2/clancy/turn_clips/video/1tyKO8mTdOM/1tyKO8mTdOM_turn01079.mp4,/Users/rajeshpmu/Desktop/LegalMemoCMT/data/processed/phase2/clancy/turn_clips/audio/1tyKO8mTdOM/1tyKO8mTdOM_turn01079.wav,03:18:54.697,03:19:31.275,36.578,29,REVIEW_REQUIRED,"Turn exceeds MELD-style preferred maximum duration; inspect for over-consolidation, pauses, or non-testimony content."
1tyKO8mTdOM_turn01081,1tyKO8mTdOM,https://www.youtube.com/live/1tyKO8mTdOM,LIVE: Lindsay Clancy trial Day 15,/Users/rajeshpmu/Desktop/LegalMemoCMT/data/phase2/clancy/corpus/raw/live-lindsay-clancy-trial-day-15/live-lindsay-clancy-trial-day-15_1tyKO8mTdOM.mp4,/Users/rajeshpmu/Desktop/LegalMemoCMT/data/phase2/clancy/corpus/raw/live-lindsay-clancy-trial-day-15/live-lindsay-clancy-trial-day-15_1tyKO8mTdOM.en.vtt,/Users/rajeshpmu/Desktop/LegalMemoCMT/data/processed/phase2/clancy/turn_clips/video/1tyKO8mTdOM/1tyKO8mTdOM_turn01081.mp4,/Users/rajeshpmu/Desktop/LegalMemoCMT/data/processed/phase2/clancy/turn_clips/audio/1tyKO8mTdOM/1tyKO8mTdOM_turn01081.wav,03:19:31.848,03:20:02.293,30.445,23,REVIEW_REQUIRED,"Turn exceeds MELD-style preferred maximum duration; inspect for over-consolidation, pauses, or non-testimony content."
1tyKO8mTdOM_turn01086,1tyKO8mTdOM,https://www.youtube.com/live/1tyKO8mTdOM,LIVE: Lindsay Clancy trial Day 15,/Users/rajeshpmu/Desktop/LegalMemoCMT/data/phase2/clancy/corpus/raw/live-lindsay-clancy-trial-day-15/live-lindsay-clancy-trial-day-15_1tyKO8mTdOM.mp4,/Users/rajeshpmu/Desktop/LegalMemoCMT/data/phase2/clancy/corpus/raw/live-lindsay-clancy-trial-day-15/live-lindsay-clancy-trial-day-15_1tyKO8mTdOM.en.vtt,/Users/rajeshpmu/Desktop/LegalMemoCMT/data/processed/phase2/clancy/turn_clips/video/1tyKO8mTdOM/1tyKO8mTdOM_turn01086.mp4,/Users/rajeshpmu/Desktop/LegalMemoCMT/data/processed/phase2/clancy/turn_clips/audio/1tyKO8mTdOM/1tyKO8mTdOM_turn01086.wav,03:20:21.243,03:21:12.893,51.650,39,REVIEW_REQUIRED,"Turn exceeds MELD-style preferred maximum duration; inspect for over-consolidation, pauses, or non-testimony content."
1tyKO8mTdOM_turn01109,1tyKO8mTdOM,https://www.youtube.com/live/1tyKO8mTdOM,LIVE: Lindsay Clancy trial Day 15,/Users/rajeshpmu/Desktop/LegalMemoCMT/data/phase2/clancy/corpus/raw/live-lindsay-clancy-trial-day-15/live-lindsay-clancy-trial-day-15_1tyKO8mTdOM.mp4,/Users/rajeshpmu/Desktop/LegalMemoCMT/data/phase2/clancy/corpus/raw/live-lindsay-clancy-trial-day-15/live-lindsay-clancy-trial-day-15_1tyKO8mTdOM.en.vtt,/Users/rajeshpmu/Desktop/LegalMemoCMT/data/processed/phase2/clancy/turn_clips/video/1tyKO8mTdOM/1tyKO8mTdOM_turn01109.mp4,/Users/rajeshpmu/Desktop/LegalMemoCMT/data/processed/phase2/clancy/turn_clips/audio/1tyKO8mTdOM/1tyKO8mTdOM_turn01109.wav,03:22:55.110,03:23:34.072,38.962,25,REVIEW_REQUIRED,"Turn exceeds MELD-style preferred maximum duration; inspect for over-consolidation, pauses, or non-testimony content."
1tyKO8mTdOM_turn01123,1tyKO8mTdOM,https://www.youtube.com/live/1tyKO8mTdOM,LIVE: Lindsay Clancy trial Day 15,/Users/rajeshpmu/Desktop/LegalMemoCMT/data/phase2/clancy/corpus/raw/live-lindsay-clancy-trial-day-15/live-lindsay-clancy-trial-day-15_1tyKO8mTdOM.mp4,/Users/rajeshpmu/Desktop/LegalMemoCMT/data/phase2/clancy/corpus/raw/live-lindsay-clancy-trial-day-15/live-lindsay-clancy-trial-day-15_1tyKO8mTdOM.en.vtt,/Users/rajeshpmu/Desktop/LegalMemoCMT/data/processed/phase2/clancy/turn_clips/video/1tyKO8mTdOM/1tyKO8mTdOM_turn01123.mp4,/Users/rajeshpmu/Desktop/LegalMemoCMT/data/processed/phase2/clancy/turn_clips/audio/1tyKO8mTdOM/1tyKO8mTdOM_turn01123.wav,03:24:27.935,03:25:16.796,48.861,33,REVIEW_REQUIRED,"Turn exceeds MELD-style preferred maximum duration; inspect for over-consolidation, pauses, or non-testimony content."
1tyKO8mTdOM_turn01146,1tyKO8mTdOM,https://www.youtube.com/live/1tyKO8mTdOM,LIVE: Lindsay Clancy trial Day 15,/Users/rajeshpmu/Desktop/LegalMemoCMT/data/phase2/clancy/corpus/raw/live-lindsay-clancy-trial-day-15/live-lindsay-clancy-trial-day-15_1tyKO8mTdOM.mp4,/Users/rajeshpmu/Desktop/LegalMemoCMT/data/phase2/clancy/corpus/raw/live-lindsay-clancy-trial-day-15/live-lindsay-clancy-trial-day-15_1tyKO8mTdOM.en.vtt,/Users/rajeshpmu/Desktop/LegalMemoCMT/data/processed/phase2/clancy/turn_clips/video/1tyKO8mTdOM/1tyKO8mTdOM_turn01146.mp4,/Users/rajeshpmu/Desktop/LegalMemoCMT/data/processed/phase2/clancy/turn_clips/audio/1tyKO8mTdOM/1tyKO8mTdOM_turn01146.wav,03:27:09.419,03:28:10.229,60.810,43,REVIEW_REQUIRED,"Turn exceeds MELD-style preferred maximum duration; inspect for over-consolidation, pauses, or non-testimony content."
1tyKO8mTdOM_turn01260,1tyKO8mTdOM,https://www.youtube.com/live/1tyKO8mTdOM,LIVE: Lindsay Clancy trial Day 15,/Users/rajeshpmu/Desktop/LegalMemoCMT/data/phase2/clancy/corpus/raw/live-lindsay-clancy-trial-day-15/live-lindsay-clancy-trial-day-15_1tyKO8mTdOM.mp4,/Users/rajeshpmu/Desktop/LegalMemoCMT/data/phase2/clancy/corpus/raw/live-lindsay-clancy-trial-day-15/live-lindsay-clancy-trial-day-15_1tyKO8mTdOM.en.vtt,/Users/rajeshpmu/Desktop/LegalMemoCMT/data/processed/phase2/clancy/turn_clips/video/1tyKO8mTdOM/1tyKO8mTdOM_turn01260.mp4,/Users/rajeshpmu/Desktop/LegalMemoCMT/data/processed/phase2/clancy/turn_clips/audio/1tyKO8mTdOM/1tyKO8mTdOM_turn01260.wav,03:38:39.682,03:39:31.650,51.968,43,REVIEW_REQUIRED,"Turn exceeds MELD-style preferred maximum duration; inspect for over-consolidation, pauses, or non-testimony content."
1tyKO8mTdOM_turn01267,1tyKO8mTdOM,https://www.youtube.com/live/1tyKO8mTdOM,LIVE: Lindsay Clancy trial Day 15,/Users/rajeshpmu/Desktop/LegalMemoCMT/data/phase2/clancy/corpus/raw/live-lindsay-clancy-trial-day-15/live-lindsay-clancy-trial-day-15_1tyKO8mTdOM.mp4,/Users/rajeshpmu/Desktop/LegalMemoCMT/data/phase2/clancy/corpus/raw/live-lindsay-clancy-trial-day-15/live-lindsay-clancy-trial-day-15_1tyKO8mTdOM.en.vtt,/Users/rajeshpmu/Desktop/LegalMemoCMT/data/processed/phase2/clancy/turn_clips/video/1tyKO8mTdOM/1tyKO8mTdOM_turn01267.mp4,/Users/rajeshpmu/Desktop/LegalMemoCMT/data/processed/phase2/clancy/turn_clips/audio/1tyKO8mTdOM/1tyKO8mTdOM_turn01267.wav,03:40:07.718,03:40:42.012,34.294,25,REVIEW_REQUIRED,"Turn exceeds MELD-style preferred maximum duration; inspect for over-consolidation, pauses, or non-testimony content."
1tyKO8mTdOM_turn01281,1tyKO8mTdOM,https://www.youtube.com/live/1tyKO8mTdOM,LIVE: Lindsay Clancy trial Day 15,/Users/rajeshpmu/Desktop/LegalMemoCMT/data/phase2/clancy/corpus/raw/live-lindsay-clancy-trial-day-15/live-lindsay-clancy-trial-day-15_1tyKO8mTdOM.mp4,/Users/rajeshpmu/Desktop/LegalMemoCMT/data/phase2/clancy/corpus/raw/live-lindsay-clancy-trial-day-15/live-lindsay-clancy-trial-day-15_1tyKO8mTdOM.en.vtt,/Users/rajeshpmu/Desktop/LegalMemoCMT/data/processed/phase2/clancy/turn_clips/video/1tyKO8mTdOM/1tyKO8mTdOM_turn01281.mp4,/Users/rajeshpmu/Desktop/LegalMemoCMT/data/processed/phase2/clancy/turn_clips/audio/1tyKO8mTdOM/1tyKO8mTdOM_turn01281.wav,03:41:26.678,03:42:35.196,68.518,31,REVIEW_REQUIRED,"Turn exceeds MELD-style preferred maximum duration; inspect for over-consolidation, pauses, or non-testimony content."
93sfJyLzhqM_turn01289,93sfJyLzhqM,https://www.youtube.com/live/93sfJyLzhqM,LIVE: MA v. Lindsay Clancy - Day 8 | Accused Killer Mom Trial,/Users/rajeshpmu/Desktop/LegalMemoCMT/data/phase2/clancy/corpus/raw/live-ma-v-lindsay-clancy-day-8-accused-killer-mom-trial/live-ma-v-lindsay-clancy-day-8-accused-killer-mom-trial_93sfJyLzhqM.mp4,/Users/rajeshpmu/Desktop/LegalMemoCMT/data/phase2/clancy/corpus/raw/live-ma-v-lindsay-clancy-day-8-accused-killer-mom-trial/live-ma-v-lindsay-clancy-day-8-accused-killer-mom-trial_93sfJyLzhqM.en.vtt,/Users/rajeshpmu/Desktop/LegalMemoCMT/data/processed/phase2/clancy/turn_clips/video/93sfJyLzhqM/93sfJyLzhqM_turn01289.mp4,/Users/rajeshpmu/Desktop/LegalMemoCMT/data/processed/phase2/clancy/turn_clips/audio/93sfJyLzhqM/93sfJyLzhqM_turn01289.wav,00:29:34.433,00:39:48.572,614.139,11,REVIEW_REQUIRED,"Turn exceeds MELD-style preferred maximum duration; inspect for over-consolidation, pauses, or non-testimony content."
93sfJyLzhqM_turn01294,93sfJyLzhqM,https://www.youtube.com/live/93sfJyLzhqM,LIVE: MA v. Lindsay Clancy - Day 8 | Accused Killer Mom Trial,/Users/rajeshpmu/Desktop/LegalMemoCMT/data/phase2/clancy/corpus/raw/live-ma-v-lindsay-clancy-day-8-accused-killer-mom-trial/live-ma-v-lindsay-clancy-day-8-accused-killer-mom-trial_93sfJyLzhqM.mp4,/Users/rajeshpmu/Desktop/LegalMemoCMT/data/phase2/clancy/corpus/raw/live-ma-v-lindsay-clancy-day-8-accused-killer-mom-trial/live-ma-v-lindsay-clancy-day-8-accused-killer-mom-trial_93sfJyLzhqM.en.vtt,/Users/rajeshpmu/Desktop/LegalMemoCMT/data/processed/phase2/clancy/turn_clips/video/93sfJyLzhqM/93sfJyLzhqM_turn01294.mp4,/Users/rajeshpmu/Desktop/LegalMemoCMT/data/processed/phase2/clancy/turn_clips/audio/93sfJyLzhqM/93sfJyLzhqM_turn01294.wav,00:40:29.673,00:41:50.435,80.762,75,REVIEW_REQUIRED,"Turn exceeds MELD-style preferred maximum duration; inspect for over-consolidation, pauses, or non-testimony content."
93sfJyLzhqM_turn01299,93sfJyLzhqM,https://www.youtube.com/live/93sfJyLzhqM,LIVE: MA v. Lindsay Clancy - Day 8 | Accused Killer Mom Trial,/Users/rajeshpmu/Desktop/LegalMemoCMT/data/phase2/clancy/corpus/raw/live-ma-v-lindsay-clancy-day-8-accused-killer-mom-trial/live-ma-v-lindsay-clancy-day-8-accused-killer-mom-trial_93sfJyLzhqM.mp4,/Users/rajeshpmu/Desktop/LegalMemoCMT/data/phase2/clancy/corpus/raw/live-ma-v-lindsay-clancy-day-8-accused-killer-mom-trial/live-ma-v-lindsay-clancy-day-8-accused-killer-mom-trial_93sfJyLzhqM.en.vtt,/Users/rajeshpmu/Desktop/LegalMemoCMT/data/processed/phase2/clancy/turn_clips/video/93sfJyLzhqM/93sfJyLzhqM_turn01299.mp4,/Users/rajeshpmu/Desktop/LegalMemoCMT/data/processed/phase2/clancy/turn_clips/audio/93sfJyLzhqM/93sfJyLzhqM_turn01299.wav,00:42:36.834,00:43:47.358,70.524,9,REVIEW_REQUIRED,"Turn exceeds MELD-style preferred maximum duration; inspect for over-consolidation, pauses, or non-testimony content."
93sfJyLzhqM_turn01316,93sfJyLzhqM,https://www.youtube.com/live/93sfJyLzhqM,LIVE: MA v. Lindsay Clancy - Day 8 | Accused Killer Mom Trial,/Users/rajeshpmu/Desktop/LegalMemoCMT/data/phase2/clancy/corpus/raw/live-ma-v-lindsay-clancy-day-8-accused-killer-mom-trial/live-ma-v-lindsay-clancy-day-8-accused-killer-mom-trial_93sfJyLzhqM.mp4,/Users/rajeshpmu/Desktop/LegalMemoCMT/data/phase2/clancy/corpus/raw/live-ma-v-lindsay-clancy-day-8-accused-killer-mom-trial/live-ma-v-lindsay-clancy-day-8-accused-killer-mom-trial_93sfJyLzhqM.en.vtt,/Users/rajeshpmu/Desktop/LegalMemoCMT/data/processed/phase2/clancy/turn_clips/video/93sfJyLzhqM/93sfJyLzhqM_turn01316.mp4,/Users/rajeshpmu/Desktop/LegalMemoCMT/data/processed/phase2/clancy/turn_clips/audio/93sfJyLzhqM/93sfJyLzhqM_turn01316.wav,00:44:55.585,00:45:51.946,56.361,39,REVIEW_REQUIRED,"Turn exceeds MELD-style preferred maximum duration; inspect for over-consolidation, pauses, or non-testimony content."
93sfJyLzhqM_turn01321,93sfJyLzhqM,https://www.youtube.com/live/93sfJyLzhqM,LIVE: MA v. Lindsay Clancy - Day 8 | Accused Killer Mom Trial,/Users/rajeshpmu/Desktop/LegalMemoCMT/data/phase2/clancy/corpus/raw/live-ma-v-lindsay-clancy-day-8-accused-killer-mom-trial/live-ma-v-lindsay-clancy-day-8-accused-killer-mom-trial_93sfJyLzhqM.mp4,/Users/rajeshpmu/Desktop/LegalMemoCMT/data/phase2/clancy/corpus/raw/live-ma-v-lindsay-clancy-day-8-accused-killer-mom-trial/live-ma-v-lindsay-clancy-day-8-accused-killer-mom-trial_93sfJyLzhqM.en.vtt,/Users/rajeshpmu/Desktop/LegalMemoCMT/data/processed/phase2/clancy/turn_clips/video/93sfJyLzhqM/93sfJyLzhqM_turn01321.mp4,/Users/rajeshpmu/Desktop/LegalMemoCMT/data/processed/phase2/clancy/turn_clips/audio/93sfJyLzhqM/93sfJyLzhqM_turn01321.wav,00:46:12.722,00:47:05.185,52.463,35,REVIEW_REQUIRED,"Turn exceeds MELD-style preferred maximum duration; inspect for over-consolidation, pauses, or non-testimony content."
93sfJyLzhqM_turn01325,93sfJyLzhqM,https://www.youtube.com/live/93sfJyLzhqM,LIVE: MA v. Lindsay Clancy - Day 8 | Accused Killer Mom Trial,/Users/rajeshpmu/Desktop/LegalMemoCMT/data/phase2/clancy/corpus/raw/live-ma-v-lindsay-clancy-day-8-accused-killer-mom-trial/live-ma-v-lindsay-clancy-day-8-accused-killer-mom-trial_93sfJyLzhqM.mp4,/Users/rajeshpmu/Desktop/LegalMemoCMT/data/phase2/clancy/corpus/raw/live-ma-v-lindsay-clancy-day-8-accused-killer-mom-trial/live-ma-v-lindsay-clancy-day-8-accused-killer-mom-trial_93sfJyLzhqM.en.vtt,/Users/rajeshpmu/Desktop/LegalMemoCMT/data/processed/phase2/clancy/turn_clips/video/93sfJyLzhqM/93sfJyLzhqM_turn01325.mp4,/Users/rajeshpmu/Desktop/LegalMemoCMT/data/processed/phase2/clancy/turn_clips/audio/93sfJyLzhqM/93sfJyLzhqM_turn01325.wav,00:47:30.759,00:48:09.974,39.215,27,REVIEW_REQUIRED,"Turn exceeds MELD-style preferred maximum duration; inspect for over-consolidation, pauses, or non-testimony content."
93sfJyLzhqM_turn01328,93sfJyLzhqM,https://www.youtube.com/live/93sfJyLzhqM,LIVE: MA v. Lindsay Clancy - Day 8 | Accused Killer Mom Trial,/Users/rajeshpmu/Desktop/LegalMemoCMT/data/phase2/clancy/corpus/raw/live-ma-v-lindsay-clancy-day-8-accused-killer-mom-trial/live-ma-v-lindsay-clancy-day-8-accused-killer-mom-trial_93sfJyLzhqM.mp4,/Users/rajeshpmu/Desktop/LegalMemoCMT/data/phase2/clancy/corpus/raw/live-ma-v-lindsay-clancy-day-8-accused-killer-mom-trial/live-ma-v-lindsay-clancy-day-8-accused-killer-mom-trial_93sfJyLzhqM.en.vtt,/Users/rajeshpmu/Desktop/LegalMemoCMT/data/processed/phase2/clancy/turn_clips/video/93sfJyLzhqM/93sfJyLzhqM_turn01328.mp4,/Users/rajeshpmu/Desktop/LegalMemoCMT/data/processed/phase2/clancy/turn_clips/audio/93sfJyLzhqM/93sfJyLzhqM_turn01328.wav,00:48:14.649,00:49:23.515,68.866,55,REVIEW_REQUIRED,"Turn exceeds MELD-style preferred maximum duration; inspect for over-consolidation, pauses, or non-testimony content."
93sfJyLzhqM_turn01338,93sfJyLzhqM,https://www.youtube.com/live/93sfJyLzhqM,LIVE: MA v. Lindsay Clancy - Day 8 | Accused Killer Mom Trial,/Users/rajeshpmu/Desktop/LegalMemoCMT/data/phase2/clancy/corpus/raw/live-ma-v-lindsay-clancy-day-8-accused-killer-mom-trial/live-ma-v-lindsay-clancy-day-8-accused-killer-mom-trial_93sfJyLzhqM.mp4,/Users/rajeshpmu/Desktop/LegalMemoCMT/data/phase2/clancy/corpus/raw/live-ma-v-lindsay-clancy-day-8-accused-killer-mom-trial/live-ma-v-lindsay-clancy-day-8-accused-killer-mom-trial_93sfJyLzhqM.en.vtt,/Users/rajeshpmu/Desktop/LegalMemoCMT/data/processed/phase2/clancy/turn_clips/video/93sfJyLzhqM/93sfJyLzhqM_turn01338.mp4,/Users/rajeshpmu/Desktop/LegalMemoCMT/data/processed/phase2/clancy/turn_clips/audio/93sfJyLzhqM/93sfJyLzhqM_turn01338.wav,00:50:47.109,00:51:29.750,42.641,25,REVIEW_REQUIRED,"Turn exceeds MELD-style preferred maximum duration; inspect for over-consolidation, pauses, or non-testimony content."
93sfJyLzhqM_turn01347,93sfJyLzhqM,https://www.youtube.com/live/93sfJyLzhqM,LIVE: MA v. Lindsay Clancy - Day 8 | Accused Killer Mom Trial,/Users/rajeshpmu/Desktop/LegalMemoCMT/data/phase2/clancy/corpus/raw/live-ma-v-lindsay-clancy-day-8-accused-killer-mom-trial/live-ma-v-lindsay-clancy-day-8-accused-killer-mom-trial_93sfJyLzhqM.mp4,/Users/rajeshpmu/Desktop/LegalMemoCMT/data/phase2/clancy/corpus/raw/live-ma-v-lindsay-clancy-day-8-accused-killer-mom-trial/live-ma-v-lindsay-clancy-day-8-accused-killer-mom-trial_93sfJyLzhqM.en.vtt,/Users/rajeshpmu/Desktop/LegalMemoCMT/data/processed/phase2/clancy/turn_clips/video/93sfJyLzhqM/93sfJyLzhqM_turn01347.mp4,/Users/rajeshpmu/Desktop/LegalMemoCMT/data/processed/phase2/clancy/turn_clips/audio/93sfJyLzhqM/93sfJyLzhqM_turn01347.wav,00:52:15.954,00:52:49.240,33.286,21,REVIEW_REQUIRED,"Turn exceeds MELD-style preferred maximum duration; inspect for over-consolidation, pauses, or non-testimony content."
93sfJyLzhqM_turn01348,93sfJyLzhqM,https://www.youtube.com/live/93sfJyLzhqM,LIVE: MA v. Lindsay Clancy - Day 8 | Accused Killer Mom Trial,/Users/rajeshpmu/Desktop/LegalMemoCMT/data/phase2/clancy/corpus/raw/live-ma-v-lindsay-clancy-day-8-accused-killer-mom-trial/live-ma-v-lindsay-clancy-day-8-accused-killer-mom-trial_93sfJyLzhqM.mp4,/Users/rajeshpmu/Desktop/LegalMemoCMT/data/phase2/clancy/corpus/raw/live-ma-v-lindsay-clancy-day-8-accused-killer-mom-trial/live-ma-v-lindsay-clancy-day-8-accused-killer-mom-trial_93sfJyLzhqM.en.vtt,/Users/rajeshpmu/Desktop/LegalMemoCMT/data/processed/phase2/clancy/turn_clips/video/93sfJyLzhqM/93sfJyLzhqM_turn01348.mp4,/Users/rajeshpmu/Desktop/LegalMemoCMT/data/processed/phase2/clancy/turn_clips/audio/93sfJyLzhqM/93sfJyLzhqM_turn01348.wav,00:52:49.240,00:53:27.349,38.109,19,REVIEW_REQUIRED,"Turn exceeds MELD-style preferred maximum duration; inspect for over-consolidation, pauses, or non-testimony content."
93sfJyLzhqM_turn01349,93sfJyLzhqM,https://www.youtube.com/live/93sfJyLzhqM,LIVE: MA v. Lindsay Clancy - Day 8 | Accused Killer Mom Trial,/Users/rajeshpmu/Desktop/LegalMemoCMT/data/phase2/clancy/corpus/raw/live-ma-v-lindsay-clancy-day-8-accused-killer-mom-trial/live-ma-v-lindsay-clancy-day-8-accused-killer-mom-trial_93sfJyLzhqM.mp4,/Users/rajeshpmu/Desktop/LegalMemoCMT/data/phase2/clancy/corpus/raw/live-ma-v-lindsay-clancy-day-8-accused-killer-mom-trial/live-ma-v-lindsay-clancy-day-8-accused-killer-mom-trial_93sfJyLzhqM.en.vtt,/Users/rajeshpmu/Desktop/LegalMemoCMT/data/processed/phase2/clancy/turn_clips/video/93sfJyLzhqM/93sfJyLzhqM_turn01349.mp4,/Users/rajeshpmu/Desktop/LegalMemoCMT/data/processed/phase2/clancy/turn_clips/audio/93sfJyLzhqM/93sfJyLzhqM_turn01349.wav,00:53:27.349,00:53:57.910,30.561,17,REVIEW_REQUIRED,"Turn exceeds MELD-style preferred maximum duration; inspect for over-consolidation, pauses, or non-testimony content."
93sfJyLzhqM_turn01353,93sfJyLzhqM,https://www.youtube.com/live/93sfJyLzhqM,LIVE: MA v. Lindsay Clancy - Day 8 | Accused Killer Mom Trial,/Users/rajeshpmu/Desktop/LegalMemoCMT/data/phase2/clancy/corpus/raw/live-ma-v-lindsay-clancy-day-8-accused-killer-mom-trial/live-ma-v-lindsay-clancy-day-8-accused-killer-mom-trial_93sfJyLzhqM.mp4,/Users/rajeshpmu/Desktop/LegalMemoCMT/data/phase2/clancy/corpus/raw/live-ma-v-lindsay-clancy-day-8-accused-killer-mom-trial/live-ma-v-lindsay-clancy-day-8-accused-killer-mom-trial_93sfJyLzhqM.en.vtt,/Users/rajeshpmu/Desktop/LegalMemoCMT/data/processed/phase2/clancy/turn_clips/video/93sfJyLzhqM/93sfJyLzhqM_turn01353.mp4,/Users/rajeshpmu/Desktop/LegalMemoCMT/data/processed/phase2/clancy/turn_clips/audio/93sfJyLzhqM/93sfJyLzhqM_turn01353.wav,00:54:15.910,00:54:48.710,32.800,20,REVIEW_REQUIRED,"Turn exceeds MELD-style preferred maximum duration; inspect for over-consolidation, pauses, or non-testimony content."
93sfJyLzhqM_turn01360,93sfJyLzhqM,https://www.youtube.com/live/93sfJyLzhqM,LIVE: MA v. Lindsay Clancy - Day 8 | Accused Killer Mom Trial,/Users/rajeshpmu/Desktop/LegalMemoCMT/data/phase2/clancy/corpus/raw/live-ma-v-lindsay-clancy-day-8-accused-killer-mom-trial/live-ma-v-lindsay-clancy-day-8-accused-killer-mom-trial_93sfJyLzhqM.mp4,/Users/rajeshpmu/Desktop/LegalMemoCMT/data/phase2/clancy/corpus/raw/live-ma-v-lindsay-clancy-day-8-accused-killer-mom-trial/live-ma-v-lindsay-clancy-day-8-accused-killer-mom-trial_93sfJyLzhqM.en.vtt,/Users/rajeshpmu/Desktop/LegalMemoCMT/data/processed/phase2/clancy/turn_clips/video/93sfJyLzhqM/93sfJyLzhqM_turn01360.mp4,/Users/rajeshpmu/Desktop/LegalMemoCMT/data/processed/phase2/clancy/turn_clips/audio/93sfJyLzhqM/93sfJyLzhqM_turn01360.wav,00:55:50.381,00:56:54.210,63.829,37,REVIEW_REQUIRED,"Turn exceeds MELD-style preferred maximum duration; inspect for over-consolidation, pauses, or non-testimony content."
93sfJyLzhqM_turn01366,93sfJyLzhqM,https://www.youtube.com/live/93sfJyLzhqM,LIVE: MA v. Lindsay Clancy - Day 8 | Accused Killer Mom Trial,/Users/rajeshpmu/Desktop/LegalMemoCMT/data/phase2/clancy/corpus/raw/live-ma-v-lindsay-clancy-day-8-accused-killer-mom-trial/live-ma-v-lindsay-clancy-day-8-accused-killer-mom-trial_93sfJyLzhqM.mp4,/Users/rajeshpmu/Desktop/LegalMemoCMT/data/phase2/clancy/corpus/raw/live-ma-v-lindsay-clancy-day-8-accused-killer-mom-trial/live-ma-v-lindsay-clancy-day-8-accused-killer-mom-trial_93sfJyLzhqM.en.vtt,/Users/rajeshpmu/Desktop/LegalMemoCMT/data/processed/phase2/clancy/turn_clips/video/93sfJyLzhqM/93sfJyLzhqM_turn01366.mp4,/Users/rajeshpmu/Desktop/LegalMemoCMT/data/processed/phase2/clancy/turn_clips/audio/93sfJyLzhqM/93sfJyLzhqM_turn01366.wav,00:57:47.561,00:58:51.385,63.824,43,REVIEW_REQUIRED,"Turn exceeds MELD-style preferred maximum duration; inspect for over-consolidation, pauses, or non-testimony content."
93sfJyLzhqM_turn01372,93sfJyLzhqM,https://www.youtube.com/live/93sfJyLzhqM,LIVE: MA v. Lindsay Clancy - Day 8 | Accused Killer Mom Trial,/Users/rajeshpmu/Desktop/LegalMemoCMT/data/phase2/clancy/corpus/raw/live-ma-v-lindsay-clancy-day-8-accused-killer-mom-trial/live-ma-v-lindsay-clancy-day-8-accused-killer-mom-trial_93sfJyLzhqM.mp4,/Users/rajeshpmu/Desktop/LegalMemoCMT/data/phase2/clancy/corpus/raw/live-ma-v-lindsay-clancy-day-8-accused-killer-mom-trial/live-ma-v-lindsay-clancy-day-8-accused-killer-mom-trial_93sfJyLzhqM.en.vtt,/Users/rajeshpmu/Desktop/LegalMemoCMT/data/processed/phase2/clancy/turn_clips/video/93sfJyLzhqM/93sfJyLzhqM_turn01372.mp4,/Users/rajeshpmu/Desktop/LegalMemoCMT/data/processed/phase2/clancy/turn_clips/audio/93sfJyLzhqM/93sfJyLzhqM_turn01372.wav,00:59:28.868,01:00:26.100,57.232,35,REVIEW_REQUIRED,"Turn exceeds MELD-style preferred maximum duration; inspect for over-consolidation, pauses, or non-testimony content."
93sfJyLzhqM_turn01376,93sfJyLzhqM,https://www.youtube.com/live/93sfJyLzhqM,LIVE: MA v. Lindsay Clancy - Day 8 | Accused Killer Mom Trial,/Users/rajeshpmu/Desktop/LegalMemoCMT/data/phase2/clancy/corpus/raw/live-ma-v-lindsay-clancy-day-8-accused-killer-mom-trial/live-ma-v-lindsay-clancy-day-8-accused-killer-mom-trial_93sfJyLzhqM.mp4,/Users/rajeshpmu/Desktop/LegalMemoCMT/data/phase2/clancy/corpus/raw/live-ma-v-lindsay-clancy-day-8-accused-killer-mom-trial/live-ma-v-lindsay-clancy-day-8-accused-killer-mom-trial_93sfJyLzhqM.en.vtt,/Users/rajeshpmu/Desktop/LegalMemoCMT/data/processed/phase2/clancy/turn_clips/video/93sfJyLzhqM/93sfJyLzhqM_turn01376.mp4,/Users/rajeshpmu/Desktop/LegalMemoCMT/data/processed/phase2/clancy/turn_clips/audio/93sfJyLzhqM/93sfJyLzhqM_turn01376.wav,01:00:30.889,01:01:28.529,57.640,39,REVIEW_REQUIRED,"Turn exceeds MELD-style preferred maximum duration; inspect for over-consolidation, pauses, or non-testimony content."
93sfJyLzhqM_turn01390,93sfJyLzhqM,https://www.youtube.com/live/93sfJyLzhqM,LIVE: MA v. Lindsay Clancy - Day 8 | Accused Killer Mom Trial,/Users/rajeshpmu/Desktop/LegalMemoCMT/data/phase2/clancy/corpus/raw/live-ma-v-lindsay-clancy-day-8-accused-killer-mom-trial/live-ma-v-lindsay-clancy-day-8-accused-killer-mom-trial_93sfJyLzhqM.mp4,/Users/rajeshpmu/Desktop/LegalMemoCMT/data/phase2/clancy/corpus/raw/live-ma-v-lindsay-clancy-day-8-accused-killer-mom-trial/live-ma-v-lindsay-clancy-day-8-accused-killer-mom-trial_93sfJyLzhqM.en.vtt,/Users/rajeshpmu/Desktop/LegalMemoCMT/data/processed/phase2/clancy/turn_clips/video/93sfJyLzhqM/93sfJyLzhqM_turn01390.mp4,/Users/rajeshpmu/Desktop/LegalMemoCMT/data/processed/phase2/clancy/turn_clips/audio/93sfJyLzhqM/93sfJyLzhqM_turn01390.wav,01:28:31.482,01:29:43.348,71.866,5,REVIEW_REQUIRED,"Turn exceeds MELD-style preferred maximum duration; inspect for over-consolidation, pauses, or non-testimony content."
93sfJyLzhqM_turn01479,93sfJyLzhqM,https://www.youtube.com/live/93sfJyLzhqM,LIVE: MA v. Lindsay Clancy - Day 8 | Accused Killer Mom Trial,/Users/rajeshpmu/Desktop/LegalMemoCMT/data/phase2/clancy/corpus/raw/live-ma-v-lindsay-clancy-day-8-accused-killer-mom-trial/live-ma-v-lindsay-clancy-day-8-accused-killer-mom-trial_93sfJyLzhqM.mp4,/Users/rajeshpmu/Desktop/LegalMemoCMT/data/phase2/clancy/corpus/raw/live-ma-v-lindsay-clancy-day-8-accused-killer-mom-trial/live-ma-v-lindsay-clancy-day-8-accused-killer-mom-trial_93sfJyLzhqM.en.vtt,/Users/rajeshpmu/Desktop/LegalMemoCMT/data/processed/phase2/clancy/turn_clips/video/93sfJyLzhqM/93sfJyLzhqM_turn01479.mp4,/Users/rajeshpmu/Desktop/LegalMemoCMT/data/processed/phase2/clancy/turn_clips/audio/93sfJyLzhqM/93sfJyLzhqM_turn01479.wav,01:39:54.717,01:40:25.066,30.349,23,REVIEW_REQUIRED,"Turn exceeds MELD-style preferred maximum duration; inspect for over-consolidation, pauses, or non-testimony content."
93sfJyLzhqM_turn01611,93sfJyLzhqM,https://www.youtube.com/live/93sfJyLzhqM,LIVE: MA v. Lindsay Clancy - Day 8 | Accused Killer Mom Trial,/Users/rajeshpmu/Desktop/LegalMemoCMT/data/phase2/clancy/corpus/raw/live-ma-v-lindsay-clancy-day-8-accused-killer-mom-trial/live-ma-v-lindsay-clancy-day-8-accused-killer-mom-trial_93sfJyLzhqM.mp4,/Users/rajeshpmu/Desktop/LegalMemoCMT/data/phase2/clancy/corpus/raw/live-ma-v-lindsay-clancy-day-8-accused-killer-mom-trial/live-ma-v-lindsay-clancy-day-8-accused-killer-mom-trial_93sfJyLzhqM.en.vtt,/Users/rajeshpmu/Desktop/LegalMemoCMT/data/processed/phase2/clancy/turn_clips/video/93sfJyLzhqM/93sfJyLzhqM_turn01611.mp4,/Users/rajeshpmu/Desktop/LegalMemoCMT/data/processed/phase2/clancy/turn_clips/audio/93sfJyLzhqM/93sfJyLzhqM_turn01611.wav,01:52:25.812,01:53:11.207,45.395,5,REVIEW_REQUIRED,"Turn exceeds MELD-style preferred maximum duration; inspect for over-consolidation, pauses, or non-testimony content."
93sfJyLzhqM_turn01734,93sfJyLzhqM,https://www.youtube.com/live/93sfJyLzhqM,LIVE: MA v. Lindsay Clancy - Day 8 | Accused Killer Mom Trial,/Users/rajeshpmu/Desktop/LegalMemoCMT/data/phase2/clancy/corpus/raw/live-ma-v-lindsay-clancy-day-8-accused-killer-mom-trial/live-ma-v-lindsay-clancy-day-8-accused-killer-mom-trial_93sfJyLzhqM.mp4,/Users/rajeshpmu/Desktop/LegalMemoCMT/data/phase2/clancy/corpus/raw/live-ma-v-lindsay-clancy-day-8-accused-killer-mom-trial/live-ma-v-lindsay-clancy-day-8-accused-killer-mom-trial_93sfJyLzhqM.en.vtt,/Users/rajeshpmu/Desktop/LegalMemoCMT/data/processed/phase2/clancy/turn_clips/video/93sfJyLzhqM/93sfJyLzhqM_turn01734.mp4,/Users/rajeshpmu/Desktop/LegalMemoCMT/data/processed/phase2/clancy/turn_clips/audio/93sfJyLzhqM/93sfJyLzhqM_turn01734.wav,02:02:27.447,02:03:14.469,47.022,9,REVIEW_REQUIRED,"Turn exceeds MELD-style preferred maximum duration; inspect for over-consolidation, pauses, or non-testimony content."
93sfJyLzhqM_turn01821,93sfJyLzhqM,https://www.youtube.com/live/93sfJyLzhqM,LIVE: MA v. Lindsay Clancy - Day 8 | Accused Killer Mom Trial,/Users/rajeshpmu/Desktop/LegalMemoCMT/data/phase2/clancy/corpus/raw/live-ma-v-lindsay-clancy-day-8-accused-killer-mom-trial/live-ma-v-lindsay-clancy-day-8-accused-killer-mom-trial_93sfJyLzhqM.mp4,/Users/rajeshpmu/Desktop/LegalMemoCMT/data/phase2/clancy/corpus/raw/live-ma-v-lindsay-clancy-day-8-accused-killer-mom-trial/live-ma-v-lindsay-clancy-day-8-accused-killer-mom-trial_93sfJyLzhqM.en.vtt,/Users/rajeshpmu/Desktop/LegalMemoCMT/data/processed/phase2/clancy/turn_clips/video/93sfJyLzhqM/93sfJyLzhqM_turn01821.mp4,/Users/rajeshpmu/Desktop/LegalMemoCMT/data/processed/phase2/clancy/turn_clips/audio/93sfJyLzhqM/93sfJyLzhqM_turn01821.wav,02:10:45.298,02:11:55.990,70.692,11,REVIEW_REQUIRED,"Turn exceeds MELD-style preferred maximum duration; inspect for over-consolidation, pauses, or non-testimony content."
93sfJyLzhqM_turn01839,93sfJyLzhqM,https://www.youtube.com/live/93sfJyLzhqM,LIVE: MA v. Lindsay Clancy - Day 8 | Accused Killer Mom Trial,/Users/rajeshpmu/Desktop/LegalMemoCMT/data/phase2/clancy/corpus/raw/live-ma-v-lindsay-clancy-day-8-accused-killer-mom-trial/live-ma-v-lindsay-clancy-day-8-accused-killer-mom-trial_93sfJyLzhqM.mp4,/Users/rajeshpmu/Desktop/LegalMemoCMT/data/phase2/clancy/corpus/raw/live-ma-v-lindsay-clancy-day-8-accused-killer-mom-trial/live-ma-v-lindsay-clancy-day-8-accused-killer-mom-trial_93sfJyLzhqM.en.vtt,/Users/rajeshpmu/Desktop/LegalMemoCMT/data/processed/phase2/clancy/turn_clips/video/93sfJyLzhqM/93sfJyLzhqM_turn01839.mp4,/Users/rajeshpmu/Desktop/LegalMemoCMT/data/processed/phase2/clancy/turn_clips/audio/93sfJyLzhqM/93sfJyLzhqM_turn01839.wav,02:12:58.371,02:13:33.007,34.636,25,REVIEW_REQUIRED,"Turn exceeds MELD-style preferred maximum duration; inspect for over-consolidation, pauses, or non-testimony content."
93sfJyLzhqM_turn01840,93sfJyLzhqM,https://www.youtube.com/live/93sfJyLzhqM,LIVE: MA v. Lindsay Clancy - Day 8 | Accused Killer Mom Trial,/Users/rajeshpmu/Desktop/LegalMemoCMT/data/phase2/clancy/corpus/raw/live-ma-v-lindsay-clancy-day-8-accused-killer-mom-trial/live-ma-v-lindsay-clancy-day-8-accused-killer-mom-trial_93sfJyLzhqM.mp4,/Users/rajeshpmu/Desktop/LegalMemoCMT/data/phase2/clancy/corpus/raw/live-ma-v-lindsay-clancy-day-8-accused-killer-mom-trial/live-ma-v-lindsay-clancy-day-8-accused-killer-mom-trial_93sfJyLzhqM.en.vtt,/Users/rajeshpmu/Desktop/LegalMemoCMT/data/processed/phase2/clancy/turn_clips/video/93sfJyLzhqM/93sfJyLzhqM_turn01840.mp4,/Users/rajeshpmu/Desktop/LegalMemoCMT/data/processed/phase2/clancy/turn_clips/audio/93sfJyLzhqM/93sfJyLzhqM_turn01840.wav,02:13:33.007,02:14:24.587,51.580,43,REVIEW_REQUIRED,"Turn exceeds MELD-style preferred maximum duration; inspect for over-consolidation, pauses, or non-testimony content."
93sfJyLzhqM_turn01861,93sfJyLzhqM,https://www.youtube.com/live/93sfJyLzhqM,LIVE: MA v. Lindsay Clancy - Day 8 | Accused Killer Mom Trial,/Users/rajeshpmu/Desktop/LegalMemoCMT/data/phase2/clancy/corpus/raw/live-ma-v-lindsay-clancy-day-8-accused-killer-mom-trial/live-ma-v-lindsay-clancy-day-8-accused-killer-mom-trial_93sfJyLzhqM.mp4,/Users/rajeshpmu/Desktop/LegalMemoCMT/data/phase2/clancy/corpus/raw/live-ma-v-lindsay-clancy-day-8-accused-killer-mom-trial/live-ma-v-lindsay-clancy-day-8-accused-killer-mom-trial_93sfJyLzhqM.en.vtt,/Users/rajeshpmu/Desktop/LegalMemoCMT/data/processed/phase2/clancy/turn_clips/video/93sfJyLzhqM/93sfJyLzhqM_turn01861.mp4,/Users/rajeshpmu/Desktop/LegalMemoCMT/data/processed/phase2/clancy/turn_clips/audio/93sfJyLzhqM/93sfJyLzhqM_turn01861.wav,02:16:16.840,02:16:54.675,37.835,31,REVIEW_REQUIRED,"Turn exceeds MELD-style preferred maximum duration; inspect for over-consolidation, pauses, or non-testimony content."
93sfJyLzhqM_turn01866,93sfJyLzhqM,https://www.youtube.com/live/93sfJyLzhqM,LIVE: MA v. Lindsay Clancy - Day 8 | Accused Killer Mom Trial,/Users/rajeshpmu/Desktop/LegalMemoCMT/data/phase2/clancy/corpus/raw/live-ma-v-lindsay-clancy-day-8-accused-killer-mom-trial/live-ma-v-lindsay-clancy-day-8-accused-killer-mom-trial_93sfJyLzhqM.mp4,/Users/rajeshpmu/Desktop/LegalMemoCMT/data/phase2/clancy/corpus/raw/live-ma-v-lindsay-clancy-day-8-accused-killer-mom-trial/live-ma-v-lindsay-clancy-day-8-accused-killer-mom-trial_93sfJyLzhqM.en.vtt,/Users/rajeshpmu/Desktop/LegalMemoCMT/data/processed/phase2/clancy/turn_clips/video/93sfJyLzhqM/93sfJyLzhqM_turn01866.mp4,/Users/rajeshpmu/Desktop/LegalMemoCMT/data/processed/phase2/clancy/turn_clips/audio/93sfJyLzhqM/93sfJyLzhqM_turn01866.wav,02:17:04.178,02:18:07.715,63.537,47,REVIEW_REQUIRED,"Turn exceeds MELD-style preferred maximum duration; inspect for over-consolidation, pauses, or non-testimony content."
93sfJyLzhqM_turn01879,93sfJyLzhqM,https://www.youtube.com/live/93sfJyLzhqM,LIVE: MA v. Lindsay Clancy - Day 8 | Accused Killer Mom Trial,/Users/rajeshpmu/Desktop/LegalMemoCMT/data/phase2/clancy/corpus/raw/live-ma-v-lindsay-clancy-day-8-accused-killer-mom-trial/live-ma-v-lindsay-clancy-day-8-accused-killer-mom-trial_93sfJyLzhqM.mp4,/Users/rajeshpmu/Desktop/LegalMemoCMT/data/phase2/clancy/corpus/raw/live-ma-v-lindsay-clancy-day-8-accused-killer-mom-trial/live-ma-v-lindsay-clancy-day-8-accused-killer-mom-trial_93sfJyLzhqM.en.vtt,/Users/rajeshpmu/Desktop/LegalMemoCMT/data/processed/phase2/clancy/turn_clips/video/93sfJyLzhqM/93sfJyLzhqM_turn01879.mp4,/Users/rajeshpmu/Desktop/LegalMemoCMT/data/processed/phase2/clancy/turn_clips/audio/93sfJyLzhqM/93sfJyLzhqM_turn01879.wav,02:20:09.459,02:20:47.421,37.962,29,REVIEW_REQUIRED,"Turn exceeds MELD-style preferred maximum duration; inspect for over-consolidation, pauses, or non-testimony content."
93sfJyLzhqM_turn01909,93sfJyLzhqM,https://www.youtube.com/live/93sfJyLzhqM,LIVE: MA v. Lindsay Clancy - Day 8 | Accused Killer Mom Trial,/Users/rajeshpmu/Desktop/LegalMemoCMT/data/phase2/clancy/corpus/raw/live-ma-v-lindsay-clancy-day-8-accused-killer-mom-trial/live-ma-v-lindsay-clancy-day-8-accused-killer-mom-trial_93sfJyLzhqM.mp4,/Users/rajeshpmu/Desktop/LegalMemoCMT/data/phase2/clancy/corpus/raw/live-ma-v-lindsay-clancy-day-8-accused-killer-mom-trial/live-ma-v-lindsay-clancy-day-8-accused-killer-mom-trial_93sfJyLzhqM.en.vtt,/Users/rajeshpmu/Desktop/LegalMemoCMT/data/processed/phase2/clancy/turn_clips/video/93sfJyLzhqM/93sfJyLzhqM_turn01909.mp4,/Users/rajeshpmu/Desktop/LegalMemoCMT/data/processed/phase2/clancy/turn_clips/audio/93sfJyLzhqM/93sfJyLzhqM_turn01909.wav,02:24:06.313,02:24:43.452,37.139,25,REVIEW_REQUIRED,"Turn exceeds MELD-style preferred maximum duration; inspect for over-consolidation, pauses, or non-testimony content."
93sfJyLzhqM_turn01945,93sfJyLzhqM,https://www.youtube.com/live/93sfJyLzhqM,LIVE: MA v. Lindsay Clancy - Day 8 | Accused Killer Mom Trial,/Users/rajeshpmu/Desktop/LegalMemoCMT/data/phase2/clancy/corpus/raw/live-ma-v-lindsay-clancy-day-8-accused-killer-mom-trial/live-ma-v-lindsay-clancy-day-8-accused-killer-mom-trial_93sfJyLzhqM.mp4,/Users/rajeshpmu/Desktop/LegalMemoCMT/data/phase2/clancy/corpus/raw/live-ma-v-lindsay-clancy-day-8-accused-killer-mom-trial/live-ma-v-lindsay-clancy-day-8-accused-killer-mom-trial_93sfJyLzhqM.en.vtt,/Users/rajeshpmu/Desktop/LegalMemoCMT/data/processed/phase2/clancy/turn_clips/video/93sfJyLzhqM/93sfJyLzhqM_turn01945.mp4,/Users/rajeshpmu/Desktop/LegalMemoCMT/data/processed/phase2/clancy/turn_clips/audio/93sfJyLzhqM/93sfJyLzhqM_turn01945.wav,02:29:14.276,02:30:08.850,54.574,9,REVIEW_REQUIRED,"Turn exceeds MELD-style preferred maximum duration; inspect for over-consolidation, pauses, or non-testimony content."
93sfJyLzhqM_turn02037,93sfJyLzhqM,https://www.youtube.com/live/93sfJyLzhqM,LIVE: MA v. Lindsay Clancy - Day 8 | Accused Killer Mom Trial,/Users/rajeshpmu/Desktop/LegalMemoCMT/data/phase2/clancy/corpus/raw/live-ma-v-lindsay-clancy-day-8-accused-killer-mom-trial/live-ma-v-lindsay-clancy-day-8-accused-killer-mom-trial_93sfJyLzhqM.mp4,/Users/rajeshpmu/Desktop/LegalMemoCMT/data/phase2/clancy/corpus/raw/live-ma-v-lindsay-clancy-day-8-accused-killer-mom-trial/live-ma-v-lindsay-clancy-day-8-accused-killer-mom-trial_93sfJyLzhqM.en.vtt,/Users/rajeshpmu/Desktop/LegalMemoCMT/data/processed/phase2/clancy/turn_clips/video/93sfJyLzhqM/93sfJyLzhqM_turn02037.mp4,/Users/rajeshpmu/Desktop/LegalMemoCMT/data/processed/phase2/clancy/turn_clips/audio/93sfJyLzhqM/93sfJyLzhqM_turn02037.wav,02:37:38.695,02:38:17.008,38.313,25,REVIEW_REQUIRED,"Turn exceeds MELD-style preferred maximum duration; inspect for over-consolidation, pauses, or non-testimony content."
93sfJyLzhqM_turn02060,93sfJyLzhqM,https://www.youtube.com/live/93sfJyLzhqM,LIVE: MA v. Lindsay Clancy - Day 8 | Accused Killer Mom Trial,/Users/rajeshpmu/Desktop/LegalMemoCMT/data/phase2/clancy/corpus/raw/live-ma-v-lindsay-clancy-day-8-accused-killer-mom-trial/live-ma-v-lindsay-clancy-day-8-accused-killer-mom-trial_93sfJyLzhqM.mp4,/Users/rajeshpmu/Desktop/LegalMemoCMT/data/phase2/clancy/corpus/raw/live-ma-v-lindsay-clancy-day-8-accused-killer-mom-trial/live-ma-v-lindsay-clancy-day-8-accused-killer-mom-trial_93sfJyLzhqM.en.vtt,/Users/rajeshpmu/Desktop/LegalMemoCMT/data/processed/phase2/clancy/turn_clips/video/93sfJyLzhqM/93sfJyLzhqM_turn02060.mp4,/Users/rajeshpmu/Desktop/LegalMemoCMT/data/processed/phase2/clancy/turn_clips/audio/93sfJyLzhqM/93sfJyLzhqM_turn02060.wav,02:40:20.289,02:41:18.278,57.989,17,REVIEW_REQUIRED,"Turn exceeds MELD-style preferred maximum duration; inspect for over-consolidation, pauses, or non-testimony content."
93sfJyLzhqM_turn02126,93sfJyLzhqM,https://www.youtube.com/live/93sfJyLzhqM,LIVE: MA v. Lindsay Clancy - Day 8 | Accused Killer Mom Trial,/Users/rajeshpmu/Desktop/LegalMemoCMT/data/phase2/clancy/corpus/raw/live-ma-v-lindsay-clancy-day-8-accused-killer-mom-trial/live-ma-v-lindsay-clancy-day-8-accused-killer-mom-trial_93sfJyLzhqM.mp4,/Users/rajeshpmu/Desktop/LegalMemoCMT/data/phase2/clancy/corpus/raw/live-ma-v-lindsay-clancy-day-8-accused-killer-mom-trial/live-ma-v-lindsay-clancy-day-8-accused-killer-mom-trial_93sfJyLzhqM.en.vtt,/Users/rajeshpmu/Desktop/LegalMemoCMT/data/processed/phase2/clancy/turn_clips/video/93sfJyLzhqM/93sfJyLzhqM_turn02126.mp4,/Users/rajeshpmu/Desktop/LegalMemoCMT/data/processed/phase2/clancy/turn_clips/audio/93sfJyLzhqM/93sfJyLzhqM_turn02126.wav,02:47:32.925,02:48:07.017,34.092,9,REVIEW_REQUIRED,"Turn exceeds MELD-style preferred maximum duration; inspect for over-consolidation, pauses, or non-testimony content."
93sfJyLzhqM_turn02128,93sfJyLzhqM,https://www.youtube.com/live/93sfJyLzhqM,LIVE: MA v. Lindsay Clancy - Day 8 | Accused Killer Mom Trial,/Users/rajeshpmu/Desktop/LegalMemoCMT/data/phase2/clancy/corpus/raw/live-ma-v-lindsay-clancy-day-8-accused-killer-mom-trial/live-ma-v-lindsay-clancy-day-8-accused-killer-mom-trial_93sfJyLzhqM.mp4,/Users/rajeshpmu/Desktop/LegalMemoCMT/data/phase2/clancy/corpus/raw/live-ma-v-lindsay-clancy-day-8-accused-killer-mom-trial/live-ma-v-lindsay-clancy-day-8-accused-killer-mom-trial_93sfJyLzhqM.en.vtt,/Users/rajeshpmu/Desktop/LegalMemoCMT/data/processed/phase2/clancy/turn_clips/video/93sfJyLzhqM/93sfJyLzhqM_turn02128.mp4,/Users/rajeshpmu/Desktop/LegalMemoCMT/data/processed/phase2/clancy/turn_clips/audio/93sfJyLzhqM/93sfJyLzhqM_turn02128.wav,02:48:26.044,03:19:31.075,1865.031,9,REVIEW_REQUIRED,"Turn exceeds MELD-style preferred maximum duration; inspect for over-consolidation, pauses, or non-testimony content."
93sfJyLzhqM_turn02131,93sfJyLzhqM,https://www.youtube.com/live/93sfJyLzhqM,LIVE: MA v. Lindsay Clancy - Day 8 | Accused Killer Mom Trial,/Users/rajeshpmu/Desktop/LegalMemoCMT/data/phase2/clancy/corpus/raw/live-ma-v-lindsay-clancy-day-8-accused-killer-mom-trial/live-ma-v-lindsay-clancy-day-8-accused-killer-mom-trial_93sfJyLzhqM.mp4,/Users/rajeshpmu/Desktop/LegalMemoCMT/data/phase2/clancy/corpus/raw/live-ma-v-lindsay-clancy-day-8-accused-killer-mom-trial/live-ma-v-lindsay-clancy-day-8-accused-killer-mom-trial_93sfJyLzhqM.en.vtt,/Users/rajeshpmu/Desktop/LegalMemoCMT/data/processed/phase2/clancy/turn_clips/video/93sfJyLzhqM/93sfJyLzhqM_turn02131.mp4,/Users/rajeshpmu/Desktop/LegalMemoCMT/data/processed/phase2/clancy/turn_clips/audio/93sfJyLzhqM/93sfJyLzhqM_turn02131.wav,03:19:43.336,03:22:37.629,174.293,9,REVIEW_REQUIRED,"Turn exceeds MELD-style preferred maximum duration; inspect for over-consolidation, pauses, or non-testimony content."
93sfJyLzhqM_turn02217,93sfJyLzhqM,https://www.youtube.com/live/93sfJyLzhqM,LIVE: MA v. Lindsay Clancy - Day 8 | Accused Killer Mom Trial,/Users/rajeshpmu/Desktop/LegalMemoCMT/data/phase2/clancy/corpus/raw/live-ma-v-lindsay-clancy-day-8-accused-killer-mom-trial/live-ma-v-lindsay-clancy-day-8-accused-killer-mom-trial_93sfJyLzhqM.mp4,/Users/rajeshpmu/Desktop/LegalMemoCMT/data/phase2/clancy/corpus/raw/live-ma-v-lindsay-clancy-day-8-accused-killer-mom-trial/live-ma-v-lindsay-clancy-day-8-accused-killer-mom-trial_93sfJyLzhqM.en.vtt,/Users/rajeshpmu/Desktop/LegalMemoCMT/data/processed/phase2/clancy/turn_clips/video/93sfJyLzhqM/93sfJyLzhqM_turn02217.mp4,/Users/rajeshpmu/Desktop/LegalMemoCMT/data/processed/phase2/clancy/turn_clips/audio/93sfJyLzhqM/93sfJyLzhqM_turn02217.wav,03:30:46.263,03:31:17.298,31.035,25,REVIEW_REQUIRED,"Turn exceeds MELD-style preferred maximum duration; inspect for over-consolidation, pauses, or non-testimony content."
93sfJyLzhqM_turn02234,93sfJyLzhqM,https://www.youtube.com/live/93sfJyLzhqM,LIVE: MA v. Lindsay Clancy - Day 8 | Accused Killer Mom Trial,/Users/rajeshpmu/Desktop/LegalMemoCMT/data/phase2/clancy/corpus/raw/live-ma-v-lindsay-clancy-day-8-accused-killer-mom-trial/live-ma-v-lindsay-clancy-day-8-accused-killer-mom-trial_93sfJyLzhqM.mp4,/Users/rajeshpmu/Desktop/LegalMemoCMT/data/phase2/clancy/corpus/raw/live-ma-v-lindsay-clancy-day-8-accused-killer-mom-trial/live-ma-v-lindsay-clancy-day-8-accused-killer-mom-trial_93sfJyLzhqM.en.vtt,/Users/rajeshpmu/Desktop/LegalMemoCMT/data/processed/phase2/clancy/turn_clips/video/93sfJyLzhqM/93sfJyLzhqM_turn02234.mp4,/Users/rajeshpmu/Desktop/LegalMemoCMT/data/processed/phase2/clancy/turn_clips/audio/93sfJyLzhqM/93sfJyLzhqM_turn02234.wav,03:32:39.928,03:33:25.333,45.405,31,REVIEW_REQUIRED,"Turn exceeds MELD-style preferred maximum duration; inspect for over-consolidation, pauses, or non-testimony content."
93sfJyLzhqM_turn02284,93sfJyLzhqM,https://www.youtube.com/live/93sfJyLzhqM,LIVE: MA v. Lindsay Clancy - Day 8 | Accused Killer Mom Trial,/Users/rajeshpmu/Desktop/LegalMemoCMT/data/phase2/clancy/corpus/raw/live-ma-v-lindsay-clancy-day-8-accused-killer-mom-trial/live-ma-v-lindsay-clancy-day-8-accused-killer-mom-trial_93sfJyLzhqM.mp4,/Users/rajeshpmu/Desktop/LegalMemoCMT/data/phase2/clancy/corpus/raw/live-ma-v-lindsay-clancy-day-8-accused-killer-mom-trial/live-ma-v-lindsay-clancy-day-8-accused-killer-mom-trial_93sfJyLzhqM.en.vtt,/Users/rajeshpmu/Desktop/LegalMemoCMT/data/processed/phase2/clancy/turn_clips/video/93sfJyLzhqM/93sfJyLzhqM_turn02284.mp4,/Users/rajeshpmu/Desktop/LegalMemoCMT/data/processed/phase2/clancy/turn_clips/audio/93sfJyLzhqM/93sfJyLzhqM_turn02284.wav,03:38:25.867,03:38:57.209,31.342,29,REVIEW_REQUIRED,"Turn exceeds MELD-style preferred maximum duration; inspect for over-consolidation, pauses, or non-testimony content."
93sfJyLzhqM_turn02496,93sfJyLzhqM,https://www.youtube.com/live/93sfJyLzhqM,LIVE: MA v. Lindsay Clancy - Day 8 | Accused Killer Mom Trial,/Users/rajeshpmu/Desktop/LegalMemoCMT/data/phase2/clancy/corpus/raw/live-ma-v-lindsay-clancy-day-8-accused-killer-mom-trial/live-ma-v-lindsay-clancy-day-8-accused-killer-mom-trial_93sfJyLzhqM.mp4,/Users/rajeshpmu/Desktop/LegalMemoCMT/data/phase2/clancy/corpus/raw/live-ma-v-lindsay-clancy-day-8-accused-killer-mom-trial/live-ma-v-lindsay-clancy-day-8-accused-killer-mom-trial_93sfJyLzhqM.en.vtt,/Users/rajeshpmu/Desktop/LegalMemoCMT/data/processed/phase2/clancy/turn_clips/video/93sfJyLzhqM/93sfJyLzhqM_turn02496.mp4,/Users/rajeshpmu/Desktop/LegalMemoCMT/data/processed/phase2/clancy/turn_clips/audio/93sfJyLzhqM/93sfJyLzhqM_turn02496.wav,03:57:12.012,03:59:50.602,158.590,3,REVIEW_REQUIRED,"Turn exceeds MELD-style preferred maximum duration; inspect for over-consolidation, pauses, or non-testimony content."
93sfJyLzhqM_turn02497,93sfJyLzhqM,https://www.youtube.com/live/93sfJyLzhqM,LIVE: MA v. Lindsay Clancy - Day 8 | Accused Killer Mom Trial,/Users/rajeshpmu/Desktop/LegalMemoCMT/data/phase2/clancy/corpus/raw/live-ma-v-lindsay-clancy-day-8-accused-killer-mom-trial/live-ma-v-lindsay-clancy-day-8-accused-killer-mom-trial_93sfJyLzhqM.mp4,/Users/rajeshpmu/Desktop/LegalMemoCMT/data/phase2/clancy/corpus/raw/live-ma-v-lindsay-clancy-day-8-accused-killer-mom-trial/live-ma-v-lindsay-clancy-day-8-accused-killer-mom-trial_93sfJyLzhqM.en.vtt,/Users/rajeshpmu/Desktop/LegalMemoCMT/data/processed/phase2/clancy/turn_clips/video/93sfJyLzhqM/93sfJyLzhqM_turn02497.mp4,/Users/rajeshpmu/Desktop/LegalMemoCMT/data/processed/phase2/clancy/turn_clips/audio/93sfJyLzhqM/93sfJyLzhqM_turn02497.wav,03:59:50.602,04:01:46.558,115.956,11,REVIEW_REQUIRED,"Turn exceeds MELD-style preferred maximum duration; inspect for over-consolidation, pauses, or non-testimony content."
93sfJyLzhqM_turn02525,93sfJyLzhqM,https://www.youtube.com/live/93sfJyLzhqM,LIVE: MA v. Lindsay Clancy - Day 8 | Accused Killer Mom Trial,/Users/rajeshpmu/Desktop/LegalMemoCMT/data/phase2/clancy/corpus/raw/live-ma-v-lindsay-clancy-day-8-accused-killer-mom-trial/live-ma-v-lindsay-clancy-day-8-accused-killer-mom-trial_93sfJyLzhqM.mp4,/Users/rajeshpmu/Desktop/LegalMemoCMT/data/phase2/clancy/corpus/raw/live-ma-v-lindsay-clancy-day-8-accused-killer-mom-trial/live-ma-v-lindsay-clancy-day-8-accused-killer-mom-trial_93sfJyLzhqM.en.vtt,/Users/rajeshpmu/Desktop/LegalMemoCMT/data/processed/phase2/clancy/turn_clips/video/93sfJyLzhqM/93sfJyLzhqM_turn02525.mp4,/Users/rajeshpmu/Desktop/LegalMemoCMT/data/processed/phase2/clancy/turn_clips/audio/93sfJyLzhqM/93sfJyLzhqM_turn02525.wav,04:04:41.870,04:06:55.703,133.833,25,REVIEW_REQUIRED,"Turn exceeds MELD-style preferred maximum duration; inspect for over-consolidation, pauses, or non-testimony content."
93sfJyLzhqM_turn02527,93sfJyLzhqM,https://www.youtube.com/live/93sfJyLzhqM,LIVE: MA v. Lindsay Clancy - Day 8 | Accused Killer Mom Trial,/Users/rajeshpmu/Desktop/LegalMemoCMT/data/phase2/clancy/corpus/raw/live-ma-v-lindsay-clancy-day-8-accused-killer-mom-trial/live-ma-v-lindsay-clancy-day-8-accused-killer-mom-trial_93sfJyLzhqM.mp4,/Users/rajeshpmu/Desktop/LegalMemoCMT/data/phase2/clancy/corpus/raw/live-ma-v-lindsay-clancy-day-8-accused-killer-mom-trial/live-ma-v-lindsay-clancy-day-8-accused-killer-mom-trial_93sfJyLzhqM.en.vtt,/Users/rajeshpmu/Desktop/LegalMemoCMT/data/processed/phase2/clancy/turn_clips/video/93sfJyLzhqM/93sfJyLzhqM_turn02527.mp4,/Users/rajeshpmu/Desktop/LegalMemoCMT/data/processed/phase2/clancy/turn_clips/audio/93sfJyLzhqM/93sfJyLzhqM_turn02527.wav,04:07:10.720,04:07:55.532,44.812,11,REVIEW_REQUIRED,"Turn exceeds MELD-style preferred maximum duration; inspect for over-consolidation, pauses, or non-testimony content."
93sfJyLzhqM_turn02535,93sfJyLzhqM,https://www.youtube.com/live/93sfJyLzhqM,LIVE: MA v. Lindsay Clancy - Day 8 | Accused Killer Mom Trial,/Users/rajeshpmu/Desktop/LegalMemoCMT/data/phase2/clancy/corpus/raw/live-ma-v-lindsay-clancy-day-8-accused-killer-mom-trial/live-ma-v-lindsay-clancy-day-8-accused-killer-mom-trial_93sfJyLzhqM.mp4,/Users/rajeshpmu/Desktop/LegalMemoCMT/data/phase2/clancy/corpus/raw/live-ma-v-lindsay-clancy-day-8-accused-killer-mom-trial/live-ma-v-lindsay-clancy-day-8-accused-killer-mom-trial_93sfJyLzhqM.en.vtt,/Users/rajeshpmu/Desktop/LegalMemoCMT/data/processed/phase2/clancy/turn_clips/video/93sfJyLzhqM/93sfJyLzhqM_turn02535.mp4,/Users/rajeshpmu/Desktop/LegalMemoCMT/data/processed/phase2/clancy/turn_clips/audio/93sfJyLzhqM/93sfJyLzhqM_turn02535.wav,04:08:32.425,04:13:13.435,281.010,23,REVIEW_REQUIRED,"Turn exceeds MELD-style preferred maximum duration; inspect for over-consolidation, pauses, or non-testimony content."
93sfJyLzhqM_turn02536,93sfJyLzhqM,https://www.youtube.com/live/93sfJyLzhqM,LIVE: MA v. Lindsay Clancy - Day 8 | Accused Killer Mom Trial,/Users/rajeshpmu/Desktop/LegalMemoCMT/data/phase2/clancy/corpus/raw/live-ma-v-lindsay-clancy-day-8-accused-killer-mom-trial/live-ma-v-lindsay-clancy-day-8-accused-killer-mom-trial_93sfJyLzhqM.mp4,/Users/rajeshpmu/Desktop/LegalMemoCMT/data/phase2/clancy/corpus/raw/live-ma-v-lindsay-clancy-day-8-accused-killer-mom-trial/live-ma-v-lindsay-clancy-day-8-accused-killer-mom-trial_93sfJyLzhqM.en.vtt,/Users/rajeshpmu/Desktop/LegalMemoCMT/data/processed/phase2/clancy/turn_clips/video/93sfJyLzhqM/93sfJyLzhqM_turn02536.mp4,/Users/rajeshpmu/Desktop/LegalMemoCMT/data/processed/phase2/clancy/turn_clips/audio/93sfJyLzhqM/93sfJyLzhqM_turn02536.wav,04:13:13.435,04:14:10.851,57.416,57,REVIEW_REQUIRED,"Turn exceeds MELD-style preferred maximum duration; inspect for over-consolidation, pauses, or non-testimony content."
93sfJyLzhqM_turn02557,93sfJyLzhqM,https://www.youtube.com/live/93sfJyLzhqM,LIVE: MA v. Lindsay Clancy - Day 8 | Accused Killer Mom Trial,/Users/rajeshpmu/Desktop/LegalMemoCMT/data/phase2/clancy/corpus/raw/live-ma-v-lindsay-clancy-day-8-accused-killer-mom-trial/live-ma-v-lindsay-clancy-day-8-accused-killer-mom-trial_93sfJyLzhqM.mp4,/Users/rajeshpmu/Desktop/LegalMemoCMT/data/phase2/clancy/corpus/raw/live-ma-v-lindsay-clancy-day-8-accused-killer-mom-trial/live-ma-v-lindsay-clancy-day-8-accused-killer-mom-trial_93sfJyLzhqM.en.vtt,/Users/rajeshpmu/Desktop/LegalMemoCMT/data/processed/phase2/clancy/turn_clips/video/93sfJyLzhqM/93sfJyLzhqM_turn02557.mp4,/Users/rajeshpmu/Desktop/LegalMemoCMT/data/processed/phase2/clancy/turn_clips/audio/93sfJyLzhqM/93sfJyLzhqM_turn02557.wav,04:16:35.387,04:17:06.728,31.341,29,REVIEW_REQUIRED,"Turn exceeds MELD-style preferred maximum duration; inspect for over-consolidation, pauses, or non-testimony content."
93sfJyLzhqM_turn02585,93sfJyLzhqM,https://www.youtube.com/live/93sfJyLzhqM,LIVE: MA v. Lindsay Clancy - Day 8 | Accused Killer Mom Trial,/Users/rajeshpmu/Desktop/LegalMemoCMT/data/phase2/clancy/corpus/raw/live-ma-v-lindsay-clancy-day-8-accused-killer-mom-trial/live-ma-v-lindsay-clancy-day-8-accused-killer-mom-trial_93sfJyLzhqM.mp4,/Users/rajeshpmu/Desktop/LegalMemoCMT/data/phase2/clancy/corpus/raw/live-ma-v-lindsay-clancy-day-8-accused-killer-mom-trial/live-ma-v-lindsay-clancy-day-8-accused-killer-mom-trial_93sfJyLzhqM.en.vtt,/Users/rajeshpmu/Desktop/LegalMemoCMT/data/processed/phase2/clancy/turn_clips/video/93sfJyLzhqM/93sfJyLzhqM_turn02585.mp4,/Users/rajeshpmu/Desktop/LegalMemoCMT/data/processed/phase2/clancy/turn_clips/audio/93sfJyLzhqM/93sfJyLzhqM_turn02585.wav,04:20:06.889,04:20:54.469,47.580,41,REVIEW_REQUIRED,"Turn exceeds MELD-style preferred maximum duration; inspect for over-consolidation, pauses, or non-testimony content."
93sfJyLzhqM_turn02673,93sfJyLzhqM,https://www.youtube.com/live/93sfJyLzhqM,LIVE: MA v. Lindsay Clancy - Day 8 | Accused Killer Mom Trial,/Users/rajeshpmu/Desktop/LegalMemoCMT/data/phase2/clancy/corpus/raw/live-ma-v-lindsay-clancy-day-8-accused-killer-mom-trial/live-ma-v-lindsay-clancy-day-8-accused-killer-mom-trial_93sfJyLzhqM.mp4,/Users/rajeshpmu/Desktop/LegalMemoCMT/data/phase2/clancy/corpus/raw/live-ma-v-lindsay-clancy-day-8-accused-killer-mom-trial/live-ma-v-lindsay-clancy-day-8-accused-killer-mom-trial_93sfJyLzhqM.en.vtt,/Users/rajeshpmu/Desktop/LegalMemoCMT/data/processed/phase2/clancy/turn_clips/video/93sfJyLzhqM/93sfJyLzhqM_turn02673.mp4,/Users/rajeshpmu/Desktop/LegalMemoCMT/data/processed/phase2/clancy/turn_clips/audio/93sfJyLzhqM/93sfJyLzhqM_turn02673.wav,04:27:22.058,04:28:56.140,94.082,3,REVIEW_REQUIRED,"Turn exceeds MELD-style preferred maximum duration; inspect for over-consolidation, pauses, or non-testimony content."
93sfJyLzhqM_turn02674,93sfJyLzhqM,https://www.youtube.com/live/93sfJyLzhqM,LIVE: MA v. Lindsay Clancy - Day 8 | Accused Killer Mom Trial,/Users/rajeshpmu/Desktop/LegalMemoCMT/data/phase2/clancy/corpus/raw/live-ma-v-lindsay-clancy-day-8-accused-killer-mom-trial/live-ma-v-lindsay-clancy-day-8-accused-killer-mom-trial_93sfJyLzhqM.mp4,/Users/rajeshpmu/Desktop/LegalMemoCMT/data/phase2/clancy/corpus/raw/live-ma-v-lindsay-clancy-day-8-accused-killer-mom-trial/live-ma-v-lindsay-clancy-day-8-accused-killer-mom-trial_93sfJyLzhqM.en.vtt,/Users/rajeshpmu/Desktop/LegalMemoCMT/data/processed/phase2/clancy/turn_clips/video/93sfJyLzhqM/93sfJyLzhqM_turn02674.mp4,/Users/rajeshpmu/Desktop/LegalMemoCMT/data/processed/phase2/clancy/turn_clips/audio/93sfJyLzhqM/93sfJyLzhqM_turn02674.wav,04:28:56.140,04:31:52.251,176.111,33,REVIEW_REQUIRED,"Turn exceeds MELD-style preferred maximum duration; inspect for over-consolidation, pauses, or non-testimony content."
93sfJyLzhqM_turn02771,93sfJyLzhqM,https://www.youtube.com/live/93sfJyLzhqM,LIVE: MA v. Lindsay Clancy - Day 8 | Accused Killer Mom Trial,/Users/rajeshpmu/Desktop/LegalMemoCMT/data/phase2/clancy/corpus/raw/live-ma-v-lindsay-clancy-day-8-accused-killer-mom-trial/live-ma-v-lindsay-clancy-day-8-accused-killer-mom-trial_93sfJyLzhqM.mp4,/Users/rajeshpmu/Desktop/LegalMemoCMT/data/phase2/clancy/corpus/raw/live-ma-v-lindsay-clancy-day-8-accused-killer-mom-trial/live-ma-v-lindsay-clancy-day-8-accused-killer-mom-trial_93sfJyLzhqM.en.vtt,/Users/rajeshpmu/Desktop/LegalMemoCMT/data/processed/phase2/clancy/turn_clips/video/93sfJyLzhqM/93sfJyLzhqM_turn02771.mp4,/Users/rajeshpmu/Desktop/LegalMemoCMT/data/processed/phase2/clancy/turn_clips/audio/93sfJyLzhqM/93sfJyLzhqM_turn02771.wav,04:40:27.909,04:41:06.319,38.410,35,REVIEW_REQUIRED,"Turn exceeds MELD-style preferred maximum duration; inspect for over-consolidation, pauses, or non-testimony content."
93sfJyLzhqM_turn02799,93sfJyLzhqM,https://www.youtube.com/live/93sfJyLzhqM,LIVE: MA v. Lindsay Clancy - Day 8 | Accused Killer Mom Trial,/Users/rajeshpmu/Desktop/LegalMemoCMT/data/phase2/clancy/corpus/raw/live-ma-v-lindsay-clancy-day-8-accused-killer-mom-trial/live-ma-v-lindsay-clancy-day-8-accused-killer-mom-trial_93sfJyLzhqM.mp4,/Users/rajeshpmu/Desktop/LegalMemoCMT/data/phase2/clancy/corpus/raw/live-ma-v-lindsay-clancy-day-8-accused-killer-mom-trial/live-ma-v-lindsay-clancy-day-8-accused-killer-mom-trial_93sfJyLzhqM.en.vtt,/Users/rajeshpmu/Desktop/LegalMemoCMT/data/processed/phase2/clancy/turn_clips/video/93sfJyLzhqM/93sfJyLzhqM_turn02799.mp4,/Users/rajeshpmu/Desktop/LegalMemoCMT/data/processed/phase2/clancy/turn_clips/audio/93sfJyLzhqM/93sfJyLzhqM_turn02799.wav,04:43:51.430,04:49:31.333,339.903,86,REVIEW_REQUIRED,"Turn exceeds MELD-style preferred maximum duration; inspect for over-consolidation, pauses, or non-testimony content."
93sfJyLzhqM_turn02820,93sfJyLzhqM,https://www.youtube.com/live/93sfJyLzhqM,LIVE: MA v. Lindsay Clancy - Day 8 | Accused Killer Mom Trial,/Users/rajeshpmu/Desktop/LegalMemoCMT/data/phase2/clancy/corpus/raw/live-ma-v-lindsay-clancy-day-8-accused-killer-mom-trial/live-ma-v-lindsay-clancy-day-8-accused-killer-mom-trial_93sfJyLzhqM.mp4,/Users/rajeshpmu/Desktop/LegalMemoCMT/data/phase2/clancy/corpus/raw/live-ma-v-lindsay-clancy-day-8-accused-killer-mom-trial/live-ma-v-lindsay-clancy-day-8-accused-killer-mom-trial_93sfJyLzhqM.en.vtt,/Users/rajeshpmu/Desktop/LegalMemoCMT/data/processed/phase2/clancy/turn_clips/video/93sfJyLzhqM/93sfJyLzhqM_turn02820.mp4,/Users/rajeshpmu/Desktop/LegalMemoCMT/data/processed/phase2/clancy/turn_clips/audio/93sfJyLzhqM/93sfJyLzhqM_turn02820.wav,04:50:32.972,04:52:45.583,132.611,117,REVIEW_REQUIRED,"Turn exceeds MELD-style preferred maximum duration; inspect for over-consolidation, pauses, or non-testimony content."
93sfJyLzhqM_turn02823,93sfJyLzhqM,https://www.youtube.com/live/93sfJyLzhqM,LIVE: MA v. Lindsay Clancy - Day 8 | Accused Killer Mom Trial,/Users/rajeshpmu/Desktop/LegalMemoCMT/data/phase2/clancy/corpus/raw/live-ma-v-lindsay-clancy-day-8-accused-killer-mom-trial/live-ma-v-lindsay-clancy-day-8-accused-killer-mom-trial_93sfJyLzhqM.mp4,/Users/rajeshpmu/Desktop/LegalMemoCMT/data/phase2/clancy/corpus/raw/live-ma-v-lindsay-clancy-day-8-accused-killer-mom-trial/live-ma-v-lindsay-clancy-day-8-accused-killer-mom-trial_93sfJyLzhqM.en.vtt,/Users/rajeshpmu/Desktop/LegalMemoCMT/data/processed/phase2/clancy/turn_clips/video/93sfJyLzhqM/93sfJyLzhqM_turn02823.mp4,/Users/rajeshpmu/Desktop/LegalMemoCMT/data/processed/phase2/clancy/turn_clips/audio/93sfJyLzhqM/93sfJyLzhqM_turn02823.wav,04:53:00.150,04:54:36.316,96.166,87,REVIEW_REQUIRED,"Turn exceeds MELD-style preferred maximum duration; inspect for over-consolidation, pauses, or non-testimony content."
93sfJyLzhqM_turn02824,93sfJyLzhqM,https://www.youtube.com/live/93sfJyLzhqM,LIVE: MA v. Lindsay Clancy - Day 8 | Accused Killer Mom Trial,/Users/rajeshpmu/Desktop/LegalMemoCMT/data/phase2/clancy/corpus/raw/live-ma-v-lindsay-clancy-day-8-accused-killer-mom-trial/live-ma-v-lindsay-clancy-day-8-accused-killer-mom-trial_93sfJyLzhqM.mp4,/Users/rajeshpmu/Desktop/LegalMemoCMT/data/phase2/clancy/corpus/raw/live-ma-v-lindsay-clancy-day-8-accused-killer-mom-trial/live-ma-v-lindsay-clancy-day-8-accused-killer-mom-trial_93sfJyLzhqM.en.vtt,/Users/rajeshpmu/Desktop/LegalMemoCMT/data/processed/phase2/clancy/turn_clips/video/93sfJyLzhqM/93sfJyLzhqM_turn02824.mp4,/Users/rajeshpmu/Desktop/LegalMemoCMT/data/processed/phase2/clancy/turn_clips/audio/93sfJyLzhqM/93sfJyLzhqM_turn02824.wav,04:54:36.316,04:56:27.793,111.477,97,REVIEW_REQUIRED,"Turn exceeds MELD-style preferred maximum duration; inspect for over-consolidation, pauses, or non-testimony content."
93sfJyLzhqM_turn02825,93sfJyLzhqM,https://www.youtube.com/live/93sfJyLzhqM,LIVE: MA v. Lindsay Clancy - Day 8 | Accused Killer Mom Trial,/Users/rajeshpmu/Desktop/LegalMemoCMT/data/phase2/clancy/corpus/raw/live-ma-v-lindsay-clancy-day-8-accused-killer-mom-trial/live-ma-v-lindsay-clancy-day-8-accused-killer-mom-trial_93sfJyLzhqM.mp4,/Users/rajeshpmu/Desktop/LegalMemoCMT/data/phase2/clancy/corpus/raw/live-ma-v-lindsay-clancy-day-8-accused-killer-mom-trial/live-ma-v-lindsay-clancy-day-8-accused-killer-mom-trial_93sfJyLzhqM.en.vtt,/Users/rajeshpmu/Desktop/LegalMemoCMT/data/processed/phase2/clancy/turn_clips/video/93sfJyLzhqM/93sfJyLzhqM_turn02825.mp4,/Users/rajeshpmu/Desktop/LegalMemoCMT/data/processed/phase2/clancy/turn_clips/audio/93sfJyLzhqM/93sfJyLzhqM_turn02825.wav,04:56:27.793,05:02:25.739,357.946,109,REVIEW_REQUIRED,"Turn exceeds MELD-style preferred maximum duration; inspect for over-consolidation, pauses, or non-testimony content."
93sfJyLzhqM_turn02826,93sfJyLzhqM,https://www.youtube.com/live/93sfJyLzhqM,LIVE: MA v. Lindsay Clancy - Day 8 | Accused Killer Mom Trial,/Users/rajeshpmu/Desktop/LegalMemoCMT/data/phase2/clancy/corpus/raw/live-ma-v-lindsay-clancy-day-8-accused-killer-mom-trial/live-ma-v-lindsay-clancy-day-8-accused-killer-mom-trial_93sfJyLzhqM.mp4,/Users/rajeshpmu/Desktop/LegalMemoCMT/data/phase2/clancy/corpus/raw/live-ma-v-lindsay-clancy-day-8-accused-killer-mom-trial/live-ma-v-lindsay-clancy-day-8-accused-killer-mom-trial_93sfJyLzhqM.en.vtt,/Users/rajeshpmu/Desktop/LegalMemoCMT/data/processed/phase2/clancy/turn_clips/video/93sfJyLzhqM/93sfJyLzhqM_turn02826.mp4,/Users/rajeshpmu/Desktop/LegalMemoCMT/data/processed/phase2/clancy/turn_clips/audio/93sfJyLzhqM/93sfJyLzhqM_turn02826.wav,05:02:25.739,05:03:22.008,56.269,53,REVIEW_REQUIRED,"Turn exceeds MELD-style preferred maximum duration; inspect for over-consolidation, pauses, or non-testimony content."
93sfJyLzhqM_turn02828,93sfJyLzhqM,https://www.youtube.com/live/93sfJyLzhqM,LIVE: MA v. Lindsay Clancy - Day 8 | Accused Killer Mom Trial,/Users/rajeshpmu/Desktop/LegalMemoCMT/data/phase2/clancy/corpus/raw/live-ma-v-lindsay-clancy-day-8-accused-killer-mom-trial/live-ma-v-lindsay-clancy-day-8-accused-killer-mom-trial_93sfJyLzhqM.mp4,/Users/rajeshpmu/Desktop/LegalMemoCMT/data/phase2/clancy/corpus/raw/live-ma-v-lindsay-clancy-day-8-accused-killer-mom-trial/live-ma-v-lindsay-clancy-day-8-accused-killer-mom-trial_93sfJyLzhqM.en.vtt,/Users/rajeshpmu/Desktop/LegalMemoCMT/data/processed/phase2/clancy/turn_clips/video/93sfJyLzhqM/93sfJyLzhqM_turn02828.mp4,/Users/rajeshpmu/Desktop/LegalMemoCMT/data/processed/phase2/clancy/turn_clips/audio/93sfJyLzhqM/93sfJyLzhqM_turn02828.wav,05:03:45.522,05:04:53.927,68.405,73,REVIEW_REQUIRED,"Turn exceeds MELD-style preferred maximum duration; inspect for over-consolidation, pauses, or non-testimony content."
93sfJyLzhqM_turn02839,93sfJyLzhqM,https://www.youtube.com/live/93sfJyLzhqM,LIVE: MA v. Lindsay Clancy - Day 8 | Accused Killer Mom Trial,/Users/rajeshpmu/Desktop/LegalMemoCMT/data/phase2/clancy/corpus/raw/live-ma-v-lindsay-clancy-day-8-accused-killer-mom-trial/live-ma-v-lindsay-clancy-day-8-accused-killer-mom-trial_93sfJyLzhqM.mp4,/Users/rajeshpmu/Desktop/LegalMemoCMT/data/phase2/clancy/corpus/raw/live-ma-v-lindsay-clancy-day-8-accused-killer-mom-trial/live-ma-v-lindsay-clancy-day-8-accused-killer-mom-trial_93sfJyLzhqM.en.vtt,/Users/rajeshpmu/Desktop/LegalMemoCMT/data/processed/phase2/clancy/turn_clips/video/93sfJyLzhqM/93sfJyLzhqM_turn02839.mp4,/Users/rajeshpmu/Desktop/LegalMemoCMT/data/processed/phase2/clancy/turn_clips/audio/93sfJyLzhqM/93sfJyLzhqM_turn02839.wav,05:06:05.509,05:07:26.434,80.925,75,REVIEW_REQUIRED,"Turn exceeds MELD-style preferred maximum duration; inspect for over-consolidation, pauses, or non-testimony content."
93sfJyLzhqM_turn02840,93sfJyLzhqM,https://www.youtube.com/live/93sfJyLzhqM,LIVE: MA v. Lindsay Clancy - Day 8 | Accused Killer Mom Trial,/Users/rajeshpmu/Desktop/LegalMemoCMT/data/phase2/clancy/corpus/raw/live-ma-v-lindsay-clancy-day-8-accused-killer-mom-trial/live-ma-v-lindsay-clancy-day-8-accused-killer-mom-trial_93sfJyLzhqM.mp4,/Users/rajeshpmu/Desktop/LegalMemoCMT/data/phase2/clancy/corpus/raw/live-ma-v-lindsay-clancy-day-8-accused-killer-mom-trial/live-ma-v-lindsay-clancy-day-8-accused-killer-mom-trial_93sfJyLzhqM.en.vtt,/Users/rajeshpmu/Desktop/LegalMemoCMT/data/processed/phase2/clancy/turn_clips/video/93sfJyLzhqM/93sfJyLzhqM_turn02840.mp4,/Users/rajeshpmu/Desktop/LegalMemoCMT/data/processed/phase2/clancy/turn_clips/audio/93sfJyLzhqM/93sfJyLzhqM_turn02840.wav,05:07:26.434,05:08:33.375,66.941,61,REVIEW_REQUIRED,"Turn exceeds MELD-style preferred maximum duration; inspect for over-consolidation, pauses, or non-testimony content."
93sfJyLzhqM_turn02841,93sfJyLzhqM,https://www.youtube.com/live/93sfJyLzhqM,LIVE: MA v. Lindsay Clancy - Day 8 | Accused Killer Mom Trial,/Users/rajeshpmu/Desktop/LegalMemoCMT/data/phase2/clancy/corpus/raw/live-ma-v-lindsay-clancy-day-8-accused-killer-mom-trial/live-ma-v-lindsay-clancy-day-8-accused-killer-mom-trial_93sfJyLzhqM.mp4,/Users/rajeshpmu/Desktop/LegalMemoCMT/data/phase2/clancy/corpus/raw/live-ma-v-lindsay-clancy-day-8-accused-killer-mom-trial/live-ma-v-lindsay-clancy-day-8-accused-killer-mom-trial_93sfJyLzhqM.en.vtt,/Users/rajeshpmu/Desktop/LegalMemoCMT/data/processed/phase2/clancy/turn_clips/video/93sfJyLzhqM/93sfJyLzhqM_turn02841.mp4,/Users/rajeshpmu/Desktop/LegalMemoCMT/data/processed/phase2/clancy/turn_clips/audio/93sfJyLzhqM/93sfJyLzhqM_turn02841.wav,05:08:33.375,05:14:16.877,343.502,89,REVIEW_REQUIRED,"Turn exceeds MELD-style preferred maximum duration; inspect for over-consolidation, pauses, or non-testimony content."
93sfJyLzhqM_turn02850,93sfJyLzhqM,https://www.youtube.com/live/93sfJyLzhqM,LIVE: MA v. Lindsay Clancy - Day 8 | Accused Killer Mom Trial,/Users/rajeshpmu/Desktop/LegalMemoCMT/data/phase2/clancy/corpus/raw/live-ma-v-lindsay-clancy-day-8-accused-killer-mom-trial/live-ma-v-lindsay-clancy-day-8-accused-killer-mom-trial_93sfJyLzhqM.mp4,/Users/rajeshpmu/Desktop/LegalMemoCMT/data/phase2/clancy/corpus/raw/live-ma-v-lindsay-clancy-day-8-accused-killer-mom-trial/live-ma-v-lindsay-clancy-day-8-accused-killer-mom-trial_93sfJyLzhqM.en.vtt,/Users/rajeshpmu/Desktop/LegalMemoCMT/data/processed/phase2/clancy/turn_clips/video/93sfJyLzhqM/93sfJyLzhqM_turn02850.mp4,/Users/rajeshpmu/Desktop/LegalMemoCMT/data/processed/phase2/clancy/turn_clips/audio/93sfJyLzhqM/93sfJyLzhqM_turn02850.wav,05:15:01.857,05:20:02.759,300.902,279,REVIEW_REQUIRED,"Turn exceeds MELD-style preferred maximum duration; inspect for over-consolidation, pauses, or non-testimony content."
93sfJyLzhqM_turn02851,93sfJyLzhqM,https://www.youtube.com/live/93sfJyLzhqM,LIVE: MA v. Lindsay Clancy - Day 8 | Accused Killer Mom Trial,/Users/rajeshpmu/Desktop/LegalMemoCMT/data/phase2/clancy/corpus/raw/live-ma-v-lindsay-clancy-day-8-accused-killer-mom-trial/live-ma-v-lindsay-clancy-day-8-accused-killer-mom-trial_93sfJyLzhqM.mp4,/Users/rajeshpmu/Desktop/LegalMemoCMT/data/phase2/clancy/corpus/raw/live-ma-v-lindsay-clancy-day-8-accused-killer-mom-trial/live-ma-v-lindsay-clancy-day-8-accused-killer-mom-trial_93sfJyLzhqM.en.vtt,/Users/rajeshpmu/Desktop/LegalMemoCMT/data/processed/phase2/clancy/turn_clips/video/93sfJyLzhqM/93sfJyLzhqM_turn02851.mp4,/Users/rajeshpmu/Desktop/LegalMemoCMT/data/processed/phase2/clancy/turn_clips/audio/93sfJyLzhqM/93sfJyLzhqM_turn02851.wav,05:20:02.759,05:21:08.419,65.660,63,REVIEW_REQUIRED,"Turn exceeds MELD-style preferred maximum duration; inspect for over-consolidation, pauses, or non-testimony content."
93sfJyLzhqM_turn02862,93sfJyLzhqM,https://www.youtube.com/live/93sfJyLzhqM,LIVE: MA v. Lindsay Clancy - Day 8 | Accused Killer Mom Trial,/Users/rajeshpmu/Desktop/LegalMemoCMT/data/phase2/clancy/corpus/raw/live-ma-v-lindsay-clancy-day-8-accused-killer-mom-trial/live-ma-v-lindsay-clancy-day-8-accused-killer-mom-trial_93sfJyLzhqM.mp4,/Users/rajeshpmu/Desktop/LegalMemoCMT/data/phase2/clancy/corpus/raw/live-ma-v-lindsay-clancy-day-8-accused-killer-mom-trial/live-ma-v-lindsay-clancy-day-8-accused-killer-mom-trial_93sfJyLzhqM.en.vtt,/Users/rajeshpmu/Desktop/LegalMemoCMT/data/processed/phase2/clancy/turn_clips/video/93sfJyLzhqM/93sfJyLzhqM_turn02862.mp4,/Users/rajeshpmu/Desktop/LegalMemoCMT/data/processed/phase2/clancy/turn_clips/audio/93sfJyLzhqM/93sfJyLzhqM_turn02862.wav,05:22:26.012,05:22:56.288,30.276,15,REVIEW_REQUIRED,"Turn exceeds MELD-style preferred maximum duration; inspect for over-consolidation, pauses, or non-testimony content."
93sfJyLzhqM_turn02869,93sfJyLzhqM,https://www.youtube.com/live/93sfJyLzhqM,LIVE: MA v. Lindsay Clancy - Day 8 | Accused Killer Mom Trial,/Users/rajeshpmu/Desktop/LegalMemoCMT/data/phase2/clancy/corpus/raw/live-ma-v-lindsay-clancy-day-8-accused-killer-mom-trial/live-ma-v-lindsay-clancy-day-8-accused-killer-mom-trial_93sfJyLzhqM.mp4,/Users/rajeshpmu/Desktop/LegalMemoCMT/data/phase2/clancy/corpus/raw/live-ma-v-lindsay-clancy-day-8-accused-killer-mom-trial/live-ma-v-lindsay-clancy-day-8-accused-killer-mom-trial_93sfJyLzhqM.en.vtt,/Users/rajeshpmu/Desktop/LegalMemoCMT/data/processed/phase2/clancy/turn_clips/video/93sfJyLzhqM/93sfJyLzhqM_turn02869.mp4,/Users/rajeshpmu/Desktop/LegalMemoCMT/data/processed/phase2/clancy/turn_clips/audio/93sfJyLzhqM/93sfJyLzhqM_turn02869.wav,05:23:51.223,05:25:23.515,92.292,89,REVIEW_REQUIRED,"Turn exceeds MELD-style preferred maximum duration; inspect for over-consolidation, pauses, or non-testimony content."
93sfJyLzhqM_turn02870,93sfJyLzhqM,https://www.youtube.com/live/93sfJyLzhqM,LIVE: MA v. Lindsay Clancy - Day 8 | Accused Killer Mom Trial,/Users/rajeshpmu/Desktop/LegalMemoCMT/data/phase2/clancy/corpus/raw/live-ma-v-lindsay-clancy-day-8-accused-killer-mom-trial/live-ma-v-lindsay-clancy-day-8-accused-killer-mom-trial_93sfJyLzhqM.mp4,/Users/rajeshpmu/Desktop/LegalMemoCMT/data/phase2/clancy/corpus/raw/live-ma-v-lindsay-clancy-day-8-accused-killer-mom-trial/live-ma-v-lindsay-clancy-day-8-accused-killer-mom-trial_93sfJyLzhqM.en.vtt,/Users/rajeshpmu/Desktop/LegalMemoCMT/data/processed/phase2/clancy/turn_clips/video/93sfJyLzhqM/93sfJyLzhqM_turn02870.mp4,/Users/rajeshpmu/Desktop/LegalMemoCMT/data/processed/phase2/clancy/turn_clips/audio/93sfJyLzhqM/93sfJyLzhqM_turn02870.wav,05:25:23.515,05:32:14.639,411.124,21,REVIEW_REQUIRED,"Turn exceeds MELD-style preferred maximum duration; inspect for over-consolidation, pauses, or non-testimony content."
93sfJyLzhqM_turn02874,93sfJyLzhqM,https://www.youtube.com/live/93sfJyLzhqM,LIVE: MA v. Lindsay Clancy - Day 8 | Accused Killer Mom Trial,/Users/rajeshpmu/Desktop/LegalMemoCMT/data/phase2/clancy/corpus/raw/live-ma-v-lindsay-clancy-day-8-accused-killer-mom-trial/live-ma-v-lindsay-clancy-day-8-accused-killer-mom-trial_93sfJyLzhqM.mp4,/Users/rajeshpmu/Desktop/LegalMemoCMT/data/phase2/clancy/corpus/raw/live-ma-v-lindsay-clancy-day-8-accused-killer-mom-trial/live-ma-v-lindsay-clancy-day-8-accused-killer-mom-trial_93sfJyLzhqM.en.vtt,/Users/rajeshpmu/Desktop/LegalMemoCMT/data/processed/phase2/clancy/turn_clips/video/93sfJyLzhqM/93sfJyLzhqM_turn02874.mp4,/Users/rajeshpmu/Desktop/LegalMemoCMT/data/processed/phase2/clancy/turn_clips/audio/93sfJyLzhqM/93sfJyLzhqM_turn02874.wav,05:32:34.236,05:33:10.948,36.712,5,REVIEW_REQUIRED,"Turn exceeds MELD-style preferred maximum duration; inspect for over-consolidation, pauses, or non-testimony content."
93sfJyLzhqM_turn02884,93sfJyLzhqM,https://www.youtube.com/live/93sfJyLzhqM,LIVE: MA v. Lindsay Clancy - Day 8 | Accused Killer Mom Trial,/Users/rajeshpmu/Desktop/LegalMemoCMT/data/phase2/clancy/corpus/raw/live-ma-v-lindsay-clancy-day-8-accused-killer-mom-trial/live-ma-v-lindsay-clancy-day-8-accused-killer-mom-trial_93sfJyLzhqM.mp4,/Users/rajeshpmu/Desktop/LegalMemoCMT/data/phase2/clancy/corpus/raw/live-ma-v-lindsay-clancy-day-8-accused-killer-mom-trial/live-ma-v-lindsay-clancy-day-8-accused-killer-mom-trial_93sfJyLzhqM.en.vtt,/Users/rajeshpmu/Desktop/LegalMemoCMT/data/processed/phase2/clancy/turn_clips/video/93sfJyLzhqM/93sfJyLzhqM_turn02884.mp4,/Users/rajeshpmu/Desktop/LegalMemoCMT/data/processed/phase2/clancy/turn_clips/audio/93sfJyLzhqM/93sfJyLzhqM_turn02884.wav,05:34:24.654,05:35:16.396,51.742,3,REVIEW_REQUIRED,"Turn exceeds MELD-style preferred maximum duration; inspect for over-consolidation, pauses, or non-testimony content."
93sfJyLzhqM_turn02965,93sfJyLzhqM,https://www.youtube.com/live/93sfJyLzhqM,LIVE: MA v. Lindsay Clancy - Day 8 | Accused Killer Mom Trial,/Users/rajeshpmu/Desktop/LegalMemoCMT/data/phase2/clancy/corpus/raw/live-ma-v-lindsay-clancy-day-8-accused-killer-mom-trial/live-ma-v-lindsay-clancy-day-8-accused-killer-mom-trial_93sfJyLzhqM.mp4,/Users/rajeshpmu/Desktop/LegalMemoCMT/data/phase2/clancy/corpus/raw/live-ma-v-lindsay-clancy-day-8-accused-killer-mom-trial/live-ma-v-lindsay-clancy-day-8-accused-killer-mom-trial_93sfJyLzhqM.en.vtt,/Users/rajeshpmu/Desktop/LegalMemoCMT/data/processed/phase2/clancy/turn_clips/video/93sfJyLzhqM/93sfJyLzhqM_turn02965.mp4,/Users/rajeshpmu/Desktop/LegalMemoCMT/data/processed/phase2/clancy/turn_clips/audio/93sfJyLzhqM/93sfJyLzhqM_turn02965.wav,05:40:52.675,05:41:35.559,42.884,9,REVIEW_REQUIRED,"Turn exceeds MELD-style preferred maximum duration; inspect for over-consolidation, pauses, or non-testimony content."
93sfJyLzhqM_turn03117,93sfJyLzhqM,https://www.youtube.com/live/93sfJyLzhqM,LIVE: MA v. Lindsay Clancy - Day 8 | Accused Killer Mom Trial,/Users/rajeshpmu/Desktop/LegalMemoCMT/data/phase2/clancy/corpus/raw/live-ma-v-lindsay-clancy-day-8-accused-killer-mom-trial/live-ma-v-lindsay-clancy-day-8-accused-killer-mom-trial_93sfJyLzhqM.mp4,/Users/rajeshpmu/Desktop/LegalMemoCMT/data/phase2/clancy/corpus/raw/live-ma-v-lindsay-clancy-day-8-accused-killer-mom-trial/live-ma-v-lindsay-clancy-day-8-accused-killer-mom-trial_93sfJyLzhqM.en.vtt,/Users/rajeshpmu/Desktop/LegalMemoCMT/data/processed/phase2/clancy/turn_clips/video/93sfJyLzhqM/93sfJyLzhqM_turn03117.mp4,/Users/rajeshpmu/Desktop/LegalMemoCMT/data/processed/phase2/clancy/turn_clips/audio/93sfJyLzhqM/93sfJyLzhqM_turn03117.wav,05:51:48.515,05:52:24.951,36.436,11,REVIEW_REQUIRED,"Turn exceeds MELD-style preferred maximum duration; inspect for over-consolidation, pauses, or non-testimony content."
93sfJyLzhqM_turn03122,93sfJyLzhqM,https://www.youtube.com/live/93sfJyLzhqM,LIVE: MA v. Lindsay Clancy - Day 8 | Accused Killer Mom Trial,/Users/rajeshpmu/Desktop/LegalMemoCMT/data/phase2/clancy/corpus/raw/live-ma-v-lindsay-clancy-day-8-accused-killer-mom-trial/live-ma-v-lindsay-clancy-day-8-accused-killer-mom-trial_93sfJyLzhqM.mp4,/Users/rajeshpmu/Desktop/LegalMemoCMT/data/phase2/clancy/corpus/raw/live-ma-v-lindsay-clancy-day-8-accused-killer-mom-trial/live-ma-v-lindsay-clancy-day-8-accused-killer-mom-trial_93sfJyLzhqM.en.vtt,/Users/rajeshpmu/Desktop/LegalMemoCMT/data/processed/phase2/clancy/turn_clips/video/93sfJyLzhqM/93sfJyLzhqM_turn03122.mp4,/Users/rajeshpmu/Desktop/LegalMemoCMT/data/processed/phase2/clancy/turn_clips/audio/93sfJyLzhqM/93sfJyLzhqM_turn03122.wav,05:52:43.777,05:54:00.834,77.057,71,REVIEW_REQUIRED,"Turn exceeds MELD-style preferred maximum duration; inspect for over-consolidation, pauses, or non-testimony content."
93sfJyLzhqM_turn03142,93sfJyLzhqM,https://www.youtube.com/live/93sfJyLzhqM,LIVE: MA v. Lindsay Clancy - Day 8 | Accused Killer Mom Trial,/Users/rajeshpmu/Desktop/LegalMemoCMT/data/phase2/clancy/corpus/raw/live-ma-v-lindsay-clancy-day-8-accused-killer-mom-trial/live-ma-v-lindsay-clancy-day-8-accused-killer-mom-trial_93sfJyLzhqM.mp4,/Users/rajeshpmu/Desktop/LegalMemoCMT/data/phase2/clancy/corpus/raw/live-ma-v-lindsay-clancy-day-8-accused-killer-mom-trial/live-ma-v-lindsay-clancy-day-8-accused-killer-mom-trial_93sfJyLzhqM.en.vtt,/Users/rajeshpmu/Desktop/LegalMemoCMT/data/processed/phase2/clancy/turn_clips/video/93sfJyLzhqM/93sfJyLzhqM_turn03142.mp4,/Users/rajeshpmu/Desktop/LegalMemoCMT/data/processed/phase2/clancy/turn_clips/audio/93sfJyLzhqM/93sfJyLzhqM_turn03142.wav,05:55:19.520,05:58:28.171,188.651,79,REVIEW_REQUIRED,"Turn exceeds MELD-style preferred maximum duration; inspect for over-consolidation, pauses, or non-testimony content."
93sfJyLzhqM_turn03143,93sfJyLzhqM,https://www.youtube.com/live/93sfJyLzhqM,LIVE: MA v. Lindsay Clancy - Day 8 | Accused Killer Mom Trial,/Users/rajeshpmu/Desktop/LegalMemoCMT/data/phase2/clancy/corpus/raw/live-ma-v-lindsay-clancy-day-8-accused-killer-mom-trial/live-ma-v-lindsay-clancy-day-8-accused-killer-mom-trial_93sfJyLzhqM.mp4,/Users/rajeshpmu/Desktop/LegalMemoCMT/data/phase2/clancy/corpus/raw/live-ma-v-lindsay-clancy-day-8-accused-killer-mom-trial/live-ma-v-lindsay-clancy-day-8-accused-killer-mom-trial_93sfJyLzhqM.en.vtt,/Users/rajeshpmu/Desktop/LegalMemoCMT/data/processed/phase2/clancy/turn_clips/video/93sfJyLzhqM/93sfJyLzhqM_turn03143.mp4,/Users/rajeshpmu/Desktop/LegalMemoCMT/data/processed/phase2/clancy/turn_clips/audio/93sfJyLzhqM/93sfJyLzhqM_turn03143.wav,05:58:28.171,05:59:04.257,36.086,7,REVIEW_REQUIRED,"Turn exceeds MELD-style preferred maximum duration; inspect for over-consolidation, pauses, or non-testimony content."
93sfJyLzhqM_turn03144,93sfJyLzhqM,https://www.youtube.com/live/93sfJyLzhqM,LIVE: MA v. Lindsay Clancy - Day 8 | Accused Killer Mom Trial,/Users/rajeshpmu/Desktop/LegalMemoCMT/data/phase2/clancy/corpus/raw/live-ma-v-lindsay-clancy-day-8-accused-killer-mom-trial/live-ma-v-lindsay-clancy-day-8-accused-killer-mom-trial_93sfJyLzhqM.mp4,/Users/rajeshpmu/Desktop/LegalMemoCMT/data/phase2/clancy/corpus/raw/live-ma-v-lindsay-clancy-day-8-accused-killer-mom-trial/live-ma-v-lindsay-clancy-day-8-accused-killer-mom-trial_93sfJyLzhqM.en.vtt,/Users/rajeshpmu/Desktop/LegalMemoCMT/data/processed/phase2/clancy/turn_clips/video/93sfJyLzhqM/93sfJyLzhqM_turn03144.mp4,/Users/rajeshpmu/Desktop/LegalMemoCMT/data/processed/phase2/clancy/turn_clips/audio/93sfJyLzhqM/93sfJyLzhqM_turn03144.wav,05:59:04.257,06:24:13.634,1509.377,21,REVIEW_REQUIRED,"Turn exceeds MELD-style preferred maximum duration; inspect for over-consolidation, pauses, or non-testimony content."
93sfJyLzhqM_turn03147,93sfJyLzhqM,https://www.youtube.com/live/93sfJyLzhqM,LIVE: MA v. Lindsay Clancy - Day 8 | Accused Killer Mom Trial,/Users/rajeshpmu/Desktop/LegalMemoCMT/data/phase2/clancy/corpus/raw/live-ma-v-lindsay-clancy-day-8-accused-killer-mom-trial/live-ma-v-lindsay-clancy-day-8-accused-killer-mom-trial_93sfJyLzhqM.mp4,/Users/rajeshpmu/Desktop/LegalMemoCMT/data/phase2/clancy/corpus/raw/live-ma-v-lindsay-clancy-day-8-accused-killer-mom-trial/live-ma-v-lindsay-clancy-day-8-accused-killer-mom-trial_93sfJyLzhqM.en.vtt,/Users/rajeshpmu/Desktop/LegalMemoCMT/data/processed/phase2/clancy/turn_clips/video/93sfJyLzhqM/93sfJyLzhqM_turn03147.mp4,/Users/rajeshpmu/Desktop/LegalMemoCMT/data/processed/phase2/clancy/turn_clips/audio/93sfJyLzhqM/93sfJyLzhqM_turn03147.wav,06:24:28.426,06:25:20.104,51.678,41,REVIEW_REQUIRED,"Turn exceeds MELD-style preferred maximum duration; inspect for over-consolidation, pauses, or non-testimony content."
93sfJyLzhqM_turn03148,93sfJyLzhqM,https://www.youtube.com/live/93sfJyLzhqM,LIVE: MA v. Lindsay Clancy - Day 8 | Accused Killer Mom Trial,/Users/rajeshpmu/Desktop/LegalMemoCMT/data/phase2/clancy/corpus/raw/live-ma-v-lindsay-clancy-day-8-accused-killer-mom-trial/live-ma-v-lindsay-clancy-day-8-accused-killer-mom-trial_93sfJyLzhqM.mp4,/Users/rajeshpmu/Desktop/LegalMemoCMT/data/phase2/clancy/corpus/raw/live-ma-v-lindsay-clancy-day-8-accused-killer-mom-trial/live-ma-v-lindsay-clancy-day-8-accused-killer-mom-trial_93sfJyLzhqM.en.vtt,/Users/rajeshpmu/Desktop/LegalMemoCMT/data/processed/phase2/clancy/turn_clips/video/93sfJyLzhqM/93sfJyLzhqM_turn03148.mp4,/Users/rajeshpmu/Desktop/LegalMemoCMT/data/processed/phase2/clancy/turn_clips/audio/93sfJyLzhqM/93sfJyLzhqM_turn03148.wav,06:25:20.104,06:33:57.445,517.341,411,REVIEW_REQUIRED,"Turn exceeds MELD-style preferred maximum duration; inspect for over-consolidation, pauses, or non-testimony content."
93sfJyLzhqM_turn03154,93sfJyLzhqM,https://www.youtube.com/live/93sfJyLzhqM,LIVE: MA v. Lindsay Clancy - Day 8 | Accused Killer Mom Trial,/Users/rajeshpmu/Desktop/LegalMemoCMT/data/phase2/clancy/corpus/raw/live-ma-v-lindsay-clancy-day-8-accused-killer-mom-trial/live-ma-v-lindsay-clancy-day-8-accused-killer-mom-trial_93sfJyLzhqM.mp4,/Users/rajeshpmu/Desktop/LegalMemoCMT/data/phase2/clancy/corpus/raw/live-ma-v-lindsay-clancy-day-8-accused-killer-mom-trial/live-ma-v-lindsay-clancy-day-8-accused-killer-mom-trial_93sfJyLzhqM.en.vtt,/Users/rajeshpmu/Desktop/LegalMemoCMT/data/processed/phase2/clancy/turn_clips/video/93sfJyLzhqM/93sfJyLzhqM_turn03154.mp4,/Users/rajeshpmu/Desktop/LegalMemoCMT/data/processed/phase2/clancy/turn_clips/audio/93sfJyLzhqM/93sfJyLzhqM_turn03154.wav,06:34:55.283,06:35:27.558,32.275,23,REVIEW_REQUIRED,"Turn exceeds MELD-style preferred maximum duration; inspect for over-consolidation, pauses, or non-testimony content."
93sfJyLzhqM_turn03157,93sfJyLzhqM,https://www.youtube.com/live/93sfJyLzhqM,LIVE: MA v. Lindsay Clancy - Day 8 | Accused Killer Mom Trial,/Users/rajeshpmu/Desktop/LegalMemoCMT/data/phase2/clancy/corpus/raw/live-ma-v-lindsay-clancy-day-8-accused-killer-mom-trial/live-ma-v-lindsay-clancy-day-8-accused-killer-mom-trial_93sfJyLzhqM.mp4,/Users/rajeshpmu/Desktop/LegalMemoCMT/data/phase2/clancy/corpus/raw/live-ma-v-lindsay-clancy-day-8-accused-killer-mom-trial/live-ma-v-lindsay-clancy-day-8-accused-killer-mom-trial_93sfJyLzhqM.en.vtt,/Users/rajeshpmu/Desktop/LegalMemoCMT/data/processed/phase2/clancy/turn_clips/video/93sfJyLzhqM/93sfJyLzhqM_turn03157.mp4,/Users/rajeshpmu/Desktop/LegalMemoCMT/data/processed/phase2/clancy/turn_clips/audio/93sfJyLzhqM/93sfJyLzhqM_turn03157.wav,06:36:06.964,06:36:42.182,35.218,31,REVIEW_REQUIRED,"Turn exceeds MELD-style preferred maximum duration; inspect for over-consolidation, pauses, or non-testimony content."
93sfJyLzhqM_turn03159,93sfJyLzhqM,https://www.youtube.com/live/93sfJyLzhqM,LIVE: MA v. Lindsay Clancy - Day 8 | Accused Killer Mom Trial,/Users/rajeshpmu/Desktop/LegalMemoCMT/data/phase2/clancy/corpus/raw/live-ma-v-lindsay-clancy-day-8-accused-killer-mom-trial/live-ma-v-lindsay-clancy-day-8-accused-killer-mom-trial_93sfJyLzhqM.mp4,/Users/rajeshpmu/Desktop/LegalMemoCMT/data/phase2/clancy/corpus/raw/live-ma-v-lindsay-clancy-day-8-accused-killer-mom-trial/live-ma-v-lindsay-clancy-day-8-accused-killer-mom-trial_93sfJyLzhqM.en.vtt,/Users/rajeshpmu/Desktop/LegalMemoCMT/data/processed/phase2/clancy/turn_clips/video/93sfJyLzhqM/93sfJyLzhqM_turn03159.mp4,/Users/rajeshpmu/Desktop/LegalMemoCMT/data/processed/phase2/clancy/turn_clips/audio/93sfJyLzhqM/93sfJyLzhqM_turn03159.wav,06:37:05.928,06:37:51.316,45.388,35,REVIEW_REQUIRED,"Turn exceeds MELD-style preferred maximum duration; inspect for over-consolidation, pauses, or non-testimony content."
93sfJyLzhqM_turn03165,93sfJyLzhqM,https://www.youtube.com/live/93sfJyLzhqM,LIVE: MA v. Lindsay Clancy - Day 8 | Accused Killer Mom Trial,/Users/rajeshpmu/Desktop/LegalMemoCMT/data/phase2/clancy/corpus/raw/live-ma-v-lindsay-clancy-day-8-accused-killer-mom-trial/live-ma-v-lindsay-clancy-day-8-accused-killer-mom-trial_93sfJyLzhqM.mp4,/Users/rajeshpmu/Desktop/LegalMemoCMT/data/phase2/clancy/corpus/raw/live-ma-v-lindsay-clancy-day-8-accused-killer-mom-trial/live-ma-v-lindsay-clancy-day-8-accused-killer-mom-trial_93sfJyLzhqM.en.vtt,/Users/rajeshpmu/Desktop/LegalMemoCMT/data/processed/phase2/clancy/turn_clips/video/93sfJyLzhqM/93sfJyLzhqM_turn03165.mp4,/Users/rajeshpmu/Desktop/LegalMemoCMT/data/processed/phase2/clancy/turn_clips/audio/93sfJyLzhqM/93sfJyLzhqM_turn03165.wav,06:38:02.875,06:40:33.476,150.601,137,REVIEW_REQUIRED,"Turn exceeds MELD-style preferred maximum duration; inspect for over-consolidation, pauses, or non-testimony content."
93sfJyLzhqM_turn03166,93sfJyLzhqM,https://www.youtube.com/live/93sfJyLzhqM,LIVE: MA v. Lindsay Clancy - Day 8 | Accused Killer Mom Trial,/Users/rajeshpmu/Desktop/LegalMemoCMT/data/phase2/clancy/corpus/raw/live-ma-v-lindsay-clancy-day-8-accused-killer-mom-trial/live-ma-v-lindsay-clancy-day-8-accused-killer-mom-trial_93sfJyLzhqM.mp4,/Users/rajeshpmu/Desktop/LegalMemoCMT/data/phase2/clancy/corpus/raw/live-ma-v-lindsay-clancy-day-8-accused-killer-mom-trial/live-ma-v-lindsay-clancy-day-8-accused-killer-mom-trial_93sfJyLzhqM.en.vtt,/Users/rajeshpmu/Desktop/LegalMemoCMT/data/processed/phase2/clancy/turn_clips/video/93sfJyLzhqM/93sfJyLzhqM_turn03166.mp4,/Users/rajeshpmu/Desktop/LegalMemoCMT/data/processed/phase2/clancy/turn_clips/audio/93sfJyLzhqM/93sfJyLzhqM_turn03166.wav,06:40:33.476,06:42:12.291,98.815,79,REVIEW_REQUIRED,"Turn exceeds MELD-style preferred maximum duration; inspect for over-consolidation, pauses, or non-testimony content."
93sfJyLzhqM_turn03170,93sfJyLzhqM,https://www.youtube.com/live/93sfJyLzhqM,LIVE: MA v. Lindsay Clancy - Day 8 | Accused Killer Mom Trial,/Users/rajeshpmu/Desktop/LegalMemoCMT/data/phase2/clancy/corpus/raw/live-ma-v-lindsay-clancy-day-8-accused-killer-mom-trial/live-ma-v-lindsay-clancy-day-8-accused-killer-mom-trial_93sfJyLzhqM.mp4,/Users/rajeshpmu/Desktop/LegalMemoCMT/data/phase2/clancy/corpus/raw/live-ma-v-lindsay-clancy-day-8-accused-killer-mom-trial/live-ma-v-lindsay-clancy-day-8-accused-killer-mom-trial_93sfJyLzhqM.en.vtt,/Users/rajeshpmu/Desktop/LegalMemoCMT/data/processed/phase2/clancy/turn_clips/video/93sfJyLzhqM/93sfJyLzhqM_turn03170.mp4,/Users/rajeshpmu/Desktop/LegalMemoCMT/data/processed/phase2/clancy/turn_clips/audio/93sfJyLzhqM/93sfJyLzhqM_turn03170.wav,06:42:47.036,06:44:11.189,84.153,71,REVIEW_REQUIRED,"Turn exceeds MELD-style preferred maximum duration; inspect for over-consolidation, pauses, or non-testimony content."
93sfJyLzhqM_turn03174,93sfJyLzhqM,https://www.youtube.com/live/93sfJyLzhqM,LIVE: MA v. Lindsay Clancy - Day 8 | Accused Killer Mom Trial,/Users/rajeshpmu/Desktop/LegalMemoCMT/data/phase2/clancy/corpus/raw/live-ma-v-lindsay-clancy-day-8-accused-killer-mom-trial/live-ma-v-lindsay-clancy-day-8-accused-killer-mom-trial_93sfJyLzhqM.mp4,/Users/rajeshpmu/Desktop/LegalMemoCMT/data/phase2/clancy/corpus/raw/live-ma-v-lindsay-clancy-day-8-accused-killer-mom-trial/live-ma-v-lindsay-clancy-day-8-accused-killer-mom-trial_93sfJyLzhqM.en.vtt,/Users/rajeshpmu/Desktop/LegalMemoCMT/data/processed/phase2/clancy/turn_clips/video/93sfJyLzhqM/93sfJyLzhqM_turn03174.mp4,/Users/rajeshpmu/Desktop/LegalMemoCMT/data/processed/phase2/clancy/turn_clips/audio/93sfJyLzhqM/93sfJyLzhqM_turn03174.wav,06:44:18.757,06:45:23.141,64.384,47,REVIEW_REQUIRED,"Turn exceeds MELD-style preferred maximum duration; inspect for over-consolidation, pauses, or non-testimony content."
93sfJyLzhqM_turn03176,93sfJyLzhqM,https://www.youtube.com/live/93sfJyLzhqM,LIVE: MA v. Lindsay Clancy - Day 8 | Accused Killer Mom Trial,/Users/rajeshpmu/Desktop/LegalMemoCMT/data/phase2/clancy/corpus/raw/live-ma-v-lindsay-clancy-day-8-accused-killer-mom-trial/live-ma-v-lindsay-clancy-day-8-accused-killer-mom-trial_93sfJyLzhqM.mp4,/Users/rajeshpmu/Desktop/LegalMemoCMT/data/phase2/clancy/corpus/raw/live-ma-v-lindsay-clancy-day-8-accused-killer-mom-trial/live-ma-v-lindsay-clancy-day-8-accused-killer-mom-trial_93sfJyLzhqM.en.vtt,/Users/rajeshpmu/Desktop/LegalMemoCMT/data/processed/phase2/clancy/turn_clips/video/93sfJyLzhqM/93sfJyLzhqM_turn03176.mp4,/Users/rajeshpmu/Desktop/LegalMemoCMT/data/processed/phase2/clancy/turn_clips/audio/93sfJyLzhqM/93sfJyLzhqM_turn03176.wav,06:45:29.710,06:46:09.483,39.773,33,REVIEW_REQUIRED,"Turn exceeds MELD-style preferred maximum duration; inspect for over-consolidation, pauses, or non-testimony content."
93sfJyLzhqM_turn03185,93sfJyLzhqM,https://www.youtube.com/live/93sfJyLzhqM,LIVE: MA v. Lindsay Clancy - Day 8 | Accused Killer Mom Trial,/Users/rajeshpmu/Desktop/LegalMemoCMT/data/phase2/clancy/corpus/raw/live-ma-v-lindsay-clancy-day-8-accused-killer-mom-trial/live-ma-v-lindsay-clancy-day-8-accused-killer-mom-trial_93sfJyLzhqM.mp4,/Users/rajeshpmu/Desktop/LegalMemoCMT/data/phase2/clancy/corpus/raw/live-ma-v-lindsay-clancy-day-8-accused-killer-mom-trial/live-ma-v-lindsay-clancy-day-8-accused-killer-mom-trial_93sfJyLzhqM.en.vtt,/Users/rajeshpmu/Desktop/LegalMemoCMT/data/processed/phase2/clancy/turn_clips/video/93sfJyLzhqM/93sfJyLzhqM_turn03185.mp4,/Users/rajeshpmu/Desktop/LegalMemoCMT/data/processed/phase2/clancy/turn_clips/audio/93sfJyLzhqM/93sfJyLzhqM_turn03185.wav,06:47:02.266,06:47:52.570,50.304,29,REVIEW_REQUIRED,"Turn exceeds MELD-style preferred maximum duration; inspect for over-consolidation, pauses, or non-testimony content."
93sfJyLzhqM_turn03197,93sfJyLzhqM,https://www.youtube.com/live/93sfJyLzhqM,LIVE: MA v. Lindsay Clancy - Day 8 | Accused Killer Mom Trial,/Users/rajeshpmu/Desktop/LegalMemoCMT/data/phase2/clancy/corpus/raw/live-ma-v-lindsay-clancy-day-8-accused-killer-mom-trial/live-ma-v-lindsay-clancy-day-8-accused-killer-mom-trial_93sfJyLzhqM.mp4,/Users/rajeshpmu/Desktop/LegalMemoCMT/data/phase2/clancy/corpus/raw/live-ma-v-lindsay-clancy-day-8-accused-killer-mom-trial/live-ma-v-lindsay-clancy-day-8-accused-killer-mom-trial_93sfJyLzhqM.en.vtt,/Users/rajeshpmu/Desktop/LegalMemoCMT/data/processed/phase2/clancy/turn_clips/video/93sfJyLzhqM/93sfJyLzhqM_turn03197.mp4,/Users/rajeshpmu/Desktop/LegalMemoCMT/data/processed/phase2/clancy/turn_clips/audio/93sfJyLzhqM/93sfJyLzhqM_turn03197.wav,06:49:32.497,06:50:15.978,43.481,33,REVIEW_REQUIRED,"Turn exceeds MELD-style preferred maximum duration; inspect for over-consolidation, pauses, or non-testimony content."
93sfJyLzhqM_turn03203,93sfJyLzhqM,https://www.youtube.com/live/93sfJyLzhqM,LIVE: MA v. Lindsay Clancy - Day 8 | Accused Killer Mom Trial,/Users/rajeshpmu/Desktop/LegalMemoCMT/data/phase2/clancy/corpus/raw/live-ma-v-lindsay-clancy-day-8-accused-killer-mom-trial/live-ma-v-lindsay-clancy-day-8-accused-killer-mom-trial_93sfJyLzhqM.mp4,/Users/rajeshpmu/Desktop/LegalMemoCMT/data/phase2/clancy/corpus/raw/live-ma-v-lindsay-clancy-day-8-accused-killer-mom-trial/live-ma-v-lindsay-clancy-day-8-accused-killer-mom-trial_93sfJyLzhqM.en.vtt,/Users/rajeshpmu/Desktop/LegalMemoCMT/data/processed/phase2/clancy/turn_clips/video/93sfJyLzhqM/93sfJyLzhqM_turn03203.mp4,/Users/rajeshpmu/Desktop/LegalMemoCMT/data/processed/phase2/clancy/turn_clips/audio/93sfJyLzhqM/93sfJyLzhqM_turn03203.wav,06:50:59.783,06:51:35.236,35.453,29,REVIEW_REQUIRED,"Turn exceeds MELD-style preferred maximum duration; inspect for over-consolidation, pauses, or non-testimony content."
93sfJyLzhqM_turn03206,93sfJyLzhqM,https://www.youtube.com/live/93sfJyLzhqM,LIVE: MA v. Lindsay Clancy - Day 8 | Accused Killer Mom Trial,/Users/rajeshpmu/Desktop/LegalMemoCMT/data/phase2/clancy/corpus/raw/live-ma-v-lindsay-clancy-day-8-accused-killer-mom-trial/live-ma-v-lindsay-clancy-day-8-accused-killer-mom-trial_93sfJyLzhqM.mp4,/Users/rajeshpmu/Desktop/LegalMemoCMT/data/phase2/clancy/corpus/raw/live-ma-v-lindsay-clancy-day-8-accused-killer-mom-trial/live-ma-v-lindsay-clancy-day-8-accused-killer-mom-trial_93sfJyLzhqM.en.vtt,/Users/rajeshpmu/Desktop/LegalMemoCMT/data/processed/phase2/clancy/turn_clips/video/93sfJyLzhqM/93sfJyLzhqM_turn03206.mp4,/Users/rajeshpmu/Desktop/LegalMemoCMT/data/processed/phase2/clancy/turn_clips/audio/93sfJyLzhqM/93sfJyLzhqM_turn03206.wav,06:51:50.371,06:53:17.684,87.313,79,REVIEW_REQUIRED,"Turn exceeds MELD-style preferred maximum duration; inspect for over-consolidation, pauses, or non-testimony content."
D5L_c9Mla1U_turn03217,D5L_c9Mla1U,https://www.youtube.com/watch?v=D5L_c9Mla1U,LIVE: Lindsay Clancy trial Day 16,/Users/rajeshpmu/Desktop/LegalMemoCMT/data/phase2/clancy/corpus/raw/live-lindsay-clancy-trial-day-16/live-lindsay-clancy-trial-day-16_D5L_c9Mla1U.mp4,/Users/rajeshpmu/Desktop/LegalMemoCMT/data/phase2/clancy/corpus/raw/live-lindsay-clancy-trial-day-16/live-lindsay-clancy-trial-day-16_D5L_c9Mla1U.en.vtt,/Users/rajeshpmu/Desktop/LegalMemoCMT/data/processed/phase2/clancy/turn_clips/video/D5L_c9Mla1U/D5L_c9Mla1U_turn03217.mp4,/Users/rajeshpmu/Desktop/LegalMemoCMT/data/processed/phase2/clancy/turn_clips/audio/D5L_c9Mla1U/D5L_c9Mla1U_turn03217.wav,00:01:37.383,00:02:41.746,64.363,21,REVIEW_REQUIRED,"Turn exceeds MELD-style preferred maximum duration; inspect for over-consolidation, pauses, or non-testimony content."
D5L_c9Mla1U_turn03223,D5L_c9Mla1U,https://www.youtube.com/watch?v=D5L_c9Mla1U,LIVE: Lindsay Clancy trial Day 16,/Users/rajeshpmu/Desktop/LegalMemoCMT/data/phase2/clancy/corpus/raw/live-lindsay-clancy-trial-day-16/live-lindsay-clancy-trial-day-16_D5L_c9Mla1U.mp4,/Users/rajeshpmu/Desktop/LegalMemoCMT/data/phase2/clancy/corpus/raw/live-lindsay-clancy-trial-day-16/live-lindsay-clancy-trial-day-16_D5L_c9Mla1U.en.vtt,/Users/rajeshpmu/Desktop/LegalMemoCMT/data/processed/phase2/clancy/turn_clips/video/D5L_c9Mla1U/D5L_c9Mla1U_turn03223.mp4,/Users/rajeshpmu/Desktop/LegalMemoCMT/data/processed/phase2/clancy/turn_clips/audio/D5L_c9Mla1U/D5L_c9Mla1U_turn03223.wav,00:03:04.446,00:04:04.519,60.073,51,REVIEW_REQUIRED,"Turn exceeds MELD-style preferred maximum duration; inspect for over-consolidation, pauses, or non-testimony content."
D5L_c9Mla1U_turn03227,D5L_c9Mla1U,https://www.youtube.com/watch?v=D5L_c9Mla1U,LIVE: Lindsay Clancy trial Day 16,/Users/rajeshpmu/Desktop/LegalMemoCMT/data/phase2/clancy/corpus/raw/live-lindsay-clancy-trial-day-16/live-lindsay-clancy-trial-day-16_D5L_c9Mla1U.mp4,/Users/rajeshpmu/Desktop/LegalMemoCMT/data/phase2/clancy/corpus/raw/live-lindsay-clancy-trial-day-16/live-lindsay-clancy-trial-day-16_D5L_c9Mla1U.en.vtt,/Users/rajeshpmu/Desktop/LegalMemoCMT/data/processed/phase2/clancy/turn_clips/video/D5L_c9Mla1U/D5L_c9Mla1U_turn03227.mp4,/Users/rajeshpmu/Desktop/LegalMemoCMT/data/processed/phase2/clancy/turn_clips/audio/D5L_c9Mla1U/D5L_c9Mla1U_turn03227.wav,00:04:22.283,00:04:56.476,34.193,21,REVIEW_REQUIRED,"Turn exceeds MELD-style preferred maximum duration; inspect for over-consolidation, pauses, or non-testimony content."
D5L_c9Mla1U_turn03334,D5L_c9Mla1U,https://www.youtube.com/watch?v=D5L_c9Mla1U,LIVE: Lindsay Clancy trial Day 16,/Users/rajeshpmu/Desktop/LegalMemoCMT/data/phase2/clancy/corpus/raw/live-lindsay-clancy-trial-day-16/live-lindsay-clancy-trial-day-16_D5L_c9Mla1U.mp4,/Users/rajeshpmu/Desktop/LegalMemoCMT/data/phase2/clancy/corpus/raw/live-lindsay-clancy-trial-day-16/live-lindsay-clancy-trial-day-16_D5L_c9Mla1U.en.vtt,/Users/rajeshpmu/Desktop/LegalMemoCMT/data/processed/phase2/clancy/turn_clips/video/D5L_c9Mla1U/D5L_c9Mla1U_turn03334.mp4,/Users/rajeshpmu/Desktop/LegalMemoCMT/data/processed/phase2/clancy/turn_clips/audio/D5L_c9Mla1U/D5L_c9Mla1U_turn03334.wav,00:13:59.223,00:14:58.429,59.206,47,REVIEW_REQUIRED,"Turn exceeds MELD-style preferred maximum duration; inspect for over-consolidation, pauses, or non-testimony content."
D5L_c9Mla1U_turn03426,D5L_c9Mla1U,https://www.youtube.com/watch?v=D5L_c9Mla1U,LIVE: Lindsay Clancy trial Day 16,/Users/rajeshpmu/Desktop/LegalMemoCMT/data/phase2/clancy/corpus/raw/live-lindsay-clancy-trial-day-16/live-lindsay-clancy-trial-day-16_D5L_c9Mla1U.mp4,/Users/rajeshpmu/Desktop/LegalMemoCMT/data/phase2/clancy/corpus/raw/live-lindsay-clancy-trial-day-16/live-lindsay-clancy-trial-day-16_D5L_c9Mla1U.en.vtt,/Users/rajeshpmu/Desktop/LegalMemoCMT/data/processed/phase2/clancy/turn_clips/video/D5L_c9Mla1U/D5L_c9Mla1U_turn03426.mp4,/Users/rajeshpmu/Desktop/LegalMemoCMT/data/processed/phase2/clancy/turn_clips/audio/D5L_c9Mla1U/D5L_c9Mla1U_turn03426.wav,00:24:30.235,00:25:16.489,46.254,35,REVIEW_REQUIRED,"Turn exceeds MELD-style preferred maximum duration; inspect for over-consolidation, pauses, or non-testimony content."
D5L_c9Mla1U_turn03456,D5L_c9Mla1U,https://www.youtube.com/watch?v=D5L_c9Mla1U,LIVE: Lindsay Clancy trial Day 16,/Users/rajeshpmu/Desktop/LegalMemoCMT/data/phase2/clancy/corpus/raw/live-lindsay-clancy-trial-day-16/live-lindsay-clancy-trial-day-16_D5L_c9Mla1U.mp4,/Users/rajeshpmu/Desktop/LegalMemoCMT/data/phase2/clancy/corpus/raw/live-lindsay-clancy-trial-day-16/live-lindsay-clancy-trial-day-16_D5L_c9Mla1U.en.vtt,/Users/rajeshpmu/Desktop/LegalMemoCMT/data/processed/phase2/clancy/turn_clips/video/D5L_c9Mla1U/D5L_c9Mla1U_turn03456.mp4,/Users/rajeshpmu/Desktop/LegalMemoCMT/data/processed/phase2/clancy/turn_clips/audio/D5L_c9Mla1U/D5L_c9Mla1U_turn03456.wav,00:29:15.439,00:29:55.811,40.372,33,REVIEW_REQUIRED,"Turn exceeds MELD-style preferred maximum duration; inspect for over-consolidation, pauses, or non-testimony content."
D5L_c9Mla1U_turn03509,D5L_c9Mla1U,https://www.youtube.com/watch?v=D5L_c9Mla1U,LIVE: Lindsay Clancy trial Day 16,/Users/rajeshpmu/Desktop/LegalMemoCMT/data/phase2/clancy/corpus/raw/live-lindsay-clancy-trial-day-16/live-lindsay-clancy-trial-day-16_D5L_c9Mla1U.mp4,/Users/rajeshpmu/Desktop/LegalMemoCMT/data/phase2/clancy/corpus/raw/live-lindsay-clancy-trial-day-16/live-lindsay-clancy-trial-day-16_D5L_c9Mla1U.en.vtt,/Users/rajeshpmu/Desktop/LegalMemoCMT/data/processed/phase2/clancy/turn_clips/video/D5L_c9Mla1U/D5L_c9Mla1U_turn03509.mp4,/Users/rajeshpmu/Desktop/LegalMemoCMT/data/processed/phase2/clancy/turn_clips/audio/D5L_c9Mla1U/D5L_c9Mla1U_turn03509.wav,00:36:58.092,00:37:32.871,34.779,17,REVIEW_REQUIRED,"Turn exceeds MELD-style preferred maximum duration; inspect for over-consolidation, pauses, or non-testimony content."
D5L_c9Mla1U_turn03521,D5L_c9Mla1U,https://www.youtube.com/watch?v=D5L_c9Mla1U,LIVE: Lindsay Clancy trial Day 16,/Users/rajeshpmu/Desktop/LegalMemoCMT/data/phase2/clancy/corpus/raw/live-lindsay-clancy-trial-day-16/live-lindsay-clancy-trial-day-16_D5L_c9Mla1U.mp4,/Users/rajeshpmu/Desktop/LegalMemoCMT/data/phase2/clancy/corpus/raw/live-lindsay-clancy-trial-day-16/live-lindsay-clancy-trial-day-16_D5L_c9Mla1U.en.vtt,/Users/rajeshpmu/Desktop/LegalMemoCMT/data/processed/phase2/clancy/turn_clips/video/D5L_c9Mla1U/D5L_c9Mla1U_turn03521.mp4,/Users/rajeshpmu/Desktop/LegalMemoCMT/data/processed/phase2/clancy/turn_clips/audio/D5L_c9Mla1U/D5L_c9Mla1U_turn03521.wav,00:39:13.129,00:39:52.395,39.266,27,REVIEW_REQUIRED,"Turn exceeds MELD-style preferred maximum duration; inspect for over-consolidation, pauses, or non-testimony content."
D5L_c9Mla1U_turn03665,D5L_c9Mla1U,https://www.youtube.com/watch?v=D5L_c9Mla1U,LIVE: Lindsay Clancy trial Day 16,/Users/rajeshpmu/Desktop/LegalMemoCMT/data/phase2/clancy/corpus/raw/live-lindsay-clancy-trial-day-16/live-lindsay-clancy-trial-day-16_D5L_c9Mla1U.mp4,/Users/rajeshpmu/Desktop/LegalMemoCMT/data/phase2/clancy/corpus/raw/live-lindsay-clancy-trial-day-16/live-lindsay-clancy-trial-day-16_D5L_c9Mla1U.en.vtt,/Users/rajeshpmu/Desktop/LegalMemoCMT/data/processed/phase2/clancy/turn_clips/video/D5L_c9Mla1U/D5L_c9Mla1U_turn03665.mp4,/Users/rajeshpmu/Desktop/LegalMemoCMT/data/processed/phase2/clancy/turn_clips/audio/D5L_c9Mla1U/D5L_c9Mla1U_turn03665.wav,00:55:33.119,00:56:18.498,45.379,19,REVIEW_REQUIRED,"Turn exceeds MELD-style preferred maximum duration; inspect for over-consolidation, pauses, or non-testimony content."
D5L_c9Mla1U_turn03673,D5L_c9Mla1U,https://www.youtube.com/watch?v=D5L_c9Mla1U,LIVE: Lindsay Clancy trial Day 16,/Users/rajeshpmu/Desktop/LegalMemoCMT/data/phase2/clancy/corpus/raw/live-lindsay-clancy-trial-day-16/live-lindsay-clancy-trial-day-16_D5L_c9Mla1U.mp4,/Users/rajeshpmu/Desktop/LegalMemoCMT/data/phase2/clancy/corpus/raw/live-lindsay-clancy-trial-day-16/live-lindsay-clancy-trial-day-16_D5L_c9Mla1U.en.vtt,/Users/rajeshpmu/Desktop/LegalMemoCMT/data/processed/phase2/clancy/turn_clips/video/D5L_c9Mla1U/D5L_c9Mla1U_turn03673.mp4,/Users/rajeshpmu/Desktop/LegalMemoCMT/data/processed/phase2/clancy/turn_clips/audio/D5L_c9Mla1U/D5L_c9Mla1U_turn03673.wav,00:56:50.956,00:57:42.729,51.773,45,REVIEW_REQUIRED,"Turn exceeds MELD-style preferred maximum duration; inspect for over-consolidation, pauses, or non-testimony content."
D5L_c9Mla1U_turn03688,D5L_c9Mla1U,https://www.youtube.com/watch?v=D5L_c9Mla1U,LIVE: Lindsay Clancy trial Day 16,/Users/rajeshpmu/Desktop/LegalMemoCMT/data/phase2/clancy/corpus/raw/live-lindsay-clancy-trial-day-16/live-lindsay-clancy-trial-day-16_D5L_c9Mla1U.mp4,/Users/rajeshpmu/Desktop/LegalMemoCMT/data/phase2/clancy/corpus/raw/live-lindsay-clancy-trial-day-16/live-lindsay-clancy-trial-day-16_D5L_c9Mla1U.en.vtt,/Users/rajeshpmu/Desktop/LegalMemoCMT/data/processed/phase2/clancy/turn_clips/video/D5L_c9Mla1U/D5L_c9Mla1U_turn03688.mp4,/Users/rajeshpmu/Desktop/LegalMemoCMT/data/processed/phase2/clancy/turn_clips/audio/D5L_c9Mla1U/D5L_c9Mla1U_turn03688.wav,01:00:03.797,01:01:08.493,64.696,45,REVIEW_REQUIRED,"Turn exceeds MELD-style preferred maximum duration; inspect for over-consolidation, pauses, or non-testimony content."
D5L_c9Mla1U_turn03698,D5L_c9Mla1U,https://www.youtube.com/watch?v=D5L_c9Mla1U,LIVE: Lindsay Clancy trial Day 16,/Users/rajeshpmu/Desktop/LegalMemoCMT/data/phase2/clancy/corpus/raw/live-lindsay-clancy-trial-day-16/live-lindsay-clancy-trial-day-16_D5L_c9Mla1U.mp4,/Users/rajeshpmu/Desktop/LegalMemoCMT/data/phase2/clancy/corpus/raw/live-lindsay-clancy-trial-day-16/live-lindsay-clancy-trial-day-16_D5L_c9Mla1U.en.vtt,/Users/rajeshpmu/Desktop/LegalMemoCMT/data/processed/phase2/clancy/turn_clips/video/D5L_c9Mla1U/D5L_c9Mla1U_turn03698.mp4,/Users/rajeshpmu/Desktop/LegalMemoCMT/data/processed/phase2/clancy/turn_clips/audio/D5L_c9Mla1U/D5L_c9Mla1U_turn03698.wav,01:02:04.109,01:02:44.957,40.848,31,REVIEW_REQUIRED,"Turn exceeds MELD-style preferred maximum duration; inspect for over-consolidation, pauses, or non-testimony content."
D5L_c9Mla1U_turn03718,D5L_c9Mla1U,https://www.youtube.com/watch?v=D5L_c9Mla1U,LIVE: Lindsay Clancy trial Day 16,/Users/rajeshpmu/Desktop/LegalMemoCMT/data/phase2/clancy/corpus/raw/live-lindsay-clancy-trial-day-16/live-lindsay-clancy-trial-day-16_D5L_c9Mla1U.mp4,/Users/rajeshpmu/Desktop/LegalMemoCMT/data/phase2/clancy/corpus/raw/live-lindsay-clancy-trial-day-16/live-lindsay-clancy-trial-day-16_D5L_c9Mla1U.en.vtt,/Users/rajeshpmu/Desktop/LegalMemoCMT/data/processed/phase2/clancy/turn_clips/video/D5L_c9Mla1U/D5L_c9Mla1U_turn03718.mp4,/Users/rajeshpmu/Desktop/LegalMemoCMT/data/processed/phase2/clancy/turn_clips/audio/D5L_c9Mla1U/D5L_c9Mla1U_turn03718.wav,01:05:36.105,01:06:13.997,37.892,27,REVIEW_REQUIRED,"Turn exceeds MELD-style preferred maximum duration; inspect for over-consolidation, pauses, or non-testimony content."
D5L_c9Mla1U_turn03719,D5L_c9Mla1U,https://www.youtube.com/watch?v=D5L_c9Mla1U,LIVE: Lindsay Clancy trial Day 16,/Users/rajeshpmu/Desktop/LegalMemoCMT/data/phase2/clancy/corpus/raw/live-lindsay-clancy-trial-day-16/live-lindsay-clancy-trial-day-16_D5L_c9Mla1U.mp4,/Users/rajeshpmu/Desktop/LegalMemoCMT/data/phase2/clancy/corpus/raw/live-lindsay-clancy-trial-day-16/live-lindsay-clancy-trial-day-16_D5L_c9Mla1U.en.vtt,/Users/rajeshpmu/Desktop/LegalMemoCMT/data/processed/phase2/clancy/turn_clips/video/D5L_c9Mla1U/D5L_c9Mla1U_turn03719.mp4,/Users/rajeshpmu/Desktop/LegalMemoCMT/data/processed/phase2/clancy/turn_clips/audio/D5L_c9Mla1U/D5L_c9Mla1U_turn03719.wav,01:06:13.997,01:06:44.322,30.325,21,REVIEW_REQUIRED,"Turn exceeds MELD-style preferred maximum duration; inspect for over-consolidation, pauses, or non-testimony content."
D5L_c9Mla1U_turn03741,D5L_c9Mla1U,https://www.youtube.com/watch?v=D5L_c9Mla1U,LIVE: Lindsay Clancy trial Day 16,/Users/rajeshpmu/Desktop/LegalMemoCMT/data/phase2/clancy/corpus/raw/live-lindsay-clancy-trial-day-16/live-lindsay-clancy-trial-day-16_D5L_c9Mla1U.mp4,/Users/rajeshpmu/Desktop/LegalMemoCMT/data/phase2/clancy/corpus/raw/live-lindsay-clancy-trial-day-16/live-lindsay-clancy-trial-day-16_D5L_c9Mla1U.en.vtt,/Users/rajeshpmu/Desktop/LegalMemoCMT/data/processed/phase2/clancy/turn_clips/video/D5L_c9Mla1U/D5L_c9Mla1U_turn03741.mp4,/Users/rajeshpmu/Desktop/LegalMemoCMT/data/processed/phase2/clancy/turn_clips/audio/D5L_c9Mla1U/D5L_c9Mla1U_turn03741.wav,01:09:35.574,01:10:14.553,38.979,11,REVIEW_REQUIRED,"Turn exceeds MELD-style preferred maximum duration; inspect for over-consolidation, pauses, or non-testimony content."
D5L_c9Mla1U_turn03759,D5L_c9Mla1U,https://www.youtube.com/watch?v=D5L_c9Mla1U,LIVE: Lindsay Clancy trial Day 16,/Users/rajeshpmu/Desktop/LegalMemoCMT/data/phase2/clancy/corpus/raw/live-lindsay-clancy-trial-day-16/live-lindsay-clancy-trial-day-16_D5L_c9Mla1U.mp4,/Users/rajeshpmu/Desktop/LegalMemoCMT/data/phase2/clancy/corpus/raw/live-lindsay-clancy-trial-day-16/live-lindsay-clancy-trial-day-16_D5L_c9Mla1U.en.vtt,/Users/rajeshpmu/Desktop/LegalMemoCMT/data/processed/phase2/clancy/turn_clips/video/D5L_c9Mla1U/D5L_c9Mla1U_turn03759.mp4,/Users/rajeshpmu/Desktop/LegalMemoCMT/data/processed/phase2/clancy/turn_clips/audio/D5L_c9Mla1U/D5L_c9Mla1U_turn03759.wav,01:12:29.117,01:13:02.997,33.880,7,REVIEW_REQUIRED,"Turn exceeds MELD-style preferred maximum duration; inspect for over-consolidation, pauses, or non-testimony content."
D5L_c9Mla1U_turn03761,D5L_c9Mla1U,https://www.youtube.com/watch?v=D5L_c9Mla1U,LIVE: Lindsay Clancy trial Day 16,/Users/rajeshpmu/Desktop/LegalMemoCMT/data/phase2/clancy/corpus/raw/live-lindsay-clancy-trial-day-16/live-lindsay-clancy-trial-day-16_D5L_c9Mla1U.mp4,/Users/rajeshpmu/Desktop/LegalMemoCMT/data/phase2/clancy/corpus/raw/live-lindsay-clancy-trial-day-16/live-lindsay-clancy-trial-day-16_D5L_c9Mla1U.en.vtt,/Users/rajeshpmu/Desktop/LegalMemoCMT/data/processed/phase2/clancy/turn_clips/video/D5L_c9Mla1U/D5L_c9Mla1U_turn03761.mp4,/Users/rajeshpmu/Desktop/LegalMemoCMT/data/processed/phase2/clancy/turn_clips/audio/D5L_c9Mla1U/D5L_c9Mla1U_turn03761.wav,01:13:17.246,01:14:48.434,91.188,5,REVIEW_REQUIRED,"Turn exceeds MELD-style preferred maximum duration; inspect for over-consolidation, pauses, or non-testimony content."
D5L_c9Mla1U_turn03767,D5L_c9Mla1U,https://www.youtube.com/watch?v=D5L_c9Mla1U,LIVE: Lindsay Clancy trial Day 16,/Users/rajeshpmu/Desktop/LegalMemoCMT/data/phase2/clancy/corpus/raw/live-lindsay-clancy-trial-day-16/live-lindsay-clancy-trial-day-16_D5L_c9Mla1U.mp4,/Users/rajeshpmu/Desktop/LegalMemoCMT/data/phase2/clancy/corpus/raw/live-lindsay-clancy-trial-day-16/live-lindsay-clancy-trial-day-16_D5L_c9Mla1U.en.vtt,/Users/rajeshpmu/Desktop/LegalMemoCMT/data/processed/phase2/clancy/turn_clips/video/D5L_c9Mla1U/D5L_c9Mla1U_turn03767.mp4,/Users/rajeshpmu/Desktop/LegalMemoCMT/data/processed/phase2/clancy/turn_clips/audio/D5L_c9Mla1U/D5L_c9Mla1U_turn03767.wav,01:15:12.358,01:15:53.176,40.818,3,REVIEW_REQUIRED,"Turn exceeds MELD-style preferred maximum duration; inspect for over-consolidation, pauses, or non-testimony content."
D5L_c9Mla1U_turn03768,D5L_c9Mla1U,https://www.youtube.com/watch?v=D5L_c9Mla1U,LIVE: Lindsay Clancy trial Day 16,/Users/rajeshpmu/Desktop/LegalMemoCMT/data/phase2/clancy/corpus/raw/live-lindsay-clancy-trial-day-16/live-lindsay-clancy-trial-day-16_D5L_c9Mla1U.mp4,/Users/rajeshpmu/Desktop/LegalMemoCMT/data/phase2/clancy/corpus/raw/live-lindsay-clancy-trial-day-16/live-lindsay-clancy-trial-day-16_D5L_c9Mla1U.en.vtt,/Users/rajeshpmu/Desktop/LegalMemoCMT/data/processed/phase2/clancy/turn_clips/video/D5L_c9Mla1U/D5L_c9Mla1U_turn03768.mp4,/Users/rajeshpmu/Desktop/LegalMemoCMT/data/processed/phase2/clancy/turn_clips/audio/D5L_c9Mla1U/D5L_c9Mla1U_turn03768.wav,01:15:53.176,01:16:48.790,55.614,19,REVIEW_REQUIRED,"Turn exceeds MELD-style preferred maximum duration; inspect for over-consolidation, pauses, or non-testimony content."
D5L_c9Mla1U_turn03786,D5L_c9Mla1U,https://www.youtube.com/watch?v=D5L_c9Mla1U,LIVE: Lindsay Clancy trial Day 16,/Users/rajeshpmu/Desktop/LegalMemoCMT/data/phase2/clancy/corpus/raw/live-lindsay-clancy-trial-day-16/live-lindsay-clancy-trial-day-16_D5L_c9Mla1U.mp4,/Users/rajeshpmu/Desktop/LegalMemoCMT/data/phase2/clancy/corpus/raw/live-lindsay-clancy-trial-day-16/live-lindsay-clancy-trial-day-16_D5L_c9Mla1U.en.vtt,/Users/rajeshpmu/Desktop/LegalMemoCMT/data/processed/phase2/clancy/turn_clips/video/D5L_c9Mla1U/D5L_c9Mla1U_turn03786.mp4,/Users/rajeshpmu/Desktop/LegalMemoCMT/data/processed/phase2/clancy/turn_clips/audio/D5L_c9Mla1U/D5L_c9Mla1U_turn03786.wav,01:19:18.777,01:19:54.543,35.766,29,REVIEW_REQUIRED,"Turn exceeds MELD-style preferred maximum duration; inspect for over-consolidation, pauses, or non-testimony content."
D5L_c9Mla1U_turn03791,D5L_c9Mla1U,https://www.youtube.com/watch?v=D5L_c9Mla1U,LIVE: Lindsay Clancy trial Day 16,/Users/rajeshpmu/Desktop/LegalMemoCMT/data/phase2/clancy/corpus/raw/live-lindsay-clancy-trial-day-16/live-lindsay-clancy-trial-day-16_D5L_c9Mla1U.mp4,/Users/rajeshpmu/Desktop/LegalMemoCMT/data/phase2/clancy/corpus/raw/live-lindsay-clancy-trial-day-16/live-lindsay-clancy-trial-day-16_D5L_c9Mla1U.en.vtt,/Users/rajeshpmu/Desktop/LegalMemoCMT/data/processed/phase2/clancy/turn_clips/video/D5L_c9Mla1U/D5L_c9Mla1U_turn03791.mp4,/Users/rajeshpmu/Desktop/LegalMemoCMT/data/processed/phase2/clancy/turn_clips/audio/D5L_c9Mla1U/D5L_c9Mla1U_turn03791.wav,01:20:07.918,01:20:42.429,34.511,25,REVIEW_REQUIRED,"Turn exceeds MELD-style preferred maximum duration; inspect for over-consolidation, pauses, or non-testimony content."
D5L_c9Mla1U_turn03794,D5L_c9Mla1U,https://www.youtube.com/watch?v=D5L_c9Mla1U,LIVE: Lindsay Clancy trial Day 16,/Users/rajeshpmu/Desktop/LegalMemoCMT/data/phase2/clancy/corpus/raw/live-lindsay-clancy-trial-day-16/live-lindsay-clancy-trial-day-16_D5L_c9Mla1U.mp4,/Users/rajeshpmu/Desktop/LegalMemoCMT/data/phase2/clancy/corpus/raw/live-lindsay-clancy-trial-day-16/live-lindsay-clancy-trial-day-16_D5L_c9Mla1U.en.vtt,/Users/rajeshpmu/Desktop/LegalMemoCMT/data/processed/phase2/clancy/turn_clips/video/D5L_c9Mla1U/D5L_c9Mla1U_turn03794.mp4,/Users/rajeshpmu/Desktop/LegalMemoCMT/data/processed/phase2/clancy/turn_clips/audio/D5L_c9Mla1U/D5L_c9Mla1U_turn03794.wav,01:21:07.785,01:21:55.912,48.127,41,REVIEW_REQUIRED,"Turn exceeds MELD-style preferred maximum duration; inspect for over-consolidation, pauses, or non-testimony content."
D5L_c9Mla1U_turn03795,D5L_c9Mla1U,https://www.youtube.com/watch?v=D5L_c9Mla1U,LIVE: Lindsay Clancy trial Day 16,/Users/rajeshpmu/Desktop/LegalMemoCMT/data/phase2/clancy/corpus/raw/live-lindsay-clancy-trial-day-16/live-lindsay-clancy-trial-day-16_D5L_c9Mla1U.mp4,/Users/rajeshpmu/Desktop/LegalMemoCMT/data/phase2/clancy/corpus/raw/live-lindsay-clancy-trial-day-16/live-lindsay-clancy-trial-day-16_D5L_c9Mla1U.en.vtt,/Users/rajeshpmu/Desktop/LegalMemoCMT/data/processed/phase2/clancy/turn_clips/video/D5L_c9Mla1U/D5L_c9Mla1U_turn03795.mp4,/Users/rajeshpmu/Desktop/LegalMemoCMT/data/processed/phase2/clancy/turn_clips/audio/D5L_c9Mla1U/D5L_c9Mla1U_turn03795.wav,01:21:55.912,01:22:37.235,41.323,31,REVIEW_REQUIRED,"Turn exceeds MELD-style preferred maximum duration; inspect for over-consolidation, pauses, or non-testimony content."
D5L_c9Mla1U_turn03798,D5L_c9Mla1U,https://www.youtube.com/watch?v=D5L_c9Mla1U,LIVE: Lindsay Clancy trial Day 16,/Users/rajeshpmu/Desktop/LegalMemoCMT/data/phase2/clancy/corpus/raw/live-lindsay-clancy-trial-day-16/live-lindsay-clancy-trial-day-16_D5L_c9Mla1U.mp4,/Users/rajeshpmu/Desktop/LegalMemoCMT/data/phase2/clancy/corpus/raw/live-lindsay-clancy-trial-day-16/live-lindsay-clancy-trial-day-16_D5L_c9Mla1U.en.vtt,/Users/rajeshpmu/Desktop/LegalMemoCMT/data/processed/phase2/clancy/turn_clips/video/D5L_c9Mla1U/D5L_c9Mla1U_turn03798.mp4,/Users/rajeshpmu/Desktop/LegalMemoCMT/data/processed/phase2/clancy/turn_clips/audio/D5L_c9Mla1U/D5L_c9Mla1U_turn03798.wav,01:22:53.435,01:23:28.368,34.933,23,REVIEW_REQUIRED,"Turn exceeds MELD-style preferred maximum duration; inspect for over-consolidation, pauses, or non-testimony content."
D5L_c9Mla1U_turn03803,D5L_c9Mla1U,https://www.youtube.com/watch?v=D5L_c9Mla1U,LIVE: Lindsay Clancy trial Day 16,/Users/rajeshpmu/Desktop/LegalMemoCMT/data/phase2/clancy/corpus/raw/live-lindsay-clancy-trial-day-16/live-lindsay-clancy-trial-day-16_D5L_c9Mla1U.mp4,/Users/rajeshpmu/Desktop/LegalMemoCMT/data/phase2/clancy/corpus/raw/live-lindsay-clancy-trial-day-16/live-lindsay-clancy-trial-day-16_D5L_c9Mla1U.en.vtt,/Users/rajeshpmu/Desktop/LegalMemoCMT/data/processed/phase2/clancy/turn_clips/video/D5L_c9Mla1U/D5L_c9Mla1U_turn03803.mp4,/Users/rajeshpmu/Desktop/LegalMemoCMT/data/processed/phase2/clancy/turn_clips/audio/D5L_c9Mla1U/D5L_c9Mla1U_turn03803.wav,01:24:23.722,01:24:56.096,32.374,23,REVIEW_REQUIRED,"Turn exceeds MELD-style preferred maximum duration; inspect for over-consolidation, pauses, or non-testimony content."
D5L_c9Mla1U_turn03805,D5L_c9Mla1U,https://www.youtube.com/watch?v=D5L_c9Mla1U,LIVE: Lindsay Clancy trial Day 16,/Users/rajeshpmu/Desktop/LegalMemoCMT/data/phase2/clancy/corpus/raw/live-lindsay-clancy-trial-day-16/live-lindsay-clancy-trial-day-16_D5L_c9Mla1U.mp4,/Users/rajeshpmu/Desktop/LegalMemoCMT/data/phase2/clancy/corpus/raw/live-lindsay-clancy-trial-day-16/live-lindsay-clancy-trial-day-16_D5L_c9Mla1U.en.vtt,/Users/rajeshpmu/Desktop/LegalMemoCMT/data/processed/phase2/clancy/turn_clips/video/D5L_c9Mla1U/D5L_c9Mla1U_turn03805.mp4,/Users/rajeshpmu/Desktop/LegalMemoCMT/data/processed/phase2/clancy/turn_clips/audio/D5L_c9Mla1U/D5L_c9Mla1U_turn03805.wav,01:25:05.352,01:25:36.760,31.408,25,REVIEW_REQUIRED,"Turn exceeds MELD-style preferred maximum duration; inspect for over-consolidation, pauses, or non-testimony content."
D5L_c9Mla1U_turn03809,D5L_c9Mla1U,https://www.youtube.com/watch?v=D5L_c9Mla1U,LIVE: Lindsay Clancy trial Day 16,/Users/rajeshpmu/Desktop/LegalMemoCMT/data/phase2/clancy/corpus/raw/live-lindsay-clancy-trial-day-16/live-lindsay-clancy-trial-day-16_D5L_c9Mla1U.mp4,/Users/rajeshpmu/Desktop/LegalMemoCMT/data/phase2/clancy/corpus/raw/live-lindsay-clancy-trial-day-16/live-lindsay-clancy-trial-day-16_D5L_c9Mla1U.en.vtt,/Users/rajeshpmu/Desktop/LegalMemoCMT/data/processed/phase2/clancy/turn_clips/video/D5L_c9Mla1U/D5L_c9Mla1U_turn03809.mp4,/Users/rajeshpmu/Desktop/LegalMemoCMT/data/processed/phase2/clancy/turn_clips/audio/D5L_c9Mla1U/D5L_c9Mla1U_turn03809.wav,01:25:46.488,01:26:38.248,51.760,33,REVIEW_REQUIRED,"Turn exceeds MELD-style preferred maximum duration; inspect for over-consolidation, pauses, or non-testimony content."
D5L_c9Mla1U_turn03837,D5L_c9Mla1U,https://www.youtube.com/watch?v=D5L_c9Mla1U,LIVE: Lindsay Clancy trial Day 16,/Users/rajeshpmu/Desktop/LegalMemoCMT/data/phase2/clancy/corpus/raw/live-lindsay-clancy-trial-day-16/live-lindsay-clancy-trial-day-16_D5L_c9Mla1U.mp4,/Users/rajeshpmu/Desktop/LegalMemoCMT/data/phase2/clancy/corpus/raw/live-lindsay-clancy-trial-day-16/live-lindsay-clancy-trial-day-16_D5L_c9Mla1U.en.vtt,/Users/rajeshpmu/Desktop/LegalMemoCMT/data/processed/phase2/clancy/turn_clips/video/D5L_c9Mla1U/D5L_c9Mla1U_turn03837.mp4,/Users/rajeshpmu/Desktop/LegalMemoCMT/data/processed/phase2/clancy/turn_clips/audio/D5L_c9Mla1U/D5L_c9Mla1U_turn03837.wav,01:30:27.129,01:30:58.314,31.185,23,REVIEW_REQUIRED,"Turn exceeds MELD-style preferred maximum duration; inspect for over-consolidation, pauses, or non-testimony content."
D5L_c9Mla1U_turn03869,D5L_c9Mla1U,https://www.youtube.com/watch?v=D5L_c9Mla1U,LIVE: Lindsay Clancy trial Day 16,/Users/rajeshpmu/Desktop/LegalMemoCMT/data/phase2/clancy/corpus/raw/live-lindsay-clancy-trial-day-16/live-lindsay-clancy-trial-day-16_D5L_c9Mla1U.mp4,/Users/rajeshpmu/Desktop/LegalMemoCMT/data/phase2/clancy/corpus/raw/live-lindsay-clancy-trial-day-16/live-lindsay-clancy-trial-day-16_D5L_c9Mla1U.en.vtt,/Users/rajeshpmu/Desktop/LegalMemoCMT/data/processed/phase2/clancy/turn_clips/video/D5L_c9Mla1U/D5L_c9Mla1U_turn03869.mp4,/Users/rajeshpmu/Desktop/LegalMemoCMT/data/processed/phase2/clancy/turn_clips/audio/D5L_c9Mla1U/D5L_c9Mla1U_turn03869.wav,01:34:55.692,01:37:29.910,154.218,73,REVIEW_REQUIRED,"Turn exceeds MELD-style preferred maximum duration; inspect for over-consolidation, pauses, or non-testimony content."
D5L_c9Mla1U_turn03876,D5L_c9Mla1U,https://www.youtube.com/watch?v=D5L_c9Mla1U,LIVE: Lindsay Clancy trial Day 16,/Users/rajeshpmu/Desktop/LegalMemoCMT/data/phase2/clancy/corpus/raw/live-lindsay-clancy-trial-day-16/live-lindsay-clancy-trial-day-16_D5L_c9Mla1U.mp4,/Users/rajeshpmu/Desktop/LegalMemoCMT/data/phase2/clancy/corpus/raw/live-lindsay-clancy-trial-day-16/live-lindsay-clancy-trial-day-16_D5L_c9Mla1U.en.vtt,/Users/rajeshpmu/Desktop/LegalMemoCMT/data/processed/phase2/clancy/turn_clips/video/D5L_c9Mla1U/D5L_c9Mla1U_turn03876.mp4,/Users/rajeshpmu/Desktop/LegalMemoCMT/data/processed/phase2/clancy/turn_clips/audio/D5L_c9Mla1U/D5L_c9Mla1U_turn03876.wav,01:38:07.704,01:39:01.516,53.812,37,REVIEW_REQUIRED,"Turn exceeds MELD-style preferred maximum duration; inspect for over-consolidation, pauses, or non-testimony content."
D5L_c9Mla1U_turn03893,D5L_c9Mla1U,https://www.youtube.com/watch?v=D5L_c9Mla1U,LIVE: Lindsay Clancy trial Day 16,/Users/rajeshpmu/Desktop/LegalMemoCMT/data/phase2/clancy/corpus/raw/live-lindsay-clancy-trial-day-16/live-lindsay-clancy-trial-day-16_D5L_c9Mla1U.mp4,/Users/rajeshpmu/Desktop/LegalMemoCMT/data/phase2/clancy/corpus/raw/live-lindsay-clancy-trial-day-16/live-lindsay-clancy-trial-day-16_D5L_c9Mla1U.en.vtt,/Users/rajeshpmu/Desktop/LegalMemoCMT/data/processed/phase2/clancy/turn_clips/video/D5L_c9Mla1U/D5L_c9Mla1U_turn03893.mp4,/Users/rajeshpmu/Desktop/LegalMemoCMT/data/processed/phase2/clancy/turn_clips/audio/D5L_c9Mla1U/D5L_c9Mla1U_turn03893.wav,01:41:44.727,01:42:31.230,46.503,17,REVIEW_REQUIRED,"Turn exceeds MELD-style preferred maximum duration; inspect for over-consolidation, pauses, or non-testimony content."
D5L_c9Mla1U_turn03913,D5L_c9Mla1U,https://www.youtube.com/watch?v=D5L_c9Mla1U,LIVE: Lindsay Clancy trial Day 16,/Users/rajeshpmu/Desktop/LegalMemoCMT/data/phase2/clancy/corpus/raw/live-lindsay-clancy-trial-day-16/live-lindsay-clancy-trial-day-16_D5L_c9Mla1U.mp4,/Users/rajeshpmu/Desktop/LegalMemoCMT/data/phase2/clancy/corpus/raw/live-lindsay-clancy-trial-day-16/live-lindsay-clancy-trial-day-16_D5L_c9Mla1U.en.vtt,/Users/rajeshpmu/Desktop/LegalMemoCMT/data/processed/phase2/clancy/turn_clips/video/D5L_c9Mla1U/D5L_c9Mla1U_turn03913.mp4,/Users/rajeshpmu/Desktop/LegalMemoCMT/data/processed/phase2/clancy/turn_clips/audio/D5L_c9Mla1U/D5L_c9Mla1U_turn03913.wav,01:44:45.945,01:45:38.576,52.631,37,REVIEW_REQUIRED,"Turn exceeds MELD-style preferred maximum duration; inspect for over-consolidation, pauses, or non-testimony content."
D5L_c9Mla1U_turn03939,D5L_c9Mla1U,https://www.youtube.com/watch?v=D5L_c9Mla1U,LIVE: Lindsay Clancy trial Day 16,/Users/rajeshpmu/Desktop/LegalMemoCMT/data/phase2/clancy/corpus/raw/live-lindsay-clancy-trial-day-16/live-lindsay-clancy-trial-day-16_D5L_c9Mla1U.mp4,/Users/rajeshpmu/Desktop/LegalMemoCMT/data/phase2/clancy/corpus/raw/live-lindsay-clancy-trial-day-16/live-lindsay-clancy-trial-day-16_D5L_c9Mla1U.en.vtt,/Users/rajeshpmu/Desktop/LegalMemoCMT/data/processed/phase2/clancy/turn_clips/video/D5L_c9Mla1U/D5L_c9Mla1U_turn03939.mp4,/Users/rajeshpmu/Desktop/LegalMemoCMT/data/processed/phase2/clancy/turn_clips/audio/D5L_c9Mla1U/D5L_c9Mla1U_turn03939.wav,01:48:35.677,01:50:21.885,106.208,47,REVIEW_REQUIRED,"Turn exceeds MELD-style preferred maximum duration; inspect for over-consolidation, pauses, or non-testimony content."
D5L_c9Mla1U_turn03941,D5L_c9Mla1U,https://www.youtube.com/watch?v=D5L_c9Mla1U,LIVE: Lindsay Clancy trial Day 16,/Users/rajeshpmu/Desktop/LegalMemoCMT/data/phase2/clancy/corpus/raw/live-lindsay-clancy-trial-day-16/live-lindsay-clancy-trial-day-16_D5L_c9Mla1U.mp4,/Users/rajeshpmu/Desktop/LegalMemoCMT/data/phase2/clancy/corpus/raw/live-lindsay-clancy-trial-day-16/live-lindsay-clancy-trial-day-16_D5L_c9Mla1U.en.vtt,/Users/rajeshpmu/Desktop/LegalMemoCMT/data/processed/phase2/clancy/turn_clips/video/D5L_c9Mla1U/D5L_c9Mla1U_turn03941.mp4,/Users/rajeshpmu/Desktop/LegalMemoCMT/data/processed/phase2/clancy/turn_clips/audio/D5L_c9Mla1U/D5L_c9Mla1U_turn03941.wav,01:50:40.809,01:53:03.964,143.155,5,REVIEW_REQUIRED,"Turn exceeds MELD-style preferred maximum duration; inspect for over-consolidation, pauses, or non-testimony content."
D5L_c9Mla1U_turn03944,D5L_c9Mla1U,https://www.youtube.com/watch?v=D5L_c9Mla1U,LIVE: Lindsay Clancy trial Day 16,/Users/rajeshpmu/Desktop/LegalMemoCMT/data/phase2/clancy/corpus/raw/live-lindsay-clancy-trial-day-16/live-lindsay-clancy-trial-day-16_D5L_c9Mla1U.mp4,/Users/rajeshpmu/Desktop/LegalMemoCMT/data/phase2/clancy/corpus/raw/live-lindsay-clancy-trial-day-16/live-lindsay-clancy-trial-day-16_D5L_c9Mla1U.en.vtt,/Users/rajeshpmu/Desktop/LegalMemoCMT/data/processed/phase2/clancy/turn_clips/video/D5L_c9Mla1U/D5L_c9Mla1U_turn03944.mp4,/Users/rajeshpmu/Desktop/LegalMemoCMT/data/processed/phase2/clancy/turn_clips/audio/D5L_c9Mla1U/D5L_c9Mla1U_turn03944.wav,01:53:10.076,01:53:44.393,34.317,23,REVIEW_REQUIRED,"Turn exceeds MELD-style preferred maximum duration; inspect for over-consolidation, pauses, or non-testimony content."
D5L_c9Mla1U_turn03985,D5L_c9Mla1U,https://www.youtube.com/watch?v=D5L_c9Mla1U,LIVE: Lindsay Clancy trial Day 16,/Users/rajeshpmu/Desktop/LegalMemoCMT/data/phase2/clancy/corpus/raw/live-lindsay-clancy-trial-day-16/live-lindsay-clancy-trial-day-16_D5L_c9Mla1U.mp4,/Users/rajeshpmu/Desktop/LegalMemoCMT/data/phase2/clancy/corpus/raw/live-lindsay-clancy-trial-day-16/live-lindsay-clancy-trial-day-16_D5L_c9Mla1U.en.vtt,/Users/rajeshpmu/Desktop/LegalMemoCMT/data/processed/phase2/clancy/turn_clips/video/D5L_c9Mla1U/D5L_c9Mla1U_turn03985.mp4,/Users/rajeshpmu/Desktop/LegalMemoCMT/data/processed/phase2/clancy/turn_clips/audio/D5L_c9Mla1U/D5L_c9Mla1U_turn03985.wav,01:58:48.799,01:59:25.633,36.834,11,REVIEW_REQUIRED,"Turn exceeds MELD-style preferred maximum duration; inspect for over-consolidation, pauses, or non-testimony content."
D5L_c9Mla1U_turn04013,D5L_c9Mla1U,https://www.youtube.com/watch?v=D5L_c9Mla1U,LIVE: Lindsay Clancy trial Day 16,/Users/rajeshpmu/Desktop/LegalMemoCMT/data/phase2/clancy/corpus/raw/live-lindsay-clancy-trial-day-16/live-lindsay-clancy-trial-day-16_D5L_c9Mla1U.mp4,/Users/rajeshpmu/Desktop/LegalMemoCMT/data/phase2/clancy/corpus/raw/live-lindsay-clancy-trial-day-16/live-lindsay-clancy-trial-day-16_D5L_c9Mla1U.en.vtt,/Users/rajeshpmu/Desktop/LegalMemoCMT/data/processed/phase2/clancy/turn_clips/video/D5L_c9Mla1U/D5L_c9Mla1U_turn04013.mp4,/Users/rajeshpmu/Desktop/LegalMemoCMT/data/processed/phase2/clancy/turn_clips/audio/D5L_c9Mla1U/D5L_c9Mla1U_turn04013.wav,02:02:46.293,02:03:24.495,38.202,11,REVIEW_REQUIRED,"Turn exceeds MELD-style preferred maximum duration; inspect for over-consolidation, pauses, or non-testimony content."
D5L_c9Mla1U_turn04023,D5L_c9Mla1U,https://www.youtube.com/watch?v=D5L_c9Mla1U,LIVE: Lindsay Clancy trial Day 16,/Users/rajeshpmu/Desktop/LegalMemoCMT/data/phase2/clancy/corpus/raw/live-lindsay-clancy-trial-day-16/live-lindsay-clancy-trial-day-16_D5L_c9Mla1U.mp4,/Users/rajeshpmu/Desktop/LegalMemoCMT/data/phase2/clancy/corpus/raw/live-lindsay-clancy-trial-day-16/live-lindsay-clancy-trial-day-16_D5L_c9Mla1U.en.vtt,/Users/rajeshpmu/Desktop/LegalMemoCMT/data/processed/phase2/clancy/turn_clips/video/D5L_c9Mla1U/D5L_c9Mla1U_turn04023.mp4,/Users/rajeshpmu/Desktop/LegalMemoCMT/data/processed/phase2/clancy/turn_clips/audio/D5L_c9Mla1U/D5L_c9Mla1U_turn04023.wav,02:04:09.209,02:06:19.523,130.314,41,REVIEW_REQUIRED,"Turn exceeds MELD-style preferred maximum duration; inspect for over-consolidation, pauses, or non-testimony content."
D5L_c9Mla1U_turn04024,D5L_c9Mla1U,https://www.youtube.com/watch?v=D5L_c9Mla1U,LIVE: Lindsay Clancy trial Day 16,/Users/rajeshpmu/Desktop/LegalMemoCMT/data/phase2/clancy/corpus/raw/live-lindsay-clancy-trial-day-16/live-lindsay-clancy-trial-day-16_D5L_c9Mla1U.mp4,/Users/rajeshpmu/Desktop/LegalMemoCMT/data/phase2/clancy/corpus/raw/live-lindsay-clancy-trial-day-16/live-lindsay-clancy-trial-day-16_D5L_c9Mla1U.en.vtt,/Users/rajeshpmu/Desktop/LegalMemoCMT/data/processed/phase2/clancy/turn_clips/video/D5L_c9Mla1U/D5L_c9Mla1U_turn04024.mp4,/Users/rajeshpmu/Desktop/LegalMemoCMT/data/processed/phase2/clancy/turn_clips/audio/D5L_c9Mla1U/D5L_c9Mla1U_turn04024.wav,02:06:19.523,02:06:57.993,38.470,7,REVIEW_REQUIRED,"Turn exceeds MELD-style preferred maximum duration; inspect for over-consolidation, pauses, or non-testimony content."
D5L_c9Mla1U_turn04026,D5L_c9Mla1U,https://www.youtube.com/watch?v=D5L_c9Mla1U,LIVE: Lindsay Clancy trial Day 16,/Users/rajeshpmu/Desktop/LegalMemoCMT/data/phase2/clancy/corpus/raw/live-lindsay-clancy-trial-day-16/live-lindsay-clancy-trial-day-16_D5L_c9Mla1U.mp4,/Users/rajeshpmu/Desktop/LegalMemoCMT/data/phase2/clancy/corpus/raw/live-lindsay-clancy-trial-day-16/live-lindsay-clancy-trial-day-16_D5L_c9Mla1U.en.vtt,/Users/rajeshpmu/Desktop/LegalMemoCMT/data/processed/phase2/clancy/turn_clips/video/D5L_c9Mla1U/D5L_c9Mla1U_turn04026.mp4,/Users/rajeshpmu/Desktop/LegalMemoCMT/data/processed/phase2/clancy/turn_clips/audio/D5L_c9Mla1U/D5L_c9Mla1U_turn04026.wav,02:07:11.563,02:07:53.750,42.187,3,REVIEW_REQUIRED,"Turn exceeds MELD-style preferred maximum duration; inspect for over-consolidation, pauses, or non-testimony content."
D5L_c9Mla1U_turn04055,D5L_c9Mla1U,https://www.youtube.com/watch?v=D5L_c9Mla1U,LIVE: Lindsay Clancy trial Day 16,/Users/rajeshpmu/Desktop/LegalMemoCMT/data/phase2/clancy/corpus/raw/live-lindsay-clancy-trial-day-16/live-lindsay-clancy-trial-day-16_D5L_c9Mla1U.mp4,/Users/rajeshpmu/Desktop/LegalMemoCMT/data/phase2/clancy/corpus/raw/live-lindsay-clancy-trial-day-16/live-lindsay-clancy-trial-day-16_D5L_c9Mla1U.en.vtt,/Users/rajeshpmu/Desktop/LegalMemoCMT/data/processed/phase2/clancy/turn_clips/video/D5L_c9Mla1U/D5L_c9Mla1U_turn04055.mp4,/Users/rajeshpmu/Desktop/LegalMemoCMT/data/processed/phase2/clancy/turn_clips/audio/D5L_c9Mla1U/D5L_c9Mla1U_turn04055.wav,02:09:30.834,02:10:09.118,38.284,31,REVIEW_REQUIRED,"Turn exceeds MELD-style preferred maximum duration; inspect for over-consolidation, pauses, or non-testimony content."
D5L_c9Mla1U_turn04068,D5L_c9Mla1U,https://www.youtube.com/watch?v=D5L_c9Mla1U,LIVE: Lindsay Clancy trial Day 16,/Users/rajeshpmu/Desktop/LegalMemoCMT/data/phase2/clancy/corpus/raw/live-lindsay-clancy-trial-day-16/live-lindsay-clancy-trial-day-16_D5L_c9Mla1U.mp4,/Users/rajeshpmu/Desktop/LegalMemoCMT/data/phase2/clancy/corpus/raw/live-lindsay-clancy-trial-day-16/live-lindsay-clancy-trial-day-16_D5L_c9Mla1U.en.vtt,/Users/rajeshpmu/Desktop/LegalMemoCMT/data/processed/phase2/clancy/turn_clips/video/D5L_c9Mla1U/D5L_c9Mla1U_turn04068.mp4,/Users/rajeshpmu/Desktop/LegalMemoCMT/data/processed/phase2/clancy/turn_clips/audio/D5L_c9Mla1U/D5L_c9Mla1U_turn04068.wav,02:11:31.756,02:12:08.635,36.879,33,REVIEW_REQUIRED,"Turn exceeds MELD-style preferred maximum duration; inspect for over-consolidation, pauses, or non-testimony content."
D5L_c9Mla1U_turn04071,D5L_c9Mla1U,https://www.youtube.com/watch?v=D5L_c9Mla1U,LIVE: Lindsay Clancy trial Day 16,/Users/rajeshpmu/Desktop/LegalMemoCMT/data/phase2/clancy/corpus/raw/live-lindsay-clancy-trial-day-16/live-lindsay-clancy-trial-day-16_D5L_c9Mla1U.mp4,/Users/rajeshpmu/Desktop/LegalMemoCMT/data/phase2/clancy/corpus/raw/live-lindsay-clancy-trial-day-16/live-lindsay-clancy-trial-day-16_D5L_c9Mla1U.en.vtt,/Users/rajeshpmu/Desktop/LegalMemoCMT/data/processed/phase2/clancy/turn_clips/video/D5L_c9Mla1U/D5L_c9Mla1U_turn04071.mp4,/Users/rajeshpmu/Desktop/LegalMemoCMT/data/processed/phase2/clancy/turn_clips/audio/D5L_c9Mla1U/D5L_c9Mla1U_turn04071.wav,02:12:14.180,02:12:51.375,37.195,31,REVIEW_REQUIRED,"Turn exceeds MELD-style preferred maximum duration; inspect for over-consolidation, pauses, or non-testimony content."
D5L_c9Mla1U_turn04077,D5L_c9Mla1U,https://www.youtube.com/watch?v=D5L_c9Mla1U,LIVE: Lindsay Clancy trial Day 16,/Users/rajeshpmu/Desktop/LegalMemoCMT/data/phase2/clancy/corpus/raw/live-lindsay-clancy-trial-day-16/live-lindsay-clancy-trial-day-16_D5L_c9Mla1U.mp4,/Users/rajeshpmu/Desktop/LegalMemoCMT/data/phase2/clancy/corpus/raw/live-lindsay-clancy-trial-day-16/live-lindsay-clancy-trial-day-16_D5L_c9Mla1U.en.vtt,/Users/rajeshpmu/Desktop/LegalMemoCMT/data/processed/phase2/clancy/turn_clips/video/D5L_c9Mla1U/D5L_c9Mla1U_turn04077.mp4,/Users/rajeshpmu/Desktop/LegalMemoCMT/data/processed/phase2/clancy/turn_clips/audio/D5L_c9Mla1U/D5L_c9Mla1U_turn04077.wav,02:13:30.493,02:14:05.562,35.069,29,REVIEW_REQUIRED,"Turn exceeds MELD-style preferred maximum duration; inspect for over-consolidation, pauses, or non-testimony content."
D5L_c9Mla1U_turn04084,D5L_c9Mla1U,https://www.youtube.com/watch?v=D5L_c9Mla1U,LIVE: Lindsay Clancy trial Day 16,/Users/rajeshpmu/Desktop/LegalMemoCMT/data/phase2/clancy/corpus/raw/live-lindsay-clancy-trial-day-16/live-lindsay-clancy-trial-day-16_D5L_c9Mla1U.mp4,/Users/rajeshpmu/Desktop/LegalMemoCMT/data/phase2/clancy/corpus/raw/live-lindsay-clancy-trial-day-16/live-lindsay-clancy-trial-day-16_D5L_c9Mla1U.en.vtt,/Users/rajeshpmu/Desktop/LegalMemoCMT/data/processed/phase2/clancy/turn_clips/video/D5L_c9Mla1U/D5L_c9Mla1U_turn04084.mp4,/Users/rajeshpmu/Desktop/LegalMemoCMT/data/processed/phase2/clancy/turn_clips/audio/D5L_c9Mla1U/D5L_c9Mla1U_turn04084.wav,02:14:33.946,02:15:10.223,36.277,31,REVIEW_REQUIRED,"Turn exceeds MELD-style preferred maximum duration; inspect for over-consolidation, pauses, or non-testimony content."
D5L_c9Mla1U_turn04087,D5L_c9Mla1U,https://www.youtube.com/watch?v=D5L_c9Mla1U,LIVE: Lindsay Clancy trial Day 16,/Users/rajeshpmu/Desktop/LegalMemoCMT/data/phase2/clancy/corpus/raw/live-lindsay-clancy-trial-day-16/live-lindsay-clancy-trial-day-16_D5L_c9Mla1U.mp4,/Users/rajeshpmu/Desktop/LegalMemoCMT/data/phase2/clancy/corpus/raw/live-lindsay-clancy-trial-day-16/live-lindsay-clancy-trial-day-16_D5L_c9Mla1U.en.vtt,/Users/rajeshpmu/Desktop/LegalMemoCMT/data/processed/phase2/clancy/turn_clips/video/D5L_c9Mla1U/D5L_c9Mla1U_turn04087.mp4,/Users/rajeshpmu/Desktop/LegalMemoCMT/data/processed/phase2/clancy/turn_clips/audio/D5L_c9Mla1U/D5L_c9Mla1U_turn04087.wav,02:15:18.585,02:15:52.899,34.314,29,REVIEW_REQUIRED,"Turn exceeds MELD-style preferred maximum duration; inspect for over-consolidation, pauses, or non-testimony content."
D5L_c9Mla1U_turn04092,D5L_c9Mla1U,https://www.youtube.com/watch?v=D5L_c9Mla1U,LIVE: Lindsay Clancy trial Day 16,/Users/rajeshpmu/Desktop/LegalMemoCMT/data/phase2/clancy/corpus/raw/live-lindsay-clancy-trial-day-16/live-lindsay-clancy-trial-day-16_D5L_c9Mla1U.mp4,/Users/rajeshpmu/Desktop/LegalMemoCMT/data/phase2/clancy/corpus/raw/live-lindsay-clancy-trial-day-16/live-lindsay-clancy-trial-day-16_D5L_c9Mla1U.en.vtt,/Users/rajeshpmu/Desktop/LegalMemoCMT/data/processed/phase2/clancy/turn_clips/video/D5L_c9Mla1U/D5L_c9Mla1U_turn04092.mp4,/Users/rajeshpmu/Desktop/LegalMemoCMT/data/processed/phase2/clancy/turn_clips/audio/D5L_c9Mla1U/D5L_c9Mla1U_turn04092.wav,02:16:13.129,02:16:45.546,32.417,29,REVIEW_REQUIRED,"Turn exceeds MELD-style preferred maximum duration; inspect for over-consolidation, pauses, or non-testimony content."
D5L_c9Mla1U_turn04135,D5L_c9Mla1U,https://www.youtube.com/watch?v=D5L_c9Mla1U,LIVE: Lindsay Clancy trial Day 16,/Users/rajeshpmu/Desktop/LegalMemoCMT/data/phase2/clancy/corpus/raw/live-lindsay-clancy-trial-day-16/live-lindsay-clancy-trial-day-16_D5L_c9Mla1U.mp4,/Users/rajeshpmu/Desktop/LegalMemoCMT/data/phase2/clancy/corpus/raw/live-lindsay-clancy-trial-day-16/live-lindsay-clancy-trial-day-16_D5L_c9Mla1U.en.vtt,/Users/rajeshpmu/Desktop/LegalMemoCMT/data/processed/phase2/clancy/turn_clips/video/D5L_c9Mla1U/D5L_c9Mla1U_turn04135.mp4,/Users/rajeshpmu/Desktop/LegalMemoCMT/data/processed/phase2/clancy/turn_clips/audio/D5L_c9Mla1U/D5L_c9Mla1U_turn04135.wav,02:19:46.453,02:20:49.682,63.229,53,REVIEW_REQUIRED,"Turn exceeds MELD-style preferred maximum duration; inspect for over-consolidation, pauses, or non-testimony content."
D5L_c9Mla1U_turn04136,D5L_c9Mla1U,https://www.youtube.com/watch?v=D5L_c9Mla1U,LIVE: Lindsay Clancy trial Day 16,/Users/rajeshpmu/Desktop/LegalMemoCMT/data/phase2/clancy/corpus/raw/live-lindsay-clancy-trial-day-16/live-lindsay-clancy-trial-day-16_D5L_c9Mla1U.mp4,/Users/rajeshpmu/Desktop/LegalMemoCMT/data/phase2/clancy/corpus/raw/live-lindsay-clancy-trial-day-16/live-lindsay-clancy-trial-day-16_D5L_c9Mla1U.en.vtt,/Users/rajeshpmu/Desktop/LegalMemoCMT/data/processed/phase2/clancy/turn_clips/video/D5L_c9Mla1U/D5L_c9Mla1U_turn04136.mp4,/Users/rajeshpmu/Desktop/LegalMemoCMT/data/processed/phase2/clancy/turn_clips/audio/D5L_c9Mla1U/D5L_c9Mla1U_turn04136.wav,02:20:49.682,02:21:27.395,37.713,33,REVIEW_REQUIRED,"Turn exceeds MELD-style preferred maximum duration; inspect for over-consolidation, pauses, or non-testimony content."
D5L_c9Mla1U_turn04142,D5L_c9Mla1U,https://www.youtube.com/watch?v=D5L_c9Mla1U,LIVE: Lindsay Clancy trial Day 16,/Users/rajeshpmu/Desktop/LegalMemoCMT/data/phase2/clancy/corpus/raw/live-lindsay-clancy-trial-day-16/live-lindsay-clancy-trial-day-16_D5L_c9Mla1U.mp4,/Users/rajeshpmu/Desktop/LegalMemoCMT/data/phase2/clancy/corpus/raw/live-lindsay-clancy-trial-day-16/live-lindsay-clancy-trial-day-16_D5L_c9Mla1U.en.vtt,/Users/rajeshpmu/Desktop/LegalMemoCMT/data/processed/phase2/clancy/turn_clips/video/D5L_c9Mla1U/D5L_c9Mla1U_turn04142.mp4,/Users/rajeshpmu/Desktop/LegalMemoCMT/data/processed/phase2/clancy/turn_clips/audio/D5L_c9Mla1U/D5L_c9Mla1U_turn04142.wav,02:22:13.943,02:22:45.757,31.814,31,REVIEW_REQUIRED,"Turn exceeds MELD-style preferred maximum duration; inspect for over-consolidation, pauses, or non-testimony content."
D5L_c9Mla1U_turn04213,D5L_c9Mla1U,https://www.youtube.com/watch?v=D5L_c9Mla1U,LIVE: Lindsay Clancy trial Day 16,/Users/rajeshpmu/Desktop/LegalMemoCMT/data/phase2/clancy/corpus/raw/live-lindsay-clancy-trial-day-16/live-lindsay-clancy-trial-day-16_D5L_c9Mla1U.mp4,/Users/rajeshpmu/Desktop/LegalMemoCMT/data/phase2/clancy/corpus/raw/live-lindsay-clancy-trial-day-16/live-lindsay-clancy-trial-day-16_D5L_c9Mla1U.en.vtt,/Users/rajeshpmu/Desktop/LegalMemoCMT/data/processed/phase2/clancy/turn_clips/video/D5L_c9Mla1U/D5L_c9Mla1U_turn04213.mp4,/Users/rajeshpmu/Desktop/LegalMemoCMT/data/processed/phase2/clancy/turn_clips/audio/D5L_c9Mla1U/D5L_c9Mla1U_turn04213.wav,02:29:25.577,02:29:58.278,32.701,31,REVIEW_REQUIRED,"Turn exceeds MELD-style preferred maximum duration; inspect for over-consolidation, pauses, or non-testimony content."
D5L_c9Mla1U_turn04223,D5L_c9Mla1U,https://www.youtube.com/watch?v=D5L_c9Mla1U,LIVE: Lindsay Clancy trial Day 16,/Users/rajeshpmu/Desktop/LegalMemoCMT/data/phase2/clancy/corpus/raw/live-lindsay-clancy-trial-day-16/live-lindsay-clancy-trial-day-16_D5L_c9Mla1U.mp4,/Users/rajeshpmu/Desktop/LegalMemoCMT/data/phase2/clancy/corpus/raw/live-lindsay-clancy-trial-day-16/live-lindsay-clancy-trial-day-16_D5L_c9Mla1U.en.vtt,/Users/rajeshpmu/Desktop/LegalMemoCMT/data/processed/phase2/clancy/turn_clips/video/D5L_c9Mla1U/D5L_c9Mla1U_turn04223.mp4,/Users/rajeshpmu/Desktop/LegalMemoCMT/data/processed/phase2/clancy/turn_clips/audio/D5L_c9Mla1U/D5L_c9Mla1U_turn04223.wav,02:30:43.783,02:31:23.134,39.351,33,REVIEW_REQUIRED,"Turn exceeds MELD-style preferred maximum duration; inspect for over-consolidation, pauses, or non-testimony content."
D5L_c9Mla1U_turn04271,D5L_c9Mla1U,https://www.youtube.com/watch?v=D5L_c9Mla1U,LIVE: Lindsay Clancy trial Day 16,/Users/rajeshpmu/Desktop/LegalMemoCMT/data/phase2/clancy/corpus/raw/live-lindsay-clancy-trial-day-16/live-lindsay-clancy-trial-day-16_D5L_c9Mla1U.mp4,/Users/rajeshpmu/Desktop/LegalMemoCMT/data/phase2/clancy/corpus/raw/live-lindsay-clancy-trial-day-16/live-lindsay-clancy-trial-day-16_D5L_c9Mla1U.en.vtt,/Users/rajeshpmu/Desktop/LegalMemoCMT/data/processed/phase2/clancy/turn_clips/video/D5L_c9Mla1U/D5L_c9Mla1U_turn04271.mp4,/Users/rajeshpmu/Desktop/LegalMemoCMT/data/processed/phase2/clancy/turn_clips/audio/D5L_c9Mla1U/D5L_c9Mla1U_turn04271.wav,02:38:36.616,02:40:09.662,93.046,77,REVIEW_REQUIRED,"Turn exceeds MELD-style preferred maximum duration; inspect for over-consolidation, pauses, or non-testimony content."
D5L_c9Mla1U_turn04272,D5L_c9Mla1U,https://www.youtube.com/watch?v=D5L_c9Mla1U,LIVE: Lindsay Clancy trial Day 16,/Users/rajeshpmu/Desktop/LegalMemoCMT/data/phase2/clancy/corpus/raw/live-lindsay-clancy-trial-day-16/live-lindsay-clancy-trial-day-16_D5L_c9Mla1U.mp4,/Users/rajeshpmu/Desktop/LegalMemoCMT/data/phase2/clancy/corpus/raw/live-lindsay-clancy-trial-day-16/live-lindsay-clancy-trial-day-16_D5L_c9Mla1U.en.vtt,/Users/rajeshpmu/Desktop/LegalMemoCMT/data/processed/phase2/clancy/turn_clips/video/D5L_c9Mla1U/D5L_c9Mla1U_turn04272.mp4,/Users/rajeshpmu/Desktop/LegalMemoCMT/data/processed/phase2/clancy/turn_clips/audio/D5L_c9Mla1U/D5L_c9Mla1U_turn04272.wav,02:40:09.662,02:42:58.618,168.956,159,REVIEW_REQUIRED,"Turn exceeds MELD-style preferred maximum duration; inspect for over-consolidation, pauses, or non-testimony content."
D5L_c9Mla1U_turn04273,D5L_c9Mla1U,https://www.youtube.com/watch?v=D5L_c9Mla1U,LIVE: Lindsay Clancy trial Day 16,/Users/rajeshpmu/Desktop/LegalMemoCMT/data/phase2/clancy/corpus/raw/live-lindsay-clancy-trial-day-16/live-lindsay-clancy-trial-day-16_D5L_c9Mla1U.mp4,/Users/rajeshpmu/Desktop/LegalMemoCMT/data/phase2/clancy/corpus/raw/live-lindsay-clancy-trial-day-16/live-lindsay-clancy-trial-day-16_D5L_c9Mla1U.en.vtt,/Users/rajeshpmu/Desktop/LegalMemoCMT/data/processed/phase2/clancy/turn_clips/video/D5L_c9Mla1U/D5L_c9Mla1U_turn04273.mp4,/Users/rajeshpmu/Desktop/LegalMemoCMT/data/processed/phase2/clancy/turn_clips/audio/D5L_c9Mla1U/D5L_c9Mla1U_turn04273.wav,02:42:58.618,02:47:27.916,269.298,201,REVIEW_REQUIRED,"Turn exceeds MELD-style preferred maximum duration; inspect for over-consolidation, pauses, or non-testimony content."
D5L_c9Mla1U_turn04279,D5L_c9Mla1U,https://www.youtube.com/watch?v=D5L_c9Mla1U,LIVE: Lindsay Clancy trial Day 16,/Users/rajeshpmu/Desktop/LegalMemoCMT/data/phase2/clancy/corpus/raw/live-lindsay-clancy-trial-day-16/live-lindsay-clancy-trial-day-16_D5L_c9Mla1U.mp4,/Users/rajeshpmu/Desktop/LegalMemoCMT/data/phase2/clancy/corpus/raw/live-lindsay-clancy-trial-day-16/live-lindsay-clancy-trial-day-16_D5L_c9Mla1U.en.vtt,/Users/rajeshpmu/Desktop/LegalMemoCMT/data/processed/phase2/clancy/turn_clips/video/D5L_c9Mla1U/D5L_c9Mla1U_turn04279.mp4,/Users/rajeshpmu/Desktop/LegalMemoCMT/data/processed/phase2/clancy/turn_clips/audio/D5L_c9Mla1U/D5L_c9Mla1U_turn04279.wav,02:48:00.346,02:49:08.743,68.397,3,REVIEW_REQUIRED,"Turn exceeds MELD-style preferred maximum duration; inspect for over-consolidation, pauses, or non-testimony content."
D5L_c9Mla1U_turn04280,D5L_c9Mla1U,https://www.youtube.com/watch?v=D5L_c9Mla1U,LIVE: Lindsay Clancy trial Day 16,/Users/rajeshpmu/Desktop/LegalMemoCMT/data/phase2/clancy/corpus/raw/live-lindsay-clancy-trial-day-16/live-lindsay-clancy-trial-day-16_D5L_c9Mla1U.mp4,/Users/rajeshpmu/Desktop/LegalMemoCMT/data/phase2/clancy/corpus/raw/live-lindsay-clancy-trial-day-16/live-lindsay-clancy-trial-day-16_D5L_c9Mla1U.en.vtt,/Users/rajeshpmu/Desktop/LegalMemoCMT/data/processed/phase2/clancy/turn_clips/video/D5L_c9Mla1U/D5L_c9Mla1U_turn04280.mp4,/Users/rajeshpmu/Desktop/LegalMemoCMT/data/processed/phase2/clancy/turn_clips/audio/D5L_c9Mla1U/D5L_c9Mla1U_turn04280.wav,02:49:08.743,02:50:29.698,80.955,3,REVIEW_REQUIRED,"Turn exceeds MELD-style preferred maximum duration; inspect for over-consolidation, pauses, or non-testimony content."
D5L_c9Mla1U_turn04281,D5L_c9Mla1U,https://www.youtube.com/watch?v=D5L_c9Mla1U,LIVE: Lindsay Clancy trial Day 16,/Users/rajeshpmu/Desktop/LegalMemoCMT/data/phase2/clancy/corpus/raw/live-lindsay-clancy-trial-day-16/live-lindsay-clancy-trial-day-16_D5L_c9Mla1U.mp4,/Users/rajeshpmu/Desktop/LegalMemoCMT/data/phase2/clancy/corpus/raw/live-lindsay-clancy-trial-day-16/live-lindsay-clancy-trial-day-16_D5L_c9Mla1U.en.vtt,/Users/rajeshpmu/Desktop/LegalMemoCMT/data/processed/phase2/clancy/turn_clips/video/D5L_c9Mla1U/D5L_c9Mla1U_turn04281.mp4,/Users/rajeshpmu/Desktop/LegalMemoCMT/data/processed/phase2/clancy/turn_clips/audio/D5L_c9Mla1U/D5L_c9Mla1U_turn04281.wav,02:50:29.698,02:52:08.955,99.257,61,REVIEW_REQUIRED,"Turn exceeds MELD-style preferred maximum duration; inspect for over-consolidation, pauses, or non-testimony content."
D6skXbDJJj8_turn04291,D6skXbDJJj8,https://www.youtube.com/live/D6skXbDJJj8,LIVE: Lindsay Clancy Murder Trial — MA v. Lindsay Clancy — Day 8,/Users/rajeshpmu/Desktop/LegalMemoCMT/data/phase2/clancy/corpus/raw/live-lindsay-clancy-murder-trial-ma-v-lindsay-clancy-day-8/live-lindsay-clancy-murder-trial-ma-v-lindsay-clancy-day-8_D6skXbDJJj8.mp4,/Users/rajeshpmu/Desktop/LegalMemoCMT/data/phase2/clancy/corpus/raw/live-lindsay-clancy-murder-trial-ma-v-lindsay-clancy-day-8/live-lindsay-clancy-murder-trial-ma-v-lindsay-clancy-day-8_D6skXbDJJj8.en.vtt,/Users/rajeshpmu/Desktop/LegalMemoCMT/data/processed/phase2/clancy/turn_clips/video/D6skXbDJJj8/D6skXbDJJj8_turn04291.mp4,/Users/rajeshpmu/Desktop/LegalMemoCMT/data/processed/phase2/clancy/turn_clips/audio/D6skXbDJJj8/D6skXbDJJj8_turn04291.wav,00:29:41.830,00:39:19.982,578.152,9,REVIEW_REQUIRED,"Turn exceeds MELD-style preferred maximum duration; inspect for over-consolidation, pauses, or non-testimony content."
D6skXbDJJj8_turn04297,D6skXbDJJj8,https://www.youtube.com/live/D6skXbDJJj8,LIVE: Lindsay Clancy Murder Trial — MA v. Lindsay Clancy — Day 8,/Users/rajeshpmu/Desktop/LegalMemoCMT/data/phase2/clancy/corpus/raw/live-lindsay-clancy-murder-trial-ma-v-lindsay-clancy-day-8/live-lindsay-clancy-murder-trial-ma-v-lindsay-clancy-day-8_D6skXbDJJj8.mp4,/Users/rajeshpmu/Desktop/LegalMemoCMT/data/phase2/clancy/corpus/raw/live-lindsay-clancy-murder-trial-ma-v-lindsay-clancy-day-8/live-lindsay-clancy-murder-trial-ma-v-lindsay-clancy-day-8_D6skXbDJJj8.en.vtt,/Users/rajeshpmu/Desktop/LegalMemoCMT/data/processed/phase2/clancy/turn_clips/video/D6skXbDJJj8/D6skXbDJJj8_turn04297.mp4,/Users/rajeshpmu/Desktop/LegalMemoCMT/data/processed/phase2/clancy/turn_clips/audio/D6skXbDJJj8/D6skXbDJJj8_turn04297.wav,00:40:41.022,00:41:58.475,77.453,69,REVIEW_REQUIRED,"Turn exceeds MELD-style preferred maximum duration; inspect for over-consolidation, pauses, or non-testimony content."
D6skXbDJJj8_turn04304,D6skXbDJJj8,https://www.youtube.com/live/D6skXbDJJj8,LIVE: Lindsay Clancy Murder Trial — MA v. Lindsay Clancy — Day 8,/Users/rajeshpmu/Desktop/LegalMemoCMT/data/phase2/clancy/corpus/raw/live-lindsay-clancy-murder-trial-ma-v-lindsay-clancy-day-8/live-lindsay-clancy-murder-trial-ma-v-lindsay-clancy-day-8_D6skXbDJJj8.mp4,/Users/rajeshpmu/Desktop/LegalMemoCMT/data/phase2/clancy/corpus/raw/live-lindsay-clancy-murder-trial-ma-v-lindsay-clancy-day-8/live-lindsay-clancy-murder-trial-ma-v-lindsay-clancy-day-8_D6skXbDJJj8.en.vtt,/Users/rajeshpmu/Desktop/LegalMemoCMT/data/processed/phase2/clancy/turn_clips/video/D6skXbDJJj8/D6skXbDJJj8_turn04304.mp4,/Users/rajeshpmu/Desktop/LegalMemoCMT/data/processed/phase2/clancy/turn_clips/audio/D6skXbDJJj8/D6skXbDJJj8_turn04304.wav,00:42:51.430,00:43:56.063,64.633,6,REVIEW_REQUIRED,"Turn exceeds MELD-style preferred maximum duration; inspect for over-consolidation, pauses, or non-testimony content."
D6skXbDJJj8_turn04321,D6skXbDJJj8,https://www.youtube.com/live/D6skXbDJJj8,LIVE: Lindsay Clancy Murder Trial — MA v. Lindsay Clancy — Day 8,/Users/rajeshpmu/Desktop/LegalMemoCMT/data/phase2/clancy/corpus/raw/live-lindsay-clancy-murder-trial-ma-v-lindsay-clancy-day-8/live-lindsay-clancy-murder-trial-ma-v-lindsay-clancy-day-8_D6skXbDJJj8.mp4,/Users/rajeshpmu/Desktop/LegalMemoCMT/data/phase2/clancy/corpus/raw/live-lindsay-clancy-murder-trial-ma-v-lindsay-clancy-day-8/live-lindsay-clancy-murder-trial-ma-v-lindsay-clancy-day-8_D6skXbDJJj8.en.vtt,/Users/rajeshpmu/Desktop/LegalMemoCMT/data/processed/phase2/clancy/turn_clips/video/D6skXbDJJj8/D6skXbDJJj8_turn04321.mp4,/Users/rajeshpmu/Desktop/LegalMemoCMT/data/processed/phase2/clancy/turn_clips/audio/D6skXbDJJj8/D6skXbDJJj8_turn04321.wav,00:45:03.358,00:46:00.107,56.749,39,REVIEW_REQUIRED,"Turn exceeds MELD-style preferred maximum duration; inspect for over-consolidation, pauses, or non-testimony content."
D6skXbDJJj8_turn04326,D6skXbDJJj8,https://www.youtube.com/live/D6skXbDJJj8,LIVE: Lindsay Clancy Murder Trial — MA v. Lindsay Clancy — Day 8,/Users/rajeshpmu/Desktop/LegalMemoCMT/data/phase2/clancy/corpus/raw/live-lindsay-clancy-murder-trial-ma-v-lindsay-clancy-day-8/live-lindsay-clancy-murder-trial-ma-v-lindsay-clancy-day-8_D6skXbDJJj8.mp4,/Users/rajeshpmu/Desktop/LegalMemoCMT/data/phase2/clancy/corpus/raw/live-lindsay-clancy-murder-trial-ma-v-lindsay-clancy-day-8/live-lindsay-clancy-murder-trial-ma-v-lindsay-clancy-day-8_D6skXbDJJj8.en.vtt,/Users/rajeshpmu/Desktop/LegalMemoCMT/data/processed/phase2/clancy/turn_clips/video/D6skXbDJJj8/D6skXbDJJj8_turn04326.mp4,/Users/rajeshpmu/Desktop/LegalMemoCMT/data/processed/phase2/clancy/turn_clips/audio/D6skXbDJJj8/D6skXbDJJj8_turn04326.wav,00:46:20.781,00:47:13.846,53.065,35,REVIEW_REQUIRED,"Turn exceeds MELD-style preferred maximum duration; inspect for over-consolidation, pauses, or non-testimony content."
D6skXbDJJj8_turn04337,D6skXbDJJj8,https://www.youtube.com/live/D6skXbDJJj8,LIVE: Lindsay Clancy Murder Trial — MA v. Lindsay Clancy — Day 8,/Users/rajeshpmu/Desktop/LegalMemoCMT/data/phase2/clancy/corpus/raw/live-lindsay-clancy-murder-trial-ma-v-lindsay-clancy-day-8/live-lindsay-clancy-murder-trial-ma-v-lindsay-clancy-day-8_D6skXbDJJj8.mp4,/Users/rajeshpmu/Desktop/LegalMemoCMT/data/phase2/clancy/corpus/raw/live-lindsay-clancy-murder-trial-ma-v-lindsay-clancy-day-8/live-lindsay-clancy-murder-trial-ma-v-lindsay-clancy-day-8_D6skXbDJJj8.en.vtt,/Users/rajeshpmu/Desktop/LegalMemoCMT/data/processed/phase2/clancy/turn_clips/video/D6skXbDJJj8/D6skXbDJJj8_turn04337.mp4,/Users/rajeshpmu/Desktop/LegalMemoCMT/data/processed/phase2/clancy/turn_clips/audio/D6skXbDJJj8/D6skXbDJJj8_turn04337.wav,00:48:22.763,00:49:34.566,71.803,55,REVIEW_REQUIRED,"Turn exceeds MELD-style preferred maximum duration; inspect for over-consolidation, pauses, or non-testimony content."
D6skXbDJJj8_turn04347,D6skXbDJJj8,https://www.youtube.com/live/D6skXbDJJj8,LIVE: Lindsay Clancy Murder Trial — MA v. Lindsay Clancy — Day 8,/Users/rajeshpmu/Desktop/LegalMemoCMT/data/phase2/clancy/corpus/raw/live-lindsay-clancy-murder-trial-ma-v-lindsay-clancy-day-8/live-lindsay-clancy-murder-trial-ma-v-lindsay-clancy-day-8_D6skXbDJJj8.mp4,/Users/rajeshpmu/Desktop/LegalMemoCMT/data/phase2/clancy/corpus/raw/live-lindsay-clancy-murder-trial-ma-v-lindsay-clancy-day-8/live-lindsay-clancy-murder-trial-ma-v-lindsay-clancy-day-8_D6skXbDJJj8.en.vtt,/Users/rajeshpmu/Desktop/LegalMemoCMT/data/processed/phase2/clancy/turn_clips/video/D6skXbDJJj8/D6skXbDJJj8_turn04347.mp4,/Users/rajeshpmu/Desktop/LegalMemoCMT/data/processed/phase2/clancy/turn_clips/audio/D6skXbDJJj8/D6skXbDJJj8_turn04347.wav,00:50:55.232,00:51:37.910,42.678,25,REVIEW_REQUIRED,"Turn exceeds MELD-style preferred maximum duration; inspect for over-consolidation, pauses, or non-testimony content."
D6skXbDJJj8_turn04355,D6skXbDJJj8,https://www.youtube.com/live/D6skXbDJJj8,LIVE: Lindsay Clancy Murder Trial — MA v. Lindsay Clancy — Day 8,/Users/rajeshpmu/Desktop/LegalMemoCMT/data/phase2/clancy/corpus/raw/live-lindsay-clancy-murder-trial-ma-v-lindsay-clancy-day-8/live-lindsay-clancy-murder-trial-ma-v-lindsay-clancy-day-8_D6skXbDJJj8.mp4,/Users/rajeshpmu/Desktop/LegalMemoCMT/data/phase2/clancy/corpus/raw/live-lindsay-clancy-murder-trial-ma-v-lindsay-clancy-day-8/live-lindsay-clancy-murder-trial-ma-v-lindsay-clancy-day-8_D6skXbDJJj8.en.vtt,/Users/rajeshpmu/Desktop/LegalMemoCMT/data/processed/phase2/clancy/turn_clips/video/D6skXbDJJj8/D6skXbDJJj8_turn04355.mp4,/Users/rajeshpmu/Desktop/LegalMemoCMT/data/processed/phase2/clancy/turn_clips/audio/D6skXbDJJj8/D6skXbDJJj8_turn04355.wav,00:52:23.557,00:52:57.319,33.762,21,REVIEW_REQUIRED,"Turn exceeds MELD-style preferred maximum duration; inspect for over-consolidation, pauses, or non-testimony content."
D6skXbDJJj8_turn04356,D6skXbDJJj8,https://www.youtube.com/live/D6skXbDJJj8,LIVE: Lindsay Clancy Murder Trial — MA v. Lindsay Clancy — Day 8,/Users/rajeshpmu/Desktop/LegalMemoCMT/data/phase2/clancy/corpus/raw/live-lindsay-clancy-murder-trial-ma-v-lindsay-clancy-day-8/live-lindsay-clancy-murder-trial-ma-v-lindsay-clancy-day-8_D6skXbDJJj8.mp4,/Users/rajeshpmu/Desktop/LegalMemoCMT/data/phase2/clancy/corpus/raw/live-lindsay-clancy-murder-trial-ma-v-lindsay-clancy-day-8/live-lindsay-clancy-murder-trial-ma-v-lindsay-clancy-day-8_D6skXbDJJj8.en.vtt,/Users/rajeshpmu/Desktop/LegalMemoCMT/data/processed/phase2/clancy/turn_clips/video/D6skXbDJJj8/D6skXbDJJj8_turn04356.mp4,/Users/rajeshpmu/Desktop/LegalMemoCMT/data/processed/phase2/clancy/turn_clips/audio/D6skXbDJJj8/D6skXbDJJj8_turn04356.wav,00:52:57.319,00:53:35.391,38.072,19,REVIEW_REQUIRED,"Turn exceeds MELD-style preferred maximum duration; inspect for over-consolidation, pauses, or non-testimony content."
D6skXbDJJj8_turn04357,D6skXbDJJj8,https://www.youtube.com/live/D6skXbDJJj8,LIVE: Lindsay Clancy Murder Trial — MA v. Lindsay Clancy — Day 8,/Users/rajeshpmu/Desktop/LegalMemoCMT/data/phase2/clancy/corpus/raw/live-lindsay-clancy-murder-trial-ma-v-lindsay-clancy-day-8/live-lindsay-clancy-murder-trial-ma-v-lindsay-clancy-day-8_D6skXbDJJj8.mp4,/Users/rajeshpmu/Desktop/LegalMemoCMT/data/phase2/clancy/corpus/raw/live-lindsay-clancy-murder-trial-ma-v-lindsay-clancy-day-8/live-lindsay-clancy-murder-trial-ma-v-lindsay-clancy-day-8_D6skXbDJJj8.en.vtt,/Users/rajeshpmu/Desktop/LegalMemoCMT/data/processed/phase2/clancy/turn_clips/video/D6skXbDJJj8/D6skXbDJJj8_turn04357.mp4,/Users/rajeshpmu/Desktop/LegalMemoCMT/data/processed/phase2/clancy/turn_clips/audio/D6skXbDJJj8/D6skXbDJJj8_turn04357.wav,00:53:35.391,00:54:05.990,30.599,17,REVIEW_REQUIRED,"Turn exceeds MELD-style preferred maximum duration; inspect for over-consolidation, pauses, or non-testimony content."
D6skXbDJJj8_turn04371,D6skXbDJJj8,https://www.youtube.com/live/D6skXbDJJj8,LIVE: Lindsay Clancy Murder Trial — MA v. Lindsay Clancy — Day 8,/Users/rajeshpmu/Desktop/LegalMemoCMT/data/phase2/clancy/corpus/raw/live-lindsay-clancy-murder-trial-ma-v-lindsay-clancy-day-8/live-lindsay-clancy-murder-trial-ma-v-lindsay-clancy-day-8_D6skXbDJJj8.mp4,/Users/rajeshpmu/Desktop/LegalMemoCMT/data/phase2/clancy/corpus/raw/live-lindsay-clancy-murder-trial-ma-v-lindsay-clancy-day-8/live-lindsay-clancy-murder-trial-ma-v-lindsay-clancy-day-8_D6skXbDJJj8.en.vtt,/Users/rajeshpmu/Desktop/LegalMemoCMT/data/processed/phase2/clancy/turn_clips/video/D6skXbDJJj8/D6skXbDJJj8_turn04371.mp4,/Users/rajeshpmu/Desktop/LegalMemoCMT/data/processed/phase2/clancy/turn_clips/audio/D6skXbDJJj8/D6skXbDJJj8_turn04371.wav,00:56:06.422,00:56:51.861,45.439,27,REVIEW_REQUIRED,"Turn exceeds MELD-style preferred maximum duration; inspect for over-consolidation, pauses, or non-testimony content."
D6skXbDJJj8_turn04382,D6skXbDJJj8,https://www.youtube.com/live/D6skXbDJJj8,LIVE: Lindsay Clancy Murder Trial — MA v. Lindsay Clancy — Day 8,/Users/rajeshpmu/Desktop/LegalMemoCMT/data/phase2/clancy/corpus/raw/live-lindsay-clancy-murder-trial-ma-v-lindsay-clancy-day-8/live-lindsay-clancy-murder-trial-ma-v-lindsay-clancy-day-8_D6skXbDJJj8.mp4,/Users/rajeshpmu/Desktop/LegalMemoCMT/data/phase2/clancy/corpus/raw/live-lindsay-clancy-murder-trial-ma-v-lindsay-clancy-day-8/live-lindsay-clancy-murder-trial-ma-v-lindsay-clancy-day-8_D6skXbDJJj8.en.vtt,/Users/rajeshpmu/Desktop/LegalMemoCMT/data/processed/phase2/clancy/turn_clips/video/D6skXbDJJj8/D6skXbDJJj8_turn04382.mp4,/Users/rajeshpmu/Desktop/LegalMemoCMT/data/processed/phase2/clancy/turn_clips/audio/D6skXbDJJj8/D6skXbDJJj8_turn04382.wav,00:58:17.281,00:58:59.246,41.965,31,REVIEW_REQUIRED,"Turn exceeds MELD-style preferred maximum duration; inspect for over-consolidation, pauses, or non-testimony content."
D6skXbDJJj8_turn04388,D6skXbDJJj8,https://www.youtube.com/live/D6skXbDJJj8,LIVE: Lindsay Clancy Murder Trial — MA v. Lindsay Clancy — Day 8,/Users/rajeshpmu/Desktop/LegalMemoCMT/data/phase2/clancy/corpus/raw/live-lindsay-clancy-murder-trial-ma-v-lindsay-clancy-day-8/live-lindsay-clancy-murder-trial-ma-v-lindsay-clancy-day-8_D6skXbDJJj8.mp4,/Users/rajeshpmu/Desktop/LegalMemoCMT/data/phase2/clancy/corpus/raw/live-lindsay-clancy-murder-trial-ma-v-lindsay-clancy-day-8/live-lindsay-clancy-murder-trial-ma-v-lindsay-clancy-day-8_D6skXbDJJj8.en.vtt,/Users/rajeshpmu/Desktop/LegalMemoCMT/data/processed/phase2/clancy/turn_clips/video/D6skXbDJJj8/D6skXbDJJj8_turn04388.mp4,/Users/rajeshpmu/Desktop/LegalMemoCMT/data/processed/phase2/clancy/turn_clips/audio/D6skXbDJJj8/D6skXbDJJj8_turn04388.wav,00:59:36.990,01:00:34.179,57.189,35,REVIEW_REQUIRED,"Turn exceeds MELD-style preferred maximum duration; inspect for over-consolidation, pauses, or non-testimony content."
D6skXbDJJj8_turn04392,D6skXbDJJj8,https://www.youtube.com/live/D6skXbDJJj8,LIVE: Lindsay Clancy Murder Trial — MA v. Lindsay Clancy — Day 8,/Users/rajeshpmu/Desktop/LegalMemoCMT/data/phase2/clancy/corpus/raw/live-lindsay-clancy-murder-trial-ma-v-lindsay-clancy-day-8/live-lindsay-clancy-murder-trial-ma-v-lindsay-clancy-day-8_D6skXbDJJj8.mp4,/Users/rajeshpmu/Desktop/LegalMemoCMT/data/phase2/clancy/corpus/raw/live-lindsay-clancy-murder-trial-ma-v-lindsay-clancy-day-8/live-lindsay-clancy-murder-trial-ma-v-lindsay-clancy-day-8_D6skXbDJJj8.en.vtt,/Users/rajeshpmu/Desktop/LegalMemoCMT/data/processed/phase2/clancy/turn_clips/video/D6skXbDJJj8/D6skXbDJJj8_turn04392.mp4,/Users/rajeshpmu/Desktop/LegalMemoCMT/data/processed/phase2/clancy/turn_clips/audio/D6skXbDJJj8/D6skXbDJJj8_turn04392.wav,01:00:38.970,01:01:36.608,57.638,39,REVIEW_REQUIRED,"Turn exceeds MELD-style preferred maximum duration; inspect for over-consolidation, pauses, or non-testimony content."
D6skXbDJJj8_turn04400,D6skXbDJJj8,https://www.youtube.com/live/D6skXbDJJj8,LIVE: Lindsay Clancy Murder Trial — MA v. Lindsay Clancy — Day 8,/Users/rajeshpmu/Desktop/LegalMemoCMT/data/phase2/clancy/corpus/raw/live-lindsay-clancy-murder-trial-ma-v-lindsay-clancy-day-8/live-lindsay-clancy-murder-trial-ma-v-lindsay-clancy-day-8_D6skXbDJJj8.mp4,/Users/rajeshpmu/Desktop/LegalMemoCMT/data/phase2/clancy/corpus/raw/live-lindsay-clancy-murder-trial-ma-v-lindsay-clancy-day-8/live-lindsay-clancy-murder-trial-ma-v-lindsay-clancy-day-8_D6skXbDJJj8.en.vtt,/Users/rajeshpmu/Desktop/LegalMemoCMT/data/processed/phase2/clancy/turn_clips/video/D6skXbDJJj8/D6skXbDJJj8_turn04400.mp4,/Users/rajeshpmu/Desktop/LegalMemoCMT/data/processed/phase2/clancy/turn_clips/audio/D6skXbDJJj8/D6skXbDJJj8_turn04400.wav,01:02:08.417,01:29:01.797,1613.380,15,REVIEW_REQUIRED,"Turn exceeds MELD-style preferred maximum duration; inspect for over-consolidation, pauses, or non-testimony content."
D6skXbDJJj8_turn04403,D6skXbDJJj8,https://www.youtube.com/live/D6skXbDJJj8,LIVE: Lindsay Clancy Murder Trial — MA v. Lindsay Clancy — Day 8,/Users/rajeshpmu/Desktop/LegalMemoCMT/data/phase2/clancy/corpus/raw/live-lindsay-clancy-murder-trial-ma-v-lindsay-clancy-day-8/live-lindsay-clancy-murder-trial-ma-v-lindsay-clancy-day-8_D6skXbDJJj8.mp4,/Users/rajeshpmu/Desktop/LegalMemoCMT/data/phase2/clancy/corpus/raw/live-lindsay-clancy-murder-trial-ma-v-lindsay-clancy-day-8/live-lindsay-clancy-murder-trial-ma-v-lindsay-clancy-day-8_D6skXbDJJj8.en.vtt,/Users/rajeshpmu/Desktop/LegalMemoCMT/data/processed/phase2/clancy/turn_clips/video/D6skXbDJJj8/D6skXbDJJj8_turn04403.mp4,/Users/rajeshpmu/Desktop/LegalMemoCMT/data/processed/phase2/clancy/turn_clips/audio/D6skXbDJJj8/D6skXbDJJj8_turn04403.wav,01:29:06.042,01:30:18.222,72.180,5,REVIEW_REQUIRED,"Turn exceeds MELD-style preferred maximum duration; inspect for over-consolidation, pauses, or non-testimony content."
D6skXbDJJj8_turn04406,D6skXbDJJj8,https://www.youtube.com/live/D6skXbDJJj8,LIVE: Lindsay Clancy Murder Trial — MA v. Lindsay Clancy — Day 8,/Users/rajeshpmu/Desktop/LegalMemoCMT/data/phase2/clancy/corpus/raw/live-lindsay-clancy-murder-trial-ma-v-lindsay-clancy-day-8/live-lindsay-clancy-murder-trial-ma-v-lindsay-clancy-day-8_D6skXbDJJj8.mp4,/Users/rajeshpmu/Desktop/LegalMemoCMT/data/phase2/clancy/corpus/raw/live-lindsay-clancy-murder-trial-ma-v-lindsay-clancy-day-8/live-lindsay-clancy-murder-trial-ma-v-lindsay-clancy-day-8_D6skXbDJJj8.en.vtt,/Users/rajeshpmu/Desktop/LegalMemoCMT/data/processed/phase2/clancy/turn_clips/video/D6skXbDJJj8/D6skXbDJJj8_turn04406.mp4,/Users/rajeshpmu/Desktop/LegalMemoCMT/data/processed/phase2/clancy/turn_clips/audio/D6skXbDJJj8/D6skXbDJJj8_turn04406.wav,01:30:31.916,01:31:06.635,34.719,5,REVIEW_REQUIRED,"Turn exceeds MELD-style preferred maximum duration; inspect for over-consolidation, pauses, or non-testimony content."
D6skXbDJJj8_turn04467,D6skXbDJJj8,https://www.youtube.com/live/D6skXbDJJj8,LIVE: Lindsay Clancy Murder Trial — MA v. Lindsay Clancy — Day 8,/Users/rajeshpmu/Desktop/LegalMemoCMT/data/phase2/clancy/corpus/raw/live-lindsay-clancy-murder-trial-ma-v-lindsay-clancy-day-8/live-lindsay-clancy-murder-trial-ma-v-lindsay-clancy-day-8_D6skXbDJJj8.mp4,/Users/rajeshpmu/Desktop/LegalMemoCMT/data/phase2/clancy/corpus/raw/live-lindsay-clancy-murder-trial-ma-v-lindsay-clancy-day-8/live-lindsay-clancy-murder-trial-ma-v-lindsay-clancy-day-8_D6skXbDJJj8.en.vtt,/Users/rajeshpmu/Desktop/LegalMemoCMT/data/processed/phase2/clancy/turn_clips/video/D6skXbDJJj8/D6skXbDJJj8_turn04467.mp4,/Users/rajeshpmu/Desktop/LegalMemoCMT/data/processed/phase2/clancy/turn_clips/audio/D6skXbDJJj8/D6skXbDJJj8_turn04467.wav,01:38:37.163,01:39:28.149,50.986,15,REVIEW_REQUIRED,"Turn exceeds MELD-style preferred maximum duration; inspect for over-consolidation, pauses, or non-testimony content."
D6skXbDJJj8_turn04624,D6skXbDJJj8,https://www.youtube.com/live/D6skXbDJJj8,LIVE: Lindsay Clancy Murder Trial — MA v. Lindsay Clancy — Day 8,/Users/rajeshpmu/Desktop/LegalMemoCMT/data/phase2/clancy/corpus/raw/live-lindsay-clancy-murder-trial-ma-v-lindsay-clancy-day-8/live-lindsay-clancy-murder-trial-ma-v-lindsay-clancy-day-8_D6skXbDJJj8.mp4,/Users/rajeshpmu/Desktop/LegalMemoCMT/data/phase2/clancy/corpus/raw/live-lindsay-clancy-murder-trial-ma-v-lindsay-clancy-day-8/live-lindsay-clancy-murder-trial-ma-v-lindsay-clancy-day-8_D6skXbDJJj8.en.vtt,/Users/rajeshpmu/Desktop/LegalMemoCMT/data/processed/phase2/clancy/turn_clips/video/D6skXbDJJj8/D6skXbDJJj8_turn04624.mp4,/Users/rajeshpmu/Desktop/LegalMemoCMT/data/processed/phase2/clancy/turn_clips/audio/D6skXbDJJj8/D6skXbDJJj8_turn04624.wav,01:52:57.519,01:54:01.833,64.314,7,REVIEW_REQUIRED,"Turn exceeds MELD-style preferred maximum duration; inspect for over-consolidation, pauses, or non-testimony content."
D6skXbDJJj8_turn04746,D6skXbDJJj8,https://www.youtube.com/live/D6skXbDJJj8,LIVE: Lindsay Clancy Murder Trial — MA v. Lindsay Clancy — Day 8,/Users/rajeshpmu/Desktop/LegalMemoCMT/data/phase2/clancy/corpus/raw/live-lindsay-clancy-murder-trial-ma-v-lindsay-clancy-day-8/live-lindsay-clancy-murder-trial-ma-v-lindsay-clancy-day-8_D6skXbDJJj8.mp4,/Users/rajeshpmu/Desktop/LegalMemoCMT/data/phase2/clancy/corpus/raw/live-lindsay-clancy-murder-trial-ma-v-lindsay-clancy-day-8/live-lindsay-clancy-murder-trial-ma-v-lindsay-clancy-day-8_D6skXbDJJj8.en.vtt,/Users/rajeshpmu/Desktop/LegalMemoCMT/data/processed/phase2/clancy/turn_clips/video/D6skXbDJJj8/D6skXbDJJj8_turn04746.mp4,/Users/rajeshpmu/Desktop/LegalMemoCMT/data/processed/phase2/clancy/turn_clips/audio/D6skXbDJJj8/D6skXbDJJj8_turn04746.wav,02:02:54.870,02:03:46.093,51.223,6,REVIEW_REQUIRED,"Turn exceeds MELD-style preferred maximum duration; inspect for over-consolidation, pauses, or non-testimony content."
D6skXbDJJj8_turn04833,D6skXbDJJj8,https://www.youtube.com/live/D6skXbDJJj8,LIVE: Lindsay Clancy Murder Trial — MA v. Lindsay Clancy — Day 8,/Users/rajeshpmu/Desktop/LegalMemoCMT/data/phase2/clancy/corpus/raw/live-lindsay-clancy-murder-trial-ma-v-lindsay-clancy-day-8/live-lindsay-clancy-murder-trial-ma-v-lindsay-clancy-day-8_D6skXbDJJj8.mp4,/Users/rajeshpmu/Desktop/LegalMemoCMT/data/phase2/clancy/corpus/raw/live-lindsay-clancy-murder-trial-ma-v-lindsay-clancy-day-8/live-lindsay-clancy-murder-trial-ma-v-lindsay-clancy-day-8_D6skXbDJJj8.en.vtt,/Users/rajeshpmu/Desktop/LegalMemoCMT/data/processed/phase2/clancy/turn_clips/video/D6skXbDJJj8/D6skXbDJJj8_turn04833.mp4,/Users/rajeshpmu/Desktop/LegalMemoCMT/data/processed/phase2/clancy/turn_clips/audio/D6skXbDJJj8/D6skXbDJJj8_turn04833.wav,02:11:02.338,02:12:08.171,65.833,5,REVIEW_REQUIRED,"Turn exceeds MELD-style preferred maximum duration; inspect for over-consolidation, pauses, or non-testimony content."
D6skXbDJJj8_turn04849,D6skXbDJJj8,https://www.youtube.com/live/D6skXbDJJj8,LIVE: Lindsay Clancy Murder Trial — MA v. Lindsay Clancy — Day 8,/Users/rajeshpmu/Desktop/LegalMemoCMT/data/phase2/clancy/corpus/raw/live-lindsay-clancy-murder-trial-ma-v-lindsay-clancy-day-8/live-lindsay-clancy-murder-trial-ma-v-lindsay-clancy-day-8_D6skXbDJJj8.mp4,/Users/rajeshpmu/Desktop/LegalMemoCMT/data/phase2/clancy/corpus/raw/live-lindsay-clancy-murder-trial-ma-v-lindsay-clancy-day-8/live-lindsay-clancy-murder-trial-ma-v-lindsay-clancy-day-8_D6skXbDJJj8.en.vtt,/Users/rajeshpmu/Desktop/LegalMemoCMT/data/processed/phase2/clancy/turn_clips/video/D6skXbDJJj8/D6skXbDJJj8_turn04849.mp4,/Users/rajeshpmu/Desktop/LegalMemoCMT/data/processed/phase2/clancy/turn_clips/audio/D6skXbDJJj8/D6skXbDJJj8_turn04849.wav,02:13:15.380,02:13:50.047,34.667,25,REVIEW_REQUIRED,"Turn exceeds MELD-style preferred maximum duration; inspect for over-consolidation, pauses, or non-testimony content."
D6skXbDJJj8_turn04850,D6skXbDJJj8,https://www.youtube.com/live/D6skXbDJJj8,LIVE: Lindsay Clancy Murder Trial — MA v. Lindsay Clancy — Day 8,/Users/rajeshpmu/Desktop/LegalMemoCMT/data/phase2/clancy/corpus/raw/live-lindsay-clancy-murder-trial-ma-v-lindsay-clancy-day-8/live-lindsay-clancy-murder-trial-ma-v-lindsay-clancy-day-8_D6skXbDJJj8.mp4,/Users/rajeshpmu/Desktop/LegalMemoCMT/data/phase2/clancy/corpus/raw/live-lindsay-clancy-murder-trial-ma-v-lindsay-clancy-day-8/live-lindsay-clancy-murder-trial-ma-v-lindsay-clancy-day-8_D6skXbDJJj8.en.vtt,/Users/rajeshpmu/Desktop/LegalMemoCMT/data/processed/phase2/clancy/turn_clips/video/D6skXbDJJj8/D6skXbDJJj8_turn04850.mp4,/Users/rajeshpmu/Desktop/LegalMemoCMT/data/processed/phase2/clancy/turn_clips/audio/D6skXbDJJj8/D6skXbDJJj8_turn04850.wav,02:13:50.047,02:14:36.603,46.556,39,REVIEW_REQUIRED,"Turn exceeds MELD-style preferred maximum duration; inspect for over-consolidation, pauses, or non-testimony content."
D6skXbDJJj8_turn04872,D6skXbDJJj8,https://www.youtube.com/live/D6skXbDJJj8,LIVE: Lindsay Clancy Murder Trial — MA v. Lindsay Clancy — Day 8,/Users/rajeshpmu/Desktop/LegalMemoCMT/data/phase2/clancy/corpus/raw/live-lindsay-clancy-murder-trial-ma-v-lindsay-clancy-day-8/live-lindsay-clancy-murder-trial-ma-v-lindsay-clancy-day-8_D6skXbDJJj8.mp4,/Users/rajeshpmu/Desktop/LegalMemoCMT/data/phase2/clancy/corpus/raw/live-lindsay-clancy-murder-trial-ma-v-lindsay-clancy-day-8/live-lindsay-clancy-murder-trial-ma-v-lindsay-clancy-day-8_D6skXbDJJj8.en.vtt,/Users/rajeshpmu/Desktop/LegalMemoCMT/data/processed/phase2/clancy/turn_clips/video/D6skXbDJJj8/D6skXbDJJj8_turn04872.mp4,/Users/rajeshpmu/Desktop/LegalMemoCMT/data/processed/phase2/clancy/turn_clips/audio/D6skXbDJJj8/D6skXbDJJj8_turn04872.wav,02:16:33.881,02:17:05.583,31.702,23,REVIEW_REQUIRED,"Turn exceeds MELD-style preferred maximum duration; inspect for over-consolidation, pauses, or non-testimony content."
D6skXbDJJj8_turn04878,D6skXbDJJj8,https://www.youtube.com/live/D6skXbDJJj8,LIVE: Lindsay Clancy Murder Trial — MA v. Lindsay Clancy — Day 8,/Users/rajeshpmu/Desktop/LegalMemoCMT/data/phase2/clancy/corpus/raw/live-lindsay-clancy-murder-trial-ma-v-lindsay-clancy-day-8/live-lindsay-clancy-murder-trial-ma-v-lindsay-clancy-day-8_D6skXbDJJj8.mp4,/Users/rajeshpmu/Desktop/LegalMemoCMT/data/phase2/clancy/corpus/raw/live-lindsay-clancy-murder-trial-ma-v-lindsay-clancy-day-8/live-lindsay-clancy-murder-trial-ma-v-lindsay-clancy-day-8_D6skXbDJJj8.en.vtt,/Users/rajeshpmu/Desktop/LegalMemoCMT/data/processed/phase2/clancy/turn_clips/video/D6skXbDJJj8/D6skXbDJJj8_turn04878.mp4,/Users/rajeshpmu/Desktop/LegalMemoCMT/data/processed/phase2/clancy/turn_clips/audio/D6skXbDJJj8/D6skXbDJJj8_turn04878.wav,02:17:21.218,02:18:24.715,63.497,45,REVIEW_REQUIRED,"Turn exceeds MELD-style preferred maximum duration; inspect for over-consolidation, pauses, or non-testimony content."
D6skXbDJJj8_turn04891,D6skXbDJJj8,https://www.youtube.com/live/D6skXbDJJj8,LIVE: Lindsay Clancy Murder Trial — MA v. Lindsay Clancy — Day 8,/Users/rajeshpmu/Desktop/LegalMemoCMT/data/phase2/clancy/corpus/raw/live-lindsay-clancy-murder-trial-ma-v-lindsay-clancy-day-8/live-lindsay-clancy-murder-trial-ma-v-lindsay-clancy-day-8_D6skXbDJJj8.mp4,/Users/rajeshpmu/Desktop/LegalMemoCMT/data/phase2/clancy/corpus/raw/live-lindsay-clancy-murder-trial-ma-v-lindsay-clancy-day-8/live-lindsay-clancy-murder-trial-ma-v-lindsay-clancy-day-8_D6skXbDJJj8.en.vtt,/Users/rajeshpmu/Desktop/LegalMemoCMT/data/processed/phase2/clancy/turn_clips/video/D6skXbDJJj8/D6skXbDJJj8_turn04891.mp4,/Users/rajeshpmu/Desktop/LegalMemoCMT/data/processed/phase2/clancy/turn_clips/audio/D6skXbDJJj8/D6skXbDJJj8_turn04891.wav,02:20:26.499,02:21:04.461,37.962,29,REVIEW_REQUIRED,"Turn exceeds MELD-style preferred maximum duration; inspect for over-consolidation, pauses, or non-testimony content."
D6skXbDJJj8_turn04921,D6skXbDJJj8,https://www.youtube.com/live/D6skXbDJJj8,LIVE: Lindsay Clancy Murder Trial — MA v. Lindsay Clancy — Day 8,/Users/rajeshpmu/Desktop/LegalMemoCMT/data/phase2/clancy/corpus/raw/live-lindsay-clancy-murder-trial-ma-v-lindsay-clancy-day-8/live-lindsay-clancy-murder-trial-ma-v-lindsay-clancy-day-8_D6skXbDJJj8.mp4,/Users/rajeshpmu/Desktop/LegalMemoCMT/data/phase2/clancy/corpus/raw/live-lindsay-clancy-murder-trial-ma-v-lindsay-clancy-day-8/live-lindsay-clancy-murder-trial-ma-v-lindsay-clancy-day-8_D6skXbDJJj8.en.vtt,/Users/rajeshpmu/Desktop/LegalMemoCMT/data/processed/phase2/clancy/turn_clips/video/D6skXbDJJj8/D6skXbDJJj8_turn04921.mp4,/Users/rajeshpmu/Desktop/LegalMemoCMT/data/processed/phase2/clancy/turn_clips/audio/D6skXbDJJj8/D6skXbDJJj8_turn04921.wav,02:24:23.273,02:25:00.472,37.199,25,REVIEW_REQUIRED,"Turn exceeds MELD-style preferred maximum duration; inspect for over-consolidation, pauses, or non-testimony content."
D6skXbDJJj8_turn04955,D6skXbDJJj8,https://www.youtube.com/live/D6skXbDJJj8,LIVE: Lindsay Clancy Murder Trial — MA v. Lindsay Clancy — Day 8,/Users/rajeshpmu/Desktop/LegalMemoCMT/data/phase2/clancy/corpus/raw/live-lindsay-clancy-murder-trial-ma-v-lindsay-clancy-day-8/live-lindsay-clancy-murder-trial-ma-v-lindsay-clancy-day-8_D6skXbDJJj8.mp4,/Users/rajeshpmu/Desktop/LegalMemoCMT/data/phase2/clancy/corpus/raw/live-lindsay-clancy-murder-trial-ma-v-lindsay-clancy-day-8/live-lindsay-clancy-murder-trial-ma-v-lindsay-clancy-day-8_D6skXbDJJj8.en.vtt,/Users/rajeshpmu/Desktop/LegalMemoCMT/data/processed/phase2/clancy/turn_clips/video/D6skXbDJJj8/D6skXbDJJj8_turn04955.mp4,/Users/rajeshpmu/Desktop/LegalMemoCMT/data/processed/phase2/clancy/turn_clips/audio/D6skXbDJJj8/D6skXbDJJj8_turn04955.wav,02:29:38.081,02:30:33.399,55.318,3,REVIEW_REQUIRED,"Turn exceeds MELD-style preferred maximum duration; inspect for over-consolidation, pauses, or non-testimony content."
D6skXbDJJj8_turn05052,D6skXbDJJj8,https://www.youtube.com/live/D6skXbDJJj8,LIVE: Lindsay Clancy Murder Trial — MA v. Lindsay Clancy — Day 8,/Users/rajeshpmu/Desktop/LegalMemoCMT/data/phase2/clancy/corpus/raw/live-lindsay-clancy-murder-trial-ma-v-lindsay-clancy-day-8/live-lindsay-clancy-murder-trial-ma-v-lindsay-clancy-day-8_D6skXbDJJj8.mp4,/Users/rajeshpmu/Desktop/LegalMemoCMT/data/phase2/clancy/corpus/raw/live-lindsay-clancy-murder-trial-ma-v-lindsay-clancy-day-8/live-lindsay-clancy-murder-trial-ma-v-lindsay-clancy-day-8_D6skXbDJJj8.en.vtt,/Users/rajeshpmu/Desktop/LegalMemoCMT/data/processed/phase2/clancy/turn_clips/video/D6skXbDJJj8/D6skXbDJJj8_turn05052.mp4,/Users/rajeshpmu/Desktop/LegalMemoCMT/data/processed/phase2/clancy/turn_clips/audio/D6skXbDJJj8/D6skXbDJJj8_turn05052.wav,02:37:55.816,02:38:30.653,34.837,23,REVIEW_REQUIRED,"Turn exceeds MELD-style preferred maximum duration; inspect for over-consolidation, pauses, or non-testimony content."
D6skXbDJJj8_turn05147,D6skXbDJJj8,https://www.youtube.com/live/D6skXbDJJj8,LIVE: Lindsay Clancy Murder Trial — MA v. Lindsay Clancy — Day 8,/Users/rajeshpmu/Desktop/LegalMemoCMT/data/phase2/clancy/corpus/raw/live-lindsay-clancy-murder-trial-ma-v-lindsay-clancy-day-8/live-lindsay-clancy-murder-trial-ma-v-lindsay-clancy-day-8_D6skXbDJJj8.mp4,/Users/rajeshpmu/Desktop/LegalMemoCMT/data/phase2/clancy/corpus/raw/live-lindsay-clancy-murder-trial-ma-v-lindsay-clancy-day-8/live-lindsay-clancy-murder-trial-ma-v-lindsay-clancy-day-8_D6skXbDJJj8.en.vtt,/Users/rajeshpmu/Desktop/LegalMemoCMT/data/processed/phase2/clancy/turn_clips/video/D6skXbDJJj8/D6skXbDJJj8_turn05147.mp4,/Users/rajeshpmu/Desktop/LegalMemoCMT/data/processed/phase2/clancy/turn_clips/audio/D6skXbDJJj8/D6skXbDJJj8_turn05147.wav,02:47:49.965,02:48:42.703,52.738,11,REVIEW_REQUIRED,"Turn exceeds MELD-style preferred maximum duration; inspect for over-consolidation, pauses, or non-testimony content."
D6skXbDJJj8_turn05148,D6skXbDJJj8,https://www.youtube.com/live/D6skXbDJJj8,LIVE: Lindsay Clancy Murder Trial — MA v. Lindsay Clancy — Day 8,/Users/rajeshpmu/Desktop/LegalMemoCMT/data/phase2/clancy/corpus/raw/live-lindsay-clancy-murder-trial-ma-v-lindsay-clancy-day-8/live-lindsay-clancy-murder-trial-ma-v-lindsay-clancy-day-8_D6skXbDJJj8.mp4,/Users/rajeshpmu/Desktop/LegalMemoCMT/data/phase2/clancy/corpus/raw/live-lindsay-clancy-murder-trial-ma-v-lindsay-clancy-day-8/live-lindsay-clancy-murder-trial-ma-v-lindsay-clancy-day-8_D6skXbDJJj8.en.vtt,/Users/rajeshpmu/Desktop/LegalMemoCMT/data/processed/phase2/clancy/turn_clips/video/D6skXbDJJj8/D6skXbDJJj8_turn05148.mp4,/Users/rajeshpmu/Desktop/LegalMemoCMT/data/processed/phase2/clancy/turn_clips/audio/D6skXbDJJj8/D6skXbDJJj8_turn05148.wav,02:48:42.703,03:19:47.995,1865.292,9,REVIEW_REQUIRED,"Turn exceeds MELD-style preferred maximum duration; inspect for over-consolidation, pauses, or non-testimony content."
D6skXbDJJj8_turn05151,D6skXbDJJj8,https://www.youtube.com/live/D6skXbDJJj8,LIVE: Lindsay Clancy Murder Trial — MA v. Lindsay Clancy — Day 8,/Users/rajeshpmu/Desktop/LegalMemoCMT/data/phase2/clancy/corpus/raw/live-lindsay-clancy-murder-trial-ma-v-lindsay-clancy-day-8/live-lindsay-clancy-murder-trial-ma-v-lindsay-clancy-day-8_D6skXbDJJj8.mp4,/Users/rajeshpmu/Desktop/LegalMemoCMT/data/phase2/clancy/corpus/raw/live-lindsay-clancy-murder-trial-ma-v-lindsay-clancy-day-8/live-lindsay-clancy-murder-trial-ma-v-lindsay-clancy-day-8_D6skXbDJJj8.en.vtt,/Users/rajeshpmu/Desktop/LegalMemoCMT/data/processed/phase2/clancy/turn_clips/video/D6skXbDJJj8/D6skXbDJJj8_turn05151.mp4,/Users/rajeshpmu/Desktop/LegalMemoCMT/data/processed/phase2/clancy/turn_clips/audio/D6skXbDJJj8/D6skXbDJJj8_turn05151.wav,03:19:59.959,03:22:54.525,174.566,7,REVIEW_REQUIRED,"Turn exceeds MELD-style preferred maximum duration; inspect for over-consolidation, pauses, or non-testimony content."
D6skXbDJJj8_turn05154,D6skXbDJJj8,https://www.youtube.com/live/D6skXbDJJj8,LIVE: Lindsay Clancy Murder Trial — MA v. Lindsay Clancy — Day 8,/Users/rajeshpmu/Desktop/LegalMemoCMT/data/phase2/clancy/corpus/raw/live-lindsay-clancy-murder-trial-ma-v-lindsay-clancy-day-8/live-lindsay-clancy-murder-trial-ma-v-lindsay-clancy-day-8_D6skXbDJJj8.mp4,/Users/rajeshpmu/Desktop/LegalMemoCMT/data/phase2/clancy/corpus/raw/live-lindsay-clancy-murder-trial-ma-v-lindsay-clancy-day-8/live-lindsay-clancy-murder-trial-ma-v-lindsay-clancy-day-8_D6skXbDJJj8.en.vtt,/Users/rajeshpmu/Desktop/LegalMemoCMT/data/processed/phase2/clancy/turn_clips/video/D6skXbDJJj8/D6skXbDJJj8_turn05154.mp4,/Users/rajeshpmu/Desktop/LegalMemoCMT/data/processed/phase2/clancy/turn_clips/audio/D6skXbDJJj8/D6skXbDJJj8_turn05154.wav,03:23:18.396,03:23:48.435,30.039,5,REVIEW_REQUIRED,"Turn exceeds MELD-style preferred maximum duration; inspect for over-consolidation, pauses, or non-testimony content."
D6skXbDJJj8_turn05314,D6skXbDJJj8,https://www.youtube.com/live/D6skXbDJJj8,LIVE: Lindsay Clancy Murder Trial — MA v. Lindsay Clancy — Day 8,/Users/rajeshpmu/Desktop/LegalMemoCMT/data/phase2/clancy/corpus/raw/live-lindsay-clancy-murder-trial-ma-v-lindsay-clancy-day-8/live-lindsay-clancy-murder-trial-ma-v-lindsay-clancy-day-8_D6skXbDJJj8.mp4,/Users/rajeshpmu/Desktop/LegalMemoCMT/data/phase2/clancy/corpus/raw/live-lindsay-clancy-murder-trial-ma-v-lindsay-clancy-day-8/live-lindsay-clancy-murder-trial-ma-v-lindsay-clancy-day-8_D6skXbDJJj8.en.vtt,/Users/rajeshpmu/Desktop/LegalMemoCMT/data/processed/phase2/clancy/turn_clips/video/D6skXbDJJj8/D6skXbDJJj8_turn05314.mp4,/Users/rajeshpmu/Desktop/LegalMemoCMT/data/processed/phase2/clancy/turn_clips/audio/D6skXbDJJj8/D6skXbDJJj8_turn05314.wav,03:38:42.747,03:39:14.169,31.422,29,REVIEW_REQUIRED,"Turn exceeds MELD-style preferred maximum duration; inspect for over-consolidation, pauses, or non-testimony content."
D6skXbDJJj8_turn05340,D6skXbDJJj8,https://www.youtube.com/live/D6skXbDJJj8,LIVE: Lindsay Clancy Murder Trial — MA v. Lindsay Clancy — Day 8,/Users/rajeshpmu/Desktop/LegalMemoCMT/data/phase2/clancy/corpus/raw/live-lindsay-clancy-murder-trial-ma-v-lindsay-clancy-day-8/live-lindsay-clancy-murder-trial-ma-v-lindsay-clancy-day-8_D6skXbDJJj8.mp4,/Users/rajeshpmu/Desktop/LegalMemoCMT/data/phase2/clancy/corpus/raw/live-lindsay-clancy-murder-trial-ma-v-lindsay-clancy-day-8/live-lindsay-clancy-murder-trial-ma-v-lindsay-clancy-day-8_D6skXbDJJj8.en.vtt,/Users/rajeshpmu/Desktop/LegalMemoCMT/data/processed/phase2/clancy/turn_clips/video/D6skXbDJJj8/D6skXbDJJj8_turn05340.mp4,/Users/rajeshpmu/Desktop/LegalMemoCMT/data/processed/phase2/clancy/turn_clips/audio/D6skXbDJJj8/D6skXbDJJj8_turn05340.wav,03:42:11.034,03:43:02.389,51.355,7,REVIEW_REQUIRED,"Turn exceeds MELD-style preferred maximum duration; inspect for over-consolidation, pauses, or non-testimony content."
D6skXbDJJj8_turn05523,D6skXbDJJj8,https://www.youtube.com/live/D6skXbDJJj8,LIVE: Lindsay Clancy Murder Trial — MA v. Lindsay Clancy — Day 8,/Users/rajeshpmu/Desktop/LegalMemoCMT/data/phase2/clancy/corpus/raw/live-lindsay-clancy-murder-trial-ma-v-lindsay-clancy-day-8/live-lindsay-clancy-murder-trial-ma-v-lindsay-clancy-day-8_D6skXbDJJj8.mp4,/Users/rajeshpmu/Desktop/LegalMemoCMT/data/phase2/clancy/corpus/raw/live-lindsay-clancy-murder-trial-ma-v-lindsay-clancy-day-8/live-lindsay-clancy-murder-trial-ma-v-lindsay-clancy-day-8_D6skXbDJJj8.en.vtt,/Users/rajeshpmu/Desktop/LegalMemoCMT/data/processed/phase2/clancy/turn_clips/video/D6skXbDJJj8/D6skXbDJJj8_turn05523.mp4,/Users/rajeshpmu/Desktop/LegalMemoCMT/data/processed/phase2/clancy/turn_clips/audio/D6skXbDJJj8/D6skXbDJJj8_turn05523.wav,03:57:28.891,04:00:07.530,158.639,3,REVIEW_REQUIRED,"Turn exceeds MELD-style preferred maximum duration; inspect for over-consolidation, pauses, or non-testimony content."
D6skXbDJJj8_turn05524,D6skXbDJJj8,https://www.youtube.com/live/D6skXbDJJj8,LIVE: Lindsay Clancy Murder Trial — MA v. Lindsay Clancy — Day 8,/Users/rajeshpmu/Desktop/LegalMemoCMT/data/phase2/clancy/corpus/raw/live-lindsay-clancy-murder-trial-ma-v-lindsay-clancy-day-8/live-lindsay-clancy-murder-trial-ma-v-lindsay-clancy-day-8_D6skXbDJJj8.mp4,/Users/rajeshpmu/Desktop/LegalMemoCMT/data/phase2/clancy/corpus/raw/live-lindsay-clancy-murder-trial-ma-v-lindsay-clancy-day-8/live-lindsay-clancy-murder-trial-ma-v-lindsay-clancy-day-8_D6skXbDJJj8.en.vtt,/Users/rajeshpmu/Desktop/LegalMemoCMT/data/processed/phase2/clancy/turn_clips/video/D6skXbDJJj8/D6skXbDJJj8_turn05524.mp4,/Users/rajeshpmu/Desktop/LegalMemoCMT/data/processed/phase2/clancy/turn_clips/audio/D6skXbDJJj8/D6skXbDJJj8_turn05524.wav,04:00:07.530,04:02:03.438,115.908,11,REVIEW_REQUIRED,"Turn exceeds MELD-style preferred maximum duration; inspect for over-consolidation, pauses, or non-testimony content."
D6skXbDJJj8_turn05551,D6skXbDJJj8,https://www.youtube.com/live/D6skXbDJJj8,LIVE: Lindsay Clancy Murder Trial — MA v. Lindsay Clancy — Day 8,/Users/rajeshpmu/Desktop/LegalMemoCMT/data/phase2/clancy/corpus/raw/live-lindsay-clancy-murder-trial-ma-v-lindsay-clancy-day-8/live-lindsay-clancy-murder-trial-ma-v-lindsay-clancy-day-8_D6skXbDJJj8.mp4,/Users/rajeshpmu/Desktop/LegalMemoCMT/data/phase2/clancy/corpus/raw/live-lindsay-clancy-murder-trial-ma-v-lindsay-clancy-day-8/live-lindsay-clancy-murder-trial-ma-v-lindsay-clancy-day-8_D6skXbDJJj8.en.vtt,/Users/rajeshpmu/Desktop/LegalMemoCMT/data/processed/phase2/clancy/turn_clips/video/D6skXbDJJj8/D6skXbDJJj8_turn05551.mp4,/Users/rajeshpmu/Desktop/LegalMemoCMT/data/processed/phase2/clancy/turn_clips/audio/D6skXbDJJj8/D6skXbDJJj8_turn05551.wav,04:04:40.710,04:07:11.725,151.015,26,REVIEW_REQUIRED,"Turn exceeds MELD-style preferred maximum duration; inspect for over-consolidation, pauses, or non-testimony content."
D6skXbDJJj8_turn05552,D6skXbDJJj8,https://www.youtube.com/live/D6skXbDJJj8,LIVE: Lindsay Clancy Murder Trial — MA v. Lindsay Clancy — Day 8,/Users/rajeshpmu/Desktop/LegalMemoCMT/data/phase2/clancy/corpus/raw/live-lindsay-clancy-murder-trial-ma-v-lindsay-clancy-day-8/live-lindsay-clancy-murder-trial-ma-v-lindsay-clancy-day-8_D6skXbDJJj8.mp4,/Users/rajeshpmu/Desktop/LegalMemoCMT/data/phase2/clancy/corpus/raw/live-lindsay-clancy-murder-trial-ma-v-lindsay-clancy-day-8/live-lindsay-clancy-murder-trial-ma-v-lindsay-clancy-day-8_D6skXbDJJj8.en.vtt,/Users/rajeshpmu/Desktop/LegalMemoCMT/data/processed/phase2/clancy/turn_clips/video/D6skXbDJJj8/D6skXbDJJj8_turn05552.mp4,/Users/rajeshpmu/Desktop/LegalMemoCMT/data/processed/phase2/clancy/turn_clips/audio/D6skXbDJJj8/D6skXbDJJj8_turn05552.wav,04:07:11.725,05:32:42.892,5131.167,17,REVIEW_REQUIRED,"Turn exceeds MELD-style preferred maximum duration; inspect for over-consolidation, pauses, or non-testimony content."
D6skXbDJJj8_turn05557,D6skXbDJJj8,https://www.youtube.com/live/D6skXbDJJj8,LIVE: Lindsay Clancy Murder Trial — MA v. Lindsay Clancy — Day 8,/Users/rajeshpmu/Desktop/LegalMemoCMT/data/phase2/clancy/corpus/raw/live-lindsay-clancy-murder-trial-ma-v-lindsay-clancy-day-8/live-lindsay-clancy-murder-trial-ma-v-lindsay-clancy-day-8_D6skXbDJJj8.mp4,/Users/rajeshpmu/Desktop/LegalMemoCMT/data/phase2/clancy/corpus/raw/live-lindsay-clancy-murder-trial-ma-v-lindsay-clancy-day-8/live-lindsay-clancy-murder-trial-ma-v-lindsay-clancy-day-8_D6skXbDJJj8.en.vtt,/Users/rajeshpmu/Desktop/LegalMemoCMT/data/processed/phase2/clancy/turn_clips/video/D6skXbDJJj8/D6skXbDJJj8_turn05557.mp4,/Users/rajeshpmu/Desktop/LegalMemoCMT/data/processed/phase2/clancy/turn_clips/audio/D6skXbDJJj8/D6skXbDJJj8_turn05557.wav,05:33:40.589,05:34:18.489,37.900,9,REVIEW_REQUIRED,"Turn exceeds MELD-style preferred maximum duration; inspect for over-consolidation, pauses, or non-testimony content."
D6skXbDJJj8_turn05561,D6skXbDJJj8,https://www.youtube.com/live/D6skXbDJJj8,LIVE: Lindsay Clancy Murder Trial — MA v. Lindsay Clancy — Day 8,/Users/rajeshpmu/Desktop/LegalMemoCMT/data/phase2/clancy/corpus/raw/live-lindsay-clancy-murder-trial-ma-v-lindsay-clancy-day-8/live-lindsay-clancy-murder-trial-ma-v-lindsay-clancy-day-8_D6skXbDJJj8.mp4,/Users/rajeshpmu/Desktop/LegalMemoCMT/data/phase2/clancy/corpus/raw/live-lindsay-clancy-murder-trial-ma-v-lindsay-clancy-day-8/live-lindsay-clancy-murder-trial-ma-v-lindsay-clancy-day-8_D6skXbDJJj8.en.vtt,/Users/rajeshpmu/Desktop/LegalMemoCMT/data/processed/phase2/clancy/turn_clips/video/D6skXbDJJj8/D6skXbDJJj8_turn05561.mp4,/Users/rajeshpmu/Desktop/LegalMemoCMT/data/processed/phase2/clancy/turn_clips/audio/D6skXbDJJj8/D6skXbDJJj8_turn05561.wav,05:34:28.358,05:35:32.103,63.745,5,REVIEW_REQUIRED,"Turn exceeds MELD-style preferred maximum duration; inspect for over-consolidation, pauses, or non-testimony content."
D6skXbDJJj8_turn05806,D6skXbDJJj8,https://www.youtube.com/live/D6skXbDJJj8,LIVE: Lindsay Clancy Murder Trial — MA v. Lindsay Clancy — Day 8,/Users/rajeshpmu/Desktop/LegalMemoCMT/data/phase2/clancy/corpus/raw/live-lindsay-clancy-murder-trial-ma-v-lindsay-clancy-day-8/live-lindsay-clancy-murder-trial-ma-v-lindsay-clancy-day-8_D6skXbDJJj8.mp4,/Users/rajeshpmu/Desktop/LegalMemoCMT/data/phase2/clancy/corpus/raw/live-lindsay-clancy-murder-trial-ma-v-lindsay-clancy-day-8/live-lindsay-clancy-murder-trial-ma-v-lindsay-clancy-day-8_D6skXbDJJj8.en.vtt,/Users/rajeshpmu/Desktop/LegalMemoCMT/data/processed/phase2/clancy/turn_clips/video/D6skXbDJJj8/D6skXbDJJj8_turn05806.mp4,/Users/rajeshpmu/Desktop/LegalMemoCMT/data/processed/phase2/clancy/turn_clips/audio/D6skXbDJJj8/D6skXbDJJj8_turn05806.wav,05:52:05.818,05:52:41.484,35.666,13,REVIEW_REQUIRED,"Turn exceeds MELD-style preferred maximum duration; inspect for over-consolidation, pauses, or non-testimony content."
D6skXbDJJj8_turn05811,D6skXbDJJj8,https://www.youtube.com/live/D6skXbDJJj8,LIVE: Lindsay Clancy Murder Trial — MA v. Lindsay Clancy — Day 8,/Users/rajeshpmu/Desktop/LegalMemoCMT/data/phase2/clancy/corpus/raw/live-lindsay-clancy-murder-trial-ma-v-lindsay-clancy-day-8/live-lindsay-clancy-murder-trial-ma-v-lindsay-clancy-day-8_D6skXbDJJj8.mp4,/Users/rajeshpmu/Desktop/LegalMemoCMT/data/phase2/clancy/corpus/raw/live-lindsay-clancy-murder-trial-ma-v-lindsay-clancy-day-8/live-lindsay-clancy-murder-trial-ma-v-lindsay-clancy-day-8_D6skXbDJJj8.en.vtt,/Users/rajeshpmu/Desktop/LegalMemoCMT/data/processed/phase2/clancy/turn_clips/video/D6skXbDJJj8/D6skXbDJJj8_turn05811.mp4,/Users/rajeshpmu/Desktop/LegalMemoCMT/data/processed/phase2/clancy/turn_clips/audio/D6skXbDJJj8/D6skXbDJJj8_turn05811.wav,05:53:01.492,05:54:17.570,76.078,71,REVIEW_REQUIRED,"Turn exceeds MELD-style preferred maximum duration; inspect for over-consolidation, pauses, or non-testimony content."
D6skXbDJJj8_turn05831,D6skXbDJJj8,https://www.youtube.com/live/D6skXbDJJj8,LIVE: Lindsay Clancy Murder Trial — MA v. Lindsay Clancy — Day 8,/Users/rajeshpmu/Desktop/LegalMemoCMT/data/phase2/clancy/corpus/raw/live-lindsay-clancy-murder-trial-ma-v-lindsay-clancy-day-8/live-lindsay-clancy-murder-trial-ma-v-lindsay-clancy-day-8_D6skXbDJJj8.mp4,/Users/rajeshpmu/Desktop/LegalMemoCMT/data/phase2/clancy/corpus/raw/live-lindsay-clancy-murder-trial-ma-v-lindsay-clancy-day-8/live-lindsay-clancy-murder-trial-ma-v-lindsay-clancy-day-8_D6skXbDJJj8.en.vtt,/Users/rajeshpmu/Desktop/LegalMemoCMT/data/processed/phase2/clancy/turn_clips/video/D6skXbDJJj8/D6skXbDJJj8_turn05831.mp4,/Users/rajeshpmu/Desktop/LegalMemoCMT/data/processed/phase2/clancy/turn_clips/audio/D6skXbDJJj8/D6skXbDJJj8_turn05831.wav,05:55:36.889,05:58:44.989,188.100,77,REVIEW_REQUIRED,"Turn exceeds MELD-style preferred maximum duration; inspect for over-consolidation, pauses, or non-testimony content."
D6skXbDJJj8_turn05832,D6skXbDJJj8,https://www.youtube.com/live/D6skXbDJJj8,LIVE: Lindsay Clancy Murder Trial — MA v. Lindsay Clancy — Day 8,/Users/rajeshpmu/Desktop/LegalMemoCMT/data/phase2/clancy/corpus/raw/live-lindsay-clancy-murder-trial-ma-v-lindsay-clancy-day-8/live-lindsay-clancy-murder-trial-ma-v-lindsay-clancy-day-8_D6skXbDJJj8.mp4,/Users/rajeshpmu/Desktop/LegalMemoCMT/data/phase2/clancy/corpus/raw/live-lindsay-clancy-murder-trial-ma-v-lindsay-clancy-day-8/live-lindsay-clancy-murder-trial-ma-v-lindsay-clancy-day-8_D6skXbDJJj8.en.vtt,/Users/rajeshpmu/Desktop/LegalMemoCMT/data/processed/phase2/clancy/turn_clips/video/D6skXbDJJj8/D6skXbDJJj8_turn05832.mp4,/Users/rajeshpmu/Desktop/LegalMemoCMT/data/processed/phase2/clancy/turn_clips/audio/D6skXbDJJj8/D6skXbDJJj8_turn05832.wav,05:58:44.989,05:59:20.862,35.873,7,REVIEW_REQUIRED,"Turn exceeds MELD-style preferred maximum duration; inspect for over-consolidation, pauses, or non-testimony content."
D6skXbDJJj8_turn05833,D6skXbDJJj8,https://www.youtube.com/live/D6skXbDJJj8,LIVE: Lindsay Clancy Murder Trial — MA v. Lindsay Clancy — Day 8,/Users/rajeshpmu/Desktop/LegalMemoCMT/data/phase2/clancy/corpus/raw/live-lindsay-clancy-murder-trial-ma-v-lindsay-clancy-day-8/live-lindsay-clancy-murder-trial-ma-v-lindsay-clancy-day-8_D6skXbDJJj8.mp4,/Users/rajeshpmu/Desktop/LegalMemoCMT/data/phase2/clancy/corpus/raw/live-lindsay-clancy-murder-trial-ma-v-lindsay-clancy-day-8/live-lindsay-clancy-murder-trial-ma-v-lindsay-clancy-day-8_D6skXbDJJj8.en.vtt,/Users/rajeshpmu/Desktop/LegalMemoCMT/data/processed/phase2/clancy/turn_clips/video/D6skXbDJJj8/D6skXbDJJj8_turn05833.mp4,/Users/rajeshpmu/Desktop/LegalMemoCMT/data/processed/phase2/clancy/turn_clips/audio/D6skXbDJJj8/D6skXbDJJj8_turn05833.wav,05:59:20.862,06:24:30.010,1509.148,21,REVIEW_REQUIRED,"Turn exceeds MELD-style preferred maximum duration; inspect for over-consolidation, pauses, or non-testimony content."
D6skXbDJJj8_turn05835,D6skXbDJJj8,https://www.youtube.com/live/D6skXbDJJj8,LIVE: Lindsay Clancy Murder Trial — MA v. Lindsay Clancy — Day 8,/Users/rajeshpmu/Desktop/LegalMemoCMT/data/phase2/clancy/corpus/raw/live-lindsay-clancy-murder-trial-ma-v-lindsay-clancy-day-8/live-lindsay-clancy-murder-trial-ma-v-lindsay-clancy-day-8_D6skXbDJJj8.mp4,/Users/rajeshpmu/Desktop/LegalMemoCMT/data/phase2/clancy/corpus/raw/live-lindsay-clancy-murder-trial-ma-v-lindsay-clancy-day-8/live-lindsay-clancy-murder-trial-ma-v-lindsay-clancy-day-8_D6skXbDJJj8.en.vtt,/Users/rajeshpmu/Desktop/LegalMemoCMT/data/processed/phase2/clancy/turn_clips/video/D6skXbDJJj8/D6skXbDJJj8_turn05835.mp4,/Users/rajeshpmu/Desktop/LegalMemoCMT/data/processed/phase2/clancy/turn_clips/audio/D6skXbDJJj8/D6skXbDJJj8_turn05835.wav,06:24:45.034,06:25:36.682,51.648,41,REVIEW_REQUIRED,"Turn exceeds MELD-style preferred maximum duration; inspect for over-consolidation, pauses, or non-testimony content."
D6skXbDJJj8_turn05836,D6skXbDJJj8,https://www.youtube.com/live/D6skXbDJJj8,LIVE: Lindsay Clancy Murder Trial — MA v. Lindsay Clancy — Day 8,/Users/rajeshpmu/Desktop/LegalMemoCMT/data/phase2/clancy/corpus/raw/live-lindsay-clancy-murder-trial-ma-v-lindsay-clancy-day-8/live-lindsay-clancy-murder-trial-ma-v-lindsay-clancy-day-8_D6skXbDJJj8.mp4,/Users/rajeshpmu/Desktop/LegalMemoCMT/data/phase2/clancy/corpus/raw/live-lindsay-clancy-murder-trial-ma-v-lindsay-clancy-day-8/live-lindsay-clancy-murder-trial-ma-v-lindsay-clancy-day-8_D6skXbDJJj8.en.vtt,/Users/rajeshpmu/Desktop/LegalMemoCMT/data/processed/phase2/clancy/turn_clips/video/D6skXbDJJj8/D6skXbDJJj8_turn05836.mp4,/Users/rajeshpmu/Desktop/LegalMemoCMT/data/processed/phase2/clancy/turn_clips/audio/D6skXbDJJj8/D6skXbDJJj8_turn05836.wav,06:25:36.682,06:34:13.980,517.298,409,REVIEW_REQUIRED,"Turn exceeds MELD-style preferred maximum duration; inspect for over-consolidation, pauses, or non-testimony content."
D6skXbDJJj8_turn05842,D6skXbDJJj8,https://www.youtube.com/live/D6skXbDJJj8,LIVE: Lindsay Clancy Murder Trial — MA v. Lindsay Clancy — Day 8,/Users/rajeshpmu/Desktop/LegalMemoCMT/data/phase2/clancy/corpus/raw/live-lindsay-clancy-murder-trial-ma-v-lindsay-clancy-day-8/live-lindsay-clancy-murder-trial-ma-v-lindsay-clancy-day-8_D6skXbDJJj8.mp4,/Users/rajeshpmu/Desktop/LegalMemoCMT/data/phase2/clancy/corpus/raw/live-lindsay-clancy-murder-trial-ma-v-lindsay-clancy-day-8/live-lindsay-clancy-murder-trial-ma-v-lindsay-clancy-day-8_D6skXbDJJj8.en.vtt,/Users/rajeshpmu/Desktop/LegalMemoCMT/data/processed/phase2/clancy/turn_clips/video/D6skXbDJJj8/D6skXbDJJj8_turn05842.mp4,/Users/rajeshpmu/Desktop/LegalMemoCMT/data/processed/phase2/clancy/turn_clips/audio/D6skXbDJJj8/D6skXbDJJj8_turn05842.wav,06:35:12.062,06:35:44.722,32.660,23,REVIEW_REQUIRED,"Turn exceeds MELD-style preferred maximum duration; inspect for over-consolidation, pauses, or non-testimony content."
D6skXbDJJj8_turn05845,D6skXbDJJj8,https://www.youtube.com/live/D6skXbDJJj8,LIVE: Lindsay Clancy Murder Trial — MA v. Lindsay Clancy — Day 8,/Users/rajeshpmu/Desktop/LegalMemoCMT/data/phase2/clancy/corpus/raw/live-lindsay-clancy-murder-trial-ma-v-lindsay-clancy-day-8/live-lindsay-clancy-murder-trial-ma-v-lindsay-clancy-day-8_D6skXbDJJj8.mp4,/Users/rajeshpmu/Desktop/LegalMemoCMT/data/phase2/clancy/corpus/raw/live-lindsay-clancy-murder-trial-ma-v-lindsay-clancy-day-8/live-lindsay-clancy-murder-trial-ma-v-lindsay-clancy-day-8_D6skXbDJJj8.en.vtt,/Users/rajeshpmu/Desktop/LegalMemoCMT/data/processed/phase2/clancy/turn_clips/video/D6skXbDJJj8/D6skXbDJJj8_turn05845.mp4,/Users/rajeshpmu/Desktop/LegalMemoCMT/data/processed/phase2/clancy/turn_clips/audio/D6skXbDJJj8/D6skXbDJJj8_turn05845.wav,06:36:23.604,06:36:58.822,35.218,31,REVIEW_REQUIRED,"Turn exceeds MELD-style preferred maximum duration; inspect for over-consolidation, pauses, or non-testimony content."
D6skXbDJJj8_turn05847,D6skXbDJJj8,https://www.youtube.com/live/D6skXbDJJj8,LIVE: Lindsay Clancy Murder Trial — MA v. Lindsay Clancy — Day 8,/Users/rajeshpmu/Desktop/LegalMemoCMT/data/phase2/clancy/corpus/raw/live-lindsay-clancy-murder-trial-ma-v-lindsay-clancy-day-8/live-lindsay-clancy-murder-trial-ma-v-lindsay-clancy-day-8_D6skXbDJJj8.mp4,/Users/rajeshpmu/Desktop/LegalMemoCMT/data/phase2/clancy/corpus/raw/live-lindsay-clancy-murder-trial-ma-v-lindsay-clancy-day-8/live-lindsay-clancy-murder-trial-ma-v-lindsay-clancy-day-8_D6skXbDJJj8.en.vtt,/Users/rajeshpmu/Desktop/LegalMemoCMT/data/processed/phase2/clancy/turn_clips/video/D6skXbDJJj8/D6skXbDJJj8_turn05847.mp4,/Users/rajeshpmu/Desktop/LegalMemoCMT/data/processed/phase2/clancy/turn_clips/audio/D6skXbDJJj8/D6skXbDJJj8_turn05847.wav,06:37:22.568,06:38:07.957,45.389,37,REVIEW_REQUIRED,"Turn exceeds MELD-style preferred maximum duration; inspect for over-consolidation, pauses, or non-testimony content."
D6skXbDJJj8_turn05854,D6skXbDJJj8,https://www.youtube.com/live/D6skXbDJJj8,LIVE: Lindsay Clancy Murder Trial — MA v. Lindsay Clancy — Day 8,/Users/rajeshpmu/Desktop/LegalMemoCMT/data/phase2/clancy/corpus/raw/live-lindsay-clancy-murder-trial-ma-v-lindsay-clancy-day-8/live-lindsay-clancy-murder-trial-ma-v-lindsay-clancy-day-8_D6skXbDJJj8.mp4,/Users/rajeshpmu/Desktop/LegalMemoCMT/data/phase2/clancy/corpus/raw/live-lindsay-clancy-murder-trial-ma-v-lindsay-clancy-day-8/live-lindsay-clancy-murder-trial-ma-v-lindsay-clancy-day-8_D6skXbDJJj8.en.vtt,/Users/rajeshpmu/Desktop/LegalMemoCMT/data/processed/phase2/clancy/turn_clips/video/D6skXbDJJj8/D6skXbDJJj8_turn05854.mp4,/Users/rajeshpmu/Desktop/LegalMemoCMT/data/processed/phase2/clancy/turn_clips/audio/D6skXbDJJj8/D6skXbDJJj8_turn05854.wav,06:38:19.861,06:40:50.117,150.256,137,REVIEW_REQUIRED,"Turn exceeds MELD-style preferred maximum duration; inspect for over-consolidation, pauses, or non-testimony content."
D6skXbDJJj8_turn05855,D6skXbDJJj8,https://www.youtube.com/live/D6skXbDJJj8,LIVE: Lindsay Clancy Murder Trial — MA v. Lindsay Clancy — Day 8,/Users/rajeshpmu/Desktop/LegalMemoCMT/data/phase2/clancy/corpus/raw/live-lindsay-clancy-murder-trial-ma-v-lindsay-clancy-day-8/live-lindsay-clancy-murder-trial-ma-v-lindsay-clancy-day-8_D6skXbDJJj8.mp4,/Users/rajeshpmu/Desktop/LegalMemoCMT/data/phase2/clancy/corpus/raw/live-lindsay-clancy-murder-trial-ma-v-lindsay-clancy-day-8/live-lindsay-clancy-murder-trial-ma-v-lindsay-clancy-day-8_D6skXbDJJj8.en.vtt,/Users/rajeshpmu/Desktop/LegalMemoCMT/data/processed/phase2/clancy/turn_clips/video/D6skXbDJJj8/D6skXbDJJj8_turn05855.mp4,/Users/rajeshpmu/Desktop/LegalMemoCMT/data/processed/phase2/clancy/turn_clips/audio/D6skXbDJJj8/D6skXbDJJj8_turn05855.wav,06:40:50.117,06:42:28.929,98.812,79,REVIEW_REQUIRED,"Turn exceeds MELD-style preferred maximum duration; inspect for over-consolidation, pauses, or non-testimony content."
D6skXbDJJj8_turn05859,D6skXbDJJj8,https://www.youtube.com/live/D6skXbDJJj8,LIVE: Lindsay Clancy Murder Trial — MA v. Lindsay Clancy — Day 8,/Users/rajeshpmu/Desktop/LegalMemoCMT/data/phase2/clancy/corpus/raw/live-lindsay-clancy-murder-trial-ma-v-lindsay-clancy-day-8/live-lindsay-clancy-murder-trial-ma-v-lindsay-clancy-day-8_D6skXbDJJj8.mp4,/Users/rajeshpmu/Desktop/LegalMemoCMT/data/phase2/clancy/corpus/raw/live-lindsay-clancy-murder-trial-ma-v-lindsay-clancy-day-8/live-lindsay-clancy-murder-trial-ma-v-lindsay-clancy-day-8_D6skXbDJJj8.en.vtt,/Users/rajeshpmu/Desktop/LegalMemoCMT/data/processed/phase2/clancy/turn_clips/video/D6skXbDJJj8/D6skXbDJJj8_turn05859.mp4,/Users/rajeshpmu/Desktop/LegalMemoCMT/data/processed/phase2/clancy/turn_clips/audio/D6skXbDJJj8/D6skXbDJJj8_turn05859.wav,06:43:03.675,06:44:27.973,84.298,73,REVIEW_REQUIRED,"Turn exceeds MELD-style preferred maximum duration; inspect for over-consolidation, pauses, or non-testimony content."
D6skXbDJJj8_turn05863,D6skXbDJJj8,https://www.youtube.com/live/D6skXbDJJj8,LIVE: Lindsay Clancy Murder Trial — MA v. Lindsay Clancy — Day 8,/Users/rajeshpmu/Desktop/LegalMemoCMT/data/phase2/clancy/corpus/raw/live-lindsay-clancy-murder-trial-ma-v-lindsay-clancy-day-8/live-lindsay-clancy-murder-trial-ma-v-lindsay-clancy-day-8_D6skXbDJJj8.mp4,/Users/rajeshpmu/Desktop/LegalMemoCMT/data/phase2/clancy/corpus/raw/live-lindsay-clancy-murder-trial-ma-v-lindsay-clancy-day-8/live-lindsay-clancy-murder-trial-ma-v-lindsay-clancy-day-8_D6skXbDJJj8.en.vtt,/Users/rajeshpmu/Desktop/LegalMemoCMT/data/processed/phase2/clancy/turn_clips/video/D6skXbDJJj8/D6skXbDJJj8_turn05863.mp4,/Users/rajeshpmu/Desktop/LegalMemoCMT/data/processed/phase2/clancy/turn_clips/audio/D6skXbDJJj8/D6skXbDJJj8_turn05863.wav,06:44:35.391,06:45:39.341,63.950,47,REVIEW_REQUIRED,"Turn exceeds MELD-style preferred maximum duration; inspect for over-consolidation, pauses, or non-testimony content."
D6skXbDJJj8_turn05865,D6skXbDJJj8,https://www.youtube.com/live/D6skXbDJJj8,LIVE: Lindsay Clancy Murder Trial — MA v. Lindsay Clancy — Day 8,/Users/rajeshpmu/Desktop/LegalMemoCMT/data/phase2/clancy/corpus/raw/live-lindsay-clancy-murder-trial-ma-v-lindsay-clancy-day-8/live-lindsay-clancy-murder-trial-ma-v-lindsay-clancy-day-8_D6skXbDJJj8.mp4,/Users/rajeshpmu/Desktop/LegalMemoCMT/data/phase2/clancy/corpus/raw/live-lindsay-clancy-murder-trial-ma-v-lindsay-clancy-day-8/live-lindsay-clancy-murder-trial-ma-v-lindsay-clancy-day-8_D6skXbDJJj8.en.vtt,/Users/rajeshpmu/Desktop/LegalMemoCMT/data/processed/phase2/clancy/turn_clips/video/D6skXbDJJj8/D6skXbDJJj8_turn05865.mp4,/Users/rajeshpmu/Desktop/LegalMemoCMT/data/processed/phase2/clancy/turn_clips/audio/D6skXbDJJj8/D6skXbDJJj8_turn05865.wav,06:45:46.908,06:46:26.122,39.214,33,REVIEW_REQUIRED,"Turn exceeds MELD-style preferred maximum duration; inspect for over-consolidation, pauses, or non-testimony content."
D6skXbDJJj8_turn05872,D6skXbDJJj8,https://www.youtube.com/live/D6skXbDJJj8,LIVE: Lindsay Clancy Murder Trial — MA v. Lindsay Clancy — Day 8,/Users/rajeshpmu/Desktop/LegalMemoCMT/data/phase2/clancy/corpus/raw/live-lindsay-clancy-murder-trial-ma-v-lindsay-clancy-day-8/live-lindsay-clancy-murder-trial-ma-v-lindsay-clancy-day-8_D6skXbDJJj8.mp4,/Users/rajeshpmu/Desktop/LegalMemoCMT/data/phase2/clancy/corpus/raw/live-lindsay-clancy-murder-trial-ma-v-lindsay-clancy-day-8/live-lindsay-clancy-murder-trial-ma-v-lindsay-clancy-day-8_D6skXbDJJj8.en.vtt,/Users/rajeshpmu/Desktop/LegalMemoCMT/data/processed/phase2/clancy/turn_clips/video/D6skXbDJJj8/D6skXbDJJj8_turn05872.mp4,/Users/rajeshpmu/Desktop/LegalMemoCMT/data/processed/phase2/clancy/turn_clips/audio/D6skXbDJJj8/D6skXbDJJj8_turn05872.wav,06:47:19.170,06:48:09.208,50.038,33,REVIEW_REQUIRED,"Turn exceeds MELD-style preferred maximum duration; inspect for over-consolidation, pauses, or non-testimony content."
D6skXbDJJj8_turn05886,D6skXbDJJj8,https://www.youtube.com/live/D6skXbDJJj8,LIVE: Lindsay Clancy Murder Trial — MA v. Lindsay Clancy — Day 8,/Users/rajeshpmu/Desktop/LegalMemoCMT/data/phase2/clancy/corpus/raw/live-lindsay-clancy-murder-trial-ma-v-lindsay-clancy-day-8/live-lindsay-clancy-murder-trial-ma-v-lindsay-clancy-day-8_D6skXbDJJj8.mp4,/Users/rajeshpmu/Desktop/LegalMemoCMT/data/phase2/clancy/corpus/raw/live-lindsay-clancy-murder-trial-ma-v-lindsay-clancy-day-8/live-lindsay-clancy-murder-trial-ma-v-lindsay-clancy-day-8_D6skXbDJJj8.en.vtt,/Users/rajeshpmu/Desktop/LegalMemoCMT/data/processed/phase2/clancy/turn_clips/video/D6skXbDJJj8/D6skXbDJJj8_turn05886.mp4,/Users/rajeshpmu/Desktop/LegalMemoCMT/data/processed/phase2/clancy/turn_clips/audio/D6skXbDJJj8/D6skXbDJJj8_turn05886.wav,06:49:50.522,06:50:32.617,42.095,33,REVIEW_REQUIRED,"Turn exceeds MELD-style preferred maximum duration; inspect for over-consolidation, pauses, or non-testimony content."
D6skXbDJJj8_turn05892,D6skXbDJJj8,https://www.youtube.com/live/D6skXbDJJj8,LIVE: Lindsay Clancy Murder Trial — MA v. Lindsay Clancy — Day 8,/Users/rajeshpmu/Desktop/LegalMemoCMT/data/phase2/clancy/corpus/raw/live-lindsay-clancy-murder-trial-ma-v-lindsay-clancy-day-8/live-lindsay-clancy-murder-trial-ma-v-lindsay-clancy-day-8_D6skXbDJJj8.mp4,/Users/rajeshpmu/Desktop/LegalMemoCMT/data/phase2/clancy/corpus/raw/live-lindsay-clancy-murder-trial-ma-v-lindsay-clancy-day-8/live-lindsay-clancy-murder-trial-ma-v-lindsay-clancy-day-8_D6skXbDJJj8.en.vtt,/Users/rajeshpmu/Desktop/LegalMemoCMT/data/processed/phase2/clancy/turn_clips/video/D6skXbDJJj8/D6skXbDJJj8_turn05892.mp4,/Users/rajeshpmu/Desktop/LegalMemoCMT/data/processed/phase2/clancy/turn_clips/audio/D6skXbDJJj8/D6skXbDJJj8_turn05892.wav,06:51:16.421,06:51:51.825,35.404,29,REVIEW_REQUIRED,"Turn exceeds MELD-style preferred maximum duration; inspect for over-consolidation, pauses, or non-testimony content."
D6skXbDJJj8_turn05898,D6skXbDJJj8,https://www.youtube.com/live/D6skXbDJJj8,LIVE: Lindsay Clancy Murder Trial — MA v. Lindsay Clancy — Day 8,/Users/rajeshpmu/Desktop/LegalMemoCMT/data/phase2/clancy/corpus/raw/live-lindsay-clancy-murder-trial-ma-v-lindsay-clancy-day-8/live-lindsay-clancy-murder-trial-ma-v-lindsay-clancy-day-8_D6skXbDJJj8.mp4,/Users/rajeshpmu/Desktop/LegalMemoCMT/data/phase2/clancy/corpus/raw/live-lindsay-clancy-murder-trial-ma-v-lindsay-clancy-day-8/live-lindsay-clancy-murder-trial-ma-v-lindsay-clancy-day-8_D6skXbDJJj8.en.vtt,/Users/rajeshpmu/Desktop/LegalMemoCMT/data/processed/phase2/clancy/turn_clips/video/D6skXbDJJj8/D6skXbDJJj8_turn05898.mp4,/Users/rajeshpmu/Desktop/LegalMemoCMT/data/processed/phase2/clancy/turn_clips/audio/D6skXbDJJj8/D6skXbDJJj8_turn05898.wav,06:53:05.678,06:53:40.944,35.266,31,REVIEW_REQUIRED,"Turn exceeds MELD-style preferred maximum duration; inspect for over-consolidation, pauses, or non-testimony content."
DCBWoWhsTpA_turn05905,DCBWoWhsTpA,https://www.youtube.com/live/DCBWoWhsTpA,LIVE: Lindsay Clancy trial Day 14,/Users/rajeshpmu/Desktop/LegalMemoCMT/data/phase2/clancy/corpus/raw/live-lindsay-clancy-trial-day-14/live-lindsay-clancy-trial-day-14_DCBWoWhsTpA.mp4,/Users/rajeshpmu/Desktop/LegalMemoCMT/data/phase2/clancy/corpus/raw/live-lindsay-clancy-trial-day-14/live-lindsay-clancy-trial-day-14_DCBWoWhsTpA.en.vtt,/Users/rajeshpmu/Desktop/LegalMemoCMT/data/processed/phase2/clancy/turn_clips/video/DCBWoWhsTpA/DCBWoWhsTpA_turn05905.mp4,/Users/rajeshpmu/Desktop/LegalMemoCMT/data/processed/phase2/clancy/turn_clips/audio/DCBWoWhsTpA/DCBWoWhsTpA_turn05905.wav,00:00:23.372,00:02:41.509,138.137,17,REVIEW_REQUIRED,"Turn exceeds MELD-style preferred maximum duration; inspect for over-consolidation, pauses, or non-testimony content."
DCBWoWhsTpA_turn05909,DCBWoWhsTpA,https://www.youtube.com/live/DCBWoWhsTpA,LIVE: Lindsay Clancy trial Day 14,/Users/rajeshpmu/Desktop/LegalMemoCMT/data/phase2/clancy/corpus/raw/live-lindsay-clancy-trial-day-14/live-lindsay-clancy-trial-day-14_DCBWoWhsTpA.mp4,/Users/rajeshpmu/Desktop/LegalMemoCMT/data/phase2/clancy/corpus/raw/live-lindsay-clancy-trial-day-14/live-lindsay-clancy-trial-day-14_DCBWoWhsTpA.en.vtt,/Users/rajeshpmu/Desktop/LegalMemoCMT/data/processed/phase2/clancy/turn_clips/video/DCBWoWhsTpA/DCBWoWhsTpA_turn05909.mp4,/Users/rajeshpmu/Desktop/LegalMemoCMT/data/processed/phase2/clancy/turn_clips/audio/DCBWoWhsTpA/DCBWoWhsTpA_turn05909.wav,00:03:05.167,00:05:04.949,119.782,107,REVIEW_REQUIRED,"Turn exceeds MELD-style preferred maximum duration; inspect for over-consolidation, pauses, or non-testimony content."
DCBWoWhsTpA_turn05910,DCBWoWhsTpA,https://www.youtube.com/live/DCBWoWhsTpA,LIVE: Lindsay Clancy trial Day 14,/Users/rajeshpmu/Desktop/LegalMemoCMT/data/phase2/clancy/corpus/raw/live-lindsay-clancy-trial-day-14/live-lindsay-clancy-trial-day-14_DCBWoWhsTpA.mp4,/Users/rajeshpmu/Desktop/LegalMemoCMT/data/phase2/clancy/corpus/raw/live-lindsay-clancy-trial-day-14/live-lindsay-clancy-trial-day-14_DCBWoWhsTpA.en.vtt,/Users/rajeshpmu/Desktop/LegalMemoCMT/data/processed/phase2/clancy/turn_clips/video/DCBWoWhsTpA/DCBWoWhsTpA_turn05910.mp4,/Users/rajeshpmu/Desktop/LegalMemoCMT/data/processed/phase2/clancy/turn_clips/audio/DCBWoWhsTpA/DCBWoWhsTpA_turn05910.wav,00:05:04.949,00:05:42.195,37.246,7,REVIEW_REQUIRED,"Turn exceeds MELD-style preferred maximum duration; inspect for over-consolidation, pauses, or non-testimony content."
DCBWoWhsTpA_turn05928,DCBWoWhsTpA,https://www.youtube.com/live/DCBWoWhsTpA,LIVE: Lindsay Clancy trial Day 14,/Users/rajeshpmu/Desktop/LegalMemoCMT/data/phase2/clancy/corpus/raw/live-lindsay-clancy-trial-day-14/live-lindsay-clancy-trial-day-14_DCBWoWhsTpA.mp4,/Users/rajeshpmu/Desktop/LegalMemoCMT/data/phase2/clancy/corpus/raw/live-lindsay-clancy-trial-day-14/live-lindsay-clancy-trial-day-14_DCBWoWhsTpA.en.vtt,/Users/rajeshpmu/Desktop/LegalMemoCMT/data/processed/phase2/clancy/turn_clips/video/DCBWoWhsTpA/DCBWoWhsTpA_turn05928.mp4,/Users/rajeshpmu/Desktop/LegalMemoCMT/data/processed/phase2/clancy/turn_clips/audio/DCBWoWhsTpA/DCBWoWhsTpA_turn05928.wav,00:06:54.892,00:07:45.676,50.784,39,REVIEW_REQUIRED,"Turn exceeds MELD-style preferred maximum duration; inspect for over-consolidation, pauses, or non-testimony content."
DCBWoWhsTpA_turn05930,DCBWoWhsTpA,https://www.youtube.com/live/DCBWoWhsTpA,LIVE: Lindsay Clancy trial Day 14,/Users/rajeshpmu/Desktop/LegalMemoCMT/data/phase2/clancy/corpus/raw/live-lindsay-clancy-trial-day-14/live-lindsay-clancy-trial-day-14_DCBWoWhsTpA.mp4,/Users/rajeshpmu/Desktop/LegalMemoCMT/data/phase2/clancy/corpus/raw/live-lindsay-clancy-trial-day-14/live-lindsay-clancy-trial-day-14_DCBWoWhsTpA.en.vtt,/Users/rajeshpmu/Desktop/LegalMemoCMT/data/processed/phase2/clancy/turn_clips/video/DCBWoWhsTpA/DCBWoWhsTpA_turn05930.mp4,/Users/rajeshpmu/Desktop/LegalMemoCMT/data/processed/phase2/clancy/turn_clips/audio/DCBWoWhsTpA/DCBWoWhsTpA_turn05930.wav,00:07:55.397,00:08:33.570,38.173,29,REVIEW_REQUIRED,"Turn exceeds MELD-style preferred maximum duration; inspect for over-consolidation, pauses, or non-testimony content."
DCBWoWhsTpA_turn05934,DCBWoWhsTpA,https://www.youtube.com/live/DCBWoWhsTpA,LIVE: Lindsay Clancy trial Day 14,/Users/rajeshpmu/Desktop/LegalMemoCMT/data/phase2/clancy/corpus/raw/live-lindsay-clancy-trial-day-14/live-lindsay-clancy-trial-day-14_DCBWoWhsTpA.mp4,/Users/rajeshpmu/Desktop/LegalMemoCMT/data/phase2/clancy/corpus/raw/live-lindsay-clancy-trial-day-14/live-lindsay-clancy-trial-day-14_DCBWoWhsTpA.en.vtt,/Users/rajeshpmu/Desktop/LegalMemoCMT/data/processed/phase2/clancy/turn_clips/video/DCBWoWhsTpA/DCBWoWhsTpA_turn05934.mp4,/Users/rajeshpmu/Desktop/LegalMemoCMT/data/processed/phase2/clancy/turn_clips/audio/DCBWoWhsTpA/DCBWoWhsTpA_turn05934.wav,00:09:15.463,00:09:52.104,36.641,29,REVIEW_REQUIRED,"Turn exceeds MELD-style preferred maximum duration; inspect for over-consolidation, pauses, or non-testimony content."
DCBWoWhsTpA_turn05951,DCBWoWhsTpA,https://www.youtube.com/live/DCBWoWhsTpA,LIVE: Lindsay Clancy trial Day 14,/Users/rajeshpmu/Desktop/LegalMemoCMT/data/phase2/clancy/corpus/raw/live-lindsay-clancy-trial-day-14/live-lindsay-clancy-trial-day-14_DCBWoWhsTpA.mp4,/Users/rajeshpmu/Desktop/LegalMemoCMT/data/phase2/clancy/corpus/raw/live-lindsay-clancy-trial-day-14/live-lindsay-clancy-trial-day-14_DCBWoWhsTpA.en.vtt,/Users/rajeshpmu/Desktop/LegalMemoCMT/data/processed/phase2/clancy/turn_clips/video/DCBWoWhsTpA/DCBWoWhsTpA_turn05951.mp4,/Users/rajeshpmu/Desktop/LegalMemoCMT/data/processed/phase2/clancy/turn_clips/audio/DCBWoWhsTpA/DCBWoWhsTpA_turn05951.wav,00:12:26.185,00:12:58.457,32.272,27,REVIEW_REQUIRED,"Turn exceeds MELD-style preferred maximum duration; inspect for over-consolidation, pauses, or non-testimony content."
DCBWoWhsTpA_turn05955,DCBWoWhsTpA,https://www.youtube.com/live/DCBWoWhsTpA,LIVE: Lindsay Clancy trial Day 14,/Users/rajeshpmu/Desktop/LegalMemoCMT/data/phase2/clancy/corpus/raw/live-lindsay-clancy-trial-day-14/live-lindsay-clancy-trial-day-14_DCBWoWhsTpA.mp4,/Users/rajeshpmu/Desktop/LegalMemoCMT/data/phase2/clancy/corpus/raw/live-lindsay-clancy-trial-day-14/live-lindsay-clancy-trial-day-14_DCBWoWhsTpA.en.vtt,/Users/rajeshpmu/Desktop/LegalMemoCMT/data/processed/phase2/clancy/turn_clips/video/DCBWoWhsTpA/DCBWoWhsTpA_turn05955.mp4,/Users/rajeshpmu/Desktop/LegalMemoCMT/data/processed/phase2/clancy/turn_clips/audio/DCBWoWhsTpA/DCBWoWhsTpA_turn05955.wav,00:13:29.918,00:14:22.409,52.491,43,REVIEW_REQUIRED,"Turn exceeds MELD-style preferred maximum duration; inspect for over-consolidation, pauses, or non-testimony content."
DCBWoWhsTpA_turn05991,DCBWoWhsTpA,https://www.youtube.com/live/DCBWoWhsTpA,LIVE: Lindsay Clancy trial Day 14,/Users/rajeshpmu/Desktop/LegalMemoCMT/data/phase2/clancy/corpus/raw/live-lindsay-clancy-trial-day-14/live-lindsay-clancy-trial-day-14_DCBWoWhsTpA.mp4,/Users/rajeshpmu/Desktop/LegalMemoCMT/data/phase2/clancy/corpus/raw/live-lindsay-clancy-trial-day-14/live-lindsay-clancy-trial-day-14_DCBWoWhsTpA.en.vtt,/Users/rajeshpmu/Desktop/LegalMemoCMT/data/processed/phase2/clancy/turn_clips/video/DCBWoWhsTpA/DCBWoWhsTpA_turn05991.mp4,/Users/rajeshpmu/Desktop/LegalMemoCMT/data/processed/phase2/clancy/turn_clips/audio/DCBWoWhsTpA/DCBWoWhsTpA_turn05991.wav,00:21:10.544,00:21:41.438,30.894,29,REVIEW_REQUIRED,"Turn exceeds MELD-style preferred maximum duration; inspect for over-consolidation, pauses, or non-testimony content."
DCBWoWhsTpA_turn05993,DCBWoWhsTpA,https://www.youtube.com/live/DCBWoWhsTpA,LIVE: Lindsay Clancy trial Day 14,/Users/rajeshpmu/Desktop/LegalMemoCMT/data/phase2/clancy/corpus/raw/live-lindsay-clancy-trial-day-14/live-lindsay-clancy-trial-day-14_DCBWoWhsTpA.mp4,/Users/rajeshpmu/Desktop/LegalMemoCMT/data/phase2/clancy/corpus/raw/live-lindsay-clancy-trial-day-14/live-lindsay-clancy-trial-day-14_DCBWoWhsTpA.en.vtt,/Users/rajeshpmu/Desktop/LegalMemoCMT/data/processed/phase2/clancy/turn_clips/video/DCBWoWhsTpA/DCBWoWhsTpA_turn05993.mp4,/Users/rajeshpmu/Desktop/LegalMemoCMT/data/processed/phase2/clancy/turn_clips/audio/DCBWoWhsTpA/DCBWoWhsTpA_turn05993.wav,00:21:58.652,00:22:30.811,32.159,29,REVIEW_REQUIRED,"Turn exceeds MELD-style preferred maximum duration; inspect for over-consolidation, pauses, or non-testimony content."
DCBWoWhsTpA_turn05995,DCBWoWhsTpA,https://www.youtube.com/live/DCBWoWhsTpA,LIVE: Lindsay Clancy trial Day 14,/Users/rajeshpmu/Desktop/LegalMemoCMT/data/phase2/clancy/corpus/raw/live-lindsay-clancy-trial-day-14/live-lindsay-clancy-trial-day-14_DCBWoWhsTpA.mp4,/Users/rajeshpmu/Desktop/LegalMemoCMT/data/phase2/clancy/corpus/raw/live-lindsay-clancy-trial-day-14/live-lindsay-clancy-trial-day-14_DCBWoWhsTpA.en.vtt,/Users/rajeshpmu/Desktop/LegalMemoCMT/data/processed/phase2/clancy/turn_clips/video/DCBWoWhsTpA/DCBWoWhsTpA_turn05995.mp4,/Users/rajeshpmu/Desktop/LegalMemoCMT/data/processed/phase2/clancy/turn_clips/audio/DCBWoWhsTpA/DCBWoWhsTpA_turn05995.wav,00:22:58.682,00:23:40.373,41.691,37,REVIEW_REQUIRED,"Turn exceeds MELD-style preferred maximum duration; inspect for over-consolidation, pauses, or non-testimony content."
DCBWoWhsTpA_turn05996,DCBWoWhsTpA,https://www.youtube.com/live/DCBWoWhsTpA,LIVE: Lindsay Clancy trial Day 14,/Users/rajeshpmu/Desktop/LegalMemoCMT/data/phase2/clancy/corpus/raw/live-lindsay-clancy-trial-day-14/live-lindsay-clancy-trial-day-14_DCBWoWhsTpA.mp4,/Users/rajeshpmu/Desktop/LegalMemoCMT/data/phase2/clancy/corpus/raw/live-lindsay-clancy-trial-day-14/live-lindsay-clancy-trial-day-14_DCBWoWhsTpA.en.vtt,/Users/rajeshpmu/Desktop/LegalMemoCMT/data/processed/phase2/clancy/turn_clips/video/DCBWoWhsTpA/DCBWoWhsTpA_turn05996.mp4,/Users/rajeshpmu/Desktop/LegalMemoCMT/data/processed/phase2/clancy/turn_clips/audio/DCBWoWhsTpA/DCBWoWhsTpA_turn05996.wav,00:23:40.373,00:24:17.235,36.862,33,REVIEW_REQUIRED,"Turn exceeds MELD-style preferred maximum duration; inspect for over-consolidation, pauses, or non-testimony content."
DCBWoWhsTpA_turn06006,DCBWoWhsTpA,https://www.youtube.com/live/DCBWoWhsTpA,LIVE: Lindsay Clancy trial Day 14,/Users/rajeshpmu/Desktop/LegalMemoCMT/data/phase2/clancy/corpus/raw/live-lindsay-clancy-trial-day-14/live-lindsay-clancy-trial-day-14_DCBWoWhsTpA.mp4,/Users/rajeshpmu/Desktop/LegalMemoCMT/data/phase2/clancy/corpus/raw/live-lindsay-clancy-trial-day-14/live-lindsay-clancy-trial-day-14_DCBWoWhsTpA.en.vtt,/Users/rajeshpmu/Desktop/LegalMemoCMT/data/processed/phase2/clancy/turn_clips/video/DCBWoWhsTpA/DCBWoWhsTpA_turn06006.mp4,/Users/rajeshpmu/Desktop/LegalMemoCMT/data/processed/phase2/clancy/turn_clips/audio/DCBWoWhsTpA/DCBWoWhsTpA_turn06006.wav,00:26:14.001,00:26:58.248,44.247,39,REVIEW_REQUIRED,"Turn exceeds MELD-style preferred maximum duration; inspect for over-consolidation, pauses, or non-testimony content."
DCBWoWhsTpA_turn06011,DCBWoWhsTpA,https://www.youtube.com/live/DCBWoWhsTpA,LIVE: Lindsay Clancy trial Day 14,/Users/rajeshpmu/Desktop/LegalMemoCMT/data/phase2/clancy/corpus/raw/live-lindsay-clancy-trial-day-14/live-lindsay-clancy-trial-day-14_DCBWoWhsTpA.mp4,/Users/rajeshpmu/Desktop/LegalMemoCMT/data/phase2/clancy/corpus/raw/live-lindsay-clancy-trial-day-14/live-lindsay-clancy-trial-day-14_DCBWoWhsTpA.en.vtt,/Users/rajeshpmu/Desktop/LegalMemoCMT/data/processed/phase2/clancy/turn_clips/video/DCBWoWhsTpA/DCBWoWhsTpA_turn06011.mp4,/Users/rajeshpmu/Desktop/LegalMemoCMT/data/processed/phase2/clancy/turn_clips/audio/DCBWoWhsTpA/DCBWoWhsTpA_turn06011.wav,00:28:02.204,00:28:52.164,49.960,25,REVIEW_REQUIRED,"Turn exceeds MELD-style preferred maximum duration; inspect for over-consolidation, pauses, or non-testimony content."
DCBWoWhsTpA_turn06013,DCBWoWhsTpA,https://www.youtube.com/live/DCBWoWhsTpA,LIVE: Lindsay Clancy trial Day 14,/Users/rajeshpmu/Desktop/LegalMemoCMT/data/phase2/clancy/corpus/raw/live-lindsay-clancy-trial-day-14/live-lindsay-clancy-trial-day-14_DCBWoWhsTpA.mp4,/Users/rajeshpmu/Desktop/LegalMemoCMT/data/phase2/clancy/corpus/raw/live-lindsay-clancy-trial-day-14/live-lindsay-clancy-trial-day-14_DCBWoWhsTpA.en.vtt,/Users/rajeshpmu/Desktop/LegalMemoCMT/data/processed/phase2/clancy/turn_clips/video/DCBWoWhsTpA/DCBWoWhsTpA_turn06013.mp4,/Users/rajeshpmu/Desktop/LegalMemoCMT/data/processed/phase2/clancy/turn_clips/audio/DCBWoWhsTpA/DCBWoWhsTpA_turn06013.wav,00:29:05.072,00:29:40.793,35.721,15,REVIEW_REQUIRED,"Turn exceeds MELD-style preferred maximum duration; inspect for over-consolidation, pauses, or non-testimony content."
DCBWoWhsTpA_turn06017,DCBWoWhsTpA,https://www.youtube.com/live/DCBWoWhsTpA,LIVE: Lindsay Clancy trial Day 14,/Users/rajeshpmu/Desktop/LegalMemoCMT/data/phase2/clancy/corpus/raw/live-lindsay-clancy-trial-day-14/live-lindsay-clancy-trial-day-14_DCBWoWhsTpA.mp4,/Users/rajeshpmu/Desktop/LegalMemoCMT/data/phase2/clancy/corpus/raw/live-lindsay-clancy-trial-day-14/live-lindsay-clancy-trial-day-14_DCBWoWhsTpA.en.vtt,/Users/rajeshpmu/Desktop/LegalMemoCMT/data/processed/phase2/clancy/turn_clips/video/DCBWoWhsTpA/DCBWoWhsTpA_turn06017.mp4,/Users/rajeshpmu/Desktop/LegalMemoCMT/data/processed/phase2/clancy/turn_clips/audio/DCBWoWhsTpA/DCBWoWhsTpA_turn06017.wav,00:30:14.630,00:30:57.628,42.998,32,REVIEW_REQUIRED,"Turn exceeds MELD-style preferred maximum duration; inspect for over-consolidation, pauses, or non-testimony content."
DCBWoWhsTpA_turn06025,DCBWoWhsTpA,https://www.youtube.com/live/DCBWoWhsTpA,LIVE: Lindsay Clancy trial Day 14,/Users/rajeshpmu/Desktop/LegalMemoCMT/data/phase2/clancy/corpus/raw/live-lindsay-clancy-trial-day-14/live-lindsay-clancy-trial-day-14_DCBWoWhsTpA.mp4,/Users/rajeshpmu/Desktop/LegalMemoCMT/data/phase2/clancy/corpus/raw/live-lindsay-clancy-trial-day-14/live-lindsay-clancy-trial-day-14_DCBWoWhsTpA.en.vtt,/Users/rajeshpmu/Desktop/LegalMemoCMT/data/processed/phase2/clancy/turn_clips/video/DCBWoWhsTpA/DCBWoWhsTpA_turn06025.mp4,/Users/rajeshpmu/Desktop/LegalMemoCMT/data/processed/phase2/clancy/turn_clips/audio/DCBWoWhsTpA/DCBWoWhsTpA_turn06025.wav,00:32:16.207,00:32:48.699,32.492,11,REVIEW_REQUIRED,"Turn exceeds MELD-style preferred maximum duration; inspect for over-consolidation, pauses, or non-testimony content."
DCBWoWhsTpA_turn06054,DCBWoWhsTpA,https://www.youtube.com/live/DCBWoWhsTpA,LIVE: Lindsay Clancy trial Day 14,/Users/rajeshpmu/Desktop/LegalMemoCMT/data/phase2/clancy/corpus/raw/live-lindsay-clancy-trial-day-14/live-lindsay-clancy-trial-day-14_DCBWoWhsTpA.mp4,/Users/rajeshpmu/Desktop/LegalMemoCMT/data/phase2/clancy/corpus/raw/live-lindsay-clancy-trial-day-14/live-lindsay-clancy-trial-day-14_DCBWoWhsTpA.en.vtt,/Users/rajeshpmu/Desktop/LegalMemoCMT/data/processed/phase2/clancy/turn_clips/video/DCBWoWhsTpA/DCBWoWhsTpA_turn06054.mp4,/Users/rajeshpmu/Desktop/LegalMemoCMT/data/processed/phase2/clancy/turn_clips/audio/DCBWoWhsTpA/DCBWoWhsTpA_turn06054.wav,00:36:59.001,00:37:36.196,37.195,7,REVIEW_REQUIRED,"Turn exceeds MELD-style preferred maximum duration; inspect for over-consolidation, pauses, or non-testimony content."
DCBWoWhsTpA_turn06059,DCBWoWhsTpA,https://www.youtube.com/live/DCBWoWhsTpA,LIVE: Lindsay Clancy trial Day 14,/Users/rajeshpmu/Desktop/LegalMemoCMT/data/phase2/clancy/corpus/raw/live-lindsay-clancy-trial-day-14/live-lindsay-clancy-trial-day-14_DCBWoWhsTpA.mp4,/Users/rajeshpmu/Desktop/LegalMemoCMT/data/phase2/clancy/corpus/raw/live-lindsay-clancy-trial-day-14/live-lindsay-clancy-trial-day-14_DCBWoWhsTpA.en.vtt,/Users/rajeshpmu/Desktop/LegalMemoCMT/data/processed/phase2/clancy/turn_clips/video/DCBWoWhsTpA/DCBWoWhsTpA_turn06059.mp4,/Users/rajeshpmu/Desktop/LegalMemoCMT/data/processed/phase2/clancy/turn_clips/audio/DCBWoWhsTpA/DCBWoWhsTpA_turn06059.wav,00:38:22.710,00:39:00.395,37.685,29,REVIEW_REQUIRED,"Turn exceeds MELD-style preferred maximum duration; inspect for over-consolidation, pauses, or non-testimony content."
DCBWoWhsTpA_turn06084,DCBWoWhsTpA,https://www.youtube.com/live/DCBWoWhsTpA,LIVE: Lindsay Clancy trial Day 14,/Users/rajeshpmu/Desktop/LegalMemoCMT/data/phase2/clancy/corpus/raw/live-lindsay-clancy-trial-day-14/live-lindsay-clancy-trial-day-14_DCBWoWhsTpA.mp4,/Users/rajeshpmu/Desktop/LegalMemoCMT/data/phase2/clancy/corpus/raw/live-lindsay-clancy-trial-day-14/live-lindsay-clancy-trial-day-14_DCBWoWhsTpA.en.vtt,/Users/rajeshpmu/Desktop/LegalMemoCMT/data/processed/phase2/clancy/turn_clips/video/DCBWoWhsTpA/DCBWoWhsTpA_turn06084.mp4,/Users/rajeshpmu/Desktop/LegalMemoCMT/data/processed/phase2/clancy/turn_clips/audio/DCBWoWhsTpA/DCBWoWhsTpA_turn06084.wav,00:42:10.594,00:42:44.400,33.806,25,REVIEW_REQUIRED,"Turn exceeds MELD-style preferred maximum duration; inspect for over-consolidation, pauses, or non-testimony content."
DCBWoWhsTpA_turn06088,DCBWoWhsTpA,https://www.youtube.com/live/DCBWoWhsTpA,LIVE: Lindsay Clancy trial Day 14,/Users/rajeshpmu/Desktop/LegalMemoCMT/data/phase2/clancy/corpus/raw/live-lindsay-clancy-trial-day-14/live-lindsay-clancy-trial-day-14_DCBWoWhsTpA.mp4,/Users/rajeshpmu/Desktop/LegalMemoCMT/data/phase2/clancy/corpus/raw/live-lindsay-clancy-trial-day-14/live-lindsay-clancy-trial-day-14_DCBWoWhsTpA.en.vtt,/Users/rajeshpmu/Desktop/LegalMemoCMT/data/processed/phase2/clancy/turn_clips/video/DCBWoWhsTpA/DCBWoWhsTpA_turn06088.mp4,/Users/rajeshpmu/Desktop/LegalMemoCMT/data/processed/phase2/clancy/turn_clips/audio/DCBWoWhsTpA/DCBWoWhsTpA_turn06088.wav,00:43:05.232,00:43:35.270,30.038,13,REVIEW_REQUIRED,"Turn exceeds MELD-style preferred maximum duration; inspect for over-consolidation, pauses, or non-testimony content."
DCBWoWhsTpA_turn06108,DCBWoWhsTpA,https://www.youtube.com/live/DCBWoWhsTpA,LIVE: Lindsay Clancy trial Day 14,/Users/rajeshpmu/Desktop/LegalMemoCMT/data/phase2/clancy/corpus/raw/live-lindsay-clancy-trial-day-14/live-lindsay-clancy-trial-day-14_DCBWoWhsTpA.mp4,/Users/rajeshpmu/Desktop/LegalMemoCMT/data/phase2/clancy/corpus/raw/live-lindsay-clancy-trial-day-14/live-lindsay-clancy-trial-day-14_DCBWoWhsTpA.en.vtt,/Users/rajeshpmu/Desktop/LegalMemoCMT/data/processed/phase2/clancy/turn_clips/video/DCBWoWhsTpA/DCBWoWhsTpA_turn06108.mp4,/Users/rajeshpmu/Desktop/LegalMemoCMT/data/processed/phase2/clancy/turn_clips/audio/DCBWoWhsTpA/DCBWoWhsTpA_turn06108.wav,00:46:29.480,00:47:16.339,46.859,31,REVIEW_REQUIRED,"Turn exceeds MELD-style preferred maximum duration; inspect for over-consolidation, pauses, or non-testimony content."
DCBWoWhsTpA_turn06111,DCBWoWhsTpA,https://www.youtube.com/live/DCBWoWhsTpA,LIVE: Lindsay Clancy trial Day 14,/Users/rajeshpmu/Desktop/LegalMemoCMT/data/phase2/clancy/corpus/raw/live-lindsay-clancy-trial-day-14/live-lindsay-clancy-trial-day-14_DCBWoWhsTpA.mp4,/Users/rajeshpmu/Desktop/LegalMemoCMT/data/phase2/clancy/corpus/raw/live-lindsay-clancy-trial-day-14/live-lindsay-clancy-trial-day-14_DCBWoWhsTpA.en.vtt,/Users/rajeshpmu/Desktop/LegalMemoCMT/data/processed/phase2/clancy/turn_clips/video/DCBWoWhsTpA/DCBWoWhsTpA_turn06111.mp4,/Users/rajeshpmu/Desktop/LegalMemoCMT/data/processed/phase2/clancy/turn_clips/audio/DCBWoWhsTpA/DCBWoWhsTpA_turn06111.wav,00:47:23.829,00:48:09.441,45.612,31,REVIEW_REQUIRED,"Turn exceeds MELD-style preferred maximum duration; inspect for over-consolidation, pauses, or non-testimony content."
DCBWoWhsTpA_turn06128,DCBWoWhsTpA,https://www.youtube.com/live/DCBWoWhsTpA,LIVE: Lindsay Clancy trial Day 14,/Users/rajeshpmu/Desktop/LegalMemoCMT/data/phase2/clancy/corpus/raw/live-lindsay-clancy-trial-day-14/live-lindsay-clancy-trial-day-14_DCBWoWhsTpA.mp4,/Users/rajeshpmu/Desktop/LegalMemoCMT/data/phase2/clancy/corpus/raw/live-lindsay-clancy-trial-day-14/live-lindsay-clancy-trial-day-14_DCBWoWhsTpA.en.vtt,/Users/rajeshpmu/Desktop/LegalMemoCMT/data/processed/phase2/clancy/turn_clips/video/DCBWoWhsTpA/DCBWoWhsTpA_turn06128.mp4,/Users/rajeshpmu/Desktop/LegalMemoCMT/data/processed/phase2/clancy/turn_clips/audio/DCBWoWhsTpA/DCBWoWhsTpA_turn06128.wav,00:50:22.454,00:51:01.649,39.195,3,REVIEW_REQUIRED,"Turn exceeds MELD-style preferred maximum duration; inspect for over-consolidation, pauses, or non-testimony content."
DCBWoWhsTpA_turn06135,DCBWoWhsTpA,https://www.youtube.com/live/DCBWoWhsTpA,LIVE: Lindsay Clancy trial Day 14,/Users/rajeshpmu/Desktop/LegalMemoCMT/data/phase2/clancy/corpus/raw/live-lindsay-clancy-trial-day-14/live-lindsay-clancy-trial-day-14_DCBWoWhsTpA.mp4,/Users/rajeshpmu/Desktop/LegalMemoCMT/data/phase2/clancy/corpus/raw/live-lindsay-clancy-trial-day-14/live-lindsay-clancy-trial-day-14_DCBWoWhsTpA.en.vtt,/Users/rajeshpmu/Desktop/LegalMemoCMT/data/processed/phase2/clancy/turn_clips/video/DCBWoWhsTpA/DCBWoWhsTpA_turn06135.mp4,/Users/rajeshpmu/Desktop/LegalMemoCMT/data/processed/phase2/clancy/turn_clips/audio/DCBWoWhsTpA/DCBWoWhsTpA_turn06135.wav,00:51:41.217,00:53:19.430,98.213,3,REVIEW_REQUIRED,"Turn exceeds MELD-style preferred maximum duration; inspect for over-consolidation, pauses, or non-testimony content."
DCBWoWhsTpA_turn06422,DCBWoWhsTpA,https://www.youtube.com/live/DCBWoWhsTpA,LIVE: Lindsay Clancy trial Day 14,/Users/rajeshpmu/Desktop/LegalMemoCMT/data/phase2/clancy/corpus/raw/live-lindsay-clancy-trial-day-14/live-lindsay-clancy-trial-day-14_DCBWoWhsTpA.mp4,/Users/rajeshpmu/Desktop/LegalMemoCMT/data/phase2/clancy/corpus/raw/live-lindsay-clancy-trial-day-14/live-lindsay-clancy-trial-day-14_DCBWoWhsTpA.en.vtt,/Users/rajeshpmu/Desktop/LegalMemoCMT/data/processed/phase2/clancy/turn_clips/video/DCBWoWhsTpA/DCBWoWhsTpA_turn06422.mp4,/Users/rajeshpmu/Desktop/LegalMemoCMT/data/processed/phase2/clancy/turn_clips/audio/DCBWoWhsTpA/DCBWoWhsTpA_turn06422.wav,01:23:59.019,01:25:09.036,70.017,25,REVIEW_REQUIRED,"Turn exceeds MELD-style preferred maximum duration; inspect for over-consolidation, pauses, or non-testimony content."
DCBWoWhsTpA_turn06429,DCBWoWhsTpA,https://www.youtube.com/live/DCBWoWhsTpA,LIVE: Lindsay Clancy trial Day 14,/Users/rajeshpmu/Desktop/LegalMemoCMT/data/phase2/clancy/corpus/raw/live-lindsay-clancy-trial-day-14/live-lindsay-clancy-trial-day-14_DCBWoWhsTpA.mp4,/Users/rajeshpmu/Desktop/LegalMemoCMT/data/phase2/clancy/corpus/raw/live-lindsay-clancy-trial-day-14/live-lindsay-clancy-trial-day-14_DCBWoWhsTpA.en.vtt,/Users/rajeshpmu/Desktop/LegalMemoCMT/data/processed/phase2/clancy/turn_clips/video/DCBWoWhsTpA/DCBWoWhsTpA_turn06429.mp4,/Users/rajeshpmu/Desktop/LegalMemoCMT/data/processed/phase2/clancy/turn_clips/audio/DCBWoWhsTpA/DCBWoWhsTpA_turn06429.wav,01:25:50.820,01:28:52.278,181.458,155,REVIEW_REQUIRED,"Turn exceeds MELD-style preferred maximum duration; inspect for over-consolidation, pauses, or non-testimony content."
DCBWoWhsTpA_turn06430,DCBWoWhsTpA,https://www.youtube.com/live/DCBWoWhsTpA,LIVE: Lindsay Clancy trial Day 14,/Users/rajeshpmu/Desktop/LegalMemoCMT/data/phase2/clancy/corpus/raw/live-lindsay-clancy-trial-day-14/live-lindsay-clancy-trial-day-14_DCBWoWhsTpA.mp4,/Users/rajeshpmu/Desktop/LegalMemoCMT/data/phase2/clancy/corpus/raw/live-lindsay-clancy-trial-day-14/live-lindsay-clancy-trial-day-14_DCBWoWhsTpA.en.vtt,/Users/rajeshpmu/Desktop/LegalMemoCMT/data/processed/phase2/clancy/turn_clips/video/DCBWoWhsTpA/DCBWoWhsTpA_turn06430.mp4,/Users/rajeshpmu/Desktop/LegalMemoCMT/data/processed/phase2/clancy/turn_clips/audio/DCBWoWhsTpA/DCBWoWhsTpA_turn06430.wav,01:28:52.278,01:29:54.184,61.906,61,REVIEW_REQUIRED,"Turn exceeds MELD-style preferred maximum duration; inspect for over-consolidation, pauses, or non-testimony content."
DCBWoWhsTpA_turn06436,DCBWoWhsTpA,https://www.youtube.com/live/DCBWoWhsTpA,LIVE: Lindsay Clancy trial Day 14,/Users/rajeshpmu/Desktop/LegalMemoCMT/data/phase2/clancy/corpus/raw/live-lindsay-clancy-trial-day-14/live-lindsay-clancy-trial-day-14_DCBWoWhsTpA.mp4,/Users/rajeshpmu/Desktop/LegalMemoCMT/data/phase2/clancy/corpus/raw/live-lindsay-clancy-trial-day-14/live-lindsay-clancy-trial-day-14_DCBWoWhsTpA.en.vtt,/Users/rajeshpmu/Desktop/LegalMemoCMT/data/processed/phase2/clancy/turn_clips/video/DCBWoWhsTpA/DCBWoWhsTpA_turn06436.mp4,/Users/rajeshpmu/Desktop/LegalMemoCMT/data/processed/phase2/clancy/turn_clips/audio/DCBWoWhsTpA/DCBWoWhsTpA_turn06436.wav,01:30:44.794,01:31:36.586,51.792,51,REVIEW_REQUIRED,"Turn exceeds MELD-style preferred maximum duration; inspect for over-consolidation, pauses, or non-testimony content."
DCBWoWhsTpA_turn06442,DCBWoWhsTpA,https://www.youtube.com/live/DCBWoWhsTpA,LIVE: Lindsay Clancy trial Day 14,/Users/rajeshpmu/Desktop/LegalMemoCMT/data/phase2/clancy/corpus/raw/live-lindsay-clancy-trial-day-14/live-lindsay-clancy-trial-day-14_DCBWoWhsTpA.mp4,/Users/rajeshpmu/Desktop/LegalMemoCMT/data/phase2/clancy/corpus/raw/live-lindsay-clancy-trial-day-14/live-lindsay-clancy-trial-day-14_DCBWoWhsTpA.en.vtt,/Users/rajeshpmu/Desktop/LegalMemoCMT/data/processed/phase2/clancy/turn_clips/video/DCBWoWhsTpA/DCBWoWhsTpA_turn06442.mp4,/Users/rajeshpmu/Desktop/LegalMemoCMT/data/processed/phase2/clancy/turn_clips/audio/DCBWoWhsTpA/DCBWoWhsTpA_turn06442.wav,01:32:22.872,01:33:07.698,44.826,5,REVIEW_REQUIRED,"Turn exceeds MELD-style preferred maximum duration; inspect for over-consolidation, pauses, or non-testimony content."
DCBWoWhsTpA_turn06492,DCBWoWhsTpA,https://www.youtube.com/live/DCBWoWhsTpA,LIVE: Lindsay Clancy trial Day 14,/Users/rajeshpmu/Desktop/LegalMemoCMT/data/phase2/clancy/corpus/raw/live-lindsay-clancy-trial-day-14/live-lindsay-clancy-trial-day-14_DCBWoWhsTpA.mp4,/Users/rajeshpmu/Desktop/LegalMemoCMT/data/phase2/clancy/corpus/raw/live-lindsay-clancy-trial-day-14/live-lindsay-clancy-trial-day-14_DCBWoWhsTpA.en.vtt,/Users/rajeshpmu/Desktop/LegalMemoCMT/data/processed/phase2/clancy/turn_clips/video/DCBWoWhsTpA/DCBWoWhsTpA_turn06492.mp4,/Users/rajeshpmu/Desktop/LegalMemoCMT/data/processed/phase2/clancy/turn_clips/audio/DCBWoWhsTpA/DCBWoWhsTpA_turn06492.wav,01:39:32.167,01:40:16.865,44.698,35,REVIEW_REQUIRED,"Turn exceeds MELD-style preferred maximum duration; inspect for over-consolidation, pauses, or non-testimony content."
DCBWoWhsTpA_turn06497,DCBWoWhsTpA,https://www.youtube.com/live/DCBWoWhsTpA,LIVE: Lindsay Clancy trial Day 14,/Users/rajeshpmu/Desktop/LegalMemoCMT/data/phase2/clancy/corpus/raw/live-lindsay-clancy-trial-day-14/live-lindsay-clancy-trial-day-14_DCBWoWhsTpA.mp4,/Users/rajeshpmu/Desktop/LegalMemoCMT/data/phase2/clancy/corpus/raw/live-lindsay-clancy-trial-day-14/live-lindsay-clancy-trial-day-14_DCBWoWhsTpA.en.vtt,/Users/rajeshpmu/Desktop/LegalMemoCMT/data/processed/phase2/clancy/turn_clips/video/DCBWoWhsTpA/DCBWoWhsTpA_turn06497.mp4,/Users/rajeshpmu/Desktop/LegalMemoCMT/data/processed/phase2/clancy/turn_clips/audio/DCBWoWhsTpA/DCBWoWhsTpA_turn06497.wav,01:40:37.966,01:41:10.312,32.346,25,REVIEW_REQUIRED,"Turn exceeds MELD-style preferred maximum duration; inspect for over-consolidation, pauses, or non-testimony content."
DCBWoWhsTpA_turn06500,DCBWoWhsTpA,https://www.youtube.com/live/DCBWoWhsTpA,LIVE: Lindsay Clancy trial Day 14,/Users/rajeshpmu/Desktop/LegalMemoCMT/data/phase2/clancy/corpus/raw/live-lindsay-clancy-trial-day-14/live-lindsay-clancy-trial-day-14_DCBWoWhsTpA.mp4,/Users/rajeshpmu/Desktop/LegalMemoCMT/data/phase2/clancy/corpus/raw/live-lindsay-clancy-trial-day-14/live-lindsay-clancy-trial-day-14_DCBWoWhsTpA.en.vtt,/Users/rajeshpmu/Desktop/LegalMemoCMT/data/processed/phase2/clancy/turn_clips/video/DCBWoWhsTpA/DCBWoWhsTpA_turn06500.mp4,/Users/rajeshpmu/Desktop/LegalMemoCMT/data/processed/phase2/clancy/turn_clips/audio/DCBWoWhsTpA/DCBWoWhsTpA_turn06500.wav,01:41:12.263,01:42:12.140,59.877,43,REVIEW_REQUIRED,"Turn exceeds MELD-style preferred maximum duration; inspect for over-consolidation, pauses, or non-testimony content."
DCBWoWhsTpA_turn06529,DCBWoWhsTpA,https://www.youtube.com/live/DCBWoWhsTpA,LIVE: Lindsay Clancy trial Day 14,/Users/rajeshpmu/Desktop/LegalMemoCMT/data/phase2/clancy/corpus/raw/live-lindsay-clancy-trial-day-14/live-lindsay-clancy-trial-day-14_DCBWoWhsTpA.mp4,/Users/rajeshpmu/Desktop/LegalMemoCMT/data/phase2/clancy/corpus/raw/live-lindsay-clancy-trial-day-14/live-lindsay-clancy-trial-day-14_DCBWoWhsTpA.en.vtt,/Users/rajeshpmu/Desktop/LegalMemoCMT/data/processed/phase2/clancy/turn_clips/video/DCBWoWhsTpA/DCBWoWhsTpA_turn06529.mp4,/Users/rajeshpmu/Desktop/LegalMemoCMT/data/processed/phase2/clancy/turn_clips/audio/DCBWoWhsTpA/DCBWoWhsTpA_turn06529.wav,01:44:50.315,01:45:39.955,49.640,31,REVIEW_REQUIRED,"Turn exceeds MELD-style preferred maximum duration; inspect for over-consolidation, pauses, or non-testimony content."
DCBWoWhsTpA_turn06534,DCBWoWhsTpA,https://www.youtube.com/live/DCBWoWhsTpA,LIVE: Lindsay Clancy trial Day 14,/Users/rajeshpmu/Desktop/LegalMemoCMT/data/phase2/clancy/corpus/raw/live-lindsay-clancy-trial-day-14/live-lindsay-clancy-trial-day-14_DCBWoWhsTpA.mp4,/Users/rajeshpmu/Desktop/LegalMemoCMT/data/phase2/clancy/corpus/raw/live-lindsay-clancy-trial-day-14/live-lindsay-clancy-trial-day-14_DCBWoWhsTpA.en.vtt,/Users/rajeshpmu/Desktop/LegalMemoCMT/data/processed/phase2/clancy/turn_clips/video/DCBWoWhsTpA/DCBWoWhsTpA_turn06534.mp4,/Users/rajeshpmu/Desktop/LegalMemoCMT/data/processed/phase2/clancy/turn_clips/audio/DCBWoWhsTpA/DCBWoWhsTpA_turn06534.wav,01:45:58.148,01:46:54.395,56.247,4,REVIEW_REQUIRED,"Turn exceeds MELD-style preferred maximum duration; inspect for over-consolidation, pauses, or non-testimony content."
DCBWoWhsTpA_turn06552,DCBWoWhsTpA,https://www.youtube.com/live/DCBWoWhsTpA,LIVE: Lindsay Clancy trial Day 14,/Users/rajeshpmu/Desktop/LegalMemoCMT/data/phase2/clancy/corpus/raw/live-lindsay-clancy-trial-day-14/live-lindsay-clancy-trial-day-14_DCBWoWhsTpA.mp4,/Users/rajeshpmu/Desktop/LegalMemoCMT/data/phase2/clancy/corpus/raw/live-lindsay-clancy-trial-day-14/live-lindsay-clancy-trial-day-14_DCBWoWhsTpA.en.vtt,/Users/rajeshpmu/Desktop/LegalMemoCMT/data/processed/phase2/clancy/turn_clips/video/DCBWoWhsTpA/DCBWoWhsTpA_turn06552.mp4,/Users/rajeshpmu/Desktop/LegalMemoCMT/data/processed/phase2/clancy/turn_clips/audio/DCBWoWhsTpA/DCBWoWhsTpA_turn06552.wav,01:48:05.448,01:48:47.288,41.840,31,REVIEW_REQUIRED,"Turn exceeds MELD-style preferred maximum duration; inspect for over-consolidation, pauses, or non-testimony content."
DCBWoWhsTpA_turn06672,DCBWoWhsTpA,https://www.youtube.com/live/DCBWoWhsTpA,LIVE: Lindsay Clancy trial Day 14,/Users/rajeshpmu/Desktop/LegalMemoCMT/data/phase2/clancy/corpus/raw/live-lindsay-clancy-trial-day-14/live-lindsay-clancy-trial-day-14_DCBWoWhsTpA.mp4,/Users/rajeshpmu/Desktop/LegalMemoCMT/data/phase2/clancy/corpus/raw/live-lindsay-clancy-trial-day-14/live-lindsay-clancy-trial-day-14_DCBWoWhsTpA.en.vtt,/Users/rajeshpmu/Desktop/LegalMemoCMT/data/processed/phase2/clancy/turn_clips/video/DCBWoWhsTpA/DCBWoWhsTpA_turn06672.mp4,/Users/rajeshpmu/Desktop/LegalMemoCMT/data/processed/phase2/clancy/turn_clips/audio/DCBWoWhsTpA/DCBWoWhsTpA_turn06672.wav,01:59:17.009,02:00:26.846,69.837,5,REVIEW_REQUIRED,"Turn exceeds MELD-style preferred maximum duration; inspect for over-consolidation, pauses, or non-testimony content."
DCBWoWhsTpA_turn06699,DCBWoWhsTpA,https://www.youtube.com/live/DCBWoWhsTpA,LIVE: Lindsay Clancy trial Day 14,/Users/rajeshpmu/Desktop/LegalMemoCMT/data/phase2/clancy/corpus/raw/live-lindsay-clancy-trial-day-14/live-lindsay-clancy-trial-day-14_DCBWoWhsTpA.mp4,/Users/rajeshpmu/Desktop/LegalMemoCMT/data/phase2/clancy/corpus/raw/live-lindsay-clancy-trial-day-14/live-lindsay-clancy-trial-day-14_DCBWoWhsTpA.en.vtt,/Users/rajeshpmu/Desktop/LegalMemoCMT/data/processed/phase2/clancy/turn_clips/video/DCBWoWhsTpA/DCBWoWhsTpA_turn06699.mp4,/Users/rajeshpmu/Desktop/LegalMemoCMT/data/processed/phase2/clancy/turn_clips/audio/DCBWoWhsTpA/DCBWoWhsTpA_turn06699.wav,02:02:21.099,02:03:10.351,49.252,35,REVIEW_REQUIRED,"Turn exceeds MELD-style preferred maximum duration; inspect for over-consolidation, pauses, or non-testimony content."
DCBWoWhsTpA_turn06722,DCBWoWhsTpA,https://www.youtube.com/live/DCBWoWhsTpA,LIVE: Lindsay Clancy trial Day 14,/Users/rajeshpmu/Desktop/LegalMemoCMT/data/phase2/clancy/corpus/raw/live-lindsay-clancy-trial-day-14/live-lindsay-clancy-trial-day-14_DCBWoWhsTpA.mp4,/Users/rajeshpmu/Desktop/LegalMemoCMT/data/phase2/clancy/corpus/raw/live-lindsay-clancy-trial-day-14/live-lindsay-clancy-trial-day-14_DCBWoWhsTpA.en.vtt,/Users/rajeshpmu/Desktop/LegalMemoCMT/data/processed/phase2/clancy/turn_clips/video/DCBWoWhsTpA/DCBWoWhsTpA_turn06722.mp4,/Users/rajeshpmu/Desktop/LegalMemoCMT/data/processed/phase2/clancy/turn_clips/audio/DCBWoWhsTpA/DCBWoWhsTpA_turn06722.wav,02:05:17.914,02:05:55.589,37.675,21,REVIEW_REQUIRED,"Turn exceeds MELD-style preferred maximum duration; inspect for over-consolidation, pauses, or non-testimony content."
DCBWoWhsTpA_turn06799,DCBWoWhsTpA,https://www.youtube.com/live/DCBWoWhsTpA,LIVE: Lindsay Clancy trial Day 14,/Users/rajeshpmu/Desktop/LegalMemoCMT/data/phase2/clancy/corpus/raw/live-lindsay-clancy-trial-day-14/live-lindsay-clancy-trial-day-14_DCBWoWhsTpA.mp4,/Users/rajeshpmu/Desktop/LegalMemoCMT/data/phase2/clancy/corpus/raw/live-lindsay-clancy-trial-day-14/live-lindsay-clancy-trial-day-14_DCBWoWhsTpA.en.vtt,/Users/rajeshpmu/Desktop/LegalMemoCMT/data/processed/phase2/clancy/turn_clips/video/DCBWoWhsTpA/DCBWoWhsTpA_turn06799.mp4,/Users/rajeshpmu/Desktop/LegalMemoCMT/data/processed/phase2/clancy/turn_clips/audio/DCBWoWhsTpA/DCBWoWhsTpA_turn06799.wav,02:12:27.216,02:13:19.481,52.265,43,REVIEW_REQUIRED,"Turn exceeds MELD-style preferred maximum duration; inspect for over-consolidation, pauses, or non-testimony content."
DCBWoWhsTpA_turn06813,DCBWoWhsTpA,https://www.youtube.com/live/DCBWoWhsTpA,LIVE: Lindsay Clancy trial Day 14,/Users/rajeshpmu/Desktop/LegalMemoCMT/data/phase2/clancy/corpus/raw/live-lindsay-clancy-trial-day-14/live-lindsay-clancy-trial-day-14_DCBWoWhsTpA.mp4,/Users/rajeshpmu/Desktop/LegalMemoCMT/data/phase2/clancy/corpus/raw/live-lindsay-clancy-trial-day-14/live-lindsay-clancy-trial-day-14_DCBWoWhsTpA.en.vtt,/Users/rajeshpmu/Desktop/LegalMemoCMT/data/processed/phase2/clancy/turn_clips/video/DCBWoWhsTpA/DCBWoWhsTpA_turn06813.mp4,/Users/rajeshpmu/Desktop/LegalMemoCMT/data/processed/phase2/clancy/turn_clips/audio/DCBWoWhsTpA/DCBWoWhsTpA_turn06813.wav,02:15:37.613,02:16:30.244,52.631,9,REVIEW_REQUIRED,"Turn exceeds MELD-style preferred maximum duration; inspect for over-consolidation, pauses, or non-testimony content."
DCBWoWhsTpA_turn06816,DCBWoWhsTpA,https://www.youtube.com/live/DCBWoWhsTpA,LIVE: Lindsay Clancy trial Day 14,/Users/rajeshpmu/Desktop/LegalMemoCMT/data/phase2/clancy/corpus/raw/live-lindsay-clancy-trial-day-14/live-lindsay-clancy-trial-day-14_DCBWoWhsTpA.mp4,/Users/rajeshpmu/Desktop/LegalMemoCMT/data/phase2/clancy/corpus/raw/live-lindsay-clancy-trial-day-14/live-lindsay-clancy-trial-day-14_DCBWoWhsTpA.en.vtt,/Users/rajeshpmu/Desktop/LegalMemoCMT/data/processed/phase2/clancy/turn_clips/video/DCBWoWhsTpA/DCBWoWhsTpA_turn06816.mp4,/Users/rajeshpmu/Desktop/LegalMemoCMT/data/processed/phase2/clancy/turn_clips/audio/DCBWoWhsTpA/DCBWoWhsTpA_turn06816.wav,02:17:15.593,02:18:01.190,45.597,3,REVIEW_REQUIRED,"Turn exceeds MELD-style preferred maximum duration; inspect for over-consolidation, pauses, or non-testimony content."
DCBWoWhsTpA_turn06833,DCBWoWhsTpA,https://www.youtube.com/live/DCBWoWhsTpA,LIVE: Lindsay Clancy trial Day 14,/Users/rajeshpmu/Desktop/LegalMemoCMT/data/phase2/clancy/corpus/raw/live-lindsay-clancy-trial-day-14/live-lindsay-clancy-trial-day-14_DCBWoWhsTpA.mp4,/Users/rajeshpmu/Desktop/LegalMemoCMT/data/phase2/clancy/corpus/raw/live-lindsay-clancy-trial-day-14/live-lindsay-clancy-trial-day-14_DCBWoWhsTpA.en.vtt,/Users/rajeshpmu/Desktop/LegalMemoCMT/data/processed/phase2/clancy/turn_clips/video/DCBWoWhsTpA/DCBWoWhsTpA_turn06833.mp4,/Users/rajeshpmu/Desktop/LegalMemoCMT/data/processed/phase2/clancy/turn_clips/audio/DCBWoWhsTpA/DCBWoWhsTpA_turn06833.wav,02:20:15.722,02:20:49.993,34.271,23,REVIEW_REQUIRED,"Turn exceeds MELD-style preferred maximum duration; inspect for over-consolidation, pauses, or non-testimony content."
DCBWoWhsTpA_turn06855,DCBWoWhsTpA,https://www.youtube.com/live/DCBWoWhsTpA,LIVE: Lindsay Clancy trial Day 14,/Users/rajeshpmu/Desktop/LegalMemoCMT/data/phase2/clancy/corpus/raw/live-lindsay-clancy-trial-day-14/live-lindsay-clancy-trial-day-14_DCBWoWhsTpA.mp4,/Users/rajeshpmu/Desktop/LegalMemoCMT/data/phase2/clancy/corpus/raw/live-lindsay-clancy-trial-day-14/live-lindsay-clancy-trial-day-14_DCBWoWhsTpA.en.vtt,/Users/rajeshpmu/Desktop/LegalMemoCMT/data/processed/phase2/clancy/turn_clips/video/DCBWoWhsTpA/DCBWoWhsTpA_turn06855.mp4,/Users/rajeshpmu/Desktop/LegalMemoCMT/data/processed/phase2/clancy/turn_clips/audio/DCBWoWhsTpA/DCBWoWhsTpA_turn06855.wav,02:23:12.117,02:24:13.858,61.741,37,REVIEW_REQUIRED,"Turn exceeds MELD-style preferred maximum duration; inspect for over-consolidation, pauses, or non-testimony content."
DCBWoWhsTpA_turn06861,DCBWoWhsTpA,https://www.youtube.com/live/DCBWoWhsTpA,LIVE: Lindsay Clancy trial Day 14,/Users/rajeshpmu/Desktop/LegalMemoCMT/data/phase2/clancy/corpus/raw/live-lindsay-clancy-trial-day-14/live-lindsay-clancy-trial-day-14_DCBWoWhsTpA.mp4,/Users/rajeshpmu/Desktop/LegalMemoCMT/data/phase2/clancy/corpus/raw/live-lindsay-clancy-trial-day-14/live-lindsay-clancy-trial-day-14_DCBWoWhsTpA.en.vtt,/Users/rajeshpmu/Desktop/LegalMemoCMT/data/processed/phase2/clancy/turn_clips/video/DCBWoWhsTpA/DCBWoWhsTpA_turn06861.mp4,/Users/rajeshpmu/Desktop/LegalMemoCMT/data/processed/phase2/clancy/turn_clips/audio/DCBWoWhsTpA/DCBWoWhsTpA_turn06861.wav,02:25:01.463,02:25:34.485,33.022,23,REVIEW_REQUIRED,"Turn exceeds MELD-style preferred maximum duration; inspect for over-consolidation, pauses, or non-testimony content."
DCBWoWhsTpA_turn06865,DCBWoWhsTpA,https://www.youtube.com/live/DCBWoWhsTpA,LIVE: Lindsay Clancy trial Day 14,/Users/rajeshpmu/Desktop/LegalMemoCMT/data/phase2/clancy/corpus/raw/live-lindsay-clancy-trial-day-14/live-lindsay-clancy-trial-day-14_DCBWoWhsTpA.mp4,/Users/rajeshpmu/Desktop/LegalMemoCMT/data/phase2/clancy/corpus/raw/live-lindsay-clancy-trial-day-14/live-lindsay-clancy-trial-day-14_DCBWoWhsTpA.en.vtt,/Users/rajeshpmu/Desktop/LegalMemoCMT/data/processed/phase2/clancy/turn_clips/video/DCBWoWhsTpA/DCBWoWhsTpA_turn06865.mp4,/Users/rajeshpmu/Desktop/LegalMemoCMT/data/processed/phase2/clancy/turn_clips/audio/DCBWoWhsTpA/DCBWoWhsTpA_turn06865.wav,02:25:47.102,02:26:23.915,36.813,5,REVIEW_REQUIRED,"Turn exceeds MELD-style preferred maximum duration; inspect for over-consolidation, pauses, or non-testimony content."
DCBWoWhsTpA_turn06868,DCBWoWhsTpA,https://www.youtube.com/live/DCBWoWhsTpA,LIVE: Lindsay Clancy trial Day 14,/Users/rajeshpmu/Desktop/LegalMemoCMT/data/phase2/clancy/corpus/raw/live-lindsay-clancy-trial-day-14/live-lindsay-clancy-trial-day-14_DCBWoWhsTpA.mp4,/Users/rajeshpmu/Desktop/LegalMemoCMT/data/phase2/clancy/corpus/raw/live-lindsay-clancy-trial-day-14/live-lindsay-clancy-trial-day-14_DCBWoWhsTpA.en.vtt,/Users/rajeshpmu/Desktop/LegalMemoCMT/data/processed/phase2/clancy/turn_clips/video/DCBWoWhsTpA/DCBWoWhsTpA_turn06868.mp4,/Users/rajeshpmu/Desktop/LegalMemoCMT/data/processed/phase2/clancy/turn_clips/audio/DCBWoWhsTpA/DCBWoWhsTpA_turn06868.wav,02:26:58.808,02:27:59.831,61.023,47,REVIEW_REQUIRED,"Turn exceeds MELD-style preferred maximum duration; inspect for over-consolidation, pauses, or non-testimony content."
DCBWoWhsTpA_turn06869,DCBWoWhsTpA,https://www.youtube.com/live/DCBWoWhsTpA,LIVE: Lindsay Clancy trial Day 14,/Users/rajeshpmu/Desktop/LegalMemoCMT/data/phase2/clancy/corpus/raw/live-lindsay-clancy-trial-day-14/live-lindsay-clancy-trial-day-14_DCBWoWhsTpA.mp4,/Users/rajeshpmu/Desktop/LegalMemoCMT/data/phase2/clancy/corpus/raw/live-lindsay-clancy-trial-day-14/live-lindsay-clancy-trial-day-14_DCBWoWhsTpA.en.vtt,/Users/rajeshpmu/Desktop/LegalMemoCMT/data/processed/phase2/clancy/turn_clips/video/DCBWoWhsTpA/DCBWoWhsTpA_turn06869.mp4,/Users/rajeshpmu/Desktop/LegalMemoCMT/data/processed/phase2/clancy/turn_clips/audio/DCBWoWhsTpA/DCBWoWhsTpA_turn06869.wav,02:27:59.831,02:28:29.989,30.158,23,REVIEW_REQUIRED,"Turn exceeds MELD-style preferred maximum duration; inspect for over-consolidation, pauses, or non-testimony content."
DCBWoWhsTpA_turn06870,DCBWoWhsTpA,https://www.youtube.com/live/DCBWoWhsTpA,LIVE: Lindsay Clancy trial Day 14,/Users/rajeshpmu/Desktop/LegalMemoCMT/data/phase2/clancy/corpus/raw/live-lindsay-clancy-trial-day-14/live-lindsay-clancy-trial-day-14_DCBWoWhsTpA.mp4,/Users/rajeshpmu/Desktop/LegalMemoCMT/data/phase2/clancy/corpus/raw/live-lindsay-clancy-trial-day-14/live-lindsay-clancy-trial-day-14_DCBWoWhsTpA.en.vtt,/Users/rajeshpmu/Desktop/LegalMemoCMT/data/processed/phase2/clancy/turn_clips/video/DCBWoWhsTpA/DCBWoWhsTpA_turn06870.mp4,/Users/rajeshpmu/Desktop/LegalMemoCMT/data/processed/phase2/clancy/turn_clips/audio/DCBWoWhsTpA/DCBWoWhsTpA_turn06870.wav,02:28:29.989,02:29:46.148,76.159,59,REVIEW_REQUIRED,"Turn exceeds MELD-style preferred maximum duration; inspect for over-consolidation, pauses, or non-testimony content."
DCBWoWhsTpA_turn06874,DCBWoWhsTpA,https://www.youtube.com/live/DCBWoWhsTpA,LIVE: Lindsay Clancy trial Day 14,/Users/rajeshpmu/Desktop/LegalMemoCMT/data/phase2/clancy/corpus/raw/live-lindsay-clancy-trial-day-14/live-lindsay-clancy-trial-day-14_DCBWoWhsTpA.mp4,/Users/rajeshpmu/Desktop/LegalMemoCMT/data/phase2/clancy/corpus/raw/live-lindsay-clancy-trial-day-14/live-lindsay-clancy-trial-day-14_DCBWoWhsTpA.en.vtt,/Users/rajeshpmu/Desktop/LegalMemoCMT/data/processed/phase2/clancy/turn_clips/video/DCBWoWhsTpA/DCBWoWhsTpA_turn06874.mp4,/Users/rajeshpmu/Desktop/LegalMemoCMT/data/processed/phase2/clancy/turn_clips/audio/DCBWoWhsTpA/DCBWoWhsTpA_turn06874.wav,02:30:00.436,02:30:38.389,37.953,35,REVIEW_REQUIRED,"Turn exceeds MELD-style preferred maximum duration; inspect for over-consolidation, pauses, or non-testimony content."
DCBWoWhsTpA_turn06875,DCBWoWhsTpA,https://www.youtube.com/live/DCBWoWhsTpA,LIVE: Lindsay Clancy trial Day 14,/Users/rajeshpmu/Desktop/LegalMemoCMT/data/phase2/clancy/corpus/raw/live-lindsay-clancy-trial-day-14/live-lindsay-clancy-trial-day-14_DCBWoWhsTpA.mp4,/Users/rajeshpmu/Desktop/LegalMemoCMT/data/phase2/clancy/corpus/raw/live-lindsay-clancy-trial-day-14/live-lindsay-clancy-trial-day-14_DCBWoWhsTpA.en.vtt,/Users/rajeshpmu/Desktop/LegalMemoCMT/data/processed/phase2/clancy/turn_clips/video/DCBWoWhsTpA/DCBWoWhsTpA_turn06875.mp4,/Users/rajeshpmu/Desktop/LegalMemoCMT/data/processed/phase2/clancy/turn_clips/audio/DCBWoWhsTpA/DCBWoWhsTpA_turn06875.wav,02:30:41.030,02:31:13.064,32.034,28,REVIEW_REQUIRED,"Turn exceeds MELD-style preferred maximum duration; inspect for over-consolidation, pauses, or non-testimony content."
DCBWoWhsTpA_turn06881,DCBWoWhsTpA,https://www.youtube.com/live/DCBWoWhsTpA,LIVE: Lindsay Clancy trial Day 14,/Users/rajeshpmu/Desktop/LegalMemoCMT/data/phase2/clancy/corpus/raw/live-lindsay-clancy-trial-day-14/live-lindsay-clancy-trial-day-14_DCBWoWhsTpA.mp4,/Users/rajeshpmu/Desktop/LegalMemoCMT/data/phase2/clancy/corpus/raw/live-lindsay-clancy-trial-day-14/live-lindsay-clancy-trial-day-14_DCBWoWhsTpA.en.vtt,/Users/rajeshpmu/Desktop/LegalMemoCMT/data/processed/phase2/clancy/turn_clips/video/DCBWoWhsTpA/DCBWoWhsTpA_turn06881.mp4,/Users/rajeshpmu/Desktop/LegalMemoCMT/data/processed/phase2/clancy/turn_clips/audio/DCBWoWhsTpA/DCBWoWhsTpA_turn06881.wav,02:32:19.579,02:33:12.191,52.612,35,REVIEW_REQUIRED,"Turn exceeds MELD-style preferred maximum duration; inspect for over-consolidation, pauses, or non-testimony content."
DCBWoWhsTpA_turn06882,DCBWoWhsTpA,https://www.youtube.com/live/DCBWoWhsTpA,LIVE: Lindsay Clancy trial Day 14,/Users/rajeshpmu/Desktop/LegalMemoCMT/data/phase2/clancy/corpus/raw/live-lindsay-clancy-trial-day-14/live-lindsay-clancy-trial-day-14_DCBWoWhsTpA.mp4,/Users/rajeshpmu/Desktop/LegalMemoCMT/data/phase2/clancy/corpus/raw/live-lindsay-clancy-trial-day-14/live-lindsay-clancy-trial-day-14_DCBWoWhsTpA.en.vtt,/Users/rajeshpmu/Desktop/LegalMemoCMT/data/processed/phase2/clancy/turn_clips/video/DCBWoWhsTpA/DCBWoWhsTpA_turn06882.mp4,/Users/rajeshpmu/Desktop/LegalMemoCMT/data/processed/phase2/clancy/turn_clips/audio/DCBWoWhsTpA/DCBWoWhsTpA_turn06882.wav,02:33:12.191,02:35:28.151,135.960,97,REVIEW_REQUIRED,"Turn exceeds MELD-style preferred maximum duration; inspect for over-consolidation, pauses, or non-testimony content."
DCBWoWhsTpA_turn06894,DCBWoWhsTpA,https://www.youtube.com/live/DCBWoWhsTpA,LIVE: Lindsay Clancy trial Day 14,/Users/rajeshpmu/Desktop/LegalMemoCMT/data/phase2/clancy/corpus/raw/live-lindsay-clancy-trial-day-14/live-lindsay-clancy-trial-day-14_DCBWoWhsTpA.mp4,/Users/rajeshpmu/Desktop/LegalMemoCMT/data/phase2/clancy/corpus/raw/live-lindsay-clancy-trial-day-14/live-lindsay-clancy-trial-day-14_DCBWoWhsTpA.en.vtt,/Users/rajeshpmu/Desktop/LegalMemoCMT/data/processed/phase2/clancy/turn_clips/video/DCBWoWhsTpA/DCBWoWhsTpA_turn06894.mp4,/Users/rajeshpmu/Desktop/LegalMemoCMT/data/processed/phase2/clancy/turn_clips/audio/DCBWoWhsTpA/DCBWoWhsTpA_turn06894.wav,02:37:40.796,02:38:12.510,31.714,29,REVIEW_REQUIRED,"Turn exceeds MELD-style preferred maximum duration; inspect for over-consolidation, pauses, or non-testimony content."
DCBWoWhsTpA_turn06907,DCBWoWhsTpA,https://www.youtube.com/live/DCBWoWhsTpA,LIVE: Lindsay Clancy trial Day 14,/Users/rajeshpmu/Desktop/LegalMemoCMT/data/phase2/clancy/corpus/raw/live-lindsay-clancy-trial-day-14/live-lindsay-clancy-trial-day-14_DCBWoWhsTpA.mp4,/Users/rajeshpmu/Desktop/LegalMemoCMT/data/phase2/clancy/corpus/raw/live-lindsay-clancy-trial-day-14/live-lindsay-clancy-trial-day-14_DCBWoWhsTpA.en.vtt,/Users/rajeshpmu/Desktop/LegalMemoCMT/data/processed/phase2/clancy/turn_clips/video/DCBWoWhsTpA/DCBWoWhsTpA_turn06907.mp4,/Users/rajeshpmu/Desktop/LegalMemoCMT/data/processed/phase2/clancy/turn_clips/audio/DCBWoWhsTpA/DCBWoWhsTpA_turn06907.wav,02:40:50.516,02:41:39.177,48.661,21,REVIEW_REQUIRED,"Turn exceeds MELD-style preferred maximum duration; inspect for over-consolidation, pauses, or non-testimony content."
DCBWoWhsTpA_turn06932,DCBWoWhsTpA,https://www.youtube.com/live/DCBWoWhsTpA,LIVE: Lindsay Clancy trial Day 14,/Users/rajeshpmu/Desktop/LegalMemoCMT/data/phase2/clancy/corpus/raw/live-lindsay-clancy-trial-day-14/live-lindsay-clancy-trial-day-14_DCBWoWhsTpA.mp4,/Users/rajeshpmu/Desktop/LegalMemoCMT/data/phase2/clancy/corpus/raw/live-lindsay-clancy-trial-day-14/live-lindsay-clancy-trial-day-14_DCBWoWhsTpA.en.vtt,/Users/rajeshpmu/Desktop/LegalMemoCMT/data/processed/phase2/clancy/turn_clips/video/DCBWoWhsTpA/DCBWoWhsTpA_turn06932.mp4,/Users/rajeshpmu/Desktop/LegalMemoCMT/data/processed/phase2/clancy/turn_clips/audio/DCBWoWhsTpA/DCBWoWhsTpA_turn06932.wav,02:45:02.394,02:46:09.689,67.295,5,REVIEW_REQUIRED,"Turn exceeds MELD-style preferred maximum duration; inspect for over-consolidation, pauses, or non-testimony content."
DCBWoWhsTpA_turn06936,DCBWoWhsTpA,https://www.youtube.com/live/DCBWoWhsTpA,LIVE: Lindsay Clancy trial Day 14,/Users/rajeshpmu/Desktop/LegalMemoCMT/data/phase2/clancy/corpus/raw/live-lindsay-clancy-trial-day-14/live-lindsay-clancy-trial-day-14_DCBWoWhsTpA.mp4,/Users/rajeshpmu/Desktop/LegalMemoCMT/data/phase2/clancy/corpus/raw/live-lindsay-clancy-trial-day-14/live-lindsay-clancy-trial-day-14_DCBWoWhsTpA.en.vtt,/Users/rajeshpmu/Desktop/LegalMemoCMT/data/processed/phase2/clancy/turn_clips/video/DCBWoWhsTpA/DCBWoWhsTpA_turn06936.mp4,/Users/rajeshpmu/Desktop/LegalMemoCMT/data/processed/phase2/clancy/turn_clips/audio/DCBWoWhsTpA/DCBWoWhsTpA_turn06936.wav,02:46:15.125,02:48:50.590,155.465,137,REVIEW_REQUIRED,"Turn exceeds MELD-style preferred maximum duration; inspect for over-consolidation, pauses, or non-testimony content."
DCBWoWhsTpA_turn07016,DCBWoWhsTpA,https://www.youtube.com/live/DCBWoWhsTpA,LIVE: Lindsay Clancy trial Day 14,/Users/rajeshpmu/Desktop/LegalMemoCMT/data/phase2/clancy/corpus/raw/live-lindsay-clancy-trial-day-14/live-lindsay-clancy-trial-day-14_DCBWoWhsTpA.mp4,/Users/rajeshpmu/Desktop/LegalMemoCMT/data/phase2/clancy/corpus/raw/live-lindsay-clancy-trial-day-14/live-lindsay-clancy-trial-day-14_DCBWoWhsTpA.en.vtt,/Users/rajeshpmu/Desktop/LegalMemoCMT/data/processed/phase2/clancy/turn_clips/video/DCBWoWhsTpA/DCBWoWhsTpA_turn07016.mp4,/Users/rajeshpmu/Desktop/LegalMemoCMT/data/processed/phase2/clancy/turn_clips/audio/DCBWoWhsTpA/DCBWoWhsTpA_turn07016.wav,02:57:21.580,02:57:56.525,34.945,33,REVIEW_REQUIRED,"Turn exceeds MELD-style preferred maximum duration; inspect for over-consolidation, pauses, or non-testimony content."
DCBWoWhsTpA_turn07020,DCBWoWhsTpA,https://www.youtube.com/live/DCBWoWhsTpA,LIVE: Lindsay Clancy trial Day 14,/Users/rajeshpmu/Desktop/LegalMemoCMT/data/phase2/clancy/corpus/raw/live-lindsay-clancy-trial-day-14/live-lindsay-clancy-trial-day-14_DCBWoWhsTpA.mp4,/Users/rajeshpmu/Desktop/LegalMemoCMT/data/phase2/clancy/corpus/raw/live-lindsay-clancy-trial-day-14/live-lindsay-clancy-trial-day-14_DCBWoWhsTpA.en.vtt,/Users/rajeshpmu/Desktop/LegalMemoCMT/data/processed/phase2/clancy/turn_clips/video/DCBWoWhsTpA/DCBWoWhsTpA_turn07020.mp4,/Users/rajeshpmu/Desktop/LegalMemoCMT/data/processed/phase2/clancy/turn_clips/audio/DCBWoWhsTpA/DCBWoWhsTpA_turn07020.wav,02:58:31.705,02:59:13.452,41.747,39,REVIEW_REQUIRED,"Turn exceeds MELD-style preferred maximum duration; inspect for over-consolidation, pauses, or non-testimony content."
DCBWoWhsTpA_turn07032,DCBWoWhsTpA,https://www.youtube.com/live/DCBWoWhsTpA,LIVE: Lindsay Clancy trial Day 14,/Users/rajeshpmu/Desktop/LegalMemoCMT/data/phase2/clancy/corpus/raw/live-lindsay-clancy-trial-day-14/live-lindsay-clancy-trial-day-14_DCBWoWhsTpA.mp4,/Users/rajeshpmu/Desktop/LegalMemoCMT/data/phase2/clancy/corpus/raw/live-lindsay-clancy-trial-day-14/live-lindsay-clancy-trial-day-14_DCBWoWhsTpA.en.vtt,/Users/rajeshpmu/Desktop/LegalMemoCMT/data/processed/phase2/clancy/turn_clips/video/DCBWoWhsTpA/DCBWoWhsTpA_turn07032.mp4,/Users/rajeshpmu/Desktop/LegalMemoCMT/data/processed/phase2/clancy/turn_clips/audio/DCBWoWhsTpA/DCBWoWhsTpA_turn07032.wav,03:00:18.870,03:01:50.540,91.670,54,REVIEW_REQUIRED,"Turn exceeds MELD-style preferred maximum duration; inspect for over-consolidation, pauses, or non-testimony content."
DCBWoWhsTpA_turn07033,DCBWoWhsTpA,https://www.youtube.com/live/DCBWoWhsTpA,LIVE: Lindsay Clancy trial Day 14,/Users/rajeshpmu/Desktop/LegalMemoCMT/data/phase2/clancy/corpus/raw/live-lindsay-clancy-trial-day-14/live-lindsay-clancy-trial-day-14_DCBWoWhsTpA.mp4,/Users/rajeshpmu/Desktop/LegalMemoCMT/data/phase2/clancy/corpus/raw/live-lindsay-clancy-trial-day-14/live-lindsay-clancy-trial-day-14_DCBWoWhsTpA.en.vtt,/Users/rajeshpmu/Desktop/LegalMemoCMT/data/processed/phase2/clancy/turn_clips/video/DCBWoWhsTpA/DCBWoWhsTpA_turn07033.mp4,/Users/rajeshpmu/Desktop/LegalMemoCMT/data/processed/phase2/clancy/turn_clips/audio/DCBWoWhsTpA/DCBWoWhsTpA_turn07033.wav,03:01:50.540,03:02:33.418,42.878,13,REVIEW_REQUIRED,"Turn exceeds MELD-style preferred maximum duration; inspect for over-consolidation, pauses, or non-testimony content."
LGYerNiA8kI_turn07096,LGYerNiA8kI,https://www.youtube.com/watch?v=LGYerNiA8kI,Clancy Children's Pediatrician Testifies About Seeing Lindsay Hours Before Killings,/Users/rajeshpmu/Desktop/LegalMemoCMT/data/phase2/clancy/corpus/raw/clancy-children-s-pediatrician-testifies-about-seeing-lindsay-hours-be/clancy-children-s-pediatrician-testifies-about-seeing-lindsay-hours-be_LGYerNiA8kI.mp4,/Users/rajeshpmu/Desktop/LegalMemoCMT/data/phase2/clancy/corpus/raw/clancy-children-s-pediatrician-testifies-about-seeing-lindsay-hours-be/clancy-children-s-pediatrician-testifies-about-seeing-lindsay-hours-be_LGYerNiA8kI.en.vtt,/Users/rajeshpmu/Desktop/LegalMemoCMT/data/processed/phase2/clancy/turn_clips/video/LGYerNiA8kI/LGYerNiA8kI_turn07096.mp4,/Users/rajeshpmu/Desktop/LegalMemoCMT/data/processed/phase2/clancy/turn_clips/audio/LGYerNiA8kI/LGYerNiA8kI_turn07096.wav,00:07:26.604,00:08:17.659,51.055,15,REVIEW_REQUIRED,"Turn exceeds MELD-style preferred maximum duration; inspect for over-consolidation, pauses, or non-testimony content."
LGYerNiA8kI_turn07128,LGYerNiA8kI,https://www.youtube.com/watch?v=LGYerNiA8kI,Clancy Children's Pediatrician Testifies About Seeing Lindsay Hours Before Killings,/Users/rajeshpmu/Desktop/LegalMemoCMT/data/phase2/clancy/corpus/raw/clancy-children-s-pediatrician-testifies-about-seeing-lindsay-hours-be/clancy-children-s-pediatrician-testifies-about-seeing-lindsay-hours-be_LGYerNiA8kI.mp4,/Users/rajeshpmu/Desktop/LegalMemoCMT/data/phase2/clancy/corpus/raw/clancy-children-s-pediatrician-testifies-about-seeing-lindsay-hours-be/clancy-children-s-pediatrician-testifies-about-seeing-lindsay-hours-be_LGYerNiA8kI.en.vtt,/Users/rajeshpmu/Desktop/LegalMemoCMT/data/processed/phase2/clancy/turn_clips/video/LGYerNiA8kI/LGYerNiA8kI_turn07128.mp4,/Users/rajeshpmu/Desktop/LegalMemoCMT/data/processed/phase2/clancy/turn_clips/audio/LGYerNiA8kI/LGYerNiA8kI_turn07128.wav,00:11:00.125,00:11:32.506,32.381,27,REVIEW_REQUIRED,"Turn exceeds MELD-style preferred maximum duration; inspect for over-consolidation, pauses, or non-testimony content."
VQQb9BbgwHg_turn07187,VQQb9BbgwHg,https://www.youtube.com/watch?v=VQQb9BbgwHg,LIVE: Lindsay Clancy trial Day 17,/Users/rajeshpmu/Desktop/LegalMemoCMT/data/phase2/clancy/corpus/raw/live-lindsay-clancy-trial-day-17/live-lindsay-clancy-trial-day-17_VQQb9BbgwHg.mp4,/Users/rajeshpmu/Desktop/LegalMemoCMT/data/phase2/clancy/corpus/raw/live-lindsay-clancy-trial-day-17/live-lindsay-clancy-trial-day-17_VQQb9BbgwHg.en.vtt,/Users/rajeshpmu/Desktop/LegalMemoCMT/data/processed/phase2/clancy/turn_clips/video/VQQb9BbgwHg/VQQb9BbgwHg_turn07187.mp4,/Users/rajeshpmu/Desktop/LegalMemoCMT/data/processed/phase2/clancy/turn_clips/audio/VQQb9BbgwHg/VQQb9BbgwHg_turn07187.wav,00:00:19.770,00:01:22.870,63.100,15,REVIEW_REQUIRED,"Turn exceeds MELD-style preferred maximum duration; inspect for over-consolidation, pauses, or non-testimony content."
VQQb9BbgwHg_turn07190,VQQb9BbgwHg,https://www.youtube.com/watch?v=VQQb9BbgwHg,LIVE: Lindsay Clancy trial Day 17,/Users/rajeshpmu/Desktop/LegalMemoCMT/data/phase2/clancy/corpus/raw/live-lindsay-clancy-trial-day-17/live-lindsay-clancy-trial-day-17_VQQb9BbgwHg.mp4,/Users/rajeshpmu/Desktop/LegalMemoCMT/data/phase2/clancy/corpus/raw/live-lindsay-clancy-trial-day-17/live-lindsay-clancy-trial-day-17_VQQb9BbgwHg.en.vtt,/Users/rajeshpmu/Desktop/LegalMemoCMT/data/processed/phase2/clancy/turn_clips/video/VQQb9BbgwHg/VQQb9BbgwHg_turn07190.mp4,/Users/rajeshpmu/Desktop/LegalMemoCMT/data/processed/phase2/clancy/turn_clips/audio/VQQb9BbgwHg/VQQb9BbgwHg_turn07190.wav,00:01:44.014,00:03:11.732,87.718,17,REVIEW_REQUIRED,"Turn exceeds MELD-style preferred maximum duration; inspect for over-consolidation, pauses, or non-testimony content."
VQQb9BbgwHg_turn07193,VQQb9BbgwHg,https://www.youtube.com/watch?v=VQQb9BbgwHg,LIVE: Lindsay Clancy trial Day 17,/Users/rajeshpmu/Desktop/LegalMemoCMT/data/phase2/clancy/corpus/raw/live-lindsay-clancy-trial-day-17/live-lindsay-clancy-trial-day-17_VQQb9BbgwHg.mp4,/Users/rajeshpmu/Desktop/LegalMemoCMT/data/phase2/clancy/corpus/raw/live-lindsay-clancy-trial-day-17/live-lindsay-clancy-trial-day-17_VQQb9BbgwHg.en.vtt,/Users/rajeshpmu/Desktop/LegalMemoCMT/data/processed/phase2/clancy/turn_clips/video/VQQb9BbgwHg/VQQb9BbgwHg_turn07193.mp4,/Users/rajeshpmu/Desktop/LegalMemoCMT/data/processed/phase2/clancy/turn_clips/audio/VQQb9BbgwHg/VQQb9BbgwHg_turn07193.wav,00:03:29.868,00:05:38.954,129.086,115,REVIEW_REQUIRED,"Turn exceeds MELD-style preferred maximum duration; inspect for over-consolidation, pauses, or non-testimony content."
VQQb9BbgwHg_turn07194,VQQb9BbgwHg,https://www.youtube.com/watch?v=VQQb9BbgwHg,LIVE: Lindsay Clancy trial Day 17,/Users/rajeshpmu/Desktop/LegalMemoCMT/data/phase2/clancy/corpus/raw/live-lindsay-clancy-trial-day-17/live-lindsay-clancy-trial-day-17_VQQb9BbgwHg.mp4,/Users/rajeshpmu/Desktop/LegalMemoCMT/data/phase2/clancy/corpus/raw/live-lindsay-clancy-trial-day-17/live-lindsay-clancy-trial-day-17_VQQb9BbgwHg.en.vtt,/Users/rajeshpmu/Desktop/LegalMemoCMT/data/processed/phase2/clancy/turn_clips/video/VQQb9BbgwHg/VQQb9BbgwHg_turn07194.mp4,/Users/rajeshpmu/Desktop/LegalMemoCMT/data/processed/phase2/clancy/turn_clips/audio/VQQb9BbgwHg/VQQb9BbgwHg_turn07194.wav,00:05:38.954,00:06:59.553,80.599,9,REVIEW_REQUIRED,"Turn exceeds MELD-style preferred maximum duration; inspect for over-consolidation, pauses, or non-testimony content."
VQQb9BbgwHg_turn07201,VQQb9BbgwHg,https://www.youtube.com/watch?v=VQQb9BbgwHg,LIVE: Lindsay Clancy trial Day 17,/Users/rajeshpmu/Desktop/LegalMemoCMT/data/phase2/clancy/corpus/raw/live-lindsay-clancy-trial-day-17/live-lindsay-clancy-trial-day-17_VQQb9BbgwHg.mp4,/Users/rajeshpmu/Desktop/LegalMemoCMT/data/phase2/clancy/corpus/raw/live-lindsay-clancy-trial-day-17/live-lindsay-clancy-trial-day-17_VQQb9BbgwHg.en.vtt,/Users/rajeshpmu/Desktop/LegalMemoCMT/data/processed/phase2/clancy/turn_clips/video/VQQb9BbgwHg/VQQb9BbgwHg_turn07201.mp4,/Users/rajeshpmu/Desktop/LegalMemoCMT/data/processed/phase2/clancy/turn_clips/audio/VQQb9BbgwHg/VQQb9BbgwHg_turn07201.wav,00:07:36.784,00:08:52.765,75.981,49,REVIEW_REQUIRED,"Turn exceeds MELD-style preferred maximum duration; inspect for over-consolidation, pauses, or non-testimony content."
VQQb9BbgwHg_turn07225,VQQb9BbgwHg,https://www.youtube.com/watch?v=VQQb9BbgwHg,LIVE: Lindsay Clancy trial Day 17,/Users/rajeshpmu/Desktop/LegalMemoCMT/data/phase2/clancy/corpus/raw/live-lindsay-clancy-trial-day-17/live-lindsay-clancy-trial-day-17_VQQb9BbgwHg.mp4,/Users/rajeshpmu/Desktop/LegalMemoCMT/data/phase2/clancy/corpus/raw/live-lindsay-clancy-trial-day-17/live-lindsay-clancy-trial-day-17_VQQb9BbgwHg.en.vtt,/Users/rajeshpmu/Desktop/LegalMemoCMT/data/processed/phase2/clancy/turn_clips/video/VQQb9BbgwHg/VQQb9BbgwHg_turn07225.mp4,/Users/rajeshpmu/Desktop/LegalMemoCMT/data/processed/phase2/clancy/turn_clips/audio/VQQb9BbgwHg/VQQb9BbgwHg_turn07225.wav,00:11:09.749,00:11:40.514,30.765,23,REVIEW_REQUIRED,"Turn exceeds MELD-style preferred maximum duration; inspect for over-consolidation, pauses, or non-testimony content."
VQQb9BbgwHg_turn07242,VQQb9BbgwHg,https://www.youtube.com/watch?v=VQQb9BbgwHg,LIVE: Lindsay Clancy trial Day 17,/Users/rajeshpmu/Desktop/LegalMemoCMT/data/phase2/clancy/corpus/raw/live-lindsay-clancy-trial-day-17/live-lindsay-clancy-trial-day-17_VQQb9BbgwHg.mp4,/Users/rajeshpmu/Desktop/LegalMemoCMT/data/phase2/clancy/corpus/raw/live-lindsay-clancy-trial-day-17/live-lindsay-clancy-trial-day-17_VQQb9BbgwHg.en.vtt,/Users/rajeshpmu/Desktop/LegalMemoCMT/data/processed/phase2/clancy/turn_clips/video/VQQb9BbgwHg/VQQb9BbgwHg_turn07242.mp4,/Users/rajeshpmu/Desktop/LegalMemoCMT/data/processed/phase2/clancy/turn_clips/audio/VQQb9BbgwHg/VQQb9BbgwHg_turn07242.wav,00:13:37.836,00:14:18.717,40.881,25,REVIEW_REQUIRED,"Turn exceeds MELD-style preferred maximum duration; inspect for over-consolidation, pauses, or non-testimony content."
VQQb9BbgwHg_turn07315,VQQb9BbgwHg,https://www.youtube.com/watch?v=VQQb9BbgwHg,LIVE: Lindsay Clancy trial Day 17,/Users/rajeshpmu/Desktop/LegalMemoCMT/data/phase2/clancy/corpus/raw/live-lindsay-clancy-trial-day-17/live-lindsay-clancy-trial-day-17_VQQb9BbgwHg.mp4,/Users/rajeshpmu/Desktop/LegalMemoCMT/data/phase2/clancy/corpus/raw/live-lindsay-clancy-trial-day-17/live-lindsay-clancy-trial-day-17_VQQb9BbgwHg.en.vtt,/Users/rajeshpmu/Desktop/LegalMemoCMT/data/processed/phase2/clancy/turn_clips/video/VQQb9BbgwHg/VQQb9BbgwHg_turn07315.mp4,/Users/rajeshpmu/Desktop/LegalMemoCMT/data/processed/phase2/clancy/turn_clips/audio/VQQb9BbgwHg/VQQb9BbgwHg_turn07315.wav,00:22:25.226,00:22:56.664,31.438,23,REVIEW_REQUIRED,"Turn exceeds MELD-style preferred maximum duration; inspect for over-consolidation, pauses, or non-testimony content."
VQQb9BbgwHg_turn07355,VQQb9BbgwHg,https://www.youtube.com/watch?v=VQQb9BbgwHg,LIVE: Lindsay Clancy trial Day 17,/Users/rajeshpmu/Desktop/LegalMemoCMT/data/phase2/clancy/corpus/raw/live-lindsay-clancy-trial-day-17/live-lindsay-clancy-trial-day-17_VQQb9BbgwHg.mp4,/Users/rajeshpmu/Desktop/LegalMemoCMT/data/phase2/clancy/corpus/raw/live-lindsay-clancy-trial-day-17/live-lindsay-clancy-trial-day-17_VQQb9BbgwHg.en.vtt,/Users/rajeshpmu/Desktop/LegalMemoCMT/data/processed/phase2/clancy/turn_clips/video/VQQb9BbgwHg/VQQb9BbgwHg_turn07355.mp4,/Users/rajeshpmu/Desktop/LegalMemoCMT/data/processed/phase2/clancy/turn_clips/audio/VQQb9BbgwHg/VQQb9BbgwHg_turn07355.wav,00:27:58.870,00:29:22.744,83.874,50,REVIEW_REQUIRED,"Turn exceeds MELD-style preferred maximum duration; inspect for over-consolidation, pauses, or non-testimony content."
VQQb9BbgwHg_turn07357,VQQb9BbgwHg,https://www.youtube.com/watch?v=VQQb9BbgwHg,LIVE: Lindsay Clancy trial Day 17,/Users/rajeshpmu/Desktop/LegalMemoCMT/data/phase2/clancy/corpus/raw/live-lindsay-clancy-trial-day-17/live-lindsay-clancy-trial-day-17_VQQb9BbgwHg.mp4,/Users/rajeshpmu/Desktop/LegalMemoCMT/data/phase2/clancy/corpus/raw/live-lindsay-clancy-trial-day-17/live-lindsay-clancy-trial-day-17_VQQb9BbgwHg.en.vtt,/Users/rajeshpmu/Desktop/LegalMemoCMT/data/processed/phase2/clancy/turn_clips/video/VQQb9BbgwHg/VQQb9BbgwHg_turn07357.mp4,/Users/rajeshpmu/Desktop/LegalMemoCMT/data/processed/phase2/clancy/turn_clips/audio/VQQb9BbgwHg/VQQb9BbgwHg_turn07357.wav,00:29:39.755,00:30:24.070,44.315,29,REVIEW_REQUIRED,"Turn exceeds MELD-style preferred maximum duration; inspect for over-consolidation, pauses, or non-testimony content."
VQQb9BbgwHg_turn07359,VQQb9BbgwHg,https://www.youtube.com/watch?v=VQQb9BbgwHg,LIVE: Lindsay Clancy trial Day 17,/Users/rajeshpmu/Desktop/LegalMemoCMT/data/phase2/clancy/corpus/raw/live-lindsay-clancy-trial-day-17/live-lindsay-clancy-trial-day-17_VQQb9BbgwHg.mp4,/Users/rajeshpmu/Desktop/LegalMemoCMT/data/phase2/clancy/corpus/raw/live-lindsay-clancy-trial-day-17/live-lindsay-clancy-trial-day-17_VQQb9BbgwHg.en.vtt,/Users/rajeshpmu/Desktop/LegalMemoCMT/data/processed/phase2/clancy/turn_clips/video/VQQb9BbgwHg/VQQb9BbgwHg_turn07359.mp4,/Users/rajeshpmu/Desktop/LegalMemoCMT/data/processed/phase2/clancy/turn_clips/audio/VQQb9BbgwHg/VQQb9BbgwHg_turn07359.wav,00:30:36.070,00:33:34.763,178.693,140,REVIEW_REQUIRED,"Turn exceeds MELD-style preferred maximum duration; inspect for over-consolidation, pauses, or non-testimony content."
VQQb9BbgwHg_turn07360,VQQb9BbgwHg,https://www.youtube.com/watch?v=VQQb9BbgwHg,LIVE: Lindsay Clancy trial Day 17,/Users/rajeshpmu/Desktop/LegalMemoCMT/data/phase2/clancy/corpus/raw/live-lindsay-clancy-trial-day-17/live-lindsay-clancy-trial-day-17_VQQb9BbgwHg.mp4,/Users/rajeshpmu/Desktop/LegalMemoCMT/data/phase2/clancy/corpus/raw/live-lindsay-clancy-trial-day-17/live-lindsay-clancy-trial-day-17_VQQb9BbgwHg.en.vtt,/Users/rajeshpmu/Desktop/LegalMemoCMT/data/processed/phase2/clancy/turn_clips/video/VQQb9BbgwHg/VQQb9BbgwHg_turn07360.mp4,/Users/rajeshpmu/Desktop/LegalMemoCMT/data/processed/phase2/clancy/turn_clips/audio/VQQb9BbgwHg/VQQb9BbgwHg_turn07360.wav,00:33:34.763,00:34:45.277,70.514,47,REVIEW_REQUIRED,"Turn exceeds MELD-style preferred maximum duration; inspect for over-consolidation, pauses, or non-testimony content."
VQQb9BbgwHg_turn07361,VQQb9BbgwHg,https://www.youtube.com/watch?v=VQQb9BbgwHg,LIVE: Lindsay Clancy trial Day 17,/Users/rajeshpmu/Desktop/LegalMemoCMT/data/phase2/clancy/corpus/raw/live-lindsay-clancy-trial-day-17/live-lindsay-clancy-trial-day-17_VQQb9BbgwHg.mp4,/Users/rajeshpmu/Desktop/LegalMemoCMT/data/phase2/clancy/corpus/raw/live-lindsay-clancy-trial-day-17/live-lindsay-clancy-trial-day-17_VQQb9BbgwHg.en.vtt,/Users/rajeshpmu/Desktop/LegalMemoCMT/data/processed/phase2/clancy/turn_clips/video/VQQb9BbgwHg/VQQb9BbgwHg_turn07361.mp4,/Users/rajeshpmu/Desktop/LegalMemoCMT/data/processed/phase2/clancy/turn_clips/audio/VQQb9BbgwHg/VQQb9BbgwHg_turn07361.wav,00:34:45.277,00:35:43.229,57.952,51,REVIEW_REQUIRED,"Turn exceeds MELD-style preferred maximum duration; inspect for over-consolidation, pauses, or non-testimony content."
VQQb9BbgwHg_turn07365,VQQb9BbgwHg,https://www.youtube.com/watch?v=VQQb9BbgwHg,LIVE: Lindsay Clancy trial Day 17,/Users/rajeshpmu/Desktop/LegalMemoCMT/data/phase2/clancy/corpus/raw/live-lindsay-clancy-trial-day-17/live-lindsay-clancy-trial-day-17_VQQb9BbgwHg.mp4,/Users/rajeshpmu/Desktop/LegalMemoCMT/data/phase2/clancy/corpus/raw/live-lindsay-clancy-trial-day-17/live-lindsay-clancy-trial-day-17_VQQb9BbgwHg.en.vtt,/Users/rajeshpmu/Desktop/LegalMemoCMT/data/processed/phase2/clancy/turn_clips/video/VQQb9BbgwHg/VQQb9BbgwHg_turn07365.mp4,/Users/rajeshpmu/Desktop/LegalMemoCMT/data/processed/phase2/clancy/turn_clips/audio/VQQb9BbgwHg/VQQb9BbgwHg_turn07365.wav,00:36:14.950,00:39:35.961,201.011,162,REVIEW_REQUIRED,"Turn exceeds MELD-style preferred maximum duration; inspect for over-consolidation, pauses, or non-testimony content."
VQQb9BbgwHg_turn07368,VQQb9BbgwHg,https://www.youtube.com/watch?v=VQQb9BbgwHg,LIVE: Lindsay Clancy trial Day 17,/Users/rajeshpmu/Desktop/LegalMemoCMT/data/phase2/clancy/corpus/raw/live-lindsay-clancy-trial-day-17/live-lindsay-clancy-trial-day-17_VQQb9BbgwHg.mp4,/Users/rajeshpmu/Desktop/LegalMemoCMT/data/phase2/clancy/corpus/raw/live-lindsay-clancy-trial-day-17/live-lindsay-clancy-trial-day-17_VQQb9BbgwHg.en.vtt,/Users/rajeshpmu/Desktop/LegalMemoCMT/data/processed/phase2/clancy/turn_clips/video/VQQb9BbgwHg/VQQb9BbgwHg_turn07368.mp4,/Users/rajeshpmu/Desktop/LegalMemoCMT/data/processed/phase2/clancy/turn_clips/audio/VQQb9BbgwHg/VQQb9BbgwHg_turn07368.wav,00:40:01.116,00:40:45.848,44.732,49,REVIEW_REQUIRED,"Turn exceeds MELD-style preferred maximum duration; inspect for over-consolidation, pauses, or non-testimony content."
VQQb9BbgwHg_turn07373,VQQb9BbgwHg,https://www.youtube.com/watch?v=VQQb9BbgwHg,LIVE: Lindsay Clancy trial Day 17,/Users/rajeshpmu/Desktop/LegalMemoCMT/data/phase2/clancy/corpus/raw/live-lindsay-clancy-trial-day-17/live-lindsay-clancy-trial-day-17_VQQb9BbgwHg.mp4,/Users/rajeshpmu/Desktop/LegalMemoCMT/data/phase2/clancy/corpus/raw/live-lindsay-clancy-trial-day-17/live-lindsay-clancy-trial-day-17_VQQb9BbgwHg.en.vtt,/Users/rajeshpmu/Desktop/LegalMemoCMT/data/processed/phase2/clancy/turn_clips/video/VQQb9BbgwHg/VQQb9BbgwHg_turn07373.mp4,/Users/rajeshpmu/Desktop/LegalMemoCMT/data/processed/phase2/clancy/turn_clips/audio/VQQb9BbgwHg/VQQb9BbgwHg_turn07373.wav,00:41:02.637,00:42:41.138,98.501,85,REVIEW_REQUIRED,"Turn exceeds MELD-style preferred maximum duration; inspect for over-consolidation, pauses, or non-testimony content."
VQQb9BbgwHg_turn07378,VQQb9BbgwHg,https://www.youtube.com/watch?v=VQQb9BbgwHg,LIVE: Lindsay Clancy trial Day 17,/Users/rajeshpmu/Desktop/LegalMemoCMT/data/phase2/clancy/corpus/raw/live-lindsay-clancy-trial-day-17/live-lindsay-clancy-trial-day-17_VQQb9BbgwHg.mp4,/Users/rajeshpmu/Desktop/LegalMemoCMT/data/phase2/clancy/corpus/raw/live-lindsay-clancy-trial-day-17/live-lindsay-clancy-trial-day-17_VQQb9BbgwHg.en.vtt,/Users/rajeshpmu/Desktop/LegalMemoCMT/data/processed/phase2/clancy/turn_clips/video/VQQb9BbgwHg/VQQb9BbgwHg_turn07378.mp4,/Users/rajeshpmu/Desktop/LegalMemoCMT/data/processed/phase2/clancy/turn_clips/audio/VQQb9BbgwHg/VQQb9BbgwHg_turn07378.wav,00:43:20.297,00:43:58.476,38.179,33,REVIEW_REQUIRED,"Turn exceeds MELD-style preferred maximum duration; inspect for over-consolidation, pauses, or non-testimony content."
VQQb9BbgwHg_turn07379,VQQb9BbgwHg,https://www.youtube.com/watch?v=VQQb9BbgwHg,LIVE: Lindsay Clancy trial Day 17,/Users/rajeshpmu/Desktop/LegalMemoCMT/data/phase2/clancy/corpus/raw/live-lindsay-clancy-trial-day-17/live-lindsay-clancy-trial-day-17_VQQb9BbgwHg.mp4,/Users/rajeshpmu/Desktop/LegalMemoCMT/data/phase2/clancy/corpus/raw/live-lindsay-clancy-trial-day-17/live-lindsay-clancy-trial-day-17_VQQb9BbgwHg.en.vtt,/Users/rajeshpmu/Desktop/LegalMemoCMT/data/processed/phase2/clancy/turn_clips/video/VQQb9BbgwHg/VQQb9BbgwHg_turn07379.mp4,/Users/rajeshpmu/Desktop/LegalMemoCMT/data/processed/phase2/clancy/turn_clips/audio/VQQb9BbgwHg/VQQb9BbgwHg_turn07379.wav,00:43:58.476,00:44:43.735,45.259,35,REVIEW_REQUIRED,"Turn exceeds MELD-style preferred maximum duration; inspect for over-consolidation, pauses, or non-testimony content."
ZJd1Lk4w-qo_turn07393,ZJd1Lk4w-qo,https://www.youtube.com/watch?v=ZJd1Lk4w-qo,Dr. Alia Goodheart — Psychiatrist | Full Testimony | MA v. Lindsay Clancy,/Users/rajeshpmu/Desktop/LegalMemoCMT/data/phase2/clancy/corpus/raw/dr-alia-goodheart-psychiatrist-full-testimony-ma-v-lindsay-clancy/dr-alia-goodheart-psychiatrist-full-testimony-ma-v-lindsay-clancy_ZJd1Lk4w-qo.mp4,/Users/rajeshpmu/Desktop/LegalMemoCMT/data/phase2/clancy/corpus/raw/dr-alia-goodheart-psychiatrist-full-testimony-ma-v-lindsay-clancy/dr-alia-goodheart-psychiatrist-full-testimony-ma-v-lindsay-clancy_ZJd1Lk4w-qo.en.vtt,/Users/rajeshpmu/Desktop/LegalMemoCMT/data/processed/phase2/clancy/turn_clips/video/ZJd1Lk4w-qo/ZJd1Lk4w-qo_turn07393.mp4,/Users/rajeshpmu/Desktop/LegalMemoCMT/data/processed/phase2/clancy/turn_clips/audio/ZJd1Lk4w-qo/ZJd1Lk4w-qo_turn07393.wav,00:00:07.398,00:00:44.770,37.372,25,REVIEW_REQUIRED,"Turn exceeds MELD-style preferred maximum duration; inspect for over-consolidation, pauses, or non-testimony content."
ZJd1Lk4w-qo_turn07400,ZJd1Lk4w-qo,https://www.youtube.com/watch?v=ZJd1Lk4w-qo,Dr. Alia Goodheart — Psychiatrist | Full Testimony | MA v. Lindsay Clancy,/Users/rajeshpmu/Desktop/LegalMemoCMT/data/phase2/clancy/corpus/raw/dr-alia-goodheart-psychiatrist-full-testimony-ma-v-lindsay-clancy/dr-alia-goodheart-psychiatrist-full-testimony-ma-v-lindsay-clancy_ZJd1Lk4w-qo.mp4,/Users/rajeshpmu/Desktop/LegalMemoCMT/data/phase2/clancy/corpus/raw/dr-alia-goodheart-psychiatrist-full-testimony-ma-v-lindsay-clancy/dr-alia-goodheart-psychiatrist-full-testimony-ma-v-lindsay-clancy_ZJd1Lk4w-qo.en.vtt,/Users/rajeshpmu/Desktop/LegalMemoCMT/data/processed/phase2/clancy/turn_clips/video/ZJd1Lk4w-qo/ZJd1Lk4w-qo_turn07400.mp4,/Users/rajeshpmu/Desktop/LegalMemoCMT/data/processed/phase2/clancy/turn_clips/audio/ZJd1Lk4w-qo/ZJd1Lk4w-qo_turn07400.wav,00:01:04.702,00:02:15.674,70.972,53,REVIEW_REQUIRED,"Turn exceeds MELD-style preferred maximum duration; inspect for over-consolidation, pauses, or non-testimony content."
ZJd1Lk4w-qo_turn07406,ZJd1Lk4w-qo,https://www.youtube.com/watch?v=ZJd1Lk4w-qo,Dr. Alia Goodheart — Psychiatrist | Full Testimony | MA v. Lindsay Clancy,/Users/rajeshpmu/Desktop/LegalMemoCMT/data/phase2/clancy/corpus/raw/dr-alia-goodheart-psychiatrist-full-testimony-ma-v-lindsay-clancy/dr-alia-goodheart-psychiatrist-full-testimony-ma-v-lindsay-clancy_ZJd1Lk4w-qo.mp4,/Users/rajeshpmu/Desktop/LegalMemoCMT/data/phase2/clancy/corpus/raw/dr-alia-goodheart-psychiatrist-full-testimony-ma-v-lindsay-clancy/dr-alia-goodheart-psychiatrist-full-testimony-ma-v-lindsay-clancy_ZJd1Lk4w-qo.en.vtt,/Users/rajeshpmu/Desktop/LegalMemoCMT/data/processed/phase2/clancy/turn_clips/video/ZJd1Lk4w-qo/ZJd1Lk4w-qo_turn07406.mp4,/Users/rajeshpmu/Desktop/LegalMemoCMT/data/processed/phase2/clancy/turn_clips/audio/ZJd1Lk4w-qo/ZJd1Lk4w-qo_turn07406.wav,00:03:01.166,00:04:43.689,102.523,73,REVIEW_REQUIRED,"Turn exceeds MELD-style preferred maximum duration; inspect for over-consolidation, pauses, or non-testimony content."
ZJd1Lk4w-qo_turn07420,ZJd1Lk4w-qo,https://www.youtube.com/watch?v=ZJd1Lk4w-qo,Dr. Alia Goodheart — Psychiatrist | Full Testimony | MA v. Lindsay Clancy,/Users/rajeshpmu/Desktop/LegalMemoCMT/data/phase2/clancy/corpus/raw/dr-alia-goodheart-psychiatrist-full-testimony-ma-v-lindsay-clancy/dr-alia-goodheart-psychiatrist-full-testimony-ma-v-lindsay-clancy_ZJd1Lk4w-qo.mp4,/Users/rajeshpmu/Desktop/LegalMemoCMT/data/phase2/clancy/corpus/raw/dr-alia-goodheart-psychiatrist-full-testimony-ma-v-lindsay-clancy/dr-alia-goodheart-psychiatrist-full-testimony-ma-v-lindsay-clancy_ZJd1Lk4w-qo.en.vtt,/Users/rajeshpmu/Desktop/LegalMemoCMT/data/processed/phase2/clancy/turn_clips/video/ZJd1Lk4w-qo/ZJd1Lk4w-qo_turn07420.mp4,/Users/rajeshpmu/Desktop/LegalMemoCMT/data/processed/phase2/clancy/turn_clips/audio/ZJd1Lk4w-qo/ZJd1Lk4w-qo_turn07420.wav,00:06:07.948,00:06:38.855,30.907,25,REVIEW_REQUIRED,"Turn exceeds MELD-style preferred maximum duration; inspect for over-consolidation, pauses, or non-testimony content."
ZJd1Lk4w-qo_turn07424,ZJd1Lk4w-qo,https://www.youtube.com/watch?v=ZJd1Lk4w-qo,Dr. Alia Goodheart — Psychiatrist | Full Testimony | MA v. Lindsay Clancy,/Users/rajeshpmu/Desktop/LegalMemoCMT/data/phase2/clancy/corpus/raw/dr-alia-goodheart-psychiatrist-full-testimony-ma-v-lindsay-clancy/dr-alia-goodheart-psychiatrist-full-testimony-ma-v-lindsay-clancy_ZJd1Lk4w-qo.mp4,/Users/rajeshpmu/Desktop/LegalMemoCMT/data/phase2/clancy/corpus/raw/dr-alia-goodheart-psychiatrist-full-testimony-ma-v-lindsay-clancy/dr-alia-goodheart-psychiatrist-full-testimony-ma-v-lindsay-clancy_ZJd1Lk4w-qo.en.vtt,/Users/rajeshpmu/Desktop/LegalMemoCMT/data/processed/phase2/clancy/turn_clips/video/ZJd1Lk4w-qo/ZJd1Lk4w-qo_turn07424.mp4,/Users/rajeshpmu/Desktop/LegalMemoCMT/data/processed/phase2/clancy/turn_clips/audio/ZJd1Lk4w-qo/ZJd1Lk4w-qo_turn07424.wav,00:07:29.047,00:08:02.078,33.031,31,REVIEW_REQUIRED,"Turn exceeds MELD-style preferred maximum duration; inspect for over-consolidation, pauses, or non-testimony content."
ZJd1Lk4w-qo_turn07428,ZJd1Lk4w-qo,https://www.youtube.com/watch?v=ZJd1Lk4w-qo,Dr. Alia Goodheart — Psychiatrist | Full Testimony | MA v. Lindsay Clancy,/Users/rajeshpmu/Desktop/LegalMemoCMT/data/phase2/clancy/corpus/raw/dr-alia-goodheart-psychiatrist-full-testimony-ma-v-lindsay-clancy/dr-alia-goodheart-psychiatrist-full-testimony-ma-v-lindsay-clancy_ZJd1Lk4w-qo.mp4,/Users/rajeshpmu/Desktop/LegalMemoCMT/data/phase2/clancy/corpus/raw/dr-alia-goodheart-psychiatrist-full-testimony-ma-v-lindsay-clancy/dr-alia-goodheart-psychiatrist-full-testimony-ma-v-lindsay-clancy_ZJd1Lk4w-qo.en.vtt,/Users/rajeshpmu/Desktop/LegalMemoCMT/data/processed/phase2/clancy/turn_clips/video/ZJd1Lk4w-qo/ZJd1Lk4w-qo_turn07428.mp4,/Users/rajeshpmu/Desktop/LegalMemoCMT/data/processed/phase2/clancy/turn_clips/audio/ZJd1Lk4w-qo/ZJd1Lk4w-qo_turn07428.wav,00:08:16.077,00:09:17.995,61.918,51,REVIEW_REQUIRED,"Turn exceeds MELD-style preferred maximum duration; inspect for over-consolidation, pauses, or non-testimony content."
ZJd1Lk4w-qo_turn07433,ZJd1Lk4w-qo,https://www.youtube.com/watch?v=ZJd1Lk4w-qo,Dr. Alia Goodheart — Psychiatrist | Full Testimony | MA v. Lindsay Clancy,/Users/rajeshpmu/Desktop/LegalMemoCMT/data/phase2/clancy/corpus/raw/dr-alia-goodheart-psychiatrist-full-testimony-ma-v-lindsay-clancy/dr-alia-goodheart-psychiatrist-full-testimony-ma-v-lindsay-clancy_ZJd1Lk4w-qo.mp4,/Users/rajeshpmu/Desktop/LegalMemoCMT/data/phase2/clancy/corpus/raw/dr-alia-goodheart-psychiatrist-full-testimony-ma-v-lindsay-clancy/dr-alia-goodheart-psychiatrist-full-testimony-ma-v-lindsay-clancy_ZJd1Lk4w-qo.en.vtt,/Users/rajeshpmu/Desktop/LegalMemoCMT/data/processed/phase2/clancy/turn_clips/video/ZJd1Lk4w-qo/ZJd1Lk4w-qo_turn07433.mp4,/Users/rajeshpmu/Desktop/LegalMemoCMT/data/processed/phase2/clancy/turn_clips/audio/ZJd1Lk4w-qo/ZJd1Lk4w-qo_turn07433.wav,00:09:41.357,00:10:14.878,33.521,27,REVIEW_REQUIRED,"Turn exceeds MELD-style preferred maximum duration; inspect for over-consolidation, pauses, or non-testimony content."
ZJd1Lk4w-qo_turn07448,ZJd1Lk4w-qo,https://www.youtube.com/watch?v=ZJd1Lk4w-qo,Dr. Alia Goodheart — Psychiatrist | Full Testimony | MA v. Lindsay Clancy,/Users/rajeshpmu/Desktop/LegalMemoCMT/data/phase2/clancy/corpus/raw/dr-alia-goodheart-psychiatrist-full-testimony-ma-v-lindsay-clancy/dr-alia-goodheart-psychiatrist-full-testimony-ma-v-lindsay-clancy_ZJd1Lk4w-qo.mp4,/Users/rajeshpmu/Desktop/LegalMemoCMT/data/phase2/clancy/corpus/raw/dr-alia-goodheart-psychiatrist-full-testimony-ma-v-lindsay-clancy/dr-alia-goodheart-psychiatrist-full-testimony-ma-v-lindsay-clancy_ZJd1Lk4w-qo.en.vtt,/Users/rajeshpmu/Desktop/LegalMemoCMT/data/processed/phase2/clancy/turn_clips/video/ZJd1Lk4w-qo/ZJd1Lk4w-qo_turn07448.mp4,/Users/rajeshpmu/Desktop/LegalMemoCMT/data/processed/phase2/clancy/turn_clips/audio/ZJd1Lk4w-qo/ZJd1Lk4w-qo_turn07448.wav,00:11:37.236,00:12:20.310,43.074,27,REVIEW_REQUIRED,"Turn exceeds MELD-style preferred maximum duration; inspect for over-consolidation, pauses, or non-testimony content."
ZJd1Lk4w-qo_turn07486,ZJd1Lk4w-qo,https://www.youtube.com/watch?v=ZJd1Lk4w-qo,Dr. Alia Goodheart — Psychiatrist | Full Testimony | MA v. Lindsay Clancy,/Users/rajeshpmu/Desktop/LegalMemoCMT/data/phase2/clancy/corpus/raw/dr-alia-goodheart-psychiatrist-full-testimony-ma-v-lindsay-clancy/dr-alia-goodheart-psychiatrist-full-testimony-ma-v-lindsay-clancy_ZJd1Lk4w-qo.mp4,/Users/rajeshpmu/Desktop/LegalMemoCMT/data/phase2/clancy/corpus/raw/dr-alia-goodheart-psychiatrist-full-testimony-ma-v-lindsay-clancy/dr-alia-goodheart-psychiatrist-full-testimony-ma-v-lindsay-clancy_ZJd1Lk4w-qo.en.vtt,/Users/rajeshpmu/Desktop/LegalMemoCMT/data/processed/phase2/clancy/turn_clips/video/ZJd1Lk4w-qo/ZJd1Lk4w-qo_turn07486.mp4,/Users/rajeshpmu/Desktop/LegalMemoCMT/data/processed/phase2/clancy/turn_clips/audio/ZJd1Lk4w-qo/ZJd1Lk4w-qo_turn07486.wav,00:16:46.741,00:17:32.235,45.494,27,REVIEW_REQUIRED,"Turn exceeds MELD-style preferred maximum duration; inspect for over-consolidation, pauses, or non-testimony content."
ZJd1Lk4w-qo_turn07606,ZJd1Lk4w-qo,https://www.youtube.com/watch?v=ZJd1Lk4w-qo,Dr. Alia Goodheart — Psychiatrist | Full Testimony | MA v. Lindsay Clancy,/Users/rajeshpmu/Desktop/LegalMemoCMT/data/phase2/clancy/corpus/raw/dr-alia-goodheart-psychiatrist-full-testimony-ma-v-lindsay-clancy/dr-alia-goodheart-psychiatrist-full-testimony-ma-v-lindsay-clancy_ZJd1Lk4w-qo.mp4,/Users/rajeshpmu/Desktop/LegalMemoCMT/data/phase2/clancy/corpus/raw/dr-alia-goodheart-psychiatrist-full-testimony-ma-v-lindsay-clancy/dr-alia-goodheart-psychiatrist-full-testimony-ma-v-lindsay-clancy_ZJd1Lk4w-qo.en.vtt,/Users/rajeshpmu/Desktop/LegalMemoCMT/data/processed/phase2/clancy/turn_clips/video/ZJd1Lk4w-qo/ZJd1Lk4w-qo_turn07606.mp4,/Users/rajeshpmu/Desktop/LegalMemoCMT/data/processed/phase2/clancy/turn_clips/audio/ZJd1Lk4w-qo/ZJd1Lk4w-qo_turn07606.wav,00:29:30.697,00:30:01.795,31.098,19,REVIEW_REQUIRED,"Turn exceeds MELD-style preferred maximum duration; inspect for over-consolidation, pauses, or non-testimony content."
ZJd1Lk4w-qo_turn07636,ZJd1Lk4w-qo,https://www.youtube.com/watch?v=ZJd1Lk4w-qo,Dr. Alia Goodheart — Psychiatrist | Full Testimony | MA v. Lindsay Clancy,/Users/rajeshpmu/Desktop/LegalMemoCMT/data/phase2/clancy/corpus/raw/dr-alia-goodheart-psychiatrist-full-testimony-ma-v-lindsay-clancy/dr-alia-goodheart-psychiatrist-full-testimony-ma-v-lindsay-clancy_ZJd1Lk4w-qo.mp4,/Users/rajeshpmu/Desktop/LegalMemoCMT/data/phase2/clancy/corpus/raw/dr-alia-goodheart-psychiatrist-full-testimony-ma-v-lindsay-clancy/dr-alia-goodheart-psychiatrist-full-testimony-ma-v-lindsay-clancy_ZJd1Lk4w-qo.en.vtt,/Users/rajeshpmu/Desktop/LegalMemoCMT/data/processed/phase2/clancy/turn_clips/video/ZJd1Lk4w-qo/ZJd1Lk4w-qo_turn07636.mp4,/Users/rajeshpmu/Desktop/LegalMemoCMT/data/processed/phase2/clancy/turn_clips/audio/ZJd1Lk4w-qo/ZJd1Lk4w-qo_turn07636.wav,00:34:11.534,00:35:00.632,49.098,29,REVIEW_REQUIRED,"Turn exceeds MELD-style preferred maximum duration; inspect for over-consolidation, pauses, or non-testimony content."
ZJd1Lk4w-qo_turn07655,ZJd1Lk4w-qo,https://www.youtube.com/watch?v=ZJd1Lk4w-qo,Dr. Alia Goodheart — Psychiatrist | Full Testimony | MA v. Lindsay Clancy,/Users/rajeshpmu/Desktop/LegalMemoCMT/data/phase2/clancy/corpus/raw/dr-alia-goodheart-psychiatrist-full-testimony-ma-v-lindsay-clancy/dr-alia-goodheart-psychiatrist-full-testimony-ma-v-lindsay-clancy_ZJd1Lk4w-qo.mp4,/Users/rajeshpmu/Desktop/LegalMemoCMT/data/phase2/clancy/corpus/raw/dr-alia-goodheart-psychiatrist-full-testimony-ma-v-lindsay-clancy/dr-alia-goodheart-psychiatrist-full-testimony-ma-v-lindsay-clancy_ZJd1Lk4w-qo.en.vtt,/Users/rajeshpmu/Desktop/LegalMemoCMT/data/processed/phase2/clancy/turn_clips/video/ZJd1Lk4w-qo/ZJd1Lk4w-qo_turn07655.mp4,/Users/rajeshpmu/Desktop/LegalMemoCMT/data/processed/phase2/clancy/turn_clips/audio/ZJd1Lk4w-qo/ZJd1Lk4w-qo_turn07655.wav,00:36:19.969,00:37:00.270,40.301,29,REVIEW_REQUIRED,"Turn exceeds MELD-style preferred maximum duration; inspect for over-consolidation, pauses, or non-testimony content."
ZJd1Lk4w-qo_turn07661,ZJd1Lk4w-qo,https://www.youtube.com/watch?v=ZJd1Lk4w-qo,Dr. Alia Goodheart — Psychiatrist | Full Testimony | MA v. Lindsay Clancy,/Users/rajeshpmu/Desktop/LegalMemoCMT/data/phase2/clancy/corpus/raw/dr-alia-goodheart-psychiatrist-full-testimony-ma-v-lindsay-clancy/dr-alia-goodheart-psychiatrist-full-testimony-ma-v-lindsay-clancy_ZJd1Lk4w-qo.mp4,/Users/rajeshpmu/Desktop/LegalMemoCMT/data/phase2/clancy/corpus/raw/dr-alia-goodheart-psychiatrist-full-testimony-ma-v-lindsay-clancy/dr-alia-goodheart-psychiatrist-full-testimony-ma-v-lindsay-clancy_ZJd1Lk4w-qo.en.vtt,/Users/rajeshpmu/Desktop/LegalMemoCMT/data/processed/phase2/clancy/turn_clips/video/ZJd1Lk4w-qo/ZJd1Lk4w-qo_turn07661.mp4,/Users/rajeshpmu/Desktop/LegalMemoCMT/data/processed/phase2/clancy/turn_clips/audio/ZJd1Lk4w-qo/ZJd1Lk4w-qo_turn07661.wav,00:37:18.607,00:37:51.091,32.484,9,REVIEW_REQUIRED,"Turn exceeds MELD-style preferred maximum duration; inspect for over-consolidation, pauses, or non-testimony content."
ZJd1Lk4w-qo_turn07695,ZJd1Lk4w-qo,https://www.youtube.com/watch?v=ZJd1Lk4w-qo,Dr. Alia Goodheart — Psychiatrist | Full Testimony | MA v. Lindsay Clancy,/Users/rajeshpmu/Desktop/LegalMemoCMT/data/phase2/clancy/corpus/raw/dr-alia-goodheart-psychiatrist-full-testimony-ma-v-lindsay-clancy/dr-alia-goodheart-psychiatrist-full-testimony-ma-v-lindsay-clancy_ZJd1Lk4w-qo.mp4,/Users/rajeshpmu/Desktop/LegalMemoCMT/data/phase2/clancy/corpus/raw/dr-alia-goodheart-psychiatrist-full-testimony-ma-v-lindsay-clancy/dr-alia-goodheart-psychiatrist-full-testimony-ma-v-lindsay-clancy_ZJd1Lk4w-qo.en.vtt,/Users/rajeshpmu/Desktop/LegalMemoCMT/data/processed/phase2/clancy/turn_clips/video/ZJd1Lk4w-qo/ZJd1Lk4w-qo_turn07695.mp4,/Users/rajeshpmu/Desktop/LegalMemoCMT/data/processed/phase2/clancy/turn_clips/audio/ZJd1Lk4w-qo/ZJd1Lk4w-qo_turn07695.wav,00:41:34.745,00:42:17.199,42.454,28,REVIEW_REQUIRED,"Turn exceeds MELD-style preferred maximum duration; inspect for over-consolidation, pauses, or non-testimony content."
ZJd1Lk4w-qo_turn07766,ZJd1Lk4w-qo,https://www.youtube.com/watch?v=ZJd1Lk4w-qo,Dr. Alia Goodheart — Psychiatrist | Full Testimony | MA v. Lindsay Clancy,/Users/rajeshpmu/Desktop/LegalMemoCMT/data/phase2/clancy/corpus/raw/dr-alia-goodheart-psychiatrist-full-testimony-ma-v-lindsay-clancy/dr-alia-goodheart-psychiatrist-full-testimony-ma-v-lindsay-clancy_ZJd1Lk4w-qo.mp4,/Users/rajeshpmu/Desktop/LegalMemoCMT/data/phase2/clancy/corpus/raw/dr-alia-goodheart-psychiatrist-full-testimony-ma-v-lindsay-clancy/dr-alia-goodheart-psychiatrist-full-testimony-ma-v-lindsay-clancy_ZJd1Lk4w-qo.en.vtt,/Users/rajeshpmu/Desktop/LegalMemoCMT/data/processed/phase2/clancy/turn_clips/video/ZJd1Lk4w-qo/ZJd1Lk4w-qo_turn07766.mp4,/Users/rajeshpmu/Desktop/LegalMemoCMT/data/processed/phase2/clancy/turn_clips/audio/ZJd1Lk4w-qo/ZJd1Lk4w-qo_turn07766.wav,00:51:22.226,00:51:55.778,33.552,25,REVIEW_REQUIRED,"Turn exceeds MELD-style preferred maximum duration; inspect for over-consolidation, pauses, or non-testimony content."
ZJd1Lk4w-qo_turn07767,ZJd1Lk4w-qo,https://www.youtube.com/watch?v=ZJd1Lk4w-qo,Dr. Alia Goodheart — Psychiatrist | Full Testimony | MA v. Lindsay Clancy,/Users/rajeshpmu/Desktop/LegalMemoCMT/data/phase2/clancy/corpus/raw/dr-alia-goodheart-psychiatrist-full-testimony-ma-v-lindsay-clancy/dr-alia-goodheart-psychiatrist-full-testimony-ma-v-lindsay-clancy_ZJd1Lk4w-qo.mp4,/Users/rajeshpmu/Desktop/LegalMemoCMT/data/phase2/clancy/corpus/raw/dr-alia-goodheart-psychiatrist-full-testimony-ma-v-lindsay-clancy/dr-alia-goodheart-psychiatrist-full-testimony-ma-v-lindsay-clancy_ZJd1Lk4w-qo.en.vtt,/Users/rajeshpmu/Desktop/LegalMemoCMT/data/processed/phase2/clancy/turn_clips/video/ZJd1Lk4w-qo/ZJd1Lk4w-qo_turn07767.mp4,/Users/rajeshpmu/Desktop/LegalMemoCMT/data/processed/phase2/clancy/turn_clips/audio/ZJd1Lk4w-qo/ZJd1Lk4w-qo_turn07767.wav,00:51:55.778,00:52:47.273,51.495,37,REVIEW_REQUIRED,"Turn exceeds MELD-style preferred maximum duration; inspect for over-consolidation, pauses, or non-testimony content."
ZJd1Lk4w-qo_turn07770,ZJd1Lk4w-qo,https://www.youtube.com/watch?v=ZJd1Lk4w-qo,Dr. Alia Goodheart — Psychiatrist | Full Testimony | MA v. Lindsay Clancy,/Users/rajeshpmu/Desktop/LegalMemoCMT/data/phase2/clancy/corpus/raw/dr-alia-goodheart-psychiatrist-full-testimony-ma-v-lindsay-clancy/dr-alia-goodheart-psychiatrist-full-testimony-ma-v-lindsay-clancy_ZJd1Lk4w-qo.mp4,/Users/rajeshpmu/Desktop/LegalMemoCMT/data/phase2/clancy/corpus/raw/dr-alia-goodheart-psychiatrist-full-testimony-ma-v-lindsay-clancy/dr-alia-goodheart-psychiatrist-full-testimony-ma-v-lindsay-clancy_ZJd1Lk4w-qo.en.vtt,/Users/rajeshpmu/Desktop/LegalMemoCMT/data/processed/phase2/clancy/turn_clips/video/ZJd1Lk4w-qo/ZJd1Lk4w-qo_turn07770.mp4,/Users/rajeshpmu/Desktop/LegalMemoCMT/data/processed/phase2/clancy/turn_clips/audio/ZJd1Lk4w-qo/ZJd1Lk4w-qo_turn07770.wav,00:52:53.034,00:53:25.512,32.478,25,REVIEW_REQUIRED,"Turn exceeds MELD-style preferred maximum duration; inspect for over-consolidation, pauses, or non-testimony content."
ZJd1Lk4w-qo_turn07771,ZJd1Lk4w-qo,https://www.youtube.com/watch?v=ZJd1Lk4w-qo,Dr. Alia Goodheart — Psychiatrist | Full Testimony | MA v. Lindsay Clancy,/Users/rajeshpmu/Desktop/LegalMemoCMT/data/phase2/clancy/corpus/raw/dr-alia-goodheart-psychiatrist-full-testimony-ma-v-lindsay-clancy/dr-alia-goodheart-psychiatrist-full-testimony-ma-v-lindsay-clancy_ZJd1Lk4w-qo.mp4,/Users/rajeshpmu/Desktop/LegalMemoCMT/data/phase2/clancy/corpus/raw/dr-alia-goodheart-psychiatrist-full-testimony-ma-v-lindsay-clancy/dr-alia-goodheart-psychiatrist-full-testimony-ma-v-lindsay-clancy_ZJd1Lk4w-qo.en.vtt,/Users/rajeshpmu/Desktop/LegalMemoCMT/data/processed/phase2/clancy/turn_clips/video/ZJd1Lk4w-qo/ZJd1Lk4w-qo_turn07771.mp4,/Users/rajeshpmu/Desktop/LegalMemoCMT/data/processed/phase2/clancy/turn_clips/audio/ZJd1Lk4w-qo/ZJd1Lk4w-qo_turn07771.wav,00:53:25.512,00:54:35.395,69.883,29,REVIEW_REQUIRED,"Turn exceeds MELD-style preferred maximum duration; inspect for over-consolidation, pauses, or non-testimony content."
ZJd1Lk4w-qo_turn07774,ZJd1Lk4w-qo,https://www.youtube.com/watch?v=ZJd1Lk4w-qo,Dr. Alia Goodheart — Psychiatrist | Full Testimony | MA v. Lindsay Clancy,/Users/rajeshpmu/Desktop/LegalMemoCMT/data/phase2/clancy/corpus/raw/dr-alia-goodheart-psychiatrist-full-testimony-ma-v-lindsay-clancy/dr-alia-goodheart-psychiatrist-full-testimony-ma-v-lindsay-clancy_ZJd1Lk4w-qo.mp4,/Users/rajeshpmu/Desktop/LegalMemoCMT/data/phase2/clancy/corpus/raw/dr-alia-goodheart-psychiatrist-full-testimony-ma-v-lindsay-clancy/dr-alia-goodheart-psychiatrist-full-testimony-ma-v-lindsay-clancy_ZJd1Lk4w-qo.en.vtt,/Users/rajeshpmu/Desktop/LegalMemoCMT/data/processed/phase2/clancy/turn_clips/video/ZJd1Lk4w-qo/ZJd1Lk4w-qo_turn07774.mp4,/Users/rajeshpmu/Desktop/LegalMemoCMT/data/processed/phase2/clancy/turn_clips/audio/ZJd1Lk4w-qo/ZJd1Lk4w-qo_turn07774.wav,00:54:42.762,00:55:47.418,64.656,45,REVIEW_REQUIRED,"Turn exceeds MELD-style preferred maximum duration; inspect for over-consolidation, pauses, or non-testimony content."
ZJd1Lk4w-qo_turn07788,ZJd1Lk4w-qo,https://www.youtube.com/watch?v=ZJd1Lk4w-qo,Dr. Alia Goodheart — Psychiatrist | Full Testimony | MA v. Lindsay Clancy,/Users/rajeshpmu/Desktop/LegalMemoCMT/data/phase2/clancy/corpus/raw/dr-alia-goodheart-psychiatrist-full-testimony-ma-v-lindsay-clancy/dr-alia-goodheart-psychiatrist-full-testimony-ma-v-lindsay-clancy_ZJd1Lk4w-qo.mp4,/Users/rajeshpmu/Desktop/LegalMemoCMT/data/phase2/clancy/corpus/raw/dr-alia-goodheart-psychiatrist-full-testimony-ma-v-lindsay-clancy/dr-alia-goodheart-psychiatrist-full-testimony-ma-v-lindsay-clancy_ZJd1Lk4w-qo.en.vtt,/Users/rajeshpmu/Desktop/LegalMemoCMT/data/processed/phase2/clancy/turn_clips/video/ZJd1Lk4w-qo/ZJd1Lk4w-qo_turn07788.mp4,/Users/rajeshpmu/Desktop/LegalMemoCMT/data/processed/phase2/clancy/turn_clips/audio/ZJd1Lk4w-qo/ZJd1Lk4w-qo_turn07788.wav,00:57:44.660,00:58:17.727,33.067,23,REVIEW_REQUIRED,"Turn exceeds MELD-style preferred maximum duration; inspect for over-consolidation, pauses, or non-testimony content."
ZJd1Lk4w-qo_turn07847,ZJd1Lk4w-qo,https://www.youtube.com/watch?v=ZJd1Lk4w-qo,Dr. Alia Goodheart — Psychiatrist | Full Testimony | MA v. Lindsay Clancy,/Users/rajeshpmu/Desktop/LegalMemoCMT/data/phase2/clancy/corpus/raw/dr-alia-goodheart-psychiatrist-full-testimony-ma-v-lindsay-clancy/dr-alia-goodheart-psychiatrist-full-testimony-ma-v-lindsay-clancy_ZJd1Lk4w-qo.mp4,/Users/rajeshpmu/Desktop/LegalMemoCMT/data/phase2/clancy/corpus/raw/dr-alia-goodheart-psychiatrist-full-testimony-ma-v-lindsay-clancy/dr-alia-goodheart-psychiatrist-full-testimony-ma-v-lindsay-clancy_ZJd1Lk4w-qo.en.vtt,/Users/rajeshpmu/Desktop/LegalMemoCMT/data/processed/phase2/clancy/turn_clips/video/ZJd1Lk4w-qo/ZJd1Lk4w-qo_turn07847.mp4,/Users/rajeshpmu/Desktop/LegalMemoCMT/data/processed/phase2/clancy/turn_clips/audio/ZJd1Lk4w-qo/ZJd1Lk4w-qo_turn07847.wav,01:03:27.567,01:04:00.907,33.340,19,REVIEW_REQUIRED,"Turn exceeds MELD-style preferred maximum duration; inspect for over-consolidation, pauses, or non-testimony content."
ZJd1Lk4w-qo_turn08060,ZJd1Lk4w-qo,https://www.youtube.com/watch?v=ZJd1Lk4w-qo,Dr. Alia Goodheart — Psychiatrist | Full Testimony | MA v. Lindsay Clancy,/Users/rajeshpmu/Desktop/LegalMemoCMT/data/phase2/clancy/corpus/raw/dr-alia-goodheart-psychiatrist-full-testimony-ma-v-lindsay-clancy/dr-alia-goodheart-psychiatrist-full-testimony-ma-v-lindsay-clancy_ZJd1Lk4w-qo.mp4,/Users/rajeshpmu/Desktop/LegalMemoCMT/data/phase2/clancy/corpus/raw/dr-alia-goodheart-psychiatrist-full-testimony-ma-v-lindsay-clancy/dr-alia-goodheart-psychiatrist-full-testimony-ma-v-lindsay-clancy_ZJd1Lk4w-qo.en.vtt,/Users/rajeshpmu/Desktop/LegalMemoCMT/data/processed/phase2/clancy/turn_clips/video/ZJd1Lk4w-qo/ZJd1Lk4w-qo_turn08060.mp4,/Users/rajeshpmu/Desktop/LegalMemoCMT/data/processed/phase2/clancy/turn_clips/audio/ZJd1Lk4w-qo/ZJd1Lk4w-qo_turn08060.wav,01:27:29.195,01:28:03.996,34.801,27,REVIEW_REQUIRED,"Turn exceeds MELD-style preferred maximum duration; inspect for over-consolidation, pauses, or non-testimony content."
ZJd1Lk4w-qo_turn08101,ZJd1Lk4w-qo,https://www.youtube.com/watch?v=ZJd1Lk4w-qo,Dr. Alia Goodheart — Psychiatrist | Full Testimony | MA v. Lindsay Clancy,/Users/rajeshpmu/Desktop/LegalMemoCMT/data/phase2/clancy/corpus/raw/dr-alia-goodheart-psychiatrist-full-testimony-ma-v-lindsay-clancy/dr-alia-goodheart-psychiatrist-full-testimony-ma-v-lindsay-clancy_ZJd1Lk4w-qo.mp4,/Users/rajeshpmu/Desktop/LegalMemoCMT/data/phase2/clancy/corpus/raw/dr-alia-goodheart-psychiatrist-full-testimony-ma-v-lindsay-clancy/dr-alia-goodheart-psychiatrist-full-testimony-ma-v-lindsay-clancy_ZJd1Lk4w-qo.en.vtt,/Users/rajeshpmu/Desktop/LegalMemoCMT/data/processed/phase2/clancy/turn_clips/video/ZJd1Lk4w-qo/ZJd1Lk4w-qo_turn08101.mp4,/Users/rajeshpmu/Desktop/LegalMemoCMT/data/processed/phase2/clancy/turn_clips/audio/ZJd1Lk4w-qo/ZJd1Lk4w-qo_turn08101.wav,01:32:04.154,01:32:36.380,32.226,23,REVIEW_REQUIRED,"Turn exceeds MELD-style preferred maximum duration; inspect for over-consolidation, pauses, or non-testimony content."
ZJd1Lk4w-qo_turn08124,ZJd1Lk4w-qo,https://www.youtube.com/watch?v=ZJd1Lk4w-qo,Dr. Alia Goodheart — Psychiatrist | Full Testimony | MA v. Lindsay Clancy,/Users/rajeshpmu/Desktop/LegalMemoCMT/data/phase2/clancy/corpus/raw/dr-alia-goodheart-psychiatrist-full-testimony-ma-v-lindsay-clancy/dr-alia-goodheart-psychiatrist-full-testimony-ma-v-lindsay-clancy_ZJd1Lk4w-qo.mp4,/Users/rajeshpmu/Desktop/LegalMemoCMT/data/phase2/clancy/corpus/raw/dr-alia-goodheart-psychiatrist-full-testimony-ma-v-lindsay-clancy/dr-alia-goodheart-psychiatrist-full-testimony-ma-v-lindsay-clancy_ZJd1Lk4w-qo.en.vtt,/Users/rajeshpmu/Desktop/LegalMemoCMT/data/processed/phase2/clancy/turn_clips/video/ZJd1Lk4w-qo/ZJd1Lk4w-qo_turn08124.mp4,/Users/rajeshpmu/Desktop/LegalMemoCMT/data/processed/phase2/clancy/turn_clips/audio/ZJd1Lk4w-qo/ZJd1Lk4w-qo_turn08124.wav,01:35:03.590,01:35:37.553,33.963,28,REVIEW_REQUIRED,"Turn exceeds MELD-style preferred maximum duration; inspect for over-consolidation, pauses, or non-testimony content."
ZJd1Lk4w-qo_turn08142,ZJd1Lk4w-qo,https://www.youtube.com/watch?v=ZJd1Lk4w-qo,Dr. Alia Goodheart — Psychiatrist | Full Testimony | MA v. Lindsay Clancy,/Users/rajeshpmu/Desktop/LegalMemoCMT/data/phase2/clancy/corpus/raw/dr-alia-goodheart-psychiatrist-full-testimony-ma-v-lindsay-clancy/dr-alia-goodheart-psychiatrist-full-testimony-ma-v-lindsay-clancy_ZJd1Lk4w-qo.mp4,/Users/rajeshpmu/Desktop/LegalMemoCMT/data/phase2/clancy/corpus/raw/dr-alia-goodheart-psychiatrist-full-testimony-ma-v-lindsay-clancy/dr-alia-goodheart-psychiatrist-full-testimony-ma-v-lindsay-clancy_ZJd1Lk4w-qo.en.vtt,/Users/rajeshpmu/Desktop/LegalMemoCMT/data/processed/phase2/clancy/turn_clips/video/ZJd1Lk4w-qo/ZJd1Lk4w-qo_turn08142.mp4,/Users/rajeshpmu/Desktop/LegalMemoCMT/data/processed/phase2/clancy/turn_clips/audio/ZJd1Lk4w-qo/ZJd1Lk4w-qo_turn08142.wav,01:37:27.061,01:38:37.833,70.772,39,REVIEW_REQUIRED,"Turn exceeds MELD-style preferred maximum duration; inspect for over-consolidation, pauses, or non-testimony content."
ZJd1Lk4w-qo_turn08253,ZJd1Lk4w-qo,https://www.youtube.com/watch?v=ZJd1Lk4w-qo,Dr. Alia Goodheart — Psychiatrist | Full Testimony | MA v. Lindsay Clancy,/Users/rajeshpmu/Desktop/LegalMemoCMT/data/phase2/clancy/corpus/raw/dr-alia-goodheart-psychiatrist-full-testimony-ma-v-lindsay-clancy/dr-alia-goodheart-psychiatrist-full-testimony-ma-v-lindsay-clancy_ZJd1Lk4w-qo.mp4,/Users/rajeshpmu/Desktop/LegalMemoCMT/data/phase2/clancy/corpus/raw/dr-alia-goodheart-psychiatrist-full-testimony-ma-v-lindsay-clancy/dr-alia-goodheart-psychiatrist-full-testimony-ma-v-lindsay-clancy_ZJd1Lk4w-qo.en.vtt,/Users/rajeshpmu/Desktop/LegalMemoCMT/data/processed/phase2/clancy/turn_clips/video/ZJd1Lk4w-qo/ZJd1Lk4w-qo_turn08253.mp4,/Users/rajeshpmu/Desktop/LegalMemoCMT/data/processed/phase2/clancy/turn_clips/audio/ZJd1Lk4w-qo/ZJd1Lk4w-qo_turn08253.wav,01:50:36.463,01:51:12.020,35.557,7,REVIEW_REQUIRED,"Turn exceeds MELD-style preferred maximum duration; inspect for over-consolidation, pauses, or non-testimony content."
ZJd1Lk4w-qo_turn08330,ZJd1Lk4w-qo,https://www.youtube.com/watch?v=ZJd1Lk4w-qo,Dr. Alia Goodheart — Psychiatrist | Full Testimony | MA v. Lindsay Clancy,/Users/rajeshpmu/Desktop/LegalMemoCMT/data/phase2/clancy/corpus/raw/dr-alia-goodheart-psychiatrist-full-testimony-ma-v-lindsay-clancy/dr-alia-goodheart-psychiatrist-full-testimony-ma-v-lindsay-clancy_ZJd1Lk4w-qo.mp4,/Users/rajeshpmu/Desktop/LegalMemoCMT/data/phase2/clancy/corpus/raw/dr-alia-goodheart-psychiatrist-full-testimony-ma-v-lindsay-clancy/dr-alia-goodheart-psychiatrist-full-testimony-ma-v-lindsay-clancy_ZJd1Lk4w-qo.en.vtt,/Users/rajeshpmu/Desktop/LegalMemoCMT/data/processed/phase2/clancy/turn_clips/video/ZJd1Lk4w-qo/ZJd1Lk4w-qo_turn08330.mp4,/Users/rajeshpmu/Desktop/LegalMemoCMT/data/processed/phase2/clancy/turn_clips/audio/ZJd1Lk4w-qo/ZJd1Lk4w-qo_turn08330.wav,01:58:30.735,01:59:14.602,43.867,33,REVIEW_REQUIRED,"Turn exceeds MELD-style preferred maximum duration; inspect for over-consolidation, pauses, or non-testimony content."
ma6ni-5zuW0_turn08419,ma6ni-5zuW0,https://www.youtube.com/watch?v=ma6ni-5zuW0,"Lindsay Clancy Trial: Lindsay's Mother Describes Her Daughter’s Anxiety, Insomnia & Depression |AB1E",/Users/rajeshpmu/Desktop/LegalMemoCMT/data/phase2/clancy/corpus/raw/lindsay-clancy-trial-lindsay-s-mother-describes-her-daughter-s-anxiety/lindsay-clancy-trial-lindsay-s-mother-describes-her-daughter-s-anxiety_ma6ni-5zuW0.mp4,/Users/rajeshpmu/Desktop/LegalMemoCMT/data/phase2/clancy/corpus/raw/lindsay-clancy-trial-lindsay-s-mother-describes-her-daughter-s-anxiety/lindsay-clancy-trial-lindsay-s-mother-describes-her-daughter-s-anxiety_ma6ni-5zuW0.en.vtt,/Users/rajeshpmu/Desktop/LegalMemoCMT/data/processed/phase2/clancy/turn_clips/video/ma6ni-5zuW0/ma6ni-5zuW0_turn08419.mp4,/Users/rajeshpmu/Desktop/LegalMemoCMT/data/processed/phase2/clancy/turn_clips/audio/ma6ni-5zuW0/ma6ni-5zuW0_turn08419.wav,00:01:44.136,00:02:32.310,48.174,2,REVIEW_REQUIRED,"Turn exceeds MELD-style preferred maximum duration; inspect for over-consolidation, pauses, or non-testimony content."
ma6ni-5zuW0_turn08487,ma6ni-5zuW0,https://www.youtube.com/watch?v=ma6ni-5zuW0,"Lindsay Clancy Trial: Lindsay's Mother Describes Her Daughter’s Anxiety, Insomnia & Depression |AB1E",/Users/rajeshpmu/Desktop/LegalMemoCMT/data/phase2/clancy/corpus/raw/lindsay-clancy-trial-lindsay-s-mother-describes-her-daughter-s-anxiety/lindsay-clancy-trial-lindsay-s-mother-describes-her-daughter-s-anxiety_ma6ni-5zuW0.mp4,/Users/rajeshpmu/Desktop/LegalMemoCMT/data/phase2/clancy/corpus/raw/lindsay-clancy-trial-lindsay-s-mother-describes-her-daughter-s-anxiety/lindsay-clancy-trial-lindsay-s-mother-describes-her-daughter-s-anxiety_ma6ni-5zuW0.en.vtt,/Users/rajeshpmu/Desktop/LegalMemoCMT/data/processed/phase2/clancy/turn_clips/video/ma6ni-5zuW0/ma6ni-5zuW0_turn08487.mp4,/Users/rajeshpmu/Desktop/LegalMemoCMT/data/processed/phase2/clancy/turn_clips/audio/ma6ni-5zuW0/ma6ni-5zuW0_turn08487.wav,00:07:25.642,00:08:03.310,37.668,23,REVIEW_REQUIRED,"Turn exceeds MELD-style preferred maximum duration; inspect for over-consolidation, pauses, or non-testimony content."
ma6ni-5zuW0_turn08576,ma6ni-5zuW0,https://www.youtube.com/watch?v=ma6ni-5zuW0,"Lindsay Clancy Trial: Lindsay's Mother Describes Her Daughter’s Anxiety, Insomnia & Depression |AB1E",/Users/rajeshpmu/Desktop/LegalMemoCMT/data/phase2/clancy/corpus/raw/lindsay-clancy-trial-lindsay-s-mother-describes-her-daughter-s-anxiety/lindsay-clancy-trial-lindsay-s-mother-describes-her-daughter-s-anxiety_ma6ni-5zuW0.mp4,/Users/rajeshpmu/Desktop/LegalMemoCMT/data/phase2/clancy/corpus/raw/lindsay-clancy-trial-lindsay-s-mother-describes-her-daughter-s-anxiety/lindsay-clancy-trial-lindsay-s-mother-describes-her-daughter-s-anxiety_ma6ni-5zuW0.en.vtt,/Users/rajeshpmu/Desktop/LegalMemoCMT/data/processed/phase2/clancy/turn_clips/video/ma6ni-5zuW0/ma6ni-5zuW0_turn08576.mp4,/Users/rajeshpmu/Desktop/LegalMemoCMT/data/processed/phase2/clancy/turn_clips/audio/ma6ni-5zuW0/ma6ni-5zuW0_turn08576.wav,00:14:33.964,00:15:27.455,53.491,47,REVIEW_REQUIRED,"Turn exceeds MELD-style preferred maximum duration; inspect for over-consolidation, pauses, or non-testimony content."
peYoD-JkAXE_turn08618,peYoD-JkAXE,https://www.youtube.com/watch?v=peYoD-JkAXE,Dr. Jennifer Tufts — Psychiatrist | Full Testimony | MA v. Lindsay Clancy,/Users/rajeshpmu/Desktop/LegalMemoCMT/data/phase2/clancy/corpus/raw/dr-jennifer-tufts-psychiatrist-full-testimony-ma-v-lindsay-clancy/dr-jennifer-tufts-psychiatrist-full-testimony-ma-v-lindsay-clancy_peYoD-JkAXE.mp4,/Users/rajeshpmu/Desktop/LegalMemoCMT/data/phase2/clancy/corpus/raw/dr-jennifer-tufts-psychiatrist-full-testimony-ma-v-lindsay-clancy/dr-jennifer-tufts-psychiatrist-full-testimony-ma-v-lindsay-clancy_peYoD-JkAXE.en.vtt,/Users/rajeshpmu/Desktop/LegalMemoCMT/data/processed/phase2/clancy/turn_clips/video/peYoD-JkAXE/peYoD-JkAXE_turn08618.mp4,/Users/rajeshpmu/Desktop/LegalMemoCMT/data/processed/phase2/clancy/turn_clips/audio/peYoD-JkAXE/peYoD-JkAXE_turn08618.wav,00:02:22.154,00:03:01.883,39.729,27,REVIEW_REQUIRED,"Turn exceeds MELD-style preferred maximum duration; inspect for over-consolidation, pauses, or non-testimony content."
peYoD-JkAXE_turn08675,peYoD-JkAXE,https://www.youtube.com/watch?v=peYoD-JkAXE,Dr. Jennifer Tufts — Psychiatrist | Full Testimony | MA v. Lindsay Clancy,/Users/rajeshpmu/Desktop/LegalMemoCMT/data/phase2/clancy/corpus/raw/dr-jennifer-tufts-psychiatrist-full-testimony-ma-v-lindsay-clancy/dr-jennifer-tufts-psychiatrist-full-testimony-ma-v-lindsay-clancy_peYoD-JkAXE.mp4,/Users/rajeshpmu/Desktop/LegalMemoCMT/data/phase2/clancy/corpus/raw/dr-jennifer-tufts-psychiatrist-full-testimony-ma-v-lindsay-clancy/dr-jennifer-tufts-psychiatrist-full-testimony-ma-v-lindsay-clancy_peYoD-JkAXE.en.vtt,/Users/rajeshpmu/Desktop/LegalMemoCMT/data/processed/phase2/clancy/turn_clips/video/peYoD-JkAXE/peYoD-JkAXE_turn08675.mp4,/Users/rajeshpmu/Desktop/LegalMemoCMT/data/processed/phase2/clancy/turn_clips/audio/peYoD-JkAXE/peYoD-JkAXE_turn08675.wav,00:09:07.612,00:09:38.472,30.860,9,REVIEW_REQUIRED,"Turn exceeds MELD-style preferred maximum duration; inspect for over-consolidation, pauses, or non-testimony content."
peYoD-JkAXE_turn08740,peYoD-JkAXE,https://www.youtube.com/watch?v=peYoD-JkAXE,Dr. Jennifer Tufts — Psychiatrist | Full Testimony | MA v. Lindsay Clancy,/Users/rajeshpmu/Desktop/LegalMemoCMT/data/phase2/clancy/corpus/raw/dr-jennifer-tufts-psychiatrist-full-testimony-ma-v-lindsay-clancy/dr-jennifer-tufts-psychiatrist-full-testimony-ma-v-lindsay-clancy_peYoD-JkAXE.mp4,/Users/rajeshpmu/Desktop/LegalMemoCMT/data/phase2/clancy/corpus/raw/dr-jennifer-tufts-psychiatrist-full-testimony-ma-v-lindsay-clancy/dr-jennifer-tufts-psychiatrist-full-testimony-ma-v-lindsay-clancy_peYoD-JkAXE.en.vtt,/Users/rajeshpmu/Desktop/LegalMemoCMT/data/processed/phase2/clancy/turn_clips/video/peYoD-JkAXE/peYoD-JkAXE_turn08740.mp4,/Users/rajeshpmu/Desktop/LegalMemoCMT/data/processed/phase2/clancy/turn_clips/audio/peYoD-JkAXE/peYoD-JkAXE_turn08740.wav,00:15:51.469,00:16:34.004,42.535,25,REVIEW_REQUIRED,"Turn exceeds MELD-style preferred maximum duration; inspect for over-consolidation, pauses, or non-testimony content."
peYoD-JkAXE_turn08742,peYoD-JkAXE,https://www.youtube.com/watch?v=peYoD-JkAXE,Dr. Jennifer Tufts — Psychiatrist | Full Testimony | MA v. Lindsay Clancy,/Users/rajeshpmu/Desktop/LegalMemoCMT/data/phase2/clancy/corpus/raw/dr-jennifer-tufts-psychiatrist-full-testimony-ma-v-lindsay-clancy/dr-jennifer-tufts-psychiatrist-full-testimony-ma-v-lindsay-clancy_peYoD-JkAXE.mp4,/Users/rajeshpmu/Desktop/LegalMemoCMT/data/phase2/clancy/corpus/raw/dr-jennifer-tufts-psychiatrist-full-testimony-ma-v-lindsay-clancy/dr-jennifer-tufts-psychiatrist-full-testimony-ma-v-lindsay-clancy_peYoD-JkAXE.en.vtt,/Users/rajeshpmu/Desktop/LegalMemoCMT/data/processed/phase2/clancy/turn_clips/video/peYoD-JkAXE/peYoD-JkAXE_turn08742.mp4,/Users/rajeshpmu/Desktop/LegalMemoCMT/data/processed/phase2/clancy/turn_clips/audio/peYoD-JkAXE/peYoD-JkAXE_turn08742.wav,00:16:46.005,00:17:58.085,72.080,53,REVIEW_REQUIRED,"Turn exceeds MELD-style preferred maximum duration; inspect for over-consolidation, pauses, or non-testimony content."
peYoD-JkAXE_turn08747,peYoD-JkAXE,https://www.youtube.com/watch?v=peYoD-JkAXE,Dr. Jennifer Tufts — Psychiatrist | Full Testimony | MA v. Lindsay Clancy,/Users/rajeshpmu/Desktop/LegalMemoCMT/data/phase2/clancy/corpus/raw/dr-jennifer-tufts-psychiatrist-full-testimony-ma-v-lindsay-clancy/dr-jennifer-tufts-psychiatrist-full-testimony-ma-v-lindsay-clancy_peYoD-JkAXE.mp4,/Users/rajeshpmu/Desktop/LegalMemoCMT/data/phase2/clancy/corpus/raw/dr-jennifer-tufts-psychiatrist-full-testimony-ma-v-lindsay-clancy/dr-jennifer-tufts-psychiatrist-full-testimony-ma-v-lindsay-clancy_peYoD-JkAXE.en.vtt,/Users/rajeshpmu/Desktop/LegalMemoCMT/data/processed/phase2/clancy/turn_clips/video/peYoD-JkAXE/peYoD-JkAXE_turn08747.mp4,/Users/rajeshpmu/Desktop/LegalMemoCMT/data/processed/phase2/clancy/turn_clips/audio/peYoD-JkAXE/peYoD-JkAXE_turn08747.wav,00:18:11.981,00:19:23.938,71.957,53,REVIEW_REQUIRED,"Turn exceeds MELD-style preferred maximum duration; inspect for over-consolidation, pauses, or non-testimony content."
peYoD-JkAXE_turn08910,peYoD-JkAXE,https://www.youtube.com/watch?v=peYoD-JkAXE,Dr. Jennifer Tufts — Psychiatrist | Full Testimony | MA v. Lindsay Clancy,/Users/rajeshpmu/Desktop/LegalMemoCMT/data/phase2/clancy/corpus/raw/dr-jennifer-tufts-psychiatrist-full-testimony-ma-v-lindsay-clancy/dr-jennifer-tufts-psychiatrist-full-testimony-ma-v-lindsay-clancy_peYoD-JkAXE.mp4,/Users/rajeshpmu/Desktop/LegalMemoCMT/data/phase2/clancy/corpus/raw/dr-jennifer-tufts-psychiatrist-full-testimony-ma-v-lindsay-clancy/dr-jennifer-tufts-psychiatrist-full-testimony-ma-v-lindsay-clancy_peYoD-JkAXE.en.vtt,/Users/rajeshpmu/Desktop/LegalMemoCMT/data/processed/phase2/clancy/turn_clips/video/peYoD-JkAXE/peYoD-JkAXE_turn08910.mp4,/Users/rajeshpmu/Desktop/LegalMemoCMT/data/processed/phase2/clancy/turn_clips/audio/peYoD-JkAXE/peYoD-JkAXE_turn08910.wav,00:38:37.597,00:39:08.008,30.411,25,REVIEW_REQUIRED,"Turn exceeds MELD-style preferred maximum duration; inspect for over-consolidation, pauses, or non-testimony content."
peYoD-JkAXE_turn08923,peYoD-JkAXE,https://www.youtube.com/watch?v=peYoD-JkAXE,Dr. Jennifer Tufts — Psychiatrist | Full Testimony | MA v. Lindsay Clancy,/Users/rajeshpmu/Desktop/LegalMemoCMT/data/phase2/clancy/corpus/raw/dr-jennifer-tufts-psychiatrist-full-testimony-ma-v-lindsay-clancy/dr-jennifer-tufts-psychiatrist-full-testimony-ma-v-lindsay-clancy_peYoD-JkAXE.mp4,/Users/rajeshpmu/Desktop/LegalMemoCMT/data/phase2/clancy/corpus/raw/dr-jennifer-tufts-psychiatrist-full-testimony-ma-v-lindsay-clancy/dr-jennifer-tufts-psychiatrist-full-testimony-ma-v-lindsay-clancy_peYoD-JkAXE.en.vtt,/Users/rajeshpmu/Desktop/LegalMemoCMT/data/processed/phase2/clancy/turn_clips/video/peYoD-JkAXE/peYoD-JkAXE_turn08923.mp4,/Users/rajeshpmu/Desktop/LegalMemoCMT/data/processed/phase2/clancy/turn_clips/audio/peYoD-JkAXE/peYoD-JkAXE_turn08923.wav,00:40:23.532,00:40:56.150,32.618,17,REVIEW_REQUIRED,"Turn exceeds MELD-style preferred maximum duration; inspect for over-consolidation, pauses, or non-testimony content."
peYoD-JkAXE_turn08948,peYoD-JkAXE,https://www.youtube.com/watch?v=peYoD-JkAXE,Dr. Jennifer Tufts — Psychiatrist | Full Testimony | MA v. Lindsay Clancy,/Users/rajeshpmu/Desktop/LegalMemoCMT/data/phase2/clancy/corpus/raw/dr-jennifer-tufts-psychiatrist-full-testimony-ma-v-lindsay-clancy/dr-jennifer-tufts-psychiatrist-full-testimony-ma-v-lindsay-clancy_peYoD-JkAXE.mp4,/Users/rajeshpmu/Desktop/LegalMemoCMT/data/phase2/clancy/corpus/raw/dr-jennifer-tufts-psychiatrist-full-testimony-ma-v-lindsay-clancy/dr-jennifer-tufts-psychiatrist-full-testimony-ma-v-lindsay-clancy_peYoD-JkAXE.en.vtt,/Users/rajeshpmu/Desktop/LegalMemoCMT/data/processed/phase2/clancy/turn_clips/video/peYoD-JkAXE/peYoD-JkAXE_turn08948.mp4,/Users/rajeshpmu/Desktop/LegalMemoCMT/data/processed/phase2/clancy/turn_clips/audio/peYoD-JkAXE/peYoD-JkAXE_turn08948.wav,00:43:26.663,00:44:15.801,49.138,29,REVIEW_REQUIRED,"Turn exceeds MELD-style preferred maximum duration; inspect for over-consolidation, pauses, or non-testimony content."
peYoD-JkAXE_turn08949,peYoD-JkAXE,https://www.youtube.com/watch?v=peYoD-JkAXE,Dr. Jennifer Tufts — Psychiatrist | Full Testimony | MA v. Lindsay Clancy,/Users/rajeshpmu/Desktop/LegalMemoCMT/data/phase2/clancy/corpus/raw/dr-jennifer-tufts-psychiatrist-full-testimony-ma-v-lindsay-clancy/dr-jennifer-tufts-psychiatrist-full-testimony-ma-v-lindsay-clancy_peYoD-JkAXE.mp4,/Users/rajeshpmu/Desktop/LegalMemoCMT/data/phase2/clancy/corpus/raw/dr-jennifer-tufts-psychiatrist-full-testimony-ma-v-lindsay-clancy/dr-jennifer-tufts-psychiatrist-full-testimony-ma-v-lindsay-clancy_peYoD-JkAXE.en.vtt,/Users/rajeshpmu/Desktop/LegalMemoCMT/data/processed/phase2/clancy/turn_clips/video/peYoD-JkAXE/peYoD-JkAXE_turn08949.mp4,/Users/rajeshpmu/Desktop/LegalMemoCMT/data/processed/phase2/clancy/turn_clips/audio/peYoD-JkAXE/peYoD-JkAXE_turn08949.wav,00:44:15.801,00:44:51.515,35.714,25,REVIEW_REQUIRED,"Turn exceeds MELD-style preferred maximum duration; inspect for over-consolidation, pauses, or non-testimony content."
peYoD-JkAXE_turn08969,peYoD-JkAXE,https://www.youtube.com/watch?v=peYoD-JkAXE,Dr. Jennifer Tufts — Psychiatrist | Full Testimony | MA v. Lindsay Clancy,/Users/rajeshpmu/Desktop/LegalMemoCMT/data/phase2/clancy/corpus/raw/dr-jennifer-tufts-psychiatrist-full-testimony-ma-v-lindsay-clancy/dr-jennifer-tufts-psychiatrist-full-testimony-ma-v-lindsay-clancy_peYoD-JkAXE.mp4,/Users/rajeshpmu/Desktop/LegalMemoCMT/data/phase2/clancy/corpus/raw/dr-jennifer-tufts-psychiatrist-full-testimony-ma-v-lindsay-clancy/dr-jennifer-tufts-psychiatrist-full-testimony-ma-v-lindsay-clancy_peYoD-JkAXE.en.vtt,/Users/rajeshpmu/Desktop/LegalMemoCMT/data/processed/phase2/clancy/turn_clips/video/peYoD-JkAXE/peYoD-JkAXE_turn08969.mp4,/Users/rajeshpmu/Desktop/LegalMemoCMT/data/processed/phase2/clancy/turn_clips/audio/peYoD-JkAXE/peYoD-JkAXE_turn08969.wav,00:46:56.471,00:47:27.561,31.090,23,REVIEW_REQUIRED,"Turn exceeds MELD-style preferred maximum duration; inspect for over-consolidation, pauses, or non-testimony content."
peYoD-JkAXE_turn09002,peYoD-JkAXE,https://www.youtube.com/watch?v=peYoD-JkAXE,Dr. Jennifer Tufts — Psychiatrist | Full Testimony | MA v. Lindsay Clancy,/Users/rajeshpmu/Desktop/LegalMemoCMT/data/phase2/clancy/corpus/raw/dr-jennifer-tufts-psychiatrist-full-testimony-ma-v-lindsay-clancy/dr-jennifer-tufts-psychiatrist-full-testimony-ma-v-lindsay-clancy_peYoD-JkAXE.mp4,/Users/rajeshpmu/Desktop/LegalMemoCMT/data/phase2/clancy/corpus/raw/dr-jennifer-tufts-psychiatrist-full-testimony-ma-v-lindsay-clancy/dr-jennifer-tufts-psychiatrist-full-testimony-ma-v-lindsay-clancy_peYoD-JkAXE.en.vtt,/Users/rajeshpmu/Desktop/LegalMemoCMT/data/processed/phase2/clancy/turn_clips/video/peYoD-JkAXE/peYoD-JkAXE_turn09002.mp4,/Users/rajeshpmu/Desktop/LegalMemoCMT/data/processed/phase2/clancy/turn_clips/audio/peYoD-JkAXE/peYoD-JkAXE_turn09002.wav,00:52:10.283,00:53:54.621,104.338,59,REVIEW_REQUIRED,"Turn exceeds MELD-style preferred maximum duration; inspect for over-consolidation, pauses, or non-testimony content."
peYoD-JkAXE_turn09004,peYoD-JkAXE,https://www.youtube.com/watch?v=peYoD-JkAXE,Dr. Jennifer Tufts — Psychiatrist | Full Testimony | MA v. Lindsay Clancy,/Users/rajeshpmu/Desktop/LegalMemoCMT/data/phase2/clancy/corpus/raw/dr-jennifer-tufts-psychiatrist-full-testimony-ma-v-lindsay-clancy/dr-jennifer-tufts-psychiatrist-full-testimony-ma-v-lindsay-clancy_peYoD-JkAXE.mp4,/Users/rajeshpmu/Desktop/LegalMemoCMT/data/phase2/clancy/corpus/raw/dr-jennifer-tufts-psychiatrist-full-testimony-ma-v-lindsay-clancy/dr-jennifer-tufts-psychiatrist-full-testimony-ma-v-lindsay-clancy_peYoD-JkAXE.en.vtt,/Users/rajeshpmu/Desktop/LegalMemoCMT/data/processed/phase2/clancy/turn_clips/video/peYoD-JkAXE/peYoD-JkAXE_turn09004.mp4,/Users/rajeshpmu/Desktop/LegalMemoCMT/data/processed/phase2/clancy/turn_clips/audio/peYoD-JkAXE/peYoD-JkAXE_turn09004.wav,00:54:00.365,00:54:44.294,43.929,39,REVIEW_REQUIRED,"Turn exceeds MELD-style preferred maximum duration; inspect for over-consolidation, pauses, or non-testimony content."
peYoD-JkAXE_turn09024,peYoD-JkAXE,https://www.youtube.com/watch?v=peYoD-JkAXE,Dr. Jennifer Tufts — Psychiatrist | Full Testimony | MA v. Lindsay Clancy,/Users/rajeshpmu/Desktop/LegalMemoCMT/data/phase2/clancy/corpus/raw/dr-jennifer-tufts-psychiatrist-full-testimony-ma-v-lindsay-clancy/dr-jennifer-tufts-psychiatrist-full-testimony-ma-v-lindsay-clancy_peYoD-JkAXE.mp4,/Users/rajeshpmu/Desktop/LegalMemoCMT/data/phase2/clancy/corpus/raw/dr-jennifer-tufts-psychiatrist-full-testimony-ma-v-lindsay-clancy/dr-jennifer-tufts-psychiatrist-full-testimony-ma-v-lindsay-clancy_peYoD-JkAXE.en.vtt,/Users/rajeshpmu/Desktop/LegalMemoCMT/data/processed/phase2/clancy/turn_clips/video/peYoD-JkAXE/peYoD-JkAXE_turn09024.mp4,/Users/rajeshpmu/Desktop/LegalMemoCMT/data/processed/phase2/clancy/turn_clips/audio/peYoD-JkAXE/peYoD-JkAXE_turn09024.wav,00:57:21.599,00:58:17.111,55.512,37,REVIEW_REQUIRED,"Turn exceeds MELD-style preferred maximum duration; inspect for over-consolidation, pauses, or non-testimony content."
peYoD-JkAXE_turn09029,peYoD-JkAXE,https://www.youtube.com/watch?v=peYoD-JkAXE,Dr. Jennifer Tufts — Psychiatrist | Full Testimony | MA v. Lindsay Clancy,/Users/rajeshpmu/Desktop/LegalMemoCMT/data/phase2/clancy/corpus/raw/dr-jennifer-tufts-psychiatrist-full-testimony-ma-v-lindsay-clancy/dr-jennifer-tufts-psychiatrist-full-testimony-ma-v-lindsay-clancy_peYoD-JkAXE.mp4,/Users/rajeshpmu/Desktop/LegalMemoCMT/data/phase2/clancy/corpus/raw/dr-jennifer-tufts-psychiatrist-full-testimony-ma-v-lindsay-clancy/dr-jennifer-tufts-psychiatrist-full-testimony-ma-v-lindsay-clancy_peYoD-JkAXE.en.vtt,/Users/rajeshpmu/Desktop/LegalMemoCMT/data/processed/phase2/clancy/turn_clips/video/peYoD-JkAXE/peYoD-JkAXE_turn09029.mp4,/Users/rajeshpmu/Desktop/LegalMemoCMT/data/processed/phase2/clancy/turn_clips/audio/peYoD-JkAXE/peYoD-JkAXE_turn09029.wav,00:58:46.938,00:59:24.851,37.913,9,REVIEW_REQUIRED,"Turn exceeds MELD-style preferred maximum duration; inspect for over-consolidation, pauses, or non-testimony content."
peYoD-JkAXE_turn09038,peYoD-JkAXE,https://www.youtube.com/watch?v=peYoD-JkAXE,Dr. Jennifer Tufts — Psychiatrist | Full Testimony | MA v. Lindsay Clancy,/Users/rajeshpmu/Desktop/LegalMemoCMT/data/phase2/clancy/corpus/raw/dr-jennifer-tufts-psychiatrist-full-testimony-ma-v-lindsay-clancy/dr-jennifer-tufts-psychiatrist-full-testimony-ma-v-lindsay-clancy_peYoD-JkAXE.mp4,/Users/rajeshpmu/Desktop/LegalMemoCMT/data/phase2/clancy/corpus/raw/dr-jennifer-tufts-psychiatrist-full-testimony-ma-v-lindsay-clancy/dr-jennifer-tufts-psychiatrist-full-testimony-ma-v-lindsay-clancy_peYoD-JkAXE.en.vtt,/Users/rajeshpmu/Desktop/LegalMemoCMT/data/processed/phase2/clancy/turn_clips/video/peYoD-JkAXE/peYoD-JkAXE_turn09038.mp4,/Users/rajeshpmu/Desktop/LegalMemoCMT/data/processed/phase2/clancy/turn_clips/audio/peYoD-JkAXE/peYoD-JkAXE_turn09038.wav,01:00:24.705,01:00:55.965,31.260,3,REVIEW_REQUIRED,"Turn exceeds MELD-style preferred maximum duration; inspect for over-consolidation, pauses, or non-testimony content."
peYoD-JkAXE_turn09187,peYoD-JkAXE,https://www.youtube.com/watch?v=peYoD-JkAXE,Dr. Jennifer Tufts — Psychiatrist | Full Testimony | MA v. Lindsay Clancy,/Users/rajeshpmu/Desktop/LegalMemoCMT/data/phase2/clancy/corpus/raw/dr-jennifer-tufts-psychiatrist-full-testimony-ma-v-lindsay-clancy/dr-jennifer-tufts-psychiatrist-full-testimony-ma-v-lindsay-clancy_peYoD-JkAXE.mp4,/Users/rajeshpmu/Desktop/LegalMemoCMT/data/phase2/clancy/corpus/raw/dr-jennifer-tufts-psychiatrist-full-testimony-ma-v-lindsay-clancy/dr-jennifer-tufts-psychiatrist-full-testimony-ma-v-lindsay-clancy_peYoD-JkAXE.en.vtt,/Users/rajeshpmu/Desktop/LegalMemoCMT/data/processed/phase2/clancy/turn_clips/video/peYoD-JkAXE/peYoD-JkAXE_turn09187.mp4,/Users/rajeshpmu/Desktop/LegalMemoCMT/data/processed/phase2/clancy/turn_clips/audio/peYoD-JkAXE/peYoD-JkAXE_turn09187.wav,01:15:05.314,01:15:39.554,34.240,21,REVIEW_REQUIRED,"Turn exceeds MELD-style preferred maximum duration; inspect for over-consolidation, pauses, or non-testimony content."
peYoD-JkAXE_turn09205,peYoD-JkAXE,https://www.youtube.com/watch?v=peYoD-JkAXE,Dr. Jennifer Tufts — Psychiatrist | Full Testimony | MA v. Lindsay Clancy,/Users/rajeshpmu/Desktop/LegalMemoCMT/data/phase2/clancy/corpus/raw/dr-jennifer-tufts-psychiatrist-full-testimony-ma-v-lindsay-clancy/dr-jennifer-tufts-psychiatrist-full-testimony-ma-v-lindsay-clancy_peYoD-JkAXE.mp4,/Users/rajeshpmu/Desktop/LegalMemoCMT/data/phase2/clancy/corpus/raw/dr-jennifer-tufts-psychiatrist-full-testimony-ma-v-lindsay-clancy/dr-jennifer-tufts-psychiatrist-full-testimony-ma-v-lindsay-clancy_peYoD-JkAXE.en.vtt,/Users/rajeshpmu/Desktop/LegalMemoCMT/data/processed/phase2/clancy/turn_clips/video/peYoD-JkAXE/peYoD-JkAXE_turn09205.mp4,/Users/rajeshpmu/Desktop/LegalMemoCMT/data/processed/phase2/clancy/turn_clips/audio/peYoD-JkAXE/peYoD-JkAXE_turn09205.wav,01:17:01.385,01:17:36.700,35.315,29,REVIEW_REQUIRED,"Turn exceeds MELD-style preferred maximum duration; inspect for over-consolidation, pauses, or non-testimony content."
peYoD-JkAXE_turn09320,peYoD-JkAXE,https://www.youtube.com/watch?v=peYoD-JkAXE,Dr. Jennifer Tufts — Psychiatrist | Full Testimony | MA v. Lindsay Clancy,/Users/rajeshpmu/Desktop/LegalMemoCMT/data/phase2/clancy/corpus/raw/dr-jennifer-tufts-psychiatrist-full-testimony-ma-v-lindsay-clancy/dr-jennifer-tufts-psychiatrist-full-testimony-ma-v-lindsay-clancy_peYoD-JkAXE.mp4,/Users/rajeshpmu/Desktop/LegalMemoCMT/data/phase2/clancy/corpus/raw/dr-jennifer-tufts-psychiatrist-full-testimony-ma-v-lindsay-clancy/dr-jennifer-tufts-psychiatrist-full-testimony-ma-v-lindsay-clancy_peYoD-JkAXE.en.vtt,/Users/rajeshpmu/Desktop/LegalMemoCMT/data/processed/phase2/clancy/turn_clips/video/peYoD-JkAXE/peYoD-JkAXE_turn09320.mp4,/Users/rajeshpmu/Desktop/LegalMemoCMT/data/processed/phase2/clancy/turn_clips/audio/peYoD-JkAXE/peYoD-JkAXE_turn09320.wav,01:29:03.604,01:29:45.877,42.273,27,REVIEW_REQUIRED,"Turn exceeds MELD-style preferred maximum duration; inspect for over-consolidation, pauses, or non-testimony content."
peYoD-JkAXE_turn09372,peYoD-JkAXE,https://www.youtube.com/watch?v=peYoD-JkAXE,Dr. Jennifer Tufts — Psychiatrist | Full Testimony | MA v. Lindsay Clancy,/Users/rajeshpmu/Desktop/LegalMemoCMT/data/phase2/clancy/corpus/raw/dr-jennifer-tufts-psychiatrist-full-testimony-ma-v-lindsay-clancy/dr-jennifer-tufts-psychiatrist-full-testimony-ma-v-lindsay-clancy_peYoD-JkAXE.mp4,/Users/rajeshpmu/Desktop/LegalMemoCMT/data/phase2/clancy/corpus/raw/dr-jennifer-tufts-psychiatrist-full-testimony-ma-v-lindsay-clancy/dr-jennifer-tufts-psychiatrist-full-testimony-ma-v-lindsay-clancy_peYoD-JkAXE.en.vtt,/Users/rajeshpmu/Desktop/LegalMemoCMT/data/processed/phase2/clancy/turn_clips/video/peYoD-JkAXE/peYoD-JkAXE_turn09372.mp4,/Users/rajeshpmu/Desktop/LegalMemoCMT/data/processed/phase2/clancy/turn_clips/audio/peYoD-JkAXE/peYoD-JkAXE_turn09372.wav,01:34:55.734,01:35:58.768,63.034,47,REVIEW_REQUIRED,"Turn exceeds MELD-style preferred maximum duration; inspect for over-consolidation, pauses, or non-testimony content."
peYoD-JkAXE_turn09378,peYoD-JkAXE,https://www.youtube.com/watch?v=peYoD-JkAXE,Dr. Jennifer Tufts — Psychiatrist | Full Testimony | MA v. Lindsay Clancy,/Users/rajeshpmu/Desktop/LegalMemoCMT/data/phase2/clancy/corpus/raw/dr-jennifer-tufts-psychiatrist-full-testimony-ma-v-lindsay-clancy/dr-jennifer-tufts-psychiatrist-full-testimony-ma-v-lindsay-clancy_peYoD-JkAXE.mp4,/Users/rajeshpmu/Desktop/LegalMemoCMT/data/phase2/clancy/corpus/raw/dr-jennifer-tufts-psychiatrist-full-testimony-ma-v-lindsay-clancy/dr-jennifer-tufts-psychiatrist-full-testimony-ma-v-lindsay-clancy_peYoD-JkAXE.en.vtt,/Users/rajeshpmu/Desktop/LegalMemoCMT/data/processed/phase2/clancy/turn_clips/video/peYoD-JkAXE/peYoD-JkAXE_turn09378.mp4,/Users/rajeshpmu/Desktop/LegalMemoCMT/data/processed/phase2/clancy/turn_clips/audio/peYoD-JkAXE/peYoD-JkAXE_turn09378.wav,01:36:32.629,01:37:22.332,49.703,42,REVIEW_REQUIRED,"Turn exceeds MELD-style preferred maximum duration; inspect for over-consolidation, pauses, or non-testimony content."
peYoD-JkAXE_turn09394,peYoD-JkAXE,https://www.youtube.com/watch?v=peYoD-JkAXE,Dr. Jennifer Tufts — Psychiatrist | Full Testimony | MA v. Lindsay Clancy,/Users/rajeshpmu/Desktop/LegalMemoCMT/data/phase2/clancy/corpus/raw/dr-jennifer-tufts-psychiatrist-full-testimony-ma-v-lindsay-clancy/dr-jennifer-tufts-psychiatrist-full-testimony-ma-v-lindsay-clancy_peYoD-JkAXE.mp4,/Users/rajeshpmu/Desktop/LegalMemoCMT/data/phase2/clancy/corpus/raw/dr-jennifer-tufts-psychiatrist-full-testimony-ma-v-lindsay-clancy/dr-jennifer-tufts-psychiatrist-full-testimony-ma-v-lindsay-clancy_peYoD-JkAXE.en.vtt,/Users/rajeshpmu/Desktop/LegalMemoCMT/data/processed/phase2/clancy/turn_clips/video/peYoD-JkAXE/peYoD-JkAXE_turn09394.mp4,/Users/rajeshpmu/Desktop/LegalMemoCMT/data/processed/phase2/clancy/turn_clips/audio/peYoD-JkAXE/peYoD-JkAXE_turn09394.wav,01:38:47.854,01:39:40.448,52.594,43,REVIEW_REQUIRED,"Turn exceeds MELD-style preferred maximum duration; inspect for over-consolidation, pauses, or non-testimony content."
peYoD-JkAXE_turn09404,peYoD-JkAXE,https://www.youtube.com/watch?v=peYoD-JkAXE,Dr. Jennifer Tufts — Psychiatrist | Full Testimony | MA v. Lindsay Clancy,/Users/rajeshpmu/Desktop/LegalMemoCMT/data/phase2/clancy/corpus/raw/dr-jennifer-tufts-psychiatrist-full-testimony-ma-v-lindsay-clancy/dr-jennifer-tufts-psychiatrist-full-testimony-ma-v-lindsay-clancy_peYoD-JkAXE.mp4,/Users/rajeshpmu/Desktop/LegalMemoCMT/data/phase2/clancy/corpus/raw/dr-jennifer-tufts-psychiatrist-full-testimony-ma-v-lindsay-clancy/dr-jennifer-tufts-psychiatrist-full-testimony-ma-v-lindsay-clancy_peYoD-JkAXE.en.vtt,/Users/rajeshpmu/Desktop/LegalMemoCMT/data/processed/phase2/clancy/turn_clips/video/peYoD-JkAXE/peYoD-JkAXE_turn09404.mp4,/Users/rajeshpmu/Desktop/LegalMemoCMT/data/processed/phase2/clancy/turn_clips/audio/peYoD-JkAXE/peYoD-JkAXE_turn09404.wav,01:40:47.258,01:41:33.753,46.495,33,REVIEW_REQUIRED,"Turn exceeds MELD-style preferred maximum duration; inspect for over-consolidation, pauses, or non-testimony content."
peYoD-JkAXE_turn09421,peYoD-JkAXE,https://www.youtube.com/watch?v=peYoD-JkAXE,Dr. Jennifer Tufts — Psychiatrist | Full Testimony | MA v. Lindsay Clancy,/Users/rajeshpmu/Desktop/LegalMemoCMT/data/phase2/clancy/corpus/raw/dr-jennifer-tufts-psychiatrist-full-testimony-ma-v-lindsay-clancy/dr-jennifer-tufts-psychiatrist-full-testimony-ma-v-lindsay-clancy_peYoD-JkAXE.mp4,/Users/rajeshpmu/Desktop/LegalMemoCMT/data/phase2/clancy/corpus/raw/dr-jennifer-tufts-psychiatrist-full-testimony-ma-v-lindsay-clancy/dr-jennifer-tufts-psychiatrist-full-testimony-ma-v-lindsay-clancy_peYoD-JkAXE.en.vtt,/Users/rajeshpmu/Desktop/LegalMemoCMT/data/processed/phase2/clancy/turn_clips/video/peYoD-JkAXE/peYoD-JkAXE_turn09421.mp4,/Users/rajeshpmu/Desktop/LegalMemoCMT/data/processed/phase2/clancy/turn_clips/audio/peYoD-JkAXE/peYoD-JkAXE_turn09421.wav,01:42:55.783,01:43:34.407,38.624,17,REVIEW_REQUIRED,"Turn exceeds MELD-style preferred maximum duration; inspect for over-consolidation, pauses, or non-testimony content."
peYoD-JkAXE_turn09440,peYoD-JkAXE,https://www.youtube.com/watch?v=peYoD-JkAXE,Dr. Jennifer Tufts — Psychiatrist | Full Testimony | MA v. Lindsay Clancy,/Users/rajeshpmu/Desktop/LegalMemoCMT/data/phase2/clancy/corpus/raw/dr-jennifer-tufts-psychiatrist-full-testimony-ma-v-lindsay-clancy/dr-jennifer-tufts-psychiatrist-full-testimony-ma-v-lindsay-clancy_peYoD-JkAXE.mp4,/Users/rajeshpmu/Desktop/LegalMemoCMT/data/phase2/clancy/corpus/raw/dr-jennifer-tufts-psychiatrist-full-testimony-ma-v-lindsay-clancy/dr-jennifer-tufts-psychiatrist-full-testimony-ma-v-lindsay-clancy_peYoD-JkAXE.en.vtt,/Users/rajeshpmu/Desktop/LegalMemoCMT/data/processed/phase2/clancy/turn_clips/video/peYoD-JkAXE/peYoD-JkAXE_turn09440.mp4,/Users/rajeshpmu/Desktop/LegalMemoCMT/data/processed/phase2/clancy/turn_clips/audio/peYoD-JkAXE/peYoD-JkAXE_turn09440.wav,01:45:25.891,01:46:07.469,41.578,33,REVIEW_REQUIRED,"Turn exceeds MELD-style preferred maximum duration; inspect for over-consolidation, pauses, or non-testimony content."
peYoD-JkAXE_turn09493,peYoD-JkAXE,https://www.youtube.com/watch?v=peYoD-JkAXE,Dr. Jennifer Tufts — Psychiatrist | Full Testimony | MA v. Lindsay Clancy,/Users/rajeshpmu/Desktop/LegalMemoCMT/data/phase2/clancy/corpus/raw/dr-jennifer-tufts-psychiatrist-full-testimony-ma-v-lindsay-clancy/dr-jennifer-tufts-psychiatrist-full-testimony-ma-v-lindsay-clancy_peYoD-JkAXE.mp4,/Users/rajeshpmu/Desktop/LegalMemoCMT/data/phase2/clancy/corpus/raw/dr-jennifer-tufts-psychiatrist-full-testimony-ma-v-lindsay-clancy/dr-jennifer-tufts-psychiatrist-full-testimony-ma-v-lindsay-clancy_peYoD-JkAXE.en.vtt,/Users/rajeshpmu/Desktop/LegalMemoCMT/data/processed/phase2/clancy/turn_clips/video/peYoD-JkAXE/peYoD-JkAXE_turn09493.mp4,/Users/rajeshpmu/Desktop/LegalMemoCMT/data/processed/phase2/clancy/turn_clips/audio/peYoD-JkAXE/peYoD-JkAXE_turn09493.wav,01:49:58.630,01:50:43.445,44.815,27,REVIEW_REQUIRED,"Turn exceeds MELD-style preferred maximum duration; inspect for over-consolidation, pauses, or non-testimony content."
peYoD-JkAXE_turn09523,peYoD-JkAXE,https://www.youtube.com/watch?v=peYoD-JkAXE,Dr. Jennifer Tufts — Psychiatrist | Full Testimony | MA v. Lindsay Clancy,/Users/rajeshpmu/Desktop/LegalMemoCMT/data/phase2/clancy/corpus/raw/dr-jennifer-tufts-psychiatrist-full-testimony-ma-v-lindsay-clancy/dr-jennifer-tufts-psychiatrist-full-testimony-ma-v-lindsay-clancy_peYoD-JkAXE.mp4,/Users/rajeshpmu/Desktop/LegalMemoCMT/data/phase2/clancy/corpus/raw/dr-jennifer-tufts-psychiatrist-full-testimony-ma-v-lindsay-clancy/dr-jennifer-tufts-psychiatrist-full-testimony-ma-v-lindsay-clancy_peYoD-JkAXE.en.vtt,/Users/rajeshpmu/Desktop/LegalMemoCMT/data/processed/phase2/clancy/turn_clips/video/peYoD-JkAXE/peYoD-JkAXE_turn09523.mp4,/Users/rajeshpmu/Desktop/LegalMemoCMT/data/processed/phase2/clancy/turn_clips/audio/peYoD-JkAXE/peYoD-JkAXE_turn09523.wav,01:54:28.108,01:55:12.239,44.131,37,REVIEW_REQUIRED,"Turn exceeds MELD-style preferred maximum duration; inspect for over-consolidation, pauses, or non-testimony content."
peYoD-JkAXE_turn09544,peYoD-JkAXE,https://www.youtube.com/watch?v=peYoD-JkAXE,Dr. Jennifer Tufts — Psychiatrist | Full Testimony | MA v. Lindsay Clancy,/Users/rajeshpmu/Desktop/LegalMemoCMT/data/phase2/clancy/corpus/raw/dr-jennifer-tufts-psychiatrist-full-testimony-ma-v-lindsay-clancy/dr-jennifer-tufts-psychiatrist-full-testimony-ma-v-lindsay-clancy_peYoD-JkAXE.mp4,/Users/rajeshpmu/Desktop/LegalMemoCMT/data/phase2/clancy/corpus/raw/dr-jennifer-tufts-psychiatrist-full-testimony-ma-v-lindsay-clancy/dr-jennifer-tufts-psychiatrist-full-testimony-ma-v-lindsay-clancy_peYoD-JkAXE.en.vtt,/Users/rajeshpmu/Desktop/LegalMemoCMT/data/processed/phase2/clancy/turn_clips/video/peYoD-JkAXE/peYoD-JkAXE_turn09544.mp4,/Users/rajeshpmu/Desktop/LegalMemoCMT/data/processed/phase2/clancy/turn_clips/audio/peYoD-JkAXE/peYoD-JkAXE_turn09544.wav,01:58:43.844,01:59:14.573,30.729,23,REVIEW_REQUIRED,"Turn exceeds MELD-style preferred maximum duration; inspect for over-consolidation, pauses, or non-testimony content."
peYoD-JkAXE_turn09580,peYoD-JkAXE,https://www.youtube.com/watch?v=peYoD-JkAXE,Dr. Jennifer Tufts — Psychiatrist | Full Testimony | MA v. Lindsay Clancy,/Users/rajeshpmu/Desktop/LegalMemoCMT/data/phase2/clancy/corpus/raw/dr-jennifer-tufts-psychiatrist-full-testimony-ma-v-lindsay-clancy/dr-jennifer-tufts-psychiatrist-full-testimony-ma-v-lindsay-clancy_peYoD-JkAXE.mp4,/Users/rajeshpmu/Desktop/LegalMemoCMT/data/phase2/clancy/corpus/raw/dr-jennifer-tufts-psychiatrist-full-testimony-ma-v-lindsay-clancy/dr-jennifer-tufts-psychiatrist-full-testimony-ma-v-lindsay-clancy_peYoD-JkAXE.en.vtt,/Users/rajeshpmu/Desktop/LegalMemoCMT/data/processed/phase2/clancy/turn_clips/video/peYoD-JkAXE/peYoD-JkAXE_turn09580.mp4,/Users/rajeshpmu/Desktop/LegalMemoCMT/data/processed/phase2/clancy/turn_clips/audio/peYoD-JkAXE/peYoD-JkAXE_turn09580.wav,02:02:45.326,02:03:21.123,35.797,25,REVIEW_REQUIRED,"Turn exceeds MELD-style preferred maximum duration; inspect for over-consolidation, pauses, or non-testimony content."
peYoD-JkAXE_turn09593,peYoD-JkAXE,https://www.youtube.com/watch?v=peYoD-JkAXE,Dr. Jennifer Tufts — Psychiatrist | Full Testimony | MA v. Lindsay Clancy,/Users/rajeshpmu/Desktop/LegalMemoCMT/data/phase2/clancy/corpus/raw/dr-jennifer-tufts-psychiatrist-full-testimony-ma-v-lindsay-clancy/dr-jennifer-tufts-psychiatrist-full-testimony-ma-v-lindsay-clancy_peYoD-JkAXE.mp4,/Users/rajeshpmu/Desktop/LegalMemoCMT/data/phase2/clancy/corpus/raw/dr-jennifer-tufts-psychiatrist-full-testimony-ma-v-lindsay-clancy/dr-jennifer-tufts-psychiatrist-full-testimony-ma-v-lindsay-clancy_peYoD-JkAXE.en.vtt,/Users/rajeshpmu/Desktop/LegalMemoCMT/data/processed/phase2/clancy/turn_clips/video/peYoD-JkAXE/peYoD-JkAXE_turn09593.mp4,/Users/rajeshpmu/Desktop/LegalMemoCMT/data/processed/phase2/clancy/turn_clips/audio/peYoD-JkAXE/peYoD-JkAXE_turn09593.wav,02:04:08.476,02:05:02.873,54.397,39,REVIEW_REQUIRED,"Turn exceeds MELD-style preferred maximum duration; inspect for over-consolidation, pauses, or non-testimony content."
peYoD-JkAXE_turn09606,peYoD-JkAXE,https://www.youtube.com/watch?v=peYoD-JkAXE,Dr. Jennifer Tufts — Psychiatrist | Full Testimony | MA v. Lindsay Clancy,/Users/rajeshpmu/Desktop/LegalMemoCMT/data/phase2/clancy/corpus/raw/dr-jennifer-tufts-psychiatrist-full-testimony-ma-v-lindsay-clancy/dr-jennifer-tufts-psychiatrist-full-testimony-ma-v-lindsay-clancy_peYoD-JkAXE.mp4,/Users/rajeshpmu/Desktop/LegalMemoCMT/data/phase2/clancy/corpus/raw/dr-jennifer-tufts-psychiatrist-full-testimony-ma-v-lindsay-clancy/dr-jennifer-tufts-psychiatrist-full-testimony-ma-v-lindsay-clancy_peYoD-JkAXE.en.vtt,/Users/rajeshpmu/Desktop/LegalMemoCMT/data/processed/phase2/clancy/turn_clips/video/peYoD-JkAXE/peYoD-JkAXE_turn09606.mp4,/Users/rajeshpmu/Desktop/LegalMemoCMT/data/processed/phase2/clancy/turn_clips/audio/peYoD-JkAXE/peYoD-JkAXE_turn09606.wav,02:05:45.189,02:06:20.357,35.168,20,REVIEW_REQUIRED,"Turn exceeds MELD-style preferred maximum duration; inspect for over-consolidation, pauses, or non-testimony content."
peYoD-JkAXE_turn09637,peYoD-JkAXE,https://www.youtube.com/watch?v=peYoD-JkAXE,Dr. Jennifer Tufts — Psychiatrist | Full Testimony | MA v. Lindsay Clancy,/Users/rajeshpmu/Desktop/LegalMemoCMT/data/phase2/clancy/corpus/raw/dr-jennifer-tufts-psychiatrist-full-testimony-ma-v-lindsay-clancy/dr-jennifer-tufts-psychiatrist-full-testimony-ma-v-lindsay-clancy_peYoD-JkAXE.mp4,/Users/rajeshpmu/Desktop/LegalMemoCMT/data/phase2/clancy/corpus/raw/dr-jennifer-tufts-psychiatrist-full-testimony-ma-v-lindsay-clancy/dr-jennifer-tufts-psychiatrist-full-testimony-ma-v-lindsay-clancy_peYoD-JkAXE.en.vtt,/Users/rajeshpmu/Desktop/LegalMemoCMT/data/processed/phase2/clancy/turn_clips/video/peYoD-JkAXE/peYoD-JkAXE_turn09637.mp4,/Users/rajeshpmu/Desktop/LegalMemoCMT/data/processed/phase2/clancy/turn_clips/audio/peYoD-JkAXE/peYoD-JkAXE_turn09637.wav,02:08:42.395,02:09:20.468,38.073,27,REVIEW_REQUIRED,"Turn exceeds MELD-style preferred maximum duration; inspect for over-consolidation, pauses, or non-testimony content."
peYoD-JkAXE_turn09671,peYoD-JkAXE,https://www.youtube.com/watch?v=peYoD-JkAXE,Dr. Jennifer Tufts — Psychiatrist | Full Testimony | MA v. Lindsay Clancy,/Users/rajeshpmu/Desktop/LegalMemoCMT/data/phase2/clancy/corpus/raw/dr-jennifer-tufts-psychiatrist-full-testimony-ma-v-lindsay-clancy/dr-jennifer-tufts-psychiatrist-full-testimony-ma-v-lindsay-clancy_peYoD-JkAXE.mp4,/Users/rajeshpmu/Desktop/LegalMemoCMT/data/phase2/clancy/corpus/raw/dr-jennifer-tufts-psychiatrist-full-testimony-ma-v-lindsay-clancy/dr-jennifer-tufts-psychiatrist-full-testimony-ma-v-lindsay-clancy_peYoD-JkAXE.en.vtt,/Users/rajeshpmu/Desktop/LegalMemoCMT/data/processed/phase2/clancy/turn_clips/video/peYoD-JkAXE/peYoD-JkAXE_turn09671.mp4,/Users/rajeshpmu/Desktop/LegalMemoCMT/data/processed/phase2/clancy/turn_clips/audio/peYoD-JkAXE/peYoD-JkAXE_turn09671.wav,02:14:16.550,02:14:48.063,31.513,18,REVIEW_REQUIRED,"Turn exceeds MELD-style preferred maximum duration; inspect for over-consolidation, pauses, or non-testimony content."
peYoD-JkAXE_turn09687,peYoD-JkAXE,https://www.youtube.com/watch?v=peYoD-JkAXE,Dr. Jennifer Tufts — Psychiatrist | Full Testimony | MA v. Lindsay Clancy,/Users/rajeshpmu/Desktop/LegalMemoCMT/data/phase2/clancy/corpus/raw/dr-jennifer-tufts-psychiatrist-full-testimony-ma-v-lindsay-clancy/dr-jennifer-tufts-psychiatrist-full-testimony-ma-v-lindsay-clancy_peYoD-JkAXE.mp4,/Users/rajeshpmu/Desktop/LegalMemoCMT/data/phase2/clancy/corpus/raw/dr-jennifer-tufts-psychiatrist-full-testimony-ma-v-lindsay-clancy/dr-jennifer-tufts-psychiatrist-full-testimony-ma-v-lindsay-clancy_peYoD-JkAXE.en.vtt,/Users/rajeshpmu/Desktop/LegalMemoCMT/data/processed/phase2/clancy/turn_clips/video/peYoD-JkAXE/peYoD-JkAXE_turn09687.mp4,/Users/rajeshpmu/Desktop/LegalMemoCMT/data/processed/phase2/clancy/turn_clips/audio/peYoD-JkAXE/peYoD-JkAXE_turn09687.wav,02:16:33.696,02:17:03.943,30.247,19,REVIEW_REQUIRED,"Turn exceeds MELD-style preferred maximum duration; inspect for over-consolidation, pauses, or non-testimony content."
peYoD-JkAXE_turn09892,peYoD-JkAXE,https://www.youtube.com/watch?v=peYoD-JkAXE,Dr. Jennifer Tufts — Psychiatrist | Full Testimony | MA v. Lindsay Clancy,/Users/rajeshpmu/Desktop/LegalMemoCMT/data/phase2/clancy/corpus/raw/dr-jennifer-tufts-psychiatrist-full-testimony-ma-v-lindsay-clancy/dr-jennifer-tufts-psychiatrist-full-testimony-ma-v-lindsay-clancy_peYoD-JkAXE.mp4,/Users/rajeshpmu/Desktop/LegalMemoCMT/data/phase2/clancy/corpus/raw/dr-jennifer-tufts-psychiatrist-full-testimony-ma-v-lindsay-clancy/dr-jennifer-tufts-psychiatrist-full-testimony-ma-v-lindsay-clancy_peYoD-JkAXE.en.vtt,/Users/rajeshpmu/Desktop/LegalMemoCMT/data/processed/phase2/clancy/turn_clips/video/peYoD-JkAXE/peYoD-JkAXE_turn09892.mp4,/Users/rajeshpmu/Desktop/LegalMemoCMT/data/processed/phase2/clancy/turn_clips/audio/peYoD-JkAXE/peYoD-JkAXE_turn09892.wav,02:37:24.727,02:38:03.730,39.003,31,REVIEW_REQUIRED,"Turn exceeds MELD-style preferred maximum duration; inspect for over-consolidation, pauses, or non-testimony content."
peYoD-JkAXE_turn09936,peYoD-JkAXE,https://www.youtube.com/watch?v=peYoD-JkAXE,Dr. Jennifer Tufts — Psychiatrist | Full Testimony | MA v. Lindsay Clancy,/Users/rajeshpmu/Desktop/LegalMemoCMT/data/phase2/clancy/corpus/raw/dr-jennifer-tufts-psychiatrist-full-testimony-ma-v-lindsay-clancy/dr-jennifer-tufts-psychiatrist-full-testimony-ma-v-lindsay-clancy_peYoD-JkAXE.mp4,/Users/rajeshpmu/Desktop/LegalMemoCMT/data/phase2/clancy/corpus/raw/dr-jennifer-tufts-psychiatrist-full-testimony-ma-v-lindsay-clancy/dr-jennifer-tufts-psychiatrist-full-testimony-ma-v-lindsay-clancy_peYoD-JkAXE.en.vtt,/Users/rajeshpmu/Desktop/LegalMemoCMT/data/processed/phase2/clancy/turn_clips/video/peYoD-JkAXE/peYoD-JkAXE_turn09936.mp4,/Users/rajeshpmu/Desktop/LegalMemoCMT/data/processed/phase2/clancy/turn_clips/audio/peYoD-JkAXE/peYoD-JkAXE_turn09936.wav,02:42:21.214,02:43:03.355,42.141,39,REVIEW_REQUIRED,"Turn exceeds MELD-style preferred maximum duration; inspect for over-consolidation, pauses, or non-testimony content."
peYoD-JkAXE_turn09959,peYoD-JkAXE,https://www.youtube.com/watch?v=peYoD-JkAXE,Dr. Jennifer Tufts — Psychiatrist | Full Testimony | MA v. Lindsay Clancy,/Users/rajeshpmu/Desktop/LegalMemoCMT/data/phase2/clancy/corpus/raw/dr-jennifer-tufts-psychiatrist-full-testimony-ma-v-lindsay-clancy/dr-jennifer-tufts-psychiatrist-full-testimony-ma-v-lindsay-clancy_peYoD-JkAXE.mp4,/Users/rajeshpmu/Desktop/LegalMemoCMT/data/phase2/clancy/corpus/raw/dr-jennifer-tufts-psychiatrist-full-testimony-ma-v-lindsay-clancy/dr-jennifer-tufts-psychiatrist-full-testimony-ma-v-lindsay-clancy_peYoD-JkAXE.en.vtt,/Users/rajeshpmu/Desktop/LegalMemoCMT/data/processed/phase2/clancy/turn_clips/video/peYoD-JkAXE/peYoD-JkAXE_turn09959.mp4,/Users/rajeshpmu/Desktop/LegalMemoCMT/data/processed/phase2/clancy/turn_clips/audio/peYoD-JkAXE/peYoD-JkAXE_turn09959.wav,02:45:31.190,02:46:01.437,30.247,18,REVIEW_REQUIRED,"Turn exceeds MELD-style preferred maximum duration; inspect for over-consolidation, pauses, or non-testimony content."
peYoD-JkAXE_turn09961,peYoD-JkAXE,https://www.youtube.com/watch?v=peYoD-JkAXE,Dr. Jennifer Tufts — Psychiatrist | Full Testimony | MA v. Lindsay Clancy,/Users/rajeshpmu/Desktop/LegalMemoCMT/data/phase2/clancy/corpus/raw/dr-jennifer-tufts-psychiatrist-full-testimony-ma-v-lindsay-clancy/dr-jennifer-tufts-psychiatrist-full-testimony-ma-v-lindsay-clancy_peYoD-JkAXE.mp4,/Users/rajeshpmu/Desktop/LegalMemoCMT/data/phase2/clancy/corpus/raw/dr-jennifer-tufts-psychiatrist-full-testimony-ma-v-lindsay-clancy/dr-jennifer-tufts-psychiatrist-full-testimony-ma-v-lindsay-clancy_peYoD-JkAXE.en.vtt,/Users/rajeshpmu/Desktop/LegalMemoCMT/data/processed/phase2/clancy/turn_clips/video/peYoD-JkAXE/peYoD-JkAXE_turn09961.mp4,/Users/rajeshpmu/Desktop/LegalMemoCMT/data/processed/phase2/clancy/turn_clips/audio/peYoD-JkAXE/peYoD-JkAXE_turn09961.wav,02:46:04.059,02:47:18.325,74.266,47,REVIEW_REQUIRED,"Turn exceeds MELD-style preferred maximum duration; inspect for over-consolidation, pauses, or non-testimony content."
peYoD-JkAXE_turn10022,peYoD-JkAXE,https://www.youtube.com/watch?v=peYoD-JkAXE,Dr. Jennifer Tufts — Psychiatrist | Full Testimony | MA v. Lindsay Clancy,/Users/rajeshpmu/Desktop/LegalMemoCMT/data/phase2/clancy/corpus/raw/dr-jennifer-tufts-psychiatrist-full-testimony-ma-v-lindsay-clancy/dr-jennifer-tufts-psychiatrist-full-testimony-ma-v-lindsay-clancy_peYoD-JkAXE.mp4,/Users/rajeshpmu/Desktop/LegalMemoCMT/data/phase2/clancy/corpus/raw/dr-jennifer-tufts-psychiatrist-full-testimony-ma-v-lindsay-clancy/dr-jennifer-tufts-psychiatrist-full-testimony-ma-v-lindsay-clancy_peYoD-JkAXE.en.vtt,/Users/rajeshpmu/Desktop/LegalMemoCMT/data/processed/phase2/clancy/turn_clips/video/peYoD-JkAXE/peYoD-JkAXE_turn10022.mp4,/Users/rajeshpmu/Desktop/LegalMemoCMT/data/processed/phase2/clancy/turn_clips/audio/peYoD-JkAXE/peYoD-JkAXE_turn10022.wav,02:53:22.754,02:53:55.671,32.917,11,REVIEW_REQUIRED,"Turn exceeds MELD-style preferred maximum duration; inspect for over-consolidation, pauses, or non-testimony content."
peYoD-JkAXE_turn10083,peYoD-JkAXE,https://www.youtube.com/watch?v=peYoD-JkAXE,Dr. Jennifer Tufts — Psychiatrist | Full Testimony | MA v. Lindsay Clancy,/Users/rajeshpmu/Desktop/LegalMemoCMT/data/phase2/clancy/corpus/raw/dr-jennifer-tufts-psychiatrist-full-testimony-ma-v-lindsay-clancy/dr-jennifer-tufts-psychiatrist-full-testimony-ma-v-lindsay-clancy_peYoD-JkAXE.mp4,/Users/rajeshpmu/Desktop/LegalMemoCMT/data/phase2/clancy/corpus/raw/dr-jennifer-tufts-psychiatrist-full-testimony-ma-v-lindsay-clancy/dr-jennifer-tufts-psychiatrist-full-testimony-ma-v-lindsay-clancy_peYoD-JkAXE.en.vtt,/Users/rajeshpmu/Desktop/LegalMemoCMT/data/processed/phase2/clancy/turn_clips/video/peYoD-JkAXE/peYoD-JkAXE_turn10083.mp4,/Users/rajeshpmu/Desktop/LegalMemoCMT/data/processed/phase2/clancy/turn_clips/audio/peYoD-JkAXE/peYoD-JkAXE_turn10083.wav,02:59:43.943,03:00:21.380,37.437,23,REVIEW_REQUIRED,"Turn exceeds MELD-style preferred maximum duration; inspect for over-consolidation, pauses, or non-testimony content."
peYoD-JkAXE_turn10284,peYoD-JkAXE,https://www.youtube.com/watch?v=peYoD-JkAXE,Dr. Jennifer Tufts — Psychiatrist | Full Testimony | MA v. Lindsay Clancy,/Users/rajeshpmu/Desktop/LegalMemoCMT/data/phase2/clancy/corpus/raw/dr-jennifer-tufts-psychiatrist-full-testimony-ma-v-lindsay-clancy/dr-jennifer-tufts-psychiatrist-full-testimony-ma-v-lindsay-clancy_peYoD-JkAXE.mp4,/Users/rajeshpmu/Desktop/LegalMemoCMT/data/phase2/clancy/corpus/raw/dr-jennifer-tufts-psychiatrist-full-testimony-ma-v-lindsay-clancy/dr-jennifer-tufts-psychiatrist-full-testimony-ma-v-lindsay-clancy_peYoD-JkAXE.en.vtt,/Users/rajeshpmu/Desktop/LegalMemoCMT/data/processed/phase2/clancy/turn_clips/video/peYoD-JkAXE/peYoD-JkAXE_turn10284.mp4,/Users/rajeshpmu/Desktop/LegalMemoCMT/data/processed/phase2/clancy/turn_clips/audio/peYoD-JkAXE/peYoD-JkAXE_turn10284.wav,03:25:05.776,03:25:38.717,32.941,9,REVIEW_REQUIRED,"Turn exceeds MELD-style preferred maximum duration; inspect for over-consolidation, pauses, or non-testimony content."
peYoD-JkAXE_turn10285,peYoD-JkAXE,https://www.youtube.com/watch?v=peYoD-JkAXE,Dr. Jennifer Tufts — Psychiatrist | Full Testimony | MA v. Lindsay Clancy,/Users/rajeshpmu/Desktop/LegalMemoCMT/data/phase2/clancy/corpus/raw/dr-jennifer-tufts-psychiatrist-full-testimony-ma-v-lindsay-clancy/dr-jennifer-tufts-psychiatrist-full-testimony-ma-v-lindsay-clancy_peYoD-JkAXE.mp4,/Users/rajeshpmu/Desktop/LegalMemoCMT/data/phase2/clancy/corpus/raw/dr-jennifer-tufts-psychiatrist-full-testimony-ma-v-lindsay-clancy/dr-jennifer-tufts-psychiatrist-full-testimony-ma-v-lindsay-clancy_peYoD-JkAXE.en.vtt,/Users/rajeshpmu/Desktop/LegalMemoCMT/data/processed/phase2/clancy/turn_clips/video/peYoD-JkAXE/peYoD-JkAXE_turn10285.mp4,/Users/rajeshpmu/Desktop/LegalMemoCMT/data/processed/phase2/clancy/turn_clips/audio/peYoD-JkAXE/peYoD-JkAXE_turn10285.wav,03:25:38.717,03:26:11.741,33.024,17,REVIEW_REQUIRED,"Turn exceeds MELD-style preferred maximum duration; inspect for over-consolidation, pauses, or non-testimony content."
peYoD-JkAXE_turn10465,peYoD-JkAXE,https://www.youtube.com/watch?v=peYoD-JkAXE,Dr. Jennifer Tufts — Psychiatrist | Full Testimony | MA v. Lindsay Clancy,/Users/rajeshpmu/Desktop/LegalMemoCMT/data/phase2/clancy/corpus/raw/dr-jennifer-tufts-psychiatrist-full-testimony-ma-v-lindsay-clancy/dr-jennifer-tufts-psychiatrist-full-testimony-ma-v-lindsay-clancy_peYoD-JkAXE.mp4,/Users/rajeshpmu/Desktop/LegalMemoCMT/data/phase2/clancy/corpus/raw/dr-jennifer-tufts-psychiatrist-full-testimony-ma-v-lindsay-clancy/dr-jennifer-tufts-psychiatrist-full-testimony-ma-v-lindsay-clancy_peYoD-JkAXE.en.vtt,/Users/rajeshpmu/Desktop/LegalMemoCMT/data/processed/phase2/clancy/turn_clips/video/peYoD-JkAXE/peYoD-JkAXE_turn10465.mp4,/Users/rajeshpmu/Desktop/LegalMemoCMT/data/processed/phase2/clancy/turn_clips/audio/peYoD-JkAXE/peYoD-JkAXE_turn10465.wav,03:41:54.955,03:42:39.116,44.161,19,REVIEW_REQUIRED,"Turn exceeds MELD-style preferred maximum duration; inspect for over-consolidation, pauses, or non-testimony content."
peYoD-JkAXE_turn10609,peYoD-JkAXE,https://www.youtube.com/watch?v=peYoD-JkAXE,Dr. Jennifer Tufts — Psychiatrist | Full Testimony | MA v. Lindsay Clancy,/Users/rajeshpmu/Desktop/LegalMemoCMT/data/phase2/clancy/corpus/raw/dr-jennifer-tufts-psychiatrist-full-testimony-ma-v-lindsay-clancy/dr-jennifer-tufts-psychiatrist-full-testimony-ma-v-lindsay-clancy_peYoD-JkAXE.mp4,/Users/rajeshpmu/Desktop/LegalMemoCMT/data/phase2/clancy/corpus/raw/dr-jennifer-tufts-psychiatrist-full-testimony-ma-v-lindsay-clancy/dr-jennifer-tufts-psychiatrist-full-testimony-ma-v-lindsay-clancy_peYoD-JkAXE.en.vtt,/Users/rajeshpmu/Desktop/LegalMemoCMT/data/processed/phase2/clancy/turn_clips/video/peYoD-JkAXE/peYoD-JkAXE_turn10609.mp4,/Users/rajeshpmu/Desktop/LegalMemoCMT/data/processed/phase2/clancy/turn_clips/audio/peYoD-JkAXE/peYoD-JkAXE_turn10609.wav,03:56:53.785,03:57:35.964,42.179,27,REVIEW_REQUIRED,"Turn exceeds MELD-style preferred maximum duration; inspect for over-consolidation, pauses, or non-testimony content."
peYoD-JkAXE_turn10668,peYoD-JkAXE,https://www.youtube.com/watch?v=peYoD-JkAXE,Dr. Jennifer Tufts — Psychiatrist | Full Testimony | MA v. Lindsay Clancy,/Users/rajeshpmu/Desktop/LegalMemoCMT/data/phase2/clancy/corpus/raw/dr-jennifer-tufts-psychiatrist-full-testimony-ma-v-lindsay-clancy/dr-jennifer-tufts-psychiatrist-full-testimony-ma-v-lindsay-clancy_peYoD-JkAXE.mp4,/Users/rajeshpmu/Desktop/LegalMemoCMT/data/phase2/clancy/corpus/raw/dr-jennifer-tufts-psychiatrist-full-testimony-ma-v-lindsay-clancy/dr-jennifer-tufts-psychiatrist-full-testimony-ma-v-lindsay-clancy_peYoD-JkAXE.en.vtt,/Users/rajeshpmu/Desktop/LegalMemoCMT/data/processed/phase2/clancy/turn_clips/video/peYoD-JkAXE/peYoD-JkAXE_turn10668.mp4,/Users/rajeshpmu/Desktop/LegalMemoCMT/data/processed/phase2/clancy/turn_clips/audio/peYoD-JkAXE/peYoD-JkAXE_turn10668.wav,04:03:14.024,04:04:04.233,50.209,21,REVIEW_REQUIRED,"Turn exceeds MELD-style preferred maximum duration; inspect for over-consolidation, pauses, or non-testimony content."
peYoD-JkAXE_turn10669,peYoD-JkAXE,https://www.youtube.com/watch?v=peYoD-JkAXE,Dr. Jennifer Tufts — Psychiatrist | Full Testimony | MA v. Lindsay Clancy,/Users/rajeshpmu/Desktop/LegalMemoCMT/data/phase2/clancy/corpus/raw/dr-jennifer-tufts-psychiatrist-full-testimony-ma-v-lindsay-clancy/dr-jennifer-tufts-psychiatrist-full-testimony-ma-v-lindsay-clancy_peYoD-JkAXE.mp4,/Users/rajeshpmu/Desktop/LegalMemoCMT/data/phase2/clancy/corpus/raw/dr-jennifer-tufts-psychiatrist-full-testimony-ma-v-lindsay-clancy/dr-jennifer-tufts-psychiatrist-full-testimony-ma-v-lindsay-clancy_peYoD-JkAXE.en.vtt,/Users/rajeshpmu/Desktop/LegalMemoCMT/data/processed/phase2/clancy/turn_clips/video/peYoD-JkAXE/peYoD-JkAXE_turn10669.mp4,/Users/rajeshpmu/Desktop/LegalMemoCMT/data/processed/phase2/clancy/turn_clips/audio/peYoD-JkAXE/peYoD-JkAXE_turn10669.wav,04:04:04.233,04:04:37.030,32.797,9,REVIEW_REQUIRED,"Turn exceeds MELD-style preferred maximum duration; inspect for over-consolidation, pauses, or non-testimony content."
peYoD-JkAXE_turn10721,peYoD-JkAXE,https://www.youtube.com/watch?v=peYoD-JkAXE,Dr. Jennifer Tufts — Psychiatrist | Full Testimony | MA v. Lindsay Clancy,/Users/rajeshpmu/Desktop/LegalMemoCMT/data/phase2/clancy/corpus/raw/dr-jennifer-tufts-psychiatrist-full-testimony-ma-v-lindsay-clancy/dr-jennifer-tufts-psychiatrist-full-testimony-ma-v-lindsay-clancy_peYoD-JkAXE.mp4,/Users/rajeshpmu/Desktop/LegalMemoCMT/data/phase2/clancy/corpus/raw/dr-jennifer-tufts-psychiatrist-full-testimony-ma-v-lindsay-clancy/dr-jennifer-tufts-psychiatrist-full-testimony-ma-v-lindsay-clancy_peYoD-JkAXE.en.vtt,/Users/rajeshpmu/Desktop/LegalMemoCMT/data/processed/phase2/clancy/turn_clips/video/peYoD-JkAXE/peYoD-JkAXE_turn10721.mp4,/Users/rajeshpmu/Desktop/LegalMemoCMT/data/processed/phase2/clancy/turn_clips/audio/peYoD-JkAXE/peYoD-JkAXE_turn10721.wav,04:08:57.879,04:09:30.046,32.167,25,REVIEW_REQUIRED,"Turn exceeds MELD-style preferred maximum duration; inspect for over-consolidation, pauses, or non-testimony content."
peYoD-JkAXE_turn10771,peYoD-JkAXE,https://www.youtube.com/watch?v=peYoD-JkAXE,Dr. Jennifer Tufts — Psychiatrist | Full Testimony | MA v. Lindsay Clancy,/Users/rajeshpmu/Desktop/LegalMemoCMT/data/phase2/clancy/corpus/raw/dr-jennifer-tufts-psychiatrist-full-testimony-ma-v-lindsay-clancy/dr-jennifer-tufts-psychiatrist-full-testimony-ma-v-lindsay-clancy_peYoD-JkAXE.mp4,/Users/rajeshpmu/Desktop/LegalMemoCMT/data/phase2/clancy/corpus/raw/dr-jennifer-tufts-psychiatrist-full-testimony-ma-v-lindsay-clancy/dr-jennifer-tufts-psychiatrist-full-testimony-ma-v-lindsay-clancy_peYoD-JkAXE.en.vtt,/Users/rajeshpmu/Desktop/LegalMemoCMT/data/processed/phase2/clancy/turn_clips/video/peYoD-JkAXE/peYoD-JkAXE_turn10771.mp4,/Users/rajeshpmu/Desktop/LegalMemoCMT/data/processed/phase2/clancy/turn_clips/audio/peYoD-JkAXE/peYoD-JkAXE_turn10771.wav,04:15:35.060,04:16:05.155,30.095,15,REVIEW_REQUIRED,"Turn exceeds MELD-style preferred maximum duration; inspect for over-consolidation, pauses, or non-testimony content."
peYoD-JkAXE_turn10811,peYoD-JkAXE,https://www.youtube.com/watch?v=peYoD-JkAXE,Dr. Jennifer Tufts — Psychiatrist | Full Testimony | MA v. Lindsay Clancy,/Users/rajeshpmu/Desktop/LegalMemoCMT/data/phase2/clancy/corpus/raw/dr-jennifer-tufts-psychiatrist-full-testimony-ma-v-lindsay-clancy/dr-jennifer-tufts-psychiatrist-full-testimony-ma-v-lindsay-clancy_peYoD-JkAXE.mp4,/Users/rajeshpmu/Desktop/LegalMemoCMT/data/phase2/clancy/corpus/raw/dr-jennifer-tufts-psychiatrist-full-testimony-ma-v-lindsay-clancy/dr-jennifer-tufts-psychiatrist-full-testimony-ma-v-lindsay-clancy_peYoD-JkAXE.en.vtt,/Users/rajeshpmu/Desktop/LegalMemoCMT/data/processed/phase2/clancy/turn_clips/video/peYoD-JkAXE/peYoD-JkAXE_turn10811.mp4,/Users/rajeshpmu/Desktop/LegalMemoCMT/data/processed/phase2/clancy/turn_clips/audio/peYoD-JkAXE/peYoD-JkAXE_turn10811.wav,04:19:54.621,04:20:26.678,32.057,23,REVIEW_REQUIRED,"Turn exceeds MELD-style preferred maximum duration; inspect for over-consolidation, pauses, or non-testimony content."
peYoD-JkAXE_turn10902,peYoD-JkAXE,https://www.youtube.com/watch?v=peYoD-JkAXE,Dr. Jennifer Tufts — Psychiatrist | Full Testimony | MA v. Lindsay Clancy,/Users/rajeshpmu/Desktop/LegalMemoCMT/data/phase2/clancy/corpus/raw/dr-jennifer-tufts-psychiatrist-full-testimony-ma-v-lindsay-clancy/dr-jennifer-tufts-psychiatrist-full-testimony-ma-v-lindsay-clancy_peYoD-JkAXE.mp4,/Users/rajeshpmu/Desktop/LegalMemoCMT/data/phase2/clancy/corpus/raw/dr-jennifer-tufts-psychiatrist-full-testimony-ma-v-lindsay-clancy/dr-jennifer-tufts-psychiatrist-full-testimony-ma-v-lindsay-clancy_peYoD-JkAXE.en.vtt,/Users/rajeshpmu/Desktop/LegalMemoCMT/data/processed/phase2/clancy/turn_clips/video/peYoD-JkAXE/peYoD-JkAXE_turn10902.mp4,/Users/rajeshpmu/Desktop/LegalMemoCMT/data/processed/phase2/clancy/turn_clips/audio/peYoD-JkAXE/peYoD-JkAXE_turn10902.wav,04:30:28.073,04:31:09.514,41.441,25,REVIEW_REQUIRED,"Turn exceeds MELD-style preferred maximum duration; inspect for over-consolidation, pauses, or non-testimony content."
peYoD-JkAXE_turn10904,peYoD-JkAXE,https://www.youtube.com/watch?v=peYoD-JkAXE,Dr. Jennifer Tufts — Psychiatrist | Full Testimony | MA v. Lindsay Clancy,/Users/rajeshpmu/Desktop/LegalMemoCMT/data/phase2/clancy/corpus/raw/dr-jennifer-tufts-psychiatrist-full-testimony-ma-v-lindsay-clancy/dr-jennifer-tufts-psychiatrist-full-testimony-ma-v-lindsay-clancy_peYoD-JkAXE.mp4,/Users/rajeshpmu/Desktop/LegalMemoCMT/data/phase2/clancy/corpus/raw/dr-jennifer-tufts-psychiatrist-full-testimony-ma-v-lindsay-clancy/dr-jennifer-tufts-psychiatrist-full-testimony-ma-v-lindsay-clancy_peYoD-JkAXE.en.vtt,/Users/rajeshpmu/Desktop/LegalMemoCMT/data/processed/phase2/clancy/turn_clips/video/peYoD-JkAXE/peYoD-JkAXE_turn10904.mp4,/Users/rajeshpmu/Desktop/LegalMemoCMT/data/processed/phase2/clancy/turn_clips/audio/peYoD-JkAXE/peYoD-JkAXE_turn10904.wav,04:31:10.893,04:31:56.739,45.846,33,REVIEW_REQUIRED,"Turn exceeds MELD-style preferred maximum duration; inspect for over-consolidation, pauses, or non-testimony content."
peYoD-JkAXE_turn11019,peYoD-JkAXE,https://www.youtube.com/watch?v=peYoD-JkAXE,Dr. Jennifer Tufts — Psychiatrist | Full Testimony | MA v. Lindsay Clancy,/Users/rajeshpmu/Desktop/LegalMemoCMT/data/phase2/clancy/corpus/raw/dr-jennifer-tufts-psychiatrist-full-testimony-ma-v-lindsay-clancy/dr-jennifer-tufts-psychiatrist-full-testimony-ma-v-lindsay-clancy_peYoD-JkAXE.mp4,/Users/rajeshpmu/Desktop/LegalMemoCMT/data/phase2/clancy/corpus/raw/dr-jennifer-tufts-psychiatrist-full-testimony-ma-v-lindsay-clancy/dr-jennifer-tufts-psychiatrist-full-testimony-ma-v-lindsay-clancy_peYoD-JkAXE.en.vtt,/Users/rajeshpmu/Desktop/LegalMemoCMT/data/processed/phase2/clancy/turn_clips/video/peYoD-JkAXE/peYoD-JkAXE_turn11019.mp4,/Users/rajeshpmu/Desktop/LegalMemoCMT/data/processed/phase2/clancy/turn_clips/audio/peYoD-JkAXE/peYoD-JkAXE_turn11019.wav,04:44:36.954,04:45:34.858,57.904,37,REVIEW_REQUIRED,"Turn exceeds MELD-style preferred maximum duration; inspect for over-consolidation, pauses, or non-testimony content."
peYoD-JkAXE_turn11052,peYoD-JkAXE,https://www.youtube.com/watch?v=peYoD-JkAXE,Dr. Jennifer Tufts — Psychiatrist | Full Testimony | MA v. Lindsay Clancy,/Users/rajeshpmu/Desktop/LegalMemoCMT/data/phase2/clancy/corpus/raw/dr-jennifer-tufts-psychiatrist-full-testimony-ma-v-lindsay-clancy/dr-jennifer-tufts-psychiatrist-full-testimony-ma-v-lindsay-clancy_peYoD-JkAXE.mp4,/Users/rajeshpmu/Desktop/LegalMemoCMT/data/phase2/clancy/corpus/raw/dr-jennifer-tufts-psychiatrist-full-testimony-ma-v-lindsay-clancy/dr-jennifer-tufts-psychiatrist-full-testimony-ma-v-lindsay-clancy_peYoD-JkAXE.en.vtt,/Users/rajeshpmu/Desktop/LegalMemoCMT/data/processed/phase2/clancy/turn_clips/video/peYoD-JkAXE/peYoD-JkAXE_turn11052.mp4,/Users/rajeshpmu/Desktop/LegalMemoCMT/data/processed/phase2/clancy/turn_clips/audio/peYoD-JkAXE/peYoD-JkAXE_turn11052.wav,04:48:51.190,04:49:24.079,32.889,26,REVIEW_REQUIRED,"Turn exceeds MELD-style preferred maximum duration; inspect for over-consolidation, pauses, or non-testimony content."
peYoD-JkAXE_turn11054,peYoD-JkAXE,https://www.youtube.com/watch?v=peYoD-JkAXE,Dr. Jennifer Tufts — Psychiatrist | Full Testimony | MA v. Lindsay Clancy,/Users/rajeshpmu/Desktop/LegalMemoCMT/data/phase2/clancy/corpus/raw/dr-jennifer-tufts-psychiatrist-full-testimony-ma-v-lindsay-clancy/dr-jennifer-tufts-psychiatrist-full-testimony-ma-v-lindsay-clancy_peYoD-JkAXE.mp4,/Users/rajeshpmu/Desktop/LegalMemoCMT/data/phase2/clancy/corpus/raw/dr-jennifer-tufts-psychiatrist-full-testimony-ma-v-lindsay-clancy/dr-jennifer-tufts-psychiatrist-full-testimony-ma-v-lindsay-clancy_peYoD-JkAXE.en.vtt,/Users/rajeshpmu/Desktop/LegalMemoCMT/data/processed/phase2/clancy/turn_clips/video/peYoD-JkAXE/peYoD-JkAXE_turn11054.mp4,/Users/rajeshpmu/Desktop/LegalMemoCMT/data/processed/phase2/clancy/turn_clips/audio/peYoD-JkAXE/peYoD-JkAXE_turn11054.wav,04:49:30.788,04:50:05.837,35.049,32,REVIEW_REQUIRED,"Turn exceeds MELD-style preferred maximum duration; inspect for over-consolidation, pauses, or non-testimony content."
peYoD-JkAXE_turn11131,peYoD-JkAXE,https://www.youtube.com/watch?v=peYoD-JkAXE,Dr. Jennifer Tufts — Psychiatrist | Full Testimony | MA v. Lindsay Clancy,/Users/rajeshpmu/Desktop/LegalMemoCMT/data/phase2/clancy/corpus/raw/dr-jennifer-tufts-psychiatrist-full-testimony-ma-v-lindsay-clancy/dr-jennifer-tufts-psychiatrist-full-testimony-ma-v-lindsay-clancy_peYoD-JkAXE.mp4,/Users/rajeshpmu/Desktop/LegalMemoCMT/data/phase2/clancy/corpus/raw/dr-jennifer-tufts-psychiatrist-full-testimony-ma-v-lindsay-clancy/dr-jennifer-tufts-psychiatrist-full-testimony-ma-v-lindsay-clancy_peYoD-JkAXE.en.vtt,/Users/rajeshpmu/Desktop/LegalMemoCMT/data/processed/phase2/clancy/turn_clips/video/peYoD-JkAXE/peYoD-JkAXE_turn11131.mp4,/Users/rajeshpmu/Desktop/LegalMemoCMT/data/processed/phase2/clancy/turn_clips/audio/peYoD-JkAXE/peYoD-JkAXE_turn11131.wav,04:56:05.581,04:56:46.898,41.317,5,REVIEW_REQUIRED,"Turn exceeds MELD-style preferred maximum duration; inspect for over-consolidation, pauses, or non-testimony content."
peYoD-JkAXE_turn11269,peYoD-JkAXE,https://www.youtube.com/watch?v=peYoD-JkAXE,Dr. Jennifer Tufts — Psychiatrist | Full Testimony | MA v. Lindsay Clancy,/Users/rajeshpmu/Desktop/LegalMemoCMT/data/phase2/clancy/corpus/raw/dr-jennifer-tufts-psychiatrist-full-testimony-ma-v-lindsay-clancy/dr-jennifer-tufts-psychiatrist-full-testimony-ma-v-lindsay-clancy_peYoD-JkAXE.mp4,/Users/rajeshpmu/Desktop/LegalMemoCMT/data/phase2/clancy/corpus/raw/dr-jennifer-tufts-psychiatrist-full-testimony-ma-v-lindsay-clancy/dr-jennifer-tufts-psychiatrist-full-testimony-ma-v-lindsay-clancy_peYoD-JkAXE.en.vtt,/Users/rajeshpmu/Desktop/LegalMemoCMT/data/processed/phase2/clancy/turn_clips/video/peYoD-JkAXE/peYoD-JkAXE_turn11269.mp4,/Users/rajeshpmu/Desktop/LegalMemoCMT/data/processed/phase2/clancy/turn_clips/audio/peYoD-JkAXE/peYoD-JkAXE_turn11269.wav,05:10:03.457,05:11:15.975,72.518,55,REVIEW_REQUIRED,"Turn exceeds MELD-style preferred maximum duration; inspect for over-consolidation, pauses, or non-testimony content."
peYoD-JkAXE_turn11305,peYoD-JkAXE,https://www.youtube.com/watch?v=peYoD-JkAXE,Dr. Jennifer Tufts — Psychiatrist | Full Testimony | MA v. Lindsay Clancy,/Users/rajeshpmu/Desktop/LegalMemoCMT/data/phase2/clancy/corpus/raw/dr-jennifer-tufts-psychiatrist-full-testimony-ma-v-lindsay-clancy/dr-jennifer-tufts-psychiatrist-full-testimony-ma-v-lindsay-clancy_peYoD-JkAXE.mp4,/Users/rajeshpmu/Desktop/LegalMemoCMT/data/phase2/clancy/corpus/raw/dr-jennifer-tufts-psychiatrist-full-testimony-ma-v-lindsay-clancy/dr-jennifer-tufts-psychiatrist-full-testimony-ma-v-lindsay-clancy_peYoD-JkAXE.en.vtt,/Users/rajeshpmu/Desktop/LegalMemoCMT/data/processed/phase2/clancy/turn_clips/video/peYoD-JkAXE/peYoD-JkAXE_turn11305.mp4,/Users/rajeshpmu/Desktop/LegalMemoCMT/data/processed/phase2/clancy/turn_clips/audio/peYoD-JkAXE/peYoD-JkAXE_turn11305.wav,05:14:24.601,05:15:00.592,35.991,27,REVIEW_REQUIRED,"Turn exceeds MELD-style preferred maximum duration; inspect for over-consolidation, pauses, or non-testimony content."
peYoD-JkAXE_turn11307,peYoD-JkAXE,https://www.youtube.com/watch?v=peYoD-JkAXE,Dr. Jennifer Tufts — Psychiatrist | Full Testimony | MA v. Lindsay Clancy,/Users/rajeshpmu/Desktop/LegalMemoCMT/data/phase2/clancy/corpus/raw/dr-jennifer-tufts-psychiatrist-full-testimony-ma-v-lindsay-clancy/dr-jennifer-tufts-psychiatrist-full-testimony-ma-v-lindsay-clancy_peYoD-JkAXE.mp4,/Users/rajeshpmu/Desktop/LegalMemoCMT/data/phase2/clancy/corpus/raw/dr-jennifer-tufts-psychiatrist-full-testimony-ma-v-lindsay-clancy/dr-jennifer-tufts-psychiatrist-full-testimony-ma-v-lindsay-clancy_peYoD-JkAXE.en.vtt,/Users/rajeshpmu/Desktop/LegalMemoCMT/data/processed/phase2/clancy/turn_clips/video/peYoD-JkAXE/peYoD-JkAXE_turn11307.mp4,/Users/rajeshpmu/Desktop/LegalMemoCMT/data/processed/phase2/clancy/turn_clips/audio/peYoD-JkAXE/peYoD-JkAXE_turn11307.wav,05:15:02.868,05:15:49.449,46.581,36,REVIEW_REQUIRED,"Turn exceeds MELD-style preferred maximum duration; inspect for over-consolidation, pauses, or non-testimony content."
peYoD-JkAXE_turn11321,peYoD-JkAXE,https://www.youtube.com/watch?v=peYoD-JkAXE,Dr. Jennifer Tufts — Psychiatrist | Full Testimony | MA v. Lindsay Clancy,/Users/rajeshpmu/Desktop/LegalMemoCMT/data/phase2/clancy/corpus/raw/dr-jennifer-tufts-psychiatrist-full-testimony-ma-v-lindsay-clancy/dr-jennifer-tufts-psychiatrist-full-testimony-ma-v-lindsay-clancy_peYoD-JkAXE.mp4,/Users/rajeshpmu/Desktop/LegalMemoCMT/data/phase2/clancy/corpus/raw/dr-jennifer-tufts-psychiatrist-full-testimony-ma-v-lindsay-clancy/dr-jennifer-tufts-psychiatrist-full-testimony-ma-v-lindsay-clancy_peYoD-JkAXE.en.vtt,/Users/rajeshpmu/Desktop/LegalMemoCMT/data/processed/phase2/clancy/turn_clips/video/peYoD-JkAXE/peYoD-JkAXE_turn11321.mp4,/Users/rajeshpmu/Desktop/LegalMemoCMT/data/processed/phase2/clancy/turn_clips/audio/peYoD-JkAXE/peYoD-JkAXE_turn11321.wav,05:17:09.014,05:17:42.367,33.353,27,REVIEW_REQUIRED,"Turn exceeds MELD-style preferred maximum duration; inspect for over-consolidation, pauses, or non-testimony content."
peYoD-JkAXE_turn11383,peYoD-JkAXE,https://www.youtube.com/watch?v=peYoD-JkAXE,Dr. Jennifer Tufts — Psychiatrist | Full Testimony | MA v. Lindsay Clancy,/Users/rajeshpmu/Desktop/LegalMemoCMT/data/phase2/clancy/corpus/raw/dr-jennifer-tufts-psychiatrist-full-testimony-ma-v-lindsay-clancy/dr-jennifer-tufts-psychiatrist-full-testimony-ma-v-lindsay-clancy_peYoD-JkAXE.mp4,/Users/rajeshpmu/Desktop/LegalMemoCMT/data/phase2/clancy/corpus/raw/dr-jennifer-tufts-psychiatrist-full-testimony-ma-v-lindsay-clancy/dr-jennifer-tufts-psychiatrist-full-testimony-ma-v-lindsay-clancy_peYoD-JkAXE.en.vtt,/Users/rajeshpmu/Desktop/LegalMemoCMT/data/processed/phase2/clancy/turn_clips/video/peYoD-JkAXE/peYoD-JkAXE_turn11383.mp4,/Users/rajeshpmu/Desktop/LegalMemoCMT/data/processed/phase2/clancy/turn_clips/audio/peYoD-JkAXE/peYoD-JkAXE_turn11383.wav,05:22:10.573,05:22:58.033,47.460,15,REVIEW_REQUIRED,"Turn exceeds MELD-style preferred maximum duration; inspect for over-consolidation, pauses, or non-testimony content."
peYoD-JkAXE_turn11416,peYoD-JkAXE,https://www.youtube.com/watch?v=peYoD-JkAXE,Dr. Jennifer Tufts — Psychiatrist | Full Testimony | MA v. Lindsay Clancy,/Users/rajeshpmu/Desktop/LegalMemoCMT/data/phase2/clancy/corpus/raw/dr-jennifer-tufts-psychiatrist-full-testimony-ma-v-lindsay-clancy/dr-jennifer-tufts-psychiatrist-full-testimony-ma-v-lindsay-clancy_peYoD-JkAXE.mp4,/Users/rajeshpmu/Desktop/LegalMemoCMT/data/phase2/clancy/corpus/raw/dr-jennifer-tufts-psychiatrist-full-testimony-ma-v-lindsay-clancy/dr-jennifer-tufts-psychiatrist-full-testimony-ma-v-lindsay-clancy_peYoD-JkAXE.en.vtt,/Users/rajeshpmu/Desktop/LegalMemoCMT/data/processed/phase2/clancy/turn_clips/video/peYoD-JkAXE/peYoD-JkAXE_turn11416.mp4,/Users/rajeshpmu/Desktop/LegalMemoCMT/data/processed/phase2/clancy/turn_clips/audio/peYoD-JkAXE/peYoD-JkAXE_turn11416.wav,05:26:16.290,05:26:58.207,41.917,31,REVIEW_REQUIRED,"Turn exceeds MELD-style preferred maximum duration; inspect for over-consolidation, pauses, or non-testimony content."
peYoD-JkAXE_turn11434,peYoD-JkAXE,https://www.youtube.com/watch?v=peYoD-JkAXE,Dr. Jennifer Tufts — Psychiatrist | Full Testimony | MA v. Lindsay Clancy,/Users/rajeshpmu/Desktop/LegalMemoCMT/data/phase2/clancy/corpus/raw/dr-jennifer-tufts-psychiatrist-full-testimony-ma-v-lindsay-clancy/dr-jennifer-tufts-psychiatrist-full-testimony-ma-v-lindsay-clancy_peYoD-JkAXE.mp4,/Users/rajeshpmu/Desktop/LegalMemoCMT/data/phase2/clancy/corpus/raw/dr-jennifer-tufts-psychiatrist-full-testimony-ma-v-lindsay-clancy/dr-jennifer-tufts-psychiatrist-full-testimony-ma-v-lindsay-clancy_peYoD-JkAXE.en.vtt,/Users/rajeshpmu/Desktop/LegalMemoCMT/data/processed/phase2/clancy/turn_clips/video/peYoD-JkAXE/peYoD-JkAXE_turn11434.mp4,/Users/rajeshpmu/Desktop/LegalMemoCMT/data/processed/phase2/clancy/turn_clips/audio/peYoD-JkAXE/peYoD-JkAXE_turn11434.wav,05:29:38.023,05:30:19.180,41.157,19,REVIEW_REQUIRED,"Turn exceeds MELD-style preferred maximum duration; inspect for over-consolidation, pauses, or non-testimony content."
peYoD-JkAXE_turn11479,peYoD-JkAXE,https://www.youtube.com/watch?v=peYoD-JkAXE,Dr. Jennifer Tufts — Psychiatrist | Full Testimony | MA v. Lindsay Clancy,/Users/rajeshpmu/Desktop/LegalMemoCMT/data/phase2/clancy/corpus/raw/dr-jennifer-tufts-psychiatrist-full-testimony-ma-v-lindsay-clancy/dr-jennifer-tufts-psychiatrist-full-testimony-ma-v-lindsay-clancy_peYoD-JkAXE.mp4,/Users/rajeshpmu/Desktop/LegalMemoCMT/data/phase2/clancy/corpus/raw/dr-jennifer-tufts-psychiatrist-full-testimony-ma-v-lindsay-clancy/dr-jennifer-tufts-psychiatrist-full-testimony-ma-v-lindsay-clancy_peYoD-JkAXE.en.vtt,/Users/rajeshpmu/Desktop/LegalMemoCMT/data/processed/phase2/clancy/turn_clips/video/peYoD-JkAXE/peYoD-JkAXE_turn11479.mp4,/Users/rajeshpmu/Desktop/LegalMemoCMT/data/processed/phase2/clancy/turn_clips/audio/peYoD-JkAXE/peYoD-JkAXE_turn11479.wav,05:35:00.475,05:35:38.901,38.426,29,REVIEW_REQUIRED,"Turn exceeds MELD-style preferred maximum duration; inspect for over-consolidation, pauses, or non-testimony content."
peYoD-JkAXE_turn11487,peYoD-JkAXE,https://www.youtube.com/watch?v=peYoD-JkAXE,Dr. Jennifer Tufts — Psychiatrist | Full Testimony | MA v. Lindsay Clancy,/Users/rajeshpmu/Desktop/LegalMemoCMT/data/phase2/clancy/corpus/raw/dr-jennifer-tufts-psychiatrist-full-testimony-ma-v-lindsay-clancy/dr-jennifer-tufts-psychiatrist-full-testimony-ma-v-lindsay-clancy_peYoD-JkAXE.mp4,/Users/rajeshpmu/Desktop/LegalMemoCMT/data/phase2/clancy/corpus/raw/dr-jennifer-tufts-psychiatrist-full-testimony-ma-v-lindsay-clancy/dr-jennifer-tufts-psychiatrist-full-testimony-ma-v-lindsay-clancy_peYoD-JkAXE.en.vtt,/Users/rajeshpmu/Desktop/LegalMemoCMT/data/processed/phase2/clancy/turn_clips/video/peYoD-JkAXE/peYoD-JkAXE_turn11487.mp4,/Users/rajeshpmu/Desktop/LegalMemoCMT/data/processed/phase2/clancy/turn_clips/audio/peYoD-JkAXE/peYoD-JkAXE_turn11487.wav,05:36:41.298,05:37:41.527,60.229,47,REVIEW_REQUIRED,"Turn exceeds MELD-style preferred maximum duration; inspect for over-consolidation, pauses, or non-testimony content."
peYoD-JkAXE_turn11507,peYoD-JkAXE,https://www.youtube.com/watch?v=peYoD-JkAXE,Dr. Jennifer Tufts — Psychiatrist | Full Testimony | MA v. Lindsay Clancy,/Users/rajeshpmu/Desktop/LegalMemoCMT/data/phase2/clancy/corpus/raw/dr-jennifer-tufts-psychiatrist-full-testimony-ma-v-lindsay-clancy/dr-jennifer-tufts-psychiatrist-full-testimony-ma-v-lindsay-clancy_peYoD-JkAXE.mp4,/Users/rajeshpmu/Desktop/LegalMemoCMT/data/phase2/clancy/corpus/raw/dr-jennifer-tufts-psychiatrist-full-testimony-ma-v-lindsay-clancy/dr-jennifer-tufts-psychiatrist-full-testimony-ma-v-lindsay-clancy_peYoD-JkAXE.en.vtt,/Users/rajeshpmu/Desktop/LegalMemoCMT/data/processed/phase2/clancy/turn_clips/video/peYoD-JkAXE/peYoD-JkAXE_turn11507.mp4,/Users/rajeshpmu/Desktop/LegalMemoCMT/data/processed/phase2/clancy/turn_clips/audio/peYoD-JkAXE/peYoD-JkAXE_turn11507.wav,05:40:04.318,05:40:42.662,38.344,33,REVIEW_REQUIRED,"Turn exceeds MELD-style preferred maximum duration; inspect for over-consolidation, pauses, or non-testimony content."
peYoD-JkAXE_turn11527,peYoD-JkAXE,https://www.youtube.com/watch?v=peYoD-JkAXE,Dr. Jennifer Tufts — Psychiatrist | Full Testimony | MA v. Lindsay Clancy,/Users/rajeshpmu/Desktop/LegalMemoCMT/data/phase2/clancy/corpus/raw/dr-jennifer-tufts-psychiatrist-full-testimony-ma-v-lindsay-clancy/dr-jennifer-tufts-psychiatrist-full-testimony-ma-v-lindsay-clancy_peYoD-JkAXE.mp4,/Users/rajeshpmu/Desktop/LegalMemoCMT/data/phase2/clancy/corpus/raw/dr-jennifer-tufts-psychiatrist-full-testimony-ma-v-lindsay-clancy/dr-jennifer-tufts-psychiatrist-full-testimony-ma-v-lindsay-clancy_peYoD-JkAXE.en.vtt,/Users/rajeshpmu/Desktop/LegalMemoCMT/data/processed/phase2/clancy/turn_clips/video/peYoD-JkAXE/peYoD-JkAXE_turn11527.mp4,/Users/rajeshpmu/Desktop/LegalMemoCMT/data/processed/phase2/clancy/turn_clips/audio/peYoD-JkAXE/peYoD-JkAXE_turn11527.wav,05:43:47.333,05:44:24.900,37.567,19,REVIEW_REQUIRED,"Turn exceeds MELD-style preferred maximum duration; inspect for over-consolidation, pauses, or non-testimony content."
peYoD-JkAXE_turn11531,peYoD-JkAXE,https://www.youtube.com/watch?v=peYoD-JkAXE,Dr. Jennifer Tufts — Psychiatrist | Full Testimony | MA v. Lindsay Clancy,/Users/rajeshpmu/Desktop/LegalMemoCMT/data/phase2/clancy/corpus/raw/dr-jennifer-tufts-psychiatrist-full-testimony-ma-v-lindsay-clancy/dr-jennifer-tufts-psychiatrist-full-testimony-ma-v-lindsay-clancy_peYoD-JkAXE.mp4,/Users/rajeshpmu/Desktop/LegalMemoCMT/data/phase2/clancy/corpus/raw/dr-jennifer-tufts-psychiatrist-full-testimony-ma-v-lindsay-clancy/dr-jennifer-tufts-psychiatrist-full-testimony-ma-v-lindsay-clancy_peYoD-JkAXE.en.vtt,/Users/rajeshpmu/Desktop/LegalMemoCMT/data/processed/phase2/clancy/turn_clips/video/peYoD-JkAXE/peYoD-JkAXE_turn11531.mp4,/Users/rajeshpmu/Desktop/LegalMemoCMT/data/processed/phase2/clancy/turn_clips/audio/peYoD-JkAXE/peYoD-JkAXE_turn11531.wav,05:44:43.835,05:45:14.451,30.616,21,REVIEW_REQUIRED,"Turn exceeds MELD-style preferred maximum duration; inspect for over-consolidation, pauses, or non-testimony content."
peYoD-JkAXE_turn11575,peYoD-JkAXE,https://www.youtube.com/watch?v=peYoD-JkAXE,Dr. Jennifer Tufts — Psychiatrist | Full Testimony | MA v. Lindsay Clancy,/Users/rajeshpmu/Desktop/LegalMemoCMT/data/phase2/clancy/corpus/raw/dr-jennifer-tufts-psychiatrist-full-testimony-ma-v-lindsay-clancy/dr-jennifer-tufts-psychiatrist-full-testimony-ma-v-lindsay-clancy_peYoD-JkAXE.mp4,/Users/rajeshpmu/Desktop/LegalMemoCMT/data/phase2/clancy/corpus/raw/dr-jennifer-tufts-psychiatrist-full-testimony-ma-v-lindsay-clancy/dr-jennifer-tufts-psychiatrist-full-testimony-ma-v-lindsay-clancy_peYoD-JkAXE.en.vtt,/Users/rajeshpmu/Desktop/LegalMemoCMT/data/processed/phase2/clancy/turn_clips/video/peYoD-JkAXE/peYoD-JkAXE_turn11575.mp4,/Users/rajeshpmu/Desktop/LegalMemoCMT/data/processed/phase2/clancy/turn_clips/audio/peYoD-JkAXE/peYoD-JkAXE_turn11575.wav,05:49:15.669,05:49:59.212,43.543,35,REVIEW_REQUIRED,"Turn exceeds MELD-style preferred maximum duration; inspect for over-consolidation, pauses, or non-testimony content."
sHUdRcABC-Q_turn11652,sHUdRcABC-Q,https://www.youtube.com/watch?v=sHUdRcABC-Q,Psychiatrist Details Lindsay Clancy’s Hallucinations,/Users/rajeshpmu/Desktop/LegalMemoCMT/data/phase2/clancy/corpus/raw/psychiatrist-details-lindsay-clancy-s-hallucinations/psychiatrist-details-lindsay-clancy-s-hallucinations_sHUdRcABC-Q.mp4,/Users/rajeshpmu/Desktop/LegalMemoCMT/data/phase2/clancy/corpus/raw/psychiatrist-details-lindsay-clancy-s-hallucinations/psychiatrist-details-lindsay-clancy-s-hallucinations_sHUdRcABC-Q.en.vtt,/Users/rajeshpmu/Desktop/LegalMemoCMT/data/processed/phase2/clancy/turn_clips/video/sHUdRcABC-Q/sHUdRcABC-Q_turn11652.mp4,/Users/rajeshpmu/Desktop/LegalMemoCMT/data/processed/phase2/clancy/turn_clips/audio/sHUdRcABC-Q/sHUdRcABC-Q_turn11652.wav,00:01:39.078,00:02:21.674,42.596,41,REVIEW_REQUIRED,"Turn exceeds MELD-style preferred maximum duration; inspect for over-consolidation, pauses, or non-testimony content."
sHUdRcABC-Q_turn11660,sHUdRcABC-Q,https://www.youtube.com/watch?v=sHUdRcABC-Q,Psychiatrist Details Lindsay Clancy’s Hallucinations,/Users/rajeshpmu/Desktop/LegalMemoCMT/data/phase2/clancy/corpus/raw/psychiatrist-details-lindsay-clancy-s-hallucinations/psychiatrist-details-lindsay-clancy-s-hallucinations_sHUdRcABC-Q.mp4,/Users/rajeshpmu/Desktop/LegalMemoCMT/data/phase2/clancy/corpus/raw/psychiatrist-details-lindsay-clancy-s-hallucinations/psychiatrist-details-lindsay-clancy-s-hallucinations_sHUdRcABC-Q.en.vtt,/Users/rajeshpmu/Desktop/LegalMemoCMT/data/processed/phase2/clancy/turn_clips/video/sHUdRcABC-Q/sHUdRcABC-Q_turn11660.mp4,/Users/rajeshpmu/Desktop/LegalMemoCMT/data/processed/phase2/clancy/turn_clips/audio/sHUdRcABC-Q/sHUdRcABC-Q_turn11660.wav,00:02:47.659,00:03:40.583,52.924,47,REVIEW_REQUIRED,"Turn exceeds MELD-style preferred maximum duration; inspect for over-consolidation, pauses, or non-testimony content."
sHUdRcABC-Q_turn11663,sHUdRcABC-Q,https://www.youtube.com/watch?v=sHUdRcABC-Q,Psychiatrist Details Lindsay Clancy’s Hallucinations,/Users/rajeshpmu/Desktop/LegalMemoCMT/data/phase2/clancy/corpus/raw/psychiatrist-details-lindsay-clancy-s-hallucinations/psychiatrist-details-lindsay-clancy-s-hallucinations_sHUdRcABC-Q.mp4,/Users/rajeshpmu/Desktop/LegalMemoCMT/data/phase2/clancy/corpus/raw/psychiatrist-details-lindsay-clancy-s-hallucinations/psychiatrist-details-lindsay-clancy-s-hallucinations_sHUdRcABC-Q.en.vtt,/Users/rajeshpmu/Desktop/LegalMemoCMT/data/processed/phase2/clancy/turn_clips/video/sHUdRcABC-Q/sHUdRcABC-Q_turn11663.mp4,/Users/rajeshpmu/Desktop/LegalMemoCMT/data/processed/phase2/clancy/turn_clips/audio/sHUdRcABC-Q/sHUdRcABC-Q_turn11663.wav,00:03:55.678,00:04:27.691,32.013,27,REVIEW_REQUIRED,"Turn exceeds MELD-style preferred maximum duration; inspect for over-consolidation, pauses, or non-testimony content."
sHUdRcABC-Q_turn11677,sHUdRcABC-Q,https://www.youtube.com/watch?v=sHUdRcABC-Q,Psychiatrist Details Lindsay Clancy’s Hallucinations,/Users/rajeshpmu/Desktop/LegalMemoCMT/data/phase2/clancy/corpus/raw/psychiatrist-details-lindsay-clancy-s-hallucinations/psychiatrist-details-lindsay-clancy-s-hallucinations_sHUdRcABC-Q.mp4,/Users/rajeshpmu/Desktop/LegalMemoCMT/data/phase2/clancy/corpus/raw/psychiatrist-details-lindsay-clancy-s-hallucinations/psychiatrist-details-lindsay-clancy-s-hallucinations_sHUdRcABC-Q.en.vtt,/Users/rajeshpmu/Desktop/LegalMemoCMT/data/processed/phase2/clancy/turn_clips/video/sHUdRcABC-Q/sHUdRcABC-Q_turn11677.mp4,/Users/rajeshpmu/Desktop/LegalMemoCMT/data/processed/phase2/clancy/turn_clips/audio/sHUdRcABC-Q/sHUdRcABC-Q_turn11677.wav,00:05:18.158,00:07:18.479,120.321,109,REVIEW_REQUIRED,"Turn exceeds MELD-style preferred maximum duration; inspect for over-consolidation, pauses, or non-testimony content."
sHUdRcABC-Q_turn11686,sHUdRcABC-Q,https://www.youtube.com/watch?v=sHUdRcABC-Q,Psychiatrist Details Lindsay Clancy’s Hallucinations,/Users/rajeshpmu/Desktop/LegalMemoCMT/data/phase2/clancy/corpus/raw/psychiatrist-details-lindsay-clancy-s-hallucinations/psychiatrist-details-lindsay-clancy-s-hallucinations_sHUdRcABC-Q.mp4,/Users/rajeshpmu/Desktop/LegalMemoCMT/data/phase2/clancy/corpus/raw/psychiatrist-details-lindsay-clancy-s-hallucinations/psychiatrist-details-lindsay-clancy-s-hallucinations_sHUdRcABC-Q.en.vtt,/Users/rajeshpmu/Desktop/LegalMemoCMT/data/processed/phase2/clancy/turn_clips/video/sHUdRcABC-Q/sHUdRcABC-Q_turn11686.mp4,/Users/rajeshpmu/Desktop/LegalMemoCMT/data/processed/phase2/clancy/turn_clips/audio/sHUdRcABC-Q/sHUdRcABC-Q_turn11686.wav,00:08:12.863,00:08:45.615,32.752,37,REVIEW_REQUIRED,"Turn exceeds MELD-style preferred maximum duration; inspect for over-consolidation, pauses, or non-testimony content."
sHUdRcABC-Q_turn11689,sHUdRcABC-Q,https://www.youtube.com/watch?v=sHUdRcABC-Q,Psychiatrist Details Lindsay Clancy’s Hallucinations,/Users/rajeshpmu/Desktop/LegalMemoCMT/data/phase2/clancy/corpus/raw/psychiatrist-details-lindsay-clancy-s-hallucinations/psychiatrist-details-lindsay-clancy-s-hallucinations_sHUdRcABC-Q.mp4,/Users/rajeshpmu/Desktop/LegalMemoCMT/data/phase2/clancy/corpus/raw/psychiatrist-details-lindsay-clancy-s-hallucinations/psychiatrist-details-lindsay-clancy-s-hallucinations_sHUdRcABC-Q.en.vtt,/Users/rajeshpmu/Desktop/LegalMemoCMT/data/processed/phase2/clancy/turn_clips/video/sHUdRcABC-Q/sHUdRcABC-Q_turn11689.mp4,/Users/rajeshpmu/Desktop/LegalMemoCMT/data/processed/phase2/clancy/turn_clips/audio/sHUdRcABC-Q/sHUdRcABC-Q_turn11689.wav,00:09:02.958,00:09:41.446,38.488,39,REVIEW_REQUIRED,"Turn exceeds MELD-style preferred maximum duration; inspect for over-consolidation, pauses, or non-testimony content."
sHUdRcABC-Q_turn11698,sHUdRcABC-Q,https://www.youtube.com/watch?v=sHUdRcABC-Q,Psychiatrist Details Lindsay Clancy’s Hallucinations,/Users/rajeshpmu/Desktop/LegalMemoCMT/data/phase2/clancy/corpus/raw/psychiatrist-details-lindsay-clancy-s-hallucinations/psychiatrist-details-lindsay-clancy-s-hallucinations_sHUdRcABC-Q.mp4,/Users/rajeshpmu/Desktop/LegalMemoCMT/data/phase2/clancy/corpus/raw/psychiatrist-details-lindsay-clancy-s-hallucinations/psychiatrist-details-lindsay-clancy-s-hallucinations_sHUdRcABC-Q.en.vtt,/Users/rajeshpmu/Desktop/LegalMemoCMT/data/processed/phase2/clancy/turn_clips/video/sHUdRcABC-Q/sHUdRcABC-Q_turn11698.mp4,/Users/rajeshpmu/Desktop/LegalMemoCMT/data/processed/phase2/clancy/turn_clips/audio/sHUdRcABC-Q/sHUdRcABC-Q_turn11698.wav,00:10:58.355,00:11:45.409,47.054,37,REVIEW_REQUIRED,"Turn exceeds MELD-style preferred maximum duration; inspect for over-consolidation, pauses, or non-testimony content."
sHUdRcABC-Q_turn11706,sHUdRcABC-Q,https://www.youtube.com/watch?v=sHUdRcABC-Q,Psychiatrist Details Lindsay Clancy’s Hallucinations,/Users/rajeshpmu/Desktop/LegalMemoCMT/data/phase2/clancy/corpus/raw/psychiatrist-details-lindsay-clancy-s-hallucinations/psychiatrist-details-lindsay-clancy-s-hallucinations_sHUdRcABC-Q.mp4,/Users/rajeshpmu/Desktop/LegalMemoCMT/data/phase2/clancy/corpus/raw/psychiatrist-details-lindsay-clancy-s-hallucinations/psychiatrist-details-lindsay-clancy-s-hallucinations_sHUdRcABC-Q.en.vtt,/Users/rajeshpmu/Desktop/LegalMemoCMT/data/processed/phase2/clancy/turn_clips/video/sHUdRcABC-Q/sHUdRcABC-Q_turn11706.mp4,/Users/rajeshpmu/Desktop/LegalMemoCMT/data/processed/phase2/clancy/turn_clips/audio/sHUdRcABC-Q/sHUdRcABC-Q_turn11706.wav,00:12:39.088,00:13:21.062,41.974,43,REVIEW_REQUIRED,"Turn exceeds MELD-style preferred maximum duration; inspect for over-consolidation, pauses, or non-testimony content."
sHUdRcABC-Q_turn11766,sHUdRcABC-Q,https://www.youtube.com/watch?v=sHUdRcABC-Q,Psychiatrist Details Lindsay Clancy’s Hallucinations,/Users/rajeshpmu/Desktop/LegalMemoCMT/data/phase2/clancy/corpus/raw/psychiatrist-details-lindsay-clancy-s-hallucinations/psychiatrist-details-lindsay-clancy-s-hallucinations_sHUdRcABC-Q.mp4,/Users/rajeshpmu/Desktop/LegalMemoCMT/data/phase2/clancy/corpus/raw/psychiatrist-details-lindsay-clancy-s-hallucinations/psychiatrist-details-lindsay-clancy-s-hallucinations_sHUdRcABC-Q.en.vtt,/Users/rajeshpmu/Desktop/LegalMemoCMT/data/processed/phase2/clancy/turn_clips/video/sHUdRcABC-Q/sHUdRcABC-Q_turn11766.mp4,/Users/rajeshpmu/Desktop/LegalMemoCMT/data/processed/phase2/clancy/turn_clips/audio/sHUdRcABC-Q/sHUdRcABC-Q_turn11766.wav,00:18:17.516,00:19:29.353,71.837,13,REVIEW_REQUIRED,"Turn exceeds MELD-style preferred maximum duration; inspect for over-consolidation, pauses, or non-testimony content."
sHUdRcABC-Q_turn11805,sHUdRcABC-Q,https://www.youtube.com/watch?v=sHUdRcABC-Q,Psychiatrist Details Lindsay Clancy’s Hallucinations,/Users/rajeshpmu/Desktop/LegalMemoCMT/data/phase2/clancy/corpus/raw/psychiatrist-details-lindsay-clancy-s-hallucinations/psychiatrist-details-lindsay-clancy-s-hallucinations_sHUdRcABC-Q.mp4,/Users/rajeshpmu/Desktop/LegalMemoCMT/data/phase2/clancy/corpus/raw/psychiatrist-details-lindsay-clancy-s-hallucinations/psychiatrist-details-lindsay-clancy-s-hallucinations_sHUdRcABC-Q.en.vtt,/Users/rajeshpmu/Desktop/LegalMemoCMT/data/processed/phase2/clancy/turn_clips/video/sHUdRcABC-Q/sHUdRcABC-Q_turn11805.mp4,/Users/rajeshpmu/Desktop/LegalMemoCMT/data/processed/phase2/clancy/turn_clips/audio/sHUdRcABC-Q/sHUdRcABC-Q_turn11805.wav,00:22:40.315,00:23:13.649,33.334,31,REVIEW_REQUIRED,"Turn exceeds MELD-style preferred maximum duration; inspect for over-consolidation, pauses, or non-testimony content."
sHUdRcABC-Q_turn11807,sHUdRcABC-Q,https://www.youtube.com/watch?v=sHUdRcABC-Q,Psychiatrist Details Lindsay Clancy’s Hallucinations,/Users/rajeshpmu/Desktop/LegalMemoCMT/data/phase2/clancy/corpus/raw/psychiatrist-details-lindsay-clancy-s-hallucinations/psychiatrist-details-lindsay-clancy-s-hallucinations_sHUdRcABC-Q.mp4,/Users/rajeshpmu/Desktop/LegalMemoCMT/data/phase2/clancy/corpus/raw/psychiatrist-details-lindsay-clancy-s-hallucinations/psychiatrist-details-lindsay-clancy-s-hallucinations_sHUdRcABC-Q.en.vtt,/Users/rajeshpmu/Desktop/LegalMemoCMT/data/processed/phase2/clancy/turn_clips/video/sHUdRcABC-Q/sHUdRcABC-Q_turn11807.mp4,/Users/rajeshpmu/Desktop/LegalMemoCMT/data/processed/phase2/clancy/turn_clips/audio/sHUdRcABC-Q/sHUdRcABC-Q_turn11807.wav,00:23:20.372,00:23:55.111,34.739,33,REVIEW_REQUIRED,"Turn exceeds MELD-style preferred maximum duration; inspect for over-consolidation, pauses, or non-testimony content."
sHUdRcABC-Q_turn11833,sHUdRcABC-Q,https://www.youtube.com/watch?v=sHUdRcABC-Q,Psychiatrist Details Lindsay Clancy’s Hallucinations,/Users/rajeshpmu/Desktop/LegalMemoCMT/data/phase2/clancy/corpus/raw/psychiatrist-details-lindsay-clancy-s-hallucinations/psychiatrist-details-lindsay-clancy-s-hallucinations_sHUdRcABC-Q.mp4,/Users/rajeshpmu/Desktop/LegalMemoCMT/data/phase2/clancy/corpus/raw/psychiatrist-details-lindsay-clancy-s-hallucinations/psychiatrist-details-lindsay-clancy-s-hallucinations_sHUdRcABC-Q.en.vtt,/Users/rajeshpmu/Desktop/LegalMemoCMT/data/processed/phase2/clancy/turn_clips/video/sHUdRcABC-Q/sHUdRcABC-Q_turn11833.mp4,/Users/rajeshpmu/Desktop/LegalMemoCMT/data/processed/phase2/clancy/turn_clips/audio/sHUdRcABC-Q/sHUdRcABC-Q_turn11833.wav,00:27:31.401,00:28:06.736,35.335,33,REVIEW_REQUIRED,"Turn exceeds MELD-style preferred maximum duration; inspect for over-consolidation, pauses, or non-testimony content."
