turn_id,utterance_id,youtube_id,source_url,title,category,priority,subtitle_path,video_path,audio_path,split_group_id,split_strategy,split,emotion_label,emotion_label_source,emotion_label_confidence,review_flag,review_reason,usable_for_phase2,turn_text,utterance_text,turn_start_time,turn_end_time,turn_duration_seconds,duration_seconds,turn_boundary_type,turn_confidence,turn_marker_count,turn_piece_count,turn_piece_ids,turn_source_utterance_ids,turn_source_utterance_count,source_video_path,source_audio_path,clip_video_path,clip_audio_path,clip_start_seconds,clip_end_seconds,clip_duration_seconds,clip_status,start_time,end_time,source_offset_seconds,source_offset_status,speaker_cluster_id,speaker_cluster_overlap_seconds,speaker_cluster_source,speaker_role,speaker_role_source,speaker_role_confidence,witness_in_segment,witness_speaking_status,visual_target_role,visual_speaker_match,role_mapping_notes,corpus_exclusion_status,corpus_exclusion_reason,witness_only,witness_only_reason,training_use_categories,training_use_reason,speaker_visible_during_speech,face_visible_ratio,visual_verification_confidence,visual_verification_source,visual_verification_status,raw_video_path,video_features_path,video_features_status,phase1_basic_emotion,phase1_basic_emotion_confidence,phase1_basic_emotion_entropy,phase1_basic_emotion_probabilities,phase1_basic_emotion_checkpoint,phase1_basic_emotion_source,phase1_basic_emotion_modalities,phase1_basic_emotion_requested_modalities,phase1_basic_emotion_model_config,audio_ser_audio_path,audio_ser_status,audio_ser_error,audio_valence,audio_arousal,audio_excitement,audio_dominance,audio_affect_model,audio_ser_odyssey_status,audio_emotion_candidate,audio_emotion_confidence,audio_emotion_model,audio_ser_speechbrain_status,semantic_emotion_present,emotion_target_scope,emotion_target_scope_evidence,modality_disagreement_score,semantic_leakage_risk,annotation_priority,review_outcome,phase1_candidate_emotion,audio_candidate_emotion_mapped,proposed_basic_emotion,proposed_basic_emotion_confidence,machine_proposed_basic_emotion,machine_proposed_basic_emotion_confidence,machine_proposal_basis,human_review_required,proposed_courtroom_affect,proposed_affect_intensity,scope_algorithm_signals
DCBWoWhsTpA_turn05916,DCBWoWhsTpA_turn05916,DCBWoWhsTpA,https://www.youtube.com/live/DCBWoWhsTpA,LIVE: Lindsay Clancy trial Day 14,full_trial_stream,5,/Users/rajeshpmu/Desktop/LegalMemoCMT/data/phase2/clancy/corpus/raw/live-lindsay-clancy-trial-day-14/live-lindsay-clancy-trial-day-14_DCBWoWhsTpA.en.vtt,/Users/rajeshpmu/Desktop/LegalMemoCMT/data/processed/phase2/clancy/turn_clips/video/DCBWoWhsTpA/DCBWoWhsTpA_turn05916.mp4,/Users/rajeshpmu/Desktop/LegalMemoCMT/data/processed/phase2/clancy/turn_clips/audio/DCBWoWhsTpA/DCBWoWhsTpA_turn05916.wav,DCBWoWhsTpA,group_by_youtube_id,dev,neutral,text_keyword_heuristic,LOW,YES,comparable Phase 1 and audio categorical outputs agree or audio class is not comparable,YES,Yes. It's Ian Wiffin. I A N W H I F I N.,Yes. It's Ian Wiffin. I A N W H I F I N.,00:05:52.211,00:05:57.827,5.616,5.616,marker,MEDIUM,1,3,"DCBWoWhsTpA_utt00207#p02,DCBWoWhsTpA_utt00208#p01,DCBWoWhsTpA_utt00209#p01","DCBWoWhsTpA_utt00207,DCBWoWhsTpA_utt00208,DCBWoWhsTpA_utt00209",3,/Users/rajeshpmu/Desktop/LegalMemoCMT/data/phase2/clancy/corpus/raw/live-lindsay-clancy-trial-day-14/live-lindsay-clancy-trial-day-14_DCBWoWhsTpA.mp4,/Users/rajeshpmu/Desktop/LegalMemoCMT/data/phase2/clancy/corpus/raw/live-lindsay-clancy-trial-day-14/live-lindsay-clancy-trial-day-14_DCBWoWhsTpA.wav,/Users/rajeshpmu/Desktop/LegalMemoCMT/data/processed/phase2/clancy/turn_clips/video/DCBWoWhsTpA/DCBWoWhsTpA_turn05916.mp4,/Users/rajeshpmu/Desktop/LegalMemoCMT/data/processed/phase2/clancy/turn_clips/audio/DCBWoWhsTpA/DCBWoWhsTpA_turn05916.wav,352.211,357.827,5.616,created,00:05:52.211,00:05:57.827,0.0,default_zero,SPEAKER_18,4.271,pyannote/speaker-diarization-3.1,Witness,manual_verified_diarization,HIGH,YES,SPEAKING,Witness,YES,Witness 15 identified by manual audio/video review,INCLUDE,,YES,speaker_role=Witness,split_dev;usable,"usable because speaker_role=Witness, witness_speaking_status=SPEAKING, clip_status=created, duration=5.616s, and source is not excluded",YES,0.6,HIGH,manual_clip_review,HUMAN_VERIFIED,/Users/rajeshpmu/Desktop/LegalMemoCMT/data/processed/phase2/clancy/turn_clips/video/DCBWoWhsTpA/DCBWoWhsTpA_turn05916.mp4,/Users/rajeshpmu/Desktop/LegalMemoCMT/data/processed/phase2/clancy/vit_facecrop_embeddings/DCBWoWhsTpA/DCBWoWhsTpA_turn05916.npy,created,neutral,0.819121,0.725317,"{""anger"": 0.062375, ""disgust"": 0.006647, ""fear"": 0.00903, ""joy"": 0.035004, ""neutral"": 0.819121, ""sadness"": 0.06454, ""surprise"": 0.003282}",/Users/rajeshpmu/Desktop/LegalMemoCMT/results/facial_cues/meld_vit_facecrop_gated_video_aux/fold_4/best_model.pt,phase1_meld_checkpoint_pseudo_label,"audio,text,video","audio,text,video","{""audio_dim"": 128, ""audio_model_name"": ""facebook/hubert-base-ls960"", ""dropout"": 0.1, ""encoder_mode"": ""paper"", ""freeze_audio_backbone"": false, ""freeze_text_backbone"": false, ""fusion_dim"": 256, ""fusion_mode"": ""gated"", ""fusion_pooling"": ""min"", ""max_audio_len"": 256, ""max_text_len"": 128, ""max_video_len"": 32, ""num_classes"": 7, ""num_heads"": 4, ""num_layers"": 2, ""text_dim"": 256, ""text_model_name"": ""bert-base-uncased"", ""use_video"": true, ""video_dim"": 768, ""vocab_size"": 30000}",/Users/rajeshpmu/Desktop/LegalMemoCMT/data/processed/phase2/clancy/turn_clips/audio/DCBWoWhsTpA/DCBWoWhsTpA_turn05916.wav,OK,,0.553501,0.491066,0.491066,0.559281,3loi/SER-Odyssey-Baseline-WavLM-Multi-Attributes,OK,ang,1.0,speechbrain/emotion-recognition-wav2vec2-IEMOCAP,OK,NO,UNCLEAR,no explicit emotion-target evidence,HIGH,LOW,HIGH,KEEP_PHASE1_CANDIDATE,neutral,anger,neutral,0.819121,neutral,0.819121,comparable Phase 1 and audio categorical outputs agree or audio class is not comparable,YES,UNKNOWN,,phase1_vs_comparable_audio_disagreement
DCBWoWhsTpA_turn05917,DCBWoWhsTpA_turn05917,DCBWoWhsTpA,https://www.youtube.com/live/DCBWoWhsTpA,LIVE: Lindsay Clancy trial Day 14,full_trial_stream,5,/Users/rajeshpmu/Desktop/LegalMemoCMT/data/phase2/clancy/corpus/raw/live-lindsay-clancy-trial-day-14/live-lindsay-clancy-trial-day-14_DCBWoWhsTpA.en.vtt,/Users/rajeshpmu/Desktop/LegalMemoCMT/data/processed/phase2/clancy/turn_clips/video/DCBWoWhsTpA/DCBWoWhsTpA_turn05917.mp4,/Users/rajeshpmu/Desktop/LegalMemoCMT/data/processed/phase2/clancy/turn_clips/audio/DCBWoWhsTpA/DCBWoWhsTpA_turn05917.wav,DCBWoWhsTpA,group_by_youtube_id,dev,neutral,text_keyword_heuristic,LOW,NO,PHASE1_AUDIO_AGREEMENT,YES,Where do you work?,Where do you work?,00:05:57.827,00:05:58.980,1.153,1.153,marker,MEDIUM,1,3,"DCBWoWhsTpA_utt00209#p02,DCBWoWhsTpA_utt00210#p01,DCBWoWhsTpA_utt00211#p01","DCBWoWhsTpA_utt00209,DCBWoWhsTpA_utt00210,DCBWoWhsTpA_utt00211",3,/Users/rajeshpmu/Desktop/LegalMemoCMT/data/phase2/clancy/corpus/raw/live-lindsay-clancy-trial-day-14/live-lindsay-clancy-trial-day-14_DCBWoWhsTpA.mp4,/Users/rajeshpmu/Desktop/LegalMemoCMT/data/phase2/clancy/corpus/raw/live-lindsay-clancy-trial-day-14/live-lindsay-clancy-trial-day-14_DCBWoWhsTpA.wav,/Users/rajeshpmu/Desktop/LegalMemoCMT/data/processed/phase2/clancy/turn_clips/video/DCBWoWhsTpA/DCBWoWhsTpA_turn05917.mp4,/Users/rajeshpmu/Desktop/LegalMemoCMT/data/processed/phase2/clancy/turn_clips/audio/DCBWoWhsTpA/DCBWoWhsTpA_turn05917.wav,357.827,358.98,1.153,created,00:05:57.827,00:05:58.980,0.0,default_zero,SPEAKER_18,0.826,pyannote/speaker-diarization-3.1,Witness,manual_verified_diarization,HIGH,YES,SPEAKING,Witness,YES,Witness 15 identified by manual audio/video review,INCLUDE,,YES,speaker_role=Witness,split_dev;usable,"usable because speaker_role=Witness, witness_speaking_status=SPEAKING, clip_status=created, duration=1.153s, and source is not excluded",YES,0.6,HIGH,manual_clip_review,HUMAN_VERIFIED,/Users/rajeshpmu/Desktop/LegalMemoCMT/data/processed/phase2/clancy/turn_clips/video/DCBWoWhsTpA/DCBWoWhsTpA_turn05917.mp4,/Users/rajeshpmu/Desktop/LegalMemoCMT/data/processed/phase2/clancy/vit_facecrop_embeddings/DCBWoWhsTpA/DCBWoWhsTpA_turn05917.npy,created,neutral,0.963329,0.211314,"{""anger"": 0.009894, ""disgust"": 0.01463, ""fear"": 0.006008, ""joy"": 0.003257, ""neutral"": 0.963329, ""sadness"": 0.002176, ""surprise"": 0.000707}",/Users/rajeshpmu/Desktop/LegalMemoCMT/results/facial_cues/meld_vit_facecrop_gated_video_aux/fold_4/best_model.pt,phase1_meld_checkpoint_pseudo_label,"audio,text,video","audio,text,video","{""audio_dim"": 128, ""audio_model_name"": ""facebook/hubert-base-ls960"", ""dropout"": 0.1, ""encoder_mode"": ""paper"", ""freeze_audio_backbone"": false, ""freeze_text_backbone"": false, ""fusion_dim"": 256, ""fusion_mode"": ""gated"", ""fusion_pooling"": ""min"", ""max_audio_len"": 256, ""max_text_len"": 128, ""max_video_len"": 32, ""num_classes"": 7, ""num_heads"": 4, ""num_layers"": 2, ""text_dim"": 256, ""text_model_name"": ""bert-base-uncased"", ""use_video"": true, ""video_dim"": 768, ""vocab_size"": 30000}",/Users/rajeshpmu/Desktop/LegalMemoCMT/data/processed/phase2/clancy/turn_clips/audio/DCBWoWhsTpA/DCBWoWhsTpA_turn05917.wav,OK,,0.631652,0.553252,0.553252,0.571309,3loi/SER-Odyssey-Baseline-WavLM-Multi-Attributes,OK,neu,1.0,speechbrain/emotion-recognition-wav2vec2-IEMOCAP,OK,NO,UNCLEAR,no explicit emotion-target evidence,LOW,LOW,LOW,KEEP_PHASE1_CANDIDATE,neutral,neutral,neutral,0.963329,neutral,0.963329,PHASE1_AUDIO_AGREEMENT,NO,UNKNOWN,,speechbrain_neutral
DCBWoWhsTpA_turn05919,DCBWoWhsTpA_turn05919,DCBWoWhsTpA,https://www.youtube.com/live/DCBWoWhsTpA,LIVE: Lindsay Clancy trial Day 14,full_trial_stream,5,/Users/rajeshpmu/Desktop/LegalMemoCMT/data/phase2/clancy/corpus/raw/live-lindsay-clancy-trial-day-14/live-lindsay-clancy-trial-day-14_DCBWoWhsTpA.en.vtt,/Users/rajeshpmu/Desktop/LegalMemoCMT/data/processed/phase2/clancy/turn_clips/video/DCBWoWhsTpA/DCBWoWhsTpA_turn05919.mp4,/Users/rajeshpmu/Desktop/LegalMemoCMT/data/processed/phase2/clancy/turn_clips/audio/DCBWoWhsTpA/DCBWoWhsTpA_turn05919.wav,DCBWoWhsTpA,group_by_youtube_id,dev,neutral,text_keyword_heuristic,LOW,NO,PHASE1_AUDIO_AGREEMENT,YES,What is Celebrite?,What is Celebrite?,00:05:59.980,00:06:01.426,1.446,1.446,marker,MEDIUM,1,3,"DCBWoWhsTpA_utt00213#p02,DCBWoWhsTpA_utt00214#p01,DCBWoWhsTpA_utt00215#p01","DCBWoWhsTpA_utt00213,DCBWoWhsTpA_utt00214,DCBWoWhsTpA_utt00215",3,/Users/rajeshpmu/Desktop/LegalMemoCMT/data/phase2/clancy/corpus/raw/live-lindsay-clancy-trial-day-14/live-lindsay-clancy-trial-day-14_DCBWoWhsTpA.mp4,/Users/rajeshpmu/Desktop/LegalMemoCMT/data/phase2/clancy/corpus/raw/live-lindsay-clancy-trial-day-14/live-lindsay-clancy-trial-day-14_DCBWoWhsTpA.wav,/Users/rajeshpmu/Desktop/LegalMemoCMT/data/processed/phase2/clancy/turn_clips/video/DCBWoWhsTpA/DCBWoWhsTpA_turn05919.mp4,/Users/rajeshpmu/Desktop/LegalMemoCMT/data/processed/phase2/clancy/turn_clips/audio/DCBWoWhsTpA/DCBWoWhsTpA_turn05919.wav,359.98,361.426,1.446,created,00:05:59.980,00:06:01.426,0.0,default_zero,SPEAKER_18,0.574,pyannote/speaker-diarization-3.1,Witness,manual_verified_diarization,HIGH,YES,SPEAKING,Witness,YES,Witness 15 identified by manual audio/video review,INCLUDE,,YES,speaker_role=Witness,split_dev;usable,"usable because speaker_role=Witness, witness_speaking_status=SPEAKING, clip_status=created, duration=1.446s, and source is not excluded",YES,0.6,HIGH,manual_clip_review,HUMAN_VERIFIED,/Users/rajeshpmu/Desktop/LegalMemoCMT/data/processed/phase2/clancy/turn_clips/video/DCBWoWhsTpA/DCBWoWhsTpA_turn05919.mp4,/Users/rajeshpmu/Desktop/LegalMemoCMT/data/processed/phase2/clancy/vit_facecrop_embeddings/DCBWoWhsTpA/DCBWoWhsTpA_turn05919.npy,created,neutral,0.522277,0.998333,"{""anger"": 0.016254, ""disgust"": 0.407637, ""fear"": 0.012057, ""joy"": 0.015423, ""neutral"": 0.522277, ""sadness"": 0.005059, ""surprise"": 0.021292}",/Users/rajeshpmu/Desktop/LegalMemoCMT/results/facial_cues/meld_vit_facecrop_gated_video_aux/fold_4/best_model.pt,phase1_meld_checkpoint_pseudo_label,"audio,text,video","audio,text,video","{""audio_dim"": 128, ""audio_model_name"": ""facebook/hubert-base-ls960"", ""dropout"": 0.1, ""encoder_mode"": ""paper"", ""freeze_audio_backbone"": false, ""freeze_text_backbone"": false, ""fusion_dim"": 256, ""fusion_mode"": ""gated"", ""fusion_pooling"": ""min"", ""max_audio_len"": 256, ""max_text_len"": 128, ""max_video_len"": 32, ""num_classes"": 7, ""num_heads"": 4, ""num_layers"": 2, ""text_dim"": 256, ""text_model_name"": ""bert-base-uncased"", ""use_video"": true, ""video_dim"": 768, ""vocab_size"": 30000}",/Users/rajeshpmu/Desktop/LegalMemoCMT/data/processed/phase2/clancy/turn_clips/audio/DCBWoWhsTpA/DCBWoWhsTpA_turn05919.wav,OK,,0.605076,0.450928,0.450928,0.477157,3loi/SER-Odyssey-Baseline-WavLM-Multi-Attributes,OK,neu,0.999745,speechbrain/emotion-recognition-wav2vec2-IEMOCAP,OK,NO,UNCLEAR,no explicit emotion-target evidence,LOW,LOW,LOW,KEEP_PHASE1_CANDIDATE,neutral,neutral,neutral,0.522277,neutral,0.522277,PHASE1_AUDIO_AGREEMENT,NO,UNKNOWN,,speechbrain_neutral
DCBWoWhsTpA_turn05920,DCBWoWhsTpA_turn05920,DCBWoWhsTpA,https://www.youtube.com/live/DCBWoWhsTpA,LIVE: Lindsay Clancy trial Day 14,full_trial_stream,5,/Users/rajeshpmu/Desktop/LegalMemoCMT/data/phase2/clancy/corpus/raw/live-lindsay-clancy-trial-day-14/live-lindsay-clancy-trial-day-14_DCBWoWhsTpA.en.vtt,/Users/rajeshpmu/Desktop/LegalMemoCMT/data/processed/phase2/clancy/turn_clips/video/DCBWoWhsTpA/DCBWoWhsTpA_turn05920.mp4,/Users/rajeshpmu/Desktop/LegalMemoCMT/data/processed/phase2/clancy/turn_clips/audio/DCBWoWhsTpA/DCBWoWhsTpA_turn05920.wav,DCBWoWhsTpA,group_by_youtube_id,dev,neutral,text_keyword_heuristic,LOW,NO,PHASE1_AUDIO_AGREEMENT,YES,Celebrate is a digital intelligence company uh working in the digital forensics field.,Celebrate is a digital intelligence company uh working in the digital forensics field.,00:06:01.426,00:06:07.002,5.576,5.576,marker,MEDIUM,1,7,"DCBWoWhsTpA_utt00215#p02,DCBWoWhsTpA_utt00216#p01,DCBWoWhsTpA_utt00217#p01,DCBWoWhsTpA_utt00218#p01,DCBWoWhsTpA_utt00219#p01,DCBWoWhsTpA_utt00220#p01,DCBWoWhsTpA_utt00221#p01","DCBWoWhsTpA_utt00215,DCBWoWhsTpA_utt00216,DCBWoWhsTpA_utt00217,DCBWoWhsTpA_utt00218,DCBWoWhsTpA_utt00219,DCBWoWhsTpA_utt00220,DCBWoWhsTpA_utt00221",7,/Users/rajeshpmu/Desktop/LegalMemoCMT/data/phase2/clancy/corpus/raw/live-lindsay-clancy-trial-day-14/live-lindsay-clancy-trial-day-14_DCBWoWhsTpA.mp4,/Users/rajeshpmu/Desktop/LegalMemoCMT/data/phase2/clancy/corpus/raw/live-lindsay-clancy-trial-day-14/live-lindsay-clancy-trial-day-14_DCBWoWhsTpA.wav,/Users/rajeshpmu/Desktop/LegalMemoCMT/data/processed/phase2/clancy/turn_clips/video/DCBWoWhsTpA/DCBWoWhsTpA_turn05920.mp4,/Users/rajeshpmu/Desktop/LegalMemoCMT/data/processed/phase2/clancy/turn_clips/audio/DCBWoWhsTpA/DCBWoWhsTpA_turn05920.wav,361.426,367.002,5.576,created,00:06:01.426,00:06:07.002,0.0,default_zero,SPEAKER_18,4.067,pyannote/speaker-diarization-3.1,Witness,manual_verified_diarization,HIGH,YES,SPEAKING,Witness,YES,Witness 15 identified by manual audio/video review,INCLUDE,,YES,speaker_role=Witness,split_dev;usable,"usable because speaker_role=Witness, witness_speaking_status=SPEAKING, clip_status=created, duration=5.576s, and source is not excluded",YES,0.6,HIGH,manual_clip_review,HUMAN_VERIFIED,/Users/rajeshpmu/Desktop/LegalMemoCMT/data/processed/phase2/clancy/turn_clips/video/DCBWoWhsTpA/DCBWoWhsTpA_turn05920.mp4,/Users/rajeshpmu/Desktop/LegalMemoCMT/data/processed/phase2/clancy/vit_facecrop_embeddings/DCBWoWhsTpA/DCBWoWhsTpA_turn05920.npy,created,neutral,0.895829,0.469152,"{""anger"": 0.058043, ""disgust"": 0.002362, ""fear"": 0.010835, ""joy"": 0.02082, ""neutral"": 0.895829, ""sadness"": 0.007585, ""surprise"": 0.004527}",/Users/rajeshpmu/Desktop/LegalMemoCMT/results/facial_cues/meld_vit_facecrop_gated_video_aux/fold_4/best_model.pt,phase1_meld_checkpoint_pseudo_label,"audio,text,video","audio,text,video","{""audio_dim"": 128, ""audio_model_name"": ""facebook/hubert-base-ls960"", ""dropout"": 0.1, ""encoder_mode"": ""paper"", ""freeze_audio_backbone"": false, ""freeze_text_backbone"": false, ""fusion_dim"": 256, ""fusion_mode"": ""gated"", ""fusion_pooling"": ""min"", ""max_audio_len"": 256, ""max_text_len"": 128, ""max_video_len"": 32, ""num_classes"": 7, ""num_heads"": 4, ""num_layers"": 2, ""text_dim"": 256, ""text_model_name"": ""bert-base-uncased"", ""use_video"": true, ""video_dim"": 768, ""vocab_size"": 30000}",/Users/rajeshpmu/Desktop/LegalMemoCMT/data/processed/phase2/clancy/turn_clips/audio/DCBWoWhsTpA/DCBWoWhsTpA_turn05920.wav,OK,,0.620044,0.450024,0.450024,0.53219,3loi/SER-Odyssey-Baseline-WavLM-Multi-Attributes,OK,neu,1.0,speechbrain/emotion-recognition-wav2vec2-IEMOCAP,OK,NO,UNCLEAR,no explicit emotion-target evidence,LOW,LOW,LOW,KEEP_PHASE1_CANDIDATE,neutral,neutral,neutral,0.895829,neutral,0.895829,PHASE1_AUDIO_AGREEMENT,NO,UNKNOWN,,speechbrain_neutral
DCBWoWhsTpA_turn05921,DCBWoWhsTpA_turn05921,DCBWoWhsTpA,https://www.youtube.com/live/DCBWoWhsTpA,LIVE: Lindsay Clancy trial Day 14,full_trial_stream,5,/Users/rajeshpmu/Desktop/LegalMemoCMT/data/phase2/clancy/corpus/raw/live-lindsay-clancy-trial-day-14/live-lindsay-clancy-trial-day-14_DCBWoWhsTpA.en.vtt,/Users/rajeshpmu/Desktop/LegalMemoCMT/data/processed/phase2/clancy/turn_clips/video/DCBWoWhsTpA/DCBWoWhsTpA_turn05921.mp4,/Users/rajeshpmu/Desktop/LegalMemoCMT/data/processed/phase2/clancy/turn_clips/audio/DCBWoWhsTpA/DCBWoWhsTpA_turn05921.wav,DCBWoWhsTpA,group_by_youtube_id,dev,neutral,text_keyword_heuristic,LOW,YES,comparable Phase 1 and audio categorical outputs agree or audio class is not comparable,YES,And how long have you worked there?,And how long have you worked there?,00:06:07.002,00:06:10.233,3.231,3.231,marker,MEDIUM,1,3,"DCBWoWhsTpA_utt00221#p02,DCBWoWhsTpA_utt00222#p01,DCBWoWhsTpA_utt00223#p01","DCBWoWhsTpA_utt00221,DCBWoWhsTpA_utt00222,DCBWoWhsTpA_utt00223",3,/Users/rajeshpmu/Desktop/LegalMemoCMT/data/phase2/clancy/corpus/raw/live-lindsay-clancy-trial-day-14/live-lindsay-clancy-trial-day-14_DCBWoWhsTpA.mp4,/Users/rajeshpmu/Desktop/LegalMemoCMT/data/phase2/clancy/corpus/raw/live-lindsay-clancy-trial-day-14/live-lindsay-clancy-trial-day-14_DCBWoWhsTpA.wav,/Users/rajeshpmu/Desktop/LegalMemoCMT/data/processed/phase2/clancy/turn_clips/video/DCBWoWhsTpA/DCBWoWhsTpA_turn05921.mp4,/Users/rajeshpmu/Desktop/LegalMemoCMT/data/processed/phase2/clancy/turn_clips/audio/DCBWoWhsTpA/DCBWoWhsTpA_turn05921.wav,367.002,370.233,3.231,created,00:06:07.002,00:06:10.233,0.0,default_zero,SPEAKER_18,1.232,pyannote/speaker-diarization-3.1,Witness,manual_verified_diarization,HIGH,YES,SPEAKING,Witness,YES,Witness 15 identified by manual audio/video review,INCLUDE,,YES,speaker_role=Witness,split_dev;usable,"usable because speaker_role=Witness, witness_speaking_status=SPEAKING, clip_status=created, duration=3.231s, and source is not excluded",YES,0.6,HIGH,manual_clip_review,HUMAN_VERIFIED,/Users/rajeshpmu/Desktop/LegalMemoCMT/data/processed/phase2/clancy/turn_clips/video/DCBWoWhsTpA/DCBWoWhsTpA_turn05921.mp4,/Users/rajeshpmu/Desktop/LegalMemoCMT/data/processed/phase2/clancy/vit_facecrop_embeddings/DCBWoWhsTpA/DCBWoWhsTpA_turn05921.npy,created,neutral,0.857923,0.535958,"{""anger"": 0.010088, ""disgust"": 0.108682, ""fear"": 0.007963, ""joy"": 0.009372, ""neutral"": 0.857923, ""sadness"": 0.003397, ""surprise"": 0.002575}",/Users/rajeshpmu/Desktop/LegalMemoCMT/results/facial_cues/meld_vit_facecrop_gated_video_aux/fold_4/best_model.pt,phase1_meld_checkpoint_pseudo_label,"audio,text,video","audio,text,video","{""audio_dim"": 128, ""audio_model_name"": ""facebook/hubert-base-ls960"", ""dropout"": 0.1, ""encoder_mode"": ""paper"", ""freeze_audio_backbone"": false, ""freeze_text_backbone"": false, ""fusion_dim"": 256, ""fusion_mode"": ""gated"", ""fusion_pooling"": ""min"", ""max_audio_len"": 256, ""max_text_len"": 128, ""max_video_len"": 32, ""num_classes"": 7, ""num_heads"": 4, ""num_layers"": 2, ""text_dim"": 256, ""text_model_name"": ""bert-base-uncased"", ""use_video"": true, ""video_dim"": 768, ""vocab_size"": 30000}",/Users/rajeshpmu/Desktop/LegalMemoCMT/data/processed/phase2/clancy/turn_clips/audio/DCBWoWhsTpA/DCBWoWhsTpA_turn05921.wav,OK,,0.571014,0.502234,0.502234,0.56052,3loi/SER-Odyssey-Baseline-WavLM-Multi-Attributes,OK,ang,0.999746,speechbrain/emotion-recognition-wav2vec2-IEMOCAP,OK,NO,UNCLEAR,no explicit emotion-target evidence,HIGH,LOW,HIGH,KEEP_PHASE1_CANDIDATE,neutral,anger,neutral,0.857923,neutral,0.857923,comparable Phase 1 and audio categorical outputs agree or audio class is not comparable,YES,UNKNOWN,,phase1_vs_comparable_audio_disagreement
DCBWoWhsTpA_turn05923,DCBWoWhsTpA_turn05923,DCBWoWhsTpA,https://www.youtube.com/live/DCBWoWhsTpA,LIVE: Lindsay Clancy trial Day 14,full_trial_stream,5,/Users/rajeshpmu/Desktop/LegalMemoCMT/data/phase2/clancy/corpus/raw/live-lindsay-clancy-trial-day-14/live-lindsay-clancy-trial-day-14_DCBWoWhsTpA.en.vtt,/Users/rajeshpmu/Desktop/LegalMemoCMT/data/processed/phase2/clancy/turn_clips/video/DCBWoWhsTpA/DCBWoWhsTpA_turn05923.mp4,/Users/rajeshpmu/Desktop/LegalMemoCMT/data/processed/phase2/clancy/turn_clips/audio/DCBWoWhsTpA/DCBWoWhsTpA_turn05923.wav,DCBWoWhsTpA,group_by_youtube_id,dev,neutral,text_keyword_heuristic,LOW,NO,PHASE1_AUDIO_AGREEMENT,YES,I'm currently a customer engagement manager.,I'm currently a customer engagement manager.,00:06:14.574,00:06:16.252,1.678,1.678,marker,MEDIUM,1,5,"DCBWoWhsTpA_utt00227#p02,DCBWoWhsTpA_utt00228#p01,DCBWoWhsTpA_utt00229#p01,DCBWoWhsTpA_utt00230#p01,DCBWoWhsTpA_utt00231#p01","DCBWoWhsTpA_utt00227,DCBWoWhsTpA_utt00228,DCBWoWhsTpA_utt00229,DCBWoWhsTpA_utt00230,DCBWoWhsTpA_utt00231",5,/Users/rajeshpmu/Desktop/LegalMemoCMT/data/phase2/clancy/corpus/raw/live-lindsay-clancy-trial-day-14/live-lindsay-clancy-trial-day-14_DCBWoWhsTpA.mp4,/Users/rajeshpmu/Desktop/LegalMemoCMT/data/phase2/clancy/corpus/raw/live-lindsay-clancy-trial-day-14/live-lindsay-clancy-trial-day-14_DCBWoWhsTpA.wav,/Users/rajeshpmu/Desktop/LegalMemoCMT/data/processed/phase2/clancy/turn_clips/video/DCBWoWhsTpA/DCBWoWhsTpA_turn05923.mp4,/Users/rajeshpmu/Desktop/LegalMemoCMT/data/processed/phase2/clancy/turn_clips/audio/DCBWoWhsTpA/DCBWoWhsTpA_turn05923.wav,374.574,376.252,1.678,created,00:06:14.574,00:06:16.252,0.0,default_zero,SPEAKER_18,1.078,pyannote/speaker-diarization-3.1,Witness,manual_verified_diarization,HIGH,YES,SPEAKING,Witness,YES,Witness 15 identified by manual audio/video review,INCLUDE,,YES,speaker_role=Witness,split_dev;usable,"usable because speaker_role=Witness, witness_speaking_status=SPEAKING, clip_status=created, duration=1.678s, and source is not excluded",YES,0.6,HIGH,manual_clip_review,HUMAN_VERIFIED,/Users/rajeshpmu/Desktop/LegalMemoCMT/data/processed/phase2/clancy/turn_clips/video/DCBWoWhsTpA/DCBWoWhsTpA_turn05923.mp4,/Users/rajeshpmu/Desktop/LegalMemoCMT/data/processed/phase2/clancy/vit_facecrop_embeddings/DCBWoWhsTpA/DCBWoWhsTpA_turn05923.npy,created,neutral,0.880725,0.509032,"{""anger"": 0.07105, ""disgust"": 0.00215, ""fear"": 0.013675, ""joy"": 0.020687, ""neutral"": 0.880725, ""sadness"": 0.009888, ""surprise"": 0.001825}",/Users/rajeshpmu/Desktop/LegalMemoCMT/results/facial_cues/meld_vit_facecrop_gated_video_aux/fold_4/best_model.pt,phase1_meld_checkpoint_pseudo_label,"audio,text,video","audio,text,video","{""audio_dim"": 128, ""audio_model_name"": ""facebook/hubert-base-ls960"", ""dropout"": 0.1, ""encoder_mode"": ""paper"", ""freeze_audio_backbone"": false, ""freeze_text_backbone"": false, ""fusion_dim"": 256, ""fusion_mode"": ""gated"", ""fusion_pooling"": ""min"", ""max_audio_len"": 256, ""max_text_len"": 128, ""max_video_len"": 32, ""num_classes"": 7, ""num_heads"": 4, ""num_layers"": 2, ""text_dim"": 256, ""text_model_name"": ""bert-base-uncased"", ""use_video"": true, ""video_dim"": 768, ""vocab_size"": 30000}",/Users/rajeshpmu/Desktop/LegalMemoCMT/data/processed/phase2/clancy/turn_clips/audio/DCBWoWhsTpA/DCBWoWhsTpA_turn05923.wav,OK,,0.59566,0.518136,0.518136,0.566514,3loi/SER-Odyssey-Baseline-WavLM-Multi-Attributes,OK,neu,0.99993,speechbrain/emotion-recognition-wav2vec2-IEMOCAP,OK,NO,UNCLEAR,no explicit emotion-target evidence,LOW,LOW,LOW,KEEP_PHASE1_CANDIDATE,neutral,neutral,neutral,0.880725,neutral,0.880725,PHASE1_AUDIO_AGREEMENT,NO,UNKNOWN,,speechbrain_neutral
DCBWoWhsTpA_turn05924,DCBWoWhsTpA_turn05924,DCBWoWhsTpA,https://www.youtube.com/live/DCBWoWhsTpA,LIVE: Lindsay Clancy trial Day 14,full_trial_stream,5,/Users/rajeshpmu/Desktop/LegalMemoCMT/data/phase2/clancy/corpus/raw/live-lindsay-clancy-trial-day-14/live-lindsay-clancy-trial-day-14_DCBWoWhsTpA.en.vtt,/Users/rajeshpmu/Desktop/LegalMemoCMT/data/processed/phase2/clancy/turn_clips/video/DCBWoWhsTpA/DCBWoWhsTpA_turn05924.mp4,/Users/rajeshpmu/Desktop/LegalMemoCMT/data/processed/phase2/clancy/turn_clips/audio/DCBWoWhsTpA/DCBWoWhsTpA_turn05924.wav,DCBWoWhsTpA,group_by_youtube_id,dev,neutral,text_keyword_heuristic,LOW,NO,PHASE1_AUDIO_AGREEMENT,YES,What does that mean? Uh,What does that mean? Uh,00:06:16.252,00:06:18.616,2.364,2.364,marker,MEDIUM,1,3,"DCBWoWhsTpA_utt00231#p02,DCBWoWhsTpA_utt00232#p01,DCBWoWhsTpA_utt00233#p01","DCBWoWhsTpA_utt00231,DCBWoWhsTpA_utt00232,DCBWoWhsTpA_utt00233",3,/Users/rajeshpmu/Desktop/LegalMemoCMT/data/phase2/clancy/corpus/raw/live-lindsay-clancy-trial-day-14/live-lindsay-clancy-trial-day-14_DCBWoWhsTpA.mp4,/Users/rajeshpmu/Desktop/LegalMemoCMT/data/phase2/clancy/corpus/raw/live-lindsay-clancy-trial-day-14/live-lindsay-clancy-trial-day-14_DCBWoWhsTpA.wav,/Users/rajeshpmu/Desktop/LegalMemoCMT/data/processed/phase2/clancy/turn_clips/video/DCBWoWhsTpA/DCBWoWhsTpA_turn05924.mp4,/Users/rajeshpmu/Desktop/LegalMemoCMT/data/processed/phase2/clancy/turn_clips/audio/DCBWoWhsTpA/DCBWoWhsTpA_turn05924.wav,376.252,378.616,2.364,created,00:06:16.252,00:06:18.616,0.0,default_zero,SPEAKER_18,1.344,pyannote/speaker-diarization-3.1,Witness,manual_verified_diarization,HIGH,YES,SPEAKING,Witness,YES,Witness 15 identified by manual audio/video review,INCLUDE,,YES,speaker_role=Witness,split_dev;usable,"usable because speaker_role=Witness, witness_speaking_status=SPEAKING, clip_status=created, duration=2.364s, and source is not excluded",YES,0.6,HIGH,manual_clip_review,HUMAN_VERIFIED,/Users/rajeshpmu/Desktop/LegalMemoCMT/data/processed/phase2/clancy/turn_clips/video/DCBWoWhsTpA/DCBWoWhsTpA_turn05924.mp4,/Users/rajeshpmu/Desktop/LegalMemoCMT/data/processed/phase2/clancy/vit_facecrop_embeddings/DCBWoWhsTpA/DCBWoWhsTpA_turn05924.npy,created,neutral,0.944754,0.297815,"{""anger"": 0.023051, ""disgust"": 0.00716, ""fear"": 0.004028, ""joy"": 0.012174, ""neutral"": 0.944754, ""sadness"": 0.007218, ""surprise"": 0.001615}",/Users/rajeshpmu/Desktop/LegalMemoCMT/results/facial_cues/meld_vit_facecrop_gated_video_aux/fold_4/best_model.pt,phase1_meld_checkpoint_pseudo_label,"audio,text,video","audio,text,video","{""audio_dim"": 128, ""audio_model_name"": ""facebook/hubert-base-ls960"", ""dropout"": 0.1, ""encoder_mode"": ""paper"", ""freeze_audio_backbone"": false, ""freeze_text_backbone"": false, ""fusion_dim"": 256, ""fusion_mode"": ""gated"", ""fusion_pooling"": ""min"", ""max_audio_len"": 256, ""max_text_len"": 128, ""max_video_len"": 32, ""num_classes"": 7, ""num_heads"": 4, ""num_layers"": 2, ""text_dim"": 256, ""text_model_name"": ""bert-base-uncased"", ""use_video"": true, ""video_dim"": 768, ""vocab_size"": 30000}",/Users/rajeshpmu/Desktop/LegalMemoCMT/data/processed/phase2/clancy/turn_clips/audio/DCBWoWhsTpA/DCBWoWhsTpA_turn05924.wav,OK,,0.595221,0.519193,0.519193,0.556637,3loi/SER-Odyssey-Baseline-WavLM-Multi-Attributes,OK,neu,1.0,speechbrain/emotion-recognition-wav2vec2-IEMOCAP,OK,NO,UNCLEAR,no explicit emotion-target evidence,LOW,LOW,LOW,KEEP_PHASE1_CANDIDATE,neutral,neutral,neutral,0.944754,neutral,0.944754,PHASE1_AUDIO_AGREEMENT,NO,UNKNOWN,,speechbrain_neutral
DCBWoWhsTpA_turn05925,DCBWoWhsTpA_turn05925,DCBWoWhsTpA,https://www.youtube.com/live/DCBWoWhsTpA,LIVE: Lindsay Clancy trial Day 14,full_trial_stream,5,/Users/rajeshpmu/Desktop/LegalMemoCMT/data/phase2/clancy/corpus/raw/live-lindsay-clancy-trial-day-14/live-lindsay-clancy-trial-day-14_DCBWoWhsTpA.en.vtt,/Users/rajeshpmu/Desktop/LegalMemoCMT/data/processed/phase2/clancy/turn_clips/video/DCBWoWhsTpA/DCBWoWhsTpA_turn05925.mp4,/Users/rajeshpmu/Desktop/LegalMemoCMT/data/processed/phase2/clancy/turn_clips/audio/DCBWoWhsTpA/DCBWoWhsTpA_turn05925.wav,DCBWoWhsTpA,group_by_youtube_id,dev,neutral,text_keyword_heuristic,LOW,YES,comparable Phase 1 and audio categorical outputs agree or audio class is not comparable,YES,I work with customers uh helping users of our tools uh to understand the digital evidence that they're finding and presenting.,I work with customers uh helping users of our tools uh to understand the digital evidence that they're finding and presenting.,00:06:18.616,00:06:26.556,7.94,7.94,marker,MEDIUM,1,9,"DCBWoWhsTpA_utt00233#p02,DCBWoWhsTpA_utt00234#p01,DCBWoWhsTpA_utt00235#p01,DCBWoWhsTpA_utt00236#p01,DCBWoWhsTpA_utt00237#p01,DCBWoWhsTpA_utt00238#p01,DCBWoWhsTpA_utt00239#p01,DCBWoWhsTpA_utt00240#p01,DCBWoWhsTpA_utt00241#p01","DCBWoWhsTpA_utt00233,DCBWoWhsTpA_utt00234,DCBWoWhsTpA_utt00235,DCBWoWhsTpA_utt00236,DCBWoWhsTpA_utt00237,DCBWoWhsTpA_utt00238,DCBWoWhsTpA_utt00239,DCBWoWhsTpA_utt00240,DCBWoWhsTpA_utt00241",9,/Users/rajeshpmu/Desktop/LegalMemoCMT/data/phase2/clancy/corpus/raw/live-lindsay-clancy-trial-day-14/live-lindsay-clancy-trial-day-14_DCBWoWhsTpA.mp4,/Users/rajeshpmu/Desktop/LegalMemoCMT/data/phase2/clancy/corpus/raw/live-lindsay-clancy-trial-day-14/live-lindsay-clancy-trial-day-14_DCBWoWhsTpA.wav,/Users/rajeshpmu/Desktop/LegalMemoCMT/data/processed/phase2/clancy/turn_clips/video/DCBWoWhsTpA/DCBWoWhsTpA_turn05925.mp4,/Users/rajeshpmu/Desktop/LegalMemoCMT/data/processed/phase2/clancy/turn_clips/audio/DCBWoWhsTpA/DCBWoWhsTpA_turn05925.wav,378.616,386.556,7.94,created,00:06:18.616,00:06:26.556,0.0,default_zero,SPEAKER_18,6.671,pyannote/speaker-diarization-3.1,Witness,manual_verified_diarization,HIGH,YES,SPEAKING,Witness,YES,Witness 15 identified by manual audio/video review,INCLUDE,,YES,speaker_role=Witness,split_dev;usable,"usable because speaker_role=Witness, witness_speaking_status=SPEAKING, clip_status=created, duration=7.940s, and source is not excluded",YES,0.6,HIGH,manual_clip_review,HUMAN_VERIFIED,/Users/rajeshpmu/Desktop/LegalMemoCMT/data/processed/phase2/clancy/turn_clips/video/DCBWoWhsTpA/DCBWoWhsTpA_turn05925.mp4,/Users/rajeshpmu/Desktop/LegalMemoCMT/data/processed/phase2/clancy/vit_facecrop_embeddings/DCBWoWhsTpA/DCBWoWhsTpA_turn05925.npy,created,neutral,0.823858,0.652584,"{""anger"": 0.114923, ""disgust"": 0.001953, ""fear"": 0.004722, ""joy"": 0.034374, ""neutral"": 0.823858, ""sadness"": 0.014193, ""surprise"": 0.005977}",/Users/rajeshpmu/Desktop/LegalMemoCMT/results/facial_cues/meld_vit_facecrop_gated_video_aux/fold_4/best_model.pt,phase1_meld_checkpoint_pseudo_label,"audio,text,video","audio,text,video","{""audio_dim"": 128, ""audio_model_name"": ""facebook/hubert-base-ls960"", ""dropout"": 0.1, ""encoder_mode"": ""paper"", ""freeze_audio_backbone"": false, ""freeze_text_backbone"": false, ""fusion_dim"": 256, ""fusion_mode"": ""gated"", ""fusion_pooling"": ""min"", ""max_audio_len"": 256, ""max_text_len"": 128, ""max_video_len"": 32, ""num_classes"": 7, ""num_heads"": 4, ""num_layers"": 2, ""text_dim"": 256, ""text_model_name"": ""bert-base-uncased"", ""use_video"": true, ""video_dim"": 768, ""vocab_size"": 30000}",/Users/rajeshpmu/Desktop/LegalMemoCMT/data/processed/phase2/clancy/turn_clips/audio/DCBWoWhsTpA/DCBWoWhsTpA_turn05925.wav,OK,,0.585728,0.429716,0.429716,0.530346,3loi/SER-Odyssey-Baseline-WavLM-Multi-Attributes,OK,ang,0.999999,speechbrain/emotion-recognition-wav2vec2-IEMOCAP,OK,NO,UNCLEAR,no explicit emotion-target evidence,HIGH,LOW,HIGH,KEEP_PHASE1_CANDIDATE,neutral,anger,neutral,0.823858,neutral,0.823858,comparable Phase 1 and audio categorical outputs agree or audio class is not comparable,YES,UNKNOWN,,phase1_vs_comparable_audio_disagreement;low_or_moderate_audio_arousal
DCBWoWhsTpA_turn05926,DCBWoWhsTpA_turn05926,DCBWoWhsTpA,https://www.youtube.com/live/DCBWoWhsTpA,LIVE: Lindsay Clancy trial Day 14,full_trial_stream,5,/Users/rajeshpmu/Desktop/LegalMemoCMT/data/phase2/clancy/corpus/raw/live-lindsay-clancy-trial-day-14/live-lindsay-clancy-trial-day-14_DCBWoWhsTpA.en.vtt,/Users/rajeshpmu/Desktop/LegalMemoCMT/data/processed/phase2/clancy/turn_clips/video/DCBWoWhsTpA/DCBWoWhsTpA_turn05926.mp4,/Users/rajeshpmu/Desktop/LegalMemoCMT/data/processed/phase2/clancy/turn_clips/audio/DCBWoWhsTpA/DCBWoWhsTpA_turn05926.wav,DCBWoWhsTpA,group_by_youtube_id,dev,neutral,text_keyword_heuristic,LOW,NO,"audio and courtroom-affect evidence support neutral, but emotion target is unresolved",YES,"And what does digital evidence consist of? any information which is extracted from a cell phone uh primarily or from a computer which can be interpreted by the examiner uh and presented as evidence. It could be call history, messages, location data, uh media, anything that you can find from a digital device.","And what does digital evidence consist of? any information which is extracted from a cell phone uh primarily or from a computer which can be interpreted by the examiner uh and presented as evidence. It could be call history, messages, location data, uh media, anything that you can find from a digital device.",00:06:26.556,00:06:48.914,22.358,22.358,marker,MEDIUM,1,19,"DCBWoWhsTpA_utt00241#p02,DCBWoWhsTpA_utt00242#p01,DCBWoWhsTpA_utt00243#p01,DCBWoWhsTpA_utt00244#p01,DCBWoWhsTpA_utt00245#p01,DCBWoWhsTpA_utt00246#p01,DCBWoWhsTpA_utt00247#p01,DCBWoWhsTpA_utt00248#p01,DCBWoWhsTpA_utt00249#p01,DCBWoWhsTpA_utt00250#p01,DCBWoWhsTpA_utt00251#p01,DCBWoWhsTpA_utt00252#p01,DCBWoWhsTpA_utt00253#p01,DCBWoWhsTpA_utt00254#p01,DCBWoWhsTpA_utt00255#p01,DCBWoWhsTpA_utt00256#p01,DCBWoWhsTpA_utt00257#p01,DCBWoWhsTpA_utt00258#p01,DCBWoWhsTpA_utt00259#p01","DCBWoWhsTpA_utt00241,DCBWoWhsTpA_utt00242,DCBWoWhsTpA_utt00243,DCBWoWhsTpA_utt00244,DCBWoWhsTpA_utt00245,DCBWoWhsTpA_utt00246,DCBWoWhsTpA_utt00247,DCBWoWhsTpA_utt00248,DCBWoWhsTpA_utt00249,DCBWoWhsTpA_utt00250,DCBWoWhsTpA_utt00251,DCBWoWhsTpA_utt00252,DCBWoWhsTpA_utt00253,DCBWoWhsTpA_utt00254,DCBWoWhsTpA_utt00255,DCBWoWhsTpA_utt00256,DCBWoWhsTpA_utt00257,DCBWoWhsTpA_utt00258,DCBWoWhsTpA_utt00259",19,/Users/rajeshpmu/Desktop/LegalMemoCMT/data/phase2/clancy/corpus/raw/live-lindsay-clancy-trial-day-14/live-lindsay-clancy-trial-day-14_DCBWoWhsTpA.mp4,/Users/rajeshpmu/Desktop/LegalMemoCMT/data/phase2/clancy/corpus/raw/live-lindsay-clancy-trial-day-14/live-lindsay-clancy-trial-day-14_DCBWoWhsTpA.wav,/Users/rajeshpmu/Desktop/LegalMemoCMT/data/processed/phase2/clancy/turn_clips/video/DCBWoWhsTpA/DCBWoWhsTpA_turn05926.mp4,/Users/rajeshpmu/Desktop/LegalMemoCMT/data/processed/phase2/clancy/turn_clips/audio/DCBWoWhsTpA/DCBWoWhsTpA_turn05926.wav,386.556,408.914,22.358,created,00:06:26.556,00:06:48.914,0.0,default_zero,SPEAKER_18,8.994,pyannote/speaker-diarization-3.1,Witness,manual_verified_diarization,HIGH,YES,SPEAKING,Witness,YES,Witness 15 identified by manual audio/video review,INCLUDE,,YES,speaker_role=Witness,split_dev;usable,"usable because speaker_role=Witness, witness_speaking_status=SPEAKING, clip_status=created, duration=22.358s, and source is not excluded",YES,0.6,HIGH,manual_clip_review,HUMAN_VERIFIED,/Users/rajeshpmu/Desktop/LegalMemoCMT/data/processed/phase2/clancy/turn_clips/video/DCBWoWhsTpA/DCBWoWhsTpA_turn05926.mp4,/Users/rajeshpmu/Desktop/LegalMemoCMT/data/processed/phase2/clancy/vit_facecrop_embeddings/DCBWoWhsTpA/DCBWoWhsTpA_turn05926.npy,created,neutral,0.911552,0.431556,"{""anger"": 0.027072, ""disgust"": 0.004932, ""fear"": 0.003939, ""joy"": 0.03351, ""neutral"": 0.911552, ""sadness"": 0.01228, ""surprise"": 0.006714}",/Users/rajeshpmu/Desktop/LegalMemoCMT/results/facial_cues/meld_vit_facecrop_gated_video_aux/fold_4/best_model.pt,phase1_meld_checkpoint_pseudo_label,"audio,text,video","audio,text,video","{""audio_dim"": 128, ""audio_model_name"": ""facebook/hubert-base-ls960"", ""dropout"": 0.1, ""encoder_mode"": ""paper"", ""freeze_audio_backbone"": false, ""freeze_text_backbone"": false, ""fusion_dim"": 256, ""fusion_mode"": ""gated"", ""fusion_pooling"": ""min"", ""max_audio_len"": 256, ""max_text_len"": 128, ""max_video_len"": 32, ""num_classes"": 7, ""num_heads"": 4, ""num_layers"": 2, ""text_dim"": 256, ""text_model_name"": ""bert-base-uncased"", ""use_video"": true, ""video_dim"": 768, ""vocab_size"": 30000}",/Users/rajeshpmu/Desktop/LegalMemoCMT/data/processed/phase2/clancy/turn_clips/audio/DCBWoWhsTpA/DCBWoWhsTpA_turn05926.wav,OK,,0.433425,0.411967,0.411967,0.488774,3loi/SER-Odyssey-Baseline-WavLM-Multi-Attributes,OK,neu,1.0,speechbrain/emotion-recognition-wav2vec2-IEMOCAP,OK,NO,UNCLEAR,no explicit emotion-target evidence,LOW,LOW,LOW,NEUTRAL_CANDIDATE,neutral,neutral,neutral,0.580000,neutral,0.580000,"audio and courtroom-affect evidence support neutral, but emotion target is unresolved",NO,CALM_COMPOSED,1,low_or_moderate_audio_arousal;speechbrain_neutral
DCBWoWhsTpA_turn05931,DCBWoWhsTpA_turn05931,DCBWoWhsTpA,https://www.youtube.com/live/DCBWoWhsTpA,LIVE: Lindsay Clancy trial Day 14,full_trial_stream,5,/Users/rajeshpmu/Desktop/LegalMemoCMT/data/phase2/clancy/corpus/raw/live-lindsay-clancy-trial-day-14/live-lindsay-clancy-trial-day-14_DCBWoWhsTpA.en.vtt,/Users/rajeshpmu/Desktop/LegalMemoCMT/data/processed/phase2/clancy/turn_clips/video/DCBWoWhsTpA/DCBWoWhsTpA_turn05931.mp4,/Users/rajeshpmu/Desktop/LegalMemoCMT/data/processed/phase2/clancy/turn_clips/audio/DCBWoWhsTpA/DCBWoWhsTpA_turn05931.wav,DCBWoWhsTpA,group_by_youtube_id,dev,neutral,text_keyword_heuristic,LOW,NO,"calm courtroom presentation with neutral acoustic evidence, low/moderate excitement, and non-self emotion target",YES,"Uh yes, there's constantly uh changes being made to devices which make it uh difficult to extract the data. There are changes being made to the software that means that the data that we extract is now different to the data that we extracted previously. uh a new feature, for example, or a change that's made by the software developer. So, we're constantly uh changing our software to be able to extract that data and to decode more data.","Uh yes, there's constantly uh changes being made to devices which make it uh difficult to extract the data. There are changes being made to the software that means that the data that we extract is now different to the data that we extracted previously. uh a new feature, for example, or a change that's made by the software developer. So, we're constantly uh changing our software to be able to extract that data and to decode more data.",00:08:33.570,00:09:00.383,26.813,26.813,marker,MEDIUM,1,25,"DCBWoWhsTpA_utt00339#p02,DCBWoWhsTpA_utt00340#p01,DCBWoWhsTpA_utt00341#p01,DCBWoWhsTpA_utt00342#p01,DCBWoWhsTpA_utt00343#p01,DCBWoWhsTpA_utt00344#p01,DCBWoWhsTpA_utt00345#p01,DCBWoWhsTpA_utt00346#p01,DCBWoWhsTpA_utt00347#p01,DCBWoWhsTpA_utt00348#p01,DCBWoWhsTpA_utt00349#p01,DCBWoWhsTpA_utt00350#p01,DCBWoWhsTpA_utt00351#p01,DCBWoWhsTpA_utt00352#p01,DCBWoWhsTpA_utt00353#p01,DCBWoWhsTpA_utt00354#p01,DCBWoWhsTpA_utt00355#p01,DCBWoWhsTpA_utt00356#p01,DCBWoWhsTpA_utt00357#p01,DCBWoWhsTpA_utt00358#p01,DCBWoWhsTpA_utt00359#p01,DCBWoWhsTpA_utt00360#p01,DCBWoWhsTpA_utt00361#p01,DCBWoWhsTpA_utt00362#p01,DCBWoWhsTpA_utt00363#p01","DCBWoWhsTpA_utt00339,DCBWoWhsTpA_utt00340,DCBWoWhsTpA_utt00341,DCBWoWhsTpA_utt00342,DCBWoWhsTpA_utt00343,DCBWoWhsTpA_utt00344,DCBWoWhsTpA_utt00345,DCBWoWhsTpA_utt00346,DCBWoWhsTpA_utt00347,DCBWoWhsTpA_utt00348,DCBWoWhsTpA_utt00349,DCBWoWhsTpA_utt00350,DCBWoWhsTpA_utt00351,DCBWoWhsTpA_utt00352,DCBWoWhsTpA_utt00353,DCBWoWhsTpA_utt00354,DCBWoWhsTpA_utt00355,DCBWoWhsTpA_utt00356,DCBWoWhsTpA_utt00357,DCBWoWhsTpA_utt00358,DCBWoWhsTpA_utt00359,DCBWoWhsTpA_utt00360,DCBWoWhsTpA_utt00361,DCBWoWhsTpA_utt00362,DCBWoWhsTpA_utt00363",25,/Users/rajeshpmu/Desktop/LegalMemoCMT/data/phase2/clancy/corpus/raw/live-lindsay-clancy-trial-day-14/live-lindsay-clancy-trial-day-14_DCBWoWhsTpA.mp4,/Users/rajeshpmu/Desktop/LegalMemoCMT/data/phase2/clancy/corpus/raw/live-lindsay-clancy-trial-day-14/live-lindsay-clancy-trial-day-14_DCBWoWhsTpA.wav,/Users/rajeshpmu/Desktop/LegalMemoCMT/data/processed/phase2/clancy/turn_clips/video/DCBWoWhsTpA/DCBWoWhsTpA_turn05931.mp4,/Users/rajeshpmu/Desktop/LegalMemoCMT/data/processed/phase2/clancy/turn_clips/audio/DCBWoWhsTpA/DCBWoWhsTpA_turn05931.wav,513.57,540.383,26.813,created,00:08:33.570,00:09:00.383,0.0,default_zero,SPEAKER_18,22.022,pyannote/speaker-diarization-3.1,Witness,manual_verified_diarization,HIGH,YES,SPEAKING,Witness,YES,Witness 15 identified by manual audio/video review,INCLUDE,,YES,speaker_role=Witness,split_dev;usable,"usable because speaker_role=Witness, witness_speaking_status=SPEAKING, clip_status=created, duration=26.813s, and source is not excluded",YES,0.6,HIGH,manual_clip_review,HUMAN_VERIFIED,/Users/rajeshpmu/Desktop/LegalMemoCMT/data/processed/phase2/clancy/turn_clips/video/DCBWoWhsTpA/DCBWoWhsTpA_turn05931.mp4,/Users/rajeshpmu/Desktop/LegalMemoCMT/data/processed/phase2/clancy/vit_facecrop_embeddings/DCBWoWhsTpA/DCBWoWhsTpA_turn05931.npy,created,neutral,0.284326,1.663486,"{""anger"": 0.038306, ""disgust"": 0.004344, ""fear"": 0.086052, ""joy"": 0.25103, ""neutral"": 0.284326, ""sadness"": 0.165839, ""surprise"": 0.170103}",/Users/rajeshpmu/Desktop/LegalMemoCMT/results/facial_cues/meld_vit_facecrop_gated_video_aux/fold_4/best_model.pt,phase1_meld_checkpoint_pseudo_label,"audio,text,video","audio,text,video","{""audio_dim"": 128, ""audio_model_name"": ""facebook/hubert-base-ls960"", ""dropout"": 0.1, ""encoder_mode"": ""paper"", ""freeze_audio_backbone"": false, ""freeze_text_backbone"": false, ""fusion_dim"": 256, ""fusion_mode"": ""gated"", ""fusion_pooling"": ""min"", ""max_audio_len"": 256, ""max_text_len"": 128, ""max_video_len"": 32, ""num_classes"": 7, ""num_heads"": 4, ""num_layers"": 2, ""text_dim"": 256, ""text_model_name"": ""bert-base-uncased"", ""use_video"": true, ""video_dim"": 768, ""vocab_size"": 30000}",/Users/rajeshpmu/Desktop/LegalMemoCMT/data/processed/phase2/clancy/turn_clips/audio/DCBWoWhsTpA/DCBWoWhsTpA_turn05931.wav,OK,,0.421372,0.361042,0.361042,0.459751,3loi/SER-Odyssey-Baseline-WavLM-Multi-Attributes,OK,neu,0.999976,speechbrain/emotion-recognition-wav2vec2-IEMOCAP,OK,NO,QUOTED_SPEECH,quote or reported speech marker,LOW,LOW,LOW,NEUTRAL_CANDIDATE,neutral,neutral,neutral,0.720000,neutral,0.720000,"calm courtroom presentation with neutral acoustic evidence, low/moderate excitement, and non-self emotion target",NO,CALM_COMPOSED,1,low_or_moderate_audio_arousal;speechbrain_neutral
DCBWoWhsTpA_turn05935,DCBWoWhsTpA_turn05935,DCBWoWhsTpA,https://www.youtube.com/live/DCBWoWhsTpA,LIVE: Lindsay Clancy trial Day 14,full_trial_stream,5,/Users/rajeshpmu/Desktop/LegalMemoCMT/data/phase2/clancy/corpus/raw/live-lindsay-clancy-trial-day-14/live-lindsay-clancy-trial-day-14_DCBWoWhsTpA.en.vtt,/Users/rajeshpmu/Desktop/LegalMemoCMT/data/processed/phase2/clancy/turn_clips/video/DCBWoWhsTpA/DCBWoWhsTpA_turn05935.mp4,/Users/rajeshpmu/Desktop/LegalMemoCMT/data/processed/phase2/clancy/turn_clips/audio/DCBWoWhsTpA/DCBWoWhsTpA_turn05935.wav,DCBWoWhsTpA,group_by_youtube_id,dev,neutral,text_keyword_heuristic,LOW,NO,"audio and courtroom-affect evidence support neutral, but emotion target is unresolved",YES,"Uh since around 2013, well over a thousand phones","Uh since around 2013, well over a thousand phones",00:09:52.104,00:09:55.947,3.843,3.843,marker,MEDIUM,1,5,"DCBWoWhsTpA_utt00403#p02,DCBWoWhsTpA_utt00404#p01,DCBWoWhsTpA_utt00405#p01,DCBWoWhsTpA_utt00406#p01,DCBWoWhsTpA_utt00407#p01","DCBWoWhsTpA_utt00403,DCBWoWhsTpA_utt00404,DCBWoWhsTpA_utt00405,DCBWoWhsTpA_utt00406,DCBWoWhsTpA_utt00407",5,/Users/rajeshpmu/Desktop/LegalMemoCMT/data/phase2/clancy/corpus/raw/live-lindsay-clancy-trial-day-14/live-lindsay-clancy-trial-day-14_DCBWoWhsTpA.mp4,/Users/rajeshpmu/Desktop/LegalMemoCMT/data/phase2/clancy/corpus/raw/live-lindsay-clancy-trial-day-14/live-lindsay-clancy-trial-day-14_DCBWoWhsTpA.wav,/Users/rajeshpmu/Desktop/LegalMemoCMT/data/processed/phase2/clancy/turn_clips/video/DCBWoWhsTpA/DCBWoWhsTpA_turn05935.mp4,/Users/rajeshpmu/Desktop/LegalMemoCMT/data/processed/phase2/clancy/turn_clips/audio/DCBWoWhsTpA/DCBWoWhsTpA_turn05935.wav,592.104,595.947,3.843,created,00:09:52.104,00:09:55.947,0.0,default_zero,SPEAKER_18,2.889,pyannote/speaker-diarization-3.1,Witness,manual_verified_diarization,HIGH,YES,SPEAKING,Witness,YES,Witness 15 identified by manual audio/video review,INCLUDE,,YES,speaker_role=Witness,split_dev;usable,"usable because speaker_role=Witness, witness_speaking_status=SPEAKING, clip_status=created, duration=3.843s, and source is not excluded",YES,0.6,HIGH,manual_clip_review,HUMAN_VERIFIED,/Users/rajeshpmu/Desktop/LegalMemoCMT/data/processed/phase2/clancy/turn_clips/video/DCBWoWhsTpA/DCBWoWhsTpA_turn05935.mp4,/Users/rajeshpmu/Desktop/LegalMemoCMT/data/processed/phase2/clancy/vit_facecrop_embeddings/DCBWoWhsTpA/DCBWoWhsTpA_turn05935.npy,created,neutral,0.720322,1.020577,"{""anger"": 0.038199, ""disgust"": 0.038089, ""fear"": 0.019601, ""joy"": 0.107967, ""neutral"": 0.720322, ""sadness"": 0.069351, ""surprise"": 0.00647}",/Users/rajeshpmu/Desktop/LegalMemoCMT/results/facial_cues/meld_vit_facecrop_gated_video_aux/fold_4/best_model.pt,phase1_meld_checkpoint_pseudo_label,"audio,text,video","audio,text,video","{""audio_dim"": 128, ""audio_model_name"": ""facebook/hubert-base-ls960"", ""dropout"": 0.1, ""encoder_mode"": ""paper"", ""freeze_audio_backbone"": false, ""freeze_text_backbone"": false, ""fusion_dim"": 256, ""fusion_mode"": ""gated"", ""fusion_pooling"": ""min"", ""max_audio_len"": 256, ""max_text_len"": 128, ""max_video_len"": 32, ""num_classes"": 7, ""num_heads"": 4, ""num_layers"": 2, ""text_dim"": 256, ""text_model_name"": ""bert-base-uncased"", ""use_video"": true, ""video_dim"": 768, ""vocab_size"": 30000}",/Users/rajeshpmu/Desktop/LegalMemoCMT/data/processed/phase2/clancy/turn_clips/audio/DCBWoWhsTpA/DCBWoWhsTpA_turn05935.wav,OK,,0.488655,0.412108,0.412108,0.499369,3loi/SER-Odyssey-Baseline-WavLM-Multi-Attributes,OK,neu,0.998721,speechbrain/emotion-recognition-wav2vec2-IEMOCAP,OK,NO,UNCLEAR,no explicit emotion-target evidence,LOW,LOW,LOW,NEUTRAL_CANDIDATE,neutral,neutral,neutral,0.580000,neutral,0.580000,"audio and courtroom-affect evidence support neutral, but emotion target is unresolved",NO,CALM_COMPOSED,1,low_or_moderate_audio_arousal;speechbrain_neutral
DCBWoWhsTpA_turn05938,DCBWoWhsTpA_turn05938,DCBWoWhsTpA,https://www.youtube.com/live/DCBWoWhsTpA,LIVE: Lindsay Clancy trial Day 14,full_trial_stream,5,/Users/rajeshpmu/Desktop/LegalMemoCMT/data/phase2/clancy/corpus/raw/live-lindsay-clancy-trial-day-14/live-lindsay-clancy-trial-day-14_DCBWoWhsTpA.en.vtt,/Users/rajeshpmu/Desktop/LegalMemoCMT/data/processed/phase2/clancy/turn_clips/video/DCBWoWhsTpA/DCBWoWhsTpA_turn05938.mp4,/Users/rajeshpmu/Desktop/LegalMemoCMT/data/processed/phase2/clancy/turn_clips/audio/DCBWoWhsTpA/DCBWoWhsTpA_turn05938.wav,DCBWoWhsTpA,group_by_youtube_id,dev,neutral,text_keyword_heuristic,LOW,NO,"calm courtroom presentation with neutral acoustic evidence, low/moderate excitement, and non-self emotion target",YES,"Correct. Yeah. Um whenever I'm helping customers uh or or users of our tools, they may pro provide me with the extracted data. Uh so the the data which I'm analyzing is more than the devices I've extracted.","Correct. Yeah. Um whenever I'm helping customers uh or or users of our tools, they may pro provide me with the extracted data. Uh so the the data which I'm analyzing is more than the devices I've extracted.",00:10:19.484,00:10:33.139,13.655,13.655,marker,MEDIUM,1,13,"DCBWoWhsTpA_utt00429#p02,DCBWoWhsTpA_utt00430#p01,DCBWoWhsTpA_utt00431#p01,DCBWoWhsTpA_utt00432#p01,DCBWoWhsTpA_utt00433#p01,DCBWoWhsTpA_utt00434#p01,DCBWoWhsTpA_utt00435#p01,DCBWoWhsTpA_utt00436#p01,DCBWoWhsTpA_utt00437#p01,DCBWoWhsTpA_utt00438#p01,DCBWoWhsTpA_utt00439#p01,DCBWoWhsTpA_utt00440#p01,DCBWoWhsTpA_utt00441#p01","DCBWoWhsTpA_utt00429,DCBWoWhsTpA_utt00430,DCBWoWhsTpA_utt00431,DCBWoWhsTpA_utt00432,DCBWoWhsTpA_utt00433,DCBWoWhsTpA_utt00434,DCBWoWhsTpA_utt00435,DCBWoWhsTpA_utt00436,DCBWoWhsTpA_utt00437,DCBWoWhsTpA_utt00438,DCBWoWhsTpA_utt00439,DCBWoWhsTpA_utt00440,DCBWoWhsTpA_utt00441",13,/Users/rajeshpmu/Desktop/LegalMemoCMT/data/phase2/clancy/corpus/raw/live-lindsay-clancy-trial-day-14/live-lindsay-clancy-trial-day-14_DCBWoWhsTpA.mp4,/Users/rajeshpmu/Desktop/LegalMemoCMT/data/phase2/clancy/corpus/raw/live-lindsay-clancy-trial-day-14/live-lindsay-clancy-trial-day-14_DCBWoWhsTpA.wav,/Users/rajeshpmu/Desktop/LegalMemoCMT/data/processed/phase2/clancy/turn_clips/video/DCBWoWhsTpA/DCBWoWhsTpA_turn05938.mp4,/Users/rajeshpmu/Desktop/LegalMemoCMT/data/processed/phase2/clancy/turn_clips/audio/DCBWoWhsTpA/DCBWoWhsTpA_turn05938.wav,619.484,633.139,13.655,created,00:10:19.484,00:10:33.139,0.0,default_zero,SPEAKER_18,9.377,pyannote/speaker-diarization-3.1,Witness,manual_verified_diarization,HIGH,YES,SPEAKING,Witness,YES,Witness 15 identified by manual audio/video review,INCLUDE,,YES,speaker_role=Witness,split_dev;usable,"usable because speaker_role=Witness, witness_speaking_status=SPEAKING, clip_status=created, duration=13.655s, and source is not excluded",YES,0.6,HIGH,manual_clip_review,HUMAN_VERIFIED,/Users/rajeshpmu/Desktop/LegalMemoCMT/data/processed/phase2/clancy/turn_clips/video/DCBWoWhsTpA/DCBWoWhsTpA_turn05938.mp4,/Users/rajeshpmu/Desktop/LegalMemoCMT/data/processed/phase2/clancy/vit_facecrop_embeddings/DCBWoWhsTpA/DCBWoWhsTpA_turn05938.npy,created,neutral,0.917971,0.392033,"{""anger"": 0.026122, ""disgust"": 0.000654, ""fear"": 0.003105, ""joy"": 0.034786, ""neutral"": 0.917971, ""sadness"": 0.014146, ""surprise"": 0.003215}",/Users/rajeshpmu/Desktop/LegalMemoCMT/results/facial_cues/meld_vit_facecrop_gated_video_aux/fold_4/best_model.pt,phase1_meld_checkpoint_pseudo_label,"audio,text,video","audio,text,video","{""audio_dim"": 128, ""audio_model_name"": ""facebook/hubert-base-ls960"", ""dropout"": 0.1, ""encoder_mode"": ""paper"", ""freeze_audio_backbone"": false, ""freeze_text_backbone"": false, ""fusion_dim"": 256, ""fusion_mode"": ""gated"", ""fusion_pooling"": ""min"", ""max_audio_len"": 256, ""max_text_len"": 128, ""max_video_len"": 32, ""num_classes"": 7, ""num_heads"": 4, ""num_layers"": 2, ""text_dim"": 256, ""text_model_name"": ""bert-base-uncased"", ""use_video"": true, ""video_dim"": 768, ""vocab_size"": 30000}",/Users/rajeshpmu/Desktop/LegalMemoCMT/data/processed/phase2/clancy/turn_clips/audio/DCBWoWhsTpA/DCBWoWhsTpA_turn05938.wav,OK,,0.527746,0.410525,0.410525,0.498879,3loi/SER-Odyssey-Baseline-WavLM-Multi-Attributes,OK,neu,1.0,speechbrain/emotion-recognition-wav2vec2-IEMOCAP,OK,NO,QUOTED_SPEECH,quote or reported speech marker,LOW,LOW,LOW,NEUTRAL_CANDIDATE,neutral,neutral,neutral,0.720000,neutral,0.720000,"calm courtroom presentation with neutral acoustic evidence, low/moderate excitement, and non-self emotion target",NO,CALM_COMPOSED,1,low_or_moderate_audio_arousal;speechbrain_neutral
DCBWoWhsTpA_turn05943,DCBWoWhsTpA_turn05943,DCBWoWhsTpA,https://www.youtube.com/live/DCBWoWhsTpA,LIVE: Lindsay Clancy trial Day 14,full_trial_stream,5,/Users/rajeshpmu/Desktop/LegalMemoCMT/data/phase2/clancy/corpus/raw/live-lindsay-clancy-trial-day-14/live-lindsay-clancy-trial-day-14_DCBWoWhsTpA.en.vtt,/Users/rajeshpmu/Desktop/LegalMemoCMT/data/processed/phase2/clancy/turn_clips/video/DCBWoWhsTpA/DCBWoWhsTpA_turn05943.mp4,/Users/rajeshpmu/Desktop/LegalMemoCMT/data/processed/phase2/clancy/turn_clips/audio/DCBWoWhsTpA/DCBWoWhsTpA_turn05943.wav,DCBWoWhsTpA,group_by_youtube_id,dev,neutral,text_keyword_heuristic,LOW,NO,"calm courtroom presentation with neutral acoustic evidence, low/moderate excitement, and non-self emotion target",YES,"Uh typically when I'm working a case, I don't want to know a lot of detail. I'd rather uh come to my own conclusions. based on the data that I'm viewing rather than, you know, not know the intricacies of the case. All I require is an outline, the uh the date that something happened, the the time, who was involved, basic information.","Uh typically when I'm working a case, I don't want to know a lot of detail. I'd rather uh come to my own conclusions. based on the data that I'm viewing rather than, you know, not know the intricacies of the case. All I require is an outline, the uh the date that something happened, the the time, who was involved, basic information.",00:11:01.070,00:11:22.316,21.246,21.246,marker,MEDIUM,1,19,"DCBWoWhsTpA_utt00469#p02,DCBWoWhsTpA_utt00470#p01,DCBWoWhsTpA_utt00471#p01,DCBWoWhsTpA_utt00472#p01,DCBWoWhsTpA_utt00473#p01,DCBWoWhsTpA_utt00474#p01,DCBWoWhsTpA_utt00475#p01,DCBWoWhsTpA_utt00476#p01,DCBWoWhsTpA_utt00477#p01,DCBWoWhsTpA_utt00478#p01,DCBWoWhsTpA_utt00479#p01,DCBWoWhsTpA_utt00480#p01,DCBWoWhsTpA_utt00481#p01,DCBWoWhsTpA_utt00482#p01,DCBWoWhsTpA_utt00483#p01,DCBWoWhsTpA_utt00484#p01,DCBWoWhsTpA_utt00485#p01,DCBWoWhsTpA_utt00486#p01,DCBWoWhsTpA_utt00487#p01","DCBWoWhsTpA_utt00469,DCBWoWhsTpA_utt00470,DCBWoWhsTpA_utt00471,DCBWoWhsTpA_utt00472,DCBWoWhsTpA_utt00473,DCBWoWhsTpA_utt00474,DCBWoWhsTpA_utt00475,DCBWoWhsTpA_utt00476,DCBWoWhsTpA_utt00477,DCBWoWhsTpA_utt00478,DCBWoWhsTpA_utt00479,DCBWoWhsTpA_utt00480,DCBWoWhsTpA_utt00481,DCBWoWhsTpA_utt00482,DCBWoWhsTpA_utt00483,DCBWoWhsTpA_utt00484,DCBWoWhsTpA_utt00485,DCBWoWhsTpA_utt00486,DCBWoWhsTpA_utt00487",19,/Users/rajeshpmu/Desktop/LegalMemoCMT/data/phase2/clancy/corpus/raw/live-lindsay-clancy-trial-day-14/live-lindsay-clancy-trial-day-14_DCBWoWhsTpA.mp4,/Users/rajeshpmu/Desktop/LegalMemoCMT/data/phase2/clancy/corpus/raw/live-lindsay-clancy-trial-day-14/live-lindsay-clancy-trial-day-14_DCBWoWhsTpA.wav,/Users/rajeshpmu/Desktop/LegalMemoCMT/data/processed/phase2/clancy/turn_clips/video/DCBWoWhsTpA/DCBWoWhsTpA_turn05943.mp4,/Users/rajeshpmu/Desktop/LegalMemoCMT/data/processed/phase2/clancy/turn_clips/audio/DCBWoWhsTpA/DCBWoWhsTpA_turn05943.wav,661.07,682.316,21.246,created,00:11:01.070,00:11:22.316,0.0,default_zero,SPEAKER_18,14.192,pyannote/speaker-diarization-3.1,Witness,manual_verified_diarization,HIGH,YES,SPEAKING,Witness,YES,Witness 15 identified by manual audio/video review,INCLUDE,,YES,speaker_role=Witness,split_dev;usable,"usable because speaker_role=Witness, witness_speaking_status=SPEAKING, clip_status=created, duration=21.246s, and source is not excluded",YES,0.6,HIGH,manual_clip_review,HUMAN_VERIFIED,/Users/rajeshpmu/Desktop/LegalMemoCMT/data/processed/phase2/clancy/turn_clips/video/DCBWoWhsTpA/DCBWoWhsTpA_turn05943.mp4,/Users/rajeshpmu/Desktop/LegalMemoCMT/data/processed/phase2/clancy/vit_facecrop_embeddings/DCBWoWhsTpA/DCBWoWhsTpA_turn05943.npy,created,neutral,0.880276,0.540015,"{""anger"": 0.032432, ""disgust"": 0.002361, ""fear"": 0.005987, ""joy"": 0.042064, ""neutral"": 0.880276, ""sadness"": 0.03071, ""surprise"": 0.00617}",/Users/rajeshpmu/Desktop/LegalMemoCMT/results/facial_cues/meld_vit_facecrop_gated_video_aux/fold_4/best_model.pt,phase1_meld_checkpoint_pseudo_label,"audio,text,video","audio,text,video","{""audio_dim"": 128, ""audio_model_name"": ""facebook/hubert-base-ls960"", ""dropout"": 0.1, ""encoder_mode"": ""paper"", ""freeze_audio_backbone"": false, ""freeze_text_backbone"": false, ""fusion_dim"": 256, ""fusion_mode"": ""gated"", ""fusion_pooling"": ""min"", ""max_audio_len"": 256, ""max_text_len"": 128, ""max_video_len"": 32, ""num_classes"": 7, ""num_heads"": 4, ""num_layers"": 2, ""text_dim"": 256, ""text_model_name"": ""bert-base-uncased"", ""use_video"": true, ""video_dim"": 768, ""vocab_size"": 30000}",/Users/rajeshpmu/Desktop/LegalMemoCMT/data/processed/phase2/clancy/turn_clips/audio/DCBWoWhsTpA/DCBWoWhsTpA_turn05943.wav,OK,,0.416574,0.363104,0.363104,0.448846,3loi/SER-Odyssey-Baseline-WavLM-Multi-Attributes,OK,neu,1.0,speechbrain/emotion-recognition-wav2vec2-IEMOCAP,OK,NO,QUOTED_SPEECH,quote or reported speech marker,LOW,LOW,LOW,NEUTRAL_CANDIDATE,neutral,neutral,neutral,0.720000,neutral,0.720000,"calm courtroom presentation with neutral acoustic evidence, low/moderate excitement, and non-self emotion target",NO,CALM_COMPOSED,1,low_or_moderate_audio_arousal;speechbrain_neutral
DCBWoWhsTpA_turn05945,DCBWoWhsTpA_turn05945,DCBWoWhsTpA,https://www.youtube.com/live/DCBWoWhsTpA,LIVE: Lindsay Clancy trial Day 14,full_trial_stream,5,/Users/rajeshpmu/Desktop/LegalMemoCMT/data/phase2/clancy/corpus/raw/live-lindsay-clancy-trial-day-14/live-lindsay-clancy-trial-day-14_DCBWoWhsTpA.en.vtt,/Users/rajeshpmu/Desktop/LegalMemoCMT/data/processed/phase2/clancy/turn_clips/video/DCBWoWhsTpA/DCBWoWhsTpA_turn05945.mp4,/Users/rajeshpmu/Desktop/LegalMemoCMT/data/processed/phase2/clancy/turn_clips/audio/DCBWoWhsTpA/DCBWoWhsTpA_turn05945.wav,DCBWoWhsTpA,group_by_youtube_id,dev,neutral,text_keyword_heuristic,LOW,NO,"calm courtroom presentation with neutral acoustic evidence, low/moderate excitement, and non-self emotion target",YES,That's what's called a full file system extraction. It's essentially all of the data which is being extracted from the device that is uh still live.,That's what's called a full file system extraction. It's essentially all of the data which is being extracted from the device that is uh still live.,00:11:31.269,00:11:40.106,8.837,8.837,marker,MEDIUM,1,9,"DCBWoWhsTpA_utt00495#p02,DCBWoWhsTpA_utt00496#p01,DCBWoWhsTpA_utt00497#p01,DCBWoWhsTpA_utt00498#p01,DCBWoWhsTpA_utt00499#p01,DCBWoWhsTpA_utt00500#p01,DCBWoWhsTpA_utt00501#p01,DCBWoWhsTpA_utt00502#p01,DCBWoWhsTpA_utt00503#p01","DCBWoWhsTpA_utt00495,DCBWoWhsTpA_utt00496,DCBWoWhsTpA_utt00497,DCBWoWhsTpA_utt00498,DCBWoWhsTpA_utt00499,DCBWoWhsTpA_utt00500,DCBWoWhsTpA_utt00501,DCBWoWhsTpA_utt00502,DCBWoWhsTpA_utt00503",9,/Users/rajeshpmu/Desktop/LegalMemoCMT/data/phase2/clancy/corpus/raw/live-lindsay-clancy-trial-day-14/live-lindsay-clancy-trial-day-14_DCBWoWhsTpA.mp4,/Users/rajeshpmu/Desktop/LegalMemoCMT/data/phase2/clancy/corpus/raw/live-lindsay-clancy-trial-day-14/live-lindsay-clancy-trial-day-14_DCBWoWhsTpA.wav,/Users/rajeshpmu/Desktop/LegalMemoCMT/data/processed/phase2/clancy/turn_clips/video/DCBWoWhsTpA/DCBWoWhsTpA_turn05945.mp4,/Users/rajeshpmu/Desktop/LegalMemoCMT/data/processed/phase2/clancy/turn_clips/audio/DCBWoWhsTpA/DCBWoWhsTpA_turn05945.wav,691.269,700.106,8.837,created,00:11:31.269,00:11:40.106,0.0,default_zero,SPEAKER_18,6.931,pyannote/speaker-diarization-3.1,Witness,manual_verified_diarization,HIGH,YES,SPEAKING,Witness,YES,Witness 15 identified by manual audio/video review,INCLUDE,,YES,speaker_role=Witness,split_dev;usable,"usable because speaker_role=Witness, witness_speaking_status=SPEAKING, clip_status=created, duration=8.837s, and source is not excluded",YES,0.6,HIGH,manual_clip_review,HUMAN_VERIFIED,/Users/rajeshpmu/Desktop/LegalMemoCMT/data/processed/phase2/clancy/turn_clips/video/DCBWoWhsTpA/DCBWoWhsTpA_turn05945.mp4,/Users/rajeshpmu/Desktop/LegalMemoCMT/data/processed/phase2/clancy/vit_facecrop_embeddings/DCBWoWhsTpA/DCBWoWhsTpA_turn05945.npy,created,neutral,0.927921,0.357553,"{""anger"": 0.02008, ""disgust"": 0.002511, ""fear"": 0.004516, ""joy"": 0.034661, ""neutral"": 0.927921, ""sadness"": 0.003402, ""surprise"": 0.006909}",/Users/rajeshpmu/Desktop/LegalMemoCMT/results/facial_cues/meld_vit_facecrop_gated_video_aux/fold_4/best_model.pt,phase1_meld_checkpoint_pseudo_label,"audio,text,video","audio,text,video","{""audio_dim"": 128, ""audio_model_name"": ""facebook/hubert-base-ls960"", ""dropout"": 0.1, ""encoder_mode"": ""paper"", ""freeze_audio_backbone"": false, ""freeze_text_backbone"": false, ""fusion_dim"": 256, ""fusion_mode"": ""gated"", ""fusion_pooling"": ""min"", ""max_audio_len"": 256, ""max_text_len"": 128, ""max_video_len"": 32, ""num_classes"": 7, ""num_heads"": 4, ""num_layers"": 2, ""text_dim"": 256, ""text_model_name"": ""bert-base-uncased"", ""use_video"": true, ""video_dim"": 768, ""vocab_size"": 30000}",/Users/rajeshpmu/Desktop/LegalMemoCMT/data/processed/phase2/clancy/turn_clips/audio/DCBWoWhsTpA/DCBWoWhsTpA_turn05945.wav,OK,,0.516054,0.407565,0.407565,0.496812,3loi/SER-Odyssey-Baseline-WavLM-Multi-Attributes,OK,neu,1.0,speechbrain/emotion-recognition-wav2vec2-IEMOCAP,OK,NO,QUOTED_SPEECH,quote or reported speech marker,LOW,LOW,LOW,NEUTRAL_CANDIDATE,neutral,neutral,neutral,0.720000,neutral,0.720000,"calm courtroom presentation with neutral acoustic evidence, low/moderate excitement, and non-self emotion target",NO,CALM_COMPOSED,1,low_or_moderate_audio_arousal;speechbrain_neutral
DCBWoWhsTpA_turn05947,DCBWoWhsTpA_turn05947,DCBWoWhsTpA,https://www.youtube.com/live/DCBWoWhsTpA,LIVE: Lindsay Clancy trial Day 14,full_trial_stream,5,/Users/rajeshpmu/Desktop/LegalMemoCMT/data/phase2/clancy/corpus/raw/live-lindsay-clancy-trial-day-14/live-lindsay-clancy-trial-day-14_DCBWoWhsTpA.en.vtt,/Users/rajeshpmu/Desktop/LegalMemoCMT/data/processed/phase2/clancy/turn_clips/video/DCBWoWhsTpA/DCBWoWhsTpA_turn05947.mp4,/Users/rajeshpmu/Desktop/LegalMemoCMT/data/processed/phase2/clancy/turn_clips/audio/DCBWoWhsTpA/DCBWoWhsTpA_turn05947.wav,DCBWoWhsTpA,group_by_youtube_id,dev,neutral,text_keyword_heuristic,LOW,NO,"calm courtroom presentation with neutral acoustic evidence, low/moderate excitement, and non-self emotion target",YES,"Uh yes, there's the Cellbrite physical analyzer tool created by Cellbrite and also my own tooling uh applications I've been working on for for several years.","Uh yes, there's the Cellbrite physical analyzer tool created by Cellbrite and also my own tooling uh applications I've been working on for for several years.",00:11:43.942,00:11:54.515,10.573,10.573,marker,MEDIUM,1,9,"DCBWoWhsTpA_utt00507#p02,DCBWoWhsTpA_utt00508#p01,DCBWoWhsTpA_utt00509#p01,DCBWoWhsTpA_utt00510#p01,DCBWoWhsTpA_utt00511#p01,DCBWoWhsTpA_utt00512#p01,DCBWoWhsTpA_utt00513#p01,DCBWoWhsTpA_utt00514#p01,DCBWoWhsTpA_utt00515#p01","DCBWoWhsTpA_utt00507,DCBWoWhsTpA_utt00508,DCBWoWhsTpA_utt00509,DCBWoWhsTpA_utt00510,DCBWoWhsTpA_utt00511,DCBWoWhsTpA_utt00512,DCBWoWhsTpA_utt00513,DCBWoWhsTpA_utt00514,DCBWoWhsTpA_utt00515",9,/Users/rajeshpmu/Desktop/LegalMemoCMT/data/phase2/clancy/corpus/raw/live-lindsay-clancy-trial-day-14/live-lindsay-clancy-trial-day-14_DCBWoWhsTpA.mp4,/Users/rajeshpmu/Desktop/LegalMemoCMT/data/phase2/clancy/corpus/raw/live-lindsay-clancy-trial-day-14/live-lindsay-clancy-trial-day-14_DCBWoWhsTpA.wav,/Users/rajeshpmu/Desktop/LegalMemoCMT/data/processed/phase2/clancy/turn_clips/video/DCBWoWhsTpA/DCBWoWhsTpA_turn05947.mp4,/Users/rajeshpmu/Desktop/LegalMemoCMT/data/processed/phase2/clancy/turn_clips/audio/DCBWoWhsTpA/DCBWoWhsTpA_turn05947.wav,703.942,714.515,10.573,created,00:11:43.942,00:11:54.515,0.0,default_zero,SPEAKER_18,8.67,pyannote/speaker-diarization-3.1,Witness,manual_verified_diarization,HIGH,YES,SPEAKING,Witness,YES,Witness 15 identified by manual audio/video review,INCLUDE,,YES,speaker_role=Witness,split_dev;usable,"usable because speaker_role=Witness, witness_speaking_status=SPEAKING, clip_status=created, duration=10.573s, and source is not excluded",YES,0.6,HIGH,manual_clip_review,HUMAN_VERIFIED,/Users/rajeshpmu/Desktop/LegalMemoCMT/data/processed/phase2/clancy/turn_clips/video/DCBWoWhsTpA/DCBWoWhsTpA_turn05947.mp4,/Users/rajeshpmu/Desktop/LegalMemoCMT/data/processed/phase2/clancy/vit_facecrop_embeddings/DCBWoWhsTpA/DCBWoWhsTpA_turn05947.npy,created,neutral,0.921318,0.378663,"{""anger"": 0.039799, ""disgust"": 0.001509, ""fear"": 0.00664, ""joy"": 0.018051, ""neutral"": 0.921318, ""sadness"": 0.011517, ""surprise"": 0.001166}",/Users/rajeshpmu/Desktop/LegalMemoCMT/results/facial_cues/meld_vit_facecrop_gated_video_aux/fold_4/best_model.pt,phase1_meld_checkpoint_pseudo_label,"audio,text,video","audio,text,video","{""audio_dim"": 128, ""audio_model_name"": ""facebook/hubert-base-ls960"", ""dropout"": 0.1, ""encoder_mode"": ""paper"", ""freeze_audio_backbone"": false, ""freeze_text_backbone"": false, ""fusion_dim"": 256, ""fusion_mode"": ""gated"", ""fusion_pooling"": ""min"", ""max_audio_len"": 256, ""max_text_len"": 128, ""max_video_len"": 32, ""num_classes"": 7, ""num_heads"": 4, ""num_layers"": 2, ""text_dim"": 256, ""text_model_name"": ""bert-base-uncased"", ""use_video"": true, ""video_dim"": 768, ""vocab_size"": 30000}",/Users/rajeshpmu/Desktop/LegalMemoCMT/data/processed/phase2/clancy/turn_clips/audio/DCBWoWhsTpA/DCBWoWhsTpA_turn05947.wav,OK,,0.572446,0.401115,0.401115,0.49193,3loi/SER-Odyssey-Baseline-WavLM-Multi-Attributes,OK,neu,1.0,speechbrain/emotion-recognition-wav2vec2-IEMOCAP,OK,NO,QUOTED_SPEECH,quote or reported speech marker,LOW,LOW,LOW,NEUTRAL_CANDIDATE,neutral,neutral,neutral,0.720000,neutral,0.720000,"calm courtroom presentation with neutral acoustic evidence, low/moderate excitement, and non-self emotion target",NO,CALM_COMPOSED,1,low_or_moderate_audio_arousal;speechbrain_neutral
DCBWoWhsTpA_turn05949,DCBWoWhsTpA_turn05949,DCBWoWhsTpA,https://www.youtube.com/live/DCBWoWhsTpA,LIVE: Lindsay Clancy trial Day 14,full_trial_stream,5,/Users/rajeshpmu/Desktop/LegalMemoCMT/data/phase2/clancy/corpus/raw/live-lindsay-clancy-trial-day-14/live-lindsay-clancy-trial-day-14_DCBWoWhsTpA.en.vtt,/Users/rajeshpmu/Desktop/LegalMemoCMT/data/processed/phase2/clancy/turn_clips/video/DCBWoWhsTpA/DCBWoWhsTpA_turn05949.mp4,/Users/rajeshpmu/Desktop/LegalMemoCMT/data/processed/phase2/clancy/turn_clips/audio/DCBWoWhsTpA/DCBWoWhsTpA_turn05949.wav,DCBWoWhsTpA,group_by_youtube_id,dev,neutral,text_keyword_heuristic,LOW,NO,"calm courtroom presentation with neutral acoustic evidence, low/moderate excitement, and non-self emotion target",YES,Correct. There's some tools that I've been working on since prior to joining Cellbrite. Uh tools that as an examiner I decided that I needed to to create for myself uh and make available to others. Uh and I still use use those tools to this day.,Correct. There's some tools that I've been working on since prior to joining Cellbrite. Uh tools that as an examiner I decided that I needed to to create for myself uh and make available to others. Uh and I still use use those tools to this day.,00:11:58.981,00:12:14.446,15.465,15.465,marker,MEDIUM,1,15,"DCBWoWhsTpA_utt00521#p02,DCBWoWhsTpA_utt00522#p01,DCBWoWhsTpA_utt00523#p01,DCBWoWhsTpA_utt00524#p01,DCBWoWhsTpA_utt00525#p01,DCBWoWhsTpA_utt00526#p01,DCBWoWhsTpA_utt00527#p01,DCBWoWhsTpA_utt00528#p01,DCBWoWhsTpA_utt00529#p01,DCBWoWhsTpA_utt00530#p01,DCBWoWhsTpA_utt00531#p01,DCBWoWhsTpA_utt00532#p01,DCBWoWhsTpA_utt00533#p01,DCBWoWhsTpA_utt00534#p01,DCBWoWhsTpA_utt00535#p01","DCBWoWhsTpA_utt00521,DCBWoWhsTpA_utt00522,DCBWoWhsTpA_utt00523,DCBWoWhsTpA_utt00524,DCBWoWhsTpA_utt00525,DCBWoWhsTpA_utt00526,DCBWoWhsTpA_utt00527,DCBWoWhsTpA_utt00528,DCBWoWhsTpA_utt00529,DCBWoWhsTpA_utt00530,DCBWoWhsTpA_utt00531,DCBWoWhsTpA_utt00532,DCBWoWhsTpA_utt00533,DCBWoWhsTpA_utt00534,DCBWoWhsTpA_utt00535",15,/Users/rajeshpmu/Desktop/LegalMemoCMT/data/phase2/clancy/corpus/raw/live-lindsay-clancy-trial-day-14/live-lindsay-clancy-trial-day-14_DCBWoWhsTpA.mp4,/Users/rajeshpmu/Desktop/LegalMemoCMT/data/phase2/clancy/corpus/raw/live-lindsay-clancy-trial-day-14/live-lindsay-clancy-trial-day-14_DCBWoWhsTpA.wav,/Users/rajeshpmu/Desktop/LegalMemoCMT/data/processed/phase2/clancy/turn_clips/video/DCBWoWhsTpA/DCBWoWhsTpA_turn05949.mp4,/Users/rajeshpmu/Desktop/LegalMemoCMT/data/processed/phase2/clancy/turn_clips/audio/DCBWoWhsTpA/DCBWoWhsTpA_turn05949.wav,718.981,734.446,15.465,created,00:11:58.981,00:12:14.446,0.0,default_zero,SPEAKER_18,10.826,pyannote/speaker-diarization-3.1,Witness,manual_verified_diarization,HIGH,YES,SPEAKING,Witness,YES,Witness 15 identified by manual audio/video review,INCLUDE,,YES,speaker_role=Witness,split_dev;usable,"usable because speaker_role=Witness, witness_speaking_status=SPEAKING, clip_status=created, duration=15.465s, and source is not excluded",YES,0.6,HIGH,manual_clip_review,HUMAN_VERIFIED,/Users/rajeshpmu/Desktop/LegalMemoCMT/data/processed/phase2/clancy/turn_clips/video/DCBWoWhsTpA/DCBWoWhsTpA_turn05949.mp4,/Users/rajeshpmu/Desktop/LegalMemoCMT/data/processed/phase2/clancy/vit_facecrop_embeddings/DCBWoWhsTpA/DCBWoWhsTpA_turn05949.npy,created,neutral,0.899489,0.466294,"{""anger"": 0.040543, ""disgust"": 0.001065, ""fear"": 0.010668, ""joy"": 0.031443, ""neutral"": 0.899489, ""sadness"": 0.013767, ""surprise"": 0.003026}",/Users/rajeshpmu/Desktop/LegalMemoCMT/results/facial_cues/meld_vit_facecrop_gated_video_aux/fold_4/best_model.pt,phase1_meld_checkpoint_pseudo_label,"audio,text,video","audio,text,video","{""audio_dim"": 128, ""audio_model_name"": ""facebook/hubert-base-ls960"", ""dropout"": 0.1, ""encoder_mode"": ""paper"", ""freeze_audio_backbone"": false, ""freeze_text_backbone"": false, ""fusion_dim"": 256, ""fusion_mode"": ""gated"", ""fusion_pooling"": ""min"", ""max_audio_len"": 256, ""max_text_len"": 128, ""max_video_len"": 32, ""num_classes"": 7, ""num_heads"": 4, ""num_layers"": 2, ""text_dim"": 256, ""text_model_name"": ""bert-base-uncased"", ""use_video"": true, ""video_dim"": 768, ""vocab_size"": 30000}",/Users/rajeshpmu/Desktop/LegalMemoCMT/data/processed/phase2/clancy/turn_clips/audio/DCBWoWhsTpA/DCBWoWhsTpA_turn05949.wav,OK,,0.548955,0.386455,0.386455,0.484456,3loi/SER-Odyssey-Baseline-WavLM-Multi-Attributes,OK,neu,1.0,speechbrain/emotion-recognition-wav2vec2-IEMOCAP,OK,NO,QUOTED_SPEECH,quote or reported speech marker,LOW,LOW,LOW,NEUTRAL_CANDIDATE,neutral,neutral,neutral,0.720000,neutral,0.720000,"calm courtroom presentation with neutral acoustic evidence, low/moderate excitement, and non-self emotion target",NO,CALM_COMPOSED,1,low_or_moderate_audio_arousal;speechbrain_neutral
DCBWoWhsTpA_turn05952,DCBWoWhsTpA_turn05952,DCBWoWhsTpA,https://www.youtube.com/live/DCBWoWhsTpA,LIVE: Lindsay Clancy trial Day 14,full_trial_stream,5,/Users/rajeshpmu/Desktop/LegalMemoCMT/data/phase2/clancy/corpus/raw/live-lindsay-clancy-trial-day-14/live-lindsay-clancy-trial-day-14_DCBWoWhsTpA.en.vtt,/Users/rajeshpmu/Desktop/LegalMemoCMT/data/processed/phase2/clancy/turn_clips/video/DCBWoWhsTpA/DCBWoWhsTpA_turn05952.mp4,/Users/rajeshpmu/Desktop/LegalMemoCMT/data/processed/phase2/clancy/turn_clips/audio/DCBWoWhsTpA/DCBWoWhsTpA_turn05952.wav,DCBWoWhsTpA,group_by_youtube_id,dev,neutral,text_keyword_heuristic,LOW,NO,"audio and courtroom-affect evidence support neutral, but emotion target is unresolved",YES,Uh primarily I knew that the the date of the incident was 24th of January 2023. So that was the the main focus uh of my analysis. Uh but some of the data I was aware could be from further a field than that. So I took a look of uh I think it was around 3 weeks uh before that. So early January to to late January.,Uh primarily I knew that the the date of the incident was 24th of January 2023. So that was the the main focus uh of my analysis. Uh but some of the data I was aware could be from further a field than that. So I took a look of uh I think it was around 3 weeks uh before that. So early January to to late January.,00:12:58.457,00:13:21.100,22.643,22.643,marker,MEDIUM,1,17,"DCBWoWhsTpA_utt00569#p02,DCBWoWhsTpA_utt00570#p01,DCBWoWhsTpA_utt00571#p01,DCBWoWhsTpA_utt00572#p01,DCBWoWhsTpA_utt00573#p01,DCBWoWhsTpA_utt00574#p01,DCBWoWhsTpA_utt00575#p01,DCBWoWhsTpA_utt00576#p01,DCBWoWhsTpA_utt00577#p01,DCBWoWhsTpA_utt00578#p01,DCBWoWhsTpA_utt00579#p01,DCBWoWhsTpA_utt00580#p01,DCBWoWhsTpA_utt00581#p01,DCBWoWhsTpA_utt00582#p01,DCBWoWhsTpA_utt00583#p01,DCBWoWhsTpA_utt00584#p01,DCBWoWhsTpA_utt00585#p01","DCBWoWhsTpA_utt00569,DCBWoWhsTpA_utt00570,DCBWoWhsTpA_utt00571,DCBWoWhsTpA_utt00572,DCBWoWhsTpA_utt00573,DCBWoWhsTpA_utt00574,DCBWoWhsTpA_utt00575,DCBWoWhsTpA_utt00576,DCBWoWhsTpA_utt00577,DCBWoWhsTpA_utt00578,DCBWoWhsTpA_utt00579,DCBWoWhsTpA_utt00580,DCBWoWhsTpA_utt00581,DCBWoWhsTpA_utt00582,DCBWoWhsTpA_utt00583,DCBWoWhsTpA_utt00584,DCBWoWhsTpA_utt00585",17,/Users/rajeshpmu/Desktop/LegalMemoCMT/data/phase2/clancy/corpus/raw/live-lindsay-clancy-trial-day-14/live-lindsay-clancy-trial-day-14_DCBWoWhsTpA.mp4,/Users/rajeshpmu/Desktop/LegalMemoCMT/data/phase2/clancy/corpus/raw/live-lindsay-clancy-trial-day-14/live-lindsay-clancy-trial-day-14_DCBWoWhsTpA.wav,/Users/rajeshpmu/Desktop/LegalMemoCMT/data/processed/phase2/clancy/turn_clips/video/DCBWoWhsTpA/DCBWoWhsTpA_turn05952.mp4,/Users/rajeshpmu/Desktop/LegalMemoCMT/data/processed/phase2/clancy/turn_clips/audio/DCBWoWhsTpA/DCBWoWhsTpA_turn05952.wav,778.457,801.1,22.643,created,00:12:58.457,00:13:21.100,0.0,default_zero,SPEAKER_18,16.791,pyannote/speaker-diarization-3.1,Witness,manual_verified_diarization,HIGH,YES,SPEAKING,Witness,YES,Witness 15 identified by manual audio/video review,INCLUDE,,YES,speaker_role=Witness,split_dev;usable,"usable because speaker_role=Witness, witness_speaking_status=SPEAKING, clip_status=created, duration=22.643s, and source is not excluded",YES,0.6,HIGH,manual_clip_review,HUMAN_VERIFIED,/Users/rajeshpmu/Desktop/LegalMemoCMT/data/processed/phase2/clancy/turn_clips/video/DCBWoWhsTpA/DCBWoWhsTpA_turn05952.mp4,/Users/rajeshpmu/Desktop/LegalMemoCMT/data/processed/phase2/clancy/vit_facecrop_embeddings/DCBWoWhsTpA/DCBWoWhsTpA_turn05952.npy,created,neutral,0.667327,1.067413,"{""anger"": 0.055871, ""disgust"": 0.008803, ""fear"": 0.014078, ""joy"": 0.056044, ""neutral"": 0.667327, ""sadness"": 0.183094, ""surprise"": 0.014783}",/Users/rajeshpmu/Desktop/LegalMemoCMT/results/facial_cues/meld_vit_facecrop_gated_video_aux/fold_4/best_model.pt,phase1_meld_checkpoint_pseudo_label,"audio,text,video","audio,text,video","{""audio_dim"": 128, ""audio_model_name"": ""facebook/hubert-base-ls960"", ""dropout"": 0.1, ""encoder_mode"": ""paper"", ""freeze_audio_backbone"": false, ""freeze_text_backbone"": false, ""fusion_dim"": 256, ""fusion_mode"": ""gated"", ""fusion_pooling"": ""min"", ""max_audio_len"": 256, ""max_text_len"": 128, ""max_video_len"": 32, ""num_classes"": 7, ""num_heads"": 4, ""num_layers"": 2, ""text_dim"": 256, ""text_model_name"": ""bert-base-uncased"", ""use_video"": true, ""video_dim"": 768, ""vocab_size"": 30000}",/Users/rajeshpmu/Desktop/LegalMemoCMT/data/processed/phase2/clancy/turn_clips/audio/DCBWoWhsTpA/DCBWoWhsTpA_turn05952.wav,OK,,0.468566,0.350879,0.350879,0.452422,3loi/SER-Odyssey-Baseline-WavLM-Multi-Attributes,OK,neu,0.994482,speechbrain/emotion-recognition-wav2vec2-IEMOCAP,OK,NO,UNCLEAR,no explicit emotion-target evidence,LOW,LOW,LOW,NEUTRAL_CANDIDATE,neutral,neutral,neutral,0.580000,neutral,0.580000,"audio and courtroom-affect evidence support neutral, but emotion target is unresolved",NO,CALM_COMPOSED,1,low_or_moderate_audio_arousal;speechbrain_neutral
DCBWoWhsTpA_turn05959,DCBWoWhsTpA_turn05959,DCBWoWhsTpA,https://www.youtube.com/live/DCBWoWhsTpA,LIVE: Lindsay Clancy trial Day 14,full_trial_stream,5,/Users/rajeshpmu/Desktop/LegalMemoCMT/data/phase2/clancy/corpus/raw/live-lindsay-clancy-trial-day-14/live-lindsay-clancy-trial-day-14_DCBWoWhsTpA.en.vtt,/Users/rajeshpmu/Desktop/LegalMemoCMT/data/processed/phase2/clancy/turn_clips/video/DCBWoWhsTpA/DCBWoWhsTpA_turn05959.mp4,/Users/rajeshpmu/Desktop/LegalMemoCMT/data/processed/phase2/clancy/turn_clips/audio/DCBWoWhsTpA/DCBWoWhsTpA_turn05959.wav,DCBWoWhsTpA,group_by_youtube_id,dev,neutral,text_keyword_heuristic,LOW,NO,"audio and courtroom-affect evidence support neutral, but emotion target is unresolved",YES,"Uh so heart rate data comes from wearing an Apple Watch or a similar uh device uh not from the phone itself. In in the case of this phone, uh there was an Apple Watch paired to the device. Uh and all of the heart rate data which is recorded [clears throat] periodically throughout the day uh is stored within the the health database.","Uh so heart rate data comes from wearing an Apple Watch or a similar uh device uh not from the phone itself. In in the case of this phone, uh there was an Apple Watch paired to the device. Uh and all of the heart rate data which is recorded [clears throat] periodically throughout the day uh is stored within the the health database.",00:14:49.584,00:15:11.571,21.987,21.987,marker,MEDIUM,1,19,"DCBWoWhsTpA_utt00651#p02,DCBWoWhsTpA_utt00652#p01,DCBWoWhsTpA_utt00653#p01,DCBWoWhsTpA_utt00654#p01,DCBWoWhsTpA_utt00655#p01,DCBWoWhsTpA_utt00656#p01,DCBWoWhsTpA_utt00657#p01,DCBWoWhsTpA_utt00658#p01,DCBWoWhsTpA_utt00659#p01,DCBWoWhsTpA_utt00660#p01,DCBWoWhsTpA_utt00661#p01,DCBWoWhsTpA_utt00662#p01,DCBWoWhsTpA_utt00663#p01,DCBWoWhsTpA_utt00664#p01,DCBWoWhsTpA_utt00665#p01,DCBWoWhsTpA_utt00666#p01,DCBWoWhsTpA_utt00667#p01,DCBWoWhsTpA_utt00668#p01,DCBWoWhsTpA_utt00669#p01","DCBWoWhsTpA_utt00651,DCBWoWhsTpA_utt00652,DCBWoWhsTpA_utt00653,DCBWoWhsTpA_utt00654,DCBWoWhsTpA_utt00655,DCBWoWhsTpA_utt00656,DCBWoWhsTpA_utt00657,DCBWoWhsTpA_utt00658,DCBWoWhsTpA_utt00659,DCBWoWhsTpA_utt00660,DCBWoWhsTpA_utt00661,DCBWoWhsTpA_utt00662,DCBWoWhsTpA_utt00663,DCBWoWhsTpA_utt00664,DCBWoWhsTpA_utt00665,DCBWoWhsTpA_utt00666,DCBWoWhsTpA_utt00667,DCBWoWhsTpA_utt00668,DCBWoWhsTpA_utt00669",19,/Users/rajeshpmu/Desktop/LegalMemoCMT/data/phase2/clancy/corpus/raw/live-lindsay-clancy-trial-day-14/live-lindsay-clancy-trial-day-14_DCBWoWhsTpA.mp4,/Users/rajeshpmu/Desktop/LegalMemoCMT/data/phase2/clancy/corpus/raw/live-lindsay-clancy-trial-day-14/live-lindsay-clancy-trial-day-14_DCBWoWhsTpA.wav,/Users/rajeshpmu/Desktop/LegalMemoCMT/data/processed/phase2/clancy/turn_clips/video/DCBWoWhsTpA/DCBWoWhsTpA_turn05959.mp4,/Users/rajeshpmu/Desktop/LegalMemoCMT/data/processed/phase2/clancy/turn_clips/audio/DCBWoWhsTpA/DCBWoWhsTpA_turn05959.wav,889.584,911.571,21.987,created,00:14:49.584,00:15:11.571,0.0,default_zero,SPEAKER_18,12.707,pyannote/speaker-diarization-3.1,Witness,manual_verified_diarization,HIGH,YES,SPEAKING,Witness,YES,Witness 15 identified by manual audio/video review,INCLUDE,,YES,speaker_role=Witness,split_dev;usable,"usable because speaker_role=Witness, witness_speaking_status=SPEAKING, clip_status=created, duration=21.987s, and source is not excluded",YES,0.6,HIGH,manual_clip_review,HUMAN_VERIFIED,/Users/rajeshpmu/Desktop/LegalMemoCMT/data/processed/phase2/clancy/turn_clips/video/DCBWoWhsTpA/DCBWoWhsTpA_turn05959.mp4,/Users/rajeshpmu/Desktop/LegalMemoCMT/data/processed/phase2/clancy/vit_facecrop_embeddings/DCBWoWhsTpA/DCBWoWhsTpA_turn05959.npy,created,neutral,0.767802,0.916756,"{""anger"": 0.050093, ""disgust"": 0.007807, ""fear"": 0.01406, ""joy"": 0.068559, ""neutral"": 0.767802, ""sadness"": 0.049447, ""surprise"": 0.042233}",/Users/rajeshpmu/Desktop/LegalMemoCMT/results/facial_cues/meld_vit_facecrop_gated_video_aux/fold_4/best_model.pt,phase1_meld_checkpoint_pseudo_label,"audio,text,video","audio,text,video","{""audio_dim"": 128, ""audio_model_name"": ""facebook/hubert-base-ls960"", ""dropout"": 0.1, ""encoder_mode"": ""paper"", ""freeze_audio_backbone"": false, ""freeze_text_backbone"": false, ""fusion_dim"": 256, ""fusion_mode"": ""gated"", ""fusion_pooling"": ""min"", ""max_audio_len"": 256, ""max_text_len"": 128, ""max_video_len"": 32, ""num_classes"": 7, ""num_heads"": 4, ""num_layers"": 2, ""text_dim"": 256, ""text_model_name"": ""bert-base-uncased"", ""use_video"": true, ""video_dim"": 768, ""vocab_size"": 30000}",/Users/rajeshpmu/Desktop/LegalMemoCMT/data/processed/phase2/clancy/turn_clips/audio/DCBWoWhsTpA/DCBWoWhsTpA_turn05959.wav,OK,,0.431444,0.36807,0.36807,0.459239,3loi/SER-Odyssey-Baseline-WavLM-Multi-Attributes,OK,neu,1.0,speechbrain/emotion-recognition-wav2vec2-IEMOCAP,OK,NO,UNCLEAR,no explicit emotion-target evidence,LOW,LOW,LOW,NEUTRAL_CANDIDATE,neutral,neutral,neutral,0.580000,neutral,0.580000,"audio and courtroom-affect evidence support neutral, but emotion target is unresolved",NO,CALM_COMPOSED,1,low_or_moderate_audio_arousal;speechbrain_neutral
DCBWoWhsTpA_turn05962,DCBWoWhsTpA_turn05962,DCBWoWhsTpA,https://www.youtube.com/live/DCBWoWhsTpA,LIVE: Lindsay Clancy trial Day 14,full_trial_stream,5,/Users/rajeshpmu/Desktop/LegalMemoCMT/data/phase2/clancy/corpus/raw/live-lindsay-clancy-trial-day-14/live-lindsay-clancy-trial-day-14_DCBWoWhsTpA.en.vtt,/Users/rajeshpmu/Desktop/LegalMemoCMT/data/processed/phase2/clancy/turn_clips/video/DCBWoWhsTpA/DCBWoWhsTpA_turn05962.mp4,/Users/rajeshpmu/Desktop/LegalMemoCMT/data/processed/phase2/clancy/turn_clips/audio/DCBWoWhsTpA/DCBWoWhsTpA_turn05962.wav,DCBWoWhsTpA,group_by_youtube_id,dev,neutral,text_keyword_heuristic,LOW,NO,"audio and courtroom-affect evidence support neutral, but emotion target is unresolved",YES,Uh there are sensors on the Apple Watch itself on on the rear uh which periodically check the heart rate at any given time and that information is sent to the phone via Bluetooth. And are you aware of how often an eyewatch will record the data and report it to an iPhone?,Uh there are sensors on the Apple Watch itself on on the rear uh which periodically check the heart rate at any given time and that information is sent to the phone via Bluetooth. And are you aware of how often an eyewatch will record the data and report it to an iPhone?,00:15:36.318,00:16:02.690,26.372,26.372,marker,MEDIUM,1,15,"DCBWoWhsTpA_utt00689#p02,DCBWoWhsTpA_utt00690#p01,DCBWoWhsTpA_utt00691#p01,DCBWoWhsTpA_utt00692#p01,DCBWoWhsTpA_utt00693#p01,DCBWoWhsTpA_utt00694#p01,DCBWoWhsTpA_utt00695#p01,DCBWoWhsTpA_utt00696#p01,DCBWoWhsTpA_utt00697#p01,DCBWoWhsTpA_utt00700#p01,DCBWoWhsTpA_utt00701#p01,DCBWoWhsTpA_utt00702#p01,DCBWoWhsTpA_utt00703#p01,DCBWoWhsTpA_utt00704#p01,DCBWoWhsTpA_utt00705#p01","DCBWoWhsTpA_utt00689,DCBWoWhsTpA_utt00690,DCBWoWhsTpA_utt00691,DCBWoWhsTpA_utt00692,DCBWoWhsTpA_utt00693,DCBWoWhsTpA_utt00694,DCBWoWhsTpA_utt00695,DCBWoWhsTpA_utt00696,DCBWoWhsTpA_utt00697,DCBWoWhsTpA_utt00700,DCBWoWhsTpA_utt00701,DCBWoWhsTpA_utt00702,DCBWoWhsTpA_utt00703,DCBWoWhsTpA_utt00704,DCBWoWhsTpA_utt00705",15,/Users/rajeshpmu/Desktop/LegalMemoCMT/data/phase2/clancy/corpus/raw/live-lindsay-clancy-trial-day-14/live-lindsay-clancy-trial-day-14_DCBWoWhsTpA.mp4,/Users/rajeshpmu/Desktop/LegalMemoCMT/data/phase2/clancy/corpus/raw/live-lindsay-clancy-trial-day-14/live-lindsay-clancy-trial-day-14_DCBWoWhsTpA.wav,/Users/rajeshpmu/Desktop/LegalMemoCMT/data/processed/phase2/clancy/turn_clips/video/DCBWoWhsTpA/DCBWoWhsTpA_turn05962.mp4,/Users/rajeshpmu/Desktop/LegalMemoCMT/data/processed/phase2/clancy/turn_clips/audio/DCBWoWhsTpA/DCBWoWhsTpA_turn05962.wav,936.318,962.69,26.372,created,00:15:36.318,00:16:02.690,0.0,default_zero,SPEAKER_18,10.789,pyannote/speaker-diarization-3.1,Witness,manual_verified_diarization,HIGH,YES,SPEAKING,Witness,YES,Witness 15 identified by manual audio/video review,INCLUDE,,YES,speaker_role=Witness,split_dev;usable,"usable because speaker_role=Witness, witness_speaking_status=SPEAKING, clip_status=created, duration=26.372s, and source is not excluded",YES,0.6,HIGH,manual_clip_review,HUMAN_VERIFIED,/Users/rajeshpmu/Desktop/LegalMemoCMT/data/processed/phase2/clancy/turn_clips/video/DCBWoWhsTpA/DCBWoWhsTpA_turn05962.mp4,/Users/rajeshpmu/Desktop/LegalMemoCMT/data/processed/phase2/clancy/vit_facecrop_embeddings/DCBWoWhsTpA/DCBWoWhsTpA_turn05962.npy,created,neutral,0.788334,0.827272,"{""anger"": 0.054856, ""disgust"": 0.010621, ""fear"": 0.007677, ""joy"": 0.087088, ""neutral"": 0.788334, ""sadness"": 0.037831, ""surprise"": 0.013593}",/Users/rajeshpmu/Desktop/LegalMemoCMT/results/facial_cues/meld_vit_facecrop_gated_video_aux/fold_4/best_model.pt,phase1_meld_checkpoint_pseudo_label,"audio,text,video","audio,text,video","{""audio_dim"": 128, ""audio_model_name"": ""facebook/hubert-base-ls960"", ""dropout"": 0.1, ""encoder_mode"": ""paper"", ""freeze_audio_backbone"": false, ""freeze_text_backbone"": false, ""fusion_dim"": 256, ""fusion_mode"": ""gated"", ""fusion_pooling"": ""min"", ""max_audio_len"": 256, ""max_text_len"": 128, ""max_video_len"": 32, ""num_classes"": 7, ""num_heads"": 4, ""num_layers"": 2, ""text_dim"": 256, ""text_model_name"": ""bert-base-uncased"", ""use_video"": true, ""video_dim"": 768, ""vocab_size"": 30000}",/Users/rajeshpmu/Desktop/LegalMemoCMT/data/processed/phase2/clancy/turn_clips/audio/DCBWoWhsTpA/DCBWoWhsTpA_turn05962.wav,OK,,0.460686,0.33865,0.33865,0.436784,3loi/SER-Odyssey-Baseline-WavLM-Multi-Attributes,OK,neu,1.0,speechbrain/emotion-recognition-wav2vec2-IEMOCAP,OK,NO,UNCLEAR,no explicit emotion-target evidence,LOW,LOW,LOW,NEUTRAL_CANDIDATE,neutral,neutral,neutral,0.580000,neutral,0.580000,"audio and courtroom-affect evidence support neutral, but emotion target is unresolved",NO,CALM_COMPOSED,1,low_or_moderate_audio_arousal;speechbrain_neutral
DCBWoWhsTpA_turn05963,DCBWoWhsTpA_turn05963,DCBWoWhsTpA,https://www.youtube.com/live/DCBWoWhsTpA,LIVE: Lindsay Clancy trial Day 14,full_trial_stream,5,/Users/rajeshpmu/Desktop/LegalMemoCMT/data/phase2/clancy/corpus/raw/live-lindsay-clancy-trial-day-14/live-lindsay-clancy-trial-day-14_DCBWoWhsTpA.en.vtt,/Users/rajeshpmu/Desktop/LegalMemoCMT/data/processed/phase2/clancy/turn_clips/video/DCBWoWhsTpA/DCBWoWhsTpA_turn05963.mp4,/Users/rajeshpmu/Desktop/LegalMemoCMT/data/processed/phase2/clancy/turn_clips/audio/DCBWoWhsTpA/DCBWoWhsTpA_turn05963.wav,DCBWoWhsTpA,group_by_youtube_id,dev,neutral,text_keyword_heuristic,LOW,NO,"calm courtroom presentation with neutral acoustic evidence, low/moderate excitement, and non-self emotion target",YES,"Uh the actual uh cadence at which the the watch is is checking would depend on what the user is doing. Uh so if you were in the middle of a workout, it would be a lot more consistent than just periodically throughout the day. I actually don't know how often it is throughout the day if you're not doing any particular workout. There doesn't seem to be a set cadence. Every device I've looked at, it's slightly different. I'm","Uh the actual uh cadence at which the the watch is is checking would depend on what the user is doing. Uh so if you were in the middle of a workout, it would be a lot more consistent than just periodically throughout the day. I actually don't know how often it is throughout the day if you're not doing any particular workout. There doesn't seem to be a set cadence. Every device I've looked at, it's slightly different. I'm",00:16:02.690,00:16:26.678,23.988,23.988,marker,MEDIUM,1,25,"DCBWoWhsTpA_utt00705#p02,DCBWoWhsTpA_utt00706#p01,DCBWoWhsTpA_utt00707#p01,DCBWoWhsTpA_utt00708#p01,DCBWoWhsTpA_utt00709#p01,DCBWoWhsTpA_utt00710#p01,DCBWoWhsTpA_utt00711#p01,DCBWoWhsTpA_utt00712#p01,DCBWoWhsTpA_utt00713#p01,DCBWoWhsTpA_utt00714#p01,DCBWoWhsTpA_utt00715#p01,DCBWoWhsTpA_utt00716#p01,DCBWoWhsTpA_utt00717#p01,DCBWoWhsTpA_utt00718#p01,DCBWoWhsTpA_utt00719#p01,DCBWoWhsTpA_utt00720#p01,DCBWoWhsTpA_utt00721#p01,DCBWoWhsTpA_utt00722#p01,DCBWoWhsTpA_utt00723#p01,DCBWoWhsTpA_utt00724#p01,DCBWoWhsTpA_utt00725#p01,DCBWoWhsTpA_utt00726#p01,DCBWoWhsTpA_utt00727#p01,DCBWoWhsTpA_utt00728#p01,DCBWoWhsTpA_utt00729#p01","DCBWoWhsTpA_utt00705,DCBWoWhsTpA_utt00706,DCBWoWhsTpA_utt00707,DCBWoWhsTpA_utt00708,DCBWoWhsTpA_utt00709,DCBWoWhsTpA_utt00710,DCBWoWhsTpA_utt00711,DCBWoWhsTpA_utt00712,DCBWoWhsTpA_utt00713,DCBWoWhsTpA_utt00714,DCBWoWhsTpA_utt00715,DCBWoWhsTpA_utt00716,DCBWoWhsTpA_utt00717,DCBWoWhsTpA_utt00718,DCBWoWhsTpA_utt00719,DCBWoWhsTpA_utt00720,DCBWoWhsTpA_utt00721,DCBWoWhsTpA_utt00722,DCBWoWhsTpA_utt00723,DCBWoWhsTpA_utt00724,DCBWoWhsTpA_utt00725,DCBWoWhsTpA_utt00726,DCBWoWhsTpA_utt00727,DCBWoWhsTpA_utt00728,DCBWoWhsTpA_utt00729",25,/Users/rajeshpmu/Desktop/LegalMemoCMT/data/phase2/clancy/corpus/raw/live-lindsay-clancy-trial-day-14/live-lindsay-clancy-trial-day-14_DCBWoWhsTpA.mp4,/Users/rajeshpmu/Desktop/LegalMemoCMT/data/phase2/clancy/corpus/raw/live-lindsay-clancy-trial-day-14/live-lindsay-clancy-trial-day-14_DCBWoWhsTpA.wav,/Users/rajeshpmu/Desktop/LegalMemoCMT/data/processed/phase2/clancy/turn_clips/video/DCBWoWhsTpA/DCBWoWhsTpA_turn05963.mp4,/Users/rajeshpmu/Desktop/LegalMemoCMT/data/processed/phase2/clancy/turn_clips/audio/DCBWoWhsTpA/DCBWoWhsTpA_turn05963.wav,962.69,986.678,23.988,created,00:16:02.690,00:16:26.678,0.0,default_zero,SPEAKER_18,12.26,pyannote/speaker-diarization-3.1,Witness,manual_verified_diarization,HIGH,YES,SPEAKING,Witness,YES,Witness 15 identified by manual audio/video review,INCLUDE,,YES,speaker_role=Witness,split_dev;usable,"usable because speaker_role=Witness, witness_speaking_status=SPEAKING, clip_status=created, duration=23.988s, and source is not excluded",YES,0.6,HIGH,manual_clip_review,HUMAN_VERIFIED,/Users/rajeshpmu/Desktop/LegalMemoCMT/data/processed/phase2/clancy/turn_clips/video/DCBWoWhsTpA/DCBWoWhsTpA_turn05963.mp4,/Users/rajeshpmu/Desktop/LegalMemoCMT/data/processed/phase2/clancy/vit_facecrop_embeddings/DCBWoWhsTpA/DCBWoWhsTpA_turn05963.npy,created,neutral,0.832399,0.71959,"{""anger"": 0.03996, ""disgust"": 0.016151, ""fear"": 0.007442, ""joy"": 0.061688, ""neutral"": 0.832399, ""sadness"": 0.020804, ""surprise"": 0.021555}",/Users/rajeshpmu/Desktop/LegalMemoCMT/results/facial_cues/meld_vit_facecrop_gated_video_aux/fold_4/best_model.pt,phase1_meld_checkpoint_pseudo_label,"audio,text,video","audio,text,video","{""audio_dim"": 128, ""audio_model_name"": ""facebook/hubert-base-ls960"", ""dropout"": 0.1, ""encoder_mode"": ""paper"", ""freeze_audio_backbone"": false, ""freeze_text_backbone"": false, ""fusion_dim"": 256, ""fusion_mode"": ""gated"", ""fusion_pooling"": ""min"", ""max_audio_len"": 256, ""max_text_len"": 128, ""max_video_len"": 32, ""num_classes"": 7, ""num_heads"": 4, ""num_layers"": 2, ""text_dim"": 256, ""text_model_name"": ""bert-base-uncased"", ""use_video"": true, ""video_dim"": 768, ""vocab_size"": 30000}",/Users/rajeshpmu/Desktop/LegalMemoCMT/data/processed/phase2/clancy/turn_clips/audio/DCBWoWhsTpA/DCBWoWhsTpA_turn05963.wav,OK,,0.507047,0.377793,0.377793,0.471995,3loi/SER-Odyssey-Baseline-WavLM-Multi-Attributes,OK,neu,0.999995,speechbrain/emotion-recognition-wav2vec2-IEMOCAP,OK,NO,QUOTED_SPEECH,quote or reported speech marker,LOW,LOW,LOW,NEUTRAL_CANDIDATE,neutral,neutral,neutral,0.720000,neutral,0.720000,"calm courtroom presentation with neutral acoustic evidence, low/moderate excitement, and non-self emotion target",NO,CALM_COMPOSED,1,low_or_moderate_audio_arousal;speechbrain_neutral
DCBWoWhsTpA_turn05965,DCBWoWhsTpA_turn05965,DCBWoWhsTpA,https://www.youtube.com/live/DCBWoWhsTpA,LIVE: Lindsay Clancy trial Day 14,full_trial_stream,5,/Users/rajeshpmu/Desktop/LegalMemoCMT/data/phase2/clancy/corpus/raw/live-lindsay-clancy-trial-day-14/live-lindsay-clancy-trial-day-14_DCBWoWhsTpA.en.vtt,/Users/rajeshpmu/Desktop/LegalMemoCMT/data/processed/phase2/clancy/turn_clips/video/DCBWoWhsTpA/DCBWoWhsTpA_turn05965.mp4,/Users/rajeshpmu/Desktop/LegalMemoCMT/data/processed/phase2/clancy/turn_clips/audio/DCBWoWhsTpA/DCBWoWhsTpA_turn05965.wav,DCBWoWhsTpA,group_by_youtube_id,dev,neutral,text_keyword_heuristic,LOW,NO,"audio and courtroom-affect evidence support neutral, but emotion target is unresolved",YES,"Uh yes, this is is typical from what you see when you look at the the database. uh the time stamps are never consistently at uh a recognizable cadence.","Uh yes, this is is typical from what you see when you look at the the database. uh the time stamps are never consistently at uh a recognizable cadence.",00:16:52.297,00:17:03.119,10.822,10.822,marker,MEDIUM,1,11,"DCBWoWhsTpA_utt00751#p02,DCBWoWhsTpA_utt00752#p01,DCBWoWhsTpA_utt00753#p01,DCBWoWhsTpA_utt00754#p01,DCBWoWhsTpA_utt00755#p01,DCBWoWhsTpA_utt00756#p01,DCBWoWhsTpA_utt00757#p01,DCBWoWhsTpA_utt00758#p01,DCBWoWhsTpA_utt00759#p01,DCBWoWhsTpA_utt00760#p01,DCBWoWhsTpA_utt00761#p01","DCBWoWhsTpA_utt00751,DCBWoWhsTpA_utt00752,DCBWoWhsTpA_utt00753,DCBWoWhsTpA_utt00754,DCBWoWhsTpA_utt00755,DCBWoWhsTpA_utt00756,DCBWoWhsTpA_utt00757,DCBWoWhsTpA_utt00758,DCBWoWhsTpA_utt00759,DCBWoWhsTpA_utt00760,DCBWoWhsTpA_utt00761",11,/Users/rajeshpmu/Desktop/LegalMemoCMT/data/phase2/clancy/corpus/raw/live-lindsay-clancy-trial-day-14/live-lindsay-clancy-trial-day-14_DCBWoWhsTpA.mp4,/Users/rajeshpmu/Desktop/LegalMemoCMT/data/phase2/clancy/corpus/raw/live-lindsay-clancy-trial-day-14/live-lindsay-clancy-trial-day-14_DCBWoWhsTpA.wav,/Users/rajeshpmu/Desktop/LegalMemoCMT/data/processed/phase2/clancy/turn_clips/video/DCBWoWhsTpA/DCBWoWhsTpA_turn05965.mp4,/Users/rajeshpmu/Desktop/LegalMemoCMT/data/processed/phase2/clancy/turn_clips/audio/DCBWoWhsTpA/DCBWoWhsTpA_turn05965.wav,1012.297,1023.119,10.822,created,00:16:52.297,00:17:03.119,0.0,default_zero,SPEAKER_18,6.984,pyannote/speaker-diarization-3.1,Witness,manual_verified_diarization,HIGH,YES,SPEAKING,Witness,YES,Witness 15 identified by manual audio/video review,INCLUDE,,YES,speaker_role=Witness,split_dev;usable,"usable because speaker_role=Witness, witness_speaking_status=SPEAKING, clip_status=created, duration=10.822s, and source is not excluded",YES,0.6,HIGH,manual_clip_review,HUMAN_VERIFIED,/Users/rajeshpmu/Desktop/LegalMemoCMT/data/processed/phase2/clancy/turn_clips/video/DCBWoWhsTpA/DCBWoWhsTpA_turn05965.mp4,/Users/rajeshpmu/Desktop/LegalMemoCMT/data/processed/phase2/clancy/vit_facecrop_embeddings/DCBWoWhsTpA/DCBWoWhsTpA_turn05965.npy,created,neutral,0.789106,0.847689,"{""anger"": 0.025135, ""disgust"": 0.014072, ""fear"": 0.013992, ""joy"": 0.083345, ""neutral"": 0.789106, ""sadness"": 0.026029, ""surprise"": 0.04832}",/Users/rajeshpmu/Desktop/LegalMemoCMT/results/facial_cues/meld_vit_facecrop_gated_video_aux/fold_4/best_model.pt,phase1_meld_checkpoint_pseudo_label,"audio,text,video","audio,text,video","{""audio_dim"": 128, ""audio_model_name"": ""facebook/hubert-base-ls960"", ""dropout"": 0.1, ""encoder_mode"": ""paper"", ""freeze_audio_backbone"": false, ""freeze_text_backbone"": false, ""fusion_dim"": 256, ""fusion_mode"": ""gated"", ""fusion_pooling"": ""min"", ""max_audio_len"": 256, ""max_text_len"": 128, ""max_video_len"": 32, ""num_classes"": 7, ""num_heads"": 4, ""num_layers"": 2, ""text_dim"": 256, ""text_model_name"": ""bert-base-uncased"", ""use_video"": true, ""video_dim"": 768, ""vocab_size"": 30000}",/Users/rajeshpmu/Desktop/LegalMemoCMT/data/processed/phase2/clancy/turn_clips/audio/DCBWoWhsTpA/DCBWoWhsTpA_turn05965.wav,OK,,0.441482,0.425053,0.425053,0.497128,3loi/SER-Odyssey-Baseline-WavLM-Multi-Attributes,OK,neu,1.0,speechbrain/emotion-recognition-wav2vec2-IEMOCAP,OK,NO,UNCLEAR,no explicit emotion-target evidence,LOW,LOW,LOW,NEUTRAL_CANDIDATE,neutral,neutral,neutral,0.580000,neutral,0.580000,"audio and courtroom-affect evidence support neutral, but emotion target is unresolved",NO,CALM_COMPOSED,1,low_or_moderate_audio_arousal;speechbrain_neutral
DCBWoWhsTpA_turn05967,DCBWoWhsTpA_turn05967,DCBWoWhsTpA,https://www.youtube.com/live/DCBWoWhsTpA,LIVE: Lindsay Clancy trial Day 14,full_trial_stream,5,/Users/rajeshpmu/Desktop/LegalMemoCMT/data/phase2/clancy/corpus/raw/live-lindsay-clancy-trial-day-14/live-lindsay-clancy-trial-day-14_DCBWoWhsTpA.en.vtt,/Users/rajeshpmu/Desktop/LegalMemoCMT/data/processed/phase2/clancy/turn_clips/video/DCBWoWhsTpA/DCBWoWhsTpA_turn05967.mp4,/Users/rajeshpmu/Desktop/LegalMemoCMT/data/processed/phase2/clancy/turn_clips/audio/DCBWoWhsTpA/DCBWoWhsTpA_turn05967.wav,DCBWoWhsTpA,group_by_youtube_id,dev,neutral,text_keyword_heuristic,LOW,NO,"audio and courtroom-affect evidence support neutral, but emotion target is unresolved",YES,"Uh so I actually tried to just highlight some of the high points for the day. Uh I realized a few days ago while reviewing this, there was uh records uh there that show a a high of 123 and 122 which I'd not highlighted.","Uh so I actually tried to just highlight some of the high points for the day. Uh I realized a few days ago while reviewing this, there was uh records uh there that show a a high of 123 and 122 which I'd not highlighted.",00:17:06.526,00:17:20.615,14.089,14.089,marker,MEDIUM,1,13,"DCBWoWhsTpA_utt00765#p02,DCBWoWhsTpA_utt00766#p01,DCBWoWhsTpA_utt00767#p01,DCBWoWhsTpA_utt00768#p01,DCBWoWhsTpA_utt00769#p01,DCBWoWhsTpA_utt00770#p01,DCBWoWhsTpA_utt00771#p01,DCBWoWhsTpA_utt00772#p01,DCBWoWhsTpA_utt00773#p01,DCBWoWhsTpA_utt00774#p01,DCBWoWhsTpA_utt00775#p01,DCBWoWhsTpA_utt00776#p01,DCBWoWhsTpA_utt00777#p01","DCBWoWhsTpA_utt00765,DCBWoWhsTpA_utt00766,DCBWoWhsTpA_utt00767,DCBWoWhsTpA_utt00768,DCBWoWhsTpA_utt00769,DCBWoWhsTpA_utt00770,DCBWoWhsTpA_utt00771,DCBWoWhsTpA_utt00772,DCBWoWhsTpA_utt00773,DCBWoWhsTpA_utt00774,DCBWoWhsTpA_utt00775,DCBWoWhsTpA_utt00776,DCBWoWhsTpA_utt00777",13,/Users/rajeshpmu/Desktop/LegalMemoCMT/data/phase2/clancy/corpus/raw/live-lindsay-clancy-trial-day-14/live-lindsay-clancy-trial-day-14_DCBWoWhsTpA.mp4,/Users/rajeshpmu/Desktop/LegalMemoCMT/data/phase2/clancy/corpus/raw/live-lindsay-clancy-trial-day-14/live-lindsay-clancy-trial-day-14_DCBWoWhsTpA.wav,/Users/rajeshpmu/Desktop/LegalMemoCMT/data/processed/phase2/clancy/turn_clips/video/DCBWoWhsTpA/DCBWoWhsTpA_turn05967.mp4,/Users/rajeshpmu/Desktop/LegalMemoCMT/data/processed/phase2/clancy/turn_clips/audio/DCBWoWhsTpA/DCBWoWhsTpA_turn05967.wav,1026.526,1040.615,14.089,created,00:17:06.526,00:17:20.615,0.0,default_zero,SPEAKER_18,12.583,pyannote/speaker-diarization-3.1,Witness,manual_verified_diarization,HIGH,YES,SPEAKING,Witness,YES,Witness 15 identified by manual audio/video review,INCLUDE,,YES,speaker_role=Witness,split_dev;usable,"usable because speaker_role=Witness, witness_speaking_status=SPEAKING, clip_status=created, duration=14.089s, and source is not excluded",YES,0.6,HIGH,manual_clip_review,HUMAN_VERIFIED,/Users/rajeshpmu/Desktop/LegalMemoCMT/data/processed/phase2/clancy/turn_clips/video/DCBWoWhsTpA/DCBWoWhsTpA_turn05967.mp4,/Users/rajeshpmu/Desktop/LegalMemoCMT/data/processed/phase2/clancy/vit_facecrop_embeddings/DCBWoWhsTpA/DCBWoWhsTpA_turn05967.npy,created,neutral,0.527841,1.319354,"{""anger"": 0.262962, ""disgust"": 0.045677, ""fear"": 0.022257, ""joy"": 0.081881, ""neutral"": 0.527841, ""sadness"": 0.045245, ""surprise"": 0.014136}",/Users/rajeshpmu/Desktop/LegalMemoCMT/results/facial_cues/meld_vit_facecrop_gated_video_aux/fold_4/best_model.pt,phase1_meld_checkpoint_pseudo_label,"audio,text,video","audio,text,video","{""audio_dim"": 128, ""audio_model_name"": ""facebook/hubert-base-ls960"", ""dropout"": 0.1, ""encoder_mode"": ""paper"", ""freeze_audio_backbone"": false, ""freeze_text_backbone"": false, ""fusion_dim"": 256, ""fusion_mode"": ""gated"", ""fusion_pooling"": ""min"", ""max_audio_len"": 256, ""max_text_len"": 128, ""max_video_len"": 32, ""num_classes"": 7, ""num_heads"": 4, ""num_layers"": 2, ""text_dim"": 256, ""text_model_name"": ""bert-base-uncased"", ""use_video"": true, ""video_dim"": 768, ""vocab_size"": 30000}",/Users/rajeshpmu/Desktop/LegalMemoCMT/data/processed/phase2/clancy/turn_clips/audio/DCBWoWhsTpA/DCBWoWhsTpA_turn05967.wav,OK,,0.512809,0.401798,0.401798,0.483522,3loi/SER-Odyssey-Baseline-WavLM-Multi-Attributes,OK,neu,1.0,speechbrain/emotion-recognition-wav2vec2-IEMOCAP,OK,NO,UNCLEAR,no explicit emotion-target evidence,LOW,LOW,LOW,NEUTRAL_CANDIDATE,neutral,neutral,neutral,0.580000,neutral,0.580000,"audio and courtroom-affect evidence support neutral, but emotion target is unresolved",NO,CALM_COMPOSED,1,low_or_moderate_audio_arousal;speechbrain_neutral
DCBWoWhsTpA_turn05970,DCBWoWhsTpA_turn05970,DCBWoWhsTpA,https://www.youtube.com/live/DCBWoWhsTpA,LIVE: Lindsay Clancy trial Day 14,full_trial_stream,5,/Users/rajeshpmu/Desktop/LegalMemoCMT/data/phase2/clancy/corpus/raw/live-lindsay-clancy-trial-day-14/live-lindsay-clancy-trial-day-14_DCBWoWhsTpA.en.vtt,/Users/rajeshpmu/Desktop/LegalMemoCMT/data/processed/phase2/clancy/turn_clips/video/DCBWoWhsTpA/DCBWoWhsTpA_turn05970.mp4,/Users/rajeshpmu/Desktop/LegalMemoCMT/data/processed/phase2/clancy/turn_clips/audio/DCBWoWhsTpA/DCBWoWhsTpA_turn05970.wav,DCBWoWhsTpA,group_by_youtube_id,dev,neutral,text_keyword_heuristic,LOW,NO,"audio and courtroom-affect evidence support neutral, but emotion target is unresolved",YES,Uh so the last heart rate record was at 17 2352. So 23 minutes past 5 uh in the afternoon with a heart rate of 57 beats per minute.,Uh so the last heart rate record was at 17 2352. So 23 minutes past 5 uh in the afternoon with a heart rate of 57 beats per minute.,00:17:31.936,00:17:41.230,9.294,9.294,marker,MEDIUM,1,9,"DCBWoWhsTpA_utt00785#p02,DCBWoWhsTpA_utt00786#p01,DCBWoWhsTpA_utt00787#p01,DCBWoWhsTpA_utt00788#p01,DCBWoWhsTpA_utt00789#p01,DCBWoWhsTpA_utt00790#p01,DCBWoWhsTpA_utt00791#p01,DCBWoWhsTpA_utt00792#p01,DCBWoWhsTpA_utt00793#p01","DCBWoWhsTpA_utt00785,DCBWoWhsTpA_utt00786,DCBWoWhsTpA_utt00787,DCBWoWhsTpA_utt00788,DCBWoWhsTpA_utt00789,DCBWoWhsTpA_utt00790,DCBWoWhsTpA_utt00791,DCBWoWhsTpA_utt00792,DCBWoWhsTpA_utt00793",9,/Users/rajeshpmu/Desktop/LegalMemoCMT/data/phase2/clancy/corpus/raw/live-lindsay-clancy-trial-day-14/live-lindsay-clancy-trial-day-14_DCBWoWhsTpA.mp4,/Users/rajeshpmu/Desktop/LegalMemoCMT/data/phase2/clancy/corpus/raw/live-lindsay-clancy-trial-day-14/live-lindsay-clancy-trial-day-14_DCBWoWhsTpA.wav,/Users/rajeshpmu/Desktop/LegalMemoCMT/data/processed/phase2/clancy/turn_clips/video/DCBWoWhsTpA/DCBWoWhsTpA_turn05970.mp4,/Users/rajeshpmu/Desktop/LegalMemoCMT/data/processed/phase2/clancy/turn_clips/audio/DCBWoWhsTpA/DCBWoWhsTpA_turn05970.wav,1051.936,1061.23,9.294,created,00:17:31.936,00:17:41.230,0.0,default_zero,SPEAKER_18,4.993,pyannote/speaker-diarization-3.1,Witness,manual_verified_diarization,HIGH,YES,SPEAKING,Witness,YES,Witness 15 identified by manual audio/video review,INCLUDE,,YES,speaker_role=Witness,split_dev;usable,"usable because speaker_role=Witness, witness_speaking_status=SPEAKING, clip_status=created, duration=9.294s, and source is not excluded",YES,0.6,HIGH,manual_clip_review,HUMAN_VERIFIED,/Users/rajeshpmu/Desktop/LegalMemoCMT/data/processed/phase2/clancy/turn_clips/video/DCBWoWhsTpA/DCBWoWhsTpA_turn05970.mp4,/Users/rajeshpmu/Desktop/LegalMemoCMT/data/processed/phase2/clancy/vit_facecrop_embeddings/DCBWoWhsTpA/DCBWoWhsTpA_turn05970.npy,created,neutral,0.557679,1.421679,"{""anger"": 0.066642, ""disgust"": 0.065734, ""fear"": 0.017259, ""joy"": 0.119213, ""neutral"": 0.557679, ""sadness"": 0.055976, ""surprise"": 0.117498}",/Users/rajeshpmu/Desktop/LegalMemoCMT/results/facial_cues/meld_vit_facecrop_gated_video_aux/fold_4/best_model.pt,phase1_meld_checkpoint_pseudo_label,"audio,text,video","audio,text,video","{""audio_dim"": 128, ""audio_model_name"": ""facebook/hubert-base-ls960"", ""dropout"": 0.1, ""encoder_mode"": ""paper"", ""freeze_audio_backbone"": false, ""freeze_text_backbone"": false, ""fusion_dim"": 256, ""fusion_mode"": ""gated"", ""fusion_pooling"": ""min"", ""max_audio_len"": 256, ""max_text_len"": 128, ""max_video_len"": 32, ""num_classes"": 7, ""num_heads"": 4, ""num_layers"": 2, ""text_dim"": 256, ""text_model_name"": ""bert-base-uncased"", ""use_video"": true, ""video_dim"": 768, ""vocab_size"": 30000}",/Users/rajeshpmu/Desktop/LegalMemoCMT/data/processed/phase2/clancy/turn_clips/audio/DCBWoWhsTpA/DCBWoWhsTpA_turn05970.wav,OK,,0.536236,0.357449,0.357449,0.45884,3loi/SER-Odyssey-Baseline-WavLM-Multi-Attributes,OK,neu,1.0,speechbrain/emotion-recognition-wav2vec2-IEMOCAP,OK,NO,UNCLEAR,no explicit emotion-target evidence,LOW,LOW,LOW,NEUTRAL_CANDIDATE,neutral,neutral,neutral,0.580000,neutral,0.580000,"audio and courtroom-affect evidence support neutral, but emotion target is unresolved",NO,CALM_COMPOSED,1,low_or_moderate_audio_arousal;speechbrain_neutral
DCBWoWhsTpA_turn05971,DCBWoWhsTpA_turn05971,DCBWoWhsTpA,https://www.youtube.com/live/DCBWoWhsTpA,LIVE: Lindsay Clancy trial Day 14,full_trial_stream,5,/Users/rajeshpmu/Desktop/LegalMemoCMT/data/phase2/clancy/corpus/raw/live-lindsay-clancy-trial-day-14/live-lindsay-clancy-trial-day-14_DCBWoWhsTpA.en.vtt,/Users/rajeshpmu/Desktop/LegalMemoCMT/data/processed/phase2/clancy/turn_clips/video/DCBWoWhsTpA/DCBWoWhsTpA_turn05971.mp4,/Users/rajeshpmu/Desktop/LegalMemoCMT/data/processed/phase2/clancy/turn_clips/audio/DCBWoWhsTpA/DCBWoWhsTpA_turn05971.wav,DCBWoWhsTpA,group_by_youtube_id,dev,neutral,text_keyword_heuristic,LOW,NO,"audio and courtroom-affect evidence support neutral, but emotion target is unresolved",YES,"What was the average heart rate for for the day for the defendants um phone? Uh there was a range of heart rates uh going between uh as low as uh I believe around 50 and as high as around 122. On average it was around uh high 80s, early 90s.","What was the average heart rate for for the day for the defendants um phone? Uh there was a range of heart rates uh going between uh as low as uh I believe around 50 and as high as around 122. On average it was around uh high 80s, early 90s.",00:17:41.230,00:18:01.635,20.405,20.405,marker,MEDIUM,1,15,"DCBWoWhsTpA_utt00793#p02,DCBWoWhsTpA_utt00794#p01,DCBWoWhsTpA_utt00795#p01,DCBWoWhsTpA_utt00796#p01,DCBWoWhsTpA_utt00797#p01,DCBWoWhsTpA_utt00798#p01,DCBWoWhsTpA_utt00799#p01,DCBWoWhsTpA_utt00800#p01,DCBWoWhsTpA_utt00801#p01,DCBWoWhsTpA_utt00802#p01,DCBWoWhsTpA_utt00803#p01,DCBWoWhsTpA_utt00804#p01,DCBWoWhsTpA_utt00805#p01,DCBWoWhsTpA_utt00806#p01,DCBWoWhsTpA_utt00807#p01","DCBWoWhsTpA_utt00793,DCBWoWhsTpA_utt00794,DCBWoWhsTpA_utt00795,DCBWoWhsTpA_utt00796,DCBWoWhsTpA_utt00797,DCBWoWhsTpA_utt00798,DCBWoWhsTpA_utt00799,DCBWoWhsTpA_utt00800,DCBWoWhsTpA_utt00801,DCBWoWhsTpA_utt00802,DCBWoWhsTpA_utt00803,DCBWoWhsTpA_utt00804,DCBWoWhsTpA_utt00805,DCBWoWhsTpA_utt00806,DCBWoWhsTpA_utt00807",15,/Users/rajeshpmu/Desktop/LegalMemoCMT/data/phase2/clancy/corpus/raw/live-lindsay-clancy-trial-day-14/live-lindsay-clancy-trial-day-14_DCBWoWhsTpA.mp4,/Users/rajeshpmu/Desktop/LegalMemoCMT/data/phase2/clancy/corpus/raw/live-lindsay-clancy-trial-day-14/live-lindsay-clancy-trial-day-14_DCBWoWhsTpA.wav,/Users/rajeshpmu/Desktop/LegalMemoCMT/data/processed/phase2/clancy/turn_clips/video/DCBWoWhsTpA/DCBWoWhsTpA_turn05971.mp4,/Users/rajeshpmu/Desktop/LegalMemoCMT/data/processed/phase2/clancy/turn_clips/audio/DCBWoWhsTpA/DCBWoWhsTpA_turn05971.wav,1061.23,1081.635,20.405,created,00:17:41.230,00:18:01.635,0.0,default_zero,SPEAKER_18,11.762,pyannote/speaker-diarization-3.1,Witness,manual_verified_diarization,HIGH,YES,SPEAKING,Witness,YES,Witness 15 identified by manual audio/video review,INCLUDE,,YES,speaker_role=Witness,split_dev;usable,"usable because speaker_role=Witness, witness_speaking_status=SPEAKING, clip_status=created, duration=20.405s, and source is not excluded",YES,0.6,HIGH,manual_clip_review,HUMAN_VERIFIED,/Users/rajeshpmu/Desktop/LegalMemoCMT/data/processed/phase2/clancy/turn_clips/video/DCBWoWhsTpA/DCBWoWhsTpA_turn05971.mp4,/Users/rajeshpmu/Desktop/LegalMemoCMT/data/processed/phase2/clancy/vit_facecrop_embeddings/DCBWoWhsTpA/DCBWoWhsTpA_turn05971.npy,created,neutral,0.518723,1.461376,"{""anger"": 0.054988, ""disgust"": 0.045757, ""fear"": 0.02295, ""joy"": 0.087824, ""neutral"": 0.518723, ""sadness"": 0.18668, ""surprise"": 0.083077}",/Users/rajeshpmu/Desktop/LegalMemoCMT/results/facial_cues/meld_vit_facecrop_gated_video_aux/fold_4/best_model.pt,phase1_meld_checkpoint_pseudo_label,"audio,text,video","audio,text,video","{""audio_dim"": 128, ""audio_model_name"": ""facebook/hubert-base-ls960"", ""dropout"": 0.1, ""encoder_mode"": ""paper"", ""freeze_audio_backbone"": false, ""freeze_text_backbone"": false, ""fusion_dim"": 256, ""fusion_mode"": ""gated"", ""fusion_pooling"": ""min"", ""max_audio_len"": 256, ""max_text_len"": 128, ""max_video_len"": 32, ""num_classes"": 7, ""num_heads"": 4, ""num_layers"": 2, ""text_dim"": 256, ""text_model_name"": ""bert-base-uncased"", ""use_video"": true, ""video_dim"": 768, ""vocab_size"": 30000}",/Users/rajeshpmu/Desktop/LegalMemoCMT/data/processed/phase2/clancy/turn_clips/audio/DCBWoWhsTpA/DCBWoWhsTpA_turn05971.wav,OK,,0.414742,0.335375,0.335375,0.398337,3loi/SER-Odyssey-Baseline-WavLM-Multi-Attributes,OK,neu,1.0,speechbrain/emotion-recognition-wav2vec2-IEMOCAP,OK,NO,UNCLEAR,no explicit emotion-target evidence,LOW,LOW,LOW,NEUTRAL_CANDIDATE,neutral,neutral,neutral,0.580000,neutral,0.580000,"audio and courtroom-affect evidence support neutral, but emotion target is unresolved",NO,CALM_COMPOSED,1,low_or_moderate_audio_arousal;speechbrain_neutral
DCBWoWhsTpA_turn05976,DCBWoWhsTpA_turn05976,DCBWoWhsTpA,https://www.youtube.com/live/DCBWoWhsTpA,LIVE: Lindsay Clancy trial Day 14,full_trial_stream,5,/Users/rajeshpmu/Desktop/LegalMemoCMT/data/phase2/clancy/corpus/raw/live-lindsay-clancy-trial-day-14/live-lindsay-clancy-trial-day-14_DCBWoWhsTpA.en.vtt,/Users/rajeshpmu/Desktop/LegalMemoCMT/data/processed/phase2/clancy/turn_clips/video/DCBWoWhsTpA/DCBWoWhsTpA_turn05976.mp4,/Users/rajeshpmu/Desktop/LegalMemoCMT/data/processed/phase2/clancy/turn_clips/audio/DCBWoWhsTpA/DCBWoWhsTpA_turn05976.wav,DCBWoWhsTpA,group_by_youtube_id,dev,neutral,text_keyword_heuristic,LOW,YES,comparable Phase 1 and audio categorical outputs agree or audio class is not comparable,YES,"Uh if the watch was taken off, if the watch was turned off, uh","Uh if the watch was taken off, if the watch was turned off, uh",00:18:25.539,00:18:30.141,4.602,4.602,marker,MEDIUM,1,7,"DCBWoWhsTpA_utt00827#p02,DCBWoWhsTpA_utt00828#p01,DCBWoWhsTpA_utt00829#p01,DCBWoWhsTpA_utt00830#p01,DCBWoWhsTpA_utt00831#p01,DCBWoWhsTpA_utt00832#p01,DCBWoWhsTpA_utt00833#p01","DCBWoWhsTpA_utt00827,DCBWoWhsTpA_utt00828,DCBWoWhsTpA_utt00829,DCBWoWhsTpA_utt00830,DCBWoWhsTpA_utt00831,DCBWoWhsTpA_utt00832,DCBWoWhsTpA_utt00833",7,/Users/rajeshpmu/Desktop/LegalMemoCMT/data/phase2/clancy/corpus/raw/live-lindsay-clancy-trial-day-14/live-lindsay-clancy-trial-day-14_DCBWoWhsTpA.mp4,/Users/rajeshpmu/Desktop/LegalMemoCMT/data/phase2/clancy/corpus/raw/live-lindsay-clancy-trial-day-14/live-lindsay-clancy-trial-day-14_DCBWoWhsTpA.wav,/Users/rajeshpmu/Desktop/LegalMemoCMT/data/processed/phase2/clancy/turn_clips/video/DCBWoWhsTpA/DCBWoWhsTpA_turn05976.mp4,/Users/rajeshpmu/Desktop/LegalMemoCMT/data/processed/phase2/clancy/turn_clips/audio/DCBWoWhsTpA/DCBWoWhsTpA_turn05976.wav,1105.539,1110.141,4.602,created,00:18:25.539,00:18:30.141,0.0,default_zero,SPEAKER_18,2.369,pyannote/speaker-diarization-3.1,Witness,manual_verified_diarization,HIGH,YES,SPEAKING,Witness,YES,Witness 15 identified by manual audio/video review,INCLUDE,,YES,speaker_role=Witness,split_dev;usable,"usable because speaker_role=Witness, witness_speaking_status=SPEAKING, clip_status=created, duration=4.602s, and source is not excluded",YES,0.6,HIGH,manual_clip_review,HUMAN_VERIFIED,/Users/rajeshpmu/Desktop/LegalMemoCMT/data/processed/phase2/clancy/turn_clips/video/DCBWoWhsTpA/DCBWoWhsTpA_turn05976.mp4,/Users/rajeshpmu/Desktop/LegalMemoCMT/data/processed/phase2/clancy/vit_facecrop_embeddings/DCBWoWhsTpA/DCBWoWhsTpA_turn05976.npy,created,sadness,0.462815,1.249315,"{""anger"": 0.060867, ""disgust"": 0.009564, ""fear"": 0.025916, ""joy"": 0.063508, ""neutral"": 0.36889, ""sadness"": 0.462815, ""surprise"": 0.008439}",/Users/rajeshpmu/Desktop/LegalMemoCMT/results/facial_cues/meld_vit_facecrop_gated_video_aux/fold_4/best_model.pt,phase1_meld_checkpoint_pseudo_label,"audio,text,video","audio,text,video","{""audio_dim"": 128, ""audio_model_name"": ""facebook/hubert-base-ls960"", ""dropout"": 0.1, ""encoder_mode"": ""paper"", ""freeze_audio_backbone"": false, ""freeze_text_backbone"": false, ""fusion_dim"": 256, ""fusion_mode"": ""gated"", ""fusion_pooling"": ""min"", ""max_audio_len"": 256, ""max_text_len"": 128, ""max_video_len"": 32, ""num_classes"": 7, ""num_heads"": 4, ""num_layers"": 2, ""text_dim"": 256, ""text_model_name"": ""bert-base-uncased"", ""use_video"": true, ""video_dim"": 768, ""vocab_size"": 30000}",/Users/rajeshpmu/Desktop/LegalMemoCMT/data/processed/phase2/clancy/turn_clips/audio/DCBWoWhsTpA/DCBWoWhsTpA_turn05976.wav,OK,,0.323292,0.280632,0.280632,0.392057,3loi/SER-Odyssey-Baseline-WavLM-Multi-Attributes,OK,ang,0.999886,speechbrain/emotion-recognition-wav2vec2-IEMOCAP,OK,NO,UNCLEAR,no explicit emotion-target evidence,MEDIUM,LOW,MEDIUM,KEEP_PHASE1_CANDIDATE,sadness,anger,sadness,0.462815,sadness,0.462815,comparable Phase 1 and audio categorical outputs agree or audio class is not comparable,YES,UNKNOWN,,phase1_vs_comparable_audio_disagreement;low_or_moderate_audio_arousal
DCBWoWhsTpA_turn05978,DCBWoWhsTpA_turn05978,DCBWoWhsTpA,https://www.youtube.com/live/DCBWoWhsTpA,LIVE: Lindsay Clancy trial Day 14,full_trial_stream,5,/Users/rajeshpmu/Desktop/LegalMemoCMT/data/phase2/clancy/corpus/raw/live-lindsay-clancy-trial-day-14/live-lindsay-clancy-trial-day-14_DCBWoWhsTpA.en.vtt,/Users/rajeshpmu/Desktop/LegalMemoCMT/data/processed/phase2/clancy/turn_clips/video/DCBWoWhsTpA/DCBWoWhsTpA_turn05978.mp4,/Users/rajeshpmu/Desktop/LegalMemoCMT/data/processed/phase2/clancy/turn_clips/audio/DCBWoWhsTpA/DCBWoWhsTpA_turn05978.wav,DCBWoWhsTpA,group_by_youtube_id,dev,neutral,text_keyword_heuristic,LOW,NO,"audio and courtroom-affect evidence support neutral, but emotion target is unresolved",YES,Uh flight climb uh is information which the Apple health application uh stores every time it detects that you walk up a flight of stairs. So a flight of stairs would be considered either a 3 m or 10 foot incline over 16 steps. Uh so the the device has detected that both the altitude has changed by 10 ft. Uh and there were steps being walked at the same time.,Uh flight climb uh is information which the Apple health application uh stores every time it detects that you walk up a flight of stairs. So a flight of stairs would be considered either a 3 m or 10 foot incline over 16 steps. Uh so the the device has detected that both the altitude has changed by 10 ft. Uh and there were steps being walked at the same time.,00:18:47.941,00:19:14.938,26.997,26.997,marker,MEDIUM,1,21,"DCBWoWhsTpA_utt00841#p02,DCBWoWhsTpA_utt00842#p01,DCBWoWhsTpA_utt00843#p01,DCBWoWhsTpA_utt00844#p01,DCBWoWhsTpA_utt00845#p01,DCBWoWhsTpA_utt00846#p01,DCBWoWhsTpA_utt00847#p01,DCBWoWhsTpA_utt00848#p01,DCBWoWhsTpA_utt00849#p01,DCBWoWhsTpA_utt00850#p01,DCBWoWhsTpA_utt00851#p01,DCBWoWhsTpA_utt00852#p01,DCBWoWhsTpA_utt00853#p01,DCBWoWhsTpA_utt00854#p01,DCBWoWhsTpA_utt00855#p01,DCBWoWhsTpA_utt00856#p01,DCBWoWhsTpA_utt00857#p01,DCBWoWhsTpA_utt00858#p01,DCBWoWhsTpA_utt00859#p01,DCBWoWhsTpA_utt00860#p01,DCBWoWhsTpA_utt00861#p01","DCBWoWhsTpA_utt00841,DCBWoWhsTpA_utt00842,DCBWoWhsTpA_utt00843,DCBWoWhsTpA_utt00844,DCBWoWhsTpA_utt00845,DCBWoWhsTpA_utt00846,DCBWoWhsTpA_utt00847,DCBWoWhsTpA_utt00848,DCBWoWhsTpA_utt00849,DCBWoWhsTpA_utt00850,DCBWoWhsTpA_utt00851,DCBWoWhsTpA_utt00852,DCBWoWhsTpA_utt00853,DCBWoWhsTpA_utt00854,DCBWoWhsTpA_utt00855,DCBWoWhsTpA_utt00856,DCBWoWhsTpA_utt00857,DCBWoWhsTpA_utt00858,DCBWoWhsTpA_utt00859,DCBWoWhsTpA_utt00860,DCBWoWhsTpA_utt00861",21,/Users/rajeshpmu/Desktop/LegalMemoCMT/data/phase2/clancy/corpus/raw/live-lindsay-clancy-trial-day-14/live-lindsay-clancy-trial-day-14_DCBWoWhsTpA.mp4,/Users/rajeshpmu/Desktop/LegalMemoCMT/data/phase2/clancy/corpus/raw/live-lindsay-clancy-trial-day-14/live-lindsay-clancy-trial-day-14_DCBWoWhsTpA.wav,/Users/rajeshpmu/Desktop/LegalMemoCMT/data/processed/phase2/clancy/turn_clips/video/DCBWoWhsTpA/DCBWoWhsTpA_turn05978.mp4,/Users/rajeshpmu/Desktop/LegalMemoCMT/data/processed/phase2/clancy/turn_clips/audio/DCBWoWhsTpA/DCBWoWhsTpA_turn05978.wav,1127.941,1154.938,26.997,created,00:18:47.941,00:19:14.938,0.0,default_zero,SPEAKER_18,20.334,pyannote/speaker-diarization-3.1,Witness,manual_verified_diarization,HIGH,YES,SPEAKING,Witness,YES,Witness 15 identified by manual audio/video review,INCLUDE,,YES,speaker_role=Witness,split_dev;usable,"usable because speaker_role=Witness, witness_speaking_status=SPEAKING, clip_status=created, duration=26.997s, and source is not excluded",YES,0.6,HIGH,manual_clip_review,HUMAN_VERIFIED,/Users/rajeshpmu/Desktop/LegalMemoCMT/data/processed/phase2/clancy/turn_clips/video/DCBWoWhsTpA/DCBWoWhsTpA_turn05978.mp4,/Users/rajeshpmu/Desktop/LegalMemoCMT/data/processed/phase2/clancy/vit_facecrop_embeddings/DCBWoWhsTpA/DCBWoWhsTpA_turn05978.npy,created,neutral,0.675853,1.157655,"{""anger"": 0.070201, ""disgust"": 0.042851, ""fear"": 0.011869, ""joy"": 0.094487, ""neutral"": 0.675853, ""sadness"": 0.077964, ""surprise"": 0.026776}",/Users/rajeshpmu/Desktop/LegalMemoCMT/results/facial_cues/meld_vit_facecrop_gated_video_aux/fold_4/best_model.pt,phase1_meld_checkpoint_pseudo_label,"audio,text,video","audio,text,video","{""audio_dim"": 128, ""audio_model_name"": ""facebook/hubert-base-ls960"", ""dropout"": 0.1, ""encoder_mode"": ""paper"", ""freeze_audio_backbone"": false, ""freeze_text_backbone"": false, ""fusion_dim"": 256, ""fusion_mode"": ""gated"", ""fusion_pooling"": ""min"", ""max_audio_len"": 256, ""max_text_len"": 128, ""max_video_len"": 32, ""num_classes"": 7, ""num_heads"": 4, ""num_layers"": 2, ""text_dim"": 256, ""text_model_name"": ""bert-base-uncased"", ""use_video"": true, ""video_dim"": 768, ""vocab_size"": 30000}",/Users/rajeshpmu/Desktop/LegalMemoCMT/data/processed/phase2/clancy/turn_clips/audio/DCBWoWhsTpA/DCBWoWhsTpA_turn05978.wav,OK,,0.464789,0.352802,0.352802,0.451221,3loi/SER-Odyssey-Baseline-WavLM-Multi-Attributes,OK,neu,1.0,speechbrain/emotion-recognition-wav2vec2-IEMOCAP,OK,NO,UNCLEAR,no explicit emotion-target evidence,LOW,LOW,LOW,NEUTRAL_CANDIDATE,neutral,neutral,neutral,0.580000,neutral,0.580000,"audio and courtroom-affect evidence support neutral, but emotion target is unresolved",NO,CALM_COMPOSED,1,low_or_moderate_audio_arousal;speechbrain_neutral
DCBWoWhsTpA_turn05981,DCBWoWhsTpA_turn05981,DCBWoWhsTpA,https://www.youtube.com/live/DCBWoWhsTpA,LIVE: Lindsay Clancy trial Day 14,full_trial_stream,5,/Users/rajeshpmu/Desktop/LegalMemoCMT/data/phase2/clancy/corpus/raw/live-lindsay-clancy-trial-day-14/live-lindsay-clancy-trial-day-14_DCBWoWhsTpA.en.vtt,/Users/rajeshpmu/Desktop/LegalMemoCMT/data/processed/phase2/clancy/turn_clips/video/DCBWoWhsTpA/DCBWoWhsTpA_turn05981.mp4,/Users/rajeshpmu/Desktop/LegalMemoCMT/data/processed/phase2/clancy/turn_clips/audio/DCBWoWhsTpA/DCBWoWhsTpA_turn05981.wav,DCBWoWhsTpA,group_by_youtube_id,dev,neutral,text_keyword_heuristic,LOW,YES,comparable Phase 1 and audio categorical outputs agree or audio class is not comparable,YES,And what what is it? Is it GPS or something that's keeping track of your altitude? Uh the altitude is being monitored by a barometer or an altimeter which is inside the device just measuring for differences in air pressure.,And what what is it? Is it GPS or something that's keeping track of your altitude? Uh the altitude is being monitored by a barometer or an altimeter which is inside the device just measuring for differences in air pressure.,00:19:22.864,00:19:35.816,12.952,12.952,marker,MEDIUM,1,15,"DCBWoWhsTpA_utt00871#p02,DCBWoWhsTpA_utt00872#p01,DCBWoWhsTpA_utt00873#p01,DCBWoWhsTpA_utt00874#p01,DCBWoWhsTpA_utt00875#p01,DCBWoWhsTpA_utt00876#p01,DCBWoWhsTpA_utt00877#p01,DCBWoWhsTpA_utt00878#p01,DCBWoWhsTpA_utt00879#p01,DCBWoWhsTpA_utt00880#p01,DCBWoWhsTpA_utt00881#p01,DCBWoWhsTpA_utt00882#p01,DCBWoWhsTpA_utt00883#p01,DCBWoWhsTpA_utt00884#p01,DCBWoWhsTpA_utt00885#p01","DCBWoWhsTpA_utt00871,DCBWoWhsTpA_utt00872,DCBWoWhsTpA_utt00873,DCBWoWhsTpA_utt00874,DCBWoWhsTpA_utt00875,DCBWoWhsTpA_utt00876,DCBWoWhsTpA_utt00877,DCBWoWhsTpA_utt00878,DCBWoWhsTpA_utt00879,DCBWoWhsTpA_utt00880,DCBWoWhsTpA_utt00881,DCBWoWhsTpA_utt00882,DCBWoWhsTpA_utt00883,DCBWoWhsTpA_utt00884,DCBWoWhsTpA_utt00885",15,/Users/rajeshpmu/Desktop/LegalMemoCMT/data/phase2/clancy/corpus/raw/live-lindsay-clancy-trial-day-14/live-lindsay-clancy-trial-day-14_DCBWoWhsTpA.mp4,/Users/rajeshpmu/Desktop/LegalMemoCMT/data/phase2/clancy/corpus/raw/live-lindsay-clancy-trial-day-14/live-lindsay-clancy-trial-day-14_DCBWoWhsTpA.wav,/Users/rajeshpmu/Desktop/LegalMemoCMT/data/processed/phase2/clancy/turn_clips/video/DCBWoWhsTpA/DCBWoWhsTpA_turn05981.mp4,/Users/rajeshpmu/Desktop/LegalMemoCMT/data/processed/phase2/clancy/turn_clips/audio/DCBWoWhsTpA/DCBWoWhsTpA_turn05981.wav,1162.864,1175.816,12.952,created,00:19:22.864,00:19:35.816,0.0,default_zero,SPEAKER_18,7.155,pyannote/speaker-diarization-3.1,Witness,manual_verified_diarization,HIGH,YES,SPEAKING,Witness,YES,Witness 15 identified by manual audio/video review,INCLUDE,,YES,speaker_role=Witness,split_dev;usable,"usable because speaker_role=Witness, witness_speaking_status=SPEAKING, clip_status=created, duration=12.952s, and source is not excluded",YES,0.6,HIGH,manual_clip_review,HUMAN_VERIFIED,/Users/rajeshpmu/Desktop/LegalMemoCMT/data/processed/phase2/clancy/turn_clips/video/DCBWoWhsTpA/DCBWoWhsTpA_turn05981.mp4,/Users/rajeshpmu/Desktop/LegalMemoCMT/data/processed/phase2/clancy/vit_facecrop_embeddings/DCBWoWhsTpA/DCBWoWhsTpA_turn05981.npy,created,neutral,0.789163,0.867281,"{""anger"": 0.038299, ""disgust"": 0.047015, ""fear"": 0.010293, ""joy"": 0.052446, ""neutral"": 0.789163, ""sadness"": 0.046212, ""surprise"": 0.016572}",/Users/rajeshpmu/Desktop/LegalMemoCMT/results/facial_cues/meld_vit_facecrop_gated_video_aux/fold_4/best_model.pt,phase1_meld_checkpoint_pseudo_label,"audio,text,video","audio,text,video","{""audio_dim"": 128, ""audio_model_name"": ""facebook/hubert-base-ls960"", ""dropout"": 0.1, ""encoder_mode"": ""paper"", ""freeze_audio_backbone"": false, ""freeze_text_backbone"": false, ""fusion_dim"": 256, ""fusion_mode"": ""gated"", ""fusion_pooling"": ""min"", ""max_audio_len"": 256, ""max_text_len"": 128, ""max_video_len"": 32, ""num_classes"": 7, ""num_heads"": 4, ""num_layers"": 2, ""text_dim"": 256, ""text_model_name"": ""bert-base-uncased"", ""use_video"": true, ""video_dim"": 768, ""vocab_size"": 30000}",/Users/rajeshpmu/Desktop/LegalMemoCMT/data/processed/phase2/clancy/turn_clips/audio/DCBWoWhsTpA/DCBWoWhsTpA_turn05981.wav,OK,,0.517243,0.448192,0.448192,0.505723,3loi/SER-Odyssey-Baseline-WavLM-Multi-Attributes,OK,ang,0.999999,speechbrain/emotion-recognition-wav2vec2-IEMOCAP,OK,NO,UNCLEAR,no explicit emotion-target evidence,HIGH,LOW,HIGH,KEEP_PHASE1_CANDIDATE,neutral,anger,neutral,0.789163,neutral,0.789163,comparable Phase 1 and audio categorical outputs agree or audio class is not comparable,YES,UNKNOWN,,phase1_vs_comparable_audio_disagreement;low_or_moderate_audio_arousal
DCBWoWhsTpA_turn05984,DCBWoWhsTpA_turn05984,DCBWoWhsTpA,https://www.youtube.com/live/DCBWoWhsTpA,LIVE: Lindsay Clancy trial Day 14,full_trial_stream,5,/Users/rajeshpmu/Desktop/LegalMemoCMT/data/phase2/clancy/corpus/raw/live-lindsay-clancy-trial-day-14/live-lindsay-clancy-trial-day-14_DCBWoWhsTpA.en.vtt,/Users/rajeshpmu/Desktop/LegalMemoCMT/data/processed/phase2/clancy/turn_clips/video/DCBWoWhsTpA/DCBWoWhsTpA_turn05984.mp4,/Users/rajeshpmu/Desktop/LegalMemoCMT/data/processed/phase2/clancy/turn_clips/audio/DCBWoWhsTpA/DCBWoWhsTpA_turn05984.wav,DCBWoWhsTpA,group_by_youtube_id,dev,neutral,text_keyword_heuristic,LOW,NO,"audio and courtroom-affect evidence support neutral, but emotion target is unresolved",YES,"Uh there are some circumstances where that can happen. Um they're typically quite uh quite rare, but it can happen.","Uh there are some circumstances where that can happen. Um they're typically quite uh quite rare, but it can happen.",00:20:04.620,00:20:14.431,9.811,9.811,marker,MEDIUM,1,7,"DCBWoWhsTpA_utt00907#p02,DCBWoWhsTpA_utt00908#p01,DCBWoWhsTpA_utt00909#p01,DCBWoWhsTpA_utt00910#p01,DCBWoWhsTpA_utt00911#p01,DCBWoWhsTpA_utt00912#p01,DCBWoWhsTpA_utt00913#p01","DCBWoWhsTpA_utt00907,DCBWoWhsTpA_utt00908,DCBWoWhsTpA_utt00909,DCBWoWhsTpA_utt00910,DCBWoWhsTpA_utt00911,DCBWoWhsTpA_utt00912,DCBWoWhsTpA_utt00913",7,/Users/rajeshpmu/Desktop/LegalMemoCMT/data/phase2/clancy/corpus/raw/live-lindsay-clancy-trial-day-14/live-lindsay-clancy-trial-day-14_DCBWoWhsTpA.mp4,/Users/rajeshpmu/Desktop/LegalMemoCMT/data/phase2/clancy/corpus/raw/live-lindsay-clancy-trial-day-14/live-lindsay-clancy-trial-day-14_DCBWoWhsTpA.wav,/Users/rajeshpmu/Desktop/LegalMemoCMT/data/processed/phase2/clancy/turn_clips/video/DCBWoWhsTpA/DCBWoWhsTpA_turn05984.mp4,/Users/rajeshpmu/Desktop/LegalMemoCMT/data/processed/phase2/clancy/turn_clips/audio/DCBWoWhsTpA/DCBWoWhsTpA_turn05984.wav,1204.62,1214.431,9.811,created,00:20:04.620,00:20:14.431,0.0,default_zero,SPEAKER_18,2.666,pyannote/speaker-diarization-3.1,Witness,manual_verified_diarization,HIGH,YES,SPEAKING,Witness,YES,Witness 15 identified by manual audio/video review,INCLUDE,,YES,speaker_role=Witness,split_dev;usable,"usable because speaker_role=Witness, witness_speaking_status=SPEAKING, clip_status=created, duration=9.811s, and source is not excluded",YES,0.6,HIGH,manual_clip_review,HUMAN_VERIFIED,/Users/rajeshpmu/Desktop/LegalMemoCMT/data/processed/phase2/clancy/turn_clips/video/DCBWoWhsTpA/DCBWoWhsTpA_turn05984.mp4,/Users/rajeshpmu/Desktop/LegalMemoCMT/data/processed/phase2/clancy/vit_facecrop_embeddings/DCBWoWhsTpA/DCBWoWhsTpA_turn05984.npy,created,neutral,0.769023,0.850232,"{""anger"": 0.049851, ""disgust"": 0.00516, ""fear"": 0.027945, ""joy"": 0.021493, ""neutral"": 0.769023, ""sadness"": 0.119368, ""surprise"": 0.007159}",/Users/rajeshpmu/Desktop/LegalMemoCMT/results/facial_cues/meld_vit_facecrop_gated_video_aux/fold_4/best_model.pt,phase1_meld_checkpoint_pseudo_label,"audio,text,video","audio,text,video","{""audio_dim"": 128, ""audio_model_name"": ""facebook/hubert-base-ls960"", ""dropout"": 0.1, ""encoder_mode"": ""paper"", ""freeze_audio_backbone"": false, ""freeze_text_backbone"": false, ""fusion_dim"": 256, ""fusion_mode"": ""gated"", ""fusion_pooling"": ""min"", ""max_audio_len"": 256, ""max_text_len"": 128, ""max_video_len"": 32, ""num_classes"": 7, ""num_heads"": 4, ""num_layers"": 2, ""text_dim"": 256, ""text_model_name"": ""bert-base-uncased"", ""use_video"": true, ""video_dim"": 768, ""vocab_size"": 30000}",/Users/rajeshpmu/Desktop/LegalMemoCMT/data/processed/phase2/clancy/turn_clips/audio/DCBWoWhsTpA/DCBWoWhsTpA_turn05984.wav,OK,,0.413296,0.32249,0.32249,0.39923,3loi/SER-Odyssey-Baseline-WavLM-Multi-Attributes,OK,neu,1.0,speechbrain/emotion-recognition-wav2vec2-IEMOCAP,OK,NO,UNCLEAR,no explicit emotion-target evidence,LOW,LOW,LOW,NEUTRAL_CANDIDATE,neutral,neutral,neutral,0.580000,neutral,0.580000,"audio and courtroom-affect evidence support neutral, but emotion target is unresolved",NO,CALM_COMPOSED,1,low_or_moderate_audio_arousal;speechbrain_neutral
DCBWoWhsTpA_turn05986,DCBWoWhsTpA_turn05986,DCBWoWhsTpA,https://www.youtube.com/live/DCBWoWhsTpA,LIVE: Lindsay Clancy trial Day 14,full_trial_stream,5,/Users/rajeshpmu/Desktop/LegalMemoCMT/data/phase2/clancy/corpus/raw/live-lindsay-clancy-trial-day-14/live-lindsay-clancy-trial-day-14_DCBWoWhsTpA.en.vtt,/Users/rajeshpmu/Desktop/LegalMemoCMT/data/processed/phase2/clancy/turn_clips/video/DCBWoWhsTpA/DCBWoWhsTpA_turn05986.mp4,/Users/rajeshpmu/Desktop/LegalMemoCMT/data/processed/phase2/clancy/turn_clips/audio/DCBWoWhsTpA/DCBWoWhsTpA_turn05986.wav,DCBWoWhsTpA,group_by_youtube_id,dev,neutral,text_keyword_heuristic,LOW,NO,"audio and courtroom-affect evidence support neutral, but emotion target is unresolved",YES,Correct. Yes. Uh if there is uh movement which the device can mistake for steps at the same time as uh the incline is being driven then that could uh could accidentally record a flight plan.,Correct. Yes. Uh if there is uh movement which the device can mistake for steps at the same time as uh the incline is being driven then that could uh could accidentally record a flight plan.,00:20:17.943,00:20:30.326,12.383,12.383,marker,MEDIUM,1,11,"DCBWoWhsTpA_utt00917#p02,DCBWoWhsTpA_utt00918#p01,DCBWoWhsTpA_utt00919#p01,DCBWoWhsTpA_utt00920#p01,DCBWoWhsTpA_utt00921#p01,DCBWoWhsTpA_utt00922#p01,DCBWoWhsTpA_utt00923#p01,DCBWoWhsTpA_utt00924#p01,DCBWoWhsTpA_utt00925#p01,DCBWoWhsTpA_utt00926#p01,DCBWoWhsTpA_utt00927#p01","DCBWoWhsTpA_utt00917,DCBWoWhsTpA_utt00918,DCBWoWhsTpA_utt00919,DCBWoWhsTpA_utt00920,DCBWoWhsTpA_utt00921,DCBWoWhsTpA_utt00922,DCBWoWhsTpA_utt00923,DCBWoWhsTpA_utt00924,DCBWoWhsTpA_utt00925,DCBWoWhsTpA_utt00926,DCBWoWhsTpA_utt00927",11,/Users/rajeshpmu/Desktop/LegalMemoCMT/data/phase2/clancy/corpus/raw/live-lindsay-clancy-trial-day-14/live-lindsay-clancy-trial-day-14_DCBWoWhsTpA.mp4,/Users/rajeshpmu/Desktop/LegalMemoCMT/data/phase2/clancy/corpus/raw/live-lindsay-clancy-trial-day-14/live-lindsay-clancy-trial-day-14_DCBWoWhsTpA.wav,/Users/rajeshpmu/Desktop/LegalMemoCMT/data/processed/phase2/clancy/turn_clips/video/DCBWoWhsTpA/DCBWoWhsTpA_turn05986.mp4,/Users/rajeshpmu/Desktop/LegalMemoCMT/data/processed/phase2/clancy/turn_clips/audio/DCBWoWhsTpA/DCBWoWhsTpA_turn05986.wav,1217.943,1230.326,12.383,created,00:20:17.943,00:20:30.326,0.0,default_zero,SPEAKER_18,11.212,pyannote/speaker-diarization-3.1,Witness,manual_verified_diarization,HIGH,YES,SPEAKING,Witness,YES,Witness 15 identified by manual audio/video review,INCLUDE,,YES,speaker_role=Witness,split_dev;usable,"usable because speaker_role=Witness, witness_speaking_status=SPEAKING, clip_status=created, duration=12.383s, and source is not excluded",YES,0.6,HIGH,manual_clip_review,HUMAN_VERIFIED,/Users/rajeshpmu/Desktop/LegalMemoCMT/data/processed/phase2/clancy/turn_clips/video/DCBWoWhsTpA/DCBWoWhsTpA_turn05986.mp4,/Users/rajeshpmu/Desktop/LegalMemoCMT/data/processed/phase2/clancy/vit_facecrop_embeddings/DCBWoWhsTpA/DCBWoWhsTpA_turn05986.npy,created,neutral,0.766246,0.89546,"{""anger"": 0.046882, ""disgust"": 0.009803, ""fear"": 0.00878, ""joy"": 0.054925, ""neutral"": 0.766246, ""sadness"": 0.091994, ""surprise"": 0.021371}",/Users/rajeshpmu/Desktop/LegalMemoCMT/results/facial_cues/meld_vit_facecrop_gated_video_aux/fold_4/best_model.pt,phase1_meld_checkpoint_pseudo_label,"audio,text,video","audio,text,video","{""audio_dim"": 128, ""audio_model_name"": ""facebook/hubert-base-ls960"", ""dropout"": 0.1, ""encoder_mode"": ""paper"", ""freeze_audio_backbone"": false, ""freeze_text_backbone"": false, ""fusion_dim"": 256, ""fusion_mode"": ""gated"", ""fusion_pooling"": ""min"", ""max_audio_len"": 256, ""max_text_len"": 128, ""max_video_len"": 32, ""num_classes"": 7, ""num_heads"": 4, ""num_layers"": 2, ""text_dim"": 256, ""text_model_name"": ""bert-base-uncased"", ""use_video"": true, ""video_dim"": 768, ""vocab_size"": 30000}",/Users/rajeshpmu/Desktop/LegalMemoCMT/data/processed/phase2/clancy/turn_clips/audio/DCBWoWhsTpA/DCBWoWhsTpA_turn05986.wav,OK,,0.400693,0.311022,0.311022,0.399611,3loi/SER-Odyssey-Baseline-WavLM-Multi-Attributes,OK,neu,1.0,speechbrain/emotion-recognition-wav2vec2-IEMOCAP,OK,NO,UNCLEAR,no explicit emotion-target evidence,LOW,LOW,LOW,NEUTRAL_CANDIDATE,neutral,neutral,neutral,0.580000,neutral,0.580000,"audio and courtroom-affect evidence support neutral, but emotion target is unresolved",NO,CALM_COMPOSED,1,low_or_moderate_audio_arousal;speechbrain_neutral
DCBWoWhsTpA_turn05988,DCBWoWhsTpA_turn05988,DCBWoWhsTpA,https://www.youtube.com/live/DCBWoWhsTpA,LIVE: Lindsay Clancy trial Day 14,full_trial_stream,5,/Users/rajeshpmu/Desktop/LegalMemoCMT/data/phase2/clancy/corpus/raw/live-lindsay-clancy-trial-day-14/live-lindsay-clancy-trial-day-14_DCBWoWhsTpA.en.vtt,/Users/rajeshpmu/Desktop/LegalMemoCMT/data/processed/phase2/clancy/turn_clips/video/DCBWoWhsTpA/DCBWoWhsTpA_turn05988.mp4,/Users/rajeshpmu/Desktop/LegalMemoCMT/data/processed/phase2/clancy/turn_clips/audio/DCBWoWhsTpA/DCBWoWhsTpA_turn05988.wav,DCBWoWhsTpA,group_by_youtube_id,dev,neutral,text_keyword_heuristic,LOW,NO,"audio and courtroom-affect evidence support neutral, but emotion target is unresolved",YES,Correct. If if the person is in a house uh and there are flight climbs being recorded then the only rational explanation is that the person was climbing stairs.,Correct. If if the person is in a house uh and there are flight climbs being recorded then the only rational explanation is that the person was climbing stairs.,00:20:39.671,00:20:53.909,14.238,14.238,marker,MEDIUM,1,9,"DCBWoWhsTpA_utt00935#p02,DCBWoWhsTpA_utt00936#p01,DCBWoWhsTpA_utt00937#p01,DCBWoWhsTpA_utt00938#p01,DCBWoWhsTpA_utt00939#p01,DCBWoWhsTpA_utt00940#p01,DCBWoWhsTpA_utt00941#p01,DCBWoWhsTpA_utt00942#p01,DCBWoWhsTpA_utt00943#p01","DCBWoWhsTpA_utt00935,DCBWoWhsTpA_utt00936,DCBWoWhsTpA_utt00937,DCBWoWhsTpA_utt00938,DCBWoWhsTpA_utt00939,DCBWoWhsTpA_utt00940,DCBWoWhsTpA_utt00941,DCBWoWhsTpA_utt00942,DCBWoWhsTpA_utt00943",9,/Users/rajeshpmu/Desktop/LegalMemoCMT/data/phase2/clancy/corpus/raw/live-lindsay-clancy-trial-day-14/live-lindsay-clancy-trial-day-14_DCBWoWhsTpA.mp4,/Users/rajeshpmu/Desktop/LegalMemoCMT/data/phase2/clancy/corpus/raw/live-lindsay-clancy-trial-day-14/live-lindsay-clancy-trial-day-14_DCBWoWhsTpA.wav,/Users/rajeshpmu/Desktop/LegalMemoCMT/data/processed/phase2/clancy/turn_clips/video/DCBWoWhsTpA/DCBWoWhsTpA_turn05988.mp4,/Users/rajeshpmu/Desktop/LegalMemoCMT/data/processed/phase2/clancy/turn_clips/audio/DCBWoWhsTpA/DCBWoWhsTpA_turn05988.wav,1239.671,1253.909,14.238,created,00:20:39.671,00:20:53.909,0.0,default_zero,SPEAKER_18,9.296,pyannote/speaker-diarization-3.1,Witness,manual_verified_diarization,HIGH,YES,SPEAKING,Witness,YES,Witness 15 identified by manual audio/video review,INCLUDE,,YES,speaker_role=Witness,split_dev;usable,"usable because speaker_role=Witness, witness_speaking_status=SPEAKING, clip_status=created, duration=14.238s, and source is not excluded",YES,0.6,HIGH,manual_clip_review,HUMAN_VERIFIED,/Users/rajeshpmu/Desktop/LegalMemoCMT/data/processed/phase2/clancy/turn_clips/video/DCBWoWhsTpA/DCBWoWhsTpA_turn05988.mp4,/Users/rajeshpmu/Desktop/LegalMemoCMT/data/processed/phase2/clancy/vit_facecrop_embeddings/DCBWoWhsTpA/DCBWoWhsTpA_turn05988.npy,created,neutral,0.785577,0.893686,"{""anger"": 0.036834, ""disgust"": 0.037155, ""fear"": 0.015743, ""joy"": 0.050087, ""neutral"": 0.785577, ""sadness"": 0.041649, ""surprise"": 0.032954}",/Users/rajeshpmu/Desktop/LegalMemoCMT/results/facial_cues/meld_vit_facecrop_gated_video_aux/fold_4/best_model.pt,phase1_meld_checkpoint_pseudo_label,"audio,text,video","audio,text,video","{""audio_dim"": 128, ""audio_model_name"": ""facebook/hubert-base-ls960"", ""dropout"": 0.1, ""encoder_mode"": ""paper"", ""freeze_audio_backbone"": false, ""freeze_text_backbone"": false, ""fusion_dim"": 256, ""fusion_mode"": ""gated"", ""fusion_pooling"": ""min"", ""max_audio_len"": 256, ""max_text_len"": 128, ""max_video_len"": 32, ""num_classes"": 7, ""num_heads"": 4, ""num_layers"": 2, ""text_dim"": 256, ""text_model_name"": ""bert-base-uncased"", ""use_video"": true, ""video_dim"": 768, ""vocab_size"": 30000}",/Users/rajeshpmu/Desktop/LegalMemoCMT/data/processed/phase2/clancy/turn_clips/audio/DCBWoWhsTpA/DCBWoWhsTpA_turn05988.wav,OK,,0.334602,0.280468,0.280468,0.385094,3loi/SER-Odyssey-Baseline-WavLM-Multi-Attributes,OK,neu,1.0,speechbrain/emotion-recognition-wav2vec2-IEMOCAP,OK,NO,UNCLEAR,no explicit emotion-target evidence,LOW,LOW,LOW,NEUTRAL_CANDIDATE,neutral,neutral,neutral,0.580000,neutral,0.580000,"audio and courtroom-affect evidence support neutral, but emotion target is unresolved",NO,CALM_COMPOSED,1,low_or_moderate_audio_arousal;speechbrain_neutral
DCBWoWhsTpA_turn05994,DCBWoWhsTpA_turn05994,DCBWoWhsTpA,https://www.youtube.com/live/DCBWoWhsTpA,LIVE: Lindsay Clancy trial Day 14,full_trial_stream,5,/Users/rajeshpmu/Desktop/LegalMemoCMT/data/phase2/clancy/corpus/raw/live-lindsay-clancy-trial-day-14/live-lindsay-clancy-trial-day-14_DCBWoWhsTpA.en.vtt,/Users/rajeshpmu/Desktop/LegalMemoCMT/data/processed/phase2/clancy/turn_clips/video/DCBWoWhsTpA/DCBWoWhsTpA_turn05994.mp4,/Users/rajeshpmu/Desktop/LegalMemoCMT/data/processed/phase2/clancy/turn_clips/audio/DCBWoWhsTpA/DCBWoWhsTpA_turn05994.wav,DCBWoWhsTpA,group_by_youtube_id,dev,neutral,text_keyword_heuristic,LOW,NO,"audio and courtroom-affect evidence support neutral, but emotion target is unresolved",YES,"Correct. So this is further down the screen in the uh interface where we can see an actual time of 101727 where there's two flights climbed. Uh and again another record at 101728 where there are two flights climbed and then a further flight climb at 10:49. And then going down to the bottom here, this table, what are we seeing here in this table?","Correct. So this is further down the screen in the uh interface where we can see an actual time of 101727 where there's two flights climbed. Uh and again another record at 101728 where there are two flights climbed and then a further flight climb at 10:49. And then going down to the bottom here, this table, what are we seeing here in this table?",00:22:30.811,00:22:58.682,27.871,27.871,marker,MEDIUM,1,21,"DCBWoWhsTpA_utt01023#p02,DCBWoWhsTpA_utt01024#p01,DCBWoWhsTpA_utt01025#p01,DCBWoWhsTpA_utt01026#p01,DCBWoWhsTpA_utt01027#p01,DCBWoWhsTpA_utt01028#p01,DCBWoWhsTpA_utt01029#p01,DCBWoWhsTpA_utt01030#p01,DCBWoWhsTpA_utt01031#p01,DCBWoWhsTpA_utt01032#p01,DCBWoWhsTpA_utt01033#p01,DCBWoWhsTpA_utt01034#p01,DCBWoWhsTpA_utt01035#p01,DCBWoWhsTpA_utt01036#p01,DCBWoWhsTpA_utt01037#p01,DCBWoWhsTpA_utt01038#p01,DCBWoWhsTpA_utt01039#p01,DCBWoWhsTpA_utt01040#p01,DCBWoWhsTpA_utt01041#p01,DCBWoWhsTpA_utt01042#p01,DCBWoWhsTpA_utt01043#p01","DCBWoWhsTpA_utt01023,DCBWoWhsTpA_utt01024,DCBWoWhsTpA_utt01025,DCBWoWhsTpA_utt01026,DCBWoWhsTpA_utt01027,DCBWoWhsTpA_utt01028,DCBWoWhsTpA_utt01029,DCBWoWhsTpA_utt01030,DCBWoWhsTpA_utt01031,DCBWoWhsTpA_utt01032,DCBWoWhsTpA_utt01033,DCBWoWhsTpA_utt01034,DCBWoWhsTpA_utt01035,DCBWoWhsTpA_utt01036,DCBWoWhsTpA_utt01037,DCBWoWhsTpA_utt01038,DCBWoWhsTpA_utt01039,DCBWoWhsTpA_utt01040,DCBWoWhsTpA_utt01041,DCBWoWhsTpA_utt01042,DCBWoWhsTpA_utt01043",21,/Users/rajeshpmu/Desktop/LegalMemoCMT/data/phase2/clancy/corpus/raw/live-lindsay-clancy-trial-day-14/live-lindsay-clancy-trial-day-14_DCBWoWhsTpA.mp4,/Users/rajeshpmu/Desktop/LegalMemoCMT/data/phase2/clancy/corpus/raw/live-lindsay-clancy-trial-day-14/live-lindsay-clancy-trial-day-14_DCBWoWhsTpA.wav,/Users/rajeshpmu/Desktop/LegalMemoCMT/data/processed/phase2/clancy/turn_clips/video/DCBWoWhsTpA/DCBWoWhsTpA_turn05994.mp4,/Users/rajeshpmu/Desktop/LegalMemoCMT/data/processed/phase2/clancy/turn_clips/audio/DCBWoWhsTpA/DCBWoWhsTpA_turn05994.wav,1350.811,1378.682,27.871,created,00:22:30.811,00:22:58.682,0.0,default_zero,SPEAKER_18,15.12,pyannote/speaker-diarization-3.1,Witness,manual_verified_diarization,HIGH,YES,SPEAKING,Witness,YES,Witness 15 identified by manual audio/video review,INCLUDE,,YES,speaker_role=Witness,split_dev;usable,"usable because speaker_role=Witness, witness_speaking_status=SPEAKING, clip_status=created, duration=27.871s, and source is not excluded",YES,0.6,HIGH,manual_clip_review,HUMAN_VERIFIED,/Users/rajeshpmu/Desktop/LegalMemoCMT/data/processed/phase2/clancy/turn_clips/video/DCBWoWhsTpA/DCBWoWhsTpA_turn05994.mp4,/Users/rajeshpmu/Desktop/LegalMemoCMT/data/processed/phase2/clancy/vit_facecrop_embeddings/DCBWoWhsTpA/DCBWoWhsTpA_turn05994.npy,created,neutral,0.857972,0.647697,"{""anger"": 0.035949, ""disgust"": 0.023432, ""fear"": 0.009654, ""joy"": 0.038773, ""neutral"": 0.857972, ""sadness"": 0.021728, ""surprise"": 0.012492}",/Users/rajeshpmu/Desktop/LegalMemoCMT/results/facial_cues/meld_vit_facecrop_gated_video_aux/fold_4/best_model.pt,phase1_meld_checkpoint_pseudo_label,"audio,text,video","audio,text,video","{""audio_dim"": 128, ""audio_model_name"": ""facebook/hubert-base-ls960"", ""dropout"": 0.1, ""encoder_mode"": ""paper"", ""freeze_audio_backbone"": false, ""freeze_text_backbone"": false, ""fusion_dim"": 256, ""fusion_mode"": ""gated"", ""fusion_pooling"": ""min"", ""max_audio_len"": 256, ""max_text_len"": 128, ""max_video_len"": 32, ""num_classes"": 7, ""num_heads"": 4, ""num_layers"": 2, ""text_dim"": 256, ""text_model_name"": ""bert-base-uncased"", ""use_video"": true, ""video_dim"": 768, ""vocab_size"": 30000}",/Users/rajeshpmu/Desktop/LegalMemoCMT/data/processed/phase2/clancy/turn_clips/audio/DCBWoWhsTpA/DCBWoWhsTpA_turn05994.wav,OK,,0.499017,0.351898,0.351898,0.439519,3loi/SER-Odyssey-Baseline-WavLM-Multi-Attributes,OK,neu,1.0,speechbrain/emotion-recognition-wav2vec2-IEMOCAP,OK,NO,UNCLEAR,no explicit emotion-target evidence,LOW,LOW,LOW,NEUTRAL_CANDIDATE,neutral,neutral,neutral,0.580000,neutral,0.580000,"audio and courtroom-affect evidence support neutral, but emotion target is unresolved",NO,CALM_COMPOSED,1,low_or_moderate_audio_arousal;speechbrain_neutral
DCBWoWhsTpA_turn05999,DCBWoWhsTpA_turn05999,DCBWoWhsTpA,https://www.youtube.com/live/DCBWoWhsTpA,LIVE: Lindsay Clancy trial Day 14,full_trial_stream,5,/Users/rajeshpmu/Desktop/LegalMemoCMT/data/phase2/clancy/corpus/raw/live-lindsay-clancy-trial-day-14/live-lindsay-clancy-trial-day-14_DCBWoWhsTpA.en.vtt,/Users/rajeshpmu/Desktop/LegalMemoCMT/data/processed/phase2/clancy/turn_clips/video/DCBWoWhsTpA/DCBWoWhsTpA_turn05999.mp4,/Users/rajeshpmu/Desktop/LegalMemoCMT/data/processed/phase2/clancy/turn_clips/audio/DCBWoWhsTpA/DCBWoWhsTpA_turn05999.wav,DCBWoWhsTpA,group_by_youtube_id,dev,neutral,text_keyword_heuristic,LOW,NO,"audio and courtroom-affect evidence support neutral, but emotion target is unresolved",YES,"I did. I tried to uh correlate and discard all of the duplicate information. So where there was an event of uh a flight climb that was recorded on the watch and the phone uh rather than provide information that said there was two flight climbs, I would ignore one of them uh and limit it to just the ones which we could prove happened.","I did. I tried to uh correlate and discard all of the duplicate information. So where there was an event of uh a flight climb that was recorded on the watch and the phone uh rather than provide information that said there was two flight climbs, I would ignore one of them uh and limit it to just the ones which we could prove happened.",00:24:37.700,00:24:57.293,19.593,19.593,marker,MEDIUM,1,19,"DCBWoWhsTpA_utt01121#p02,DCBWoWhsTpA_utt01122#p01,DCBWoWhsTpA_utt01123#p01,DCBWoWhsTpA_utt01124#p01,DCBWoWhsTpA_utt01125#p01,DCBWoWhsTpA_utt01126#p01,DCBWoWhsTpA_utt01127#p01,DCBWoWhsTpA_utt01128#p01,DCBWoWhsTpA_utt01129#p01,DCBWoWhsTpA_utt01130#p01,DCBWoWhsTpA_utt01131#p01,DCBWoWhsTpA_utt01132#p01,DCBWoWhsTpA_utt01133#p01,DCBWoWhsTpA_utt01134#p01,DCBWoWhsTpA_utt01135#p01,DCBWoWhsTpA_utt01136#p01,DCBWoWhsTpA_utt01137#p01,DCBWoWhsTpA_utt01138#p01,DCBWoWhsTpA_utt01139#p01","DCBWoWhsTpA_utt01121,DCBWoWhsTpA_utt01122,DCBWoWhsTpA_utt01123,DCBWoWhsTpA_utt01124,DCBWoWhsTpA_utt01125,DCBWoWhsTpA_utt01126,DCBWoWhsTpA_utt01127,DCBWoWhsTpA_utt01128,DCBWoWhsTpA_utt01129,DCBWoWhsTpA_utt01130,DCBWoWhsTpA_utt01131,DCBWoWhsTpA_utt01132,DCBWoWhsTpA_utt01133,DCBWoWhsTpA_utt01134,DCBWoWhsTpA_utt01135,DCBWoWhsTpA_utt01136,DCBWoWhsTpA_utt01137,DCBWoWhsTpA_utt01138,DCBWoWhsTpA_utt01139",19,/Users/rajeshpmu/Desktop/LegalMemoCMT/data/phase2/clancy/corpus/raw/live-lindsay-clancy-trial-day-14/live-lindsay-clancy-trial-day-14_DCBWoWhsTpA.mp4,/Users/rajeshpmu/Desktop/LegalMemoCMT/data/phase2/clancy/corpus/raw/live-lindsay-clancy-trial-day-14/live-lindsay-clancy-trial-day-14_DCBWoWhsTpA.wav,/Users/rajeshpmu/Desktop/LegalMemoCMT/data/processed/phase2/clancy/turn_clips/video/DCBWoWhsTpA/DCBWoWhsTpA_turn05999.mp4,/Users/rajeshpmu/Desktop/LegalMemoCMT/data/processed/phase2/clancy/turn_clips/audio/DCBWoWhsTpA/DCBWoWhsTpA_turn05999.wav,1477.7,1497.293,19.593,created,00:24:37.700,00:24:57.293,0.0,default_zero,SPEAKER_18,13.5,pyannote/speaker-diarization-3.1,Witness,manual_verified_diarization,HIGH,YES,SPEAKING,Witness,YES,Witness 15 identified by manual audio/video review,INCLUDE,,YES,speaker_role=Witness,split_dev;usable,"usable because speaker_role=Witness, witness_speaking_status=SPEAKING, clip_status=created, duration=19.593s, and source is not excluded",YES,0.6,HIGH,manual_clip_review,HUMAN_VERIFIED,/Users/rajeshpmu/Desktop/LegalMemoCMT/data/processed/phase2/clancy/turn_clips/video/DCBWoWhsTpA/DCBWoWhsTpA_turn05999.mp4,/Users/rajeshpmu/Desktop/LegalMemoCMT/data/processed/phase2/clancy/vit_facecrop_embeddings/DCBWoWhsTpA/DCBWoWhsTpA_turn05999.npy,created,neutral,0.859838,0.626672,"{""anger"": 0.024074, ""disgust"": 0.006617, ""fear"": 0.011886, ""joy"": 0.05614, ""neutral"": 0.859838, ""sadness"": 0.025511, ""surprise"": 0.015934}",/Users/rajeshpmu/Desktop/LegalMemoCMT/results/facial_cues/meld_vit_facecrop_gated_video_aux/fold_4/best_model.pt,phase1_meld_checkpoint_pseudo_label,"audio,text,video","audio,text,video","{""audio_dim"": 128, ""audio_model_name"": ""facebook/hubert-base-ls960"", ""dropout"": 0.1, ""encoder_mode"": ""paper"", ""freeze_audio_backbone"": false, ""freeze_text_backbone"": false, ""fusion_dim"": 256, ""fusion_mode"": ""gated"", ""fusion_pooling"": ""min"", ""max_audio_len"": 256, ""max_text_len"": 128, ""max_video_len"": 32, ""num_classes"": 7, ""num_heads"": 4, ""num_layers"": 2, ""text_dim"": 256, ""text_model_name"": ""bert-base-uncased"", ""use_video"": true, ""video_dim"": 768, ""vocab_size"": 30000}",/Users/rajeshpmu/Desktop/LegalMemoCMT/data/processed/phase2/clancy/turn_clips/audio/DCBWoWhsTpA/DCBWoWhsTpA_turn05999.wav,OK,,0.391961,0.357822,0.357822,0.438432,3loi/SER-Odyssey-Baseline-WavLM-Multi-Attributes,OK,neu,1.0,speechbrain/emotion-recognition-wav2vec2-IEMOCAP,OK,NO,UNCLEAR,no explicit emotion-target evidence,LOW,LOW,LOW,NEUTRAL_CANDIDATE,neutral,neutral,neutral,0.580000,neutral,0.580000,"audio and courtroom-affect evidence support neutral, but emotion target is unresolved",NO,CALM_COMPOSED,1,low_or_moderate_audio_arousal;speechbrain_neutral
DCBWoWhsTpA_turn06002,DCBWoWhsTpA_turn06002,DCBWoWhsTpA,https://www.youtube.com/live/DCBWoWhsTpA,LIVE: Lindsay Clancy trial Day 14,full_trial_stream,5,/Users/rajeshpmu/Desktop/LegalMemoCMT/data/phase2/clancy/corpus/raw/live-lindsay-clancy-trial-day-14/live-lindsay-clancy-trial-day-14_DCBWoWhsTpA.en.vtt,/Users/rajeshpmu/Desktop/LegalMemoCMT/data/processed/phase2/clancy/turn_clips/video/DCBWoWhsTpA/DCBWoWhsTpA_turn06002.mp4,/Users/rajeshpmu/Desktop/LegalMemoCMT/data/processed/phase2/clancy/turn_clips/audio/DCBWoWhsTpA/DCBWoWhsTpA_turn06002.wav,DCBWoWhsTpA,group_by_youtube_id,dev,neutral,text_keyword_heuristic,LOW,NO,"audio and courtroom-affect evidence support neutral, but emotion target is unresolved",YES,It does. It shows that there was additional flight climb events logged by the phone which were not logged by the watch. uh at 1703 and 1733.,It does. It shows that there was additional flight climb events logged by the phone which were not logged by the watch. uh at 1703 and 1733.,00:25:27.776,00:25:39.447,11.671,11.671,marker,MEDIUM,1,9,"DCBWoWhsTpA_utt01159#p02,DCBWoWhsTpA_utt01160#p01,DCBWoWhsTpA_utt01161#p01,DCBWoWhsTpA_utt01162#p01,DCBWoWhsTpA_utt01163#p01,DCBWoWhsTpA_utt01164#p01,DCBWoWhsTpA_utt01165#p01,DCBWoWhsTpA_utt01166#p01,DCBWoWhsTpA_utt01167#p01","DCBWoWhsTpA_utt01159,DCBWoWhsTpA_utt01160,DCBWoWhsTpA_utt01161,DCBWoWhsTpA_utt01162,DCBWoWhsTpA_utt01163,DCBWoWhsTpA_utt01164,DCBWoWhsTpA_utt01165,DCBWoWhsTpA_utt01166,DCBWoWhsTpA_utt01167",9,/Users/rajeshpmu/Desktop/LegalMemoCMT/data/phase2/clancy/corpus/raw/live-lindsay-clancy-trial-day-14/live-lindsay-clancy-trial-day-14_DCBWoWhsTpA.mp4,/Users/rajeshpmu/Desktop/LegalMemoCMT/data/phase2/clancy/corpus/raw/live-lindsay-clancy-trial-day-14/live-lindsay-clancy-trial-day-14_DCBWoWhsTpA.wav,/Users/rajeshpmu/Desktop/LegalMemoCMT/data/processed/phase2/clancy/turn_clips/video/DCBWoWhsTpA/DCBWoWhsTpA_turn06002.mp4,/Users/rajeshpmu/Desktop/LegalMemoCMT/data/processed/phase2/clancy/turn_clips/audio/DCBWoWhsTpA/DCBWoWhsTpA_turn06002.wav,1527.776,1539.447,11.671,created,00:25:27.776,00:25:39.447,0.0,default_zero,SPEAKER_18,9.399,pyannote/speaker-diarization-3.1,Witness,manual_verified_diarization,HIGH,YES,SPEAKING,Witness,YES,Witness 15 identified by manual audio/video review,INCLUDE,,YES,speaker_role=Witness,split_dev;usable,"usable because speaker_role=Witness, witness_speaking_status=SPEAKING, clip_status=created, duration=11.671s, and source is not excluded",YES,0.6,HIGH,manual_clip_review,HUMAN_VERIFIED,/Users/rajeshpmu/Desktop/LegalMemoCMT/data/processed/phase2/clancy/turn_clips/video/DCBWoWhsTpA/DCBWoWhsTpA_turn06002.mp4,/Users/rajeshpmu/Desktop/LegalMemoCMT/data/processed/phase2/clancy/vit_facecrop_embeddings/DCBWoWhsTpA/DCBWoWhsTpA_turn06002.npy,created,neutral,0.665974,1.156863,"{""anger"": 0.04794, ""disgust"": 0.138291, ""fear"": 0.022305, ""joy"": 0.065419, ""neutral"": 0.665974, ""sadness"": 0.044122, ""surprise"": 0.015948}",/Users/rajeshpmu/Desktop/LegalMemoCMT/results/facial_cues/meld_vit_facecrop_gated_video_aux/fold_4/best_model.pt,phase1_meld_checkpoint_pseudo_label,"audio,text,video","audio,text,video","{""audio_dim"": 128, ""audio_model_name"": ""facebook/hubert-base-ls960"", ""dropout"": 0.1, ""encoder_mode"": ""paper"", ""freeze_audio_backbone"": false, ""freeze_text_backbone"": false, ""fusion_dim"": 256, ""fusion_mode"": ""gated"", ""fusion_pooling"": ""min"", ""max_audio_len"": 256, ""max_text_len"": 128, ""max_video_len"": 32, ""num_classes"": 7, ""num_heads"": 4, ""num_layers"": 2, ""text_dim"": 256, ""text_model_name"": ""bert-base-uncased"", ""use_video"": true, ""video_dim"": 768, ""vocab_size"": 30000}",/Users/rajeshpmu/Desktop/LegalMemoCMT/data/processed/phase2/clancy/turn_clips/audio/DCBWoWhsTpA/DCBWoWhsTpA_turn06002.wav,OK,,0.44092,0.339531,0.339531,0.432161,3loi/SER-Odyssey-Baseline-WavLM-Multi-Attributes,OK,neu,1.0,speechbrain/emotion-recognition-wav2vec2-IEMOCAP,OK,NO,UNCLEAR,no explicit emotion-target evidence,LOW,LOW,LOW,NEUTRAL_CANDIDATE,neutral,neutral,neutral,0.580000,neutral,0.580000,"audio and courtroom-affect evidence support neutral, but emotion target is unresolved",NO,CALM_COMPOSED,1,low_or_moderate_audio_arousal;speechbrain_neutral
DCBWoWhsTpA_turn06007,DCBWoWhsTpA_turn06007,DCBWoWhsTpA,https://www.youtube.com/live/DCBWoWhsTpA,LIVE: Lindsay Clancy trial Day 14,full_trial_stream,5,/Users/rajeshpmu/Desktop/LegalMemoCMT/data/phase2/clancy/corpus/raw/live-lindsay-clancy-trial-day-14/live-lindsay-clancy-trial-day-14_DCBWoWhsTpA.en.vtt,/Users/rajeshpmu/Desktop/LegalMemoCMT/data/processed/phase2/clancy/turn_clips/video/DCBWoWhsTpA/DCBWoWhsTpA_turn06007.mp4,/Users/rajeshpmu/Desktop/LegalMemoCMT/data/processed/phase2/clancy/turn_clips/audio/DCBWoWhsTpA/DCBWoWhsTpA_turn06007.wav,DCBWoWhsTpA,group_by_youtube_id,dev,neutral,text_keyword_heuristic,LOW,NO,"audio and courtroom-affect evidence support neutral, but emotion target is unresolved",YES,Correct. There tends to be around a 10m minute uh window where it tries to to check every 10 minutes. uh but it can reduce that window uh in a case like this where it sees that there's group data within a smaller time period.,Correct. There tends to be around a 10m minute uh window where it tries to to check every 10 minutes. uh but it can reduce that window uh in a case like this where it sees that there's group data within a smaller time period.,00:26:58.248,00:27:12.830,14.582,14.582,marker,MEDIUM,1,13,"DCBWoWhsTpA_utt01231#p02,DCBWoWhsTpA_utt01232#p01,DCBWoWhsTpA_utt01233#p01,DCBWoWhsTpA_utt01234#p01,DCBWoWhsTpA_utt01235#p01,DCBWoWhsTpA_utt01236#p01,DCBWoWhsTpA_utt01237#p01,DCBWoWhsTpA_utt01238#p01,DCBWoWhsTpA_utt01239#p01,DCBWoWhsTpA_utt01240#p01,DCBWoWhsTpA_utt01241#p01,DCBWoWhsTpA_utt01242#p01,DCBWoWhsTpA_utt01243#p01","DCBWoWhsTpA_utt01231,DCBWoWhsTpA_utt01232,DCBWoWhsTpA_utt01233,DCBWoWhsTpA_utt01234,DCBWoWhsTpA_utt01235,DCBWoWhsTpA_utt01236,DCBWoWhsTpA_utt01237,DCBWoWhsTpA_utt01238,DCBWoWhsTpA_utt01239,DCBWoWhsTpA_utt01240,DCBWoWhsTpA_utt01241,DCBWoWhsTpA_utt01242,DCBWoWhsTpA_utt01243",13,/Users/rajeshpmu/Desktop/LegalMemoCMT/data/phase2/clancy/corpus/raw/live-lindsay-clancy-trial-day-14/live-lindsay-clancy-trial-day-14_DCBWoWhsTpA.mp4,/Users/rajeshpmu/Desktop/LegalMemoCMT/data/phase2/clancy/corpus/raw/live-lindsay-clancy-trial-day-14/live-lindsay-clancy-trial-day-14_DCBWoWhsTpA.wav,/Users/rajeshpmu/Desktop/LegalMemoCMT/data/processed/phase2/clancy/turn_clips/video/DCBWoWhsTpA/DCBWoWhsTpA_turn06007.mp4,/Users/rajeshpmu/Desktop/LegalMemoCMT/data/processed/phase2/clancy/turn_clips/audio/DCBWoWhsTpA/DCBWoWhsTpA_turn06007.wav,1618.248,1632.83,14.582,created,00:26:58.248,00:27:12.830,0.0,default_zero,SPEAKER_18,7.774,pyannote/speaker-diarization-3.1,Witness,manual_verified_diarization,HIGH,YES,SPEAKING,Witness,YES,Witness 15 identified by manual audio/video review,INCLUDE,,YES,speaker_role=Witness,split_dev;usable,"usable because speaker_role=Witness, witness_speaking_status=SPEAKING, clip_status=created, duration=14.582s, and source is not excluded",YES,0.6,HIGH,manual_clip_review,HUMAN_VERIFIED,/Users/rajeshpmu/Desktop/LegalMemoCMT/data/processed/phase2/clancy/turn_clips/video/DCBWoWhsTpA/DCBWoWhsTpA_turn06007.mp4,/Users/rajeshpmu/Desktop/LegalMemoCMT/data/processed/phase2/clancy/vit_facecrop_embeddings/DCBWoWhsTpA/DCBWoWhsTpA_turn06007.npy,created,neutral,0.856947,0.640033,"{""anger"": 0.023114, ""disgust"": 0.004848, ""fear"": 0.014982, ""joy"": 0.053425, ""neutral"": 0.856947, ""sadness"": 0.024278, ""surprise"": 0.022405}",/Users/rajeshpmu/Desktop/LegalMemoCMT/results/facial_cues/meld_vit_facecrop_gated_video_aux/fold_4/best_model.pt,phase1_meld_checkpoint_pseudo_label,"audio,text,video","audio,text,video","{""audio_dim"": 128, ""audio_model_name"": ""facebook/hubert-base-ls960"", ""dropout"": 0.1, ""encoder_mode"": ""paper"", ""freeze_audio_backbone"": false, ""freeze_text_backbone"": false, ""fusion_dim"": 256, ""fusion_mode"": ""gated"", ""fusion_pooling"": ""min"", ""max_audio_len"": 256, ""max_text_len"": 128, ""max_video_len"": 32, ""num_classes"": 7, ""num_heads"": 4, ""num_layers"": 2, ""text_dim"": 256, ""text_model_name"": ""bert-base-uncased"", ""use_video"": true, ""video_dim"": 768, ""vocab_size"": 30000}",/Users/rajeshpmu/Desktop/LegalMemoCMT/data/processed/phase2/clancy/turn_clips/audio/DCBWoWhsTpA/DCBWoWhsTpA_turn06007.wav,OK,,0.47545,0.367058,0.367058,0.462127,3loi/SER-Odyssey-Baseline-WavLM-Multi-Attributes,OK,neu,0.999985,speechbrain/emotion-recognition-wav2vec2-IEMOCAP,OK,NO,UNCLEAR,no explicit emotion-target evidence,LOW,LOW,LOW,NEUTRAL_CANDIDATE,neutral,neutral,neutral,0.580000,neutral,0.580000,"audio and courtroom-affect evidence support neutral, but emotion target is unresolved",NO,CALM_COMPOSED,1,low_or_moderate_audio_arousal;speechbrain_neutral
DCBWoWhsTpA_turn06016,DCBWoWhsTpA_turn06016,DCBWoWhsTpA,https://www.youtube.com/live/DCBWoWhsTpA,LIVE: Lindsay Clancy trial Day 14,full_trial_stream,5,/Users/rajeshpmu/Desktop/LegalMemoCMT/data/phase2/clancy/corpus/raw/live-lindsay-clancy-trial-day-14/live-lindsay-clancy-trial-day-14_DCBWoWhsTpA.en.vtt,/Users/rajeshpmu/Desktop/LegalMemoCMT/data/processed/phase2/clancy/turn_clips/video/DCBWoWhsTpA/DCBWoWhsTpA_turn06016.mp4,/Users/rajeshpmu/Desktop/LegalMemoCMT/data/processed/phase2/clancy/turn_clips/audio/DCBWoWhsTpA/DCBWoWhsTpA_turn06016.wav,DCBWoWhsTpA,group_by_youtube_id,dev,neutral,text_keyword_heuristic,LOW,NO,"audio and courtroom-affect evidence support neutral, but emotion target is unresolved",YES,"Uh, if I could see the uh the search, please.","Uh, if I could see the uh the search, please.",00:29:51.151,00:29:56.470,5.319,5.319,marker,MEDIUM,1,3,"DCBWoWhsTpA_utt01335#p02,DCBWoWhsTpA_utt01336#p01,DCBWoWhsTpA_utt01337#p01","DCBWoWhsTpA_utt01335,DCBWoWhsTpA_utt01336,DCBWoWhsTpA_utt01337",3,/Users/rajeshpmu/Desktop/LegalMemoCMT/data/phase2/clancy/corpus/raw/live-lindsay-clancy-trial-day-14/live-lindsay-clancy-trial-day-14_DCBWoWhsTpA.mp4,/Users/rajeshpmu/Desktop/LegalMemoCMT/data/phase2/clancy/corpus/raw/live-lindsay-clancy-trial-day-14/live-lindsay-clancy-trial-day-14_DCBWoWhsTpA.wav,/Users/rajeshpmu/Desktop/LegalMemoCMT/data/processed/phase2/clancy/turn_clips/video/DCBWoWhsTpA/DCBWoWhsTpA_turn06016.mp4,/Users/rajeshpmu/Desktop/LegalMemoCMT/data/processed/phase2/clancy/turn_clips/audio/DCBWoWhsTpA/DCBWoWhsTpA_turn06016.wav,1791.151,1796.47,5.319,created,00:29:51.151,00:29:56.470,0.0,default_zero,SPEAKER_18,2.068,pyannote/speaker-diarization-3.1,Witness,manual_verified_diarization,HIGH,YES,SPEAKING,Witness,YES,Witness 15 identified by manual audio/video review,INCLUDE,,YES,speaker_role=Witness,split_dev;usable,"usable because speaker_role=Witness, witness_speaking_status=SPEAKING, clip_status=created, duration=5.319s, and source is not excluded",YES,0.6,HIGH,manual_clip_review,HUMAN_VERIFIED,/Users/rajeshpmu/Desktop/LegalMemoCMT/data/processed/phase2/clancy/turn_clips/video/DCBWoWhsTpA/DCBWoWhsTpA_turn06016.mp4,/Users/rajeshpmu/Desktop/LegalMemoCMT/data/processed/phase2/clancy/vit_facecrop_embeddings/DCBWoWhsTpA/DCBWoWhsTpA_turn06016.npy,created,neutral,0.906739,0.442297,"{""anger"": 0.019961, ""disgust"": 0.00218, ""fear"": 0.008256, ""joy"": 0.015578, ""neutral"": 0.906739, ""sadness"": 0.043451, ""surprise"": 0.003835}",/Users/rajeshpmu/Desktop/LegalMemoCMT/results/facial_cues/meld_vit_facecrop_gated_video_aux/fold_4/best_model.pt,phase1_meld_checkpoint_pseudo_label,"audio,text,video","audio,text,video","{""audio_dim"": 128, ""audio_model_name"": ""facebook/hubert-base-ls960"", ""dropout"": 0.1, ""encoder_mode"": ""paper"", ""freeze_audio_backbone"": false, ""freeze_text_backbone"": false, ""fusion_dim"": 256, ""fusion_mode"": ""gated"", ""fusion_pooling"": ""min"", ""max_audio_len"": 256, ""max_text_len"": 128, ""max_video_len"": 32, ""num_classes"": 7, ""num_heads"": 4, ""num_layers"": 2, ""text_dim"": 256, ""text_model_name"": ""bert-base-uncased"", ""use_video"": true, ""video_dim"": 768, ""vocab_size"": 30000}",/Users/rajeshpmu/Desktop/LegalMemoCMT/data/processed/phase2/clancy/turn_clips/audio/DCBWoWhsTpA/DCBWoWhsTpA_turn06016.wav,OK,,0.464939,0.244607,0.244607,0.34581,3loi/SER-Odyssey-Baseline-WavLM-Multi-Attributes,OK,neu,0.903416,speechbrain/emotion-recognition-wav2vec2-IEMOCAP,OK,NO,UNCLEAR,no explicit emotion-target evidence,LOW,LOW,LOW,NEUTRAL_CANDIDATE,neutral,neutral,neutral,0.580000,neutral,0.580000,"audio and courtroom-affect evidence support neutral, but emotion target is unresolved",NO,CALM_COMPOSED,1,low_or_moderate_audio_arousal;speechbrain_neutral
DCBWoWhsTpA_turn06018,DCBWoWhsTpA_turn06018,DCBWoWhsTpA,https://www.youtube.com/live/DCBWoWhsTpA,LIVE: Lindsay Clancy trial Day 14,full_trial_stream,5,/Users/rajeshpmu/Desktop/LegalMemoCMT/data/phase2/clancy/corpus/raw/live-lindsay-clancy-trial-day-14/live-lindsay-clancy-trial-day-14_DCBWoWhsTpA.en.vtt,/Users/rajeshpmu/Desktop/LegalMemoCMT/data/processed/phase2/clancy/turn_clips/video/DCBWoWhsTpA/DCBWoWhsTpA_turn06018.mp4,/Users/rajeshpmu/Desktop/LegalMemoCMT/data/processed/phase2/clancy/turn_clips/audio/DCBWoWhsTpA/DCBWoWhsTpA_turn06018.wav,DCBWoWhsTpA,group_by_youtube_id,dev,neutral,text_keyword_heuristic,LOW,NO,calm low-excitement delivery does not exclude a self-expressed non-neutral emotion,YES,"Well, butrin, thank you. Uh, [clears throat] work for depression Google search is the title uh of the page which Google assigns.","Well, butrin, thank you. Uh, [clears throat] work for depression Google search is the title uh of the page which Google assigns.",00:30:57.628,00:31:05.356,7.728,7.728,marker,MEDIUM,1,9,"DCBWoWhsTpA_utt01373#p02,DCBWoWhsTpA_utt01374#p01,DCBWoWhsTpA_utt01375#p01,DCBWoWhsTpA_utt01376#p01,DCBWoWhsTpA_utt01377#p01,DCBWoWhsTpA_utt01378#p01,DCBWoWhsTpA_utt01379#p01,DCBWoWhsTpA_utt01380#p01,DCBWoWhsTpA_utt01381#p01","DCBWoWhsTpA_utt01373,DCBWoWhsTpA_utt01374,DCBWoWhsTpA_utt01375,DCBWoWhsTpA_utt01376,DCBWoWhsTpA_utt01377,DCBWoWhsTpA_utt01378,DCBWoWhsTpA_utt01379,DCBWoWhsTpA_utt01380,DCBWoWhsTpA_utt01381",9,/Users/rajeshpmu/Desktop/LegalMemoCMT/data/phase2/clancy/corpus/raw/live-lindsay-clancy-trial-day-14/live-lindsay-clancy-trial-day-14_DCBWoWhsTpA.mp4,/Users/rajeshpmu/Desktop/LegalMemoCMT/data/phase2/clancy/corpus/raw/live-lindsay-clancy-trial-day-14/live-lindsay-clancy-trial-day-14_DCBWoWhsTpA.wav,/Users/rajeshpmu/Desktop/LegalMemoCMT/data/processed/phase2/clancy/turn_clips/video/DCBWoWhsTpA/DCBWoWhsTpA_turn06018.mp4,/Users/rajeshpmu/Desktop/LegalMemoCMT/data/processed/phase2/clancy/turn_clips/audio/DCBWoWhsTpA/DCBWoWhsTpA_turn06018.wav,1857.628,1865.356,7.728,created,00:30:57.628,00:31:05.356,0.0,default_zero,SPEAKER_18,3.8,pyannote/speaker-diarization-3.1,Witness,manual_verified_diarization,HIGH,YES,SPEAKING,Witness,YES,Witness 15 identified by manual audio/video review,INCLUDE,,YES,speaker_role=Witness,split_dev;usable,"usable because speaker_role=Witness, witness_speaking_status=SPEAKING, clip_status=created, duration=7.728s, and source is not excluded",YES,0.6,HIGH,manual_clip_review,HUMAN_VERIFIED,/Users/rajeshpmu/Desktop/LegalMemoCMT/data/processed/phase2/clancy/turn_clips/video/DCBWoWhsTpA/DCBWoWhsTpA_turn06018.mp4,/Users/rajeshpmu/Desktop/LegalMemoCMT/data/processed/phase2/clancy/vit_facecrop_embeddings/DCBWoWhsTpA/DCBWoWhsTpA_turn06018.npy,created,neutral,0.822701,0.66362,"{""anger"": 0.113703, ""disgust"": 0.001809, ""fear"": 0.007834, ""joy"": 0.030941, ""neutral"": 0.822701, ""sadness"": 0.017968, ""surprise"": 0.005043}",/Users/rajeshpmu/Desktop/LegalMemoCMT/results/facial_cues/meld_vit_facecrop_gated_video_aux/fold_4/best_model.pt,phase1_meld_checkpoint_pseudo_label,"audio,text,video","audio,text,video","{""audio_dim"": 128, ""audio_model_name"": ""facebook/hubert-base-ls960"", ""dropout"": 0.1, ""encoder_mode"": ""paper"", ""freeze_audio_backbone"": false, ""freeze_text_backbone"": false, ""fusion_dim"": 256, ""fusion_mode"": ""gated"", ""fusion_pooling"": ""min"", ""max_audio_len"": 256, ""max_text_len"": 128, ""max_video_len"": 32, ""num_classes"": 7, ""num_heads"": 4, ""num_layers"": 2, ""text_dim"": 256, ""text_model_name"": ""bert-base-uncased"", ""use_video"": true, ""video_dim"": 768, ""vocab_size"": 30000}",/Users/rajeshpmu/Desktop/LegalMemoCMT/data/processed/phase2/clancy/turn_clips/audio/DCBWoWhsTpA/DCBWoWhsTpA_turn06018.wav,OK,,0.545702,0.413321,0.413321,0.49539,3loi/SER-Odyssey-Baseline-WavLM-Multi-Attributes,OK,neu,1.0,speechbrain/emotion-recognition-wav2vec2-IEMOCAP,OK,YES,SELF_EXPRESSED,emotion term without detected external target,LOW,MEDIUM,LOW,UNRESOLVED,neutral,neutral,UNRESOLVED,0.000000,UNRESOLVED,0.000000,calm low-excitement delivery does not exclude a self-expressed non-neutral emotion,YES,UNKNOWN,,low_or_moderate_audio_arousal;speechbrain_neutral
DCBWoWhsTpA_turn06020,DCBWoWhsTpA_turn06020,DCBWoWhsTpA,https://www.youtube.com/live/DCBWoWhsTpA,LIVE: Lindsay Clancy trial Day 14,full_trial_stream,5,/Users/rajeshpmu/Desktop/LegalMemoCMT/data/phase2/clancy/corpus/raw/live-lindsay-clancy-trial-day-14/live-lindsay-clancy-trial-day-14_DCBWoWhsTpA.en.vtt,/Users/rajeshpmu/Desktop/LegalMemoCMT/data/processed/phase2/clancy/turn_clips/video/DCBWoWhsTpA/DCBWoWhsTpA_turn06020.mp4,/Users/rajeshpmu/Desktop/LegalMemoCMT/data/processed/phase2/clancy/turn_clips/audio/DCBWoWhsTpA/DCBWoWhsTpA_turn06020.wav,DCBWoWhsTpA,group_by_youtube_id,dev,neutral,text_keyword_heuristic,LOW,NO,"calm courtroom presentation with neutral acoustic evidence, low/moderate excitement, and non-self emotion target",YES,"Uh, so that that's part of the attribute. it it's how uh the data is encoded in in a URL or in a a web search. You can't have spaces within this uh address string. So they replace the spaces with the plus s uh plus symbol.","Uh, so that that's part of the attribute. it it's how uh the data is encoded in in a URL or in a a web search. You can't have spaces within this uh address string. So they replace the spaces with the plus s uh plus symbol.",00:31:13.540,00:31:29.518,15.978,15.978,marker,MEDIUM,1,15,"DCBWoWhsTpA_utt01389#p02,DCBWoWhsTpA_utt01390#p01,DCBWoWhsTpA_utt01391#p01,DCBWoWhsTpA_utt01392#p01,DCBWoWhsTpA_utt01393#p01,DCBWoWhsTpA_utt01394#p01,DCBWoWhsTpA_utt01395#p01,DCBWoWhsTpA_utt01396#p01,DCBWoWhsTpA_utt01397#p01,DCBWoWhsTpA_utt01398#p01,DCBWoWhsTpA_utt01399#p01,DCBWoWhsTpA_utt01400#p01,DCBWoWhsTpA_utt01401#p01,DCBWoWhsTpA_utt01402#p01,DCBWoWhsTpA_utt01403#p01","DCBWoWhsTpA_utt01389,DCBWoWhsTpA_utt01390,DCBWoWhsTpA_utt01391,DCBWoWhsTpA_utt01392,DCBWoWhsTpA_utt01393,DCBWoWhsTpA_utt01394,DCBWoWhsTpA_utt01395,DCBWoWhsTpA_utt01396,DCBWoWhsTpA_utt01397,DCBWoWhsTpA_utt01398,DCBWoWhsTpA_utt01399,DCBWoWhsTpA_utt01400,DCBWoWhsTpA_utt01401,DCBWoWhsTpA_utt01402,DCBWoWhsTpA_utt01403",15,/Users/rajeshpmu/Desktop/LegalMemoCMT/data/phase2/clancy/corpus/raw/live-lindsay-clancy-trial-day-14/live-lindsay-clancy-trial-day-14_DCBWoWhsTpA.mp4,/Users/rajeshpmu/Desktop/LegalMemoCMT/data/phase2/clancy/corpus/raw/live-lindsay-clancy-trial-day-14/live-lindsay-clancy-trial-day-14_DCBWoWhsTpA.wav,/Users/rajeshpmu/Desktop/LegalMemoCMT/data/processed/phase2/clancy/turn_clips/video/DCBWoWhsTpA/DCBWoWhsTpA_turn06020.mp4,/Users/rajeshpmu/Desktop/LegalMemoCMT/data/processed/phase2/clancy/turn_clips/audio/DCBWoWhsTpA/DCBWoWhsTpA_turn06020.wav,1873.54,1889.518,15.978,created,00:31:13.540,00:31:29.518,0.0,default_zero,SPEAKER_18,14.483,pyannote/speaker-diarization-3.1,Witness,manual_verified_diarization,HIGH,YES,SPEAKING,Witness,YES,Witness 15 identified by manual audio/video review,INCLUDE,,YES,speaker_role=Witness,split_dev;usable,"usable because speaker_role=Witness, witness_speaking_status=SPEAKING, clip_status=created, duration=15.978s, and source is not excluded",YES,0.6,HIGH,manual_clip_review,HUMAN_VERIFIED,/Users/rajeshpmu/Desktop/LegalMemoCMT/data/processed/phase2/clancy/turn_clips/video/DCBWoWhsTpA/DCBWoWhsTpA_turn06020.mp4,/Users/rajeshpmu/Desktop/LegalMemoCMT/data/processed/phase2/clancy/vit_facecrop_embeddings/DCBWoWhsTpA/DCBWoWhsTpA_turn06020.npy,created,neutral,0.885779,0.537128,"{""anger"": 0.025861, ""disgust"": 0.00818, ""fear"": 0.008536, ""joy"": 0.043984, ""neutral"": 0.885779, ""sadness"": 0.010923, ""surprise"": 0.016736}",/Users/rajeshpmu/Desktop/LegalMemoCMT/results/facial_cues/meld_vit_facecrop_gated_video_aux/fold_4/best_model.pt,phase1_meld_checkpoint_pseudo_label,"audio,text,video","audio,text,video","{""audio_dim"": 128, ""audio_model_name"": ""facebook/hubert-base-ls960"", ""dropout"": 0.1, ""encoder_mode"": ""paper"", ""freeze_audio_backbone"": false, ""freeze_text_backbone"": false, ""fusion_dim"": 256, ""fusion_mode"": ""gated"", ""fusion_pooling"": ""min"", ""max_audio_len"": 256, ""max_text_len"": 128, ""max_video_len"": 32, ""num_classes"": 7, ""num_heads"": 4, ""num_layers"": 2, ""text_dim"": 256, ""text_model_name"": ""bert-base-uncased"", ""use_video"": true, ""video_dim"": 768, ""vocab_size"": 30000}",/Users/rajeshpmu/Desktop/LegalMemoCMT/data/processed/phase2/clancy/turn_clips/audio/DCBWoWhsTpA/DCBWoWhsTpA_turn06020.wav,OK,,0.473139,0.391876,0.391876,0.469849,3loi/SER-Odyssey-Baseline-WavLM-Multi-Attributes,OK,neu,1.0,speechbrain/emotion-recognition-wav2vec2-IEMOCAP,OK,NO,QUOTED_SPEECH,quote or reported speech marker,LOW,LOW,LOW,NEUTRAL_CANDIDATE,neutral,neutral,neutral,0.720000,neutral,0.720000,"calm courtroom presentation with neutral acoustic evidence, low/moderate excitement, and non-self emotion target",NO,CALM_COMPOSED,1,low_or_moderate_audio_arousal;speechbrain_neutral
DCBWoWhsTpA_turn06023,DCBWoWhsTpA_turn06023,DCBWoWhsTpA,https://www.youtube.com/live/DCBWoWhsTpA,LIVE: Lindsay Clancy trial Day 14,full_trial_stream,5,/Users/rajeshpmu/Desktop/LegalMemoCMT/data/phase2/clancy/corpus/raw/live-lindsay-clancy-trial-day-14/live-lindsay-clancy-trial-day-14_DCBWoWhsTpA.en.vtt,/Users/rajeshpmu/Desktop/LegalMemoCMT/data/processed/phase2/clancy/turn_clips/video/DCBWoWhsTpA/DCBWoWhsTpA_turn06023.mp4,/Users/rajeshpmu/Desktop/LegalMemoCMT/data/processed/phase2/clancy/turn_clips/audio/DCBWoWhsTpA/DCBWoWhsTpA_turn06023.wav,DCBWoWhsTpA,group_by_youtube_id,dev,neutral,text_keyword_heuristic,LOW,NO,calm low-excitement delivery does not exclude a self-expressed non-neutral emotion,YES,uh for yes and depression spelled with a a B at the end instead of an N. Uh which demonstrates uh this is what the user typed in rather than a page that was being visited.,uh for yes and depression spelled with a a B at the end instead of an N. Uh which demonstrates uh this is what the user typed in rather than a page that was being visited.,00:31:46.230,00:31:59.651,13.421,13.421,marker,MEDIUM,1,11,"DCBWoWhsTpA_utt01415#p02,DCBWoWhsTpA_utt01416#p01,DCBWoWhsTpA_utt01417#p01,DCBWoWhsTpA_utt01418#p01,DCBWoWhsTpA_utt01419#p01,DCBWoWhsTpA_utt01420#p01,DCBWoWhsTpA_utt01421#p01,DCBWoWhsTpA_utt01422#p01,DCBWoWhsTpA_utt01423#p01,DCBWoWhsTpA_utt01424#p01,DCBWoWhsTpA_utt01425#p01","DCBWoWhsTpA_utt01415,DCBWoWhsTpA_utt01416,DCBWoWhsTpA_utt01417,DCBWoWhsTpA_utt01418,DCBWoWhsTpA_utt01419,DCBWoWhsTpA_utt01420,DCBWoWhsTpA_utt01421,DCBWoWhsTpA_utt01422,DCBWoWhsTpA_utt01423,DCBWoWhsTpA_utt01424,DCBWoWhsTpA_utt01425",11,/Users/rajeshpmu/Desktop/LegalMemoCMT/data/phase2/clancy/corpus/raw/live-lindsay-clancy-trial-day-14/live-lindsay-clancy-trial-day-14_DCBWoWhsTpA.mp4,/Users/rajeshpmu/Desktop/LegalMemoCMT/data/phase2/clancy/corpus/raw/live-lindsay-clancy-trial-day-14/live-lindsay-clancy-trial-day-14_DCBWoWhsTpA.wav,/Users/rajeshpmu/Desktop/LegalMemoCMT/data/processed/phase2/clancy/turn_clips/video/DCBWoWhsTpA/DCBWoWhsTpA_turn06023.mp4,/Users/rajeshpmu/Desktop/LegalMemoCMT/data/processed/phase2/clancy/turn_clips/audio/DCBWoWhsTpA/DCBWoWhsTpA_turn06023.wav,1906.23,1919.651,13.421,created,00:31:46.230,00:31:59.651,0.0,default_zero,SPEAKER_18,4.793,pyannote/speaker-diarization-3.1,Witness,manual_verified_diarization,HIGH,YES,SPEAKING,Witness,YES,Witness 15 identified by manual audio/video review,INCLUDE,,YES,speaker_role=Witness,split_dev;usable,"usable because speaker_role=Witness, witness_speaking_status=SPEAKING, clip_status=created, duration=13.421s, and source is not excluded",YES,0.6,HIGH,manual_clip_review,HUMAN_VERIFIED,/Users/rajeshpmu/Desktop/LegalMemoCMT/data/processed/phase2/clancy/turn_clips/video/DCBWoWhsTpA/DCBWoWhsTpA_turn06023.mp4,/Users/rajeshpmu/Desktop/LegalMemoCMT/data/processed/phase2/clancy/vit_facecrop_embeddings/DCBWoWhsTpA/DCBWoWhsTpA_turn06023.npy,created,neutral,0.769629,0.874079,"{""anger"": 0.034499, ""disgust"": 0.011644, ""fear"": 0.011185, ""joy"": 0.113916, ""neutral"": 0.769629, ""sadness"": 0.035889, ""surprise"": 0.023239}",/Users/rajeshpmu/Desktop/LegalMemoCMT/results/facial_cues/meld_vit_facecrop_gated_video_aux/fold_4/best_model.pt,phase1_meld_checkpoint_pseudo_label,"audio,text,video","audio,text,video","{""audio_dim"": 128, ""audio_model_name"": ""facebook/hubert-base-ls960"", ""dropout"": 0.1, ""encoder_mode"": ""paper"", ""freeze_audio_backbone"": false, ""freeze_text_backbone"": false, ""fusion_dim"": 256, ""fusion_mode"": ""gated"", ""fusion_pooling"": ""min"", ""max_audio_len"": 256, ""max_text_len"": 128, ""max_video_len"": 32, ""num_classes"": 7, ""num_heads"": 4, ""num_layers"": 2, ""text_dim"": 256, ""text_model_name"": ""bert-base-uncased"", ""use_video"": true, ""video_dim"": 768, ""vocab_size"": 30000}",/Users/rajeshpmu/Desktop/LegalMemoCMT/data/processed/phase2/clancy/turn_clips/audio/DCBWoWhsTpA/DCBWoWhsTpA_turn06023.wav,OK,,0.355916,0.333272,0.333272,0.41265,3loi/SER-Odyssey-Baseline-WavLM-Multi-Attributes,OK,neu,1.0,speechbrain/emotion-recognition-wav2vec2-IEMOCAP,OK,YES,SELF_EXPRESSED,emotion term without detected external target,LOW,MEDIUM,LOW,UNRESOLVED,neutral,neutral,UNRESOLVED,0.000000,UNRESOLVED,0.000000,calm low-excitement delivery does not exclude a self-expressed non-neutral emotion,YES,UNKNOWN,,low_or_moderate_audio_arousal;speechbrain_neutral
DCBWoWhsTpA_turn06041,DCBWoWhsTpA_turn06041,DCBWoWhsTpA,https://www.youtube.com/live/DCBWoWhsTpA,LIVE: Lindsay Clancy trial Day 14,full_trial_stream,5,/Users/rajeshpmu/Desktop/LegalMemoCMT/data/phase2/clancy/corpus/raw/live-lindsay-clancy-trial-day-14/live-lindsay-clancy-trial-day-14_DCBWoWhsTpA.en.vtt,/Users/rajeshpmu/Desktop/LegalMemoCMT/data/processed/phase2/clancy/turn_clips/video/DCBWoWhsTpA/DCBWoWhsTpA_turn06041.mp4,/Users/rajeshpmu/Desktop/LegalMemoCMT/data/processed/phase2/clancy/turn_clips/audio/DCBWoWhsTpA/DCBWoWhsTpA_turn06041.wav,DCBWoWhsTpA,group_by_youtube_id,dev,neutral,text_keyword_heuristic,LOW,NO,"calm courtroom presentation with neutral acoustic evidence, low/moderate excitement, and non-self emotion target",YES,"Um, no. There's no real auditable log to to look back and see how many times it's been modified over uh the course of its life. Uh I was able to do some amount of recovery to see that uh on the day it was created, it started in a very similar way to as it's written uh on the 24th of 23rd of January. Uh but the exact changes between uh when it first was created and the last time it was modified, we don't know. And then you also looked at messages. Correct.","Um, no. There's no real auditable log to to look back and see how many times it's been modified over uh the course of its life. Uh I was able to do some amount of recovery to see that uh on the day it was created, it started in a very similar way to as it's written uh on the 24th of 23rd of January. Uh but the exact changes between uh when it first was created and the last time it was modified, we don't know. And then you also looked at messages. Correct.",00:35:06.310,00:35:35.435,29.125,29.125,marker,MEDIUM,1,26,"DCBWoWhsTpA_utt01520#p01,DCBWoWhsTpA_utt01521#p01,DCBWoWhsTpA_utt01522#p01,DCBWoWhsTpA_utt01523#p01,DCBWoWhsTpA_utt01524#p01,DCBWoWhsTpA_utt01525#p01,DCBWoWhsTpA_utt01526#p01,DCBWoWhsTpA_utt01527#p01,DCBWoWhsTpA_utt01528#p01,DCBWoWhsTpA_utt01529#p01,DCBWoWhsTpA_utt01530#p01,DCBWoWhsTpA_utt01531#p01,DCBWoWhsTpA_utt01532#p01,DCBWoWhsTpA_utt01533#p01,DCBWoWhsTpA_utt01534#p01,DCBWoWhsTpA_utt01535#p01,DCBWoWhsTpA_utt01536#p01,DCBWoWhsTpA_utt01537#p01,DCBWoWhsTpA_utt01538#p01,DCBWoWhsTpA_utt01539#p01,DCBWoWhsTpA_utt01540#p01,DCBWoWhsTpA_utt01541#p01,DCBWoWhsTpA_utt01542#p01,DCBWoWhsTpA_utt01543#p01,DCBWoWhsTpA_utt01544#p01,DCBWoWhsTpA_utt01545#p01","DCBWoWhsTpA_utt01520,DCBWoWhsTpA_utt01521,DCBWoWhsTpA_utt01522,DCBWoWhsTpA_utt01523,DCBWoWhsTpA_utt01524,DCBWoWhsTpA_utt01525,DCBWoWhsTpA_utt01526,DCBWoWhsTpA_utt01527,DCBWoWhsTpA_utt01528,DCBWoWhsTpA_utt01529,DCBWoWhsTpA_utt01530,DCBWoWhsTpA_utt01531,DCBWoWhsTpA_utt01532,DCBWoWhsTpA_utt01533,DCBWoWhsTpA_utt01534,DCBWoWhsTpA_utt01535,DCBWoWhsTpA_utt01536,DCBWoWhsTpA_utt01537,DCBWoWhsTpA_utt01538,DCBWoWhsTpA_utt01539,DCBWoWhsTpA_utt01540,DCBWoWhsTpA_utt01541,DCBWoWhsTpA_utt01542,DCBWoWhsTpA_utt01543,DCBWoWhsTpA_utt01544,DCBWoWhsTpA_utt01545",26,/Users/rajeshpmu/Desktop/LegalMemoCMT/data/phase2/clancy/corpus/raw/live-lindsay-clancy-trial-day-14/live-lindsay-clancy-trial-day-14_DCBWoWhsTpA.mp4,/Users/rajeshpmu/Desktop/LegalMemoCMT/data/phase2/clancy/corpus/raw/live-lindsay-clancy-trial-day-14/live-lindsay-clancy-trial-day-14_DCBWoWhsTpA.wav,/Users/rajeshpmu/Desktop/LegalMemoCMT/data/processed/phase2/clancy/turn_clips/video/DCBWoWhsTpA/DCBWoWhsTpA_turn06041.mp4,/Users/rajeshpmu/Desktop/LegalMemoCMT/data/processed/phase2/clancy/turn_clips/audio/DCBWoWhsTpA/DCBWoWhsTpA_turn06041.wav,2106.31,2135.435,29.125,created,00:35:06.310,00:35:35.435,0.0,default_zero,SPEAKER_18,13.575,pyannote/speaker-diarization-3.1,Witness,manual_verified_diarization,HIGH,YES,SPEAKING,Witness,YES,Witness 15 identified by manual audio/video review,INCLUDE,,YES,speaker_role=Witness,split_dev;usable,"usable because speaker_role=Witness, witness_speaking_status=SPEAKING, clip_status=created, duration=29.125s, and source is not excluded",YES,0.6,HIGH,manual_clip_review,HUMAN_VERIFIED,/Users/rajeshpmu/Desktop/LegalMemoCMT/data/processed/phase2/clancy/turn_clips/video/DCBWoWhsTpA/DCBWoWhsTpA_turn06041.mp4,/Users/rajeshpmu/Desktop/LegalMemoCMT/data/processed/phase2/clancy/vit_facecrop_embeddings/DCBWoWhsTpA/DCBWoWhsTpA_turn06041.npy,created,neutral,0.828519,0.73954,"{""anger"": 0.029722, ""disgust"": 0.018093, ""fear"": 0.009751, ""joy"": 0.062094, ""neutral"": 0.828519, ""sadness"": 0.02257, ""surprise"": 0.02925}",/Users/rajeshpmu/Desktop/LegalMemoCMT/results/facial_cues/meld_vit_facecrop_gated_video_aux/fold_4/best_model.pt,phase1_meld_checkpoint_pseudo_label,"audio,text,video","audio,text,video","{""audio_dim"": 128, ""audio_model_name"": ""facebook/hubert-base-ls960"", ""dropout"": 0.1, ""encoder_mode"": ""paper"", ""freeze_audio_backbone"": false, ""freeze_text_backbone"": false, ""fusion_dim"": 256, ""fusion_mode"": ""gated"", ""fusion_pooling"": ""min"", ""max_audio_len"": 256, ""max_text_len"": 128, ""max_video_len"": 32, ""num_classes"": 7, ""num_heads"": 4, ""num_layers"": 2, ""text_dim"": 256, ""text_model_name"": ""bert-base-uncased"", ""use_video"": true, ""video_dim"": 768, ""vocab_size"": 30000}",/Users/rajeshpmu/Desktop/LegalMemoCMT/data/processed/phase2/clancy/turn_clips/audio/DCBWoWhsTpA/DCBWoWhsTpA_turn06041.wav,OK,,0.496996,0.352386,0.352386,0.448431,3loi/SER-Odyssey-Baseline-WavLM-Multi-Attributes,OK,neu,1.0,speechbrain/emotion-recognition-wav2vec2-IEMOCAP,OK,NO,QUOTED_SPEECH,quote or reported speech marker,LOW,LOW,LOW,NEUTRAL_CANDIDATE,neutral,neutral,neutral,0.720000,neutral,0.720000,"calm courtroom presentation with neutral acoustic evidence, low/moderate excitement, and non-self emotion target",NO,CALM_COMPOSED,1,low_or_moderate_audio_arousal;speechbrain_neutral
DCBWoWhsTpA_turn06046,DCBWoWhsTpA_turn06046,DCBWoWhsTpA,https://www.youtube.com/live/DCBWoWhsTpA,LIVE: Lindsay Clancy trial Day 14,full_trial_stream,5,/Users/rajeshpmu/Desktop/LegalMemoCMT/data/phase2/clancy/corpus/raw/live-lindsay-clancy-trial-day-14/live-lindsay-clancy-trial-day-14_DCBWoWhsTpA.en.vtt,/Users/rajeshpmu/Desktop/LegalMemoCMT/data/processed/phase2/clancy/turn_clips/video/DCBWoWhsTpA/DCBWoWhsTpA_turn06046.mp4,/Users/rajeshpmu/Desktop/LegalMemoCMT/data/processed/phase2/clancy/turn_clips/audio/DCBWoWhsTpA/DCBWoWhsTpA_turn06046.wav,DCBWoWhsTpA,group_by_youtube_id,dev,neutral,text_keyword_heuristic,LOW,NO,"audio and courtroom-affect evidence support neutral, but emotion target is unresolved",YES,"Uh, yeah. I tried to prepare it in a report which would be uh easy for any viewer to understand uh based on their own usage of uh of text messaging.","Uh, yeah. I tried to prepare it in a report which would be uh easy for any viewer to understand uh based on their own usage of uh of text messaging.",00:35:56.855,00:36:10.497,13.642,13.642,marker,MEDIUM,1,9,"DCBWoWhsTpA_utt01567#p02,DCBWoWhsTpA_utt01568#p01,DCBWoWhsTpA_utt01569#p01,DCBWoWhsTpA_utt01570#p01,DCBWoWhsTpA_utt01571#p01,DCBWoWhsTpA_utt01572#p01,DCBWoWhsTpA_utt01573#p01,DCBWoWhsTpA_utt01574#p01,DCBWoWhsTpA_utt01575#p01","DCBWoWhsTpA_utt01567,DCBWoWhsTpA_utt01568,DCBWoWhsTpA_utt01569,DCBWoWhsTpA_utt01570,DCBWoWhsTpA_utt01571,DCBWoWhsTpA_utt01572,DCBWoWhsTpA_utt01573,DCBWoWhsTpA_utt01574,DCBWoWhsTpA_utt01575",9,/Users/rajeshpmu/Desktop/LegalMemoCMT/data/phase2/clancy/corpus/raw/live-lindsay-clancy-trial-day-14/live-lindsay-clancy-trial-day-14_DCBWoWhsTpA.mp4,/Users/rajeshpmu/Desktop/LegalMemoCMT/data/phase2/clancy/corpus/raw/live-lindsay-clancy-trial-day-14/live-lindsay-clancy-trial-day-14_DCBWoWhsTpA.wav,/Users/rajeshpmu/Desktop/LegalMemoCMT/data/processed/phase2/clancy/turn_clips/video/DCBWoWhsTpA/DCBWoWhsTpA_turn06046.mp4,/Users/rajeshpmu/Desktop/LegalMemoCMT/data/processed/phase2/clancy/turn_clips/audio/DCBWoWhsTpA/DCBWoWhsTpA_turn06046.wav,2156.855,2170.497,13.642,created,00:35:56.855,00:36:10.497,0.0,default_zero,SPEAKER_18,3.159,pyannote/speaker-diarization-3.1,Witness,manual_verified_diarization,HIGH,YES,SPEAKING,Witness,YES,Witness 15 identified by manual audio/video review,INCLUDE,,YES,speaker_role=Witness,split_dev;usable,"usable because speaker_role=Witness, witness_speaking_status=SPEAKING, clip_status=created, duration=13.642s, and source is not excluded",YES,0.6,HIGH,manual_clip_review,HUMAN_VERIFIED,/Users/rajeshpmu/Desktop/LegalMemoCMT/data/processed/phase2/clancy/turn_clips/video/DCBWoWhsTpA/DCBWoWhsTpA_turn06046.mp4,/Users/rajeshpmu/Desktop/LegalMemoCMT/data/processed/phase2/clancy/vit_facecrop_embeddings/DCBWoWhsTpA/DCBWoWhsTpA_turn06046.npy,created,neutral,0.922207,0.395885,"{""anger"": 0.020583, ""disgust"": 0.001932, ""fear"": 0.005275, ""joy"": 0.022293, ""neutral"": 0.922207, ""sadness"": 0.018844, ""surprise"": 0.008867}",/Users/rajeshpmu/Desktop/LegalMemoCMT/results/facial_cues/meld_vit_facecrop_gated_video_aux/fold_4/best_model.pt,phase1_meld_checkpoint_pseudo_label,"audio,text,video","audio,text,video","{""audio_dim"": 128, ""audio_model_name"": ""facebook/hubert-base-ls960"", ""dropout"": 0.1, ""encoder_mode"": ""paper"", ""freeze_audio_backbone"": false, ""freeze_text_backbone"": false, ""fusion_dim"": 256, ""fusion_mode"": ""gated"", ""fusion_pooling"": ""min"", ""max_audio_len"": 256, ""max_text_len"": 128, ""max_video_len"": 32, ""num_classes"": 7, ""num_heads"": 4, ""num_layers"": 2, ""text_dim"": 256, ""text_model_name"": ""bert-base-uncased"", ""use_video"": true, ""video_dim"": 768, ""vocab_size"": 30000}",/Users/rajeshpmu/Desktop/LegalMemoCMT/data/processed/phase2/clancy/turn_clips/audio/DCBWoWhsTpA/DCBWoWhsTpA_turn06046.wav,OK,,0.542953,0.383153,0.383153,0.47106,3loi/SER-Odyssey-Baseline-WavLM-Multi-Attributes,OK,neu,1.0,speechbrain/emotion-recognition-wav2vec2-IEMOCAP,OK,NO,UNCLEAR,no explicit emotion-target evidence,LOW,LOW,LOW,NEUTRAL_CANDIDATE,neutral,neutral,neutral,0.580000,neutral,0.580000,"audio and courtroom-affect evidence support neutral, but emotion target is unresolved",NO,CALM_COMPOSED,1,low_or_moderate_audio_arousal;speechbrain_neutral
DCBWoWhsTpA_turn06050,DCBWoWhsTpA_turn06050,DCBWoWhsTpA,https://www.youtube.com/live/DCBWoWhsTpA,LIVE: Lindsay Clancy trial Day 14,full_trial_stream,5,/Users/rajeshpmu/Desktop/LegalMemoCMT/data/phase2/clancy/corpus/raw/live-lindsay-clancy-trial-day-14/live-lindsay-clancy-trial-day-14_DCBWoWhsTpA.en.vtt,/Users/rajeshpmu/Desktop/LegalMemoCMT/data/processed/phase2/clancy/turn_clips/video/DCBWoWhsTpA/DCBWoWhsTpA_turn06050.mp4,/Users/rajeshpmu/Desktop/LegalMemoCMT/data/processed/phase2/clancy/turn_clips/audio/DCBWoWhsTpA/DCBWoWhsTpA_turn06050.wav,DCBWoWhsTpA,group_by_youtube_id,dev,neutral,text_keyword_heuristic,LOW,NO,"audio and courtroom-affect evidence support neutral, but emotion target is unresolved",YES,It is. The messages in blue on the right would be outgoing. Uh the messages in gray on the left would be incoming.,It is. The messages in blue on the right would be outgoing. Uh the messages in gray on the left would be incoming.,00:36:24.077,00:36:31.742,7.665,7.665,marker,MEDIUM,1,7,"DCBWoWhsTpA_utt01589#p02,DCBWoWhsTpA_utt01590#p01,DCBWoWhsTpA_utt01591#p01,DCBWoWhsTpA_utt01592#p01,DCBWoWhsTpA_utt01593#p01,DCBWoWhsTpA_utt01594#p01,DCBWoWhsTpA_utt01595#p01","DCBWoWhsTpA_utt01589,DCBWoWhsTpA_utt01590,DCBWoWhsTpA_utt01591,DCBWoWhsTpA_utt01592,DCBWoWhsTpA_utt01593,DCBWoWhsTpA_utt01594,DCBWoWhsTpA_utt01595",7,/Users/rajeshpmu/Desktop/LegalMemoCMT/data/phase2/clancy/corpus/raw/live-lindsay-clancy-trial-day-14/live-lindsay-clancy-trial-day-14_DCBWoWhsTpA.mp4,/Users/rajeshpmu/Desktop/LegalMemoCMT/data/phase2/clancy/corpus/raw/live-lindsay-clancy-trial-day-14/live-lindsay-clancy-trial-day-14_DCBWoWhsTpA.wav,/Users/rajeshpmu/Desktop/LegalMemoCMT/data/processed/phase2/clancy/turn_clips/video/DCBWoWhsTpA/DCBWoWhsTpA_turn06050.mp4,/Users/rajeshpmu/Desktop/LegalMemoCMT/data/processed/phase2/clancy/turn_clips/audio/DCBWoWhsTpA/DCBWoWhsTpA_turn06050.wav,2184.077,2191.742,7.665,created,00:36:24.077,00:36:31.742,0.0,default_zero,SPEAKER_18,2.903,pyannote/speaker-diarization-3.1,Witness,manual_verified_diarization,HIGH,YES,SPEAKING,Witness,YES,Witness 15 identified by manual audio/video review,INCLUDE,,YES,speaker_role=Witness,split_dev;usable,"usable because speaker_role=Witness, witness_speaking_status=SPEAKING, clip_status=created, duration=7.665s, and source is not excluded",YES,0.6,HIGH,manual_clip_review,HUMAN_VERIFIED,/Users/rajeshpmu/Desktop/LegalMemoCMT/data/processed/phase2/clancy/turn_clips/video/DCBWoWhsTpA/DCBWoWhsTpA_turn06050.mp4,/Users/rajeshpmu/Desktop/LegalMemoCMT/data/processed/phase2/clancy/vit_facecrop_embeddings/DCBWoWhsTpA/DCBWoWhsTpA_turn06050.npy,created,neutral,0.896529,0.493084,"{""anger"": 0.022727, ""disgust"": 0.002765, ""fear"": 0.009535, ""joy"": 0.031092, ""neutral"": 0.896529, ""sadness"": 0.030501, ""surprise"": 0.006851}",/Users/rajeshpmu/Desktop/LegalMemoCMT/results/facial_cues/meld_vit_facecrop_gated_video_aux/fold_4/best_model.pt,phase1_meld_checkpoint_pseudo_label,"audio,text,video","audio,text,video","{""audio_dim"": 128, ""audio_model_name"": ""facebook/hubert-base-ls960"", ""dropout"": 0.1, ""encoder_mode"": ""paper"", ""freeze_audio_backbone"": false, ""freeze_text_backbone"": false, ""fusion_dim"": 256, ""fusion_mode"": ""gated"", ""fusion_pooling"": ""min"", ""max_audio_len"": 256, ""max_text_len"": 128, ""max_video_len"": 32, ""num_classes"": 7, ""num_heads"": 4, ""num_layers"": 2, ""text_dim"": 256, ""text_model_name"": ""bert-base-uncased"", ""use_video"": true, ""video_dim"": 768, ""vocab_size"": 30000}",/Users/rajeshpmu/Desktop/LegalMemoCMT/data/processed/phase2/clancy/turn_clips/audio/DCBWoWhsTpA/DCBWoWhsTpA_turn06050.wav,OK,,0.535717,0.387856,0.387856,0.467703,3loi/SER-Odyssey-Baseline-WavLM-Multi-Attributes,OK,neu,1.0,speechbrain/emotion-recognition-wav2vec2-IEMOCAP,OK,NO,UNCLEAR,no explicit emotion-target evidence,LOW,LOW,LOW,NEUTRAL_CANDIDATE,neutral,neutral,neutral,0.580000,neutral,0.580000,"audio and courtroom-affect evidence support neutral, but emotion target is unresolved",NO,CALM_COMPOSED,1,low_or_moderate_audio_arousal;speechbrain_neutral
DCBWoWhsTpA_turn06057,DCBWoWhsTpA_turn06057,DCBWoWhsTpA,https://www.youtube.com/live/DCBWoWhsTpA,LIVE: Lindsay Clancy trial Day 14,full_trial_stream,5,/Users/rajeshpmu/Desktop/LegalMemoCMT/data/phase2/clancy/corpus/raw/live-lindsay-clancy-trial-day-14/live-lindsay-clancy-trial-day-14_DCBWoWhsTpA.en.vtt,/Users/rajeshpmu/Desktop/LegalMemoCMT/data/processed/phase2/clancy/turn_clips/video/DCBWoWhsTpA/DCBWoWhsTpA_turn06057.mp4,/Users/rajeshpmu/Desktop/LegalMemoCMT/data/processed/phase2/clancy/turn_clips/audio/DCBWoWhsTpA/DCBWoWhsTpA_turn06057.wav,DCBWoWhsTpA,group_by_youtube_id,dev,neutral,text_keyword_heuristic,LOW,YES,"audio and courtroom-affect evidence support neutral, but emotion target is unresolved",YES,"That's meant to be 2023. Yes, I apologize.","That's meant to be 2023. Yes, I apologize.",00:38:15.555,00:38:17.231,1.676,1.676,marker,MEDIUM,1,5,"DCBWoWhsTpA_utt01649#p02,DCBWoWhsTpA_utt01650#p01,DCBWoWhsTpA_utt01651#p01,DCBWoWhsTpA_utt01652#p01,DCBWoWhsTpA_utt01653#p01","DCBWoWhsTpA_utt01649,DCBWoWhsTpA_utt01650,DCBWoWhsTpA_utt01651,DCBWoWhsTpA_utt01652,DCBWoWhsTpA_utt01653",5,/Users/rajeshpmu/Desktop/LegalMemoCMT/data/phase2/clancy/corpus/raw/live-lindsay-clancy-trial-day-14/live-lindsay-clancy-trial-day-14_DCBWoWhsTpA.mp4,/Users/rajeshpmu/Desktop/LegalMemoCMT/data/phase2/clancy/corpus/raw/live-lindsay-clancy-trial-day-14/live-lindsay-clancy-trial-day-14_DCBWoWhsTpA.wav,/Users/rajeshpmu/Desktop/LegalMemoCMT/data/processed/phase2/clancy/turn_clips/video/DCBWoWhsTpA/DCBWoWhsTpA_turn06057.mp4,/Users/rajeshpmu/Desktop/LegalMemoCMT/data/processed/phase2/clancy/turn_clips/audio/DCBWoWhsTpA/DCBWoWhsTpA_turn06057.wav,2295.555,2297.231,1.676,created,00:38:15.555,00:38:17.231,0.0,default_zero,SPEAKER_18,1.163,pyannote/speaker-diarization-3.1,Witness,manual_verified_diarization,HIGH,YES,SPEAKING,Witness,YES,Witness 15 identified by manual audio/video review,INCLUDE,,YES,speaker_role=Witness,split_dev;usable,"usable because speaker_role=Witness, witness_speaking_status=SPEAKING, clip_status=created, duration=1.676s, and source is not excluded",YES,0.6,HIGH,manual_clip_review,HUMAN_VERIFIED,/Users/rajeshpmu/Desktop/LegalMemoCMT/data/processed/phase2/clancy/turn_clips/video/DCBWoWhsTpA/DCBWoWhsTpA_turn06057.mp4,/Users/rajeshpmu/Desktop/LegalMemoCMT/data/processed/phase2/clancy/vit_facecrop_embeddings/DCBWoWhsTpA/DCBWoWhsTpA_turn06057.npy,created,fear,0.897316,0.433475,"{""anger"": 0.008479, ""disgust"": 0.000693, ""fear"": 0.897316, ""joy"": 0.005062, ""neutral"": 0.07394, ""sadness"": 0.00668, ""surprise"": 0.007829}",/Users/rajeshpmu/Desktop/LegalMemoCMT/results/facial_cues/meld_vit_facecrop_gated_video_aux/fold_4/best_model.pt,phase1_meld_checkpoint_pseudo_label,"audio,text,video","audio,text,video","{""audio_dim"": 128, ""audio_model_name"": ""facebook/hubert-base-ls960"", ""dropout"": 0.1, ""encoder_mode"": ""paper"", ""freeze_audio_backbone"": false, ""freeze_text_backbone"": false, ""fusion_dim"": 256, ""fusion_mode"": ""gated"", ""fusion_pooling"": ""min"", ""max_audio_len"": 256, ""max_text_len"": 128, ""max_video_len"": 32, ""num_classes"": 7, ""num_heads"": 4, ""num_layers"": 2, ""text_dim"": 256, ""text_model_name"": ""bert-base-uncased"", ""use_video"": true, ""video_dim"": 768, ""vocab_size"": 30000}",/Users/rajeshpmu/Desktop/LegalMemoCMT/data/processed/phase2/clancy/turn_clips/audio/DCBWoWhsTpA/DCBWoWhsTpA_turn06057.wav,OK,,0.400974,0.284844,0.284844,0.343159,3loi/SER-Odyssey-Baseline-WavLM-Multi-Attributes,OK,neu,1.0,speechbrain/emotion-recognition-wav2vec2-IEMOCAP,OK,NO,UNCLEAR,no explicit emotion-target evidence,HIGH,LOW,HIGH,NEUTRAL_CANDIDATE,fear,neutral,neutral,0.580000,neutral,0.580000,"audio and courtroom-affect evidence support neutral, but emotion target is unresolved",YES,CALM_COMPOSED,1,phase1_vs_comparable_audio_disagreement;low_or_moderate_audio_arousal;speechbrain_neutral
DCBWoWhsTpA_turn06072,DCBWoWhsTpA_turn06072,DCBWoWhsTpA,https://www.youtube.com/live/DCBWoWhsTpA,LIVE: Lindsay Clancy trial Day 14,full_trial_stream,5,/Users/rajeshpmu/Desktop/LegalMemoCMT/data/phase2/clancy/corpus/raw/live-lindsay-clancy-trial-day-14/live-lindsay-clancy-trial-day-14_DCBWoWhsTpA.en.vtt,/Users/rajeshpmu/Desktop/LegalMemoCMT/data/processed/phase2/clancy/turn_clips/video/DCBWoWhsTpA/DCBWoWhsTpA_turn06072.mp4,/Users/rajeshpmu/Desktop/LegalMemoCMT/data/processed/phase2/clancy/turn_clips/audio/DCBWoWhsTpA/DCBWoWhsTpA_turn06072.wav,DCBWoWhsTpA,group_by_youtube_id,dev,neutral,text_keyword_heuristic,LOW,YES,comparable Phase 1 and audio categorical outputs agree or audio class is not comparable,YES,What is metadata?,What is metadata?,00:40:03.678,00:40:05.703,2.025,2.025,marker,MEDIUM,1,3,"DCBWoWhsTpA_utt01743#p02,DCBWoWhsTpA_utt01744#p01,DCBWoWhsTpA_utt01745#p01","DCBWoWhsTpA_utt01743,DCBWoWhsTpA_utt01744,DCBWoWhsTpA_utt01745",3,/Users/rajeshpmu/Desktop/LegalMemoCMT/data/phase2/clancy/corpus/raw/live-lindsay-clancy-trial-day-14/live-lindsay-clancy-trial-day-14_DCBWoWhsTpA.mp4,/Users/rajeshpmu/Desktop/LegalMemoCMT/data/phase2/clancy/corpus/raw/live-lindsay-clancy-trial-day-14/live-lindsay-clancy-trial-day-14_DCBWoWhsTpA.wav,/Users/rajeshpmu/Desktop/LegalMemoCMT/data/processed/phase2/clancy/turn_clips/video/DCBWoWhsTpA/DCBWoWhsTpA_turn06072.mp4,/Users/rajeshpmu/Desktop/LegalMemoCMT/data/processed/phase2/clancy/turn_clips/audio/DCBWoWhsTpA/DCBWoWhsTpA_turn06072.wav,2403.678,2405.703,2.025,created,00:40:03.678,00:40:05.703,0.0,default_zero,SPEAKER_18,0.833,pyannote/speaker-diarization-3.1,Witness,manual_verified_diarization,HIGH,YES,SPEAKING,Witness,YES,Witness 15 identified by manual audio/video review,INCLUDE,,YES,speaker_role=Witness,split_dev;usable,"usable because speaker_role=Witness, witness_speaking_status=SPEAKING, clip_status=created, duration=2.025s, and source is not excluded",YES,0.6,HIGH,manual_clip_review,HUMAN_VERIFIED,/Users/rajeshpmu/Desktop/LegalMemoCMT/data/processed/phase2/clancy/turn_clips/video/DCBWoWhsTpA/DCBWoWhsTpA_turn06072.mp4,/Users/rajeshpmu/Desktop/LegalMemoCMT/data/processed/phase2/clancy/vit_facecrop_embeddings/DCBWoWhsTpA/DCBWoWhsTpA_turn06072.npy,created,neutral,0.784616,0.734065,"{""anger"": 0.016755, ""disgust"": 0.155254, ""fear"": 0.008718, ""joy"": 0.024351, ""neutral"": 0.784616, ""sadness"": 0.004592, ""surprise"": 0.005714}",/Users/rajeshpmu/Desktop/LegalMemoCMT/results/facial_cues/meld_vit_facecrop_gated_video_aux/fold_4/best_model.pt,phase1_meld_checkpoint_pseudo_label,"audio,text,video","audio,text,video","{""audio_dim"": 128, ""audio_model_name"": ""facebook/hubert-base-ls960"", ""dropout"": 0.1, ""encoder_mode"": ""paper"", ""freeze_audio_backbone"": false, ""freeze_text_backbone"": false, ""fusion_dim"": 256, ""fusion_mode"": ""gated"", ""fusion_pooling"": ""min"", ""max_audio_len"": 256, ""max_text_len"": 128, ""max_video_len"": 32, ""num_classes"": 7, ""num_heads"": 4, ""num_layers"": 2, ""text_dim"": 256, ""text_model_name"": ""bert-base-uncased"", ""use_video"": true, ""video_dim"": 768, ""vocab_size"": 30000}",/Users/rajeshpmu/Desktop/LegalMemoCMT/data/processed/phase2/clancy/turn_clips/audio/DCBWoWhsTpA/DCBWoWhsTpA_turn06072.wav,OK,,0.524272,0.467337,0.467337,0.473451,3loi/SER-Odyssey-Baseline-WavLM-Multi-Attributes,OK,ang,1.0,speechbrain/emotion-recognition-wav2vec2-IEMOCAP,OK,NO,UNCLEAR,no explicit emotion-target evidence,HIGH,LOW,HIGH,KEEP_PHASE1_CANDIDATE,neutral,anger,neutral,0.784616,neutral,0.784616,comparable Phase 1 and audio categorical outputs agree or audio class is not comparable,YES,UNKNOWN,,phase1_vs_comparable_audio_disagreement
DCBWoWhsTpA_turn06073,DCBWoWhsTpA_turn06073,DCBWoWhsTpA,https://www.youtube.com/live/DCBWoWhsTpA,LIVE: Lindsay Clancy trial Day 14,full_trial_stream,5,/Users/rajeshpmu/Desktop/LegalMemoCMT/data/phase2/clancy/corpus/raw/live-lindsay-clancy-trial-day-14/live-lindsay-clancy-trial-day-14_DCBWoWhsTpA.en.vtt,/Users/rajeshpmu/Desktop/LegalMemoCMT/data/processed/phase2/clancy/turn_clips/video/DCBWoWhsTpA/DCBWoWhsTpA_turn06073.mp4,/Users/rajeshpmu/Desktop/LegalMemoCMT/data/processed/phase2/clancy/turn_clips/audio/DCBWoWhsTpA/DCBWoWhsTpA_turn06073.wav,DCBWoWhsTpA,group_by_youtube_id,dev,neutral,text_keyword_heuristic,LOW,NO,"audio and courtroom-affect evidence support neutral, but emotion target is unresolved",YES,"Uh metadata is information about that photograph. It could be uh the device that captured it, the time that it was captured, the location, uh information about the lens, the lighting, etc.","Uh metadata is information about that photograph. It could be uh the device that captured it, the time that it was captured, the location, uh information about the lens, the lighting, etc.",00:40:05.703,00:40:17.486,11.783,11.783,marker,MEDIUM,1,13,"DCBWoWhsTpA_utt01745#p02,DCBWoWhsTpA_utt01746#p01,DCBWoWhsTpA_utt01747#p01,DCBWoWhsTpA_utt01748#p01,DCBWoWhsTpA_utt01749#p01,DCBWoWhsTpA_utt01750#p01,DCBWoWhsTpA_utt01751#p01,DCBWoWhsTpA_utt01752#p01,DCBWoWhsTpA_utt01753#p01,DCBWoWhsTpA_utt01754#p01,DCBWoWhsTpA_utt01755#p01,DCBWoWhsTpA_utt01756#p01,DCBWoWhsTpA_utt01757#p01","DCBWoWhsTpA_utt01745,DCBWoWhsTpA_utt01746,DCBWoWhsTpA_utt01747,DCBWoWhsTpA_utt01748,DCBWoWhsTpA_utt01749,DCBWoWhsTpA_utt01750,DCBWoWhsTpA_utt01751,DCBWoWhsTpA_utt01752,DCBWoWhsTpA_utt01753,DCBWoWhsTpA_utt01754,DCBWoWhsTpA_utt01755,DCBWoWhsTpA_utt01756,DCBWoWhsTpA_utt01757",13,/Users/rajeshpmu/Desktop/LegalMemoCMT/data/phase2/clancy/corpus/raw/live-lindsay-clancy-trial-day-14/live-lindsay-clancy-trial-day-14_DCBWoWhsTpA.mp4,/Users/rajeshpmu/Desktop/LegalMemoCMT/data/phase2/clancy/corpus/raw/live-lindsay-clancy-trial-day-14/live-lindsay-clancy-trial-day-14_DCBWoWhsTpA.wav,/Users/rajeshpmu/Desktop/LegalMemoCMT/data/processed/phase2/clancy/turn_clips/video/DCBWoWhsTpA/DCBWoWhsTpA_turn06073.mp4,/Users/rajeshpmu/Desktop/LegalMemoCMT/data/processed/phase2/clancy/turn_clips/audio/DCBWoWhsTpA/DCBWoWhsTpA_turn06073.wav,2405.703,2417.486,11.783,created,00:40:05.703,00:40:17.486,0.0,default_zero,SPEAKER_18,6.559,pyannote/speaker-diarization-3.1,Witness,manual_verified_diarization,HIGH,YES,SPEAKING,Witness,YES,Witness 15 identified by manual audio/video review,INCLUDE,,YES,speaker_role=Witness,split_dev;usable,"usable because speaker_role=Witness, witness_speaking_status=SPEAKING, clip_status=created, duration=11.783s, and source is not excluded",YES,0.6,HIGH,manual_clip_review,HUMAN_VERIFIED,/Users/rajeshpmu/Desktop/LegalMemoCMT/data/processed/phase2/clancy/turn_clips/video/DCBWoWhsTpA/DCBWoWhsTpA_turn06073.mp4,/Users/rajeshpmu/Desktop/LegalMemoCMT/data/processed/phase2/clancy/vit_facecrop_embeddings/DCBWoWhsTpA/DCBWoWhsTpA_turn06073.npy,created,neutral,0.886616,0.521271,"{""anger"": 0.032905, ""disgust"": 0.004664, ""fear"": 0.005427, ""joy"": 0.046038, ""neutral"": 0.886616, ""sadness"": 0.013638, ""surprise"": 0.010712}",/Users/rajeshpmu/Desktop/LegalMemoCMT/results/facial_cues/meld_vit_facecrop_gated_video_aux/fold_4/best_model.pt,phase1_meld_checkpoint_pseudo_label,"audio,text,video","audio,text,video","{""audio_dim"": 128, ""audio_model_name"": ""facebook/hubert-base-ls960"", ""dropout"": 0.1, ""encoder_mode"": ""paper"", ""freeze_audio_backbone"": false, ""freeze_text_backbone"": false, ""fusion_dim"": 256, ""fusion_mode"": ""gated"", ""fusion_pooling"": ""min"", ""max_audio_len"": 256, ""max_text_len"": 128, ""max_video_len"": 32, ""num_classes"": 7, ""num_heads"": 4, ""num_layers"": 2, ""text_dim"": 256, ""text_model_name"": ""bert-base-uncased"", ""use_video"": true, ""video_dim"": 768, ""vocab_size"": 30000}",/Users/rajeshpmu/Desktop/LegalMemoCMT/data/processed/phase2/clancy/turn_clips/audio/DCBWoWhsTpA/DCBWoWhsTpA_turn06073.wav,OK,,0.548661,0.400935,0.400935,0.493138,3loi/SER-Odyssey-Baseline-WavLM-Multi-Attributes,OK,neu,1.0,speechbrain/emotion-recognition-wav2vec2-IEMOCAP,OK,NO,UNCLEAR,no explicit emotion-target evidence,LOW,LOW,LOW,NEUTRAL_CANDIDATE,neutral,neutral,neutral,0.580000,neutral,0.580000,"audio and courtroom-affect evidence support neutral, but emotion target is unresolved",NO,CALM_COMPOSED,1,low_or_moderate_audio_arousal;speechbrain_neutral
DCBWoWhsTpA_turn06078,DCBWoWhsTpA_turn06078,DCBWoWhsTpA,https://www.youtube.com/live/DCBWoWhsTpA,LIVE: Lindsay Clancy trial Day 14,full_trial_stream,5,/Users/rajeshpmu/Desktop/LegalMemoCMT/data/phase2/clancy/corpus/raw/live-lindsay-clancy-trial-day-14/live-lindsay-clancy-trial-day-14_DCBWoWhsTpA.en.vtt,/Users/rajeshpmu/Desktop/LegalMemoCMT/data/processed/phase2/clancy/turn_clips/video/DCBWoWhsTpA/DCBWoWhsTpA_turn06078.mp4,/Users/rajeshpmu/Desktop/LegalMemoCMT/data/processed/phase2/clancy/turn_clips/audio/DCBWoWhsTpA/DCBWoWhsTpA_turn06078.wav,DCBWoWhsTpA,group_by_youtube_id,dev,neutral,text_keyword_heuristic,LOW,NO,"audio and courtroom-affect evidence support neutral, but emotion target is unresolved",YES,How were you able to determine that's where that photograph was taken? Uh the metadata of the photo included the latitude and longitude where the image was captured. Uh I took that latitude and longitude and looked on Google Maps to see uh a physical address. Um in this case it came down to the uh Southshore Medical Center.,How were you able to determine that's where that photograph was taken? Uh the metadata of the photo included the latitude and longitude where the image was captured. Uh I took that latitude and longitude and looked on Google Maps to see uh a physical address. Um in this case it came down to the uh Southshore Medical Center.,00:40:34.099,00:40:56.630,22.531,22.531,marker,MEDIUM,1,17,"DCBWoWhsTpA_utt01775#p02,DCBWoWhsTpA_utt01776#p01,DCBWoWhsTpA_utt01777#p01,DCBWoWhsTpA_utt01778#p01,DCBWoWhsTpA_utt01779#p01,DCBWoWhsTpA_utt01780#p01,DCBWoWhsTpA_utt01781#p01,DCBWoWhsTpA_utt01782#p01,DCBWoWhsTpA_utt01783#p01,DCBWoWhsTpA_utt01784#p01,DCBWoWhsTpA_utt01785#p01,DCBWoWhsTpA_utt01786#p01,DCBWoWhsTpA_utt01787#p01,DCBWoWhsTpA_utt01788#p01,DCBWoWhsTpA_utt01789#p01,DCBWoWhsTpA_utt01790#p01,DCBWoWhsTpA_utt01791#p01","DCBWoWhsTpA_utt01775,DCBWoWhsTpA_utt01776,DCBWoWhsTpA_utt01777,DCBWoWhsTpA_utt01778,DCBWoWhsTpA_utt01779,DCBWoWhsTpA_utt01780,DCBWoWhsTpA_utt01781,DCBWoWhsTpA_utt01782,DCBWoWhsTpA_utt01783,DCBWoWhsTpA_utt01784,DCBWoWhsTpA_utt01785,DCBWoWhsTpA_utt01786,DCBWoWhsTpA_utt01787,DCBWoWhsTpA_utt01788,DCBWoWhsTpA_utt01789,DCBWoWhsTpA_utt01790,DCBWoWhsTpA_utt01791",17,/Users/rajeshpmu/Desktop/LegalMemoCMT/data/phase2/clancy/corpus/raw/live-lindsay-clancy-trial-day-14/live-lindsay-clancy-trial-day-14_DCBWoWhsTpA.mp4,/Users/rajeshpmu/Desktop/LegalMemoCMT/data/phase2/clancy/corpus/raw/live-lindsay-clancy-trial-day-14/live-lindsay-clancy-trial-day-14_DCBWoWhsTpA.wav,/Users/rajeshpmu/Desktop/LegalMemoCMT/data/processed/phase2/clancy/turn_clips/video/DCBWoWhsTpA/DCBWoWhsTpA_turn06078.mp4,/Users/rajeshpmu/Desktop/LegalMemoCMT/data/processed/phase2/clancy/turn_clips/audio/DCBWoWhsTpA/DCBWoWhsTpA_turn06078.wav,2434.099,2456.63,22.531,created,00:40:34.099,00:40:56.630,0.0,default_zero,SPEAKER_18,12.353,pyannote/speaker-diarization-3.1,Witness,manual_verified_diarization,HIGH,YES,SPEAKING,Witness,YES,Witness 15 identified by manual audio/video review,INCLUDE,,YES,speaker_role=Witness,split_dev;usable,"usable because speaker_role=Witness, witness_speaking_status=SPEAKING, clip_status=created, duration=22.531s, and source is not excluded",YES,0.6,HIGH,manual_clip_review,HUMAN_VERIFIED,/Users/rajeshpmu/Desktop/LegalMemoCMT/data/processed/phase2/clancy/turn_clips/video/DCBWoWhsTpA/DCBWoWhsTpA_turn06078.mp4,/Users/rajeshpmu/Desktop/LegalMemoCMT/data/processed/phase2/clancy/vit_facecrop_embeddings/DCBWoWhsTpA/DCBWoWhsTpA_turn06078.npy,created,neutral,0.931312,0.360614,"{""anger"": 0.024371, ""disgust"": 0.009318, ""fear"": 0.0039, ""joy"": 0.014507, ""neutral"": 0.931312, ""sadness"": 0.012563, ""surprise"": 0.004029}",/Users/rajeshpmu/Desktop/LegalMemoCMT/results/facial_cues/meld_vit_facecrop_gated_video_aux/fold_4/best_model.pt,phase1_meld_checkpoint_pseudo_label,"audio,text,video","audio,text,video","{""audio_dim"": 128, ""audio_model_name"": ""facebook/hubert-base-ls960"", ""dropout"": 0.1, ""encoder_mode"": ""paper"", ""freeze_audio_backbone"": false, ""freeze_text_backbone"": false, ""fusion_dim"": 256, ""fusion_mode"": ""gated"", ""fusion_pooling"": ""min"", ""max_audio_len"": 256, ""max_text_len"": 128, ""max_video_len"": 32, ""num_classes"": 7, ""num_heads"": 4, ""num_layers"": 2, ""text_dim"": 256, ""text_model_name"": ""bert-base-uncased"", ""use_video"": true, ""video_dim"": 768, ""vocab_size"": 30000}",/Users/rajeshpmu/Desktop/LegalMemoCMT/data/processed/phase2/clancy/turn_clips/audio/DCBWoWhsTpA/DCBWoWhsTpA_turn06078.wav,OK,,0.565988,0.446348,0.446348,0.502042,3loi/SER-Odyssey-Baseline-WavLM-Multi-Attributes,OK,neu,1.0,speechbrain/emotion-recognition-wav2vec2-IEMOCAP,OK,NO,UNCLEAR,no explicit emotion-target evidence,LOW,LOW,LOW,NEUTRAL_CANDIDATE,neutral,neutral,neutral,0.580000,neutral,0.580000,"audio and courtroom-affect evidence support neutral, but emotion target is unresolved",NO,CALM_COMPOSED,1,low_or_moderate_audio_arousal;speechbrain_neutral
DCBWoWhsTpA_turn06081,DCBWoWhsTpA_turn06081,DCBWoWhsTpA,https://www.youtube.com/live/DCBWoWhsTpA,LIVE: Lindsay Clancy trial Day 14,full_trial_stream,5,/Users/rajeshpmu/Desktop/LegalMemoCMT/data/phase2/clancy/corpus/raw/live-lindsay-clancy-trial-day-14/live-lindsay-clancy-trial-day-14_DCBWoWhsTpA.en.vtt,/Users/rajeshpmu/Desktop/LegalMemoCMT/data/processed/phase2/clancy/turn_clips/video/DCBWoWhsTpA/DCBWoWhsTpA_turn06081.mp4,/Users/rajeshpmu/Desktop/LegalMemoCMT/data/processed/phase2/clancy/turn_clips/audio/DCBWoWhsTpA/DCBWoWhsTpA_turn06081.wav,DCBWoWhsTpA,group_by_youtube_id,dev,neutral,text_keyword_heuristic,LOW,NO,"audio and courtroom-affect evidence support neutral, but emotion target is unresolved",YES,"Uh device usage would relate to how the user is operating the device. So when they have it unlocked, locked, uh what applications being used any particular time. uh essentially anything which is not a message or or a phone call or results in additional data like that.","Uh device usage would relate to how the user is operating the device. So when they have it unlocked, locked, uh what applications being used any particular time. uh essentially anything which is not a message or or a phone call or results in additional data like that.",00:41:21.969,00:41:40.267,18.298,18.298,marker,MEDIUM,1,17,"DCBWoWhsTpA_utt01807#p02,DCBWoWhsTpA_utt01808#p01,DCBWoWhsTpA_utt01809#p01,DCBWoWhsTpA_utt01810#p01,DCBWoWhsTpA_utt01811#p01,DCBWoWhsTpA_utt01812#p01,DCBWoWhsTpA_utt01813#p01,DCBWoWhsTpA_utt01814#p01,DCBWoWhsTpA_utt01815#p01,DCBWoWhsTpA_utt01816#p01,DCBWoWhsTpA_utt01817#p01,DCBWoWhsTpA_utt01818#p01,DCBWoWhsTpA_utt01819#p01,DCBWoWhsTpA_utt01820#p01,DCBWoWhsTpA_utt01821#p01,DCBWoWhsTpA_utt01822#p01,DCBWoWhsTpA_utt01823#p01","DCBWoWhsTpA_utt01807,DCBWoWhsTpA_utt01808,DCBWoWhsTpA_utt01809,DCBWoWhsTpA_utt01810,DCBWoWhsTpA_utt01811,DCBWoWhsTpA_utt01812,DCBWoWhsTpA_utt01813,DCBWoWhsTpA_utt01814,DCBWoWhsTpA_utt01815,DCBWoWhsTpA_utt01816,DCBWoWhsTpA_utt01817,DCBWoWhsTpA_utt01818,DCBWoWhsTpA_utt01819,DCBWoWhsTpA_utt01820,DCBWoWhsTpA_utt01821,DCBWoWhsTpA_utt01822,DCBWoWhsTpA_utt01823",17,/Users/rajeshpmu/Desktop/LegalMemoCMT/data/phase2/clancy/corpus/raw/live-lindsay-clancy-trial-day-14/live-lindsay-clancy-trial-day-14_DCBWoWhsTpA.mp4,/Users/rajeshpmu/Desktop/LegalMemoCMT/data/phase2/clancy/corpus/raw/live-lindsay-clancy-trial-day-14/live-lindsay-clancy-trial-day-14_DCBWoWhsTpA.wav,/Users/rajeshpmu/Desktop/LegalMemoCMT/data/processed/phase2/clancy/turn_clips/video/DCBWoWhsTpA/DCBWoWhsTpA_turn06081.mp4,/Users/rajeshpmu/Desktop/LegalMemoCMT/data/processed/phase2/clancy/turn_clips/audio/DCBWoWhsTpA/DCBWoWhsTpA_turn06081.wav,2481.969,2500.267,18.298,created,00:41:21.969,00:41:40.267,0.0,default_zero,SPEAKER_18,9.065,pyannote/speaker-diarization-3.1,Witness,manual_verified_diarization,HIGH,YES,SPEAKING,Witness,YES,Witness 15 identified by manual audio/video review,INCLUDE,,YES,speaker_role=Witness,split_dev;usable,"usable because speaker_role=Witness, witness_speaking_status=SPEAKING, clip_status=created, duration=18.298s, and source is not excluded",YES,0.6,HIGH,manual_clip_review,HUMAN_VERIFIED,/Users/rajeshpmu/Desktop/LegalMemoCMT/data/processed/phase2/clancy/turn_clips/video/DCBWoWhsTpA/DCBWoWhsTpA_turn06081.mp4,/Users/rajeshpmu/Desktop/LegalMemoCMT/data/processed/phase2/clancy/vit_facecrop_embeddings/DCBWoWhsTpA/DCBWoWhsTpA_turn06081.npy,created,neutral,0.901313,0.466527,"{""anger"": 0.025379, ""disgust"": 0.004681, ""fear"": 0.004485, ""joy"": 0.043418, ""neutral"": 0.901313, ""sadness"": 0.01288, ""surprise"": 0.007845}",/Users/rajeshpmu/Desktop/LegalMemoCMT/results/facial_cues/meld_vit_facecrop_gated_video_aux/fold_4/best_model.pt,phase1_meld_checkpoint_pseudo_label,"audio,text,video","audio,text,video","{""audio_dim"": 128, ""audio_model_name"": ""facebook/hubert-base-ls960"", ""dropout"": 0.1, ""encoder_mode"": ""paper"", ""freeze_audio_backbone"": false, ""freeze_text_backbone"": false, ""fusion_dim"": 256, ""fusion_mode"": ""gated"", ""fusion_pooling"": ""min"", ""max_audio_len"": 256, ""max_text_len"": 128, ""max_video_len"": 32, ""num_classes"": 7, ""num_heads"": 4, ""num_layers"": 2, ""text_dim"": 256, ""text_model_name"": ""bert-base-uncased"", ""use_video"": true, ""video_dim"": 768, ""vocab_size"": 30000}",/Users/rajeshpmu/Desktop/LegalMemoCMT/data/processed/phase2/clancy/turn_clips/audio/DCBWoWhsTpA/DCBWoWhsTpA_turn06081.wav,OK,,0.413271,0.321818,0.321818,0.425399,3loi/SER-Odyssey-Baseline-WavLM-Multi-Attributes,OK,neu,1.0,speechbrain/emotion-recognition-wav2vec2-IEMOCAP,OK,NO,UNCLEAR,no explicit emotion-target evidence,LOW,LOW,LOW,NEUTRAL_CANDIDATE,neutral,neutral,neutral,0.580000,neutral,0.580000,"audio and courtroom-affect evidence support neutral, but emotion target is unresolved",NO,CALM_COMPOSED,1,low_or_moderate_audio_arousal;speechbrain_neutral
DCBWoWhsTpA_turn06083,DCBWoWhsTpA_turn06083,DCBWoWhsTpA,https://www.youtube.com/live/DCBWoWhsTpA,LIVE: Lindsay Clancy trial Day 14,full_trial_stream,5,/Users/rajeshpmu/Desktop/LegalMemoCMT/data/phase2/clancy/corpus/raw/live-lindsay-clancy-trial-day-14/live-lindsay-clancy-trial-day-14_DCBWoWhsTpA.en.vtt,/Users/rajeshpmu/Desktop/LegalMemoCMT/data/processed/phase2/clancy/turn_clips/video/DCBWoWhsTpA/DCBWoWhsTpA_turn06083.mp4,/Users/rajeshpmu/Desktop/LegalMemoCMT/data/processed/phase2/clancy/turn_clips/audio/DCBWoWhsTpA/DCBWoWhsTpA_turn06083.wav,DCBWoWhsTpA,group_by_youtube_id,dev,neutral,text_keyword_heuristic,LOW,NO,"audio and courtroom-affect evidence support neutral, but emotion target is unresolved",YES,Uh so this table relates just to the locking and the unlocking of the device. Uh so the last time the device was unlocked was at 171316. Uh the device was locked again uh around 2 minutes later at 17:1512. Uh and the device was not unlocked again.,Uh so this table relates just to the locking and the unlocking of the device. Uh so the last time the device was unlocked was at 171316. Uh the device was locked again uh around 2 minutes later at 17:1512. Uh and the device was not unlocked again.,00:41:53.584,00:42:10.594,17.01,17.01,marker,MEDIUM,1,17,"DCBWoWhsTpA_utt01831#p02,DCBWoWhsTpA_utt01832#p01,DCBWoWhsTpA_utt01833#p01,DCBWoWhsTpA_utt01834#p01,DCBWoWhsTpA_utt01835#p01,DCBWoWhsTpA_utt01836#p01,DCBWoWhsTpA_utt01837#p01,DCBWoWhsTpA_utt01838#p01,DCBWoWhsTpA_utt01839#p01,DCBWoWhsTpA_utt01840#p01,DCBWoWhsTpA_utt01841#p01,DCBWoWhsTpA_utt01842#p01,DCBWoWhsTpA_utt01843#p01,DCBWoWhsTpA_utt01844#p01,DCBWoWhsTpA_utt01845#p01,DCBWoWhsTpA_utt01846#p01,DCBWoWhsTpA_utt01847#p01","DCBWoWhsTpA_utt01831,DCBWoWhsTpA_utt01832,DCBWoWhsTpA_utt01833,DCBWoWhsTpA_utt01834,DCBWoWhsTpA_utt01835,DCBWoWhsTpA_utt01836,DCBWoWhsTpA_utt01837,DCBWoWhsTpA_utt01838,DCBWoWhsTpA_utt01839,DCBWoWhsTpA_utt01840,DCBWoWhsTpA_utt01841,DCBWoWhsTpA_utt01842,DCBWoWhsTpA_utt01843,DCBWoWhsTpA_utt01844,DCBWoWhsTpA_utt01845,DCBWoWhsTpA_utt01846,DCBWoWhsTpA_utt01847",17,/Users/rajeshpmu/Desktop/LegalMemoCMT/data/phase2/clancy/corpus/raw/live-lindsay-clancy-trial-day-14/live-lindsay-clancy-trial-day-14_DCBWoWhsTpA.mp4,/Users/rajeshpmu/Desktop/LegalMemoCMT/data/phase2/clancy/corpus/raw/live-lindsay-clancy-trial-day-14/live-lindsay-clancy-trial-day-14_DCBWoWhsTpA.wav,/Users/rajeshpmu/Desktop/LegalMemoCMT/data/processed/phase2/clancy/turn_clips/video/DCBWoWhsTpA/DCBWoWhsTpA_turn06083.mp4,/Users/rajeshpmu/Desktop/LegalMemoCMT/data/processed/phase2/clancy/turn_clips/audio/DCBWoWhsTpA/DCBWoWhsTpA_turn06083.wav,2513.584,2530.594,17.01,created,00:41:53.584,00:42:10.594,0.0,default_zero,SPEAKER_18,15.824,pyannote/speaker-diarization-3.1,Witness,manual_verified_diarization,HIGH,YES,SPEAKING,Witness,YES,Witness 15 identified by manual audio/video review,INCLUDE,,YES,speaker_role=Witness,split_dev;usable,"usable because speaker_role=Witness, witness_speaking_status=SPEAKING, clip_status=created, duration=17.010s, and source is not excluded",YES,0.6,HIGH,manual_clip_review,HUMAN_VERIFIED,/Users/rajeshpmu/Desktop/LegalMemoCMT/data/processed/phase2/clancy/turn_clips/video/DCBWoWhsTpA/DCBWoWhsTpA_turn06083.mp4,/Users/rajeshpmu/Desktop/LegalMemoCMT/data/processed/phase2/clancy/vit_facecrop_embeddings/DCBWoWhsTpA/DCBWoWhsTpA_turn06083.npy,created,neutral,0.67728,1.134469,"{""anger"": 0.041165, ""disgust"": 0.068633, ""fear"": 0.01753, ""joy"": 0.122905, ""neutral"": 0.67728, ""sadness"": 0.057758, ""surprise"": 0.014729}",/Users/rajeshpmu/Desktop/LegalMemoCMT/results/facial_cues/meld_vit_facecrop_gated_video_aux/fold_4/best_model.pt,phase1_meld_checkpoint_pseudo_label,"audio,text,video","audio,text,video","{""audio_dim"": 128, ""audio_model_name"": ""facebook/hubert-base-ls960"", ""dropout"": 0.1, ""encoder_mode"": ""paper"", ""freeze_audio_backbone"": false, ""freeze_text_backbone"": false, ""fusion_dim"": 256, ""fusion_mode"": ""gated"", ""fusion_pooling"": ""min"", ""max_audio_len"": 256, ""max_text_len"": 128, ""max_video_len"": 32, ""num_classes"": 7, ""num_heads"": 4, ""num_layers"": 2, ""text_dim"": 256, ""text_model_name"": ""bert-base-uncased"", ""use_video"": true, ""video_dim"": 768, ""vocab_size"": 30000}",/Users/rajeshpmu/Desktop/LegalMemoCMT/data/processed/phase2/clancy/turn_clips/audio/DCBWoWhsTpA/DCBWoWhsTpA_turn06083.wav,OK,,0.39737,0.346336,0.346336,0.437814,3loi/SER-Odyssey-Baseline-WavLM-Multi-Attributes,OK,neu,1.0,speechbrain/emotion-recognition-wav2vec2-IEMOCAP,OK,NO,UNCLEAR,no explicit emotion-target evidence,LOW,LOW,LOW,NEUTRAL_CANDIDATE,neutral,neutral,neutral,0.580000,neutral,0.580000,"audio and courtroom-affect evidence support neutral, but emotion target is unresolved",NO,CALM_COMPOSED,1,low_or_moderate_audio_arousal;speechbrain_neutral
DCBWoWhsTpA_turn06087,DCBWoWhsTpA_turn06087,DCBWoWhsTpA,https://www.youtube.com/live/DCBWoWhsTpA,LIVE: Lindsay Clancy trial Day 14,full_trial_stream,5,/Users/rajeshpmu/Desktop/LegalMemoCMT/data/phase2/clancy/corpus/raw/live-lindsay-clancy-trial-day-14/live-lindsay-clancy-trial-day-14_DCBWoWhsTpA.en.vtt,/Users/rajeshpmu/Desktop/LegalMemoCMT/data/processed/phase2/clancy/turn_clips/video/DCBWoWhsTpA/DCBWoWhsTpA_turn06087.mp4,/Users/rajeshpmu/Desktop/LegalMemoCMT/data/processed/phase2/clancy/turn_clips/audio/DCBWoWhsTpA/DCBWoWhsTpA_turn06087.wav,DCBWoWhsTpA,group_by_youtube_id,dev,neutral,text_keyword_heuristic,LOW,NO,"audio and courtroom-affect evidence support neutral, but emotion target is unresolved",YES,application focus is literally the application which is visible on screen at any given time.,application focus is literally the application which is visible on screen at any given time.,00:42:57.968,00:43:05.232,7.264,7.264,marker,MEDIUM,1,7,"DCBWoWhsTpA_utt01883#p02,DCBWoWhsTpA_utt01884#p01,DCBWoWhsTpA_utt01885#p01,DCBWoWhsTpA_utt01886#p01,DCBWoWhsTpA_utt01887#p01,DCBWoWhsTpA_utt01888#p01,DCBWoWhsTpA_utt01889#p01","DCBWoWhsTpA_utt01883,DCBWoWhsTpA_utt01884,DCBWoWhsTpA_utt01885,DCBWoWhsTpA_utt01886,DCBWoWhsTpA_utt01887,DCBWoWhsTpA_utt01888,DCBWoWhsTpA_utt01889",7,/Users/rajeshpmu/Desktop/LegalMemoCMT/data/phase2/clancy/corpus/raw/live-lindsay-clancy-trial-day-14/live-lindsay-clancy-trial-day-14_DCBWoWhsTpA.mp4,/Users/rajeshpmu/Desktop/LegalMemoCMT/data/phase2/clancy/corpus/raw/live-lindsay-clancy-trial-day-14/live-lindsay-clancy-trial-day-14_DCBWoWhsTpA.wav,/Users/rajeshpmu/Desktop/LegalMemoCMT/data/processed/phase2/clancy/turn_clips/video/DCBWoWhsTpA/DCBWoWhsTpA_turn06087.mp4,/Users/rajeshpmu/Desktop/LegalMemoCMT/data/processed/phase2/clancy/turn_clips/audio/DCBWoWhsTpA/DCBWoWhsTpA_turn06087.wav,2577.968,2585.232,7.264,created,00:42:57.968,00:43:05.232,0.0,default_zero,SPEAKER_18,5.085,pyannote/speaker-diarization-3.1,Witness,manual_verified_diarization,HIGH,YES,SPEAKING,Witness,YES,Witness 15 identified by manual audio/video review,INCLUDE,,YES,speaker_role=Witness,split_dev;usable,"usable because speaker_role=Witness, witness_speaking_status=SPEAKING, clip_status=created, duration=7.264s, and source is not excluded",YES,0.6,HIGH,manual_clip_review,HUMAN_VERIFIED,/Users/rajeshpmu/Desktop/LegalMemoCMT/data/processed/phase2/clancy/turn_clips/video/DCBWoWhsTpA/DCBWoWhsTpA_turn06087.mp4,/Users/rajeshpmu/Desktop/LegalMemoCMT/data/processed/phase2/clancy/vit_facecrop_embeddings/DCBWoWhsTpA/DCBWoWhsTpA_turn06087.npy,created,neutral,0.869361,0.54945,"{""anger"": 0.051125, ""disgust"": 0.004357, ""fear"": 0.004788, ""joy"": 0.058646, ""neutral"": 0.869361, ""sadness"": 0.006705, ""surprise"": 0.005019}",/Users/rajeshpmu/Desktop/LegalMemoCMT/results/facial_cues/meld_vit_facecrop_gated_video_aux/fold_4/best_model.pt,phase1_meld_checkpoint_pseudo_label,"audio,text,video","audio,text,video","{""audio_dim"": 128, ""audio_model_name"": ""facebook/hubert-base-ls960"", ""dropout"": 0.1, ""encoder_mode"": ""paper"", ""freeze_audio_backbone"": false, ""freeze_text_backbone"": false, ""fusion_dim"": 256, ""fusion_mode"": ""gated"", ""fusion_pooling"": ""min"", ""max_audio_len"": 256, ""max_text_len"": 128, ""max_video_len"": 32, ""num_classes"": 7, ""num_heads"": 4, ""num_layers"": 2, ""text_dim"": 256, ""text_model_name"": ""bert-base-uncased"", ""use_video"": true, ""video_dim"": 768, ""vocab_size"": 30000}",/Users/rajeshpmu/Desktop/LegalMemoCMT/data/processed/phase2/clancy/turn_clips/audio/DCBWoWhsTpA/DCBWoWhsTpA_turn06087.wav,OK,,0.51737,0.376525,0.376525,0.471337,3loi/SER-Odyssey-Baseline-WavLM-Multi-Attributes,OK,neu,1.0,speechbrain/emotion-recognition-wav2vec2-IEMOCAP,OK,NO,UNCLEAR,no explicit emotion-target evidence,LOW,LOW,LOW,NEUTRAL_CANDIDATE,neutral,neutral,neutral,0.580000,neutral,0.580000,"audio and courtroom-affect evidence support neutral, but emotion target is unresolved",NO,CALM_COMPOSED,1,low_or_moderate_audio_arousal;speechbrain_neutral
DCBWoWhsTpA_turn06089,DCBWoWhsTpA_turn06089,DCBWoWhsTpA,https://www.youtube.com/live/DCBWoWhsTpA,LIVE: Lindsay Clancy trial Day 14,full_trial_stream,5,/Users/rajeshpmu/Desktop/LegalMemoCMT/data/phase2/clancy/corpus/raw/live-lindsay-clancy-trial-day-14/live-lindsay-clancy-trial-day-14_DCBWoWhsTpA.en.vtt,/Users/rajeshpmu/Desktop/LegalMemoCMT/data/processed/phase2/clancy/turn_clips/video/DCBWoWhsTpA/DCBWoWhsTpA_turn06089.mp4,/Users/rajeshpmu/Desktop/LegalMemoCMT/data/processed/phase2/clancy/turn_clips/audio/DCBWoWhsTpA/DCBWoWhsTpA_turn06089.wav,DCBWoWhsTpA,group_by_youtube_id,dev,neutral,text_keyword_heuristic,LOW,NO,"audio and courtroom-affect evidence support neutral, but emotion target is unresolved",YES,Is it then used again at 5:13 and 5:14 p.m. or is that a different application? Uh so at 5:13 until 5 14 uh it was mobile Safari. So the mobile uh version of Safari the internet browser was on screen and at 1714 uh 47 until 17158 it was the mobile SMS or messaging application which was on screen.,Is it then used again at 5:13 and 5:14 p.m. or is that a different application? Uh so at 5:13 until 5 14 uh it was mobile Safari. So the mobile uh version of Safari the internet browser was on screen and at 1714 uh 47 until 17158 it was the mobile SMS or messaging application which was on screen.,00:43:39.589,00:44:04.773,25.184,25.184,marker,MEDIUM,1,21,"DCBWoWhsTpA_utt01904#p01,DCBWoWhsTpA_utt01905#p01,DCBWoWhsTpA_utt01906#p01,DCBWoWhsTpA_utt01907#p01,DCBWoWhsTpA_utt01907#p02,DCBWoWhsTpA_utt01908#p01,DCBWoWhsTpA_utt01909#p01,DCBWoWhsTpA_utt01910#p01,DCBWoWhsTpA_utt01911#p01,DCBWoWhsTpA_utt01912#p01,DCBWoWhsTpA_utt01913#p01,DCBWoWhsTpA_utt01914#p01,DCBWoWhsTpA_utt01915#p01,DCBWoWhsTpA_utt01916#p01,DCBWoWhsTpA_utt01917#p01,DCBWoWhsTpA_utt01918#p01,DCBWoWhsTpA_utt01919#p01,DCBWoWhsTpA_utt01920#p01,DCBWoWhsTpA_utt01921#p01,DCBWoWhsTpA_utt01922#p01,DCBWoWhsTpA_utt01923#p01","DCBWoWhsTpA_utt01904,DCBWoWhsTpA_utt01905,DCBWoWhsTpA_utt01906,DCBWoWhsTpA_utt01907,DCBWoWhsTpA_utt01908,DCBWoWhsTpA_utt01909,DCBWoWhsTpA_utt01910,DCBWoWhsTpA_utt01911,DCBWoWhsTpA_utt01912,DCBWoWhsTpA_utt01913,DCBWoWhsTpA_utt01914,DCBWoWhsTpA_utt01915,DCBWoWhsTpA_utt01916,DCBWoWhsTpA_utt01917,DCBWoWhsTpA_utt01918,DCBWoWhsTpA_utt01919,DCBWoWhsTpA_utt01920,DCBWoWhsTpA_utt01921,DCBWoWhsTpA_utt01922,DCBWoWhsTpA_utt01923",20,/Users/rajeshpmu/Desktop/LegalMemoCMT/data/phase2/clancy/corpus/raw/live-lindsay-clancy-trial-day-14/live-lindsay-clancy-trial-day-14_DCBWoWhsTpA.mp4,/Users/rajeshpmu/Desktop/LegalMemoCMT/data/phase2/clancy/corpus/raw/live-lindsay-clancy-trial-day-14/live-lindsay-clancy-trial-day-14_DCBWoWhsTpA.wav,/Users/rajeshpmu/Desktop/LegalMemoCMT/data/processed/phase2/clancy/turn_clips/video/DCBWoWhsTpA/DCBWoWhsTpA_turn06089.mp4,/Users/rajeshpmu/Desktop/LegalMemoCMT/data/processed/phase2/clancy/turn_clips/audio/DCBWoWhsTpA/DCBWoWhsTpA_turn06089.wav,2619.589,2644.773,25.184,created,00:43:39.589,00:44:04.773,0.0,default_zero,SPEAKER_18,12.167,pyannote/speaker-diarization-3.1,Witness,manual_verified_diarization,HIGH,YES,SPEAKING,Witness,YES,Witness 15 identified by manual audio/video review,INCLUDE,,YES,speaker_role=Witness,split_dev;usable,"usable because speaker_role=Witness, witness_speaking_status=SPEAKING, clip_status=created, duration=25.184s, and source is not excluded",YES,0.6,HIGH,manual_clip_review,HUMAN_VERIFIED,/Users/rajeshpmu/Desktop/LegalMemoCMT/data/processed/phase2/clancy/turn_clips/video/DCBWoWhsTpA/DCBWoWhsTpA_turn06089.mp4,/Users/rajeshpmu/Desktop/LegalMemoCMT/data/processed/phase2/clancy/vit_facecrop_embeddings/DCBWoWhsTpA/DCBWoWhsTpA_turn06089.npy,created,neutral,0.839111,0.702718,"{""anger"": 0.028399, ""disgust"": 0.017817, ""fear"": 0.020198, ""joy"": 0.063025, ""neutral"": 0.839111, ""sadness"": 0.019672, ""surprise"": 0.011778}",/Users/rajeshpmu/Desktop/LegalMemoCMT/results/facial_cues/meld_vit_facecrop_gated_video_aux/fold_4/best_model.pt,phase1_meld_checkpoint_pseudo_label,"audio,text,video","audio,text,video","{""audio_dim"": 128, ""audio_model_name"": ""facebook/hubert-base-ls960"", ""dropout"": 0.1, ""encoder_mode"": ""paper"", ""freeze_audio_backbone"": false, ""freeze_text_backbone"": false, ""fusion_dim"": 256, ""fusion_mode"": ""gated"", ""fusion_pooling"": ""min"", ""max_audio_len"": 256, ""max_text_len"": 128, ""max_video_len"": 32, ""num_classes"": 7, ""num_heads"": 4, ""num_layers"": 2, ""text_dim"": 256, ""text_model_name"": ""bert-base-uncased"", ""use_video"": true, ""video_dim"": 768, ""vocab_size"": 30000}",/Users/rajeshpmu/Desktop/LegalMemoCMT/data/processed/phase2/clancy/turn_clips/audio/DCBWoWhsTpA/DCBWoWhsTpA_turn06089.wav,OK,,0.481545,0.321992,0.321992,0.382854,3loi/SER-Odyssey-Baseline-WavLM-Multi-Attributes,OK,neu,1.0,speechbrain/emotion-recognition-wav2vec2-IEMOCAP,OK,NO,UNCLEAR,no explicit emotion-target evidence,LOW,LOW,LOW,NEUTRAL_CANDIDATE,neutral,neutral,neutral,0.580000,neutral,0.580000,"audio and courtroom-affect evidence support neutral, but emotion target is unresolved",NO,CALM_COMPOSED,1,low_or_moderate_audio_arousal;speechbrain_neutral
DCBWoWhsTpA_turn06091,DCBWoWhsTpA_turn06091,DCBWoWhsTpA,https://www.youtube.com/live/DCBWoWhsTpA,LIVE: Lindsay Clancy trial Day 14,full_trial_stream,5,/Users/rajeshpmu/Desktop/LegalMemoCMT/data/phase2/clancy/corpus/raw/live-lindsay-clancy-trial-day-14/live-lindsay-clancy-trial-day-14_DCBWoWhsTpA.en.vtt,/Users/rajeshpmu/Desktop/LegalMemoCMT/data/processed/phase2/clancy/turn_clips/video/DCBWoWhsTpA/DCBWoWhsTpA_turn06091.mp4,/Users/rajeshpmu/Desktop/LegalMemoCMT/data/processed/phase2/clancy/turn_clips/audio/DCBWoWhsTpA/DCBWoWhsTpA_turn06091.wav,DCBWoWhsTpA,group_by_youtube_id,dev,neutral,text_keyword_heuristic,LOW,YES,comparable Phase 1 and audio categorical outputs agree or audio class is not comparable,YES,Correct. what application was on screen at the time?,Correct. what application was on screen at the time?,00:44:12.955,00:44:15.313,2.358,2.358,marker,MEDIUM,1,5,"DCBWoWhsTpA_utt01931#p02,DCBWoWhsTpA_utt01932#p01,DCBWoWhsTpA_utt01933#p01,DCBWoWhsTpA_utt01934#p01,DCBWoWhsTpA_utt01935#p01","DCBWoWhsTpA_utt01931,DCBWoWhsTpA_utt01932,DCBWoWhsTpA_utt01933,DCBWoWhsTpA_utt01934,DCBWoWhsTpA_utt01935",5,/Users/rajeshpmu/Desktop/LegalMemoCMT/data/phase2/clancy/corpus/raw/live-lindsay-clancy-trial-day-14/live-lindsay-clancy-trial-day-14_DCBWoWhsTpA.mp4,/Users/rajeshpmu/Desktop/LegalMemoCMT/data/phase2/clancy/corpus/raw/live-lindsay-clancy-trial-day-14/live-lindsay-clancy-trial-day-14_DCBWoWhsTpA.wav,/Users/rajeshpmu/Desktop/LegalMemoCMT/data/processed/phase2/clancy/turn_clips/video/DCBWoWhsTpA/DCBWoWhsTpA_turn06091.mp4,/Users/rajeshpmu/Desktop/LegalMemoCMT/data/processed/phase2/clancy/turn_clips/audio/DCBWoWhsTpA/DCBWoWhsTpA_turn06091.wav,2652.955,2655.313,2.358,created,00:44:12.955,00:44:15.313,0.0,default_zero,SPEAKER_18,1.378,pyannote/speaker-diarization-3.1,Witness,manual_verified_diarization,HIGH,YES,SPEAKING,Witness,YES,Witness 15 identified by manual audio/video review,INCLUDE,,YES,speaker_role=Witness,split_dev;usable,"usable because speaker_role=Witness, witness_speaking_status=SPEAKING, clip_status=created, duration=2.358s, and source is not excluded",YES,0.6,HIGH,manual_clip_review,HUMAN_VERIFIED,/Users/rajeshpmu/Desktop/LegalMemoCMT/data/processed/phase2/clancy/turn_clips/video/DCBWoWhsTpA/DCBWoWhsTpA_turn06091.mp4,/Users/rajeshpmu/Desktop/LegalMemoCMT/data/processed/phase2/clancy/vit_facecrop_embeddings/DCBWoWhsTpA/DCBWoWhsTpA_turn06091.npy,created,neutral,0.582739,1.021914,"{""anger"": 0.026851, ""disgust"": 0.326109, ""fear"": 0.009355, ""joy"": 0.040168, ""neutral"": 0.582739, ""sadness"": 0.009612, ""surprise"": 0.005166}",/Users/rajeshpmu/Desktop/LegalMemoCMT/results/facial_cues/meld_vit_facecrop_gated_video_aux/fold_4/best_model.pt,phase1_meld_checkpoint_pseudo_label,"audio,text,video","audio,text,video","{""audio_dim"": 128, ""audio_model_name"": ""facebook/hubert-base-ls960"", ""dropout"": 0.1, ""encoder_mode"": ""paper"", ""freeze_audio_backbone"": false, ""freeze_text_backbone"": false, ""fusion_dim"": 256, ""fusion_mode"": ""gated"", ""fusion_pooling"": ""min"", ""max_audio_len"": 256, ""max_text_len"": 128, ""max_video_len"": 32, ""num_classes"": 7, ""num_heads"": 4, ""num_layers"": 2, ""text_dim"": 256, ""text_model_name"": ""bert-base-uncased"", ""use_video"": true, ""video_dim"": 768, ""vocab_size"": 30000}",/Users/rajeshpmu/Desktop/LegalMemoCMT/data/processed/phase2/clancy/turn_clips/audio/DCBWoWhsTpA/DCBWoWhsTpA_turn06091.wav,OK,,0.453978,0.439486,0.439486,0.49584,3loi/SER-Odyssey-Baseline-WavLM-Multi-Attributes,OK,ang,1.0,speechbrain/emotion-recognition-wav2vec2-IEMOCAP,OK,NO,UNCLEAR,no explicit emotion-target evidence,MEDIUM,LOW,MEDIUM,KEEP_PHASE1_CANDIDATE,neutral,anger,neutral,0.582739,neutral,0.582739,comparable Phase 1 and audio categorical outputs agree or audio class is not comparable,YES,UNKNOWN,,phase1_vs_comparable_audio_disagreement;low_or_moderate_audio_arousal
DCBWoWhsTpA_turn06093,DCBWoWhsTpA_turn06093,DCBWoWhsTpA,https://www.youtube.com/live/DCBWoWhsTpA,LIVE: Lindsay Clancy trial Day 14,full_trial_stream,5,/Users/rajeshpmu/Desktop/LegalMemoCMT/data/phase2/clancy/corpus/raw/live-lindsay-clancy-trial-day-14/live-lindsay-clancy-trial-day-14_DCBWoWhsTpA.en.vtt,/Users/rajeshpmu/Desktop/LegalMemoCMT/data/processed/phase2/clancy/turn_clips/video/DCBWoWhsTpA/DCBWoWhsTpA_turn06093.mp4,/Users/rajeshpmu/Desktop/LegalMemoCMT/data/processed/phase2/clancy/turn_clips/audio/DCBWoWhsTpA/DCBWoWhsTpA_turn06093.wav,DCBWoWhsTpA,group_by_youtube_id,dev,neutral,text_keyword_heuristic,LOW,NO,"calm courtroom presentation with neutral acoustic evidence, low/moderate excitement, and non-self emotion target",YES,It does. That's the the screen that indicates you're in a phone call.,It does. That's the the screen that indicates you're in a phone call.,00:44:24.042,00:44:30.075,6.033,6.033,marker,MEDIUM,1,5,"DCBWoWhsTpA_utt01943#p02,DCBWoWhsTpA_utt01944#p01,DCBWoWhsTpA_utt01945#p01,DCBWoWhsTpA_utt01946#p01,DCBWoWhsTpA_utt01947#p01","DCBWoWhsTpA_utt01943,DCBWoWhsTpA_utt01944,DCBWoWhsTpA_utt01945,DCBWoWhsTpA_utt01946,DCBWoWhsTpA_utt01947",5,/Users/rajeshpmu/Desktop/LegalMemoCMT/data/phase2/clancy/corpus/raw/live-lindsay-clancy-trial-day-14/live-lindsay-clancy-trial-day-14_DCBWoWhsTpA.mp4,/Users/rajeshpmu/Desktop/LegalMemoCMT/data/phase2/clancy/corpus/raw/live-lindsay-clancy-trial-day-14/live-lindsay-clancy-trial-day-14_DCBWoWhsTpA.wav,/Users/rajeshpmu/Desktop/LegalMemoCMT/data/processed/phase2/clancy/turn_clips/video/DCBWoWhsTpA/DCBWoWhsTpA_turn06093.mp4,/Users/rajeshpmu/Desktop/LegalMemoCMT/data/processed/phase2/clancy/turn_clips/audio/DCBWoWhsTpA/DCBWoWhsTpA_turn06093.wav,2664.042,2670.075,6.033,created,00:44:24.042,00:44:30.075,0.0,default_zero,SPEAKER_18,2.391,pyannote/speaker-diarization-3.1,Witness,manual_verified_diarization,HIGH,YES,SPEAKING,Witness,YES,Witness 15 identified by manual audio/video review,INCLUDE,,YES,speaker_role=Witness,split_dev;usable,"usable because speaker_role=Witness, witness_speaking_status=SPEAKING, clip_status=created, duration=6.033s, and source is not excluded",YES,0.6,HIGH,manual_clip_review,HUMAN_VERIFIED,/Users/rajeshpmu/Desktop/LegalMemoCMT/data/processed/phase2/clancy/turn_clips/video/DCBWoWhsTpA/DCBWoWhsTpA_turn06093.mp4,/Users/rajeshpmu/Desktop/LegalMemoCMT/data/processed/phase2/clancy/vit_facecrop_embeddings/DCBWoWhsTpA/DCBWoWhsTpA_turn06093.npy,created,neutral,0.911817,0.431352,"{""anger"": 0.031667, ""disgust"": 0.00574, ""fear"": 0.005254, ""joy"": 0.027033, ""neutral"": 0.911817, ""sadness"": 0.014786, ""surprise"": 0.003703}",/Users/rajeshpmu/Desktop/LegalMemoCMT/results/facial_cues/meld_vit_facecrop_gated_video_aux/fold_4/best_model.pt,phase1_meld_checkpoint_pseudo_label,"audio,text,video","audio,text,video","{""audio_dim"": 128, ""audio_model_name"": ""facebook/hubert-base-ls960"", ""dropout"": 0.1, ""encoder_mode"": ""paper"", ""freeze_audio_backbone"": false, ""freeze_text_backbone"": false, ""fusion_dim"": 256, ""fusion_mode"": ""gated"", ""fusion_pooling"": ""min"", ""max_audio_len"": 256, ""max_text_len"": 128, ""max_video_len"": 32, ""num_classes"": 7, ""num_heads"": 4, ""num_layers"": 2, ""text_dim"": 256, ""text_model_name"": ""bert-base-uncased"", ""use_video"": true, ""video_dim"": 768, ""vocab_size"": 30000}",/Users/rajeshpmu/Desktop/LegalMemoCMT/data/processed/phase2/clancy/turn_clips/audio/DCBWoWhsTpA/DCBWoWhsTpA_turn06093.wav,OK,,0.452815,0.328546,0.328546,0.401384,3loi/SER-Odyssey-Baseline-WavLM-Multi-Attributes,OK,neu,0.999918,speechbrain/emotion-recognition-wav2vec2-IEMOCAP,OK,NO,QUOTED_SPEECH,quote or reported speech marker,LOW,LOW,LOW,NEUTRAL_CANDIDATE,neutral,neutral,neutral,0.720000,neutral,0.720000,"calm courtroom presentation with neutral acoustic evidence, low/moderate excitement, and non-self emotion target",NO,CALM_COMPOSED,1,low_or_moderate_audio_arousal;speechbrain_neutral
DCBWoWhsTpA_turn06095,DCBWoWhsTpA_turn06095,DCBWoWhsTpA,https://www.youtube.com/live/DCBWoWhsTpA,LIVE: Lindsay Clancy trial Day 14,full_trial_stream,5,/Users/rajeshpmu/Desktop/LegalMemoCMT/data/phase2/clancy/corpus/raw/live-lindsay-clancy-trial-day-14/live-lindsay-clancy-trial-day-14_DCBWoWhsTpA.en.vtt,/Users/rajeshpmu/Desktop/LegalMemoCMT/data/processed/phase2/clancy/turn_clips/video/DCBWoWhsTpA/DCBWoWhsTpA_turn06095.mp4,/Users/rajeshpmu/Desktop/LegalMemoCMT/data/processed/phase2/clancy/turn_clips/audio/DCBWoWhsTpA/DCBWoWhsTpA_turn06095.wav,DCBWoWhsTpA,group_by_youtube_id,dev,neutral,text_keyword_heuristic,LOW,NO,"audio and courtroom-affect evidence support neutral, but emotion target is unresolved",YES,"Yeah, Apple Maps was used uh to plan a route from the user's current location uh the home address to a restaurant called 3V","Yeah, Apple Maps was used uh to plan a route from the user's current location uh the home address to a restaurant called 3V",00:44:47.430,00:44:56.221,8.791,8.791,marker,MEDIUM,1,9,"DCBWoWhsTpA_utt01959#p02,DCBWoWhsTpA_utt01960#p01,DCBWoWhsTpA_utt01961#p01,DCBWoWhsTpA_utt01962#p01,DCBWoWhsTpA_utt01963#p01,DCBWoWhsTpA_utt01964#p01,DCBWoWhsTpA_utt01965#p01,DCBWoWhsTpA_utt01966#p01,DCBWoWhsTpA_utt01967#p01","DCBWoWhsTpA_utt01959,DCBWoWhsTpA_utt01960,DCBWoWhsTpA_utt01961,DCBWoWhsTpA_utt01962,DCBWoWhsTpA_utt01963,DCBWoWhsTpA_utt01964,DCBWoWhsTpA_utt01965,DCBWoWhsTpA_utt01966,DCBWoWhsTpA_utt01967",9,/Users/rajeshpmu/Desktop/LegalMemoCMT/data/phase2/clancy/corpus/raw/live-lindsay-clancy-trial-day-14/live-lindsay-clancy-trial-day-14_DCBWoWhsTpA.mp4,/Users/rajeshpmu/Desktop/LegalMemoCMT/data/phase2/clancy/corpus/raw/live-lindsay-clancy-trial-day-14/live-lindsay-clancy-trial-day-14_DCBWoWhsTpA.wav,/Users/rajeshpmu/Desktop/LegalMemoCMT/data/processed/phase2/clancy/turn_clips/video/DCBWoWhsTpA/DCBWoWhsTpA_turn06095.mp4,/Users/rajeshpmu/Desktop/LegalMemoCMT/data/processed/phase2/clancy/turn_clips/audio/DCBWoWhsTpA/DCBWoWhsTpA_turn06095.wav,2687.43,2696.221,8.791,created,00:44:47.430,00:44:56.221,0.0,default_zero,SPEAKER_18,4.13,pyannote/speaker-diarization-3.1,Witness,manual_verified_diarization,HIGH,YES,SPEAKING,Witness,YES,Witness 15 identified by manual audio/video review,INCLUDE,,YES,speaker_role=Witness,split_dev;usable,"usable because speaker_role=Witness, witness_speaking_status=SPEAKING, clip_status=created, duration=8.791s, and source is not excluded",YES,0.6,HIGH,manual_clip_review,HUMAN_VERIFIED,/Users/rajeshpmu/Desktop/LegalMemoCMT/data/processed/phase2/clancy/turn_clips/video/DCBWoWhsTpA/DCBWoWhsTpA_turn06095.mp4,/Users/rajeshpmu/Desktop/LegalMemoCMT/data/processed/phase2/clancy/vit_facecrop_embeddings/DCBWoWhsTpA/DCBWoWhsTpA_turn06095.npy,created,neutral,0.945506,0.295053,"{""anger"": 0.017799, ""disgust"": 0.001896, ""fear"": 0.004716, ""joy"": 0.017913, ""neutral"": 0.945506, ""sadness"": 0.008423, ""surprise"": 0.003746}",/Users/rajeshpmu/Desktop/LegalMemoCMT/results/facial_cues/meld_vit_facecrop_gated_video_aux/fold_4/best_model.pt,phase1_meld_checkpoint_pseudo_label,"audio,text,video","audio,text,video","{""audio_dim"": 128, ""audio_model_name"": ""facebook/hubert-base-ls960"", ""dropout"": 0.1, ""encoder_mode"": ""paper"", ""freeze_audio_backbone"": false, ""freeze_text_backbone"": false, ""fusion_dim"": 256, ""fusion_mode"": ""gated"", ""fusion_pooling"": ""min"", ""max_audio_len"": 256, ""max_text_len"": 128, ""max_video_len"": 32, ""num_classes"": 7, ""num_heads"": 4, ""num_layers"": 2, ""text_dim"": 256, ""text_model_name"": ""bert-base-uncased"", ""use_video"": true, ""video_dim"": 768, ""vocab_size"": 30000}",/Users/rajeshpmu/Desktop/LegalMemoCMT/data/processed/phase2/clancy/turn_clips/audio/DCBWoWhsTpA/DCBWoWhsTpA_turn06095.wav,OK,,0.49655,0.342766,0.342766,0.453071,3loi/SER-Odyssey-Baseline-WavLM-Multi-Attributes,OK,neu,1.0,speechbrain/emotion-recognition-wav2vec2-IEMOCAP,OK,NO,UNCLEAR,no explicit emotion-target evidence,LOW,LOW,LOW,NEUTRAL_CANDIDATE,neutral,neutral,neutral,0.580000,neutral,0.580000,"audio and courtroom-affect evidence support neutral, but emotion target is unresolved",NO,CALM_COMPOSED,1,low_or_moderate_audio_arousal;speechbrain_neutral
DCBWoWhsTpA_turn06099,DCBWoWhsTpA_turn06099,DCBWoWhsTpA,https://www.youtube.com/live/DCBWoWhsTpA,LIVE: Lindsay Clancy trial Day 14,full_trial_stream,5,/Users/rajeshpmu/Desktop/LegalMemoCMT/data/phase2/clancy/corpus/raw/live-lindsay-clancy-trial-day-14/live-lindsay-clancy-trial-day-14_DCBWoWhsTpA.en.vtt,/Users/rajeshpmu/Desktop/LegalMemoCMT/data/processed/phase2/clancy/turn_clips/video/DCBWoWhsTpA/DCBWoWhsTpA_turn06099.mp4,/Users/rajeshpmu/Desktop/LegalMemoCMT/data/processed/phase2/clancy/turn_clips/audio/DCBWoWhsTpA/DCBWoWhsTpA_turn06099.wav,DCBWoWhsTpA,group_by_youtube_id,dev,neutral,text_keyword_heuristic,LOW,NO,"audio and courtroom-affect evidence support neutral, but emotion target is unresolved",YES,Uh yes. So the the last unlock of the device was used for the purposes of viewing Safari uh where PDLX was searched using uh Google,Uh yes. So the the last unlock of the device was used for the purposes of viewing Safari uh where PDLX was searched using uh Google,00:45:06.264,00:45:16.690,10.426,10.426,marker,MEDIUM,1,9,"DCBWoWhsTpA_utt01975#p02,DCBWoWhsTpA_utt01976#p01,DCBWoWhsTpA_utt01977#p01,DCBWoWhsTpA_utt01978#p01,DCBWoWhsTpA_utt01979#p01,DCBWoWhsTpA_utt01980#p01,DCBWoWhsTpA_utt01981#p01,DCBWoWhsTpA_utt01982#p01,DCBWoWhsTpA_utt01983#p01","DCBWoWhsTpA_utt01975,DCBWoWhsTpA_utt01976,DCBWoWhsTpA_utt01977,DCBWoWhsTpA_utt01978,DCBWoWhsTpA_utt01979,DCBWoWhsTpA_utt01980,DCBWoWhsTpA_utt01981,DCBWoWhsTpA_utt01982,DCBWoWhsTpA_utt01983",9,/Users/rajeshpmu/Desktop/LegalMemoCMT/data/phase2/clancy/corpus/raw/live-lindsay-clancy-trial-day-14/live-lindsay-clancy-trial-day-14_DCBWoWhsTpA.mp4,/Users/rajeshpmu/Desktop/LegalMemoCMT/data/phase2/clancy/corpus/raw/live-lindsay-clancy-trial-day-14/live-lindsay-clancy-trial-day-14_DCBWoWhsTpA.wav,/Users/rajeshpmu/Desktop/LegalMemoCMT/data/processed/phase2/clancy/turn_clips/video/DCBWoWhsTpA/DCBWoWhsTpA_turn06099.mp4,/Users/rajeshpmu/Desktop/LegalMemoCMT/data/processed/phase2/clancy/turn_clips/audio/DCBWoWhsTpA/DCBWoWhsTpA_turn06099.wav,2706.264,2716.69,10.426,created,00:45:06.264,00:45:16.690,0.0,default_zero,SPEAKER_18,9.028,pyannote/speaker-diarization-3.1,Witness,manual_verified_diarization,HIGH,YES,SPEAKING,Witness,YES,Witness 15 identified by manual audio/video review,INCLUDE,,YES,speaker_role=Witness,split_dev;usable,"usable because speaker_role=Witness, witness_speaking_status=SPEAKING, clip_status=created, duration=10.426s, and source is not excluded",YES,0.6,HIGH,manual_clip_review,HUMAN_VERIFIED,/Users/rajeshpmu/Desktop/LegalMemoCMT/data/processed/phase2/clancy/turn_clips/video/DCBWoWhsTpA/DCBWoWhsTpA_turn06099.mp4,/Users/rajeshpmu/Desktop/LegalMemoCMT/data/processed/phase2/clancy/vit_facecrop_embeddings/DCBWoWhsTpA/DCBWoWhsTpA_turn06099.npy,created,neutral,0.919039,0.409347,"{""anger"": 0.023065, ""disgust"": 0.005944, ""fear"": 0.005555, ""joy"": 0.028583, ""neutral"": 0.919039, ""sadness"": 0.010261, ""surprise"": 0.007553}",/Users/rajeshpmu/Desktop/LegalMemoCMT/results/facial_cues/meld_vit_facecrop_gated_video_aux/fold_4/best_model.pt,phase1_meld_checkpoint_pseudo_label,"audio,text,video","audio,text,video","{""audio_dim"": 128, ""audio_model_name"": ""facebook/hubert-base-ls960"", ""dropout"": 0.1, ""encoder_mode"": ""paper"", ""freeze_audio_backbone"": false, ""freeze_text_backbone"": false, ""fusion_dim"": 256, ""fusion_mode"": ""gated"", ""fusion_pooling"": ""min"", ""max_audio_len"": 256, ""max_text_len"": 128, ""max_video_len"": 32, ""num_classes"": 7, ""num_heads"": 4, ""num_layers"": 2, ""text_dim"": 256, ""text_model_name"": ""bert-base-uncased"", ""use_video"": true, ""video_dim"": 768, ""vocab_size"": 30000}",/Users/rajeshpmu/Desktop/LegalMemoCMT/data/processed/phase2/clancy/turn_clips/audio/DCBWoWhsTpA/DCBWoWhsTpA_turn06099.wav,OK,,0.434443,0.325892,0.325892,0.420083,3loi/SER-Odyssey-Baseline-WavLM-Multi-Attributes,OK,neu,1.0,speechbrain/emotion-recognition-wav2vec2-IEMOCAP,OK,NO,UNCLEAR,no explicit emotion-target evidence,LOW,LOW,LOW,NEUTRAL_CANDIDATE,neutral,neutral,neutral,0.580000,neutral,0.580000,"audio and courtroom-affect evidence support neutral, but emotion target is unresolved",NO,CALM_COMPOSED,1,low_or_moderate_audio_arousal;speechbrain_neutral
DCBWoWhsTpA_turn06101,DCBWoWhsTpA_turn06101,DCBWoWhsTpA,https://www.youtube.com/live/DCBWoWhsTpA,LIVE: Lindsay Clancy trial Day 14,full_trial_stream,5,/Users/rajeshpmu/Desktop/LegalMemoCMT/data/phase2/clancy/corpus/raw/live-lindsay-clancy-trial-day-14/live-lindsay-clancy-trial-day-14_DCBWoWhsTpA.en.vtt,/Users/rajeshpmu/Desktop/LegalMemoCMT/data/processed/phase2/clancy/turn_clips/video/DCBWoWhsTpA/DCBWoWhsTpA_turn06101.mp4,/Users/rajeshpmu/Desktop/LegalMemoCMT/data/processed/phase2/clancy/turn_clips/audio/DCBWoWhsTpA/DCBWoWhsTpA_turn06101.wav,DCBWoWhsTpA,group_by_youtube_id,dev,neutral,text_keyword_heuristic,LOW,NO,"audio and courtroom-affect evidence support neutral, but emotion target is unresolved",YES,at the same time uh or in that same device usage uh so the device was unlocked Safari was used to search PLAX and then the messaging application was opened to send a message to to Patrick saying PDLax liquid stool softener And that was at 5:15 p.m.,at the same time uh or in that same device usage uh so the device was unlocked Safari was used to search PLAX and then the messaging application was opened to send a message to to Patrick saying PDLax liquid stool softener And that was at 5:15 p.m.,00:45:20.015,00:45:42.888,22.873,22.873,marker,MEDIUM,1,15,"DCBWoWhsTpA_utt01989#p02,DCBWoWhsTpA_utt01990#p01,DCBWoWhsTpA_utt01991#p01,DCBWoWhsTpA_utt01992#p01,DCBWoWhsTpA_utt01993#p01,DCBWoWhsTpA_utt01994#p01,DCBWoWhsTpA_utt01995#p01,DCBWoWhsTpA_utt01996#p01,DCBWoWhsTpA_utt01997#p01,DCBWoWhsTpA_utt01998#p01,DCBWoWhsTpA_utt01999#p01,DCBWoWhsTpA_utt02000#p01,DCBWoWhsTpA_utt02001#p01,DCBWoWhsTpA_utt02002#p01,DCBWoWhsTpA_utt02003#p01","DCBWoWhsTpA_utt01989,DCBWoWhsTpA_utt01990,DCBWoWhsTpA_utt01991,DCBWoWhsTpA_utt01992,DCBWoWhsTpA_utt01993,DCBWoWhsTpA_utt01994,DCBWoWhsTpA_utt01995,DCBWoWhsTpA_utt01996,DCBWoWhsTpA_utt01997,DCBWoWhsTpA_utt01998,DCBWoWhsTpA_utt01999,DCBWoWhsTpA_utt02000,DCBWoWhsTpA_utt02001,DCBWoWhsTpA_utt02002,DCBWoWhsTpA_utt02003",15,/Users/rajeshpmu/Desktop/LegalMemoCMT/data/phase2/clancy/corpus/raw/live-lindsay-clancy-trial-day-14/live-lindsay-clancy-trial-day-14_DCBWoWhsTpA.mp4,/Users/rajeshpmu/Desktop/LegalMemoCMT/data/phase2/clancy/corpus/raw/live-lindsay-clancy-trial-day-14/live-lindsay-clancy-trial-day-14_DCBWoWhsTpA.wav,/Users/rajeshpmu/Desktop/LegalMemoCMT/data/processed/phase2/clancy/turn_clips/video/DCBWoWhsTpA/DCBWoWhsTpA_turn06101.mp4,/Users/rajeshpmu/Desktop/LegalMemoCMT/data/processed/phase2/clancy/turn_clips/audio/DCBWoWhsTpA/DCBWoWhsTpA_turn06101.wav,2720.015,2742.888,22.873,created,00:45:20.015,00:45:42.888,0.0,default_zero,SPEAKER_18,15.234,pyannote/speaker-diarization-3.1,Witness,manual_verified_diarization,HIGH,YES,SPEAKING,Witness,YES,Witness 15 identified by manual audio/video review,INCLUDE,,YES,speaker_role=Witness,split_dev;usable,"usable because speaker_role=Witness, witness_speaking_status=SPEAKING, clip_status=created, duration=22.873s, and source is not excluded",YES,0.6,HIGH,manual_clip_review,HUMAN_VERIFIED,/Users/rajeshpmu/Desktop/LegalMemoCMT/data/processed/phase2/clancy/turn_clips/video/DCBWoWhsTpA/DCBWoWhsTpA_turn06101.mp4,/Users/rajeshpmu/Desktop/LegalMemoCMT/data/processed/phase2/clancy/vit_facecrop_embeddings/DCBWoWhsTpA/DCBWoWhsTpA_turn06101.npy,created,neutral,0.836309,0.705365,"{""anger"": 0.023129, ""disgust"": 0.007265, ""fear"": 0.018789, ""joy"": 0.067175, ""neutral"": 0.836309, ""sadness"": 0.020972, ""surprise"": 0.026361}",/Users/rajeshpmu/Desktop/LegalMemoCMT/results/facial_cues/meld_vit_facecrop_gated_video_aux/fold_4/best_model.pt,phase1_meld_checkpoint_pseudo_label,"audio,text,video","audio,text,video","{""audio_dim"": 128, ""audio_model_name"": ""facebook/hubert-base-ls960"", ""dropout"": 0.1, ""encoder_mode"": ""paper"", ""freeze_audio_backbone"": false, ""freeze_text_backbone"": false, ""fusion_dim"": 256, ""fusion_mode"": ""gated"", ""fusion_pooling"": ""min"", ""max_audio_len"": 256, ""max_text_len"": 128, ""max_video_len"": 32, ""num_classes"": 7, ""num_heads"": 4, ""num_layers"": 2, ""text_dim"": 256, ""text_model_name"": ""bert-base-uncased"", ""use_video"": true, ""video_dim"": 768, ""vocab_size"": 30000}",/Users/rajeshpmu/Desktop/LegalMemoCMT/data/processed/phase2/clancy/turn_clips/audio/DCBWoWhsTpA/DCBWoWhsTpA_turn06101.wav,OK,,0.458079,0.389544,0.389544,0.471622,3loi/SER-Odyssey-Baseline-WavLM-Multi-Attributes,OK,neu,1.0,speechbrain/emotion-recognition-wav2vec2-IEMOCAP,OK,NO,UNCLEAR,no explicit emotion-target evidence,LOW,LOW,LOW,NEUTRAL_CANDIDATE,neutral,neutral,neutral,0.580000,neutral,0.580000,"audio and courtroom-affect evidence support neutral, but emotion target is unresolved",NO,CALM_COMPOSED,1,low_or_moderate_audio_arousal;speechbrain_neutral
DCBWoWhsTpA_turn06115,DCBWoWhsTpA_turn06115,DCBWoWhsTpA,https://www.youtube.com/live/DCBWoWhsTpA,LIVE: Lindsay Clancy trial Day 14,full_trial_stream,5,/Users/rajeshpmu/Desktop/LegalMemoCMT/data/phase2/clancy/corpus/raw/live-lindsay-clancy-trial-day-14/live-lindsay-clancy-trial-day-14_DCBWoWhsTpA.en.vtt,/Users/rajeshpmu/Desktop/LegalMemoCMT/data/processed/phase2/clancy/turn_clips/video/DCBWoWhsTpA/DCBWoWhsTpA_turn06115.mp4,/Users/rajeshpmu/Desktop/LegalMemoCMT/data/processed/phase2/clancy/turn_clips/audio/DCBWoWhsTpA/DCBWoWhsTpA_turn06115.wav,DCBWoWhsTpA,group_by_youtube_id,dev,neutral,text_keyword_heuristic,LOW,YES,comparable Phase 1 and audio categorical outputs agree or audio class is not comparable,YES,Correct. So two flight climbs occurred during that time period.,Correct. So two flight climbs occurred during that time period.,00:48:20.428,00:48:23.843,3.415,3.415,marker,MEDIUM,1,5,"DCBWoWhsTpA_utt02105#p02,DCBWoWhsTpA_utt02106#p01,DCBWoWhsTpA_utt02107#p01,DCBWoWhsTpA_utt02108#p01,DCBWoWhsTpA_utt02109#p01","DCBWoWhsTpA_utt02105,DCBWoWhsTpA_utt02106,DCBWoWhsTpA_utt02107,DCBWoWhsTpA_utt02108,DCBWoWhsTpA_utt02109",5,/Users/rajeshpmu/Desktop/LegalMemoCMT/data/phase2/clancy/corpus/raw/live-lindsay-clancy-trial-day-14/live-lindsay-clancy-trial-day-14_DCBWoWhsTpA.mp4,/Users/rajeshpmu/Desktop/LegalMemoCMT/data/phase2/clancy/corpus/raw/live-lindsay-clancy-trial-day-14/live-lindsay-clancy-trial-day-14_DCBWoWhsTpA.wav,/Users/rajeshpmu/Desktop/LegalMemoCMT/data/processed/phase2/clancy/turn_clips/video/DCBWoWhsTpA/DCBWoWhsTpA_turn06115.mp4,/Users/rajeshpmu/Desktop/LegalMemoCMT/data/processed/phase2/clancy/turn_clips/audio/DCBWoWhsTpA/DCBWoWhsTpA_turn06115.wav,2900.428,2903.843,3.415,created,00:48:20.428,00:48:23.843,0.0,default_zero,SPEAKER_18,2.17,pyannote/speaker-diarization-3.1,Witness,manual_verified_diarization,HIGH,YES,SPEAKING,Witness,YES,Witness 15 identified by manual audio/video review,INCLUDE,,YES,speaker_role=Witness,split_dev;usable,"usable because speaker_role=Witness, witness_speaking_status=SPEAKING, clip_status=created, duration=3.415s, and source is not excluded",YES,0.6,HIGH,manual_clip_review,HUMAN_VERIFIED,/Users/rajeshpmu/Desktop/LegalMemoCMT/data/processed/phase2/clancy/turn_clips/video/DCBWoWhsTpA/DCBWoWhsTpA_turn06115.mp4,/Users/rajeshpmu/Desktop/LegalMemoCMT/data/processed/phase2/clancy/vit_facecrop_embeddings/DCBWoWhsTpA/DCBWoWhsTpA_turn06115.npy,created,neutral,0.87119,0.568639,"{""anger"": 0.028739, ""disgust"": 0.056885, ""fear"": 0.00755, ""joy"": 0.025765, ""neutral"": 0.87119, ""sadness"": 0.005836, ""surprise"": 0.004035}",/Users/rajeshpmu/Desktop/LegalMemoCMT/results/facial_cues/meld_vit_facecrop_gated_video_aux/fold_4/best_model.pt,phase1_meld_checkpoint_pseudo_label,"audio,text,video","audio,text,video","{""audio_dim"": 128, ""audio_model_name"": ""facebook/hubert-base-ls960"", ""dropout"": 0.1, ""encoder_mode"": ""paper"", ""freeze_audio_backbone"": false, ""freeze_text_backbone"": false, ""fusion_dim"": 256, ""fusion_mode"": ""gated"", ""fusion_pooling"": ""min"", ""max_audio_len"": 256, ""max_text_len"": 128, ""max_video_len"": 32, ""num_classes"": 7, ""num_heads"": 4, ""num_layers"": 2, ""text_dim"": 256, ""text_model_name"": ""bert-base-uncased"", ""use_video"": true, ""video_dim"": 768, ""vocab_size"": 30000}",/Users/rajeshpmu/Desktop/LegalMemoCMT/data/processed/phase2/clancy/turn_clips/audio/DCBWoWhsTpA/DCBWoWhsTpA_turn06115.wav,OK,,0.415428,0.326056,0.326056,0.414362,3loi/SER-Odyssey-Baseline-WavLM-Multi-Attributes,OK,ang,0.999841,speechbrain/emotion-recognition-wav2vec2-IEMOCAP,OK,NO,UNCLEAR,no explicit emotion-target evidence,HIGH,LOW,HIGH,KEEP_PHASE1_CANDIDATE,neutral,anger,neutral,0.871190,neutral,0.871190,comparable Phase 1 and audio categorical outputs agree or audio class is not comparable,YES,UNKNOWN,,phase1_vs_comparable_audio_disagreement;low_or_moderate_audio_arousal
DCBWoWhsTpA_turn06119,DCBWoWhsTpA_turn06119,DCBWoWhsTpA,https://www.youtube.com/live/DCBWoWhsTpA,LIVE: Lindsay Clancy trial Day 14,full_trial_stream,5,/Users/rajeshpmu/Desktop/LegalMemoCMT/data/phase2/clancy/corpus/raw/live-lindsay-clancy-trial-day-14/live-lindsay-clancy-trial-day-14_DCBWoWhsTpA.en.vtt,/Users/rajeshpmu/Desktop/LegalMemoCMT/data/processed/phase2/clancy/turn_clips/video/DCBWoWhsTpA/DCBWoWhsTpA_turn06119.mp4,/Users/rajeshpmu/Desktop/LegalMemoCMT/data/processed/phase2/clancy/turn_clips/audio/DCBWoWhsTpA/DCBWoWhsTpA_turn06119.wav,DCBWoWhsTpA,group_by_youtube_id,dev,neutral,text_keyword_heuristic,LOW,NO,"calm courtroom presentation with neutral acoustic evidence, low/moderate excitement, and non-self emotion target",YES,"Uh so flight climb started uh is how it's listed within the database and within the software. Uh but it actually the flight climb time is when the flight climb has been recognized by the device as the device has already uh climbed up those stairs. So even though it says flight climb started, that's that's technically the time that the flight climb uh or the first flight climb had ended.","Uh so flight climb started uh is how it's listed within the database and within the software. Uh but it actually the flight climb time is when the flight climb has been recognized by the device as the device has already uh climbed up those stairs. So even though it says flight climb started, that's that's technically the time that the flight climb uh or the first flight climb had ended.",00:48:47.182,00:49:12.492,25.31,25.31,marker,MEDIUM,1,23,"DCBWoWhsTpA_utt02131#p02,DCBWoWhsTpA_utt02132#p01,DCBWoWhsTpA_utt02133#p01,DCBWoWhsTpA_utt02134#p01,DCBWoWhsTpA_utt02135#p01,DCBWoWhsTpA_utt02136#p01,DCBWoWhsTpA_utt02137#p01,DCBWoWhsTpA_utt02138#p01,DCBWoWhsTpA_utt02139#p01,DCBWoWhsTpA_utt02140#p01,DCBWoWhsTpA_utt02141#p01,DCBWoWhsTpA_utt02142#p01,DCBWoWhsTpA_utt02143#p01,DCBWoWhsTpA_utt02144#p01,DCBWoWhsTpA_utt02145#p01,DCBWoWhsTpA_utt02146#p01,DCBWoWhsTpA_utt02147#p01,DCBWoWhsTpA_utt02148#p01,DCBWoWhsTpA_utt02149#p01,DCBWoWhsTpA_utt02150#p01,DCBWoWhsTpA_utt02151#p01,DCBWoWhsTpA_utt02152#p01,DCBWoWhsTpA_utt02153#p01","DCBWoWhsTpA_utt02131,DCBWoWhsTpA_utt02132,DCBWoWhsTpA_utt02133,DCBWoWhsTpA_utt02134,DCBWoWhsTpA_utt02135,DCBWoWhsTpA_utt02136,DCBWoWhsTpA_utt02137,DCBWoWhsTpA_utt02138,DCBWoWhsTpA_utt02139,DCBWoWhsTpA_utt02140,DCBWoWhsTpA_utt02141,DCBWoWhsTpA_utt02142,DCBWoWhsTpA_utt02143,DCBWoWhsTpA_utt02144,DCBWoWhsTpA_utt02145,DCBWoWhsTpA_utt02146,DCBWoWhsTpA_utt02147,DCBWoWhsTpA_utt02148,DCBWoWhsTpA_utt02149,DCBWoWhsTpA_utt02150,DCBWoWhsTpA_utt02151,DCBWoWhsTpA_utt02152,DCBWoWhsTpA_utt02153",23,/Users/rajeshpmu/Desktop/LegalMemoCMT/data/phase2/clancy/corpus/raw/live-lindsay-clancy-trial-day-14/live-lindsay-clancy-trial-day-14_DCBWoWhsTpA.mp4,/Users/rajeshpmu/Desktop/LegalMemoCMT/data/phase2/clancy/corpus/raw/live-lindsay-clancy-trial-day-14/live-lindsay-clancy-trial-day-14_DCBWoWhsTpA.wav,/Users/rajeshpmu/Desktop/LegalMemoCMT/data/processed/phase2/clancy/turn_clips/video/DCBWoWhsTpA/DCBWoWhsTpA_turn06119.mp4,/Users/rajeshpmu/Desktop/LegalMemoCMT/data/processed/phase2/clancy/turn_clips/audio/DCBWoWhsTpA/DCBWoWhsTpA_turn06119.wav,2927.182,2952.492,25.31,created,00:48:47.182,00:49:12.492,0.0,default_zero,SPEAKER_18,20.908,pyannote/speaker-diarization-3.1,Witness,manual_verified_diarization,HIGH,YES,SPEAKING,Witness,YES,Witness 15 identified by manual audio/video review,INCLUDE,,YES,speaker_role=Witness,split_dev;usable,"usable because speaker_role=Witness, witness_speaking_status=SPEAKING, clip_status=created, duration=25.310s, and source is not excluded",YES,0.6,HIGH,manual_clip_review,HUMAN_VERIFIED,/Users/rajeshpmu/Desktop/LegalMemoCMT/data/processed/phase2/clancy/turn_clips/video/DCBWoWhsTpA/DCBWoWhsTpA_turn06119.mp4,/Users/rajeshpmu/Desktop/LegalMemoCMT/data/processed/phase2/clancy/vit_facecrop_embeddings/DCBWoWhsTpA/DCBWoWhsTpA_turn06119.npy,created,neutral,0.583167,1.316517,"{""anger"": 0.089841, ""disgust"": 0.035013, ""fear"": 0.014252, ""joy"": 0.116491, ""neutral"": 0.583167, ""sadness"": 0.139958, ""surprise"": 0.021278}",/Users/rajeshpmu/Desktop/LegalMemoCMT/results/facial_cues/meld_vit_facecrop_gated_video_aux/fold_4/best_model.pt,phase1_meld_checkpoint_pseudo_label,"audio,text,video","audio,text,video","{""audio_dim"": 128, ""audio_model_name"": ""facebook/hubert-base-ls960"", ""dropout"": 0.1, ""encoder_mode"": ""paper"", ""freeze_audio_backbone"": false, ""freeze_text_backbone"": false, ""fusion_dim"": 256, ""fusion_mode"": ""gated"", ""fusion_pooling"": ""min"", ""max_audio_len"": 256, ""max_text_len"": 128, ""max_video_len"": 32, ""num_classes"": 7, ""num_heads"": 4, ""num_layers"": 2, ""text_dim"": 256, ""text_model_name"": ""bert-base-uncased"", ""use_video"": true, ""video_dim"": 768, ""vocab_size"": 30000}",/Users/rajeshpmu/Desktop/LegalMemoCMT/data/processed/phase2/clancy/turn_clips/audio/DCBWoWhsTpA/DCBWoWhsTpA_turn06119.wav,OK,,0.530652,0.379552,0.379552,0.479819,3loi/SER-Odyssey-Baseline-WavLM-Multi-Attributes,OK,neu,1.0,speechbrain/emotion-recognition-wav2vec2-IEMOCAP,OK,NO,QUOTED_SPEECH,quote or reported speech marker,LOW,LOW,LOW,NEUTRAL_CANDIDATE,neutral,neutral,neutral,0.720000,neutral,0.720000,"calm courtroom presentation with neutral acoustic evidence, low/moderate excitement, and non-self emotion target",NO,CALM_COMPOSED,1,low_or_moderate_audio_arousal;speechbrain_neutral
DCBWoWhsTpA_turn06121,DCBWoWhsTpA_turn06121,DCBWoWhsTpA,https://www.youtube.com/live/DCBWoWhsTpA,LIVE: Lindsay Clancy trial Day 14,full_trial_stream,5,/Users/rajeshpmu/Desktop/LegalMemoCMT/data/phase2/clancy/corpus/raw/live-lindsay-clancy-trial-day-14/live-lindsay-clancy-trial-day-14_DCBWoWhsTpA.en.vtt,/Users/rajeshpmu/Desktop/LegalMemoCMT/data/processed/phase2/clancy/turn_clips/video/DCBWoWhsTpA/DCBWoWhsTpA_turn06121.mp4,/Users/rajeshpmu/Desktop/LegalMemoCMT/data/processed/phase2/clancy/turn_clips/audio/DCBWoWhsTpA/DCBWoWhsTpA_turn06121.wav,DCBWoWhsTpA,group_by_youtube_id,dev,neutral,text_keyword_heuristic,LOW,NO,"audio and courtroom-affect evidence support neutral, but emotion target is unresolved",YES,"Yes, that that indicates the phone has now realized I'm 3 m higher than I was the last time I checked. Uh therefore a flight climb has already been completed at that point","Yes, that that indicates the phone has now realized I'm 3 m higher than I was the last time I checked. Uh therefore a flight climb has already been completed at that point",00:49:23.896,00:49:34.375,10.479,10.479,marker,MEDIUM,1,11,"DCBWoWhsTpA_utt02163#p02,DCBWoWhsTpA_utt02164#p01,DCBWoWhsTpA_utt02165#p01,DCBWoWhsTpA_utt02166#p01,DCBWoWhsTpA_utt02167#p01,DCBWoWhsTpA_utt02168#p01,DCBWoWhsTpA_utt02169#p01,DCBWoWhsTpA_utt02170#p01,DCBWoWhsTpA_utt02171#p01,DCBWoWhsTpA_utt02172#p01,DCBWoWhsTpA_utt02173#p01","DCBWoWhsTpA_utt02163,DCBWoWhsTpA_utt02164,DCBWoWhsTpA_utt02165,DCBWoWhsTpA_utt02166,DCBWoWhsTpA_utt02167,DCBWoWhsTpA_utt02168,DCBWoWhsTpA_utt02169,DCBWoWhsTpA_utt02170,DCBWoWhsTpA_utt02171,DCBWoWhsTpA_utt02172,DCBWoWhsTpA_utt02173",11,/Users/rajeshpmu/Desktop/LegalMemoCMT/data/phase2/clancy/corpus/raw/live-lindsay-clancy-trial-day-14/live-lindsay-clancy-trial-day-14_DCBWoWhsTpA.mp4,/Users/rajeshpmu/Desktop/LegalMemoCMT/data/phase2/clancy/corpus/raw/live-lindsay-clancy-trial-day-14/live-lindsay-clancy-trial-day-14_DCBWoWhsTpA.wav,/Users/rajeshpmu/Desktop/LegalMemoCMT/data/processed/phase2/clancy/turn_clips/video/DCBWoWhsTpA/DCBWoWhsTpA_turn06121.mp4,/Users/rajeshpmu/Desktop/LegalMemoCMT/data/processed/phase2/clancy/turn_clips/audio/DCBWoWhsTpA/DCBWoWhsTpA_turn06121.wav,2963.896,2974.375,10.479,created,00:49:23.896,00:49:34.375,0.0,default_zero,SPEAKER_18,3.46,pyannote/speaker-diarization-3.1,Witness,manual_verified_diarization,HIGH,YES,SPEAKING,Witness,YES,Witness 15 identified by manual audio/video review,INCLUDE,,YES,speaker_role=Witness,split_dev;usable,"usable because speaker_role=Witness, witness_speaking_status=SPEAKING, clip_status=created, duration=10.479s, and source is not excluded",YES,0.6,HIGH,manual_clip_review,HUMAN_VERIFIED,/Users/rajeshpmu/Desktop/LegalMemoCMT/data/processed/phase2/clancy/turn_clips/video/DCBWoWhsTpA/DCBWoWhsTpA_turn06121.mp4,/Users/rajeshpmu/Desktop/LegalMemoCMT/data/processed/phase2/clancy/vit_facecrop_embeddings/DCBWoWhsTpA/DCBWoWhsTpA_turn06121.npy,created,neutral,0.500415,1.482497,"{""anger"": 0.102793, ""disgust"": 0.081411, ""fear"": 0.020002, ""joy"": 0.156206, ""neutral"": 0.500415, ""sadness"": 0.120275, ""surprise"": 0.018898}",/Users/rajeshpmu/Desktop/LegalMemoCMT/results/facial_cues/meld_vit_facecrop_gated_video_aux/fold_4/best_model.pt,phase1_meld_checkpoint_pseudo_label,"audio,text,video","audio,text,video","{""audio_dim"": 128, ""audio_model_name"": ""facebook/hubert-base-ls960"", ""dropout"": 0.1, ""encoder_mode"": ""paper"", ""freeze_audio_backbone"": false, ""freeze_text_backbone"": false, ""fusion_dim"": 256, ""fusion_mode"": ""gated"", ""fusion_pooling"": ""min"", ""max_audio_len"": 256, ""max_text_len"": 128, ""max_video_len"": 32, ""num_classes"": 7, ""num_heads"": 4, ""num_layers"": 2, ""text_dim"": 256, ""text_model_name"": ""bert-base-uncased"", ""use_video"": true, ""video_dim"": 768, ""vocab_size"": 30000}",/Users/rajeshpmu/Desktop/LegalMemoCMT/data/processed/phase2/clancy/turn_clips/audio/DCBWoWhsTpA/DCBWoWhsTpA_turn06121.wav,OK,,0.437964,0.393314,0.393314,0.478474,3loi/SER-Odyssey-Baseline-WavLM-Multi-Attributes,OK,neu,1.0,speechbrain/emotion-recognition-wav2vec2-IEMOCAP,OK,NO,UNCLEAR,no explicit emotion-target evidence,LOW,LOW,LOW,NEUTRAL_CANDIDATE,neutral,neutral,neutral,0.580000,neutral,0.580000,"audio and courtroom-affect evidence support neutral, but emotion target is unresolved",NO,CALM_COMPOSED,1,low_or_moderate_audio_arousal;speechbrain_neutral
DCBWoWhsTpA_turn06148,DCBWoWhsTpA_turn06148,DCBWoWhsTpA,https://www.youtube.com/live/DCBWoWhsTpA,LIVE: Lindsay Clancy trial Day 14,full_trial_stream,5,/Users/rajeshpmu/Desktop/LegalMemoCMT/data/phase2/clancy/corpus/raw/live-lindsay-clancy-trial-day-14/live-lindsay-clancy-trial-day-14_DCBWoWhsTpA.en.vtt,/Users/rajeshpmu/Desktop/LegalMemoCMT/data/processed/phase2/clancy/turn_clips/video/DCBWoWhsTpA/DCBWoWhsTpA_turn06148.mp4,/Users/rajeshpmu/Desktop/LegalMemoCMT/data/processed/phase2/clancy/turn_clips/audio/DCBWoWhsTpA/DCBWoWhsTpA_turn06148.wav,DCBWoWhsTpA,group_by_youtube_id,dev,neutral,text_keyword_heuristic,LOW,NO,"audio and courtroom-affect evidence support neutral, but emotion target is unresolved",YES,"Okay. Now, if you have an Apple Watch and you and you test it or you examine it, would you be able to determine what information was actually recorded by the watch while the person was wearing it? Yes, the information that's recorded within the Apple Health database does specify whether it uh whether the information comes from the watch uh the phone or from a different device.","Okay. Now, if you have an Apple Watch and you and you test it or you examine it, would you be able to determine what information was actually recorded by the watch while the person was wearing it? Yes, the information that's recorded within the Apple Health database does specify whether it uh whether the information comes from the watch uh the phone or from a different device.",00:54:51.595,00:55:16.235,24.64,24.64,marker,MEDIUM,1,21,"DCBWoWhsTpA_utt02333#p02,DCBWoWhsTpA_utt02334#p01,DCBWoWhsTpA_utt02335#p01,DCBWoWhsTpA_utt02336#p01,DCBWoWhsTpA_utt02337#p01,DCBWoWhsTpA_utt02338#p01,DCBWoWhsTpA_utt02339#p01,DCBWoWhsTpA_utt02340#p01,DCBWoWhsTpA_utt02341#p01,DCBWoWhsTpA_utt02342#p01,DCBWoWhsTpA_utt02343#p01,DCBWoWhsTpA_utt02344#p01,DCBWoWhsTpA_utt02345#p01,DCBWoWhsTpA_utt02346#p01,DCBWoWhsTpA_utt02347#p01,DCBWoWhsTpA_utt02348#p01,DCBWoWhsTpA_utt02349#p01,DCBWoWhsTpA_utt02350#p01,DCBWoWhsTpA_utt02351#p01,DCBWoWhsTpA_utt02352#p01,DCBWoWhsTpA_utt02353#p01","DCBWoWhsTpA_utt02333,DCBWoWhsTpA_utt02334,DCBWoWhsTpA_utt02335,DCBWoWhsTpA_utt02336,DCBWoWhsTpA_utt02337,DCBWoWhsTpA_utt02338,DCBWoWhsTpA_utt02339,DCBWoWhsTpA_utt02340,DCBWoWhsTpA_utt02341,DCBWoWhsTpA_utt02342,DCBWoWhsTpA_utt02343,DCBWoWhsTpA_utt02344,DCBWoWhsTpA_utt02345,DCBWoWhsTpA_utt02346,DCBWoWhsTpA_utt02347,DCBWoWhsTpA_utt02348,DCBWoWhsTpA_utt02349,DCBWoWhsTpA_utt02350,DCBWoWhsTpA_utt02351,DCBWoWhsTpA_utt02352,DCBWoWhsTpA_utt02353",21,/Users/rajeshpmu/Desktop/LegalMemoCMT/data/phase2/clancy/corpus/raw/live-lindsay-clancy-trial-day-14/live-lindsay-clancy-trial-day-14_DCBWoWhsTpA.mp4,/Users/rajeshpmu/Desktop/LegalMemoCMT/data/phase2/clancy/corpus/raw/live-lindsay-clancy-trial-day-14/live-lindsay-clancy-trial-day-14_DCBWoWhsTpA.wav,/Users/rajeshpmu/Desktop/LegalMemoCMT/data/processed/phase2/clancy/turn_clips/video/DCBWoWhsTpA/DCBWoWhsTpA_turn06148.mp4,/Users/rajeshpmu/Desktop/LegalMemoCMT/data/processed/phase2/clancy/turn_clips/audio/DCBWoWhsTpA/DCBWoWhsTpA_turn06148.wav,3291.595,3316.235,24.64,created,00:54:51.595,00:55:16.235,0.0,default_zero,SPEAKER_18,9.433,pyannote/speaker-diarization-3.1,Witness,manual_verified_diarization,HIGH,YES,SPEAKING,Witness,YES,Witness 15 identified by manual audio/video review,INCLUDE,,YES,speaker_role=Witness,split_dev;usable,"usable because speaker_role=Witness, witness_speaking_status=SPEAKING, clip_status=created, duration=24.640s, and source is not excluded",YES,0.6,HIGH,manual_clip_review,HUMAN_VERIFIED,/Users/rajeshpmu/Desktop/LegalMemoCMT/data/processed/phase2/clancy/turn_clips/video/DCBWoWhsTpA/DCBWoWhsTpA_turn06148.mp4,/Users/rajeshpmu/Desktop/LegalMemoCMT/data/processed/phase2/clancy/vit_facecrop_embeddings/DCBWoWhsTpA/DCBWoWhsTpA_turn06148.npy,created,neutral,0.920971,0.40239,"{""anger"": 0.023625, ""disgust"": 0.006057, ""fear"": 0.004974, ""joy"": 0.026262, ""neutral"": 0.920971, ""sadness"": 0.008712, ""surprise"": 0.0094}",/Users/rajeshpmu/Desktop/LegalMemoCMT/results/facial_cues/meld_vit_facecrop_gated_video_aux/fold_4/best_model.pt,phase1_meld_checkpoint_pseudo_label,"audio,text,video","audio,text,video","{""audio_dim"": 128, ""audio_model_name"": ""facebook/hubert-base-ls960"", ""dropout"": 0.1, ""encoder_mode"": ""paper"", ""freeze_audio_backbone"": false, ""freeze_text_backbone"": false, ""fusion_dim"": 256, ""fusion_mode"": ""gated"", ""fusion_pooling"": ""min"", ""max_audio_len"": 256, ""max_text_len"": 128, ""max_video_len"": 32, ""num_classes"": 7, ""num_heads"": 4, ""num_layers"": 2, ""text_dim"": 256, ""text_model_name"": ""bert-base-uncased"", ""use_video"": true, ""video_dim"": 768, ""vocab_size"": 30000}",/Users/rajeshpmu/Desktop/LegalMemoCMT/data/processed/phase2/clancy/turn_clips/audio/DCBWoWhsTpA/DCBWoWhsTpA_turn06148.wav,OK,,0.407468,0.349363,0.349363,0.46686,3loi/SER-Odyssey-Baseline-WavLM-Multi-Attributes,OK,neu,0.999775,speechbrain/emotion-recognition-wav2vec2-IEMOCAP,OK,NO,UNCLEAR,no explicit emotion-target evidence,LOW,LOW,LOW,NEUTRAL_CANDIDATE,neutral,neutral,neutral,0.580000,neutral,0.580000,"audio and courtroom-affect evidence support neutral, but emotion target is unresolved",NO,CALM_COMPOSED,1,low_or_moderate_audio_arousal;speechbrain_neutral
DCBWoWhsTpA_turn06155,DCBWoWhsTpA_turn06155,DCBWoWhsTpA,https://www.youtube.com/live/DCBWoWhsTpA,LIVE: Lindsay Clancy trial Day 14,full_trial_stream,5,/Users/rajeshpmu/Desktop/LegalMemoCMT/data/phase2/clancy/corpus/raw/live-lindsay-clancy-trial-day-14/live-lindsay-clancy-trial-day-14_DCBWoWhsTpA.en.vtt,/Users/rajeshpmu/Desktop/LegalMemoCMT/data/processed/phase2/clancy/turn_clips/video/DCBWoWhsTpA/DCBWoWhsTpA_turn06155.mp4,/Users/rajeshpmu/Desktop/LegalMemoCMT/data/processed/phase2/clancy/turn_clips/audio/DCBWoWhsTpA/DCBWoWhsTpA_turn06155.wav,DCBWoWhsTpA,group_by_youtube_id,dev,neutral,text_keyword_heuristic,LOW,NO,"audio and courtroom-affect evidence support neutral, but emotion target is unresolved",YES,Yes. The the last heart rate was uh 52352.,Yes. The the last heart rate was uh 52352.,00:55:53.006,00:55:57.074,4.068,4.068,marker,MEDIUM,1,5,"DCBWoWhsTpA_utt02381#p02,DCBWoWhsTpA_utt02382#p01,DCBWoWhsTpA_utt02383#p01,DCBWoWhsTpA_utt02384#p01,DCBWoWhsTpA_utt02385#p01","DCBWoWhsTpA_utt02381,DCBWoWhsTpA_utt02382,DCBWoWhsTpA_utt02383,DCBWoWhsTpA_utt02384,DCBWoWhsTpA_utt02385",5,/Users/rajeshpmu/Desktop/LegalMemoCMT/data/phase2/clancy/corpus/raw/live-lindsay-clancy-trial-day-14/live-lindsay-clancy-trial-day-14_DCBWoWhsTpA.mp4,/Users/rajeshpmu/Desktop/LegalMemoCMT/data/phase2/clancy/corpus/raw/live-lindsay-clancy-trial-day-14/live-lindsay-clancy-trial-day-14_DCBWoWhsTpA.wav,/Users/rajeshpmu/Desktop/LegalMemoCMT/data/processed/phase2/clancy/turn_clips/video/DCBWoWhsTpA/DCBWoWhsTpA_turn06155.mp4,/Users/rajeshpmu/Desktop/LegalMemoCMT/data/processed/phase2/clancy/turn_clips/audio/DCBWoWhsTpA/DCBWoWhsTpA_turn06155.wav,3353.006,3357.074,4.068,created,00:55:53.006,00:55:57.074,0.0,default_zero,SPEAKER_18,3.041,pyannote/speaker-diarization-3.1,Witness,manual_verified_diarization,HIGH,YES,SPEAKING,Witness,YES,Witness 15 identified by manual audio/video review,INCLUDE,,YES,speaker_role=Witness,split_dev;usable,"usable because speaker_role=Witness, witness_speaking_status=SPEAKING, clip_status=created, duration=4.068s, and source is not excluded",YES,0.6,HIGH,manual_clip_review,HUMAN_VERIFIED,/Users/rajeshpmu/Desktop/LegalMemoCMT/data/processed/phase2/clancy/turn_clips/video/DCBWoWhsTpA/DCBWoWhsTpA_turn06155.mp4,/Users/rajeshpmu/Desktop/LegalMemoCMT/data/processed/phase2/clancy/vit_facecrop_embeddings/DCBWoWhsTpA/DCBWoWhsTpA_turn06155.npy,created,neutral,0.908125,0.46974,"{""anger"": 0.020883, ""disgust"": 0.014083, ""fear"": 0.015102, ""joy"": 0.015067, ""neutral"": 0.908125, ""sadness"": 0.015974, ""surprise"": 0.010766}",/Users/rajeshpmu/Desktop/LegalMemoCMT/results/facial_cues/meld_vit_facecrop_gated_video_aux/fold_4/best_model.pt,phase1_meld_checkpoint_pseudo_label,"audio,text,video","audio,text,video","{""audio_dim"": 128, ""audio_model_name"": ""facebook/hubert-base-ls960"", ""dropout"": 0.1, ""encoder_mode"": ""paper"", ""freeze_audio_backbone"": false, ""freeze_text_backbone"": false, ""fusion_dim"": 256, ""fusion_mode"": ""gated"", ""fusion_pooling"": ""min"", ""max_audio_len"": 256, ""max_text_len"": 128, ""max_video_len"": 32, ""num_classes"": 7, ""num_heads"": 4, ""num_layers"": 2, ""text_dim"": 256, ""text_model_name"": ""bert-base-uncased"", ""use_video"": true, ""video_dim"": 768, ""vocab_size"": 30000}",/Users/rajeshpmu/Desktop/LegalMemoCMT/data/processed/phase2/clancy/turn_clips/audio/DCBWoWhsTpA/DCBWoWhsTpA_turn06155.wav,OK,,0.524099,0.44877,0.44877,0.527015,3loi/SER-Odyssey-Baseline-WavLM-Multi-Attributes,OK,neu,0.999981,speechbrain/emotion-recognition-wav2vec2-IEMOCAP,OK,NO,UNCLEAR,no explicit emotion-target evidence,LOW,LOW,LOW,NEUTRAL_CANDIDATE,neutral,neutral,neutral,0.580000,neutral,0.580000,"audio and courtroom-affect evidence support neutral, but emotion target is unresolved",NO,CALM_COMPOSED,1,low_or_moderate_audio_arousal;speechbrain_neutral
DCBWoWhsTpA_turn06158,DCBWoWhsTpA_turn06158,DCBWoWhsTpA,https://www.youtube.com/live/DCBWoWhsTpA,LIVE: Lindsay Clancy trial Day 14,full_trial_stream,5,/Users/rajeshpmu/Desktop/LegalMemoCMT/data/phase2/clancy/corpus/raw/live-lindsay-clancy-trial-day-14/live-lindsay-clancy-trial-day-14_DCBWoWhsTpA.en.vtt,/Users/rajeshpmu/Desktop/LegalMemoCMT/data/processed/phase2/clancy/turn_clips/video/DCBWoWhsTpA/DCBWoWhsTpA_turn06158.mp4,/Users/rajeshpmu/Desktop/LegalMemoCMT/data/processed/phase2/clancy/turn_clips/audio/DCBWoWhsTpA/DCBWoWhsTpA_turn06158.wav,DCBWoWhsTpA,group_by_youtube_id,dev,neutral,text_keyword_heuristic,LOW,YES,"audio and courtroom-affect evidence support neutral, but emotion target is unresolved",YES,"Uh yes, not until um like the phone was seized by police, I believe.","Uh yes, not until um like the phone was seized by police, I believe.",00:56:32.769,00:56:39.021,6.252,6.252,marker,MEDIUM,1,5,"DCBWoWhsTpA_utt02409#p02,DCBWoWhsTpA_utt02410#p01,DCBWoWhsTpA_utt02411#p01,DCBWoWhsTpA_utt02412#p01,DCBWoWhsTpA_utt02413#p01","DCBWoWhsTpA_utt02409,DCBWoWhsTpA_utt02410,DCBWoWhsTpA_utt02411,DCBWoWhsTpA_utt02412,DCBWoWhsTpA_utt02413",5,/Users/rajeshpmu/Desktop/LegalMemoCMT/data/phase2/clancy/corpus/raw/live-lindsay-clancy-trial-day-14/live-lindsay-clancy-trial-day-14_DCBWoWhsTpA.mp4,/Users/rajeshpmu/Desktop/LegalMemoCMT/data/phase2/clancy/corpus/raw/live-lindsay-clancy-trial-day-14/live-lindsay-clancy-trial-day-14_DCBWoWhsTpA.wav,/Users/rajeshpmu/Desktop/LegalMemoCMT/data/processed/phase2/clancy/turn_clips/video/DCBWoWhsTpA/DCBWoWhsTpA_turn06158.mp4,/Users/rajeshpmu/Desktop/LegalMemoCMT/data/processed/phase2/clancy/turn_clips/audio/DCBWoWhsTpA/DCBWoWhsTpA_turn06158.wav,3392.769,3399.021,6.252,created,00:56:32.769,00:56:39.021,0.0,default_zero,SPEAKER_18,2.667,pyannote/speaker-diarization-3.1,Witness,manual_verified_diarization,HIGH,YES,SPEAKING,Witness,YES,Witness 15 identified by manual audio/video review,INCLUDE,,YES,speaker_role=Witness,split_dev;usable,"usable because speaker_role=Witness, witness_speaking_status=SPEAKING, clip_status=created, duration=6.252s, and source is not excluded",YES,0.6,HIGH,manual_clip_review,HUMAN_VERIFIED,/Users/rajeshpmu/Desktop/LegalMemoCMT/data/processed/phase2/clancy/turn_clips/video/DCBWoWhsTpA/DCBWoWhsTpA_turn06158.mp4,/Users/rajeshpmu/Desktop/LegalMemoCMT/data/processed/phase2/clancy/vit_facecrop_embeddings/DCBWoWhsTpA/DCBWoWhsTpA_turn06158.npy,created,sadness,0.563321,1.19059,"{""anger"": 0.052743, ""disgust"": 0.015107, ""fear"": 0.021651, ""joy"": 0.043544, ""neutral"": 0.285958, ""sadness"": 0.563321, ""surprise"": 0.017676}",/Users/rajeshpmu/Desktop/LegalMemoCMT/results/facial_cues/meld_vit_facecrop_gated_video_aux/fold_4/best_model.pt,phase1_meld_checkpoint_pseudo_label,"audio,text,video","audio,text,video","{""audio_dim"": 128, ""audio_model_name"": ""facebook/hubert-base-ls960"", ""dropout"": 0.1, ""encoder_mode"": ""paper"", ""freeze_audio_backbone"": false, ""freeze_text_backbone"": false, ""fusion_dim"": 256, ""fusion_mode"": ""gated"", ""fusion_pooling"": ""min"", ""max_audio_len"": 256, ""max_text_len"": 128, ""max_video_len"": 32, ""num_classes"": 7, ""num_heads"": 4, ""num_layers"": 2, ""text_dim"": 256, ""text_model_name"": ""bert-base-uncased"", ""use_video"": true, ""video_dim"": 768, ""vocab_size"": 30000}",/Users/rajeshpmu/Desktop/LegalMemoCMT/data/processed/phase2/clancy/turn_clips/audio/DCBWoWhsTpA/DCBWoWhsTpA_turn06158.wav,OK,,0.402266,0.425751,0.425751,0.480329,3loi/SER-Odyssey-Baseline-WavLM-Multi-Attributes,OK,neu,1.0,speechbrain/emotion-recognition-wav2vec2-IEMOCAP,OK,NO,UNCLEAR,no explicit emotion-target evidence,MEDIUM,LOW,MEDIUM,NEUTRAL_CANDIDATE,sadness,neutral,neutral,0.580000,neutral,0.580000,"audio and courtroom-affect evidence support neutral, but emotion target is unresolved",YES,CALM_COMPOSED,1,phase1_vs_comparable_audio_disagreement;low_or_moderate_audio_arousal;speechbrain_neutral
DCBWoWhsTpA_turn06159,DCBWoWhsTpA_turn06159,DCBWoWhsTpA,https://www.youtube.com/live/DCBWoWhsTpA,LIVE: Lindsay Clancy trial Day 14,full_trial_stream,5,/Users/rajeshpmu/Desktop/LegalMemoCMT/data/phase2/clancy/corpus/raw/live-lindsay-clancy-trial-day-14/live-lindsay-clancy-trial-day-14_DCBWoWhsTpA.en.vtt,/Users/rajeshpmu/Desktop/LegalMemoCMT/data/processed/phase2/clancy/turn_clips/video/DCBWoWhsTpA/DCBWoWhsTpA_turn06159.mp4,/Users/rajeshpmu/Desktop/LegalMemoCMT/data/processed/phase2/clancy/turn_clips/audio/DCBWoWhsTpA/DCBWoWhsTpA_turn06159.wav,DCBWoWhsTpA,group_by_youtube_id,dev,neutral,text_keyword_heuristic,LOW,NO,"audio and courtroom-affect evidence support neutral, but emotion target is unresolved",YES,"But there's other activity, but appeared to be after the incident.","But there's other activity, but appeared to be after the incident.",00:56:39.021,00:56:44.162,5.141,5.141,marker,MEDIUM,1,5,"DCBWoWhsTpA_utt02413#p02,DCBWoWhsTpA_utt02414#p01,DCBWoWhsTpA_utt02415#p01,DCBWoWhsTpA_utt02416#p01,DCBWoWhsTpA_utt02417#p01","DCBWoWhsTpA_utt02413,DCBWoWhsTpA_utt02414,DCBWoWhsTpA_utt02415,DCBWoWhsTpA_utt02416,DCBWoWhsTpA_utt02417",5,/Users/rajeshpmu/Desktop/LegalMemoCMT/data/phase2/clancy/corpus/raw/live-lindsay-clancy-trial-day-14/live-lindsay-clancy-trial-day-14_DCBWoWhsTpA.mp4,/Users/rajeshpmu/Desktop/LegalMemoCMT/data/phase2/clancy/corpus/raw/live-lindsay-clancy-trial-day-14/live-lindsay-clancy-trial-day-14_DCBWoWhsTpA.wav,/Users/rajeshpmu/Desktop/LegalMemoCMT/data/processed/phase2/clancy/turn_clips/video/DCBWoWhsTpA/DCBWoWhsTpA_turn06159.mp4,/Users/rajeshpmu/Desktop/LegalMemoCMT/data/processed/phase2/clancy/turn_clips/audio/DCBWoWhsTpA/DCBWoWhsTpA_turn06159.wav,3399.021,3404.162,5.141,created,00:56:39.021,00:56:44.162,0.0,default_zero,SPEAKER_18,3.212,pyannote/speaker-diarization-3.1,Witness,manual_verified_diarization,HIGH,YES,SPEAKING,Witness,YES,Witness 15 identified by manual audio/video review,INCLUDE,,YES,speaker_role=Witness,split_dev;usable,"usable because speaker_role=Witness, witness_speaking_status=SPEAKING, clip_status=created, duration=5.141s, and source is not excluded",YES,0.6,HIGH,manual_clip_review,HUMAN_VERIFIED,/Users/rajeshpmu/Desktop/LegalMemoCMT/data/processed/phase2/clancy/turn_clips/video/DCBWoWhsTpA/DCBWoWhsTpA_turn06159.mp4,/Users/rajeshpmu/Desktop/LegalMemoCMT/data/processed/phase2/clancy/vit_facecrop_embeddings/DCBWoWhsTpA/DCBWoWhsTpA_turn06159.npy,created,neutral,0.542082,1.259715,"{""anger"": 0.045687, ""disgust"": 0.034713, ""fear"": 0.035994, ""joy"": 0.036354, ""neutral"": 0.542082, ""sadness"": 0.287397, ""surprise"": 0.017773}",/Users/rajeshpmu/Desktop/LegalMemoCMT/results/facial_cues/meld_vit_facecrop_gated_video_aux/fold_4/best_model.pt,phase1_meld_checkpoint_pseudo_label,"audio,text,video","audio,text,video","{""audio_dim"": 128, ""audio_model_name"": ""facebook/hubert-base-ls960"", ""dropout"": 0.1, ""encoder_mode"": ""paper"", ""freeze_audio_backbone"": false, ""freeze_text_backbone"": false, ""fusion_dim"": 256, ""fusion_mode"": ""gated"", ""fusion_pooling"": ""min"", ""max_audio_len"": 256, ""max_text_len"": 128, ""max_video_len"": 32, ""num_classes"": 7, ""num_heads"": 4, ""num_layers"": 2, ""text_dim"": 256, ""text_model_name"": ""bert-base-uncased"", ""use_video"": true, ""video_dim"": 768, ""vocab_size"": 30000}",/Users/rajeshpmu/Desktop/LegalMemoCMT/data/processed/phase2/clancy/turn_clips/audio/DCBWoWhsTpA/DCBWoWhsTpA_turn06159.wav,OK,,0.403665,0.344796,0.344796,0.410585,3loi/SER-Odyssey-Baseline-WavLM-Multi-Attributes,OK,neu,1.0,speechbrain/emotion-recognition-wav2vec2-IEMOCAP,OK,NO,UNCLEAR,no explicit emotion-target evidence,LOW,LOW,LOW,NEUTRAL_CANDIDATE,neutral,neutral,neutral,0.580000,neutral,0.580000,"audio and courtroom-affect evidence support neutral, but emotion target is unresolved",NO,CALM_COMPOSED,1,low_or_moderate_audio_arousal;speechbrain_neutral
DCBWoWhsTpA_turn06161,DCBWoWhsTpA_turn06161,DCBWoWhsTpA,https://www.youtube.com/live/DCBWoWhsTpA,LIVE: Lindsay Clancy trial Day 14,full_trial_stream,5,/Users/rajeshpmu/Desktop/LegalMemoCMT/data/phase2/clancy/corpus/raw/live-lindsay-clancy-trial-day-14/live-lindsay-clancy-trial-day-14_DCBWoWhsTpA.en.vtt,/Users/rajeshpmu/Desktop/LegalMemoCMT/data/processed/phase2/clancy/turn_clips/video/DCBWoWhsTpA/DCBWoWhsTpA_turn06161.mp4,/Users/rajeshpmu/Desktop/LegalMemoCMT/data/processed/phase2/clancy/turn_clips/audio/DCBWoWhsTpA/DCBWoWhsTpA_turn06161.wav,DCBWoWhsTpA,group_by_youtube_id,dev,neutral,text_keyword_heuristic,LOW,NO,"audio and courtroom-affect evidence support neutral, but emotion target is unresolved",YES,Uh I ended my analysis on the 24th.,Uh I ended my analysis on the 24th.,00:56:53.732,00:56:58.844,5.112,5.112,marker,MEDIUM,1,3,"DCBWoWhsTpA_utt02425#p02,DCBWoWhsTpA_utt02426#p01,DCBWoWhsTpA_utt02427#p01","DCBWoWhsTpA_utt02425,DCBWoWhsTpA_utt02426,DCBWoWhsTpA_utt02427",3,/Users/rajeshpmu/Desktop/LegalMemoCMT/data/phase2/clancy/corpus/raw/live-lindsay-clancy-trial-day-14/live-lindsay-clancy-trial-day-14_DCBWoWhsTpA.mp4,/Users/rajeshpmu/Desktop/LegalMemoCMT/data/phase2/clancy/corpus/raw/live-lindsay-clancy-trial-day-14/live-lindsay-clancy-trial-day-14_DCBWoWhsTpA.wav,/Users/rajeshpmu/Desktop/LegalMemoCMT/data/processed/phase2/clancy/turn_clips/video/DCBWoWhsTpA/DCBWoWhsTpA_turn06161.mp4,/Users/rajeshpmu/Desktop/LegalMemoCMT/data/processed/phase2/clancy/turn_clips/audio/DCBWoWhsTpA/DCBWoWhsTpA_turn06161.wav,3413.732,3418.844,5.112,created,00:56:53.732,00:56:58.844,0.0,default_zero,SPEAKER_18,2.582,pyannote/speaker-diarization-3.1,Witness,manual_verified_diarization,HIGH,YES,SPEAKING,Witness,YES,Witness 15 identified by manual audio/video review,INCLUDE,,YES,speaker_role=Witness,split_dev;usable,"usable because speaker_role=Witness, witness_speaking_status=SPEAKING, clip_status=created, duration=5.112s, and source is not excluded",YES,0.6,HIGH,manual_clip_review,HUMAN_VERIFIED,/Users/rajeshpmu/Desktop/LegalMemoCMT/data/processed/phase2/clancy/turn_clips/video/DCBWoWhsTpA/DCBWoWhsTpA_turn06161.mp4,/Users/rajeshpmu/Desktop/LegalMemoCMT/data/processed/phase2/clancy/vit_facecrop_embeddings/DCBWoWhsTpA/DCBWoWhsTpA_turn06161.npy,created,neutral,0.906788,0.460275,"{""anger"": 0.017779, ""disgust"": 0.001336, ""fear"": 0.021727, ""joy"": 0.024174, ""neutral"": 0.906788, ""sadness"": 0.019698, ""surprise"": 0.008499}",/Users/rajeshpmu/Desktop/LegalMemoCMT/results/facial_cues/meld_vit_facecrop_gated_video_aux/fold_4/best_model.pt,phase1_meld_checkpoint_pseudo_label,"audio,text,video","audio,text,video","{""audio_dim"": 128, ""audio_model_name"": ""facebook/hubert-base-ls960"", ""dropout"": 0.1, ""encoder_mode"": ""paper"", ""freeze_audio_backbone"": false, ""freeze_text_backbone"": false, ""fusion_dim"": 256, ""fusion_mode"": ""gated"", ""fusion_pooling"": ""min"", ""max_audio_len"": 256, ""max_text_len"": 128, ""max_video_len"": 32, ""num_classes"": 7, ""num_heads"": 4, ""num_layers"": 2, ""text_dim"": 256, ""text_model_name"": ""bert-base-uncased"", ""use_video"": true, ""video_dim"": 768, ""vocab_size"": 30000}",/Users/rajeshpmu/Desktop/LegalMemoCMT/data/processed/phase2/clancy/turn_clips/audio/DCBWoWhsTpA/DCBWoWhsTpA_turn06161.wav,OK,,0.513626,0.361299,0.361299,0.429481,3loi/SER-Odyssey-Baseline-WavLM-Multi-Attributes,OK,neu,0.999997,speechbrain/emotion-recognition-wav2vec2-IEMOCAP,OK,NO,UNCLEAR,no explicit emotion-target evidence,LOW,LOW,LOW,NEUTRAL_CANDIDATE,neutral,neutral,neutral,0.580000,neutral,0.580000,"audio and courtroom-affect evidence support neutral, but emotion target is unresolved",NO,CALM_COMPOSED,1,low_or_moderate_audio_arousal;speechbrain_neutral
DCBWoWhsTpA_turn06163,DCBWoWhsTpA_turn06163,DCBWoWhsTpA,https://www.youtube.com/live/DCBWoWhsTpA,LIVE: Lindsay Clancy trial Day 14,full_trial_stream,5,/Users/rajeshpmu/Desktop/LegalMemoCMT/data/phase2/clancy/corpus/raw/live-lindsay-clancy-trial-day-14/live-lindsay-clancy-trial-day-14_DCBWoWhsTpA.en.vtt,/Users/rajeshpmu/Desktop/LegalMemoCMT/data/processed/phase2/clancy/turn_clips/video/DCBWoWhsTpA/DCBWoWhsTpA_turn06163.mp4,/Users/rajeshpmu/Desktop/LegalMemoCMT/data/processed/phase2/clancy/turn_clips/audio/DCBWoWhsTpA/DCBWoWhsTpA_turn06163.wav,DCBWoWhsTpA,group_by_youtube_id,dev,neutral,text_keyword_heuristic,LOW,NO,"calm courtroom presentation with neutral acoustic evidence, low/moderate excitement, and non-self emotion target",YES,"Uh, again, there would have been activity uh later on, but it wasn't usage. It wasn't health data. Uh it would have been things like incoming calls if there were any.","Uh, again, there would have been activity uh later on, but it wasn't usage. It wasn't health data. Uh it would have been things like incoming calls if there were any.",00:57:14.977,00:57:26.435,11.458,11.458,marker,MEDIUM,1,11,"DCBWoWhsTpA_utt02441#p02,DCBWoWhsTpA_utt02442#p01,DCBWoWhsTpA_utt02443#p01,DCBWoWhsTpA_utt02444#p01,DCBWoWhsTpA_utt02445#p01,DCBWoWhsTpA_utt02446#p01,DCBWoWhsTpA_utt02447#p01,DCBWoWhsTpA_utt02448#p01,DCBWoWhsTpA_utt02449#p01,DCBWoWhsTpA_utt02450#p01,DCBWoWhsTpA_utt02451#p01","DCBWoWhsTpA_utt02441,DCBWoWhsTpA_utt02442,DCBWoWhsTpA_utt02443,DCBWoWhsTpA_utt02444,DCBWoWhsTpA_utt02445,DCBWoWhsTpA_utt02446,DCBWoWhsTpA_utt02447,DCBWoWhsTpA_utt02448,DCBWoWhsTpA_utt02449,DCBWoWhsTpA_utt02450,DCBWoWhsTpA_utt02451",11,/Users/rajeshpmu/Desktop/LegalMemoCMT/data/phase2/clancy/corpus/raw/live-lindsay-clancy-trial-day-14/live-lindsay-clancy-trial-day-14_DCBWoWhsTpA.mp4,/Users/rajeshpmu/Desktop/LegalMemoCMT/data/phase2/clancy/corpus/raw/live-lindsay-clancy-trial-day-14/live-lindsay-clancy-trial-day-14_DCBWoWhsTpA.wav,/Users/rajeshpmu/Desktop/LegalMemoCMT/data/processed/phase2/clancy/turn_clips/video/DCBWoWhsTpA/DCBWoWhsTpA_turn06163.mp4,/Users/rajeshpmu/Desktop/LegalMemoCMT/data/processed/phase2/clancy/turn_clips/audio/DCBWoWhsTpA/DCBWoWhsTpA_turn06163.wav,3434.977,3446.435,11.458,created,00:57:14.977,00:57:26.435,0.0,default_zero,SPEAKER_18,9.241,pyannote/speaker-diarization-3.1,Witness,manual_verified_diarization,HIGH,YES,SPEAKING,Witness,YES,Witness 15 identified by manual audio/video review,INCLUDE,,YES,speaker_role=Witness,split_dev;usable,"usable because speaker_role=Witness, witness_speaking_status=SPEAKING, clip_status=created, duration=11.458s, and source is not excluded",YES,0.6,HIGH,manual_clip_review,HUMAN_VERIFIED,/Users/rajeshpmu/Desktop/LegalMemoCMT/data/processed/phase2/clancy/turn_clips/video/DCBWoWhsTpA/DCBWoWhsTpA_turn06163.mp4,/Users/rajeshpmu/Desktop/LegalMemoCMT/data/processed/phase2/clancy/vit_facecrop_embeddings/DCBWoWhsTpA/DCBWoWhsTpA_turn06163.npy,created,neutral,0.780981,0.887624,"{""anger"": 0.034178, ""disgust"": 0.012762, ""fear"": 0.018982, ""joy"": 0.069734, ""neutral"": 0.780981, ""sadness"": 0.051525, ""surprise"": 0.031838}",/Users/rajeshpmu/Desktop/LegalMemoCMT/results/facial_cues/meld_vit_facecrop_gated_video_aux/fold_4/best_model.pt,phase1_meld_checkpoint_pseudo_label,"audio,text,video","audio,text,video","{""audio_dim"": 128, ""audio_model_name"": ""facebook/hubert-base-ls960"", ""dropout"": 0.1, ""encoder_mode"": ""paper"", ""freeze_audio_backbone"": false, ""freeze_text_backbone"": false, ""fusion_dim"": 256, ""fusion_mode"": ""gated"", ""fusion_pooling"": ""min"", ""max_audio_len"": 256, ""max_text_len"": 128, ""max_video_len"": 32, ""num_classes"": 7, ""num_heads"": 4, ""num_layers"": 2, ""text_dim"": 256, ""text_model_name"": ""bert-base-uncased"", ""use_video"": true, ""video_dim"": 768, ""vocab_size"": 30000}",/Users/rajeshpmu/Desktop/LegalMemoCMT/data/processed/phase2/clancy/turn_clips/audio/DCBWoWhsTpA/DCBWoWhsTpA_turn06163.wav,OK,,0.383803,0.412563,0.412563,0.490985,3loi/SER-Odyssey-Baseline-WavLM-Multi-Attributes,OK,neu,1.0,speechbrain/emotion-recognition-wav2vec2-IEMOCAP,OK,NO,QUOTED_SPEECH,quote or reported speech marker,LOW,LOW,LOW,NEUTRAL_CANDIDATE,neutral,neutral,neutral,0.720000,neutral,0.720000,"calm courtroom presentation with neutral acoustic evidence, low/moderate excitement, and non-self emotion target",NO,CALM_COMPOSED,1,low_or_moderate_audio_arousal;speechbrain_neutral
DCBWoWhsTpA_turn06177,DCBWoWhsTpA_turn06177,DCBWoWhsTpA,https://www.youtube.com/live/DCBWoWhsTpA,LIVE: Lindsay Clancy trial Day 14,full_trial_stream,5,/Users/rajeshpmu/Desktop/LegalMemoCMT/data/phase2/clancy/corpus/raw/live-lindsay-clancy-trial-day-14/live-lindsay-clancy-trial-day-14_DCBWoWhsTpA.en.vtt,/Users/rajeshpmu/Desktop/LegalMemoCMT/data/processed/phase2/clancy/turn_clips/video/DCBWoWhsTpA/DCBWoWhsTpA_turn06177.mp4,/Users/rajeshpmu/Desktop/LegalMemoCMT/data/processed/phase2/clancy/turn_clips/audio/DCBWoWhsTpA/DCBWoWhsTpA_turn06177.wav,DCBWoWhsTpA,group_by_youtube_id,dev,neutral,text_keyword_heuristic,LOW,NO,PHASE1_AUDIO_AGREEMENT,YES,"Uh, I didn't go back.","Uh, I didn't go back.",00:58:48.104,00:58:49.964,1.86,1.86,marker,MEDIUM,1,3,"DCBWoWhsTpA_utt02523#p02,DCBWoWhsTpA_utt02524#p01,DCBWoWhsTpA_utt02525#p01","DCBWoWhsTpA_utt02523,DCBWoWhsTpA_utt02524,DCBWoWhsTpA_utt02525",3,/Users/rajeshpmu/Desktop/LegalMemoCMT/data/phase2/clancy/corpus/raw/live-lindsay-clancy-trial-day-14/live-lindsay-clancy-trial-day-14_DCBWoWhsTpA.mp4,/Users/rajeshpmu/Desktop/LegalMemoCMT/data/phase2/clancy/corpus/raw/live-lindsay-clancy-trial-day-14/live-lindsay-clancy-trial-day-14_DCBWoWhsTpA.wav,/Users/rajeshpmu/Desktop/LegalMemoCMT/data/processed/phase2/clancy/turn_clips/video/DCBWoWhsTpA/DCBWoWhsTpA_turn06177.mp4,/Users/rajeshpmu/Desktop/LegalMemoCMT/data/processed/phase2/clancy/turn_clips/audio/DCBWoWhsTpA/DCBWoWhsTpA_turn06177.wav,3528.104,3529.964,1.86,created,00:58:48.104,00:58:49.964,0.0,default_zero,SPEAKER_18,0.844,pyannote/speaker-diarization-3.1,Witness,manual_verified_diarization,HIGH,YES,SPEAKING,Witness,YES,Witness 15 identified by manual audio/video review,INCLUDE,,YES,speaker_role=Witness,split_dev;usable,"usable because speaker_role=Witness, witness_speaking_status=SPEAKING, clip_status=created, duration=1.860s, and source is not excluded",YES,0.6,HIGH,manual_clip_review,HUMAN_VERIFIED,/Users/rajeshpmu/Desktop/LegalMemoCMT/data/processed/phase2/clancy/turn_clips/video/DCBWoWhsTpA/DCBWoWhsTpA_turn06177.mp4,/Users/rajeshpmu/Desktop/LegalMemoCMT/data/processed/phase2/clancy/vit_facecrop_embeddings/DCBWoWhsTpA/DCBWoWhsTpA_turn06177.npy,created,neutral,0.649083,1.073036,"{""anger"": 0.042299, ""disgust"": 0.018312, ""fear"": 0.040995, ""joy"": 0.023293, ""neutral"": 0.649083, ""sadness"": 0.219133, ""surprise"": 0.006885}",/Users/rajeshpmu/Desktop/LegalMemoCMT/results/facial_cues/meld_vit_facecrop_gated_video_aux/fold_4/best_model.pt,phase1_meld_checkpoint_pseudo_label,"audio,text,video","audio,text,video","{""audio_dim"": 128, ""audio_model_name"": ""facebook/hubert-base-ls960"", ""dropout"": 0.1, ""encoder_mode"": ""paper"", ""freeze_audio_backbone"": false, ""freeze_text_backbone"": false, ""fusion_dim"": 256, ""fusion_mode"": ""gated"", ""fusion_pooling"": ""min"", ""max_audio_len"": 256, ""max_text_len"": 128, ""max_video_len"": 32, ""num_classes"": 7, ""num_heads"": 4, ""num_layers"": 2, ""text_dim"": 256, ""text_model_name"": ""bert-base-uncased"", ""use_video"": true, ""video_dim"": 768, ""vocab_size"": 30000}",/Users/rajeshpmu/Desktop/LegalMemoCMT/data/processed/phase2/clancy/turn_clips/audio/DCBWoWhsTpA/DCBWoWhsTpA_turn06177.wav,OK,,0.4887,0.494947,0.494947,0.515482,3loi/SER-Odyssey-Baseline-WavLM-Multi-Attributes,OK,neu,0.998065,speechbrain/emotion-recognition-wav2vec2-IEMOCAP,OK,NO,UNCLEAR,no explicit emotion-target evidence,LOW,LOW,LOW,KEEP_PHASE1_CANDIDATE,neutral,neutral,neutral,0.649083,neutral,0.649083,PHASE1_AUDIO_AGREEMENT,NO,UNKNOWN,,speechbrain_neutral
DCBWoWhsTpA_turn06184,DCBWoWhsTpA_turn06184,DCBWoWhsTpA,https://www.youtube.com/live/DCBWoWhsTpA,LIVE: Lindsay Clancy trial Day 14,full_trial_stream,5,/Users/rajeshpmu/Desktop/LegalMemoCMT/data/phase2/clancy/corpus/raw/live-lindsay-clancy-trial-day-14/live-lindsay-clancy-trial-day-14_DCBWoWhsTpA.en.vtt,/Users/rajeshpmu/Desktop/LegalMemoCMT/data/processed/phase2/clancy/turn_clips/video/DCBWoWhsTpA/DCBWoWhsTpA_turn06184.mp4,/Users/rajeshpmu/Desktop/LegalMemoCMT/data/processed/phase2/clancy/turn_clips/audio/DCBWoWhsTpA/DCBWoWhsTpA_turn06184.wav,DCBWoWhsTpA,group_by_youtube_id,dev,confidence,text_keyword_heuristic,HIGH,NO,PHASE1_AUDIO_AGREEMENT,YES,It certainly can. Yes.,It certainly can. Yes.,00:59:18.115,00:59:19.711,1.596,1.596,marker,MEDIUM,1,3,"DCBWoWhsTpA_utt02557#p02,DCBWoWhsTpA_utt02558#p01,DCBWoWhsTpA_utt02559#p01","DCBWoWhsTpA_utt02557,DCBWoWhsTpA_utt02558,DCBWoWhsTpA_utt02559",3,/Users/rajeshpmu/Desktop/LegalMemoCMT/data/phase2/clancy/corpus/raw/live-lindsay-clancy-trial-day-14/live-lindsay-clancy-trial-day-14_DCBWoWhsTpA.mp4,/Users/rajeshpmu/Desktop/LegalMemoCMT/data/phase2/clancy/corpus/raw/live-lindsay-clancy-trial-day-14/live-lindsay-clancy-trial-day-14_DCBWoWhsTpA.wav,/Users/rajeshpmu/Desktop/LegalMemoCMT/data/processed/phase2/clancy/turn_clips/video/DCBWoWhsTpA/DCBWoWhsTpA_turn06184.mp4,/Users/rajeshpmu/Desktop/LegalMemoCMT/data/processed/phase2/clancy/turn_clips/audio/DCBWoWhsTpA/DCBWoWhsTpA_turn06184.wav,3558.115,3559.711,1.596,created,00:59:18.115,00:59:19.711,0.0,default_zero,SPEAKER_18,0.583,pyannote/speaker-diarization-3.1,Witness,manual_verified_diarization,HIGH,YES,SPEAKING,Witness,YES,Witness 15 identified by manual audio/video review,INCLUDE,,YES,speaker_role=Witness,split_dev;usable,"usable because speaker_role=Witness, witness_speaking_status=SPEAKING, clip_status=created, duration=1.596s, and source is not excluded",YES,0.6,HIGH,manual_clip_review,HUMAN_VERIFIED,/Users/rajeshpmu/Desktop/LegalMemoCMT/data/processed/phase2/clancy/turn_clips/video/DCBWoWhsTpA/DCBWoWhsTpA_turn06184.mp4,/Users/rajeshpmu/Desktop/LegalMemoCMT/data/processed/phase2/clancy/vit_facecrop_embeddings/DCBWoWhsTpA/DCBWoWhsTpA_turn06184.npy,created,neutral,0.906024,0.406917,"{""anger"": 0.065404, ""disgust"": 0.001008, ""fear"": 0.005221, ""joy"": 0.014019, ""neutral"": 0.906024, ""sadness"": 0.005856, ""surprise"": 0.002468}",/Users/rajeshpmu/Desktop/LegalMemoCMT/results/facial_cues/meld_vit_facecrop_gated_video_aux/fold_4/best_model.pt,phase1_meld_checkpoint_pseudo_label,"audio,text,video","audio,text,video","{""audio_dim"": 128, ""audio_model_name"": ""facebook/hubert-base-ls960"", ""dropout"": 0.1, ""encoder_mode"": ""paper"", ""freeze_audio_backbone"": false, ""freeze_text_backbone"": false, ""fusion_dim"": 256, ""fusion_mode"": ""gated"", ""fusion_pooling"": ""min"", ""max_audio_len"": 256, ""max_text_len"": 128, ""max_video_len"": 32, ""num_classes"": 7, ""num_heads"": 4, ""num_layers"": 2, ""text_dim"": 256, ""text_model_name"": ""bert-base-uncased"", ""use_video"": true, ""video_dim"": 768, ""vocab_size"": 30000}",/Users/rajeshpmu/Desktop/LegalMemoCMT/data/processed/phase2/clancy/turn_clips/audio/DCBWoWhsTpA/DCBWoWhsTpA_turn06184.wav,OK,,0.626187,0.506906,0.506906,0.538189,3loi/SER-Odyssey-Baseline-WavLM-Multi-Attributes,OK,neu,1.0,speechbrain/emotion-recognition-wav2vec2-IEMOCAP,OK,NO,UNCLEAR,no explicit emotion-target evidence,LOW,LOW,LOW,KEEP_PHASE1_CANDIDATE,neutral,neutral,neutral,0.906024,neutral,0.906024,PHASE1_AUDIO_AGREEMENT,NO,UNKNOWN,,speechbrain_neutral
DCBWoWhsTpA_turn06192,DCBWoWhsTpA_turn06192,DCBWoWhsTpA,https://www.youtube.com/live/DCBWoWhsTpA,LIVE: Lindsay Clancy trial Day 14,full_trial_stream,5,/Users/rajeshpmu/Desktop/LegalMemoCMT/data/phase2/clancy/corpus/raw/live-lindsay-clancy-trial-day-14/live-lindsay-clancy-trial-day-14_DCBWoWhsTpA.en.vtt,/Users/rajeshpmu/Desktop/LegalMemoCMT/data/processed/phase2/clancy/turn_clips/video/DCBWoWhsTpA/DCBWoWhsTpA_turn06192.mp4,/Users/rajeshpmu/Desktop/LegalMemoCMT/data/processed/phase2/clancy/turn_clips/audio/DCBWoWhsTpA/DCBWoWhsTpA_turn06192.wav,DCBWoWhsTpA,group_by_youtube_id,dev,neutral,text_keyword_heuristic,LOW,NO,"audio and courtroom-affect evidence support neutral, but emotion target is unresolved",YES,of 9:30 34 that be when the device decided that the uh device had visited this location enough to consider it a visit.,of 9:30 34 that be when the device decided that the uh device had visited this location enough to consider it a visit.,01:00:09.679,01:00:21.362,11.683,11.683,marker,MEDIUM,1,9,"DCBWoWhsTpA_utt02589#p02,DCBWoWhsTpA_utt02590#p01,DCBWoWhsTpA_utt02591#p01,DCBWoWhsTpA_utt02592#p01,DCBWoWhsTpA_utt02593#p01,DCBWoWhsTpA_utt02594#p01,DCBWoWhsTpA_utt02595#p01,DCBWoWhsTpA_utt02596#p01,DCBWoWhsTpA_utt02597#p01","DCBWoWhsTpA_utt02589,DCBWoWhsTpA_utt02590,DCBWoWhsTpA_utt02591,DCBWoWhsTpA_utt02592,DCBWoWhsTpA_utt02593,DCBWoWhsTpA_utt02594,DCBWoWhsTpA_utt02595,DCBWoWhsTpA_utt02596,DCBWoWhsTpA_utt02597",9,/Users/rajeshpmu/Desktop/LegalMemoCMT/data/phase2/clancy/corpus/raw/live-lindsay-clancy-trial-day-14/live-lindsay-clancy-trial-day-14_DCBWoWhsTpA.mp4,/Users/rajeshpmu/Desktop/LegalMemoCMT/data/phase2/clancy/corpus/raw/live-lindsay-clancy-trial-day-14/live-lindsay-clancy-trial-day-14_DCBWoWhsTpA.wav,/Users/rajeshpmu/Desktop/LegalMemoCMT/data/processed/phase2/clancy/turn_clips/video/DCBWoWhsTpA/DCBWoWhsTpA_turn06192.mp4,/Users/rajeshpmu/Desktop/LegalMemoCMT/data/processed/phase2/clancy/turn_clips/audio/DCBWoWhsTpA/DCBWoWhsTpA_turn06192.wav,3609.679,3621.362,11.683,created,01:00:09.679,01:00:21.362,0.0,default_zero,SPEAKER_18,3.696,pyannote/speaker-diarization-3.1,Witness,manual_verified_diarization,HIGH,YES,SPEAKING,Witness,YES,Witness 15 identified by manual audio/video review,INCLUDE,,YES,speaker_role=Witness,split_dev;usable,"usable because speaker_role=Witness, witness_speaking_status=SPEAKING, clip_status=created, duration=11.683s, and source is not excluded",YES,0.6,HIGH,manual_clip_review,HUMAN_VERIFIED,/Users/rajeshpmu/Desktop/LegalMemoCMT/data/processed/phase2/clancy/turn_clips/video/DCBWoWhsTpA/DCBWoWhsTpA_turn06192.mp4,/Users/rajeshpmu/Desktop/LegalMemoCMT/data/processed/phase2/clancy/vit_facecrop_embeddings/DCBWoWhsTpA/DCBWoWhsTpA_turn06192.npy,created,neutral,0.891327,0.513887,"{""anger"": 0.030946, ""disgust"": 0.007956, ""fear"": 0.00609, ""joy"": 0.037034, ""neutral"": 0.891327, ""sadness"": 0.019383, ""surprise"": 0.007265}",/Users/rajeshpmu/Desktop/LegalMemoCMT/results/facial_cues/meld_vit_facecrop_gated_video_aux/fold_4/best_model.pt,phase1_meld_checkpoint_pseudo_label,"audio,text,video","audio,text,video","{""audio_dim"": 128, ""audio_model_name"": ""facebook/hubert-base-ls960"", ""dropout"": 0.1, ""encoder_mode"": ""paper"", ""freeze_audio_backbone"": false, ""freeze_text_backbone"": false, ""fusion_dim"": 256, ""fusion_mode"": ""gated"", ""fusion_pooling"": ""min"", ""max_audio_len"": 256, ""max_text_len"": 128, ""max_video_len"": 32, ""num_classes"": 7, ""num_heads"": 4, ""num_layers"": 2, ""text_dim"": 256, ""text_model_name"": ""bert-base-uncased"", ""use_video"": true, ""video_dim"": 768, ""vocab_size"": 30000}",/Users/rajeshpmu/Desktop/LegalMemoCMT/data/processed/phase2/clancy/turn_clips/audio/DCBWoWhsTpA/DCBWoWhsTpA_turn06192.wav,OK,,0.453548,0.334842,0.334842,0.402612,3loi/SER-Odyssey-Baseline-WavLM-Multi-Attributes,OK,neu,1.0,speechbrain/emotion-recognition-wav2vec2-IEMOCAP,OK,NO,UNCLEAR,no explicit emotion-target evidence,LOW,LOW,LOW,NEUTRAL_CANDIDATE,neutral,neutral,neutral,0.580000,neutral,0.580000,"audio and courtroom-affect evidence support neutral, but emotion target is unresolved",NO,CALM_COMPOSED,1,low_or_moderate_audio_arousal;speechbrain_neutral
DCBWoWhsTpA_turn06194,DCBWoWhsTpA_turn06194,DCBWoWhsTpA,https://www.youtube.com/live/DCBWoWhsTpA,LIVE: Lindsay Clancy trial Day 14,full_trial_stream,5,/Users/rajeshpmu/Desktop/LegalMemoCMT/data/phase2/clancy/corpus/raw/live-lindsay-clancy-trial-day-14/live-lindsay-clancy-trial-day-14_DCBWoWhsTpA.en.vtt,/Users/rajeshpmu/Desktop/LegalMemoCMT/data/processed/phase2/clancy/turn_clips/video/DCBWoWhsTpA/DCBWoWhsTpA_turn06194.mp4,/Users/rajeshpmu/Desktop/LegalMemoCMT/data/processed/phase2/clancy/turn_clips/audio/DCBWoWhsTpA/DCBWoWhsTpA_turn06194.wav,DCBWoWhsTpA,group_by_youtube_id,dev,neutral,text_keyword_heuristic,LOW,NO,"audio and courtroom-affect evidence support neutral, but emotion target is unresolved",YES,Uh I I don't recognize it from the the coordinates.,Uh I I don't recognize it from the the coordinates.,01:00:26.745,01:00:33.117,6.372,6.372,marker,MEDIUM,1,5,"DCBWoWhsTpA_utt02603#p02,DCBWoWhsTpA_utt02604#p01,DCBWoWhsTpA_utt02605#p01,DCBWoWhsTpA_utt02606#p01,DCBWoWhsTpA_utt02607#p01","DCBWoWhsTpA_utt02603,DCBWoWhsTpA_utt02604,DCBWoWhsTpA_utt02605,DCBWoWhsTpA_utt02606,DCBWoWhsTpA_utt02607",5,/Users/rajeshpmu/Desktop/LegalMemoCMT/data/phase2/clancy/corpus/raw/live-lindsay-clancy-trial-day-14/live-lindsay-clancy-trial-day-14_DCBWoWhsTpA.mp4,/Users/rajeshpmu/Desktop/LegalMemoCMT/data/phase2/clancy/corpus/raw/live-lindsay-clancy-trial-day-14/live-lindsay-clancy-trial-day-14_DCBWoWhsTpA.wav,/Users/rajeshpmu/Desktop/LegalMemoCMT/data/processed/phase2/clancy/turn_clips/video/DCBWoWhsTpA/DCBWoWhsTpA_turn06194.mp4,/Users/rajeshpmu/Desktop/LegalMemoCMT/data/processed/phase2/clancy/turn_clips/audio/DCBWoWhsTpA/DCBWoWhsTpA_turn06194.wav,3626.745,3633.117,6.372,created,01:00:26.745,01:00:33.117,0.0,default_zero,SPEAKER_18,1.816,pyannote/speaker-diarization-3.1,Witness,manual_verified_diarization,HIGH,YES,SPEAKING,Witness,YES,Witness 15 identified by manual audio/video review,INCLUDE,,YES,speaker_role=Witness,split_dev;usable,"usable because speaker_role=Witness, witness_speaking_status=SPEAKING, clip_status=created, duration=6.372s, and source is not excluded",YES,0.6,HIGH,manual_clip_review,HUMAN_VERIFIED,/Users/rajeshpmu/Desktop/LegalMemoCMT/data/processed/phase2/clancy/turn_clips/video/DCBWoWhsTpA/DCBWoWhsTpA_turn06194.mp4,/Users/rajeshpmu/Desktop/LegalMemoCMT/data/processed/phase2/clancy/vit_facecrop_embeddings/DCBWoWhsTpA/DCBWoWhsTpA_turn06194.npy,created,neutral,0.780947,0.856497,"{""anger"": 0.050579, ""disgust"": 0.065949, ""fear"": 0.008037, ""joy"": 0.018326, ""neutral"": 0.780947, ""sadness"": 0.068438, ""surprise"": 0.007723}",/Users/rajeshpmu/Desktop/LegalMemoCMT/results/facial_cues/meld_vit_facecrop_gated_video_aux/fold_4/best_model.pt,phase1_meld_checkpoint_pseudo_label,"audio,text,video","audio,text,video","{""audio_dim"": 128, ""audio_model_name"": ""facebook/hubert-base-ls960"", ""dropout"": 0.1, ""encoder_mode"": ""paper"", ""freeze_audio_backbone"": false, ""freeze_text_backbone"": false, ""fusion_dim"": 256, ""fusion_mode"": ""gated"", ""fusion_pooling"": ""min"", ""max_audio_len"": 256, ""max_text_len"": 128, ""max_video_len"": 32, ""num_classes"": 7, ""num_heads"": 4, ""num_layers"": 2, ""text_dim"": 256, ""text_model_name"": ""bert-base-uncased"", ""use_video"": true, ""video_dim"": 768, ""vocab_size"": 30000}",/Users/rajeshpmu/Desktop/LegalMemoCMT/data/processed/phase2/clancy/turn_clips/audio/DCBWoWhsTpA/DCBWoWhsTpA_turn06194.wav,OK,,0.479934,0.277742,0.277742,0.353681,3loi/SER-Odyssey-Baseline-WavLM-Multi-Attributes,OK,neu,1.0,speechbrain/emotion-recognition-wav2vec2-IEMOCAP,OK,NO,UNCLEAR,no explicit emotion-target evidence,LOW,LOW,LOW,NEUTRAL_CANDIDATE,neutral,neutral,neutral,0.580000,neutral,0.580000,"audio and courtroom-affect evidence support neutral, but emotion target is unresolved",NO,CALM_COMPOSED,1,low_or_moderate_audio_arousal;speechbrain_neutral
DCBWoWhsTpA_turn06212,DCBWoWhsTpA_turn06212,DCBWoWhsTpA,https://www.youtube.com/live/DCBWoWhsTpA,LIVE: Lindsay Clancy trial Day 14,full_trial_stream,5,/Users/rajeshpmu/Desktop/LegalMemoCMT/data/phase2/clancy/corpus/raw/live-lindsay-clancy-trial-day-14/live-lindsay-clancy-trial-day-14_DCBWoWhsTpA.en.vtt,/Users/rajeshpmu/Desktop/LegalMemoCMT/data/processed/phase2/clancy/turn_clips/video/DCBWoWhsTpA/DCBWoWhsTpA_turn06212.mp4,/Users/rajeshpmu/Desktop/LegalMemoCMT/data/processed/phase2/clancy/turn_clips/audio/DCBWoWhsTpA/DCBWoWhsTpA_turn06212.wav,DCBWoWhsTpA,group_by_youtube_id,dev,neutral,text_keyword_heuristic,LOW,NO,"audio and courtroom-affect evidence support neutral, but emotion target is unresolved",YES,Different page. Uh that looks like this page 12.,Different page. Uh that looks like this page 12.,01:02:12.210,01:02:17.776,5.566,5.566,marker,MEDIUM,1,5,"DCBWoWhsTpA_utt02693#p02,DCBWoWhsTpA_utt02694#p01,DCBWoWhsTpA_utt02695#p01,DCBWoWhsTpA_utt02696#p01,DCBWoWhsTpA_utt02697#p01","DCBWoWhsTpA_utt02693,DCBWoWhsTpA_utt02694,DCBWoWhsTpA_utt02695,DCBWoWhsTpA_utt02696,DCBWoWhsTpA_utt02697",5,/Users/rajeshpmu/Desktop/LegalMemoCMT/data/phase2/clancy/corpus/raw/live-lindsay-clancy-trial-day-14/live-lindsay-clancy-trial-day-14_DCBWoWhsTpA.mp4,/Users/rajeshpmu/Desktop/LegalMemoCMT/data/phase2/clancy/corpus/raw/live-lindsay-clancy-trial-day-14/live-lindsay-clancy-trial-day-14_DCBWoWhsTpA.wav,/Users/rajeshpmu/Desktop/LegalMemoCMT/data/processed/phase2/clancy/turn_clips/video/DCBWoWhsTpA/DCBWoWhsTpA_turn06212.mp4,/Users/rajeshpmu/Desktop/LegalMemoCMT/data/processed/phase2/clancy/turn_clips/audio/DCBWoWhsTpA/DCBWoWhsTpA_turn06212.wav,3732.21,3737.776,5.566,created,01:02:12.210,01:02:17.776,0.0,default_zero,SPEAKER_18,0.995,pyannote/speaker-diarization-3.1,Witness,manual_verified_diarization,HIGH,YES,SPEAKING,Witness,YES,Witness 15 identified by manual audio/video review,INCLUDE,,YES,speaker_role=Witness,split_dev;usable,"usable because speaker_role=Witness, witness_speaking_status=SPEAKING, clip_status=created, duration=5.566s, and source is not excluded",YES,0.6,HIGH,manual_clip_review,HUMAN_VERIFIED,/Users/rajeshpmu/Desktop/LegalMemoCMT/data/processed/phase2/clancy/turn_clips/video/DCBWoWhsTpA/DCBWoWhsTpA_turn06212.mp4,/Users/rajeshpmu/Desktop/LegalMemoCMT/data/processed/phase2/clancy/vit_facecrop_embeddings/DCBWoWhsTpA/DCBWoWhsTpA_turn06212.npy,created,neutral,0.893382,0.51313,"{""anger"": 0.017893, ""disgust"": 0.041797, ""fear"": 0.010063, ""joy"": 0.015266, ""neutral"": 0.893382, ""sadness"": 0.012303, ""surprise"": 0.009295}",/Users/rajeshpmu/Desktop/LegalMemoCMT/results/facial_cues/meld_vit_facecrop_gated_video_aux/fold_4/best_model.pt,phase1_meld_checkpoint_pseudo_label,"audio,text,video","audio,text,video","{""audio_dim"": 128, ""audio_model_name"": ""facebook/hubert-base-ls960"", ""dropout"": 0.1, ""encoder_mode"": ""paper"", ""freeze_audio_backbone"": false, ""freeze_text_backbone"": false, ""fusion_dim"": 256, ""fusion_mode"": ""gated"", ""fusion_pooling"": ""min"", ""max_audio_len"": 256, ""max_text_len"": 128, ""max_video_len"": 32, ""num_classes"": 7, ""num_heads"": 4, ""num_layers"": 2, ""text_dim"": 256, ""text_model_name"": ""bert-base-uncased"", ""use_video"": true, ""video_dim"": 768, ""vocab_size"": 30000}",/Users/rajeshpmu/Desktop/LegalMemoCMT/data/processed/phase2/clancy/turn_clips/audio/DCBWoWhsTpA/DCBWoWhsTpA_turn06212.wav,OK,,0.498135,0.353669,0.353669,0.421424,3loi/SER-Odyssey-Baseline-WavLM-Multi-Attributes,OK,neu,0.999995,speechbrain/emotion-recognition-wav2vec2-IEMOCAP,OK,NO,UNCLEAR,no explicit emotion-target evidence,LOW,LOW,LOW,NEUTRAL_CANDIDATE,neutral,neutral,neutral,0.580000,neutral,0.580000,"audio and courtroom-affect evidence support neutral, but emotion target is unresolved",NO,CALM_COMPOSED,1,low_or_moderate_audio_arousal;speechbrain_neutral
DCBWoWhsTpA_turn06216,DCBWoWhsTpA_turn06216,DCBWoWhsTpA,https://www.youtube.com/live/DCBWoWhsTpA,LIVE: Lindsay Clancy trial Day 14,full_trial_stream,5,/Users/rajeshpmu/Desktop/LegalMemoCMT/data/phase2/clancy/corpus/raw/live-lindsay-clancy-trial-day-14/live-lindsay-clancy-trial-day-14_DCBWoWhsTpA.en.vtt,/Users/rajeshpmu/Desktop/LegalMemoCMT/data/processed/phase2/clancy/turn_clips/video/DCBWoWhsTpA/DCBWoWhsTpA_turn06216.mp4,/Users/rajeshpmu/Desktop/LegalMemoCMT/data/processed/phase2/clancy/turn_clips/audio/DCBWoWhsTpA/DCBWoWhsTpA_turn06216.wav,DCBWoWhsTpA,group_by_youtube_id,dev,neutral,text_keyword_heuristic,LOW,NO,"audio and courtroom-affect evidence support neutral, but emotion target is unresolved",YES,"So, this is a revision. uh the revision submitted in February that just had uh a different record highlighted.","So, this is a revision. uh the revision submitted in February that just had uh a different record highlighted.",01:02:27.704,01:02:36.929,9.225,9.225,marker,MEDIUM,1,13,"DCBWoWhsTpA_utt02707#p02,DCBWoWhsTpA_utt02708#p01,DCBWoWhsTpA_utt02709#p01,DCBWoWhsTpA_utt02709#p02,DCBWoWhsTpA_utt02710#p01,DCBWoWhsTpA_utt02711#p01,DCBWoWhsTpA_utt02711#p02,DCBWoWhsTpA_utt02712#p01,DCBWoWhsTpA_utt02713#p01,DCBWoWhsTpA_utt02714#p01,DCBWoWhsTpA_utt02715#p01,DCBWoWhsTpA_utt02716#p01,DCBWoWhsTpA_utt02717#p01","DCBWoWhsTpA_utt02707,DCBWoWhsTpA_utt02708,DCBWoWhsTpA_utt02709,DCBWoWhsTpA_utt02710,DCBWoWhsTpA_utt02711,DCBWoWhsTpA_utt02712,DCBWoWhsTpA_utt02713,DCBWoWhsTpA_utt02714,DCBWoWhsTpA_utt02715,DCBWoWhsTpA_utt02716,DCBWoWhsTpA_utt02717",11,/Users/rajeshpmu/Desktop/LegalMemoCMT/data/phase2/clancy/corpus/raw/live-lindsay-clancy-trial-day-14/live-lindsay-clancy-trial-day-14_DCBWoWhsTpA.mp4,/Users/rajeshpmu/Desktop/LegalMemoCMT/data/phase2/clancy/corpus/raw/live-lindsay-clancy-trial-day-14/live-lindsay-clancy-trial-day-14_DCBWoWhsTpA.wav,/Users/rajeshpmu/Desktop/LegalMemoCMT/data/processed/phase2/clancy/turn_clips/video/DCBWoWhsTpA/DCBWoWhsTpA_turn06216.mp4,/Users/rajeshpmu/Desktop/LegalMemoCMT/data/processed/phase2/clancy/turn_clips/audio/DCBWoWhsTpA/DCBWoWhsTpA_turn06216.wav,3747.704,3756.929,9.225,created,01:02:27.704,01:02:36.929,0.0,default_zero,SPEAKER_18,3.392,pyannote/speaker-diarization-3.1,Witness,manual_verified_diarization,HIGH,YES,SPEAKING,Witness,YES,Witness 15 identified by manual audio/video review,INCLUDE,,YES,speaker_role=Witness,split_dev;usable,"usable because speaker_role=Witness, witness_speaking_status=SPEAKING, clip_status=created, duration=9.225s, and source is not excluded",YES,0.6,HIGH,manual_clip_review,HUMAN_VERIFIED,/Users/rajeshpmu/Desktop/LegalMemoCMT/data/processed/phase2/clancy/turn_clips/video/DCBWoWhsTpA/DCBWoWhsTpA_turn06216.mp4,/Users/rajeshpmu/Desktop/LegalMemoCMT/data/processed/phase2/clancy/vit_facecrop_embeddings/DCBWoWhsTpA/DCBWoWhsTpA_turn06216.npy,created,neutral,0.876777,0.5856,"{""anger"": 0.026996, ""disgust"": 0.011525, ""fear"": 0.01675, ""joy"": 0.034637, ""neutral"": 0.876777, ""sadness"": 0.017525, ""surprise"": 0.015789}",/Users/rajeshpmu/Desktop/LegalMemoCMT/results/facial_cues/meld_vit_facecrop_gated_video_aux/fold_4/best_model.pt,phase1_meld_checkpoint_pseudo_label,"audio,text,video","audio,text,video","{""audio_dim"": 128, ""audio_model_name"": ""facebook/hubert-base-ls960"", ""dropout"": 0.1, ""encoder_mode"": ""paper"", ""freeze_audio_backbone"": false, ""freeze_text_backbone"": false, ""fusion_dim"": 256, ""fusion_mode"": ""gated"", ""fusion_pooling"": ""min"", ""max_audio_len"": 256, ""max_text_len"": 128, ""max_video_len"": 32, ""num_classes"": 7, ""num_heads"": 4, ""num_layers"": 2, ""text_dim"": 256, ""text_model_name"": ""bert-base-uncased"", ""use_video"": true, ""video_dim"": 768, ""vocab_size"": 30000}",/Users/rajeshpmu/Desktop/LegalMemoCMT/data/processed/phase2/clancy/turn_clips/audio/DCBWoWhsTpA/DCBWoWhsTpA_turn06216.wav,OK,,0.549702,0.400422,0.400422,0.46406,3loi/SER-Odyssey-Baseline-WavLM-Multi-Attributes,OK,neu,1.0,speechbrain/emotion-recognition-wav2vec2-IEMOCAP,OK,NO,UNCLEAR,no explicit emotion-target evidence,LOW,LOW,LOW,NEUTRAL_CANDIDATE,neutral,neutral,neutral,0.580000,neutral,0.580000,"audio and courtroom-affect evidence support neutral, but emotion target is unresolved",NO,CALM_COMPOSED,1,low_or_moderate_audio_arousal;speechbrain_neutral
DCBWoWhsTpA_turn06246,DCBWoWhsTpA_turn06246,DCBWoWhsTpA,https://www.youtube.com/live/DCBWoWhsTpA,LIVE: Lindsay Clancy trial Day 14,full_trial_stream,5,/Users/rajeshpmu/Desktop/LegalMemoCMT/data/phase2/clancy/corpus/raw/live-lindsay-clancy-trial-day-14/live-lindsay-clancy-trial-day-14_DCBWoWhsTpA.en.vtt,/Users/rajeshpmu/Desktop/LegalMemoCMT/data/processed/phase2/clancy/turn_clips/video/DCBWoWhsTpA/DCBWoWhsTpA_turn06246.mp4,/Users/rajeshpmu/Desktop/LegalMemoCMT/data/processed/phase2/clancy/turn_clips/audio/DCBWoWhsTpA/DCBWoWhsTpA_turn06246.wav,DCBWoWhsTpA,group_by_youtube_id,dev,neutral,text_keyword_heuristic,LOW,YES,comparable Phase 1 and audio categorical outputs agree or audio class is not comparable,YES,"So, what was modified in this, if you know, because council asked you if there was modifications and things of that nature, and I'm just asking if you know, what was modified in it? um exactly at the moment I don't have all of that in front of me. It's possible to see snippets uh going back over time. Uh I do recall","So, what was modified in this, if you know, because council asked you if there was modifications and things of that nature, and I'm just asking if you know, what was modified in it? um exactly at the moment I don't have all of that in front of me. It's possible to see snippets uh going back over time. Uh I do recall",01:05:24.673,01:05:46.403,21.73,21.73,marker,MEDIUM,1,20,"DCBWoWhsTpA_utt02881#p02,DCBWoWhsTpA_utt02882#p01,DCBWoWhsTpA_utt02883#p01,DCBWoWhsTpA_utt02883#p02,DCBWoWhsTpA_utt02884#p01,DCBWoWhsTpA_utt02885#p01,DCBWoWhsTpA_utt02886#p01,DCBWoWhsTpA_utt02887#p01,DCBWoWhsTpA_utt02888#p01,DCBWoWhsTpA_utt02889#p01,DCBWoWhsTpA_utt02890#p01,DCBWoWhsTpA_utt02891#p01,DCBWoWhsTpA_utt02892#p01,DCBWoWhsTpA_utt02893#p01,DCBWoWhsTpA_utt02894#p01,DCBWoWhsTpA_utt02895#p01,DCBWoWhsTpA_utt02896#p01,DCBWoWhsTpA_utt02897#p01,DCBWoWhsTpA_utt02898#p01,DCBWoWhsTpA_utt02899#p01","DCBWoWhsTpA_utt02881,DCBWoWhsTpA_utt02882,DCBWoWhsTpA_utt02883,DCBWoWhsTpA_utt02884,DCBWoWhsTpA_utt02885,DCBWoWhsTpA_utt02886,DCBWoWhsTpA_utt02887,DCBWoWhsTpA_utt02888,DCBWoWhsTpA_utt02889,DCBWoWhsTpA_utt02890,DCBWoWhsTpA_utt02891,DCBWoWhsTpA_utt02892,DCBWoWhsTpA_utt02893,DCBWoWhsTpA_utt02894,DCBWoWhsTpA_utt02895,DCBWoWhsTpA_utt02896,DCBWoWhsTpA_utt02897,DCBWoWhsTpA_utt02898,DCBWoWhsTpA_utt02899",19,/Users/rajeshpmu/Desktop/LegalMemoCMT/data/phase2/clancy/corpus/raw/live-lindsay-clancy-trial-day-14/live-lindsay-clancy-trial-day-14_DCBWoWhsTpA.mp4,/Users/rajeshpmu/Desktop/LegalMemoCMT/data/phase2/clancy/corpus/raw/live-lindsay-clancy-trial-day-14/live-lindsay-clancy-trial-day-14_DCBWoWhsTpA.wav,/Users/rajeshpmu/Desktop/LegalMemoCMT/data/processed/phase2/clancy/turn_clips/video/DCBWoWhsTpA/DCBWoWhsTpA_turn06246.mp4,/Users/rajeshpmu/Desktop/LegalMemoCMT/data/processed/phase2/clancy/turn_clips/audio/DCBWoWhsTpA/DCBWoWhsTpA_turn06246.wav,3924.673,3946.403,21.73,created,01:05:24.673,01:05:46.403,0.0,default_zero,SPEAKER_18,6.582,pyannote/speaker-diarization-3.1,Witness,manual_verified_diarization,HIGH,YES,SPEAKING,Witness,YES,Witness 15 identified by manual audio/video review,INCLUDE,,YES,speaker_role=Witness,split_dev;usable,"usable because speaker_role=Witness, witness_speaking_status=SPEAKING, clip_status=created, duration=21.730s, and source is not excluded",YES,0.6,HIGH,manual_clip_review,HUMAN_VERIFIED,/Users/rajeshpmu/Desktop/LegalMemoCMT/data/processed/phase2/clancy/turn_clips/video/DCBWoWhsTpA/DCBWoWhsTpA_turn06246.mp4,/Users/rajeshpmu/Desktop/LegalMemoCMT/data/processed/phase2/clancy/vit_facecrop_embeddings/DCBWoWhsTpA/DCBWoWhsTpA_turn06246.npy,created,neutral,0.793403,0.860495,"{""anger"": 0.031861, ""disgust"": 0.027903, ""fear"": 0.016648, ""joy"": 0.049416, ""neutral"": 0.793403, ""sadness"": 0.058886, ""surprise"": 0.021883}",/Users/rajeshpmu/Desktop/LegalMemoCMT/results/facial_cues/meld_vit_facecrop_gated_video_aux/fold_4/best_model.pt,phase1_meld_checkpoint_pseudo_label,"audio,text,video","audio,text,video","{""audio_dim"": 128, ""audio_model_name"": ""facebook/hubert-base-ls960"", ""dropout"": 0.1, ""encoder_mode"": ""paper"", ""freeze_audio_backbone"": false, ""freeze_text_backbone"": false, ""fusion_dim"": 256, ""fusion_mode"": ""gated"", ""fusion_pooling"": ""min"", ""max_audio_len"": 256, ""max_text_len"": 128, ""max_video_len"": 32, ""num_classes"": 7, ""num_heads"": 4, ""num_layers"": 2, ""text_dim"": 256, ""text_model_name"": ""bert-base-uncased"", ""use_video"": true, ""video_dim"": 768, ""vocab_size"": 30000}",/Users/rajeshpmu/Desktop/LegalMemoCMT/data/processed/phase2/clancy/turn_clips/audio/DCBWoWhsTpA/DCBWoWhsTpA_turn06246.wav,OK,,0.439221,0.394091,0.394091,0.460372,3loi/SER-Odyssey-Baseline-WavLM-Multi-Attributes,OK,hap,1.0,speechbrain/emotion-recognition-wav2vec2-IEMOCAP,OK,NO,QUOTED_SPEECH,quote or reported speech marker,HIGH,LOW,HIGH,KEEP_PHASE1_CANDIDATE,neutral,joy,neutral,0.793403,neutral,0.793403,comparable Phase 1 and audio categorical outputs agree or audio class is not comparable,YES,UNKNOWN,,phase1_vs_comparable_audio_disagreement;low_or_moderate_audio_arousal
DCBWoWhsTpA_turn06248,DCBWoWhsTpA_turn06248,DCBWoWhsTpA,https://www.youtube.com/live/DCBWoWhsTpA,LIVE: Lindsay Clancy trial Day 14,full_trial_stream,5,/Users/rajeshpmu/Desktop/LegalMemoCMT/data/phase2/clancy/corpus/raw/live-lindsay-clancy-trial-day-14/live-lindsay-clancy-trial-day-14_DCBWoWhsTpA.en.vtt,/Users/rajeshpmu/Desktop/LegalMemoCMT/data/processed/phase2/clancy/turn_clips/video/DCBWoWhsTpA/DCBWoWhsTpA_turn06248.mp4,/Users/rajeshpmu/Desktop/LegalMemoCMT/data/processed/phase2/clancy/turn_clips/audio/DCBWoWhsTpA/DCBWoWhsTpA_turn06248.wav,DCBWoWhsTpA,group_by_youtube_id,dev,neutral,text_keyword_heuristic,LOW,NO,"audio and courtroom-affect evidence support neutral, but emotion target is unresolved",YES,on the 22nd of December when this was created it started with the same sentence.,on the 22nd of December when this was created it started with the same sentence.,01:05:46.719,01:05:51.114,4.395,4.395,marker,MEDIUM,1,7,"DCBWoWhsTpA_utt02901#p02,DCBWoWhsTpA_utt02902#p01,DCBWoWhsTpA_utt02903#p01,DCBWoWhsTpA_utt02904#p01,DCBWoWhsTpA_utt02905#p01,DCBWoWhsTpA_utt02906#p01,DCBWoWhsTpA_utt02907#p01","DCBWoWhsTpA_utt02901,DCBWoWhsTpA_utt02902,DCBWoWhsTpA_utt02903,DCBWoWhsTpA_utt02904,DCBWoWhsTpA_utt02905,DCBWoWhsTpA_utt02906,DCBWoWhsTpA_utt02907",7,/Users/rajeshpmu/Desktop/LegalMemoCMT/data/phase2/clancy/corpus/raw/live-lindsay-clancy-trial-day-14/live-lindsay-clancy-trial-day-14_DCBWoWhsTpA.mp4,/Users/rajeshpmu/Desktop/LegalMemoCMT/data/phase2/clancy/corpus/raw/live-lindsay-clancy-trial-day-14/live-lindsay-clancy-trial-day-14_DCBWoWhsTpA.wav,/Users/rajeshpmu/Desktop/LegalMemoCMT/data/processed/phase2/clancy/turn_clips/video/DCBWoWhsTpA/DCBWoWhsTpA_turn06248.mp4,/Users/rajeshpmu/Desktop/LegalMemoCMT/data/processed/phase2/clancy/turn_clips/audio/DCBWoWhsTpA/DCBWoWhsTpA_turn06248.wav,3946.719,3951.114,4.395,created,01:05:46.719,01:05:51.114,0.0,default_zero,SPEAKER_18,4.087,pyannote/speaker-diarization-3.1,Witness,manual_verified_diarization,HIGH,YES,SPEAKING,Witness,YES,Witness 15 identified by manual audio/video review,INCLUDE,,YES,speaker_role=Witness,split_dev;usable,"usable because speaker_role=Witness, witness_speaking_status=SPEAKING, clip_status=created, duration=4.395s, and source is not excluded",YES,0.6,HIGH,manual_clip_review,HUMAN_VERIFIED,/Users/rajeshpmu/Desktop/LegalMemoCMT/data/processed/phase2/clancy/turn_clips/video/DCBWoWhsTpA/DCBWoWhsTpA_turn06248.mp4,/Users/rajeshpmu/Desktop/LegalMemoCMT/data/processed/phase2/clancy/vit_facecrop_embeddings/DCBWoWhsTpA/DCBWoWhsTpA_turn06248.npy,created,neutral,0.682293,1.061627,"{""anger"": 0.031937, ""disgust"": 0.090805, ""fear"": 0.019653, ""joy"": 0.14809, ""neutral"": 0.682293, ""sadness"": 0.006345, ""surprise"": 0.020877}",/Users/rajeshpmu/Desktop/LegalMemoCMT/results/facial_cues/meld_vit_facecrop_gated_video_aux/fold_4/best_model.pt,phase1_meld_checkpoint_pseudo_label,"audio,text,video","audio,text,video","{""audio_dim"": 128, ""audio_model_name"": ""facebook/hubert-base-ls960"", ""dropout"": 0.1, ""encoder_mode"": ""paper"", ""freeze_audio_backbone"": false, ""freeze_text_backbone"": false, ""fusion_dim"": 256, ""fusion_mode"": ""gated"", ""fusion_pooling"": ""min"", ""max_audio_len"": 256, ""max_text_len"": 128, ""max_video_len"": 32, ""num_classes"": 7, ""num_heads"": 4, ""num_layers"": 2, ""text_dim"": 256, ""text_model_name"": ""bert-base-uncased"", ""use_video"": true, ""video_dim"": 768, ""vocab_size"": 30000}",/Users/rajeshpmu/Desktop/LegalMemoCMT/data/processed/phase2/clancy/turn_clips/audio/DCBWoWhsTpA/DCBWoWhsTpA_turn06248.wav,OK,,0.538066,0.428676,0.428676,0.515018,3loi/SER-Odyssey-Baseline-WavLM-Multi-Attributes,OK,neu,1.0,speechbrain/emotion-recognition-wav2vec2-IEMOCAP,OK,NO,UNCLEAR,no explicit emotion-target evidence,LOW,LOW,LOW,NEUTRAL_CANDIDATE,neutral,neutral,neutral,0.580000,neutral,0.580000,"audio and courtroom-affect evidence support neutral, but emotion target is unresolved",NO,CALM_COMPOSED,1,low_or_moderate_audio_arousal;speechbrain_neutral
DCBWoWhsTpA_turn06250,DCBWoWhsTpA_turn06250,DCBWoWhsTpA,https://www.youtube.com/live/DCBWoWhsTpA,LIVE: Lindsay Clancy trial Day 14,full_trial_stream,5,/Users/rajeshpmu/Desktop/LegalMemoCMT/data/phase2/clancy/corpus/raw/live-lindsay-clancy-trial-day-14/live-lindsay-clancy-trial-day-14_DCBWoWhsTpA.en.vtt,/Users/rajeshpmu/Desktop/LegalMemoCMT/data/processed/phase2/clancy/turn_clips/video/DCBWoWhsTpA/DCBWoWhsTpA_turn06250.mp4,/Users/rajeshpmu/Desktop/LegalMemoCMT/data/processed/phase2/clancy/turn_clips/audio/DCBWoWhsTpA/DCBWoWhsTpA_turn06250.wav,DCBWoWhsTpA,group_by_youtube_id,dev,neutral,text_keyword_heuristic,LOW,NO,"audio and courtroom-affect evidence support neutral, but emotion target is unresolved",YES,uh and there was a few uh essentially spell check or spelling differences.,uh and there was a few uh essentially spell check or spelling differences.,01:05:51.839,01:05:57.618,5.779,5.779,marker,MEDIUM,1,5,"DCBWoWhsTpA_utt02909#p02,DCBWoWhsTpA_utt02910#p01,DCBWoWhsTpA_utt02911#p01,DCBWoWhsTpA_utt02912#p01,DCBWoWhsTpA_utt02913#p01","DCBWoWhsTpA_utt02909,DCBWoWhsTpA_utt02910,DCBWoWhsTpA_utt02911,DCBWoWhsTpA_utt02912,DCBWoWhsTpA_utt02913",5,/Users/rajeshpmu/Desktop/LegalMemoCMT/data/phase2/clancy/corpus/raw/live-lindsay-clancy-trial-day-14/live-lindsay-clancy-trial-day-14_DCBWoWhsTpA.mp4,/Users/rajeshpmu/Desktop/LegalMemoCMT/data/phase2/clancy/corpus/raw/live-lindsay-clancy-trial-day-14/live-lindsay-clancy-trial-day-14_DCBWoWhsTpA.wav,/Users/rajeshpmu/Desktop/LegalMemoCMT/data/processed/phase2/clancy/turn_clips/video/DCBWoWhsTpA/DCBWoWhsTpA_turn06250.mp4,/Users/rajeshpmu/Desktop/LegalMemoCMT/data/processed/phase2/clancy/turn_clips/audio/DCBWoWhsTpA/DCBWoWhsTpA_turn06250.wav,3951.839,3957.618,5.779,created,01:05:51.839,01:05:57.618,0.0,default_zero,SPEAKER_18,5.616,pyannote/speaker-diarization-3.1,Witness,manual_verified_diarization,HIGH,YES,SPEAKING,Witness,YES,Witness 15 identified by manual audio/video review,INCLUDE,,YES,speaker_role=Witness,split_dev;usable,"usable because speaker_role=Witness, witness_speaking_status=SPEAKING, clip_status=created, duration=5.779s, and source is not excluded",YES,0.6,HIGH,manual_clip_review,HUMAN_VERIFIED,/Users/rajeshpmu/Desktop/LegalMemoCMT/data/processed/phase2/clancy/turn_clips/video/DCBWoWhsTpA/DCBWoWhsTpA_turn06250.mp4,/Users/rajeshpmu/Desktop/LegalMemoCMT/data/processed/phase2/clancy/vit_facecrop_embeddings/DCBWoWhsTpA/DCBWoWhsTpA_turn06250.npy,created,neutral,0.855953,0.660074,"{""anger"": 0.020027, ""disgust"": 0.011208, ""fear"": 0.0371, ""joy"": 0.033181, ""neutral"": 0.855953, ""sadness"": 0.025139, ""surprise"": 0.017393}",/Users/rajeshpmu/Desktop/LegalMemoCMT/results/facial_cues/meld_vit_facecrop_gated_video_aux/fold_4/best_model.pt,phase1_meld_checkpoint_pseudo_label,"audio,text,video","audio,text,video","{""audio_dim"": 128, ""audio_model_name"": ""facebook/hubert-base-ls960"", ""dropout"": 0.1, ""encoder_mode"": ""paper"", ""freeze_audio_backbone"": false, ""freeze_text_backbone"": false, ""fusion_dim"": 256, ""fusion_mode"": ""gated"", ""fusion_pooling"": ""min"", ""max_audio_len"": 256, ""max_text_len"": 128, ""max_video_len"": 32, ""num_classes"": 7, ""num_heads"": 4, ""num_layers"": 2, ""text_dim"": 256, ""text_model_name"": ""bert-base-uncased"", ""use_video"": true, ""video_dim"": 768, ""vocab_size"": 30000}",/Users/rajeshpmu/Desktop/LegalMemoCMT/data/processed/phase2/clancy/turn_clips/audio/DCBWoWhsTpA/DCBWoWhsTpA_turn06250.wav,OK,,0.51922,0.395351,0.395351,0.462316,3loi/SER-Odyssey-Baseline-WavLM-Multi-Attributes,OK,neu,1.0,speechbrain/emotion-recognition-wav2vec2-IEMOCAP,OK,NO,UNCLEAR,no explicit emotion-target evidence,LOW,LOW,LOW,NEUTRAL_CANDIDATE,neutral,neutral,neutral,0.580000,neutral,0.580000,"audio and courtroom-affect evidence support neutral, but emotion target is unresolved",NO,CALM_COMPOSED,1,low_or_moderate_audio_arousal;speechbrain_neutral
DCBWoWhsTpA_turn06252,DCBWoWhsTpA_turn06252,DCBWoWhsTpA,https://www.youtube.com/live/DCBWoWhsTpA,LIVE: Lindsay Clancy trial Day 14,full_trial_stream,5,/Users/rajeshpmu/Desktop/LegalMemoCMT/data/phase2/clancy/corpus/raw/live-lindsay-clancy-trial-day-14/live-lindsay-clancy-trial-day-14_DCBWoWhsTpA.en.vtt,/Users/rajeshpmu/Desktop/LegalMemoCMT/data/processed/phase2/clancy/turn_clips/video/DCBWoWhsTpA/DCBWoWhsTpA_turn06252.mp4,/Users/rajeshpmu/Desktop/LegalMemoCMT/data/processed/phase2/clancy/turn_clips/audio/DCBWoWhsTpA/DCBWoWhsTpA_turn06252.wav,DCBWoWhsTpA,group_by_youtube_id,dev,neutral,text_keyword_heuristic,LOW,NO,PHASE1_AUDIO_AGREEMENT,YES,"As time went on. Uh but as much as you can recover from the earlier versions of the note, it's a snippet. It's essentially two sentences and the rest of it is essentially the same note.","As time went on. Uh but as much as you can recover from the earlier versions of the note, it's a snippet. It's essentially two sentences and the rest of it is essentially the same note.",01:05:58.028,01:06:11.075,13.047,13.047,marker,MEDIUM,1,11,"DCBWoWhsTpA_utt02915#p02,DCBWoWhsTpA_utt02916#p01,DCBWoWhsTpA_utt02917#p01,DCBWoWhsTpA_utt02918#p01,DCBWoWhsTpA_utt02919#p01,DCBWoWhsTpA_utt02920#p01,DCBWoWhsTpA_utt02921#p01,DCBWoWhsTpA_utt02922#p01,DCBWoWhsTpA_utt02923#p01,DCBWoWhsTpA_utt02924#p01,DCBWoWhsTpA_utt02925#p01","DCBWoWhsTpA_utt02915,DCBWoWhsTpA_utt02916,DCBWoWhsTpA_utt02917,DCBWoWhsTpA_utt02918,DCBWoWhsTpA_utt02919,DCBWoWhsTpA_utt02920,DCBWoWhsTpA_utt02921,DCBWoWhsTpA_utt02922,DCBWoWhsTpA_utt02923,DCBWoWhsTpA_utt02924,DCBWoWhsTpA_utt02925",11,/Users/rajeshpmu/Desktop/LegalMemoCMT/data/phase2/clancy/corpus/raw/live-lindsay-clancy-trial-day-14/live-lindsay-clancy-trial-day-14_DCBWoWhsTpA.mp4,/Users/rajeshpmu/Desktop/LegalMemoCMT/data/phase2/clancy/corpus/raw/live-lindsay-clancy-trial-day-14/live-lindsay-clancy-trial-day-14_DCBWoWhsTpA.wav,/Users/rajeshpmu/Desktop/LegalMemoCMT/data/processed/phase2/clancy/turn_clips/video/DCBWoWhsTpA/DCBWoWhsTpA_turn06252.mp4,/Users/rajeshpmu/Desktop/LegalMemoCMT/data/processed/phase2/clancy/turn_clips/audio/DCBWoWhsTpA/DCBWoWhsTpA_turn06252.wav,3958.028,3971.075,13.047,created,01:05:58.028,01:06:11.075,0.0,default_zero,SPEAKER_18,8.673,pyannote/speaker-diarization-3.1,Witness,manual_verified_diarization,HIGH,YES,SPEAKING,Witness,YES,Witness 15 identified by manual audio/video review,INCLUDE,,YES,speaker_role=Witness,split_dev;usable,"usable because speaker_role=Witness, witness_speaking_status=SPEAKING, clip_status=created, duration=13.047s, and source is not excluded",YES,0.6,HIGH,manual_clip_review,HUMAN_VERIFIED,/Users/rajeshpmu/Desktop/LegalMemoCMT/data/processed/phase2/clancy/turn_clips/video/DCBWoWhsTpA/DCBWoWhsTpA_turn06252.mp4,/Users/rajeshpmu/Desktop/LegalMemoCMT/data/processed/phase2/clancy/vit_facecrop_embeddings/DCBWoWhsTpA/DCBWoWhsTpA_turn06252.npy,created,neutral,0.883911,0.536992,"{""anger"": 0.017193, ""disgust"": 0.015652, ""fear"": 0.009216, ""joy"": 0.053955, ""neutral"": 0.883911, ""sadness"": 0.009041, ""surprise"": 0.011033}",/Users/rajeshpmu/Desktop/LegalMemoCMT/results/facial_cues/meld_vit_facecrop_gated_video_aux/fold_4/best_model.pt,phase1_meld_checkpoint_pseudo_label,"audio,text,video","audio,text,video","{""audio_dim"": 128, ""audio_model_name"": ""facebook/hubert-base-ls960"", ""dropout"": 0.1, ""encoder_mode"": ""paper"", ""freeze_audio_backbone"": false, ""freeze_text_backbone"": false, ""fusion_dim"": 256, ""fusion_mode"": ""gated"", ""fusion_pooling"": ""min"", ""max_audio_len"": 256, ""max_text_len"": 128, ""max_video_len"": 32, ""num_classes"": 7, ""num_heads"": 4, ""num_layers"": 2, ""text_dim"": 256, ""text_model_name"": ""bert-base-uncased"", ""use_video"": true, ""video_dim"": 768, ""vocab_size"": 30000}",/Users/rajeshpmu/Desktop/LegalMemoCMT/data/processed/phase2/clancy/turn_clips/audio/DCBWoWhsTpA/DCBWoWhsTpA_turn06252.wav,OK,,0.526697,0.46198,0.46198,0.517688,3loi/SER-Odyssey-Baseline-WavLM-Multi-Attributes,OK,neu,1.0,speechbrain/emotion-recognition-wav2vec2-IEMOCAP,OK,NO,QUOTED_SPEECH,quote or reported speech marker,LOW,LOW,LOW,KEEP_PHASE1_CANDIDATE,neutral,neutral,neutral,0.883911,neutral,0.883911,PHASE1_AUDIO_AGREEMENT,NO,UNKNOWN,,speechbrain_neutral
DCBWoWhsTpA_turn06253,DCBWoWhsTpA_turn06253,DCBWoWhsTpA,https://www.youtube.com/live/DCBWoWhsTpA,LIVE: Lindsay Clancy trial Day 14,full_trial_stream,5,/Users/rajeshpmu/Desktop/LegalMemoCMT/data/phase2/clancy/corpus/raw/live-lindsay-clancy-trial-day-14/live-lindsay-clancy-trial-day-14_DCBWoWhsTpA.en.vtt,/Users/rajeshpmu/Desktop/LegalMemoCMT/data/processed/phase2/clancy/turn_clips/video/DCBWoWhsTpA/DCBWoWhsTpA_turn06253.mp4,/Users/rajeshpmu/Desktop/LegalMemoCMT/data/processed/phase2/clancy/turn_clips/audio/DCBWoWhsTpA/DCBWoWhsTpA_turn06253.wav,DCBWoWhsTpA,group_by_youtube_id,dev,neutral,text_keyword_heuristic,LOW,NO,"calm courtroom presentation with neutral acoustic evidence, low/moderate excitement, and non-self emotion target",YES,"Okay. Thank you, sir. Um, going forward on to page 18, page 19, uh, and 20. Would you agree with me that, well, actually in 21, they basically contain photographs that were sent from Lindsay's phone to looks like Patrick's phone. Would you agree with that? Um, I believe the first few pages are sent to mommy.","Okay. Thank you, sir. Um, going forward on to page 18, page 19, uh, and 20. Would you agree with me that, well, actually in 21, they basically contain photographs that were sent from Lindsay's phone to looks like Patrick's phone. Would you agree with that? Um, I believe the first few pages are sent to mommy.",01:06:11.075,01:06:40.154,29.079,29.079,marker,MEDIUM,1,21,"DCBWoWhsTpA_utt02925#p02,DCBWoWhsTpA_utt02926#p01,DCBWoWhsTpA_utt02927#p01,DCBWoWhsTpA_utt02928#p01,DCBWoWhsTpA_utt02929#p01,DCBWoWhsTpA_utt02930#p01,DCBWoWhsTpA_utt02931#p01,DCBWoWhsTpA_utt02932#p01,DCBWoWhsTpA_utt02933#p01,DCBWoWhsTpA_utt02934#p01,DCBWoWhsTpA_utt02935#p01,DCBWoWhsTpA_utt02936#p01,DCBWoWhsTpA_utt02937#p01,DCBWoWhsTpA_utt02938#p01,DCBWoWhsTpA_utt02939#p01,DCBWoWhsTpA_utt02940#p01,DCBWoWhsTpA_utt02941#p01,DCBWoWhsTpA_utt02942#p01,DCBWoWhsTpA_utt02943#p01,DCBWoWhsTpA_utt02944#p01,DCBWoWhsTpA_utt02945#p01","DCBWoWhsTpA_utt02925,DCBWoWhsTpA_utt02926,DCBWoWhsTpA_utt02927,DCBWoWhsTpA_utt02928,DCBWoWhsTpA_utt02929,DCBWoWhsTpA_utt02930,DCBWoWhsTpA_utt02931,DCBWoWhsTpA_utt02932,DCBWoWhsTpA_utt02933,DCBWoWhsTpA_utt02934,DCBWoWhsTpA_utt02935,DCBWoWhsTpA_utt02936,DCBWoWhsTpA_utt02937,DCBWoWhsTpA_utt02938,DCBWoWhsTpA_utt02939,DCBWoWhsTpA_utt02940,DCBWoWhsTpA_utt02941,DCBWoWhsTpA_utt02942,DCBWoWhsTpA_utt02943,DCBWoWhsTpA_utt02944,DCBWoWhsTpA_utt02945",21,/Users/rajeshpmu/Desktop/LegalMemoCMT/data/phase2/clancy/corpus/raw/live-lindsay-clancy-trial-day-14/live-lindsay-clancy-trial-day-14_DCBWoWhsTpA.mp4,/Users/rajeshpmu/Desktop/LegalMemoCMT/data/phase2/clancy/corpus/raw/live-lindsay-clancy-trial-day-14/live-lindsay-clancy-trial-day-14_DCBWoWhsTpA.wav,/Users/rajeshpmu/Desktop/LegalMemoCMT/data/processed/phase2/clancy/turn_clips/video/DCBWoWhsTpA/DCBWoWhsTpA_turn06253.mp4,/Users/rajeshpmu/Desktop/LegalMemoCMT/data/processed/phase2/clancy/turn_clips/audio/DCBWoWhsTpA/DCBWoWhsTpA_turn06253.wav,3971.075,4000.154,29.079,created,01:06:11.075,01:06:40.154,0.0,default_zero,SPEAKER_18,4.185,pyannote/speaker-diarization-3.1,Witness,manual_verified_diarization,HIGH,YES,SPEAKING,Witness,YES,Witness 15 identified by manual audio/video review,INCLUDE,,YES,speaker_role=Witness,split_dev;usable,"usable because speaker_role=Witness, witness_speaking_status=SPEAKING, clip_status=created, duration=29.079s, and source is not excluded",YES,0.6,HIGH,manual_clip_review,HUMAN_VERIFIED,/Users/rajeshpmu/Desktop/LegalMemoCMT/data/processed/phase2/clancy/turn_clips/video/DCBWoWhsTpA/DCBWoWhsTpA_turn06253.mp4,/Users/rajeshpmu/Desktop/LegalMemoCMT/data/processed/phase2/clancy/vit_facecrop_embeddings/DCBWoWhsTpA/DCBWoWhsTpA_turn06253.npy,created,neutral,0.886503,0.529687,"{""anger"": 0.036696, ""disgust"": 0.003506, ""fear"": 0.009604, ""joy"": 0.028739, ""neutral"": 0.886503, ""sadness"": 0.027631, ""surprise"": 0.007321}",/Users/rajeshpmu/Desktop/LegalMemoCMT/results/facial_cues/meld_vit_facecrop_gated_video_aux/fold_4/best_model.pt,phase1_meld_checkpoint_pseudo_label,"audio,text,video","audio,text,video","{""audio_dim"": 128, ""audio_model_name"": ""facebook/hubert-base-ls960"", ""dropout"": 0.1, ""encoder_mode"": ""paper"", ""freeze_audio_backbone"": false, ""freeze_text_backbone"": false, ""fusion_dim"": 256, ""fusion_mode"": ""gated"", ""fusion_pooling"": ""min"", ""max_audio_len"": 256, ""max_text_len"": 128, ""max_video_len"": 32, ""num_classes"": 7, ""num_heads"": 4, ""num_layers"": 2, ""text_dim"": 256, ""text_model_name"": ""bert-base-uncased"", ""use_video"": true, ""video_dim"": 768, ""vocab_size"": 30000}",/Users/rajeshpmu/Desktop/LegalMemoCMT/data/processed/phase2/clancy/turn_clips/audio/DCBWoWhsTpA/DCBWoWhsTpA_turn06253.wav,OK,,0.412985,0.29913,0.29913,0.409215,3loi/SER-Odyssey-Baseline-WavLM-Multi-Attributes,OK,neu,1.0,speechbrain/emotion-recognition-wav2vec2-IEMOCAP,OK,NO,QUOTED_SPEECH,quote or reported speech marker,LOW,LOW,LOW,NEUTRAL_CANDIDATE,neutral,neutral,neutral,0.720000,neutral,0.720000,"calm courtroom presentation with neutral acoustic evidence, low/moderate excitement, and non-self emotion target",NO,CALM_COMPOSED,1,low_or_moderate_audio_arousal;speechbrain_neutral
DCBWoWhsTpA_turn06260,DCBWoWhsTpA_turn06260,DCBWoWhsTpA,https://www.youtube.com/live/DCBWoWhsTpA,LIVE: Lindsay Clancy trial Day 14,full_trial_stream,5,/Users/rajeshpmu/Desktop/LegalMemoCMT/data/phase2/clancy/corpus/raw/live-lindsay-clancy-trial-day-14/live-lindsay-clancy-trial-day-14_DCBWoWhsTpA.en.vtt,/Users/rajeshpmu/Desktop/LegalMemoCMT/data/processed/phase2/clancy/turn_clips/video/DCBWoWhsTpA/DCBWoWhsTpA_turn06260.mp4,/Users/rajeshpmu/Desktop/LegalMemoCMT/data/processed/phase2/clancy/turn_clips/audio/DCBWoWhsTpA/DCBWoWhsTpA_turn06260.wav,DCBWoWhsTpA,group_by_youtube_id,dev,neutral,text_keyword_heuristic,LOW,YES,comparable Phase 1 and audio categorical outputs agree or audio class is not comparable,YES,"And can you tell me what the response is? Uh, the one on screen at the moment is the response sent from mommy to Lindsay's phone saying, ""That's a big roll of snow. I was wondering if you got enough for the kids to play in, and it's pretty nice day, too. Gives them something to do on a day without school.""","And can you tell me what the response is? Uh, the one on screen at the moment is the response sent from mommy to Lindsay's phone saying, ""That's a big roll of snow. I was wondering if you got enough for the kids to play in, and it's pretty nice day, too. Gives them something to do on a day without school.""",01:06:58.434,01:07:16.922,18.488,18.488,marker,MEDIUM,1,21,"DCBWoWhsTpA_utt02965#p02,DCBWoWhsTpA_utt02966#p01,DCBWoWhsTpA_utt02967#p01,DCBWoWhsTpA_utt02968#p01,DCBWoWhsTpA_utt02969#p01,DCBWoWhsTpA_utt02970#p01,DCBWoWhsTpA_utt02971#p01,DCBWoWhsTpA_utt02972#p01,DCBWoWhsTpA_utt02973#p01,DCBWoWhsTpA_utt02974#p01,DCBWoWhsTpA_utt02975#p01,DCBWoWhsTpA_utt02976#p01,DCBWoWhsTpA_utt02977#p01,DCBWoWhsTpA_utt02978#p01,DCBWoWhsTpA_utt02979#p01,DCBWoWhsTpA_utt02980#p01,DCBWoWhsTpA_utt02981#p01,DCBWoWhsTpA_utt02982#p01,DCBWoWhsTpA_utt02983#p01,DCBWoWhsTpA_utt02984#p01,DCBWoWhsTpA_utt02985#p01","DCBWoWhsTpA_utt02965,DCBWoWhsTpA_utt02966,DCBWoWhsTpA_utt02967,DCBWoWhsTpA_utt02968,DCBWoWhsTpA_utt02969,DCBWoWhsTpA_utt02970,DCBWoWhsTpA_utt02971,DCBWoWhsTpA_utt02972,DCBWoWhsTpA_utt02973,DCBWoWhsTpA_utt02974,DCBWoWhsTpA_utt02975,DCBWoWhsTpA_utt02976,DCBWoWhsTpA_utt02977,DCBWoWhsTpA_utt02978,DCBWoWhsTpA_utt02979,DCBWoWhsTpA_utt02980,DCBWoWhsTpA_utt02981,DCBWoWhsTpA_utt02982,DCBWoWhsTpA_utt02983,DCBWoWhsTpA_utt02984,DCBWoWhsTpA_utt02985",21,/Users/rajeshpmu/Desktop/LegalMemoCMT/data/phase2/clancy/corpus/raw/live-lindsay-clancy-trial-day-14/live-lindsay-clancy-trial-day-14_DCBWoWhsTpA.mp4,/Users/rajeshpmu/Desktop/LegalMemoCMT/data/phase2/clancy/corpus/raw/live-lindsay-clancy-trial-day-14/live-lindsay-clancy-trial-day-14_DCBWoWhsTpA.wav,/Users/rajeshpmu/Desktop/LegalMemoCMT/data/processed/phase2/clancy/turn_clips/video/DCBWoWhsTpA/DCBWoWhsTpA_turn06260.mp4,/Users/rajeshpmu/Desktop/LegalMemoCMT/data/processed/phase2/clancy/turn_clips/audio/DCBWoWhsTpA/DCBWoWhsTpA_turn06260.wav,4018.434,4036.922,18.488,created,01:06:58.434,01:07:16.922,0.0,default_zero,SPEAKER_18,13.938,pyannote/speaker-diarization-3.1,Witness,manual_verified_diarization,HIGH,YES,SPEAKING,Witness,YES,Witness 15 identified by manual audio/video review,INCLUDE,,YES,speaker_role=Witness,split_dev;usable,"usable because speaker_role=Witness, witness_speaking_status=SPEAKING, clip_status=created, duration=18.488s, and source is not excluded",YES,0.6,HIGH,manual_clip_review,HUMAN_VERIFIED,/Users/rajeshpmu/Desktop/LegalMemoCMT/data/processed/phase2/clancy/turn_clips/video/DCBWoWhsTpA/DCBWoWhsTpA_turn06260.mp4,/Users/rajeshpmu/Desktop/LegalMemoCMT/data/processed/phase2/clancy/vit_facecrop_embeddings/DCBWoWhsTpA/DCBWoWhsTpA_turn06260.npy,created,anger,0.471075,0.955619,"{""anger"": 0.471075, ""disgust"": 0.002288, ""fear"": 0.010425, ""joy"": 0.033865, ""neutral"": 0.467997, ""sadness"": 0.010184, ""surprise"": 0.004166}",/Users/rajeshpmu/Desktop/LegalMemoCMT/results/facial_cues/meld_vit_facecrop_gated_video_aux/fold_4/best_model.pt,phase1_meld_checkpoint_pseudo_label,"audio,text,video","audio,text,video","{""audio_dim"": 128, ""audio_model_name"": ""facebook/hubert-base-ls960"", ""dropout"": 0.1, ""encoder_mode"": ""paper"", ""freeze_audio_backbone"": false, ""freeze_text_backbone"": false, ""fusion_dim"": 256, ""fusion_mode"": ""gated"", ""fusion_pooling"": ""min"", ""max_audio_len"": 256, ""max_text_len"": 128, ""max_video_len"": 32, ""num_classes"": 7, ""num_heads"": 4, ""num_layers"": 2, ""text_dim"": 256, ""text_model_name"": ""bert-base-uncased"", ""use_video"": true, ""video_dim"": 768, ""vocab_size"": 30000}",/Users/rajeshpmu/Desktop/LegalMemoCMT/data/processed/phase2/clancy/turn_clips/audio/DCBWoWhsTpA/DCBWoWhsTpA_turn06260.wav,OK,,0.492527,0.368579,0.368579,0.442393,3loi/SER-Odyssey-Baseline-WavLM-Multi-Attributes,OK,hap,0.772977,speechbrain/emotion-recognition-wav2vec2-IEMOCAP,OK,NO,QUOTED_SPEECH,quote or reported speech marker,MEDIUM,LOW,MEDIUM,KEEP_PHASE1_CANDIDATE,anger,joy,anger,0.471075,anger,0.471075,comparable Phase 1 and audio categorical outputs agree or audio class is not comparable,YES,UNKNOWN,,phase1_vs_comparable_audio_disagreement;low_or_moderate_audio_arousal
DCBWoWhsTpA_turn06262,DCBWoWhsTpA_turn06262,DCBWoWhsTpA,https://www.youtube.com/live/DCBWoWhsTpA,LIVE: Lindsay Clancy trial Day 14,full_trial_stream,5,/Users/rajeshpmu/Desktop/LegalMemoCMT/data/phase2/clancy/corpus/raw/live-lindsay-clancy-trial-day-14/live-lindsay-clancy-trial-day-14_DCBWoWhsTpA.en.vtt,/Users/rajeshpmu/Desktop/LegalMemoCMT/data/processed/phase2/clancy/turn_clips/video/DCBWoWhsTpA/DCBWoWhsTpA_turn06262.mp4,/Users/rajeshpmu/Desktop/LegalMemoCMT/data/processed/phase2/clancy/turn_clips/audio/DCBWoWhsTpA/DCBWoWhsTpA_turn06262.wav,DCBWoWhsTpA,group_by_youtube_id,dev,neutral,text_keyword_heuristic,LOW,NO,PHASE1_AUDIO_AGREEMENT,YES,Correct. And this is a conversation with Patrick.,Correct. And this is a conversation with Patrick.,01:07:46.424,01:07:48.914,2.49,2.49,marker,MEDIUM,1,5,"DCBWoWhsTpA_utt03007#p02,DCBWoWhsTpA_utt03008#p01,DCBWoWhsTpA_utt03009#p01,DCBWoWhsTpA_utt03010#p01,DCBWoWhsTpA_utt03011#p01","DCBWoWhsTpA_utt03007,DCBWoWhsTpA_utt03008,DCBWoWhsTpA_utt03009,DCBWoWhsTpA_utt03010,DCBWoWhsTpA_utt03011",5,/Users/rajeshpmu/Desktop/LegalMemoCMT/data/phase2/clancy/corpus/raw/live-lindsay-clancy-trial-day-14/live-lindsay-clancy-trial-day-14_DCBWoWhsTpA.mp4,/Users/rajeshpmu/Desktop/LegalMemoCMT/data/phase2/clancy/corpus/raw/live-lindsay-clancy-trial-day-14/live-lindsay-clancy-trial-day-14_DCBWoWhsTpA.wav,/Users/rajeshpmu/Desktop/LegalMemoCMT/data/processed/phase2/clancy/turn_clips/video/DCBWoWhsTpA/DCBWoWhsTpA_turn06262.mp4,/Users/rajeshpmu/Desktop/LegalMemoCMT/data/processed/phase2/clancy/turn_clips/audio/DCBWoWhsTpA/DCBWoWhsTpA_turn06262.wav,4066.424,4068.914,2.49,created,01:07:46.424,01:07:48.914,0.0,default_zero,SPEAKER_18,1.883,pyannote/speaker-diarization-3.1,Witness,manual_verified_diarization,HIGH,YES,SPEAKING,Witness,YES,Witness 15 identified by manual audio/video review,INCLUDE,,YES,speaker_role=Witness,split_dev;usable,"usable because speaker_role=Witness, witness_speaking_status=SPEAKING, clip_status=created, duration=2.490s, and source is not excluded",YES,0.6,HIGH,manual_clip_review,HUMAN_VERIFIED,/Users/rajeshpmu/Desktop/LegalMemoCMT/data/processed/phase2/clancy/turn_clips/video/DCBWoWhsTpA/DCBWoWhsTpA_turn06262.mp4,/Users/rajeshpmu/Desktop/LegalMemoCMT/data/processed/phase2/clancy/vit_facecrop_embeddings/DCBWoWhsTpA/DCBWoWhsTpA_turn06262.npy,created,neutral,0.961339,0.219345,"{""anger"": 0.012578, ""disgust"": 0.001529, ""fear"": 0.003555, ""joy"": 0.015576, ""neutral"": 0.961339, ""sadness"": 0.003785, ""surprise"": 0.001637}",/Users/rajeshpmu/Desktop/LegalMemoCMT/results/facial_cues/meld_vit_facecrop_gated_video_aux/fold_4/best_model.pt,phase1_meld_checkpoint_pseudo_label,"audio,text,video","audio,text,video","{""audio_dim"": 128, ""audio_model_name"": ""facebook/hubert-base-ls960"", ""dropout"": 0.1, ""encoder_mode"": ""paper"", ""freeze_audio_backbone"": false, ""freeze_text_backbone"": false, ""fusion_dim"": 256, ""fusion_mode"": ""gated"", ""fusion_pooling"": ""min"", ""max_audio_len"": 256, ""max_text_len"": 128, ""max_video_len"": 32, ""num_classes"": 7, ""num_heads"": 4, ""num_layers"": 2, ""text_dim"": 256, ""text_model_name"": ""bert-base-uncased"", ""use_video"": true, ""video_dim"": 768, ""vocab_size"": 30000}",/Users/rajeshpmu/Desktop/LegalMemoCMT/data/processed/phase2/clancy/turn_clips/audio/DCBWoWhsTpA/DCBWoWhsTpA_turn06262.wav,OK,,0.574832,0.456486,0.456486,0.525518,3loi/SER-Odyssey-Baseline-WavLM-Multi-Attributes,OK,neu,0.999961,speechbrain/emotion-recognition-wav2vec2-IEMOCAP,OK,NO,UNCLEAR,no explicit emotion-target evidence,LOW,LOW,LOW,KEEP_PHASE1_CANDIDATE,neutral,neutral,neutral,0.961339,neutral,0.961339,PHASE1_AUDIO_AGREEMENT,NO,UNKNOWN,,speechbrain_neutral
DCBWoWhsTpA_turn06263,DCBWoWhsTpA_turn06263,DCBWoWhsTpA,https://www.youtube.com/live/DCBWoWhsTpA,LIVE: Lindsay Clancy trial Day 14,full_trial_stream,5,/Users/rajeshpmu/Desktop/LegalMemoCMT/data/phase2/clancy/corpus/raw/live-lindsay-clancy-trial-day-14/live-lindsay-clancy-trial-day-14_DCBWoWhsTpA.en.vtt,/Users/rajeshpmu/Desktop/LegalMemoCMT/data/processed/phase2/clancy/turn_clips/video/DCBWoWhsTpA/DCBWoWhsTpA_turn06263.mp4,/Users/rajeshpmu/Desktop/LegalMemoCMT/data/processed/phase2/clancy/turn_clips/audio/DCBWoWhsTpA/DCBWoWhsTpA_turn06263.wav,DCBWoWhsTpA,group_by_youtube_id,dev,neutral,text_keyword_heuristic,LOW,NO,"audio and courtroom-affect evidence support neutral, but emotion target is unresolved",YES,"Patrick. Okay. So, are you able to tell what Patrick said, if anything, when he sent the picture of the little boy with his arms up in the air? Uh so at the very top of that uh message above the photograph it says uh got himself dressed and that would have be the message that was sent alongside the photograph.","Patrick. Okay. So, are you able to tell what Patrick said, if anything, when he sent the picture of the little boy with his arms up in the air? Uh so at the very top of that uh message above the photograph it says uh got himself dressed and that would have be the message that was sent alongside the photograph.",01:07:48.914,01:08:04.978,16.064,16.064,marker,MEDIUM,1,19,"DCBWoWhsTpA_utt03011#p02,DCBWoWhsTpA_utt03012#p01,DCBWoWhsTpA_utt03013#p01,DCBWoWhsTpA_utt03014#p01,DCBWoWhsTpA_utt03015#p01,DCBWoWhsTpA_utt03016#p01,DCBWoWhsTpA_utt03017#p01,DCBWoWhsTpA_utt03018#p01,DCBWoWhsTpA_utt03019#p01,DCBWoWhsTpA_utt03020#p01,DCBWoWhsTpA_utt03021#p01,DCBWoWhsTpA_utt03022#p01,DCBWoWhsTpA_utt03023#p01,DCBWoWhsTpA_utt03024#p01,DCBWoWhsTpA_utt03025#p01,DCBWoWhsTpA_utt03026#p01,DCBWoWhsTpA_utt03027#p01,DCBWoWhsTpA_utt03028#p01,DCBWoWhsTpA_utt03029#p01","DCBWoWhsTpA_utt03011,DCBWoWhsTpA_utt03012,DCBWoWhsTpA_utt03013,DCBWoWhsTpA_utt03014,DCBWoWhsTpA_utt03015,DCBWoWhsTpA_utt03016,DCBWoWhsTpA_utt03017,DCBWoWhsTpA_utt03018,DCBWoWhsTpA_utt03019,DCBWoWhsTpA_utt03020,DCBWoWhsTpA_utt03021,DCBWoWhsTpA_utt03022,DCBWoWhsTpA_utt03023,DCBWoWhsTpA_utt03024,DCBWoWhsTpA_utt03025,DCBWoWhsTpA_utt03026,DCBWoWhsTpA_utt03027,DCBWoWhsTpA_utt03028,DCBWoWhsTpA_utt03029",19,/Users/rajeshpmu/Desktop/LegalMemoCMT/data/phase2/clancy/corpus/raw/live-lindsay-clancy-trial-day-14/live-lindsay-clancy-trial-day-14_DCBWoWhsTpA.mp4,/Users/rajeshpmu/Desktop/LegalMemoCMT/data/phase2/clancy/corpus/raw/live-lindsay-clancy-trial-day-14/live-lindsay-clancy-trial-day-14_DCBWoWhsTpA.wav,/Users/rajeshpmu/Desktop/LegalMemoCMT/data/processed/phase2/clancy/turn_clips/video/DCBWoWhsTpA/DCBWoWhsTpA_turn06263.mp4,/Users/rajeshpmu/Desktop/LegalMemoCMT/data/processed/phase2/clancy/turn_clips/audio/DCBWoWhsTpA/DCBWoWhsTpA_turn06263.wav,4068.914,4084.978,16.064,created,01:07:48.914,01:08:04.978,0.0,default_zero,SPEAKER_18,8.809,pyannote/speaker-diarization-3.1,Witness,manual_verified_diarization,HIGH,YES,SPEAKING,Witness,YES,Witness 15 identified by manual audio/video review,INCLUDE,,YES,speaker_role=Witness,split_dev;usable,"usable because speaker_role=Witness, witness_speaking_status=SPEAKING, clip_status=created, duration=16.064s, and source is not excluded",YES,0.6,HIGH,manual_clip_review,HUMAN_VERIFIED,/Users/rajeshpmu/Desktop/LegalMemoCMT/data/processed/phase2/clancy/turn_clips/video/DCBWoWhsTpA/DCBWoWhsTpA_turn06263.mp4,/Users/rajeshpmu/Desktop/LegalMemoCMT/data/processed/phase2/clancy/vit_facecrop_embeddings/DCBWoWhsTpA/DCBWoWhsTpA_turn06263.npy,created,neutral,0.854742,0.667425,"{""anger"": 0.027462, ""disgust"": 0.029938, ""fear"": 0.009431, ""joy"": 0.02871, ""neutral"": 0.854742, ""sadness"": 0.026426, ""surprise"": 0.023291}",/Users/rajeshpmu/Desktop/LegalMemoCMT/results/facial_cues/meld_vit_facecrop_gated_video_aux/fold_4/best_model.pt,phase1_meld_checkpoint_pseudo_label,"audio,text,video","audio,text,video","{""audio_dim"": 128, ""audio_model_name"": ""facebook/hubert-base-ls960"", ""dropout"": 0.1, ""encoder_mode"": ""paper"", ""freeze_audio_backbone"": false, ""freeze_text_backbone"": false, ""fusion_dim"": 256, ""fusion_mode"": ""gated"", ""fusion_pooling"": ""min"", ""max_audio_len"": 256, ""max_text_len"": 128, ""max_video_len"": 32, ""num_classes"": 7, ""num_heads"": 4, ""num_layers"": 2, ""text_dim"": 256, ""text_model_name"": ""bert-base-uncased"", ""use_video"": true, ""video_dim"": 768, ""vocab_size"": 30000}",/Users/rajeshpmu/Desktop/LegalMemoCMT/data/processed/phase2/clancy/turn_clips/audio/DCBWoWhsTpA/DCBWoWhsTpA_turn06263.wav,OK,,0.523765,0.415105,0.415105,0.476958,3loi/SER-Odyssey-Baseline-WavLM-Multi-Attributes,OK,neu,1.0,speechbrain/emotion-recognition-wav2vec2-IEMOCAP,OK,NO,UNCLEAR,no explicit emotion-target evidence,LOW,LOW,LOW,NEUTRAL_CANDIDATE,neutral,neutral,neutral,0.580000,neutral,0.580000,"audio and courtroom-affect evidence support neutral, but emotion target is unresolved",NO,CALM_COMPOSED,1,low_or_moderate_audio_arousal;speechbrain_neutral
DCBWoWhsTpA_turn06264,DCBWoWhsTpA_turn06264,DCBWoWhsTpA,https://www.youtube.com/live/DCBWoWhsTpA,LIVE: Lindsay Clancy trial Day 14,full_trial_stream,5,/Users/rajeshpmu/Desktop/LegalMemoCMT/data/phase2/clancy/corpus/raw/live-lindsay-clancy-trial-day-14/live-lindsay-clancy-trial-day-14_DCBWoWhsTpA.en.vtt,/Users/rajeshpmu/Desktop/LegalMemoCMT/data/processed/phase2/clancy/turn_clips/video/DCBWoWhsTpA/DCBWoWhsTpA_turn06264.mp4,/Users/rajeshpmu/Desktop/LegalMemoCMT/data/processed/phase2/clancy/turn_clips/audio/DCBWoWhsTpA/DCBWoWhsTpA_turn06264.wav,DCBWoWhsTpA,group_by_youtube_id,dev,neutral,text_keyword_heuristic,LOW,YES,comparable Phase 1 and audio categorical outputs agree or audio class is not comparable,YES,Okay. And then what was her response?,Okay. And then what was her response?,01:08:04.978,01:08:09.555,4.577,4.577,marker,MEDIUM,1,3,"DCBWoWhsTpA_utt03029#p02,DCBWoWhsTpA_utt03030#p01,DCBWoWhsTpA_utt03031#p01","DCBWoWhsTpA_utt03029,DCBWoWhsTpA_utt03030,DCBWoWhsTpA_utt03031",3,/Users/rajeshpmu/Desktop/LegalMemoCMT/data/phase2/clancy/corpus/raw/live-lindsay-clancy-trial-day-14/live-lindsay-clancy-trial-day-14_DCBWoWhsTpA.mp4,/Users/rajeshpmu/Desktop/LegalMemoCMT/data/phase2/clancy/corpus/raw/live-lindsay-clancy-trial-day-14/live-lindsay-clancy-trial-day-14_DCBWoWhsTpA.wav,/Users/rajeshpmu/Desktop/LegalMemoCMT/data/processed/phase2/clancy/turn_clips/video/DCBWoWhsTpA/DCBWoWhsTpA_turn06264.mp4,/Users/rajeshpmu/Desktop/LegalMemoCMT/data/processed/phase2/clancy/turn_clips/audio/DCBWoWhsTpA/DCBWoWhsTpA_turn06264.wav,4084.978,4089.555,4.577,created,01:08:04.978,01:08:09.555,0.0,default_zero,SPEAKER_18,1.606,pyannote/speaker-diarization-3.1,Witness,manual_verified_diarization,HIGH,YES,SPEAKING,Witness,YES,Witness 15 identified by manual audio/video review,INCLUDE,,YES,speaker_role=Witness,split_dev;usable,"usable because speaker_role=Witness, witness_speaking_status=SPEAKING, clip_status=created, duration=4.577s, and source is not excluded",YES,0.6,HIGH,manual_clip_review,HUMAN_VERIFIED,/Users/rajeshpmu/Desktop/LegalMemoCMT/data/processed/phase2/clancy/turn_clips/video/DCBWoWhsTpA/DCBWoWhsTpA_turn06264.mp4,/Users/rajeshpmu/Desktop/LegalMemoCMT/data/processed/phase2/clancy/vit_facecrop_embeddings/DCBWoWhsTpA/DCBWoWhsTpA_turn06264.npy,created,neutral,0.955111,0.254636,"{""anger"": 0.013814, ""disgust"": 0.003559, ""fear"": 0.00465, ""joy"": 0.012513, ""neutral"": 0.955111, ""sadness"": 0.008762, ""surprise"": 0.00159}",/Users/rajeshpmu/Desktop/LegalMemoCMT/results/facial_cues/meld_vit_facecrop_gated_video_aux/fold_4/best_model.pt,phase1_meld_checkpoint_pseudo_label,"audio,text,video","audio,text,video","{""audio_dim"": 128, ""audio_model_name"": ""facebook/hubert-base-ls960"", ""dropout"": 0.1, ""encoder_mode"": ""paper"", ""freeze_audio_backbone"": false, ""freeze_text_backbone"": false, ""fusion_dim"": 256, ""fusion_mode"": ""gated"", ""fusion_pooling"": ""min"", ""max_audio_len"": 256, ""max_text_len"": 128, ""max_video_len"": 32, ""num_classes"": 7, ""num_heads"": 4, ""num_layers"": 2, ""text_dim"": 256, ""text_model_name"": ""bert-base-uncased"", ""use_video"": true, ""video_dim"": 768, ""vocab_size"": 30000}",/Users/rajeshpmu/Desktop/LegalMemoCMT/data/processed/phase2/clancy/turn_clips/audio/DCBWoWhsTpA/DCBWoWhsTpA_turn06264.wav,OK,,0.436278,0.294603,0.294603,0.370491,3loi/SER-Odyssey-Baseline-WavLM-Multi-Attributes,OK,hap,1.0,speechbrain/emotion-recognition-wav2vec2-IEMOCAP,OK,NO,UNCLEAR,no explicit emotion-target evidence,HIGH,LOW,HIGH,KEEP_PHASE1_CANDIDATE,neutral,joy,neutral,0.955111,neutral,0.955111,comparable Phase 1 and audio categorical outputs agree or audio class is not comparable,YES,UNKNOWN,,phase1_vs_comparable_audio_disagreement;low_or_moderate_audio_arousal
DCBWoWhsTpA_turn06275,DCBWoWhsTpA_turn06275,DCBWoWhsTpA,https://www.youtube.com/live/DCBWoWhsTpA,LIVE: Lindsay Clancy trial Day 14,full_trial_stream,5,/Users/rajeshpmu/Desktop/LegalMemoCMT/data/phase2/clancy/corpus/raw/live-lindsay-clancy-trial-day-14/live-lindsay-clancy-trial-day-14_DCBWoWhsTpA.en.vtt,/Users/rajeshpmu/Desktop/LegalMemoCMT/data/processed/phase2/clancy/turn_clips/video/DCBWoWhsTpA/DCBWoWhsTpA_turn06275.mp4,/Users/rajeshpmu/Desktop/LegalMemoCMT/data/processed/phase2/clancy/turn_clips/audio/DCBWoWhsTpA/DCBWoWhsTpA_turn06275.wav,DCBWoWhsTpA,group_by_youtube_id,dev,neutral,text_keyword_heuristic,LOW,NO,"audio and courtroom-affect evidence support neutral, but emotion target is unresolved",YES,"Um, the message at 8:19 a.m. that says cutie was sent by Patrick in different thread to the snowman photographs.","Um, the message at 8:19 a.m. that says cutie was sent by Patrick in different thread to the snowman photographs.",01:09:02.283,01:09:11.867,9.584,9.584,marker,MEDIUM,1,7,"DCBWoWhsTpA_utt03081#p02,DCBWoWhsTpA_utt03082#p01,DCBWoWhsTpA_utt03083#p01,DCBWoWhsTpA_utt03084#p01,DCBWoWhsTpA_utt03085#p01,DCBWoWhsTpA_utt03086#p01,DCBWoWhsTpA_utt03087#p01","DCBWoWhsTpA_utt03081,DCBWoWhsTpA_utt03082,DCBWoWhsTpA_utt03083,DCBWoWhsTpA_utt03084,DCBWoWhsTpA_utt03085,DCBWoWhsTpA_utt03086,DCBWoWhsTpA_utt03087",7,/Users/rajeshpmu/Desktop/LegalMemoCMT/data/phase2/clancy/corpus/raw/live-lindsay-clancy-trial-day-14/live-lindsay-clancy-trial-day-14_DCBWoWhsTpA.mp4,/Users/rajeshpmu/Desktop/LegalMemoCMT/data/phase2/clancy/corpus/raw/live-lindsay-clancy-trial-day-14/live-lindsay-clancy-trial-day-14_DCBWoWhsTpA.wav,/Users/rajeshpmu/Desktop/LegalMemoCMT/data/processed/phase2/clancy/turn_clips/video/DCBWoWhsTpA/DCBWoWhsTpA_turn06275.mp4,/Users/rajeshpmu/Desktop/LegalMemoCMT/data/processed/phase2/clancy/turn_clips/audio/DCBWoWhsTpA/DCBWoWhsTpA_turn06275.wav,4142.283,4151.867,9.584,created,01:09:02.283,01:09:11.867,0.0,default_zero,SPEAKER_18,4.256,pyannote/speaker-diarization-3.1,Witness,manual_verified_diarization,HIGH,YES,SPEAKING,Witness,YES,Witness 15 identified by manual audio/video review,INCLUDE,,YES,speaker_role=Witness,split_dev;usable,"usable because speaker_role=Witness, witness_speaking_status=SPEAKING, clip_status=created, duration=9.584s, and source is not excluded",YES,0.6,HIGH,manual_clip_review,HUMAN_VERIFIED,/Users/rajeshpmu/Desktop/LegalMemoCMT/data/processed/phase2/clancy/turn_clips/video/DCBWoWhsTpA/DCBWoWhsTpA_turn06275.mp4,/Users/rajeshpmu/Desktop/LegalMemoCMT/data/processed/phase2/clancy/vit_facecrop_embeddings/DCBWoWhsTpA/DCBWoWhsTpA_turn06275.npy,created,neutral,0.887162,0.548741,"{""anger"": 0.017175, ""disgust"": 0.013585, ""fear"": 0.01801, ""joy"": 0.024465, ""neutral"": 0.887162, ""sadness"": 0.028677, ""surprise"": 0.010925}",/Users/rajeshpmu/Desktop/LegalMemoCMT/results/facial_cues/meld_vit_facecrop_gated_video_aux/fold_4/best_model.pt,phase1_meld_checkpoint_pseudo_label,"audio,text,video","audio,text,video","{""audio_dim"": 128, ""audio_model_name"": ""facebook/hubert-base-ls960"", ""dropout"": 0.1, ""encoder_mode"": ""paper"", ""freeze_audio_backbone"": false, ""freeze_text_backbone"": false, ""fusion_dim"": 256, ""fusion_mode"": ""gated"", ""fusion_pooling"": ""min"", ""max_audio_len"": 256, ""max_text_len"": 128, ""max_video_len"": 32, ""num_classes"": 7, ""num_heads"": 4, ""num_layers"": 2, ""text_dim"": 256, ""text_model_name"": ""bert-base-uncased"", ""use_video"": true, ""video_dim"": 768, ""vocab_size"": 30000}",/Users/rajeshpmu/Desktop/LegalMemoCMT/data/processed/phase2/clancy/turn_clips/audio/DCBWoWhsTpA/DCBWoWhsTpA_turn06275.wav,OK,,0.521529,0.445439,0.445439,0.51685,3loi/SER-Odyssey-Baseline-WavLM-Multi-Attributes,OK,neu,1.0,speechbrain/emotion-recognition-wav2vec2-IEMOCAP,OK,NO,UNCLEAR,no explicit emotion-target evidence,LOW,LOW,LOW,NEUTRAL_CANDIDATE,neutral,neutral,neutral,0.580000,neutral,0.580000,"audio and courtroom-affect evidence support neutral, but emotion target is unresolved",NO,CALM_COMPOSED,1,low_or_moderate_audio_arousal;speechbrain_neutral
DCBWoWhsTpA_turn06282,DCBWoWhsTpA_turn06282,DCBWoWhsTpA,https://www.youtube.com/live/DCBWoWhsTpA,LIVE: Lindsay Clancy trial Day 14,full_trial_stream,5,/Users/rajeshpmu/Desktop/LegalMemoCMT/data/phase2/clancy/corpus/raw/live-lindsay-clancy-trial-day-14/live-lindsay-clancy-trial-day-14_DCBWoWhsTpA.en.vtt,/Users/rajeshpmu/Desktop/LegalMemoCMT/data/processed/phase2/clancy/turn_clips/video/DCBWoWhsTpA/DCBWoWhsTpA_turn06282.mp4,/Users/rajeshpmu/Desktop/LegalMemoCMT/data/processed/phase2/clancy/turn_clips/audio/DCBWoWhsTpA/DCBWoWhsTpA_turn06282.wav,DCBWoWhsTpA,group_by_youtube_id,dev,neutral,text_keyword_heuristic,LOW,NO,"audio and courtroom-affect evidence support neutral, but emotion target is unresolved",YES,"Yes, that would be the phone stored as Patrick uh sending a message to Lindsay's phone.","Yes, that would be the phone stored as Patrick uh sending a message to Lindsay's phone.",01:09:50.943,01:09:55.470,4.527,4.527,marker,MEDIUM,1,7,"DCBWoWhsTpA_utt03123#p02,DCBWoWhsTpA_utt03124#p01,DCBWoWhsTpA_utt03125#p01,DCBWoWhsTpA_utt03126#p01,DCBWoWhsTpA_utt03127#p01,DCBWoWhsTpA_utt03128#p01,DCBWoWhsTpA_utt03129#p01","DCBWoWhsTpA_utt03123,DCBWoWhsTpA_utt03124,DCBWoWhsTpA_utt03125,DCBWoWhsTpA_utt03126,DCBWoWhsTpA_utt03127,DCBWoWhsTpA_utt03128,DCBWoWhsTpA_utt03129",7,/Users/rajeshpmu/Desktop/LegalMemoCMT/data/phase2/clancy/corpus/raw/live-lindsay-clancy-trial-day-14/live-lindsay-clancy-trial-day-14_DCBWoWhsTpA.mp4,/Users/rajeshpmu/Desktop/LegalMemoCMT/data/phase2/clancy/corpus/raw/live-lindsay-clancy-trial-day-14/live-lindsay-clancy-trial-day-14_DCBWoWhsTpA.wav,/Users/rajeshpmu/Desktop/LegalMemoCMT/data/processed/phase2/clancy/turn_clips/video/DCBWoWhsTpA/DCBWoWhsTpA_turn06282.mp4,/Users/rajeshpmu/Desktop/LegalMemoCMT/data/processed/phase2/clancy/turn_clips/audio/DCBWoWhsTpA/DCBWoWhsTpA_turn06282.wav,4190.943,4195.47,4.527,created,01:09:50.943,01:09:55.470,0.0,default_zero,SPEAKER_18,4.129,pyannote/speaker-diarization-3.1,Witness,manual_verified_diarization,HIGH,YES,SPEAKING,Witness,YES,Witness 15 identified by manual audio/video review,INCLUDE,,YES,speaker_role=Witness,split_dev;usable,"usable because speaker_role=Witness, witness_speaking_status=SPEAKING, clip_status=created, duration=4.527s, and source is not excluded",YES,0.6,HIGH,manual_clip_review,HUMAN_VERIFIED,/Users/rajeshpmu/Desktop/LegalMemoCMT/data/processed/phase2/clancy/turn_clips/video/DCBWoWhsTpA/DCBWoWhsTpA_turn06282.mp4,/Users/rajeshpmu/Desktop/LegalMemoCMT/data/processed/phase2/clancy/vit_facecrop_embeddings/DCBWoWhsTpA/DCBWoWhsTpA_turn06282.npy,created,neutral,0.947612,0.289781,"{""anger"": 0.011606, ""disgust"": 0.005469, ""fear"": 0.005822, ""joy"": 0.019563, ""neutral"": 0.947612, ""sadness"": 0.007165, ""surprise"": 0.002763}",/Users/rajeshpmu/Desktop/LegalMemoCMT/results/facial_cues/meld_vit_facecrop_gated_video_aux/fold_4/best_model.pt,phase1_meld_checkpoint_pseudo_label,"audio,text,video","audio,text,video","{""audio_dim"": 128, ""audio_model_name"": ""facebook/hubert-base-ls960"", ""dropout"": 0.1, ""encoder_mode"": ""paper"", ""freeze_audio_backbone"": false, ""freeze_text_backbone"": false, ""fusion_dim"": 256, ""fusion_mode"": ""gated"", ""fusion_pooling"": ""min"", ""max_audio_len"": 256, ""max_text_len"": 128, ""max_video_len"": 32, ""num_classes"": 7, ""num_heads"": 4, ""num_layers"": 2, ""text_dim"": 256, ""text_model_name"": ""bert-base-uncased"", ""use_video"": true, ""video_dim"": 768, ""vocab_size"": 30000}",/Users/rajeshpmu/Desktop/LegalMemoCMT/data/processed/phase2/clancy/turn_clips/audio/DCBWoWhsTpA/DCBWoWhsTpA_turn06282.wav,OK,,0.517567,0.395375,0.395375,0.473292,3loi/SER-Odyssey-Baseline-WavLM-Multi-Attributes,OK,neu,1.0,speechbrain/emotion-recognition-wav2vec2-IEMOCAP,OK,NO,UNCLEAR,no explicit emotion-target evidence,LOW,LOW,LOW,NEUTRAL_CANDIDATE,neutral,neutral,neutral,0.580000,neutral,0.580000,"audio and courtroom-affect evidence support neutral, but emotion target is unresolved",NO,CALM_COMPOSED,1,low_or_moderate_audio_arousal;speechbrain_neutral
DCBWoWhsTpA_turn06284,DCBWoWhsTpA_turn06284,DCBWoWhsTpA,https://www.youtube.com/live/DCBWoWhsTpA,LIVE: Lindsay Clancy trial Day 14,full_trial_stream,5,/Users/rajeshpmu/Desktop/LegalMemoCMT/data/phase2/clancy/corpus/raw/live-lindsay-clancy-trial-day-14/live-lindsay-clancy-trial-day-14_DCBWoWhsTpA.en.vtt,/Users/rajeshpmu/Desktop/LegalMemoCMT/data/processed/phase2/clancy/turn_clips/video/DCBWoWhsTpA/DCBWoWhsTpA_turn06284.mp4,/Users/rajeshpmu/Desktop/LegalMemoCMT/data/processed/phase2/clancy/turn_clips/audio/DCBWoWhsTpA/DCBWoWhsTpA_turn06284.wav,DCBWoWhsTpA,group_by_youtube_id,dev,neutral,text_keyword_heuristic,LOW,YES,"audio and courtroom-affect evidence support neutral, but emotion target is unresolved",YES,"Uh it appears that Lindsay uh reacted to an image uh with the love emoji,","Uh it appears that Lindsay uh reacted to an image uh with the love emoji,",01:09:59.532,01:10:04.727,5.195,5.195,marker,MEDIUM,1,5,"DCBWoWhsTpA_utt03133#p02,DCBWoWhsTpA_utt03134#p01,DCBWoWhsTpA_utt03135#p01,DCBWoWhsTpA_utt03136#p01,DCBWoWhsTpA_utt03137#p01","DCBWoWhsTpA_utt03133,DCBWoWhsTpA_utt03134,DCBWoWhsTpA_utt03135,DCBWoWhsTpA_utt03136,DCBWoWhsTpA_utt03137",5,/Users/rajeshpmu/Desktop/LegalMemoCMT/data/phase2/clancy/corpus/raw/live-lindsay-clancy-trial-day-14/live-lindsay-clancy-trial-day-14_DCBWoWhsTpA.mp4,/Users/rajeshpmu/Desktop/LegalMemoCMT/data/phase2/clancy/corpus/raw/live-lindsay-clancy-trial-day-14/live-lindsay-clancy-trial-day-14_DCBWoWhsTpA.wav,/Users/rajeshpmu/Desktop/LegalMemoCMT/data/processed/phase2/clancy/turn_clips/video/DCBWoWhsTpA/DCBWoWhsTpA_turn06284.mp4,/Users/rajeshpmu/Desktop/LegalMemoCMT/data/processed/phase2/clancy/turn_clips/audio/DCBWoWhsTpA/DCBWoWhsTpA_turn06284.wav,4199.532,4204.727,5.195,created,01:09:59.532,01:10:04.727,0.0,default_zero,SPEAKER_18,4.517,pyannote/speaker-diarization-3.1,Witness,manual_verified_diarization,HIGH,YES,SPEAKING,Witness,YES,Witness 15 identified by manual audio/video review,INCLUDE,,YES,speaker_role=Witness,split_dev;usable,"usable because speaker_role=Witness, witness_speaking_status=SPEAKING, clip_status=created, duration=5.195s, and source is not excluded",YES,0.6,HIGH,manual_clip_review,HUMAN_VERIFIED,/Users/rajeshpmu/Desktop/LegalMemoCMT/data/processed/phase2/clancy/turn_clips/video/DCBWoWhsTpA/DCBWoWhsTpA_turn06284.mp4,/Users/rajeshpmu/Desktop/LegalMemoCMT/data/processed/phase2/clancy/vit_facecrop_embeddings/DCBWoWhsTpA/DCBWoWhsTpA_turn06284.npy,created,surprise,0.58547,1.216225,"{""anger"": 0.025109, ""disgust"": 0.017637, ""fear"": 0.053159, ""joy"": 0.03614, ""neutral"": 0.247405, ""sadness"": 0.035081, ""surprise"": 0.58547}",/Users/rajeshpmu/Desktop/LegalMemoCMT/results/facial_cues/meld_vit_facecrop_gated_video_aux/fold_4/best_model.pt,phase1_meld_checkpoint_pseudo_label,"audio,text,video","audio,text,video","{""audio_dim"": 128, ""audio_model_name"": ""facebook/hubert-base-ls960"", ""dropout"": 0.1, ""encoder_mode"": ""paper"", ""freeze_audio_backbone"": false, ""freeze_text_backbone"": false, ""fusion_dim"": 256, ""fusion_mode"": ""gated"", ""fusion_pooling"": ""min"", ""max_audio_len"": 256, ""max_text_len"": 128, ""max_video_len"": 32, ""num_classes"": 7, ""num_heads"": 4, ""num_layers"": 2, ""text_dim"": 256, ""text_model_name"": ""bert-base-uncased"", ""use_video"": true, ""video_dim"": 768, ""vocab_size"": 30000}",/Users/rajeshpmu/Desktop/LegalMemoCMT/data/processed/phase2/clancy/turn_clips/audio/DCBWoWhsTpA/DCBWoWhsTpA_turn06284.wav,OK,,0.590883,0.420053,0.420053,0.51251,3loi/SER-Odyssey-Baseline-WavLM-Multi-Attributes,OK,neu,1.0,speechbrain/emotion-recognition-wav2vec2-IEMOCAP,OK,NO,UNCLEAR,no explicit emotion-target evidence,MEDIUM,LOW,MEDIUM,NEUTRAL_CANDIDATE,surprise,neutral,neutral,0.580000,neutral,0.580000,"audio and courtroom-affect evidence support neutral, but emotion target is unresolved",YES,CALM_COMPOSED,1,phase1_vs_comparable_audio_disagreement;low_or_moderate_audio_arousal;speechbrain_neutral
DCBWoWhsTpA_turn06287,DCBWoWhsTpA_turn06287,DCBWoWhsTpA,https://www.youtube.com/live/DCBWoWhsTpA,LIVE: Lindsay Clancy trial Day 14,full_trial_stream,5,/Users/rajeshpmu/Desktop/LegalMemoCMT/data/phase2/clancy/corpus/raw/live-lindsay-clancy-trial-day-14/live-lindsay-clancy-trial-day-14_DCBWoWhsTpA.en.vtt,/Users/rajeshpmu/Desktop/LegalMemoCMT/data/processed/phase2/clancy/turn_clips/video/DCBWoWhsTpA/DCBWoWhsTpA_turn06287.mp4,/Users/rajeshpmu/Desktop/LegalMemoCMT/data/processed/phase2/clancy/turn_clips/audio/DCBWoWhsTpA/DCBWoWhsTpA_turn06287.wav,DCBWoWhsTpA,group_by_youtube_id,dev,neutral,text_keyword_heuristic,LOW,NO,"audio and courtroom-affect evidence support neutral, but emotion target is unresolved",YES,And then what did Patrick say? Uh Patrick asked how's it going?,And then what did Patrick say? Uh Patrick asked how's it going?,01:10:05.879,01:10:09.807,3.928,3.928,marker,MEDIUM,1,5,"DCBWoWhsTpA_utt03141#p02,DCBWoWhsTpA_utt03142#p01,DCBWoWhsTpA_utt03143#p01,DCBWoWhsTpA_utt03144#p01,DCBWoWhsTpA_utt03145#p01","DCBWoWhsTpA_utt03141,DCBWoWhsTpA_utt03142,DCBWoWhsTpA_utt03143,DCBWoWhsTpA_utt03144,DCBWoWhsTpA_utt03145",5,/Users/rajeshpmu/Desktop/LegalMemoCMT/data/phase2/clancy/corpus/raw/live-lindsay-clancy-trial-day-14/live-lindsay-clancy-trial-day-14_DCBWoWhsTpA.mp4,/Users/rajeshpmu/Desktop/LegalMemoCMT/data/phase2/clancy/corpus/raw/live-lindsay-clancy-trial-day-14/live-lindsay-clancy-trial-day-14_DCBWoWhsTpA.wav,/Users/rajeshpmu/Desktop/LegalMemoCMT/data/processed/phase2/clancy/turn_clips/video/DCBWoWhsTpA/DCBWoWhsTpA_turn06287.mp4,/Users/rajeshpmu/Desktop/LegalMemoCMT/data/processed/phase2/clancy/turn_clips/audio/DCBWoWhsTpA/DCBWoWhsTpA_turn06287.wav,4205.879,4209.807,3.928,created,01:10:05.879,01:10:09.807,0.0,default_zero,SPEAKER_18,1.553,pyannote/speaker-diarization-3.1,Witness,manual_verified_diarization,HIGH,YES,SPEAKING,Witness,YES,Witness 15 identified by manual audio/video review,INCLUDE,,YES,speaker_role=Witness,split_dev;usable,"usable because speaker_role=Witness, witness_speaking_status=SPEAKING, clip_status=created, duration=3.928s, and source is not excluded",YES,0.6,HIGH,manual_clip_review,HUMAN_VERIFIED,/Users/rajeshpmu/Desktop/LegalMemoCMT/data/processed/phase2/clancy/turn_clips/video/DCBWoWhsTpA/DCBWoWhsTpA_turn06287.mp4,/Users/rajeshpmu/Desktop/LegalMemoCMT/data/processed/phase2/clancy/vit_facecrop_embeddings/DCBWoWhsTpA/DCBWoWhsTpA_turn06287.npy,created,neutral,0.918641,0.406265,"{""anger"": 0.028815, ""disgust"": 0.005677, ""fear"": 0.018497, ""joy"": 0.007065, ""neutral"": 0.918641, ""sadness"": 0.019593, ""surprise"": 0.001711}",/Users/rajeshpmu/Desktop/LegalMemoCMT/results/facial_cues/meld_vit_facecrop_gated_video_aux/fold_4/best_model.pt,phase1_meld_checkpoint_pseudo_label,"audio,text,video","audio,text,video","{""audio_dim"": 128, ""audio_model_name"": ""facebook/hubert-base-ls960"", ""dropout"": 0.1, ""encoder_mode"": ""paper"", ""freeze_audio_backbone"": false, ""freeze_text_backbone"": false, ""fusion_dim"": 256, ""fusion_mode"": ""gated"", ""fusion_pooling"": ""min"", ""max_audio_len"": 256, ""max_text_len"": 128, ""max_video_len"": 32, ""num_classes"": 7, ""num_heads"": 4, ""num_layers"": 2, ""text_dim"": 256, ""text_model_name"": ""bert-base-uncased"", ""use_video"": true, ""video_dim"": 768, ""vocab_size"": 30000}",/Users/rajeshpmu/Desktop/LegalMemoCMT/data/processed/phase2/clancy/turn_clips/audio/DCBWoWhsTpA/DCBWoWhsTpA_turn06287.wav,OK,,0.510384,0.433503,0.433503,0.500707,3loi/SER-Odyssey-Baseline-WavLM-Multi-Attributes,OK,neu,1.0,speechbrain/emotion-recognition-wav2vec2-IEMOCAP,OK,NO,UNCLEAR,no explicit emotion-target evidence,LOW,LOW,LOW,NEUTRAL_CANDIDATE,neutral,neutral,neutral,0.580000,neutral,0.580000,"audio and courtroom-affect evidence support neutral, but emotion target is unresolved",NO,CALM_COMPOSED,1,low_or_moderate_audio_arousal;speechbrain_neutral
DCBWoWhsTpA_turn06291,DCBWoWhsTpA_turn06291,DCBWoWhsTpA,https://www.youtube.com/live/DCBWoWhsTpA,LIVE: Lindsay Clancy trial Day 14,full_trial_stream,5,/Users/rajeshpmu/Desktop/LegalMemoCMT/data/phase2/clancy/corpus/raw/live-lindsay-clancy-trial-day-14/live-lindsay-clancy-trial-day-14_DCBWoWhsTpA.en.vtt,/Users/rajeshpmu/Desktop/LegalMemoCMT/data/processed/phase2/clancy/turn_clips/video/DCBWoWhsTpA/DCBWoWhsTpA_turn06291.mp4,/Users/rajeshpmu/Desktop/LegalMemoCMT/data/processed/phase2/clancy/turn_clips/audio/DCBWoWhsTpA/DCBWoWhsTpA_turn06291.wav,DCBWoWhsTpA,group_by_youtube_id,dev,neutral,text_keyword_heuristic,LOW,NO,"audio and courtroom-affect evidence support neutral, but emotion target is unresolved",YES,"Uh yeah, she also responded okay her urine looked good. So nothing going wrong with her kidneys. A few","Uh yeah, she also responded okay her urine looked good. So nothing going wrong with her kidneys. A few",01:10:14.155,01:10:19.909,5.754,5.754,marker,MEDIUM,1,7,"DCBWoWhsTpA_utt03151#p02,DCBWoWhsTpA_utt03152#p01,DCBWoWhsTpA_utt03153#p01,DCBWoWhsTpA_utt03154#p01,DCBWoWhsTpA_utt03155#p01,DCBWoWhsTpA_utt03156#p01,DCBWoWhsTpA_utt03157#p01","DCBWoWhsTpA_utt03151,DCBWoWhsTpA_utt03152,DCBWoWhsTpA_utt03153,DCBWoWhsTpA_utt03154,DCBWoWhsTpA_utt03155,DCBWoWhsTpA_utt03156,DCBWoWhsTpA_utt03157",7,/Users/rajeshpmu/Desktop/LegalMemoCMT/data/phase2/clancy/corpus/raw/live-lindsay-clancy-trial-day-14/live-lindsay-clancy-trial-day-14_DCBWoWhsTpA.mp4,/Users/rajeshpmu/Desktop/LegalMemoCMT/data/phase2/clancy/corpus/raw/live-lindsay-clancy-trial-day-14/live-lindsay-clancy-trial-day-14_DCBWoWhsTpA.wav,/Users/rajeshpmu/Desktop/LegalMemoCMT/data/processed/phase2/clancy/turn_clips/video/DCBWoWhsTpA/DCBWoWhsTpA_turn06291.mp4,/Users/rajeshpmu/Desktop/LegalMemoCMT/data/processed/phase2/clancy/turn_clips/audio/DCBWoWhsTpA/DCBWoWhsTpA_turn06291.wav,4214.155,4219.909,5.754,created,01:10:14.155,01:10:19.909,0.0,default_zero,SPEAKER_18,4.305,pyannote/speaker-diarization-3.1,Witness,manual_verified_diarization,HIGH,YES,SPEAKING,Witness,YES,Witness 15 identified by manual audio/video review,INCLUDE,,YES,speaker_role=Witness,split_dev;usable,"usable because speaker_role=Witness, witness_speaking_status=SPEAKING, clip_status=created, duration=5.754s, and source is not excluded",YES,0.6,HIGH,manual_clip_review,HUMAN_VERIFIED,/Users/rajeshpmu/Desktop/LegalMemoCMT/data/processed/phase2/clancy/turn_clips/video/DCBWoWhsTpA/DCBWoWhsTpA_turn06291.mp4,/Users/rajeshpmu/Desktop/LegalMemoCMT/data/processed/phase2/clancy/vit_facecrop_embeddings/DCBWoWhsTpA/DCBWoWhsTpA_turn06291.npy,created,neutral,0.585933,1.246843,"{""anger"": 0.112027, ""disgust"": 0.009252, ""fear"": 0.034489, ""joy"": 0.034669, ""neutral"": 0.585933, ""sadness"": 0.19905, ""surprise"": 0.02458}",/Users/rajeshpmu/Desktop/LegalMemoCMT/results/facial_cues/meld_vit_facecrop_gated_video_aux/fold_4/best_model.pt,phase1_meld_checkpoint_pseudo_label,"audio,text,video","audio,text,video","{""audio_dim"": 128, ""audio_model_name"": ""facebook/hubert-base-ls960"", ""dropout"": 0.1, ""encoder_mode"": ""paper"", ""freeze_audio_backbone"": false, ""freeze_text_backbone"": false, ""fusion_dim"": 256, ""fusion_mode"": ""gated"", ""fusion_pooling"": ""min"", ""max_audio_len"": 256, ""max_text_len"": 128, ""max_video_len"": 32, ""num_classes"": 7, ""num_heads"": 4, ""num_layers"": 2, ""text_dim"": 256, ""text_model_name"": ""bert-base-uncased"", ""use_video"": true, ""video_dim"": 768, ""vocab_size"": 30000}",/Users/rajeshpmu/Desktop/LegalMemoCMT/data/processed/phase2/clancy/turn_clips/audio/DCBWoWhsTpA/DCBWoWhsTpA_turn06291.wav,OK,,0.296174,0.300731,0.300731,0.386653,3loi/SER-Odyssey-Baseline-WavLM-Multi-Attributes,OK,neu,1.0,speechbrain/emotion-recognition-wav2vec2-IEMOCAP,OK,NO,UNCLEAR,no explicit emotion-target evidence,LOW,LOW,LOW,NEUTRAL_CANDIDATE,neutral,neutral,neutral,0.580000,neutral,0.580000,"audio and courtroom-affect evidence support neutral, but emotion target is unresolved",NO,CALM_COMPOSED,1,low_or_moderate_audio_arousal;speechbrain_neutral
DCBWoWhsTpA_turn06299,DCBWoWhsTpA_turn06299,DCBWoWhsTpA,https://www.youtube.com/live/DCBWoWhsTpA,LIVE: Lindsay Clancy trial Day 14,full_trial_stream,5,/Users/rajeshpmu/Desktop/LegalMemoCMT/data/phase2/clancy/corpus/raw/live-lindsay-clancy-trial-day-14/live-lindsay-clancy-trial-day-14_DCBWoWhsTpA.en.vtt,/Users/rajeshpmu/Desktop/LegalMemoCMT/data/processed/phase2/clancy/turn_clips/video/DCBWoWhsTpA/DCBWoWhsTpA_turn06299.mp4,/Users/rajeshpmu/Desktop/LegalMemoCMT/data/processed/phase2/clancy/turn_clips/audio/DCBWoWhsTpA/DCBWoWhsTpA_turn06299.wav,DCBWoWhsTpA,group_by_youtube_id,dev,neutral,text_keyword_heuristic,LOW,YES,comparable Phase 1 and audio categorical outputs agree or audio class is not comparable,YES,What does he say to her?,What does he say to her?,01:10:45.490,01:10:47.338,1.848,1.848,marker,MEDIUM,1,3,"DCBWoWhsTpA_utt03185#p02,DCBWoWhsTpA_utt03186#p01,DCBWoWhsTpA_utt03187#p01","DCBWoWhsTpA_utt03185,DCBWoWhsTpA_utt03186,DCBWoWhsTpA_utt03187",3,/Users/rajeshpmu/Desktop/LegalMemoCMT/data/phase2/clancy/corpus/raw/live-lindsay-clancy-trial-day-14/live-lindsay-clancy-trial-day-14_DCBWoWhsTpA.mp4,/Users/rajeshpmu/Desktop/LegalMemoCMT/data/phase2/clancy/corpus/raw/live-lindsay-clancy-trial-day-14/live-lindsay-clancy-trial-day-14_DCBWoWhsTpA.wav,/Users/rajeshpmu/Desktop/LegalMemoCMT/data/processed/phase2/clancy/turn_clips/video/DCBWoWhsTpA/DCBWoWhsTpA_turn06299.mp4,/Users/rajeshpmu/Desktop/LegalMemoCMT/data/processed/phase2/clancy/turn_clips/audio/DCBWoWhsTpA/DCBWoWhsTpA_turn06299.wav,4245.49,4247.338,1.848,created,01:10:45.490,01:10:47.338,0.0,default_zero,SPEAKER_18,0.726,pyannote/speaker-diarization-3.1,Witness,manual_verified_diarization,HIGH,YES,SPEAKING,Witness,YES,Witness 15 identified by manual audio/video review,INCLUDE,,YES,speaker_role=Witness,split_dev;usable,"usable because speaker_role=Witness, witness_speaking_status=SPEAKING, clip_status=created, duration=1.848s, and source is not excluded",YES,0.6,HIGH,manual_clip_review,HUMAN_VERIFIED,/Users/rajeshpmu/Desktop/LegalMemoCMT/data/processed/phase2/clancy/turn_clips/video/DCBWoWhsTpA/DCBWoWhsTpA_turn06299.mp4,/Users/rajeshpmu/Desktop/LegalMemoCMT/data/processed/phase2/clancy/vit_facecrop_embeddings/DCBWoWhsTpA/DCBWoWhsTpA_turn06299.npy,created,neutral,0.946956,0.298054,"{""anger"": 0.010264, ""disgust"": 0.012441, ""fear"": 0.009108, ""joy"": 0.00721, ""neutral"": 0.946956, ""sadness"": 0.01145, ""surprise"": 0.002571}",/Users/rajeshpmu/Desktop/LegalMemoCMT/results/facial_cues/meld_vit_facecrop_gated_video_aux/fold_4/best_model.pt,phase1_meld_checkpoint_pseudo_label,"audio,text,video","audio,text,video","{""audio_dim"": 128, ""audio_model_name"": ""facebook/hubert-base-ls960"", ""dropout"": 0.1, ""encoder_mode"": ""paper"", ""freeze_audio_backbone"": false, ""freeze_text_backbone"": false, ""fusion_dim"": 256, ""fusion_mode"": ""gated"", ""fusion_pooling"": ""min"", ""max_audio_len"": 256, ""max_text_len"": 128, ""max_video_len"": 32, ""num_classes"": 7, ""num_heads"": 4, ""num_layers"": 2, ""text_dim"": 256, ""text_model_name"": ""bert-base-uncased"", ""use_video"": true, ""video_dim"": 768, ""vocab_size"": 30000}",/Users/rajeshpmu/Desktop/LegalMemoCMT/data/processed/phase2/clancy/turn_clips/audio/DCBWoWhsTpA/DCBWoWhsTpA_turn06299.wav,OK,,0.715719,0.514942,0.514942,0.571963,3loi/SER-Odyssey-Baseline-WavLM-Multi-Attributes,OK,ang,1.0,speechbrain/emotion-recognition-wav2vec2-IEMOCAP,OK,NO,UNCLEAR,no explicit emotion-target evidence,HIGH,LOW,HIGH,KEEP_PHASE1_CANDIDATE,neutral,anger,neutral,0.946956,neutral,0.946956,comparable Phase 1 and audio categorical outputs agree or audio class is not comparable,YES,UNKNOWN,,phase1_vs_comparable_audio_disagreement
DCBWoWhsTpA_turn06300,DCBWoWhsTpA_turn06300,DCBWoWhsTpA,https://www.youtube.com/live/DCBWoWhsTpA,LIVE: Lindsay Clancy trial Day 14,full_trial_stream,5,/Users/rajeshpmu/Desktop/LegalMemoCMT/data/phase2/clancy/corpus/raw/live-lindsay-clancy-trial-day-14/live-lindsay-clancy-trial-day-14_DCBWoWhsTpA.en.vtt,/Users/rajeshpmu/Desktop/LegalMemoCMT/data/processed/phase2/clancy/turn_clips/video/DCBWoWhsTpA/DCBWoWhsTpA_turn06300.mp4,/Users/rajeshpmu/Desktop/LegalMemoCMT/data/processed/phase2/clancy/turn_clips/audio/DCBWoWhsTpA/DCBWoWhsTpA_turn06300.wav,DCBWoWhsTpA,group_by_youtube_id,dev,neutral,text_keyword_heuristic,LOW,YES,"audio and courtroom-affect evidence support neutral, but emotion target is unresolved",YES,You're a good mama.,You're a good mama.,01:10:47.338,01:10:48.835,1.497,1.497,marker,MEDIUM,1,3,"DCBWoWhsTpA_utt03187#p02,DCBWoWhsTpA_utt03188#p01,DCBWoWhsTpA_utt03189#p01","DCBWoWhsTpA_utt03187,DCBWoWhsTpA_utt03188,DCBWoWhsTpA_utt03189",3,/Users/rajeshpmu/Desktop/LegalMemoCMT/data/phase2/clancy/corpus/raw/live-lindsay-clancy-trial-day-14/live-lindsay-clancy-trial-day-14_DCBWoWhsTpA.mp4,/Users/rajeshpmu/Desktop/LegalMemoCMT/data/phase2/clancy/corpus/raw/live-lindsay-clancy-trial-day-14/live-lindsay-clancy-trial-day-14_DCBWoWhsTpA.wav,/Users/rajeshpmu/Desktop/LegalMemoCMT/data/processed/phase2/clancy/turn_clips/video/DCBWoWhsTpA/DCBWoWhsTpA_turn06300.mp4,/Users/rajeshpmu/Desktop/LegalMemoCMT/data/processed/phase2/clancy/turn_clips/audio/DCBWoWhsTpA/DCBWoWhsTpA_turn06300.wav,4247.338,4248.835,1.497,created,01:10:47.338,01:10:48.835,0.0,default_zero,SPEAKER_18,0.725,pyannote/speaker-diarization-3.1,Witness,manual_verified_diarization,HIGH,YES,SPEAKING,Witness,YES,Witness 15 identified by manual audio/video review,INCLUDE,,YES,speaker_role=Witness,split_dev;usable,"usable because speaker_role=Witness, witness_speaking_status=SPEAKING, clip_status=created, duration=1.497s, and source is not excluded",YES,0.6,HIGH,manual_clip_review,HUMAN_VERIFIED,/Users/rajeshpmu/Desktop/LegalMemoCMT/data/processed/phase2/clancy/turn_clips/video/DCBWoWhsTpA/DCBWoWhsTpA_turn06300.mp4,/Users/rajeshpmu/Desktop/LegalMemoCMT/data/processed/phase2/clancy/vit_facecrop_embeddings/DCBWoWhsTpA/DCBWoWhsTpA_turn06300.npy,created,anger,0.451298,1.200669,"{""anger"": 0.451298, ""disgust"": 0.003434, ""fear"": 0.045147, ""joy"": 0.062336, ""neutral"": 0.397636, ""sadness"": 0.004209, ""surprise"": 0.03594}",/Users/rajeshpmu/Desktop/LegalMemoCMT/results/facial_cues/meld_vit_facecrop_gated_video_aux/fold_4/best_model.pt,phase1_meld_checkpoint_pseudo_label,"audio,text,video","audio,text,video","{""audio_dim"": 128, ""audio_model_name"": ""facebook/hubert-base-ls960"", ""dropout"": 0.1, ""encoder_mode"": ""paper"", ""freeze_audio_backbone"": false, ""freeze_text_backbone"": false, ""fusion_dim"": 256, ""fusion_mode"": ""gated"", ""fusion_pooling"": ""min"", ""max_audio_len"": 256, ""max_text_len"": 128, ""max_video_len"": 32, ""num_classes"": 7, ""num_heads"": 4, ""num_layers"": 2, ""text_dim"": 256, ""text_model_name"": ""bert-base-uncased"", ""use_video"": true, ""video_dim"": 768, ""vocab_size"": 30000}",/Users/rajeshpmu/Desktop/LegalMemoCMT/data/processed/phase2/clancy/turn_clips/audio/DCBWoWhsTpA/DCBWoWhsTpA_turn06300.wav,OK,,0.346506,0.275809,0.275809,0.345185,3loi/SER-Odyssey-Baseline-WavLM-Multi-Attributes,OK,neu,1.0,speechbrain/emotion-recognition-wav2vec2-IEMOCAP,OK,NO,UNCLEAR,no explicit emotion-target evidence,MEDIUM,LOW,MEDIUM,NEUTRAL_CANDIDATE,anger,neutral,neutral,0.580000,neutral,0.580000,"audio and courtroom-affect evidence support neutral, but emotion target is unresolved",YES,CALM_COMPOSED,1,phase1_vs_comparable_audio_disagreement;low_or_moderate_audio_arousal;speechbrain_neutral
DCBWoWhsTpA_turn06301,DCBWoWhsTpA_turn06301,DCBWoWhsTpA,https://www.youtube.com/live/DCBWoWhsTpA,LIVE: Lindsay Clancy trial Day 14,full_trial_stream,5,/Users/rajeshpmu/Desktop/LegalMemoCMT/data/phase2/clancy/corpus/raw/live-lindsay-clancy-trial-day-14/live-lindsay-clancy-trial-day-14_DCBWoWhsTpA.en.vtt,/Users/rajeshpmu/Desktop/LegalMemoCMT/data/processed/phase2/clancy/turn_clips/video/DCBWoWhsTpA/DCBWoWhsTpA_turn06301.mp4,/Users/rajeshpmu/Desktop/LegalMemoCMT/data/processed/phase2/clancy/turn_clips/audio/DCBWoWhsTpA/DCBWoWhsTpA_turn06301.wav,DCBWoWhsTpA,group_by_youtube_id,dev,neutral,text_keyword_heuristic,LOW,NO,"audio and courtroom-affect evidence support neutral, but emotion target is unresolved",YES,And does she respond?,And does she respond?,01:10:48.835,01:10:50.423,1.588,1.588,marker,MEDIUM,1,3,"DCBWoWhsTpA_utt03189#p02,DCBWoWhsTpA_utt03190#p01,DCBWoWhsTpA_utt03191#p01","DCBWoWhsTpA_utt03189,DCBWoWhsTpA_utt03190,DCBWoWhsTpA_utt03191",3,/Users/rajeshpmu/Desktop/LegalMemoCMT/data/phase2/clancy/corpus/raw/live-lindsay-clancy-trial-day-14/live-lindsay-clancy-trial-day-14_DCBWoWhsTpA.mp4,/Users/rajeshpmu/Desktop/LegalMemoCMT/data/phase2/clancy/corpus/raw/live-lindsay-clancy-trial-day-14/live-lindsay-clancy-trial-day-14_DCBWoWhsTpA.wav,/Users/rajeshpmu/Desktop/LegalMemoCMT/data/processed/phase2/clancy/turn_clips/video/DCBWoWhsTpA/DCBWoWhsTpA_turn06301.mp4,/Users/rajeshpmu/Desktop/LegalMemoCMT/data/processed/phase2/clancy/turn_clips/audio/DCBWoWhsTpA/DCBWoWhsTpA_turn06301.wav,4248.835,4250.423,1.588,created,01:10:48.835,01:10:50.423,0.0,default_zero,SPEAKER_18,0.795,pyannote/speaker-diarization-3.1,Witness,manual_verified_diarization,HIGH,YES,SPEAKING,Witness,YES,Witness 15 identified by manual audio/video review,INCLUDE,,YES,speaker_role=Witness,split_dev;usable,"usable because speaker_role=Witness, witness_speaking_status=SPEAKING, clip_status=created, duration=1.588s, and source is not excluded",YES,0.6,HIGH,manual_clip_review,HUMAN_VERIFIED,/Users/rajeshpmu/Desktop/LegalMemoCMT/data/processed/phase2/clancy/turn_clips/video/DCBWoWhsTpA/DCBWoWhsTpA_turn06301.mp4,/Users/rajeshpmu/Desktop/LegalMemoCMT/data/processed/phase2/clancy/vit_facecrop_embeddings/DCBWoWhsTpA/DCBWoWhsTpA_turn06301.npy,created,neutral,0.735551,0.998449,"{""anger"": 0.035817, ""disgust"": 0.044866, ""fear"": 0.027388, ""joy"": 0.059248, ""neutral"": 0.735551, ""sadness"": 0.091472, ""surprise"": 0.005658}",/Users/rajeshpmu/Desktop/LegalMemoCMT/results/facial_cues/meld_vit_facecrop_gated_video_aux/fold_4/best_model.pt,phase1_meld_checkpoint_pseudo_label,"audio,text,video","audio,text,video","{""audio_dim"": 128, ""audio_model_name"": ""facebook/hubert-base-ls960"", ""dropout"": 0.1, ""encoder_mode"": ""paper"", ""freeze_audio_backbone"": false, ""freeze_text_backbone"": false, ""fusion_dim"": 256, ""fusion_mode"": ""gated"", ""fusion_pooling"": ""min"", ""max_audio_len"": 256, ""max_text_len"": 128, ""max_video_len"": 32, ""num_classes"": 7, ""num_heads"": 4, ""num_layers"": 2, ""text_dim"": 256, ""text_model_name"": ""bert-base-uncased"", ""use_video"": true, ""video_dim"": 768, ""vocab_size"": 30000}",/Users/rajeshpmu/Desktop/LegalMemoCMT/data/processed/phase2/clancy/turn_clips/audio/DCBWoWhsTpA/DCBWoWhsTpA_turn06301.wav,OK,,0.491978,0.396321,0.396321,0.433388,3loi/SER-Odyssey-Baseline-WavLM-Multi-Attributes,OK,neu,1.0,speechbrain/emotion-recognition-wav2vec2-IEMOCAP,OK,NO,UNCLEAR,no explicit emotion-target evidence,LOW,LOW,LOW,NEUTRAL_CANDIDATE,neutral,neutral,neutral,0.580000,neutral,0.580000,"audio and courtroom-affect evidence support neutral, but emotion target is unresolved",NO,CALM_COMPOSED,1,low_or_moderate_audio_arousal;speechbrain_neutral
DCBWoWhsTpA_turn06302,DCBWoWhsTpA_turn06302,DCBWoWhsTpA,https://www.youtube.com/live/DCBWoWhsTpA,LIVE: Lindsay Clancy trial Day 14,full_trial_stream,5,/Users/rajeshpmu/Desktop/LegalMemoCMT/data/phase2/clancy/corpus/raw/live-lindsay-clancy-trial-day-14/live-lindsay-clancy-trial-day-14_DCBWoWhsTpA.en.vtt,/Users/rajeshpmu/Desktop/LegalMemoCMT/data/processed/phase2/clancy/turn_clips/video/DCBWoWhsTpA/DCBWoWhsTpA_turn06302.mp4,/Users/rajeshpmu/Desktop/LegalMemoCMT/data/processed/phase2/clancy/turn_clips/audio/DCBWoWhsTpA/DCBWoWhsTpA_turn06302.wav,DCBWoWhsTpA,group_by_youtube_id,dev,neutral,text_keyword_heuristic,LOW,NO,"audio and courtroom-affect evidence support neutral, but emotion target is unresolved",YES,Uh she responds with an emoji uh which is the face covered in hearts.,Uh she responds with an emoji uh which is the face covered in hearts.,01:10:50.423,01:10:54.998,4.575,4.575,marker,MEDIUM,1,5,"DCBWoWhsTpA_utt03191#p02,DCBWoWhsTpA_utt03192#p01,DCBWoWhsTpA_utt03193#p01,DCBWoWhsTpA_utt03194#p01,DCBWoWhsTpA_utt03195#p01","DCBWoWhsTpA_utt03191,DCBWoWhsTpA_utt03192,DCBWoWhsTpA_utt03193,DCBWoWhsTpA_utt03194,DCBWoWhsTpA_utt03195",5,/Users/rajeshpmu/Desktop/LegalMemoCMT/data/phase2/clancy/corpus/raw/live-lindsay-clancy-trial-day-14/live-lindsay-clancy-trial-day-14_DCBWoWhsTpA.mp4,/Users/rajeshpmu/Desktop/LegalMemoCMT/data/phase2/clancy/corpus/raw/live-lindsay-clancy-trial-day-14/live-lindsay-clancy-trial-day-14_DCBWoWhsTpA.wav,/Users/rajeshpmu/Desktop/LegalMemoCMT/data/processed/phase2/clancy/turn_clips/video/DCBWoWhsTpA/DCBWoWhsTpA_turn06302.mp4,/Users/rajeshpmu/Desktop/LegalMemoCMT/data/processed/phase2/clancy/turn_clips/audio/DCBWoWhsTpA/DCBWoWhsTpA_turn06302.wav,4250.423,4254.998,4.575,created,01:10:50.423,01:10:54.998,0.0,default_zero,SPEAKER_18,4.575,pyannote/speaker-diarization-3.1,Witness,manual_verified_diarization,HIGH,YES,SPEAKING,Witness,YES,Witness 15 identified by manual audio/video review,INCLUDE,,YES,speaker_role=Witness,split_dev;usable,"usable because speaker_role=Witness, witness_speaking_status=SPEAKING, clip_status=created, duration=4.575s, and source is not excluded",YES,0.6,HIGH,manual_clip_review,HUMAN_VERIFIED,/Users/rajeshpmu/Desktop/LegalMemoCMT/data/processed/phase2/clancy/turn_clips/video/DCBWoWhsTpA/DCBWoWhsTpA_turn06302.mp4,/Users/rajeshpmu/Desktop/LegalMemoCMT/data/processed/phase2/clancy/vit_facecrop_embeddings/DCBWoWhsTpA/DCBWoWhsTpA_turn06302.npy,created,neutral,0.431697,1.382995,"{""anger"": 0.034341, ""disgust"": 0.009976, ""fear"": 0.032504, ""joy"": 0.10065, ""neutral"": 0.431697, ""sadness"": 0.049736, ""surprise"": 0.341096}",/Users/rajeshpmu/Desktop/LegalMemoCMT/results/facial_cues/meld_vit_facecrop_gated_video_aux/fold_4/best_model.pt,phase1_meld_checkpoint_pseudo_label,"audio,text,video","audio,text,video","{""audio_dim"": 128, ""audio_model_name"": ""facebook/hubert-base-ls960"", ""dropout"": 0.1, ""encoder_mode"": ""paper"", ""freeze_audio_backbone"": false, ""freeze_text_backbone"": false, ""fusion_dim"": 256, ""fusion_mode"": ""gated"", ""fusion_pooling"": ""min"", ""max_audio_len"": 256, ""max_text_len"": 128, ""max_video_len"": 32, ""num_classes"": 7, ""num_heads"": 4, ""num_layers"": 2, ""text_dim"": 256, ""text_model_name"": ""bert-base-uncased"", ""use_video"": true, ""video_dim"": 768, ""vocab_size"": 30000}",/Users/rajeshpmu/Desktop/LegalMemoCMT/data/processed/phase2/clancy/turn_clips/audio/DCBWoWhsTpA/DCBWoWhsTpA_turn06302.wav,OK,,0.495876,0.363654,0.363654,0.438076,3loi/SER-Odyssey-Baseline-WavLM-Multi-Attributes,OK,neu,0.999979,speechbrain/emotion-recognition-wav2vec2-IEMOCAP,OK,NO,UNCLEAR,no explicit emotion-target evidence,LOW,LOW,LOW,NEUTRAL_CANDIDATE,neutral,neutral,neutral,0.580000,neutral,0.580000,"audio and courtroom-affect evidence support neutral, but emotion target is unresolved",NO,CALM_COMPOSED,1,low_or_moderate_audio_arousal;speechbrain_neutral
DCBWoWhsTpA_turn06311,DCBWoWhsTpA_turn06311,DCBWoWhsTpA,https://www.youtube.com/live/DCBWoWhsTpA,LIVE: Lindsay Clancy trial Day 14,full_trial_stream,5,/Users/rajeshpmu/Desktop/LegalMemoCMT/data/phase2/clancy/corpus/raw/live-lindsay-clancy-trial-day-14/live-lindsay-clancy-trial-day-14_DCBWoWhsTpA.en.vtt,/Users/rajeshpmu/Desktop/LegalMemoCMT/data/processed/phase2/clancy/turn_clips/video/DCBWoWhsTpA/DCBWoWhsTpA_turn06311.mp4,/Users/rajeshpmu/Desktop/LegalMemoCMT/data/processed/phase2/clancy/turn_clips/audio/DCBWoWhsTpA/DCBWoWhsTpA_turn06311.wav,DCBWoWhsTpA,group_by_youtube_id,dev,neutral,text_keyword_heuristic,LOW,NO,"audio and courtroom-affect evidence support neutral, but emotion target is unresolved",YES,"That would be what you refer to as your appendix. Um, the appendix one of the Lindsy Clansancy phone is 1,300 and some uh, web search visits. Okay. So, I'm going to hand you what says report number one, iPhone belonging to Lindsay Clancy and ask if you can recognize that.","That would be what you refer to as your appendix. Um, the appendix one of the Lindsy Clansancy phone is 1,300 and some uh, web search visits. Okay. So, I'm going to hand you what says report number one, iPhone belonging to Lindsay Clancy and ask if you can recognize that.",01:11:59.503,01:12:24.310,24.807,24.807,marker,MEDIUM,1,15,"DCBWoWhsTpA_utt03251#p02,DCBWoWhsTpA_utt03252#p01,DCBWoWhsTpA_utt03253#p01,DCBWoWhsTpA_utt03254#p01,DCBWoWhsTpA_utt03255#p01,DCBWoWhsTpA_utt03256#p01,DCBWoWhsTpA_utt03257#p01,DCBWoWhsTpA_utt03258#p01,DCBWoWhsTpA_utt03259#p01,DCBWoWhsTpA_utt03260#p01,DCBWoWhsTpA_utt03261#p01,DCBWoWhsTpA_utt03262#p01,DCBWoWhsTpA_utt03263#p01,DCBWoWhsTpA_utt03264#p01,DCBWoWhsTpA_utt03265#p01","DCBWoWhsTpA_utt03251,DCBWoWhsTpA_utt03252,DCBWoWhsTpA_utt03253,DCBWoWhsTpA_utt03254,DCBWoWhsTpA_utt03255,DCBWoWhsTpA_utt03256,DCBWoWhsTpA_utt03257,DCBWoWhsTpA_utt03258,DCBWoWhsTpA_utt03259,DCBWoWhsTpA_utt03260,DCBWoWhsTpA_utt03261,DCBWoWhsTpA_utt03262,DCBWoWhsTpA_utt03263,DCBWoWhsTpA_utt03264,DCBWoWhsTpA_utt03265",15,/Users/rajeshpmu/Desktop/LegalMemoCMT/data/phase2/clancy/corpus/raw/live-lindsay-clancy-trial-day-14/live-lindsay-clancy-trial-day-14_DCBWoWhsTpA.mp4,/Users/rajeshpmu/Desktop/LegalMemoCMT/data/phase2/clancy/corpus/raw/live-lindsay-clancy-trial-day-14/live-lindsay-clancy-trial-day-14_DCBWoWhsTpA.wav,/Users/rajeshpmu/Desktop/LegalMemoCMT/data/processed/phase2/clancy/turn_clips/video/DCBWoWhsTpA/DCBWoWhsTpA_turn06311.mp4,/Users/rajeshpmu/Desktop/LegalMemoCMT/data/processed/phase2/clancy/turn_clips/audio/DCBWoWhsTpA/DCBWoWhsTpA_turn06311.wav,4319.503,4344.31,24.807,created,01:11:59.503,01:12:24.310,0.0,default_zero,SPEAKER_18,8.522,pyannote/speaker-diarization-3.1,Witness,manual_verified_diarization,HIGH,YES,SPEAKING,Witness,YES,Witness 15 identified by manual audio/video review,INCLUDE,,YES,speaker_role=Witness,split_dev;usable,"usable because speaker_role=Witness, witness_speaking_status=SPEAKING, clip_status=created, duration=24.807s, and source is not excluded",YES,0.6,HIGH,manual_clip_review,HUMAN_VERIFIED,/Users/rajeshpmu/Desktop/LegalMemoCMT/data/processed/phase2/clancy/turn_clips/video/DCBWoWhsTpA/DCBWoWhsTpA_turn06311.mp4,/Users/rajeshpmu/Desktop/LegalMemoCMT/data/processed/phase2/clancy/vit_facecrop_embeddings/DCBWoWhsTpA/DCBWoWhsTpA_turn06311.npy,created,neutral,0.953231,0.260763,"{""anger"": 0.012037, ""disgust"": 0.002341, ""fear"": 0.003731, ""joy"": 0.018813, ""neutral"": 0.953231, ""sadness"": 0.00593, ""surprise"": 0.003916}",/Users/rajeshpmu/Desktop/LegalMemoCMT/results/facial_cues/meld_vit_facecrop_gated_video_aux/fold_4/best_model.pt,phase1_meld_checkpoint_pseudo_label,"audio,text,video","audio,text,video","{""audio_dim"": 128, ""audio_model_name"": ""facebook/hubert-base-ls960"", ""dropout"": 0.1, ""encoder_mode"": ""paper"", ""freeze_audio_backbone"": false, ""freeze_text_backbone"": false, ""fusion_dim"": 256, ""fusion_mode"": ""gated"", ""fusion_pooling"": ""min"", ""max_audio_len"": 256, ""max_text_len"": 128, ""max_video_len"": 32, ""num_classes"": 7, ""num_heads"": 4, ""num_layers"": 2, ""text_dim"": 256, ""text_model_name"": ""bert-base-uncased"", ""use_video"": true, ""video_dim"": 768, ""vocab_size"": 30000}",/Users/rajeshpmu/Desktop/LegalMemoCMT/data/processed/phase2/clancy/turn_clips/audio/DCBWoWhsTpA/DCBWoWhsTpA_turn06311.wav,OK,,0.51381,0.352548,0.352548,0.451073,3loi/SER-Odyssey-Baseline-WavLM-Multi-Attributes,OK,neu,1.0,speechbrain/emotion-recognition-wav2vec2-IEMOCAP,OK,NO,UNCLEAR,no explicit emotion-target evidence,LOW,LOW,LOW,NEUTRAL_CANDIDATE,neutral,neutral,neutral,0.580000,neutral,0.580000,"audio and courtroom-affect evidence support neutral, but emotion target is unresolved",NO,CALM_COMPOSED,1,low_or_moderate_audio_arousal;speechbrain_neutral
DCBWoWhsTpA_turn06312,DCBWoWhsTpA_turn06312,DCBWoWhsTpA,https://www.youtube.com/live/DCBWoWhsTpA,LIVE: Lindsay Clancy trial Day 14,full_trial_stream,5,/Users/rajeshpmu/Desktop/LegalMemoCMT/data/phase2/clancy/corpus/raw/live-lindsay-clancy-trial-day-14/live-lindsay-clancy-trial-day-14_DCBWoWhsTpA.en.vtt,/Users/rajeshpmu/Desktop/LegalMemoCMT/data/processed/phase2/clancy/turn_clips/video/DCBWoWhsTpA/DCBWoWhsTpA_turn06312.mp4,/Users/rajeshpmu/Desktop/LegalMemoCMT/data/processed/phase2/clancy/turn_clips/audio/DCBWoWhsTpA/DCBWoWhsTpA_turn06312.wav,DCBWoWhsTpA,group_by_youtube_id,dev,neutral,text_keyword_heuristic,LOW,NO,"audio and courtroom-affect evidence support neutral, but emotion target is unresolved",YES,"Uh, yes. This appears to be the just the web history from Lindsay's phone.","Uh, yes. This appears to be the just the web history from Lindsay's phone.",01:12:27.189,01:12:29.229,2.04,2.04,marker,MEDIUM,1,6,"DCBWoWhsTpA_utt03268#p01,DCBWoWhsTpA_utt03269#p01,DCBWoWhsTpA_utt03270#p01,DCBWoWhsTpA_utt03271#p01,DCBWoWhsTpA_utt03272#p01,DCBWoWhsTpA_utt03273#p01","DCBWoWhsTpA_utt03268,DCBWoWhsTpA_utt03269,DCBWoWhsTpA_utt03270,DCBWoWhsTpA_utt03271,DCBWoWhsTpA_utt03272,DCBWoWhsTpA_utt03273",6,/Users/rajeshpmu/Desktop/LegalMemoCMT/data/phase2/clancy/corpus/raw/live-lindsay-clancy-trial-day-14/live-lindsay-clancy-trial-day-14_DCBWoWhsTpA.mp4,/Users/rajeshpmu/Desktop/LegalMemoCMT/data/phase2/clancy/corpus/raw/live-lindsay-clancy-trial-day-14/live-lindsay-clancy-trial-day-14_DCBWoWhsTpA.wav,/Users/rajeshpmu/Desktop/LegalMemoCMT/data/processed/phase2/clancy/turn_clips/video/DCBWoWhsTpA/DCBWoWhsTpA_turn06312.mp4,/Users/rajeshpmu/Desktop/LegalMemoCMT/data/processed/phase2/clancy/turn_clips/audio/DCBWoWhsTpA/DCBWoWhsTpA_turn06312.wav,4347.189,4349.229,2.04,created,01:12:27.189,01:12:29.229,0.0,default_zero,SPEAKER_18,1.597,pyannote/speaker-diarization-3.1,Witness,manual_verified_diarization,HIGH,YES,SPEAKING,Witness,YES,Witness 15 identified by manual audio/video review,INCLUDE,,YES,speaker_role=Witness,split_dev;usable,"usable because speaker_role=Witness, witness_speaking_status=SPEAKING, clip_status=created, duration=2.040s, and source is not excluded",YES,0.6,HIGH,manual_clip_review,HUMAN_VERIFIED,/Users/rajeshpmu/Desktop/LegalMemoCMT/data/processed/phase2/clancy/turn_clips/video/DCBWoWhsTpA/DCBWoWhsTpA_turn06312.mp4,/Users/rajeshpmu/Desktop/LegalMemoCMT/data/processed/phase2/clancy/vit_facecrop_embeddings/DCBWoWhsTpA/DCBWoWhsTpA_turn06312.npy,created,neutral,0.934955,0.350675,"{""anger"": 0.014695, ""disgust"": 0.008358, ""fear"": 0.008763, ""joy"": 0.015218, ""neutral"": 0.934955, ""sadness"": 0.014931, ""surprise"": 0.00308}",/Users/rajeshpmu/Desktop/LegalMemoCMT/results/facial_cues/meld_vit_facecrop_gated_video_aux/fold_4/best_model.pt,phase1_meld_checkpoint_pseudo_label,"audio,text,video","audio,text,video","{""audio_dim"": 128, ""audio_model_name"": ""facebook/hubert-base-ls960"", ""dropout"": 0.1, ""encoder_mode"": ""paper"", ""freeze_audio_backbone"": false, ""freeze_text_backbone"": false, ""fusion_dim"": 256, ""fusion_mode"": ""gated"", ""fusion_pooling"": ""min"", ""max_audio_len"": 256, ""max_text_len"": 128, ""max_video_len"": 32, ""num_classes"": 7, ""num_heads"": 4, ""num_layers"": 2, ""text_dim"": 256, ""text_model_name"": ""bert-base-uncased"", ""use_video"": true, ""video_dim"": 768, ""vocab_size"": 30000}",/Users/rajeshpmu/Desktop/LegalMemoCMT/data/processed/phase2/clancy/turn_clips/audio/DCBWoWhsTpA/DCBWoWhsTpA_turn06312.wav,OK,,0.482046,0.348408,0.348408,0.410142,3loi/SER-Odyssey-Baseline-WavLM-Multi-Attributes,OK,neu,1.0,speechbrain/emotion-recognition-wav2vec2-IEMOCAP,OK,NO,UNCLEAR,no explicit emotion-target evidence,LOW,LOW,LOW,NEUTRAL_CANDIDATE,neutral,neutral,neutral,0.580000,neutral,0.580000,"audio and courtroom-affect evidence support neutral, but emotion target is unresolved",NO,CALM_COMPOSED,1,low_or_moderate_audio_arousal;speechbrain_neutral
DCBWoWhsTpA_turn06333,DCBWoWhsTpA_turn06333,DCBWoWhsTpA,https://www.youtube.com/live/DCBWoWhsTpA,LIVE: Lindsay Clancy trial Day 14,full_trial_stream,5,/Users/rajeshpmu/Desktop/LegalMemoCMT/data/phase2/clancy/corpus/raw/live-lindsay-clancy-trial-day-14/live-lindsay-clancy-trial-day-14_DCBWoWhsTpA.en.vtt,/Users/rajeshpmu/Desktop/LegalMemoCMT/data/processed/phase2/clancy/turn_clips/video/DCBWoWhsTpA/DCBWoWhsTpA_turn06333.mp4,/Users/rajeshpmu/Desktop/LegalMemoCMT/data/processed/phase2/clancy/turn_clips/audio/DCBWoWhsTpA/DCBWoWhsTpA_turn06333.wav,DCBWoWhsTpA,group_by_youtube_id,dev,neutral,text_keyword_heuristic,LOW,NO,"audio and courtroom-affect evidence support neutral, but emotion target is unresolved",YES,"Um, yes. I'm creative. I recognize the report.","Um, yes. I'm creative. I recognize the report.",01:14:01.830,01:14:04.620,2.79,2.79,marker,MEDIUM,1,6,"DCBWoWhsTpA_utt03342#p01,DCBWoWhsTpA_utt03343#p01,DCBWoWhsTpA_utt03344#p01,DCBWoWhsTpA_utt03345#p01,DCBWoWhsTpA_utt03346#p01,DCBWoWhsTpA_utt03347#p01","DCBWoWhsTpA_utt03342,DCBWoWhsTpA_utt03343,DCBWoWhsTpA_utt03344,DCBWoWhsTpA_utt03345,DCBWoWhsTpA_utt03346,DCBWoWhsTpA_utt03347",6,/Users/rajeshpmu/Desktop/LegalMemoCMT/data/phase2/clancy/corpus/raw/live-lindsay-clancy-trial-day-14/live-lindsay-clancy-trial-day-14_DCBWoWhsTpA.mp4,/Users/rajeshpmu/Desktop/LegalMemoCMT/data/phase2/clancy/corpus/raw/live-lindsay-clancy-trial-day-14/live-lindsay-clancy-trial-day-14_DCBWoWhsTpA.wav,/Users/rajeshpmu/Desktop/LegalMemoCMT/data/processed/phase2/clancy/turn_clips/video/DCBWoWhsTpA/DCBWoWhsTpA_turn06333.mp4,/Users/rajeshpmu/Desktop/LegalMemoCMT/data/processed/phase2/clancy/turn_clips/audio/DCBWoWhsTpA/DCBWoWhsTpA_turn06333.wav,4441.83,4444.62,2.79,created,01:14:01.830,01:14:04.620,0.0,default_zero,SPEAKER_18,2.042,pyannote/speaker-diarization-3.1,Witness,manual_verified_diarization,HIGH,YES,SPEAKING,Witness,YES,Witness 15 identified by manual audio/video review,INCLUDE,,YES,speaker_role=Witness,split_dev;usable,"usable because speaker_role=Witness, witness_speaking_status=SPEAKING, clip_status=created, duration=2.790s, and source is not excluded",YES,0.6,HIGH,manual_clip_review,HUMAN_VERIFIED,/Users/rajeshpmu/Desktop/LegalMemoCMT/data/processed/phase2/clancy/turn_clips/video/DCBWoWhsTpA/DCBWoWhsTpA_turn06333.mp4,/Users/rajeshpmu/Desktop/LegalMemoCMT/data/processed/phase2/clancy/vit_facecrop_embeddings/DCBWoWhsTpA/DCBWoWhsTpA_turn06333.npy,created,neutral,0.780183,0.714999,"{""anger"": 0.166589, ""disgust"": 0.002649, ""fear"": 0.004926, ""joy"": 0.028674, ""neutral"": 0.780183, ""sadness"": 0.012461, ""surprise"": 0.004518}",/Users/rajeshpmu/Desktop/LegalMemoCMT/results/facial_cues/meld_vit_facecrop_gated_video_aux/fold_4/best_model.pt,phase1_meld_checkpoint_pseudo_label,"audio,text,video","audio,text,video","{""audio_dim"": 128, ""audio_model_name"": ""facebook/hubert-base-ls960"", ""dropout"": 0.1, ""encoder_mode"": ""paper"", ""freeze_audio_backbone"": false, ""freeze_text_backbone"": false, ""fusion_dim"": 256, ""fusion_mode"": ""gated"", ""fusion_pooling"": ""min"", ""max_audio_len"": 256, ""max_text_len"": 128, ""max_video_len"": 32, ""num_classes"": 7, ""num_heads"": 4, ""num_layers"": 2, ""text_dim"": 256, ""text_model_name"": ""bert-base-uncased"", ""use_video"": true, ""video_dim"": 768, ""vocab_size"": 30000}",/Users/rajeshpmu/Desktop/LegalMemoCMT/data/processed/phase2/clancy/turn_clips/audio/DCBWoWhsTpA/DCBWoWhsTpA_turn06333.wav,OK,,0.418787,0.315889,0.315889,0.348264,3loi/SER-Odyssey-Baseline-WavLM-Multi-Attributes,OK,neu,1.0,speechbrain/emotion-recognition-wav2vec2-IEMOCAP,OK,NO,UNCLEAR,no explicit emotion-target evidence,LOW,LOW,LOW,NEUTRAL_CANDIDATE,neutral,neutral,neutral,0.580000,neutral,0.580000,"audio and courtroom-affect evidence support neutral, but emotion target is unresolved",NO,CALM_COMPOSED,1,low_or_moderate_audio_arousal;speechbrain_neutral
DCBWoWhsTpA_turn06335,DCBWoWhsTpA_turn06335,DCBWoWhsTpA,https://www.youtube.com/live/DCBWoWhsTpA,LIVE: Lindsay Clancy trial Day 14,full_trial_stream,5,/Users/rajeshpmu/Desktop/LegalMemoCMT/data/phase2/clancy/corpus/raw/live-lindsay-clancy-trial-day-14/live-lindsay-clancy-trial-day-14_DCBWoWhsTpA.en.vtt,/Users/rajeshpmu/Desktop/LegalMemoCMT/data/processed/phase2/clancy/turn_clips/video/DCBWoWhsTpA/DCBWoWhsTpA_turn06335.mp4,/Users/rajeshpmu/Desktop/LegalMemoCMT/data/processed/phase2/clancy/turn_clips/audio/DCBWoWhsTpA/DCBWoWhsTpA_turn06335.wav,DCBWoWhsTpA,group_by_youtube_id,dev,neutral,text_keyword_heuristic,LOW,YES,comparable Phase 1 and audio categorical outputs agree or audio class is not comparable,YES,"Um, may look at you. Yeah. Close it.","Um, may look at you. Yeah. Close it.",01:14:11.083,01:14:17.045,5.962,5.962,marker,MEDIUM,1,3,"DCBWoWhsTpA_utt03353#p02,DCBWoWhsTpA_utt03354#p01,DCBWoWhsTpA_utt03355#p01","DCBWoWhsTpA_utt03353,DCBWoWhsTpA_utt03354,DCBWoWhsTpA_utt03355",3,/Users/rajeshpmu/Desktop/LegalMemoCMT/data/phase2/clancy/corpus/raw/live-lindsay-clancy-trial-day-14/live-lindsay-clancy-trial-day-14_DCBWoWhsTpA.mp4,/Users/rajeshpmu/Desktop/LegalMemoCMT/data/phase2/clancy/corpus/raw/live-lindsay-clancy-trial-day-14/live-lindsay-clancy-trial-day-14_DCBWoWhsTpA.wav,/Users/rajeshpmu/Desktop/LegalMemoCMT/data/processed/phase2/clancy/turn_clips/video/DCBWoWhsTpA/DCBWoWhsTpA_turn06335.mp4,/Users/rajeshpmu/Desktop/LegalMemoCMT/data/processed/phase2/clancy/turn_clips/audio/DCBWoWhsTpA/DCBWoWhsTpA_turn06335.wav,4451.083,4457.045,5.962,created,01:14:11.083,01:14:17.045,0.0,default_zero,SPEAKER_18,1.795,pyannote/speaker-diarization-3.1,Witness,manual_verified_diarization,HIGH,YES,SPEAKING,Witness,YES,Witness 15 identified by manual audio/video review,INCLUDE,,YES,speaker_role=Witness,split_dev;usable,"usable because speaker_role=Witness, witness_speaking_status=SPEAKING, clip_status=created, duration=5.962s, and source is not excluded",YES,0.6,HIGH,manual_clip_review,HUMAN_VERIFIED,/Users/rajeshpmu/Desktop/LegalMemoCMT/data/processed/phase2/clancy/turn_clips/video/DCBWoWhsTpA/DCBWoWhsTpA_turn06335.mp4,/Users/rajeshpmu/Desktop/LegalMemoCMT/data/processed/phase2/clancy/vit_facecrop_embeddings/DCBWoWhsTpA/DCBWoWhsTpA_turn06335.npy,created,neutral,0.907771,0.435657,"{""anger"": 0.035025, ""disgust"": 0.001177, ""fear"": 0.004885, ""joy"": 0.019658, ""neutral"": 0.907771, ""sadness"": 0.028275, ""surprise"": 0.00321}",/Users/rajeshpmu/Desktop/LegalMemoCMT/results/facial_cues/meld_vit_facecrop_gated_video_aux/fold_4/best_model.pt,phase1_meld_checkpoint_pseudo_label,"audio,text,video","audio,text,video","{""audio_dim"": 128, ""audio_model_name"": ""facebook/hubert-base-ls960"", ""dropout"": 0.1, ""encoder_mode"": ""paper"", ""freeze_audio_backbone"": false, ""freeze_text_backbone"": false, ""fusion_dim"": 256, ""fusion_mode"": ""gated"", ""fusion_pooling"": ""min"", ""max_audio_len"": 256, ""max_text_len"": 128, ""max_video_len"": 32, ""num_classes"": 7, ""num_heads"": 4, ""num_layers"": 2, ""text_dim"": 256, ""text_model_name"": ""bert-base-uncased"", ""use_video"": true, ""video_dim"": 768, ""vocab_size"": 30000}",/Users/rajeshpmu/Desktop/LegalMemoCMT/data/processed/phase2/clancy/turn_clips/audio/DCBWoWhsTpA/DCBWoWhsTpA_turn06335.wav,OK,,0.485637,0.339167,0.339167,0.352242,3loi/SER-Odyssey-Baseline-WavLM-Multi-Attributes,OK,hap,1.0,speechbrain/emotion-recognition-wav2vec2-IEMOCAP,OK,NO,UNCLEAR,no explicit emotion-target evidence,HIGH,LOW,HIGH,KEEP_PHASE1_CANDIDATE,neutral,joy,neutral,0.907771,neutral,0.907771,comparable Phase 1 and audio categorical outputs agree or audio class is not comparable,YES,UNKNOWN,,phase1_vs_comparable_audio_disagreement;low_or_moderate_audio_arousal
DCBWoWhsTpA_turn06336,DCBWoWhsTpA_turn06336,DCBWoWhsTpA,https://www.youtube.com/live/DCBWoWhsTpA,LIVE: Lindsay Clancy trial Day 14,full_trial_stream,5,/Users/rajeshpmu/Desktop/LegalMemoCMT/data/phase2/clancy/corpus/raw/live-lindsay-clancy-trial-day-14/live-lindsay-clancy-trial-day-14_DCBWoWhsTpA.en.vtt,/Users/rajeshpmu/Desktop/LegalMemoCMT/data/processed/phase2/clancy/turn_clips/video/DCBWoWhsTpA/DCBWoWhsTpA_turn06336.mp4,/Users/rajeshpmu/Desktop/LegalMemoCMT/data/processed/phase2/clancy/turn_clips/audio/DCBWoWhsTpA/DCBWoWhsTpA_turn06336.wav,DCBWoWhsTpA,group_by_youtube_id,dev,neutral,text_keyword_heuristic,LOW,NO,"audio and courtroom-affect evidence support neutral, but emotion target is unresolved",YES,"Uh, yes. This is a a report generated by uh physical analyzer a self right tool of the device.","Uh, yes. This is a a report generated by uh physical analyzer a self right tool of the device.",01:14:17.045,01:14:23.925,6.88,6.88,marker,MEDIUM,1,7,"DCBWoWhsTpA_utt03355#p02,DCBWoWhsTpA_utt03356#p01,DCBWoWhsTpA_utt03357#p01,DCBWoWhsTpA_utt03358#p01,DCBWoWhsTpA_utt03359#p01,DCBWoWhsTpA_utt03360#p01,DCBWoWhsTpA_utt03361#p01","DCBWoWhsTpA_utt03355,DCBWoWhsTpA_utt03356,DCBWoWhsTpA_utt03357,DCBWoWhsTpA_utt03358,DCBWoWhsTpA_utt03359,DCBWoWhsTpA_utt03360,DCBWoWhsTpA_utt03361",7,/Users/rajeshpmu/Desktop/LegalMemoCMT/data/phase2/clancy/corpus/raw/live-lindsay-clancy-trial-day-14/live-lindsay-clancy-trial-day-14_DCBWoWhsTpA.mp4,/Users/rajeshpmu/Desktop/LegalMemoCMT/data/phase2/clancy/corpus/raw/live-lindsay-clancy-trial-day-14/live-lindsay-clancy-trial-day-14_DCBWoWhsTpA.wav,/Users/rajeshpmu/Desktop/LegalMemoCMT/data/processed/phase2/clancy/turn_clips/video/DCBWoWhsTpA/DCBWoWhsTpA_turn06336.mp4,/Users/rajeshpmu/Desktop/LegalMemoCMT/data/processed/phase2/clancy/turn_clips/audio/DCBWoWhsTpA/DCBWoWhsTpA_turn06336.wav,4457.045,4463.925,6.88,created,01:14:17.045,01:14:23.925,0.0,default_zero,SPEAKER_18,4.922,pyannote/speaker-diarization-3.1,Witness,manual_verified_diarization,HIGH,YES,SPEAKING,Witness,YES,Witness 15 identified by manual audio/video review,INCLUDE,,YES,speaker_role=Witness,split_dev;usable,"usable because speaker_role=Witness, witness_speaking_status=SPEAKING, clip_status=created, duration=6.880s, and source is not excluded",YES,0.6,HIGH,manual_clip_review,HUMAN_VERIFIED,/Users/rajeshpmu/Desktop/LegalMemoCMT/data/processed/phase2/clancy/turn_clips/video/DCBWoWhsTpA/DCBWoWhsTpA_turn06336.mp4,/Users/rajeshpmu/Desktop/LegalMemoCMT/data/processed/phase2/clancy/vit_facecrop_embeddings/DCBWoWhsTpA/DCBWoWhsTpA_turn06336.npy,created,neutral,0.943454,0.306639,"{""anger"": 0.020588, ""disgust"": 0.003724, ""fear"": 0.004296, ""joy"": 0.014794, ""neutral"": 0.943454, ""sadness"": 0.008902, ""surprise"": 0.004241}",/Users/rajeshpmu/Desktop/LegalMemoCMT/results/facial_cues/meld_vit_facecrop_gated_video_aux/fold_4/best_model.pt,phase1_meld_checkpoint_pseudo_label,"audio,text,video","audio,text,video","{""audio_dim"": 128, ""audio_model_name"": ""facebook/hubert-base-ls960"", ""dropout"": 0.1, ""encoder_mode"": ""paper"", ""freeze_audio_backbone"": false, ""freeze_text_backbone"": false, ""fusion_dim"": 256, ""fusion_mode"": ""gated"", ""fusion_pooling"": ""min"", ""max_audio_len"": 256, ""max_text_len"": 128, ""max_video_len"": 32, ""num_classes"": 7, ""num_heads"": 4, ""num_layers"": 2, ""text_dim"": 256, ""text_model_name"": ""bert-base-uncased"", ""use_video"": true, ""video_dim"": 768, ""vocab_size"": 30000}",/Users/rajeshpmu/Desktop/LegalMemoCMT/data/processed/phase2/clancy/turn_clips/audio/DCBWoWhsTpA/DCBWoWhsTpA_turn06336.wav,OK,,0.483774,0.287507,0.287507,0.338467,3loi/SER-Odyssey-Baseline-WavLM-Multi-Attributes,OK,neu,1.0,speechbrain/emotion-recognition-wav2vec2-IEMOCAP,OK,NO,UNCLEAR,no explicit emotion-target evidence,LOW,LOW,LOW,NEUTRAL_CANDIDATE,neutral,neutral,neutral,0.580000,neutral,0.580000,"audio and courtroom-affect evidence support neutral, but emotion target is unresolved",NO,CALM_COMPOSED,1,low_or_moderate_audio_arousal;speechbrain_neutral
DCBWoWhsTpA_turn06345,DCBWoWhsTpA_turn06345,DCBWoWhsTpA,https://www.youtube.com/live/DCBWoWhsTpA,LIVE: Lindsay Clancy trial Day 14,full_trial_stream,5,/Users/rajeshpmu/Desktop/LegalMemoCMT/data/phase2/clancy/corpus/raw/live-lindsay-clancy-trial-day-14/live-lindsay-clancy-trial-day-14_DCBWoWhsTpA.en.vtt,/Users/rajeshpmu/Desktop/LegalMemoCMT/data/processed/phase2/clancy/turn_clips/video/DCBWoWhsTpA/DCBWoWhsTpA_turn06345.mp4,/Users/rajeshpmu/Desktop/LegalMemoCMT/data/processed/phase2/clancy/turn_clips/audio/DCBWoWhsTpA/DCBWoWhsTpA_turn06345.wav,DCBWoWhsTpA,group_by_youtube_id,dev,neutral,text_keyword_heuristic,LOW,YES,comparable Phase 1 and audio categorical outputs agree or audio class is not comparable,YES,"So, this is for the hour of health data. So, it's been aggregated and it shows uh between 7 a.m. and 8 a.m. uh 47 m traveled.","So, this is for the hour of health data. So, it's been aggregated and it shows uh between 7 a.m. and 8 a.m. uh 47 m traveled.",01:15:20.915,01:15:35.337,14.422,14.422,marker,MEDIUM,1,9,"DCBWoWhsTpA_utt03405#p02,DCBWoWhsTpA_utt03406#p01,DCBWoWhsTpA_utt03407#p01,DCBWoWhsTpA_utt03408#p01,DCBWoWhsTpA_utt03409#p01,DCBWoWhsTpA_utt03410#p01,DCBWoWhsTpA_utt03411#p01,DCBWoWhsTpA_utt03412#p01,DCBWoWhsTpA_utt03413#p01","DCBWoWhsTpA_utt03405,DCBWoWhsTpA_utt03406,DCBWoWhsTpA_utt03407,DCBWoWhsTpA_utt03408,DCBWoWhsTpA_utt03409,DCBWoWhsTpA_utt03410,DCBWoWhsTpA_utt03411,DCBWoWhsTpA_utt03412,DCBWoWhsTpA_utt03413",9,/Users/rajeshpmu/Desktop/LegalMemoCMT/data/phase2/clancy/corpus/raw/live-lindsay-clancy-trial-day-14/live-lindsay-clancy-trial-day-14_DCBWoWhsTpA.mp4,/Users/rajeshpmu/Desktop/LegalMemoCMT/data/phase2/clancy/corpus/raw/live-lindsay-clancy-trial-day-14/live-lindsay-clancy-trial-day-14_DCBWoWhsTpA.wav,/Users/rajeshpmu/Desktop/LegalMemoCMT/data/processed/phase2/clancy/turn_clips/video/DCBWoWhsTpA/DCBWoWhsTpA_turn06345.mp4,/Users/rajeshpmu/Desktop/LegalMemoCMT/data/processed/phase2/clancy/turn_clips/audio/DCBWoWhsTpA/DCBWoWhsTpA_turn06345.wav,4520.915,4535.337,14.422,created,01:15:20.915,01:15:35.337,0.0,default_zero,SPEAKER_18,9.75,pyannote/speaker-diarization-3.1,Witness,manual_verified_diarization,HIGH,YES,SPEAKING,Witness,YES,Witness 15 identified by manual audio/video review,INCLUDE,,YES,speaker_role=Witness,split_dev;usable,"usable because speaker_role=Witness, witness_speaking_status=SPEAKING, clip_status=created, duration=14.422s, and source is not excluded",YES,0.6,HIGH,manual_clip_review,HUMAN_VERIFIED,/Users/rajeshpmu/Desktop/LegalMemoCMT/data/processed/phase2/clancy/turn_clips/video/DCBWoWhsTpA/DCBWoWhsTpA_turn06345.mp4,/Users/rajeshpmu/Desktop/LegalMemoCMT/data/processed/phase2/clancy/vit_facecrop_embeddings/DCBWoWhsTpA/DCBWoWhsTpA_turn06345.npy,created,neutral,0.92495,0.381926,"{""anger"": 0.027378, ""disgust"": 0.003011, ""fear"": 0.004644, ""joy"": 0.021051, ""neutral"": 0.92495, ""sadness"": 0.012206, ""surprise"": 0.006761}",/Users/rajeshpmu/Desktop/LegalMemoCMT/results/facial_cues/meld_vit_facecrop_gated_video_aux/fold_4/best_model.pt,phase1_meld_checkpoint_pseudo_label,"audio,text,video","audio,text,video","{""audio_dim"": 128, ""audio_model_name"": ""facebook/hubert-base-ls960"", ""dropout"": 0.1, ""encoder_mode"": ""paper"", ""freeze_audio_backbone"": false, ""freeze_text_backbone"": false, ""fusion_dim"": 256, ""fusion_mode"": ""gated"", ""fusion_pooling"": ""min"", ""max_audio_len"": 256, ""max_text_len"": 128, ""max_video_len"": 32, ""num_classes"": 7, ""num_heads"": 4, ""num_layers"": 2, ""text_dim"": 256, ""text_model_name"": ""bert-base-uncased"", ""use_video"": true, ""video_dim"": 768, ""vocab_size"": 30000}",/Users/rajeshpmu/Desktop/LegalMemoCMT/data/processed/phase2/clancy/turn_clips/audio/DCBWoWhsTpA/DCBWoWhsTpA_turn06345.wav,OK,,0.428688,0.276698,0.276698,0.34493,3loi/SER-Odyssey-Baseline-WavLM-Multi-Attributes,OK,sad,1.0,speechbrain/emotion-recognition-wav2vec2-IEMOCAP,OK,NO,UNCLEAR,no explicit emotion-target evidence,HIGH,LOW,HIGH,KEEP_PHASE1_CANDIDATE,neutral,sadness,neutral,0.924950,neutral,0.924950,comparable Phase 1 and audio categorical outputs agree or audio class is not comparable,YES,UNKNOWN,,phase1_vs_comparable_audio_disagreement;low_or_moderate_audio_arousal
DCBWoWhsTpA_turn06353,DCBWoWhsTpA_turn06353,DCBWoWhsTpA,https://www.youtube.com/live/DCBWoWhsTpA,LIVE: Lindsay Clancy trial Day 14,full_trial_stream,5,/Users/rajeshpmu/Desktop/LegalMemoCMT/data/phase2/clancy/corpus/raw/live-lindsay-clancy-trial-day-14/live-lindsay-clancy-trial-day-14_DCBWoWhsTpA.en.vtt,/Users/rajeshpmu/Desktop/LegalMemoCMT/data/processed/phase2/clancy/turn_clips/video/DCBWoWhsTpA/DCBWoWhsTpA_turn06353.mp4,/Users/rajeshpmu/Desktop/LegalMemoCMT/data/processed/phase2/clancy/turn_clips/audio/DCBWoWhsTpA/DCBWoWhsTpA_turn06353.wav,DCBWoWhsTpA,group_by_youtube_id,dev,neutral,text_keyword_heuristic,LOW,NO,"calm courtroom presentation with neutral acoustic evidence, low/moderate excitement, and non-self emotion target",YES,"Uh that's coming from the watch and the the phone and being displayed as one amount of information. It's coming from the watch, right?","Uh that's coming from the watch and the the phone and being displayed as one amount of information. It's coming from the watch, right?",01:16:07.554,01:16:17.604,10.05,10.05,marker,MEDIUM,1,9,"DCBWoWhsTpA_utt03443#p02,DCBWoWhsTpA_utt03444#p01,DCBWoWhsTpA_utt03445#p01,DCBWoWhsTpA_utt03446#p01,DCBWoWhsTpA_utt03447#p01,DCBWoWhsTpA_utt03448#p01,DCBWoWhsTpA_utt03449#p01,DCBWoWhsTpA_utt03450#p01,DCBWoWhsTpA_utt03451#p01","DCBWoWhsTpA_utt03443,DCBWoWhsTpA_utt03444,DCBWoWhsTpA_utt03445,DCBWoWhsTpA_utt03446,DCBWoWhsTpA_utt03447,DCBWoWhsTpA_utt03448,DCBWoWhsTpA_utt03449,DCBWoWhsTpA_utt03450,DCBWoWhsTpA_utt03451",9,/Users/rajeshpmu/Desktop/LegalMemoCMT/data/phase2/clancy/corpus/raw/live-lindsay-clancy-trial-day-14/live-lindsay-clancy-trial-day-14_DCBWoWhsTpA.mp4,/Users/rajeshpmu/Desktop/LegalMemoCMT/data/phase2/clancy/corpus/raw/live-lindsay-clancy-trial-day-14/live-lindsay-clancy-trial-day-14_DCBWoWhsTpA.wav,/Users/rajeshpmu/Desktop/LegalMemoCMT/data/processed/phase2/clancy/turn_clips/video/DCBWoWhsTpA/DCBWoWhsTpA_turn06353.mp4,/Users/rajeshpmu/Desktop/LegalMemoCMT/data/processed/phase2/clancy/turn_clips/audio/DCBWoWhsTpA/DCBWoWhsTpA_turn06353.wav,4567.554,4577.604,10.05,created,01:16:07.554,01:16:17.604,0.0,default_zero,SPEAKER_18,5.484,pyannote/speaker-diarization-3.1,Witness,manual_verified_diarization,HIGH,YES,SPEAKING,Witness,YES,Witness 15 identified by manual audio/video review,INCLUDE,,YES,speaker_role=Witness,split_dev;usable,"usable because speaker_role=Witness, witness_speaking_status=SPEAKING, clip_status=created, duration=10.050s, and source is not excluded",YES,0.6,HIGH,manual_clip_review,HUMAN_VERIFIED,/Users/rajeshpmu/Desktop/LegalMemoCMT/data/processed/phase2/clancy/turn_clips/video/DCBWoWhsTpA/DCBWoWhsTpA_turn06353.mp4,/Users/rajeshpmu/Desktop/LegalMemoCMT/data/processed/phase2/clancy/vit_facecrop_embeddings/DCBWoWhsTpA/DCBWoWhsTpA_turn06353.npy,created,neutral,0.822483,0.753157,"{""anger"": 0.030573, ""disgust"": 0.040961, ""fear"": 0.011194, ""joy"": 0.038557, ""neutral"": 0.822483, ""sadness"": 0.051067, ""surprise"": 0.005165}",/Users/rajeshpmu/Desktop/LegalMemoCMT/results/facial_cues/meld_vit_facecrop_gated_video_aux/fold_4/best_model.pt,phase1_meld_checkpoint_pseudo_label,"audio,text,video","audio,text,video","{""audio_dim"": 128, ""audio_model_name"": ""facebook/hubert-base-ls960"", ""dropout"": 0.1, ""encoder_mode"": ""paper"", ""freeze_audio_backbone"": false, ""freeze_text_backbone"": false, ""fusion_dim"": 256, ""fusion_mode"": ""gated"", ""fusion_pooling"": ""min"", ""max_audio_len"": 256, ""max_text_len"": 128, ""max_video_len"": 32, ""num_classes"": 7, ""num_heads"": 4, ""num_layers"": 2, ""text_dim"": 256, ""text_model_name"": ""bert-base-uncased"", ""use_video"": true, ""video_dim"": 768, ""vocab_size"": 30000}",/Users/rajeshpmu/Desktop/LegalMemoCMT/data/processed/phase2/clancy/turn_clips/audio/DCBWoWhsTpA/DCBWoWhsTpA_turn06353.wav,OK,,0.54992,0.442048,0.442048,0.499147,3loi/SER-Odyssey-Baseline-WavLM-Multi-Attributes,OK,neu,1.0,speechbrain/emotion-recognition-wav2vec2-IEMOCAP,OK,NO,QUOTED_SPEECH,quote or reported speech marker,LOW,LOW,LOW,NEUTRAL_CANDIDATE,neutral,neutral,neutral,0.720000,neutral,0.720000,"calm courtroom presentation with neutral acoustic evidence, low/moderate excitement, and non-self emotion target",NO,CALM_COMPOSED,1,low_or_moderate_audio_arousal;speechbrain_neutral
DCBWoWhsTpA_turn06354,DCBWoWhsTpA_turn06354,DCBWoWhsTpA,https://www.youtube.com/live/DCBWoWhsTpA,LIVE: Lindsay Clancy trial Day 14,full_trial_stream,5,/Users/rajeshpmu/Desktop/LegalMemoCMT/data/phase2/clancy/corpus/raw/live-lindsay-clancy-trial-day-14/live-lindsay-clancy-trial-day-14_DCBWoWhsTpA.en.vtt,/Users/rajeshpmu/Desktop/LegalMemoCMT/data/processed/phase2/clancy/turn_clips/video/DCBWoWhsTpA/DCBWoWhsTpA_turn06354.mp4,/Users/rajeshpmu/Desktop/LegalMemoCMT/data/processed/phase2/clancy/turn_clips/audio/DCBWoWhsTpA/DCBWoWhsTpA_turn06354.wav,DCBWoWhsTpA,group_by_youtube_id,dev,neutral,text_keyword_heuristic,LOW,YES,comparable Phase 1 and audio categorical outputs agree or audio class is not comparable,YES,"The way that the data is presented there, it's coming from the watch or the phone.","The way that the data is presented there, it's coming from the watch or the phone.",01:16:17.604,01:16:20.577,2.973,2.973,marker,MEDIUM,1,7,"DCBWoWhsTpA_utt03451#p02,DCBWoWhsTpA_utt03452#p01,DCBWoWhsTpA_utt03453#p01,DCBWoWhsTpA_utt03454#p01,DCBWoWhsTpA_utt03455#p01,DCBWoWhsTpA_utt03456#p01,DCBWoWhsTpA_utt03457#p01","DCBWoWhsTpA_utt03451,DCBWoWhsTpA_utt03452,DCBWoWhsTpA_utt03453,DCBWoWhsTpA_utt03454,DCBWoWhsTpA_utt03455,DCBWoWhsTpA_utt03456,DCBWoWhsTpA_utt03457",7,/Users/rajeshpmu/Desktop/LegalMemoCMT/data/phase2/clancy/corpus/raw/live-lindsay-clancy-trial-day-14/live-lindsay-clancy-trial-day-14_DCBWoWhsTpA.mp4,/Users/rajeshpmu/Desktop/LegalMemoCMT/data/phase2/clancy/corpus/raw/live-lindsay-clancy-trial-day-14/live-lindsay-clancy-trial-day-14_DCBWoWhsTpA.wav,/Users/rajeshpmu/Desktop/LegalMemoCMT/data/processed/phase2/clancy/turn_clips/video/DCBWoWhsTpA/DCBWoWhsTpA_turn06354.mp4,/Users/rajeshpmu/Desktop/LegalMemoCMT/data/processed/phase2/clancy/turn_clips/audio/DCBWoWhsTpA/DCBWoWhsTpA_turn06354.wav,4577.604,4580.577,2.973,created,01:16:17.604,01:16:20.577,0.0,default_zero,SPEAKER_18,2.454,pyannote/speaker-diarization-3.1,Witness,manual_verified_diarization,HIGH,YES,SPEAKING,Witness,YES,Witness 15 identified by manual audio/video review,INCLUDE,,YES,speaker_role=Witness,split_dev;usable,"usable because speaker_role=Witness, witness_speaking_status=SPEAKING, clip_status=created, duration=2.973s, and source is not excluded",YES,0.6,HIGH,manual_clip_review,HUMAN_VERIFIED,/Users/rajeshpmu/Desktop/LegalMemoCMT/data/processed/phase2/clancy/turn_clips/video/DCBWoWhsTpA/DCBWoWhsTpA_turn06354.mp4,/Users/rajeshpmu/Desktop/LegalMemoCMT/data/processed/phase2/clancy/vit_facecrop_embeddings/DCBWoWhsTpA/DCBWoWhsTpA_turn06354.npy,created,neutral,0.907192,0.44853,"{""anger"": 0.02692, ""disgust"": 0.006418, ""fear"": 0.005209, ""joy"": 0.036776, ""neutral"": 0.907192, ""sadness"": 0.012033, ""surprise"": 0.005452}",/Users/rajeshpmu/Desktop/LegalMemoCMT/results/facial_cues/meld_vit_facecrop_gated_video_aux/fold_4/best_model.pt,phase1_meld_checkpoint_pseudo_label,"audio,text,video","audio,text,video","{""audio_dim"": 128, ""audio_model_name"": ""facebook/hubert-base-ls960"", ""dropout"": 0.1, ""encoder_mode"": ""paper"", ""freeze_audio_backbone"": false, ""freeze_text_backbone"": false, ""fusion_dim"": 256, ""fusion_mode"": ""gated"", ""fusion_pooling"": ""min"", ""max_audio_len"": 256, ""max_text_len"": 128, ""max_video_len"": 32, ""num_classes"": 7, ""num_heads"": 4, ""num_layers"": 2, ""text_dim"": 256, ""text_model_name"": ""bert-base-uncased"", ""use_video"": true, ""video_dim"": 768, ""vocab_size"": 30000}",/Users/rajeshpmu/Desktop/LegalMemoCMT/data/processed/phase2/clancy/turn_clips/audio/DCBWoWhsTpA/DCBWoWhsTpA_turn06354.wav,OK,,0.570437,0.501864,0.501864,0.563775,3loi/SER-Odyssey-Baseline-WavLM-Multi-Attributes,OK,ang,0.924938,speechbrain/emotion-recognition-wav2vec2-IEMOCAP,OK,NO,UNCLEAR,no explicit emotion-target evidence,HIGH,LOW,HIGH,KEEP_PHASE1_CANDIDATE,neutral,anger,neutral,0.907192,neutral,0.907192,comparable Phase 1 and audio categorical outputs agree or audio class is not comparable,YES,UNKNOWN,,phase1_vs_comparable_audio_disagreement
DCBWoWhsTpA_turn06358,DCBWoWhsTpA_turn06358,DCBWoWhsTpA,https://www.youtube.com/live/DCBWoWhsTpA,LIVE: Lindsay Clancy trial Day 14,full_trial_stream,5,/Users/rajeshpmu/Desktop/LegalMemoCMT/data/phase2/clancy/corpus/raw/live-lindsay-clancy-trial-day-14/live-lindsay-clancy-trial-day-14_DCBWoWhsTpA.en.vtt,/Users/rajeshpmu/Desktop/LegalMemoCMT/data/processed/phase2/clancy/turn_clips/video/DCBWoWhsTpA/DCBWoWhsTpA_turn06358.mp4,/Users/rajeshpmu/Desktop/LegalMemoCMT/data/processed/phase2/clancy/turn_clips/audio/DCBWoWhsTpA/DCBWoWhsTpA_turn06358.wav,DCBWoWhsTpA,group_by_youtube_id,dev,neutral,text_keyword_heuristic,LOW,YES,comparable Phase 1 and audio categorical outputs agree or audio class is not comparable,YES,I like to think so.,I like to think so.,01:16:29.692,01:16:31.079,1.387,1.387,marker,MEDIUM,1,3,"DCBWoWhsTpA_utt03469#p02,DCBWoWhsTpA_utt03470#p01,DCBWoWhsTpA_utt03471#p01","DCBWoWhsTpA_utt03469,DCBWoWhsTpA_utt03470,DCBWoWhsTpA_utt03471",3,/Users/rajeshpmu/Desktop/LegalMemoCMT/data/phase2/clancy/corpus/raw/live-lindsay-clancy-trial-day-14/live-lindsay-clancy-trial-day-14_DCBWoWhsTpA.mp4,/Users/rajeshpmu/Desktop/LegalMemoCMT/data/phase2/clancy/corpus/raw/live-lindsay-clancy-trial-day-14/live-lindsay-clancy-trial-day-14_DCBWoWhsTpA.wav,/Users/rajeshpmu/Desktop/LegalMemoCMT/data/processed/phase2/clancy/turn_clips/video/DCBWoWhsTpA/DCBWoWhsTpA_turn06358.mp4,/Users/rajeshpmu/Desktop/LegalMemoCMT/data/processed/phase2/clancy/turn_clips/audio/DCBWoWhsTpA/DCBWoWhsTpA_turn06358.wav,4589.692,4591.079,1.387,created,01:16:29.692,01:16:31.079,0.0,default_zero,SPEAKER_18,0.541,pyannote/speaker-diarization-3.1,Witness,manual_verified_diarization,HIGH,YES,SPEAKING,Witness,YES,Witness 15 identified by manual audio/video review,INCLUDE,,YES,speaker_role=Witness,split_dev;usable,"usable because speaker_role=Witness, witness_speaking_status=SPEAKING, clip_status=created, duration=1.387s, and source is not excluded",YES,0.6,HIGH,manual_clip_review,HUMAN_VERIFIED,/Users/rajeshpmu/Desktop/LegalMemoCMT/data/processed/phase2/clancy/turn_clips/video/DCBWoWhsTpA/DCBWoWhsTpA_turn06358.mp4,/Users/rajeshpmu/Desktop/LegalMemoCMT/data/processed/phase2/clancy/vit_facecrop_embeddings/DCBWoWhsTpA/DCBWoWhsTpA_turn06358.npy,created,neutral,0.891251,0.4901,"{""anger"": 0.056526, ""disgust"": 0.003491, ""fear"": 0.012491, ""joy"": 0.024315, ""neutral"": 0.891251, ""sadness"": 0.003723, ""surprise"": 0.008203}",/Users/rajeshpmu/Desktop/LegalMemoCMT/results/facial_cues/meld_vit_facecrop_gated_video_aux/fold_4/best_model.pt,phase1_meld_checkpoint_pseudo_label,"audio,text,video","audio,text,video","{""audio_dim"": 128, ""audio_model_name"": ""facebook/hubert-base-ls960"", ""dropout"": 0.1, ""encoder_mode"": ""paper"", ""freeze_audio_backbone"": false, ""freeze_text_backbone"": false, ""fusion_dim"": 256, ""fusion_mode"": ""gated"", ""fusion_pooling"": ""min"", ""max_audio_len"": 256, ""max_text_len"": 128, ""max_video_len"": 32, ""num_classes"": 7, ""num_heads"": 4, ""num_layers"": 2, ""text_dim"": 256, ""text_model_name"": ""bert-base-uncased"", ""use_video"": true, ""video_dim"": 768, ""vocab_size"": 30000}",/Users/rajeshpmu/Desktop/LegalMemoCMT/data/processed/phase2/clancy/turn_clips/audio/DCBWoWhsTpA/DCBWoWhsTpA_turn06358.wav,OK,,0.554892,0.470742,0.470742,0.489707,3loi/SER-Odyssey-Baseline-WavLM-Multi-Attributes,OK,hap,0.998848,speechbrain/emotion-recognition-wav2vec2-IEMOCAP,OK,NO,UNCLEAR,no explicit emotion-target evidence,HIGH,LOW,HIGH,KEEP_PHASE1_CANDIDATE,neutral,joy,neutral,0.891251,neutral,0.891251,comparable Phase 1 and audio categorical outputs agree or audio class is not comparable,YES,UNKNOWN,,phase1_vs_comparable_audio_disagreement
DCBWoWhsTpA_turn06360,DCBWoWhsTpA_turn06360,DCBWoWhsTpA,https://www.youtube.com/live/DCBWoWhsTpA,LIVE: Lindsay Clancy trial Day 14,full_trial_stream,5,/Users/rajeshpmu/Desktop/LegalMemoCMT/data/phase2/clancy/corpus/raw/live-lindsay-clancy-trial-day-14/live-lindsay-clancy-trial-day-14_DCBWoWhsTpA.en.vtt,/Users/rajeshpmu/Desktop/LegalMemoCMT/data/processed/phase2/clancy/turn_clips/video/DCBWoWhsTpA/DCBWoWhsTpA_turn06360.mp4,/Users/rajeshpmu/Desktop/LegalMemoCMT/data/processed/phase2/clancy/turn_clips/audio/DCBWoWhsTpA/DCBWoWhsTpA_turn06360.wav,DCBWoWhsTpA,group_by_youtube_id,dev,neutral,text_keyword_heuristic,LOW,NO,"audio and courtroom-affect evidence support neutral, but emotion target is unresolved",YES,I've created some other tools. Yes.,I've created some other tools. Yes.,01:16:35.884,01:16:38.030,2.146,2.146,marker,MEDIUM,1,3,"DCBWoWhsTpA_utt03477#p02,DCBWoWhsTpA_utt03478#p01,DCBWoWhsTpA_utt03479#p01","DCBWoWhsTpA_utt03477,DCBWoWhsTpA_utt03478,DCBWoWhsTpA_utt03479",3,/Users/rajeshpmu/Desktop/LegalMemoCMT/data/phase2/clancy/corpus/raw/live-lindsay-clancy-trial-day-14/live-lindsay-clancy-trial-day-14_DCBWoWhsTpA.mp4,/Users/rajeshpmu/Desktop/LegalMemoCMT/data/phase2/clancy/corpus/raw/live-lindsay-clancy-trial-day-14/live-lindsay-clancy-trial-day-14_DCBWoWhsTpA.wav,/Users/rajeshpmu/Desktop/LegalMemoCMT/data/processed/phase2/clancy/turn_clips/video/DCBWoWhsTpA/DCBWoWhsTpA_turn06360.mp4,/Users/rajeshpmu/Desktop/LegalMemoCMT/data/processed/phase2/clancy/turn_clips/audio/DCBWoWhsTpA/DCBWoWhsTpA_turn06360.wav,4595.884,4598.03,2.146,created,01:16:35.884,01:16:38.030,0.0,default_zero,SPEAKER_18,0.661,pyannote/speaker-diarization-3.1,Witness,manual_verified_diarization,HIGH,YES,SPEAKING,Witness,YES,Witness 15 identified by manual audio/video review,INCLUDE,,YES,speaker_role=Witness,split_dev;usable,"usable because speaker_role=Witness, witness_speaking_status=SPEAKING, clip_status=created, duration=2.146s, and source is not excluded",YES,0.6,HIGH,manual_clip_review,HUMAN_VERIFIED,/Users/rajeshpmu/Desktop/LegalMemoCMT/data/processed/phase2/clancy/turn_clips/video/DCBWoWhsTpA/DCBWoWhsTpA_turn06360.mp4,/Users/rajeshpmu/Desktop/LegalMemoCMT/data/processed/phase2/clancy/vit_facecrop_embeddings/DCBWoWhsTpA/DCBWoWhsTpA_turn06360.npy,created,neutral,0.970287,0.173565,"{""anger"": 0.015276, ""disgust"": 0.000807, ""fear"": 0.003313, ""joy"": 0.006578, ""neutral"": 0.970287, ""sadness"": 0.003032, ""surprise"": 0.000707}",/Users/rajeshpmu/Desktop/LegalMemoCMT/results/facial_cues/meld_vit_facecrop_gated_video_aux/fold_4/best_model.pt,phase1_meld_checkpoint_pseudo_label,"audio,text,video","audio,text,video","{""audio_dim"": 128, ""audio_model_name"": ""facebook/hubert-base-ls960"", ""dropout"": 0.1, ""encoder_mode"": ""paper"", ""freeze_audio_backbone"": false, ""freeze_text_backbone"": false, ""fusion_dim"": 256, ""fusion_mode"": ""gated"", ""fusion_pooling"": ""min"", ""max_audio_len"": 256, ""max_text_len"": 128, ""max_video_len"": 32, ""num_classes"": 7, ""num_heads"": 4, ""num_layers"": 2, ""text_dim"": 256, ""text_model_name"": ""bert-base-uncased"", ""use_video"": true, ""video_dim"": 768, ""vocab_size"": 30000}",/Users/rajeshpmu/Desktop/LegalMemoCMT/data/processed/phase2/clancy/turn_clips/audio/DCBWoWhsTpA/DCBWoWhsTpA_turn06360.wav,OK,,0.542467,0.383462,0.383462,0.430049,3loi/SER-Odyssey-Baseline-WavLM-Multi-Attributes,OK,neu,1.0,speechbrain/emotion-recognition-wav2vec2-IEMOCAP,OK,NO,UNCLEAR,no explicit emotion-target evidence,LOW,LOW,LOW,NEUTRAL_CANDIDATE,neutral,neutral,neutral,0.580000,neutral,0.580000,"audio and courtroom-affect evidence support neutral, but emotion target is unresolved",NO,CALM_COMPOSED,1,low_or_moderate_audio_arousal;speechbrain_neutral
DCBWoWhsTpA_turn06362,DCBWoWhsTpA_turn06362,DCBWoWhsTpA,https://www.youtube.com/live/DCBWoWhsTpA,LIVE: Lindsay Clancy trial Day 14,full_trial_stream,5,/Users/rajeshpmu/Desktop/LegalMemoCMT/data/phase2/clancy/corpus/raw/live-lindsay-clancy-trial-day-14/live-lindsay-clancy-trial-day-14_DCBWoWhsTpA.en.vtt,/Users/rajeshpmu/Desktop/LegalMemoCMT/data/processed/phase2/clancy/turn_clips/video/DCBWoWhsTpA/DCBWoWhsTpA_turn06362.mp4,/Users/rajeshpmu/Desktop/LegalMemoCMT/data/processed/phase2/clancy/turn_clips/audio/DCBWoWhsTpA/DCBWoWhsTpA_turn06362.wav,DCBWoWhsTpA,group_by_youtube_id,dev,neutral,text_keyword_heuristic,LOW,NO,"audio and courtroom-affect evidence support neutral, but emotion target is unresolved",YES,"Based purely on the the report there, I'd suggest the data came from the phone rather than the watch.","Based purely on the the report there, I'd suggest the data came from the phone rather than the watch.",01:16:55.017,01:17:00.538,5.521,5.521,marker,MEDIUM,1,7,"DCBWoWhsTpA_utt03491#p02,DCBWoWhsTpA_utt03492#p01,DCBWoWhsTpA_utt03493#p01,DCBWoWhsTpA_utt03494#p01,DCBWoWhsTpA_utt03495#p01,DCBWoWhsTpA_utt03496#p01,DCBWoWhsTpA_utt03497#p01","DCBWoWhsTpA_utt03491,DCBWoWhsTpA_utt03492,DCBWoWhsTpA_utt03493,DCBWoWhsTpA_utt03494,DCBWoWhsTpA_utt03495,DCBWoWhsTpA_utt03496,DCBWoWhsTpA_utt03497",7,/Users/rajeshpmu/Desktop/LegalMemoCMT/data/phase2/clancy/corpus/raw/live-lindsay-clancy-trial-day-14/live-lindsay-clancy-trial-day-14_DCBWoWhsTpA.mp4,/Users/rajeshpmu/Desktop/LegalMemoCMT/data/phase2/clancy/corpus/raw/live-lindsay-clancy-trial-day-14/live-lindsay-clancy-trial-day-14_DCBWoWhsTpA.wav,/Users/rajeshpmu/Desktop/LegalMemoCMT/data/processed/phase2/clancy/turn_clips/video/DCBWoWhsTpA/DCBWoWhsTpA_turn06362.mp4,/Users/rajeshpmu/Desktop/LegalMemoCMT/data/processed/phase2/clancy/turn_clips/audio/DCBWoWhsTpA/DCBWoWhsTpA_turn06362.wav,4615.017,4620.538,5.521,created,01:16:55.017,01:17:00.538,0.0,default_zero,SPEAKER_18,4.528,pyannote/speaker-diarization-3.1,Witness,manual_verified_diarization,HIGH,YES,SPEAKING,Witness,YES,Witness 15 identified by manual audio/video review,INCLUDE,,YES,speaker_role=Witness,split_dev;usable,"usable because speaker_role=Witness, witness_speaking_status=SPEAKING, clip_status=created, duration=5.521s, and source is not excluded",YES,0.6,HIGH,manual_clip_review,HUMAN_VERIFIED,/Users/rajeshpmu/Desktop/LegalMemoCMT/data/processed/phase2/clancy/turn_clips/video/DCBWoWhsTpA/DCBWoWhsTpA_turn06362.mp4,/Users/rajeshpmu/Desktop/LegalMemoCMT/data/processed/phase2/clancy/vit_facecrop_embeddings/DCBWoWhsTpA/DCBWoWhsTpA_turn06362.npy,created,neutral,0.915564,0.428457,"{""anger"": 0.021244, ""disgust"": 0.012, ""fear"": 0.006315, ""joy"": 0.025948, ""neutral"": 0.915564, ""sadness"": 0.013899, ""surprise"": 0.00503}",/Users/rajeshpmu/Desktop/LegalMemoCMT/results/facial_cues/meld_vit_facecrop_gated_video_aux/fold_4/best_model.pt,phase1_meld_checkpoint_pseudo_label,"audio,text,video","audio,text,video","{""audio_dim"": 128, ""audio_model_name"": ""facebook/hubert-base-ls960"", ""dropout"": 0.1, ""encoder_mode"": ""paper"", ""freeze_audio_backbone"": false, ""freeze_text_backbone"": false, ""fusion_dim"": 256, ""fusion_mode"": ""gated"", ""fusion_pooling"": ""min"", ""max_audio_len"": 256, ""max_text_len"": 128, ""max_video_len"": 32, ""num_classes"": 7, ""num_heads"": 4, ""num_layers"": 2, ""text_dim"": 256, ""text_model_name"": ""bert-base-uncased"", ""use_video"": true, ""video_dim"": 768, ""vocab_size"": 30000}",/Users/rajeshpmu/Desktop/LegalMemoCMT/data/processed/phase2/clancy/turn_clips/audio/DCBWoWhsTpA/DCBWoWhsTpA_turn06362.wav,OK,,0.494429,0.403643,0.403643,0.477369,3loi/SER-Odyssey-Baseline-WavLM-Multi-Attributes,OK,neu,1.0,speechbrain/emotion-recognition-wav2vec2-IEMOCAP,OK,NO,UNCLEAR,no explicit emotion-target evidence,LOW,LOW,LOW,NEUTRAL_CANDIDATE,neutral,neutral,neutral,0.580000,neutral,0.580000,"audio and courtroom-affect evidence support neutral, but emotion target is unresolved",NO,CALM_COMPOSED,1,low_or_moderate_audio_arousal;speechbrain_neutral
DCBWoWhsTpA_turn06363,DCBWoWhsTpA_turn06363,DCBWoWhsTpA,https://www.youtube.com/live/DCBWoWhsTpA,LIVE: Lindsay Clancy trial Day 14,full_trial_stream,5,/Users/rajeshpmu/Desktop/LegalMemoCMT/data/phase2/clancy/corpus/raw/live-lindsay-clancy-trial-day-14/live-lindsay-clancy-trial-day-14_DCBWoWhsTpA.en.vtt,/Users/rajeshpmu/Desktop/LegalMemoCMT/data/processed/phase2/clancy/turn_clips/video/DCBWoWhsTpA/DCBWoWhsTpA_turn06363.mp4,/Users/rajeshpmu/Desktop/LegalMemoCMT/data/processed/phase2/clancy/turn_clips/audio/DCBWoWhsTpA/DCBWoWhsTpA_turn06363.wav,DCBWoWhsTpA,group_by_youtube_id,dev,neutral,text_keyword_heuristic,LOW,NO,PHASE1_AUDIO_AGREEMENT,YES,"Ah, I I just told you about the watch. Did you ever look at this watch? No, we can't actually pull data directly from the watch. We pull it from the phone.","Ah, I I just told you about the watch. Did you ever look at this watch? No, we can't actually pull data directly from the watch. We pull it from the phone.",01:17:00.538,01:17:09.200,8.662,8.662,marker,MEDIUM,1,9,"DCBWoWhsTpA_utt03497#p02,DCBWoWhsTpA_utt03498#p01,DCBWoWhsTpA_utt03499#p01,DCBWoWhsTpA_utt03500#p01,DCBWoWhsTpA_utt03501#p01,DCBWoWhsTpA_utt03502#p01,DCBWoWhsTpA_utt03503#p01,DCBWoWhsTpA_utt03504#p01,DCBWoWhsTpA_utt03505#p01","DCBWoWhsTpA_utt03497,DCBWoWhsTpA_utt03498,DCBWoWhsTpA_utt03499,DCBWoWhsTpA_utt03500,DCBWoWhsTpA_utt03501,DCBWoWhsTpA_utt03502,DCBWoWhsTpA_utt03503,DCBWoWhsTpA_utt03504,DCBWoWhsTpA_utt03505",9,/Users/rajeshpmu/Desktop/LegalMemoCMT/data/phase2/clancy/corpus/raw/live-lindsay-clancy-trial-day-14/live-lindsay-clancy-trial-day-14_DCBWoWhsTpA.mp4,/Users/rajeshpmu/Desktop/LegalMemoCMT/data/phase2/clancy/corpus/raw/live-lindsay-clancy-trial-day-14/live-lindsay-clancy-trial-day-14_DCBWoWhsTpA.wav,/Users/rajeshpmu/Desktop/LegalMemoCMT/data/processed/phase2/clancy/turn_clips/video/DCBWoWhsTpA/DCBWoWhsTpA_turn06363.mp4,/Users/rajeshpmu/Desktop/LegalMemoCMT/data/processed/phase2/clancy/turn_clips/audio/DCBWoWhsTpA/DCBWoWhsTpA_turn06363.wav,4620.538,4629.2,8.662,created,01:17:00.538,01:17:09.200,0.0,default_zero,SPEAKER_18,4.928,pyannote/speaker-diarization-3.1,Witness,manual_verified_diarization,HIGH,YES,SPEAKING,Witness,YES,Witness 15 identified by manual audio/video review,INCLUDE,,YES,speaker_role=Witness,split_dev;usable,"usable because speaker_role=Witness, witness_speaking_status=SPEAKING, clip_status=created, duration=8.662s, and source is not excluded",YES,0.6,HIGH,manual_clip_review,HUMAN_VERIFIED,/Users/rajeshpmu/Desktop/LegalMemoCMT/data/processed/phase2/clancy/turn_clips/video/DCBWoWhsTpA/DCBWoWhsTpA_turn06363.mp4,/Users/rajeshpmu/Desktop/LegalMemoCMT/data/processed/phase2/clancy/vit_facecrop_embeddings/DCBWoWhsTpA/DCBWoWhsTpA_turn06363.npy,created,neutral,0.801794,0.819397,"{""anger"": 0.049232, ""disgust"": 0.026962, ""fear"": 0.013968, ""joy"": 0.042121, ""neutral"": 0.801794, ""sadness"": 0.057964, ""surprise"": 0.007959}",/Users/rajeshpmu/Desktop/LegalMemoCMT/results/facial_cues/meld_vit_facecrop_gated_video_aux/fold_4/best_model.pt,phase1_meld_checkpoint_pseudo_label,"audio,text,video","audio,text,video","{""audio_dim"": 128, ""audio_model_name"": ""facebook/hubert-base-ls960"", ""dropout"": 0.1, ""encoder_mode"": ""paper"", ""freeze_audio_backbone"": false, ""freeze_text_backbone"": false, ""fusion_dim"": 256, ""fusion_mode"": ""gated"", ""fusion_pooling"": ""min"", ""max_audio_len"": 256, ""max_text_len"": 128, ""max_video_len"": 32, ""num_classes"": 7, ""num_heads"": 4, ""num_layers"": 2, ""text_dim"": 256, ""text_model_name"": ""bert-base-uncased"", ""use_video"": true, ""video_dim"": 768, ""vocab_size"": 30000}",/Users/rajeshpmu/Desktop/LegalMemoCMT/data/processed/phase2/clancy/turn_clips/audio/DCBWoWhsTpA/DCBWoWhsTpA_turn06363.wav,OK,,0.490816,0.491407,0.491407,0.535977,3loi/SER-Odyssey-Baseline-WavLM-Multi-Attributes,OK,neu,1.0,speechbrain/emotion-recognition-wav2vec2-IEMOCAP,OK,NO,UNCLEAR,no explicit emotion-target evidence,LOW,LOW,LOW,KEEP_PHASE1_CANDIDATE,neutral,neutral,neutral,0.801794,neutral,0.801794,PHASE1_AUDIO_AGREEMENT,NO,UNKNOWN,,speechbrain_neutral
DCBWoWhsTpA_turn06364,DCBWoWhsTpA_turn06364,DCBWoWhsTpA,https://www.youtube.com/live/DCBWoWhsTpA,LIVE: Lindsay Clancy trial Day 14,full_trial_stream,5,/Users/rajeshpmu/Desktop/LegalMemoCMT/data/phase2/clancy/corpus/raw/live-lindsay-clancy-trial-day-14/live-lindsay-clancy-trial-day-14_DCBWoWhsTpA.en.vtt,/Users/rajeshpmu/Desktop/LegalMemoCMT/data/processed/phase2/clancy/turn_clips/video/DCBWoWhsTpA/DCBWoWhsTpA_turn06364.mp4,/Users/rajeshpmu/Desktop/LegalMemoCMT/data/processed/phase2/clancy/turn_clips/audio/DCBWoWhsTpA/DCBWoWhsTpA_turn06364.wav,DCBWoWhsTpA,group_by_youtube_id,dev,neutral,text_keyword_heuristic,LOW,YES,comparable Phase 1 and audio categorical outputs agree or audio class is not comparable,YES,How do you look at a watch?,How do you look at a watch?,01:17:09.200,01:17:11.254,2.054,2.054,marker,MEDIUM,1,3,"DCBWoWhsTpA_utt03505#p02,DCBWoWhsTpA_utt03506#p01,DCBWoWhsTpA_utt03507#p01","DCBWoWhsTpA_utt03505,DCBWoWhsTpA_utt03506,DCBWoWhsTpA_utt03507",3,/Users/rajeshpmu/Desktop/LegalMemoCMT/data/phase2/clancy/corpus/raw/live-lindsay-clancy-trial-day-14/live-lindsay-clancy-trial-day-14_DCBWoWhsTpA.mp4,/Users/rajeshpmu/Desktop/LegalMemoCMT/data/phase2/clancy/corpus/raw/live-lindsay-clancy-trial-day-14/live-lindsay-clancy-trial-day-14_DCBWoWhsTpA.wav,/Users/rajeshpmu/Desktop/LegalMemoCMT/data/processed/phase2/clancy/turn_clips/video/DCBWoWhsTpA/DCBWoWhsTpA_turn06364.mp4,/Users/rajeshpmu/Desktop/LegalMemoCMT/data/processed/phase2/clancy/turn_clips/audio/DCBWoWhsTpA/DCBWoWhsTpA_turn06364.wav,4629.2,4631.254,2.054,created,01:17:09.200,01:17:11.254,0.0,default_zero,SPEAKER_18,1.128,pyannote/speaker-diarization-3.1,Witness,manual_verified_diarization,HIGH,YES,SPEAKING,Witness,YES,Witness 15 identified by manual audio/video review,INCLUDE,,YES,speaker_role=Witness,split_dev;usable,"usable because speaker_role=Witness, witness_speaking_status=SPEAKING, clip_status=created, duration=2.054s, and source is not excluded",YES,0.6,HIGH,manual_clip_review,HUMAN_VERIFIED,/Users/rajeshpmu/Desktop/LegalMemoCMT/data/processed/phase2/clancy/turn_clips/video/DCBWoWhsTpA/DCBWoWhsTpA_turn06364.mp4,/Users/rajeshpmu/Desktop/LegalMemoCMT/data/processed/phase2/clancy/vit_facecrop_embeddings/DCBWoWhsTpA/DCBWoWhsTpA_turn06364.npy,created,disgust,0.589878,1.047796,"{""anger"": 0.023191, ""disgust"": 0.589878, ""fear"": 0.016218, ""joy"": 0.016102, ""neutral"": 0.316221, ""sadness"": 0.01963, ""surprise"": 0.018759}",/Users/rajeshpmu/Desktop/LegalMemoCMT/results/facial_cues/meld_vit_facecrop_gated_video_aux/fold_4/best_model.pt,phase1_meld_checkpoint_pseudo_label,"audio,text,video","audio,text,video","{""audio_dim"": 128, ""audio_model_name"": ""facebook/hubert-base-ls960"", ""dropout"": 0.1, ""encoder_mode"": ""paper"", ""freeze_audio_backbone"": false, ""freeze_text_backbone"": false, ""fusion_dim"": 256, ""fusion_mode"": ""gated"", ""fusion_pooling"": ""min"", ""max_audio_len"": 256, ""max_text_len"": 128, ""max_video_len"": 32, ""num_classes"": 7, ""num_heads"": 4, ""num_layers"": 2, ""text_dim"": 256, ""text_model_name"": ""bert-base-uncased"", ""use_video"": true, ""video_dim"": 768, ""vocab_size"": 30000}",/Users/rajeshpmu/Desktop/LegalMemoCMT/data/processed/phase2/clancy/turn_clips/audio/DCBWoWhsTpA/DCBWoWhsTpA_turn06364.wav,OK,,0.529445,0.478995,0.478995,0.517044,3loi/SER-Odyssey-Baseline-WavLM-Multi-Attributes,OK,ang,1.0,speechbrain/emotion-recognition-wav2vec2-IEMOCAP,OK,NO,UNCLEAR,no explicit emotion-target evidence,MEDIUM,LOW,MEDIUM,KEEP_PHASE1_CANDIDATE,disgust,anger,disgust,0.589878,disgust,0.589878,comparable Phase 1 and audio categorical outputs agree or audio class is not comparable,YES,UNKNOWN,,phase1_vs_comparable_audio_disagreement
DCBWoWhsTpA_turn06365,DCBWoWhsTpA_turn06365,DCBWoWhsTpA,https://www.youtube.com/live/DCBWoWhsTpA,LIVE: Lindsay Clancy trial Day 14,full_trial_stream,5,/Users/rajeshpmu/Desktop/LegalMemoCMT/data/phase2/clancy/corpus/raw/live-lindsay-clancy-trial-day-14/live-lindsay-clancy-trial-day-14_DCBWoWhsTpA.en.vtt,/Users/rajeshpmu/Desktop/LegalMemoCMT/data/processed/phase2/clancy/turn_clips/video/DCBWoWhsTpA/DCBWoWhsTpA_turn06365.mp4,/Users/rajeshpmu/Desktop/LegalMemoCMT/data/processed/phase2/clancy/turn_clips/audio/DCBWoWhsTpA/DCBWoWhsTpA_turn06365.wav,DCBWoWhsTpA,group_by_youtube_id,dev,neutral,text_keyword_heuristic,LOW,NO,PHASE1_AUDIO_AGREEMENT,YES,We extract the data from the phone which is synchronized to the from the watch to the phone.,We extract the data from the phone which is synchronized to the from the watch to the phone.,01:17:11.254,01:17:15.521,4.267,4.267,marker,MEDIUM,1,7,"DCBWoWhsTpA_utt03507#p02,DCBWoWhsTpA_utt03508#p01,DCBWoWhsTpA_utt03509#p01,DCBWoWhsTpA_utt03510#p01,DCBWoWhsTpA_utt03511#p01,DCBWoWhsTpA_utt03512#p01,DCBWoWhsTpA_utt03513#p01","DCBWoWhsTpA_utt03507,DCBWoWhsTpA_utt03508,DCBWoWhsTpA_utt03509,DCBWoWhsTpA_utt03510,DCBWoWhsTpA_utt03511,DCBWoWhsTpA_utt03512,DCBWoWhsTpA_utt03513",7,/Users/rajeshpmu/Desktop/LegalMemoCMT/data/phase2/clancy/corpus/raw/live-lindsay-clancy-trial-day-14/live-lindsay-clancy-trial-day-14_DCBWoWhsTpA.mp4,/Users/rajeshpmu/Desktop/LegalMemoCMT/data/phase2/clancy/corpus/raw/live-lindsay-clancy-trial-day-14/live-lindsay-clancy-trial-day-14_DCBWoWhsTpA.wav,/Users/rajeshpmu/Desktop/LegalMemoCMT/data/processed/phase2/clancy/turn_clips/video/DCBWoWhsTpA/DCBWoWhsTpA_turn06365.mp4,/Users/rajeshpmu/Desktop/LegalMemoCMT/data/processed/phase2/clancy/turn_clips/audio/DCBWoWhsTpA/DCBWoWhsTpA_turn06365.wav,4631.254,4635.521,4.267,created,01:17:11.254,01:17:15.521,0.0,default_zero,SPEAKER_18,3.462,pyannote/speaker-diarization-3.1,Witness,manual_verified_diarization,HIGH,YES,SPEAKING,Witness,YES,Witness 15 identified by manual audio/video review,INCLUDE,,YES,speaker_role=Witness,split_dev;usable,"usable because speaker_role=Witness, witness_speaking_status=SPEAKING, clip_status=created, duration=4.267s, and source is not excluded",YES,0.6,HIGH,manual_clip_review,HUMAN_VERIFIED,/Users/rajeshpmu/Desktop/LegalMemoCMT/data/processed/phase2/clancy/turn_clips/video/DCBWoWhsTpA/DCBWoWhsTpA_turn06365.mp4,/Users/rajeshpmu/Desktop/LegalMemoCMT/data/processed/phase2/clancy/vit_facecrop_embeddings/DCBWoWhsTpA/DCBWoWhsTpA_turn06365.npy,created,neutral,0.911948,0.420935,"{""anger"": 0.033076, ""disgust"": 0.003469, ""fear"": 0.003416, ""joy"": 0.03106, ""neutral"": 0.911948, ""sadness"": 0.014063, ""surprise"": 0.002968}",/Users/rajeshpmu/Desktop/LegalMemoCMT/results/facial_cues/meld_vit_facecrop_gated_video_aux/fold_4/best_model.pt,phase1_meld_checkpoint_pseudo_label,"audio,text,video","audio,text,video","{""audio_dim"": 128, ""audio_model_name"": ""facebook/hubert-base-ls960"", ""dropout"": 0.1, ""encoder_mode"": ""paper"", ""freeze_audio_backbone"": false, ""freeze_text_backbone"": false, ""fusion_dim"": 256, ""fusion_mode"": ""gated"", ""fusion_pooling"": ""min"", ""max_audio_len"": 256, ""max_text_len"": 128, ""max_video_len"": 32, ""num_classes"": 7, ""num_heads"": 4, ""num_layers"": 2, ""text_dim"": 256, ""text_model_name"": ""bert-base-uncased"", ""use_video"": true, ""video_dim"": 768, ""vocab_size"": 30000}",/Users/rajeshpmu/Desktop/LegalMemoCMT/data/processed/phase2/clancy/turn_clips/audio/DCBWoWhsTpA/DCBWoWhsTpA_turn06365.wav,OK,,0.579246,0.473781,0.473781,0.526429,3loi/SER-Odyssey-Baseline-WavLM-Multi-Attributes,OK,neu,1.0,speechbrain/emotion-recognition-wav2vec2-IEMOCAP,OK,NO,UNCLEAR,no explicit emotion-target evidence,LOW,LOW,LOW,KEEP_PHASE1_CANDIDATE,neutral,neutral,neutral,0.911948,neutral,0.911948,PHASE1_AUDIO_AGREEMENT,NO,UNKNOWN,,speechbrain_neutral
DCBWoWhsTpA_turn06367,DCBWoWhsTpA_turn06367,DCBWoWhsTpA,https://www.youtube.com/live/DCBWoWhsTpA,LIVE: Lindsay Clancy trial Day 14,full_trial_stream,5,/Users/rajeshpmu/Desktop/LegalMemoCMT/data/phase2/clancy/corpus/raw/live-lindsay-clancy-trial-day-14/live-lindsay-clancy-trial-day-14_DCBWoWhsTpA.en.vtt,/Users/rajeshpmu/Desktop/LegalMemoCMT/data/processed/phase2/clancy/turn_clips/video/DCBWoWhsTpA/DCBWoWhsTpA_turn06367.mp4,/Users/rajeshpmu/Desktop/LegalMemoCMT/data/processed/phase2/clancy/turn_clips/audio/DCBWoWhsTpA/DCBWoWhsTpA_turn06367.wav,DCBWoWhsTpA,group_by_youtube_id,dev,confidence,text_keyword_heuristic,HIGH,NO,"audio and courtroom-affect evidence support neutral, but emotion target is unresolved",YES,It appears to be. Yes.,It appears to be. Yes.,01:17:19.362,01:17:21.008,1.646,1.646,marker,MEDIUM,1,3,"DCBWoWhsTpA_utt03517#p02,DCBWoWhsTpA_utt03518#p01,DCBWoWhsTpA_utt03519#p01","DCBWoWhsTpA_utt03517,DCBWoWhsTpA_utt03518,DCBWoWhsTpA_utt03519",3,/Users/rajeshpmu/Desktop/LegalMemoCMT/data/phase2/clancy/corpus/raw/live-lindsay-clancy-trial-day-14/live-lindsay-clancy-trial-day-14_DCBWoWhsTpA.mp4,/Users/rajeshpmu/Desktop/LegalMemoCMT/data/phase2/clancy/corpus/raw/live-lindsay-clancy-trial-day-14/live-lindsay-clancy-trial-day-14_DCBWoWhsTpA.wav,/Users/rajeshpmu/Desktop/LegalMemoCMT/data/processed/phase2/clancy/turn_clips/video/DCBWoWhsTpA/DCBWoWhsTpA_turn06367.mp4,/Users/rajeshpmu/Desktop/LegalMemoCMT/data/processed/phase2/clancy/turn_clips/audio/DCBWoWhsTpA/DCBWoWhsTpA_turn06367.wav,4639.362,4641.008,1.646,created,01:17:19.362,01:17:21.008,0.0,default_zero,SPEAKER_18,0.653,pyannote/speaker-diarization-3.1,Witness,manual_verified_diarization,HIGH,YES,SPEAKING,Witness,YES,Witness 15 identified by manual audio/video review,INCLUDE,,YES,speaker_role=Witness,split_dev;usable,"usable because speaker_role=Witness, witness_speaking_status=SPEAKING, clip_status=created, duration=1.646s, and source is not excluded",YES,0.6,HIGH,manual_clip_review,HUMAN_VERIFIED,/Users/rajeshpmu/Desktop/LegalMemoCMT/data/processed/phase2/clancy/turn_clips/video/DCBWoWhsTpA/DCBWoWhsTpA_turn06367.mp4,/Users/rajeshpmu/Desktop/LegalMemoCMT/data/processed/phase2/clancy/vit_facecrop_embeddings/DCBWoWhsTpA/DCBWoWhsTpA_turn06367.npy,created,neutral,0.950148,0.272838,"{""anger"": 0.019677, ""disgust"": 0.001368, ""fear"": 0.008309, ""joy"": 0.009448, ""neutral"": 0.950148, ""sadness"": 0.009599, ""surprise"": 0.001451}",/Users/rajeshpmu/Desktop/LegalMemoCMT/results/facial_cues/meld_vit_facecrop_gated_video_aux/fold_4/best_model.pt,phase1_meld_checkpoint_pseudo_label,"audio,text,video","audio,text,video","{""audio_dim"": 128, ""audio_model_name"": ""facebook/hubert-base-ls960"", ""dropout"": 0.1, ""encoder_mode"": ""paper"", ""freeze_audio_backbone"": false, ""freeze_text_backbone"": false, ""fusion_dim"": 256, ""fusion_mode"": ""gated"", ""fusion_pooling"": ""min"", ""max_audio_len"": 256, ""max_text_len"": 128, ""max_video_len"": 32, ""num_classes"": 7, ""num_heads"": 4, ""num_layers"": 2, ""text_dim"": 256, ""text_model_name"": ""bert-base-uncased"", ""use_video"": true, ""video_dim"": 768, ""vocab_size"": 30000}",/Users/rajeshpmu/Desktop/LegalMemoCMT/data/processed/phase2/clancy/turn_clips/audio/DCBWoWhsTpA/DCBWoWhsTpA_turn06367.wav,OK,,0.511928,0.348731,0.348731,0.364748,3loi/SER-Odyssey-Baseline-WavLM-Multi-Attributes,OK,neu,1.0,speechbrain/emotion-recognition-wav2vec2-IEMOCAP,OK,NO,UNCLEAR,no explicit emotion-target evidence,LOW,LOW,LOW,NEUTRAL_CANDIDATE,neutral,neutral,neutral,0.580000,neutral,0.580000,"audio and courtroom-affect evidence support neutral, but emotion target is unresolved",NO,CALM_COMPOSED,1,low_or_moderate_audio_arousal;speechbrain_neutral
DCBWoWhsTpA_turn06371,DCBWoWhsTpA_turn06371,DCBWoWhsTpA,https://www.youtube.com/live/DCBWoWhsTpA,LIVE: Lindsay Clancy trial Day 14,full_trial_stream,5,/Users/rajeshpmu/Desktop/LegalMemoCMT/data/phase2/clancy/corpus/raw/live-lindsay-clancy-trial-day-14/live-lindsay-clancy-trial-day-14_DCBWoWhsTpA.en.vtt,/Users/rajeshpmu/Desktop/LegalMemoCMT/data/processed/phase2/clancy/turn_clips/video/DCBWoWhsTpA/DCBWoWhsTpA_turn06371.mp4,/Users/rajeshpmu/Desktop/LegalMemoCMT/data/processed/phase2/clancy/turn_clips/audio/DCBWoWhsTpA/DCBWoWhsTpA_turn06371.wav,DCBWoWhsTpA,group_by_youtube_id,dev,neutral,text_keyword_heuristic,LOW,YES,comparable Phase 1 and audio categorical outputs agree or audio class is not comparable,YES,Uh I started looking at this case uh in November last year.,Uh I started looking at this case uh in November last year.,01:17:39.498,01:17:44.629,5.131,5.131,marker,MEDIUM,1,5,"DCBWoWhsTpA_utt03535#p02,DCBWoWhsTpA_utt03536#p01,DCBWoWhsTpA_utt03537#p01,DCBWoWhsTpA_utt03538#p01,DCBWoWhsTpA_utt03539#p01","DCBWoWhsTpA_utt03535,DCBWoWhsTpA_utt03536,DCBWoWhsTpA_utt03537,DCBWoWhsTpA_utt03538,DCBWoWhsTpA_utt03539",5,/Users/rajeshpmu/Desktop/LegalMemoCMT/data/phase2/clancy/corpus/raw/live-lindsay-clancy-trial-day-14/live-lindsay-clancy-trial-day-14_DCBWoWhsTpA.mp4,/Users/rajeshpmu/Desktop/LegalMemoCMT/data/phase2/clancy/corpus/raw/live-lindsay-clancy-trial-day-14/live-lindsay-clancy-trial-day-14_DCBWoWhsTpA.wav,/Users/rajeshpmu/Desktop/LegalMemoCMT/data/processed/phase2/clancy/turn_clips/video/DCBWoWhsTpA/DCBWoWhsTpA_turn06371.mp4,/Users/rajeshpmu/Desktop/LegalMemoCMT/data/processed/phase2/clancy/turn_clips/audio/DCBWoWhsTpA/DCBWoWhsTpA_turn06371.wav,4659.498,4664.629,5.131,created,01:17:39.498,01:17:44.629,0.0,default_zero,SPEAKER_18,1.239,pyannote/speaker-diarization-3.1,Witness,manual_verified_diarization,HIGH,YES,SPEAKING,Witness,YES,Witness 15 identified by manual audio/video review,INCLUDE,,YES,speaker_role=Witness,split_dev;usable,"usable because speaker_role=Witness, witness_speaking_status=SPEAKING, clip_status=created, duration=5.131s, and source is not excluded",YES,0.6,HIGH,manual_clip_review,HUMAN_VERIFIED,/Users/rajeshpmu/Desktop/LegalMemoCMT/data/processed/phase2/clancy/turn_clips/video/DCBWoWhsTpA/DCBWoWhsTpA_turn06371.mp4,/Users/rajeshpmu/Desktop/LegalMemoCMT/data/processed/phase2/clancy/vit_facecrop_embeddings/DCBWoWhsTpA/DCBWoWhsTpA_turn06371.npy,created,neutral,0.787961,0.828922,"{""anger"": 0.052591, ""disgust"": 0.016517, ""fear"": 0.01745, ""joy"": 0.026445, ""neutral"": 0.787961, ""sadness"": 0.092987, ""surprise"": 0.006048}",/Users/rajeshpmu/Desktop/LegalMemoCMT/results/facial_cues/meld_vit_facecrop_gated_video_aux/fold_4/best_model.pt,phase1_meld_checkpoint_pseudo_label,"audio,text,video","audio,text,video","{""audio_dim"": 128, ""audio_model_name"": ""facebook/hubert-base-ls960"", ""dropout"": 0.1, ""encoder_mode"": ""paper"", ""freeze_audio_backbone"": false, ""freeze_text_backbone"": false, ""fusion_dim"": 256, ""fusion_mode"": ""gated"", ""fusion_pooling"": ""min"", ""max_audio_len"": 256, ""max_text_len"": 128, ""max_video_len"": 32, ""num_classes"": 7, ""num_heads"": 4, ""num_layers"": 2, ""text_dim"": 256, ""text_model_name"": ""bert-base-uncased"", ""use_video"": true, ""video_dim"": 768, ""vocab_size"": 30000}",/Users/rajeshpmu/Desktop/LegalMemoCMT/data/processed/phase2/clancy/turn_clips/audio/DCBWoWhsTpA/DCBWoWhsTpA_turn06371.wav,OK,,0.39917,0.299236,0.299236,0.372333,3loi/SER-Odyssey-Baseline-WavLM-Multi-Attributes,OK,hap,0.999808,speechbrain/emotion-recognition-wav2vec2-IEMOCAP,OK,NO,UNCLEAR,no explicit emotion-target evidence,HIGH,LOW,HIGH,KEEP_PHASE1_CANDIDATE,neutral,joy,neutral,0.787961,neutral,0.787961,comparable Phase 1 and audio categorical outputs agree or audio class is not comparable,YES,UNKNOWN,,phase1_vs_comparable_audio_disagreement;low_or_moderate_audio_arousal
DCBWoWhsTpA_turn06377,DCBWoWhsTpA_turn06377,DCBWoWhsTpA,https://www.youtube.com/live/DCBWoWhsTpA,LIVE: Lindsay Clancy trial Day 14,full_trial_stream,5,/Users/rajeshpmu/Desktop/LegalMemoCMT/data/phase2/clancy/corpus/raw/live-lindsay-clancy-trial-day-14/live-lindsay-clancy-trial-day-14_DCBWoWhsTpA.en.vtt,/Users/rajeshpmu/Desktop/LegalMemoCMT/data/processed/phase2/clancy/turn_clips/video/DCBWoWhsTpA/DCBWoWhsTpA_turn06377.mp4,/Users/rajeshpmu/Desktop/LegalMemoCMT/data/processed/phase2/clancy/turn_clips/audio/DCBWoWhsTpA/DCBWoWhsTpA_turn06377.wav,DCBWoWhsTpA,group_by_youtube_id,dev,neutral,text_keyword_heuristic,LOW,NO,"audio and courtroom-affect evidence support neutral, but emotion target is unresolved",YES,"No, I I'd need to take a look at the database itself and see where that information came from.","No, I I'd need to take a look at the database itself and see where that information came from.",01:18:14.329,01:18:20.237,5.908,5.908,marker,MEDIUM,1,7,"DCBWoWhsTpA_utt03565#p02,DCBWoWhsTpA_utt03566#p01,DCBWoWhsTpA_utt03567#p01,DCBWoWhsTpA_utt03568#p01,DCBWoWhsTpA_utt03569#p01,DCBWoWhsTpA_utt03570#p01,DCBWoWhsTpA_utt03571#p01","DCBWoWhsTpA_utt03565,DCBWoWhsTpA_utt03566,DCBWoWhsTpA_utt03567,DCBWoWhsTpA_utt03568,DCBWoWhsTpA_utt03569,DCBWoWhsTpA_utt03570,DCBWoWhsTpA_utt03571",7,/Users/rajeshpmu/Desktop/LegalMemoCMT/data/phase2/clancy/corpus/raw/live-lindsay-clancy-trial-day-14/live-lindsay-clancy-trial-day-14_DCBWoWhsTpA.mp4,/Users/rajeshpmu/Desktop/LegalMemoCMT/data/phase2/clancy/corpus/raw/live-lindsay-clancy-trial-day-14/live-lindsay-clancy-trial-day-14_DCBWoWhsTpA.wav,/Users/rajeshpmu/Desktop/LegalMemoCMT/data/processed/phase2/clancy/turn_clips/video/DCBWoWhsTpA/DCBWoWhsTpA_turn06377.mp4,/Users/rajeshpmu/Desktop/LegalMemoCMT/data/processed/phase2/clancy/turn_clips/audio/DCBWoWhsTpA/DCBWoWhsTpA_turn06377.wav,4694.329,4700.237,5.908,created,01:18:14.329,01:18:20.237,0.0,default_zero,SPEAKER_18,4.056,pyannote/speaker-diarization-3.1,Witness,manual_verified_diarization,HIGH,YES,SPEAKING,Witness,YES,Witness 15 identified by manual audio/video review,INCLUDE,,YES,speaker_role=Witness,split_dev;usable,"usable because speaker_role=Witness, witness_speaking_status=SPEAKING, clip_status=created, duration=5.908s, and source is not excluded",YES,0.6,HIGH,manual_clip_review,HUMAN_VERIFIED,/Users/rajeshpmu/Desktop/LegalMemoCMT/data/processed/phase2/clancy/turn_clips/video/DCBWoWhsTpA/DCBWoWhsTpA_turn06377.mp4,/Users/rajeshpmu/Desktop/LegalMemoCMT/data/processed/phase2/clancy/vit_facecrop_embeddings/DCBWoWhsTpA/DCBWoWhsTpA_turn06377.npy,created,neutral,0.953784,0.253501,"{""anger"": 0.020323, ""disgust"": 0.001656, ""fear"": 0.003208, ""joy"": 0.011809, ""neutral"": 0.953784, ""sadness"": 0.007428, ""surprise"": 0.001792}",/Users/rajeshpmu/Desktop/LegalMemoCMT/results/facial_cues/meld_vit_facecrop_gated_video_aux/fold_4/best_model.pt,phase1_meld_checkpoint_pseudo_label,"audio,text,video","audio,text,video","{""audio_dim"": 128, ""audio_model_name"": ""facebook/hubert-base-ls960"", ""dropout"": 0.1, ""encoder_mode"": ""paper"", ""freeze_audio_backbone"": false, ""freeze_text_backbone"": false, ""fusion_dim"": 256, ""fusion_mode"": ""gated"", ""fusion_pooling"": ""min"", ""max_audio_len"": 256, ""max_text_len"": 128, ""max_video_len"": 32, ""num_classes"": 7, ""num_heads"": 4, ""num_layers"": 2, ""text_dim"": 256, ""text_model_name"": ""bert-base-uncased"", ""use_video"": true, ""video_dim"": 768, ""vocab_size"": 30000}",/Users/rajeshpmu/Desktop/LegalMemoCMT/data/processed/phase2/clancy/turn_clips/audio/DCBWoWhsTpA/DCBWoWhsTpA_turn06377.wav,OK,,0.576714,0.447357,0.447357,0.519498,3loi/SER-Odyssey-Baseline-WavLM-Multi-Attributes,OK,neu,1.0,speechbrain/emotion-recognition-wav2vec2-IEMOCAP,OK,NO,UNCLEAR,no explicit emotion-target evidence,LOW,LOW,LOW,NEUTRAL_CANDIDATE,neutral,neutral,neutral,0.580000,neutral,0.580000,"audio and courtroom-affect evidence support neutral, but emotion target is unresolved",NO,CALM_COMPOSED,1,low_or_moderate_audio_arousal;speechbrain_neutral
DCBWoWhsTpA_turn06379,DCBWoWhsTpA_turn06379,DCBWoWhsTpA,https://www.youtube.com/live/DCBWoWhsTpA,LIVE: Lindsay Clancy trial Day 14,full_trial_stream,5,/Users/rajeshpmu/Desktop/LegalMemoCMT/data/phase2/clancy/corpus/raw/live-lindsay-clancy-trial-day-14/live-lindsay-clancy-trial-day-14_DCBWoWhsTpA.en.vtt,/Users/rajeshpmu/Desktop/LegalMemoCMT/data/processed/phase2/clancy/turn_clips/video/DCBWoWhsTpA/DCBWoWhsTpA_turn06379.mp4,/Users/rajeshpmu/Desktop/LegalMemoCMT/data/processed/phase2/clancy/turn_clips/audio/DCBWoWhsTpA/DCBWoWhsTpA_turn06379.wav,DCBWoWhsTpA,group_by_youtube_id,dev,neutral,text_keyword_heuristic,LOW,NO,"audio and courtroom-affect evidence support neutral, but emotion target is unresolved",YES,Correct. We we don't extract the uh the memory from the watch itself. We extract data from the phone uh which is synchronized to the the watch. So we ultimately get the watch data from the phone.,Correct. We we don't extract the uh the memory from the watch itself. We extract data from the phone uh which is synchronized to the the watch. So we ultimately get the watch data from the phone.,01:18:26.390,01:18:38.231,11.841,11.841,marker,MEDIUM,1,13,"DCBWoWhsTpA_utt03577#p02,DCBWoWhsTpA_utt03578#p01,DCBWoWhsTpA_utt03579#p01,DCBWoWhsTpA_utt03580#p01,DCBWoWhsTpA_utt03581#p01,DCBWoWhsTpA_utt03582#p01,DCBWoWhsTpA_utt03583#p01,DCBWoWhsTpA_utt03584#p01,DCBWoWhsTpA_utt03585#p01,DCBWoWhsTpA_utt03586#p01,DCBWoWhsTpA_utt03587#p01,DCBWoWhsTpA_utt03588#p01,DCBWoWhsTpA_utt03589#p01","DCBWoWhsTpA_utt03577,DCBWoWhsTpA_utt03578,DCBWoWhsTpA_utt03579,DCBWoWhsTpA_utt03580,DCBWoWhsTpA_utt03581,DCBWoWhsTpA_utt03582,DCBWoWhsTpA_utt03583,DCBWoWhsTpA_utt03584,DCBWoWhsTpA_utt03585,DCBWoWhsTpA_utt03586,DCBWoWhsTpA_utt03587,DCBWoWhsTpA_utt03588,DCBWoWhsTpA_utt03589",13,/Users/rajeshpmu/Desktop/LegalMemoCMT/data/phase2/clancy/corpus/raw/live-lindsay-clancy-trial-day-14/live-lindsay-clancy-trial-day-14_DCBWoWhsTpA.mp4,/Users/rajeshpmu/Desktop/LegalMemoCMT/data/phase2/clancy/corpus/raw/live-lindsay-clancy-trial-day-14/live-lindsay-clancy-trial-day-14_DCBWoWhsTpA.wav,/Users/rajeshpmu/Desktop/LegalMemoCMT/data/processed/phase2/clancy/turn_clips/video/DCBWoWhsTpA/DCBWoWhsTpA_turn06379.mp4,/Users/rajeshpmu/Desktop/LegalMemoCMT/data/processed/phase2/clancy/turn_clips/audio/DCBWoWhsTpA/DCBWoWhsTpA_turn06379.wav,4706.39,4718.231,11.841,created,01:18:26.390,01:18:38.231,0.0,default_zero,SPEAKER_18,11.283,pyannote/speaker-diarization-3.1,Witness,manual_verified_diarization,HIGH,YES,SPEAKING,Witness,YES,Witness 15 identified by manual audio/video review,INCLUDE,,YES,speaker_role=Witness,split_dev;usable,"usable because speaker_role=Witness, witness_speaking_status=SPEAKING, clip_status=created, duration=11.841s, and source is not excluded",YES,0.6,HIGH,manual_clip_review,HUMAN_VERIFIED,/Users/rajeshpmu/Desktop/LegalMemoCMT/data/processed/phase2/clancy/turn_clips/video/DCBWoWhsTpA/DCBWoWhsTpA_turn06379.mp4,/Users/rajeshpmu/Desktop/LegalMemoCMT/data/processed/phase2/clancy/vit_facecrop_embeddings/DCBWoWhsTpA/DCBWoWhsTpA_turn06379.npy,created,neutral,0.897674,0.474688,"{""anger"": 0.033684, ""disgust"": 0.001881, ""fear"": 0.004111, ""joy"": 0.036738, ""neutral"": 0.897674, ""sadness"": 0.020601, ""surprise"": 0.005312}",/Users/rajeshpmu/Desktop/LegalMemoCMT/results/facial_cues/meld_vit_facecrop_gated_video_aux/fold_4/best_model.pt,phase1_meld_checkpoint_pseudo_label,"audio,text,video","audio,text,video","{""audio_dim"": 128, ""audio_model_name"": ""facebook/hubert-base-ls960"", ""dropout"": 0.1, ""encoder_mode"": ""paper"", ""freeze_audio_backbone"": false, ""freeze_text_backbone"": false, ""fusion_dim"": 256, ""fusion_mode"": ""gated"", ""fusion_pooling"": ""min"", ""max_audio_len"": 256, ""max_text_len"": 128, ""max_video_len"": 32, ""num_classes"": 7, ""num_heads"": 4, ""num_layers"": 2, ""text_dim"": 256, ""text_model_name"": ""bert-base-uncased"", ""use_video"": true, ""video_dim"": 768, ""vocab_size"": 30000}",/Users/rajeshpmu/Desktop/LegalMemoCMT/data/processed/phase2/clancy/turn_clips/audio/DCBWoWhsTpA/DCBWoWhsTpA_turn06379.wav,OK,,0.495603,0.442916,0.442916,0.528876,3loi/SER-Odyssey-Baseline-WavLM-Multi-Attributes,OK,neu,1.0,speechbrain/emotion-recognition-wav2vec2-IEMOCAP,OK,NO,UNCLEAR,no explicit emotion-target evidence,LOW,LOW,LOW,NEUTRAL_CANDIDATE,neutral,neutral,neutral,0.580000,neutral,0.580000,"audio and courtroom-affect evidence support neutral, but emotion target is unresolved",NO,CALM_COMPOSED,1,low_or_moderate_audio_arousal;speechbrain_neutral
DCBWoWhsTpA_turn06381,DCBWoWhsTpA_turn06381,DCBWoWhsTpA,https://www.youtube.com/live/DCBWoWhsTpA,LIVE: Lindsay Clancy trial Day 14,full_trial_stream,5,/Users/rajeshpmu/Desktop/LegalMemoCMT/data/phase2/clancy/corpus/raw/live-lindsay-clancy-trial-day-14/live-lindsay-clancy-trial-day-14_DCBWoWhsTpA.en.vtt,/Users/rajeshpmu/Desktop/LegalMemoCMT/data/processed/phase2/clancy/turn_clips/video/DCBWoWhsTpA/DCBWoWhsTpA_turn06381.mp4,/Users/rajeshpmu/Desktop/LegalMemoCMT/data/processed/phase2/clancy/turn_clips/audio/DCBWoWhsTpA/DCBWoWhsTpA_turn06381.wav,DCBWoWhsTpA,group_by_youtube_id,dev,neutral,text_keyword_heuristic,LOW,NO,"calm courtroom presentation with neutral acoustic evidence, low/moderate excitement, and non-self emotion target",YES,"Um Apple's proprietary connections uh the encryption that they use on the device uh complicates extraction. Uh and essentially considering we get everything from the watch via the phone, uh it's just additional um work required to pull data from the watch, which would just be a duplicate of what we already have.","Um Apple's proprietary connections uh the encryption that they use on the device uh complicates extraction. Uh and essentially considering we get everything from the watch via the phone, uh it's just additional um work required to pull data from the watch, which would just be a duplicate of what we already have.",01:18:43.863,01:19:08.221,24.358,24.358,marker,MEDIUM,1,21,"DCBWoWhsTpA_utt03593#p02,DCBWoWhsTpA_utt03594#p01,DCBWoWhsTpA_utt03595#p01,DCBWoWhsTpA_utt03596#p01,DCBWoWhsTpA_utt03597#p01,DCBWoWhsTpA_utt03598#p01,DCBWoWhsTpA_utt03599#p01,DCBWoWhsTpA_utt03600#p01,DCBWoWhsTpA_utt03601#p01,DCBWoWhsTpA_utt03602#p01,DCBWoWhsTpA_utt03603#p01,DCBWoWhsTpA_utt03604#p01,DCBWoWhsTpA_utt03605#p01,DCBWoWhsTpA_utt03606#p01,DCBWoWhsTpA_utt03607#p01,DCBWoWhsTpA_utt03608#p01,DCBWoWhsTpA_utt03609#p01,DCBWoWhsTpA_utt03610#p01,DCBWoWhsTpA_utt03611#p01,DCBWoWhsTpA_utt03612#p01,DCBWoWhsTpA_utt03613#p01","DCBWoWhsTpA_utt03593,DCBWoWhsTpA_utt03594,DCBWoWhsTpA_utt03595,DCBWoWhsTpA_utt03596,DCBWoWhsTpA_utt03597,DCBWoWhsTpA_utt03598,DCBWoWhsTpA_utt03599,DCBWoWhsTpA_utt03600,DCBWoWhsTpA_utt03601,DCBWoWhsTpA_utt03602,DCBWoWhsTpA_utt03603,DCBWoWhsTpA_utt03604,DCBWoWhsTpA_utt03605,DCBWoWhsTpA_utt03606,DCBWoWhsTpA_utt03607,DCBWoWhsTpA_utt03608,DCBWoWhsTpA_utt03609,DCBWoWhsTpA_utt03610,DCBWoWhsTpA_utt03611,DCBWoWhsTpA_utt03612,DCBWoWhsTpA_utt03613",21,/Users/rajeshpmu/Desktop/LegalMemoCMT/data/phase2/clancy/corpus/raw/live-lindsay-clancy-trial-day-14/live-lindsay-clancy-trial-day-14_DCBWoWhsTpA.mp4,/Users/rajeshpmu/Desktop/LegalMemoCMT/data/phase2/clancy/corpus/raw/live-lindsay-clancy-trial-day-14/live-lindsay-clancy-trial-day-14_DCBWoWhsTpA.wav,/Users/rajeshpmu/Desktop/LegalMemoCMT/data/processed/phase2/clancy/turn_clips/video/DCBWoWhsTpA/DCBWoWhsTpA_turn06381.mp4,/Users/rajeshpmu/Desktop/LegalMemoCMT/data/processed/phase2/clancy/turn_clips/audio/DCBWoWhsTpA/DCBWoWhsTpA_turn06381.wav,4723.863,4748.221,24.358,created,01:18:43.863,01:19:08.221,0.0,default_zero,SPEAKER_18,5.349,pyannote/speaker-diarization-3.1,Witness,manual_verified_diarization,HIGH,YES,SPEAKING,Witness,YES,Witness 15 identified by manual audio/video review,INCLUDE,,YES,speaker_role=Witness,split_dev;usable,"usable because speaker_role=Witness, witness_speaking_status=SPEAKING, clip_status=created, duration=24.358s, and source is not excluded",YES,0.6,HIGH,manual_clip_review,HUMAN_VERIFIED,/Users/rajeshpmu/Desktop/LegalMemoCMT/data/processed/phase2/clancy/turn_clips/video/DCBWoWhsTpA/DCBWoWhsTpA_turn06381.mp4,/Users/rajeshpmu/Desktop/LegalMemoCMT/data/processed/phase2/clancy/vit_facecrop_embeddings/DCBWoWhsTpA/DCBWoWhsTpA_turn06381.npy,created,neutral,0.608015,1.25704,"{""anger"": 0.030169, ""disgust"": 0.002995, ""fear"": 0.046143, ""joy"": 0.122515, ""neutral"": 0.608015, ""sadness"": 0.132488, ""surprise"": 0.057673}",/Users/rajeshpmu/Desktop/LegalMemoCMT/results/facial_cues/meld_vit_facecrop_gated_video_aux/fold_4/best_model.pt,phase1_meld_checkpoint_pseudo_label,"audio,text,video","audio,text,video","{""audio_dim"": 128, ""audio_model_name"": ""facebook/hubert-base-ls960"", ""dropout"": 0.1, ""encoder_mode"": ""paper"", ""freeze_audio_backbone"": false, ""freeze_text_backbone"": false, ""fusion_dim"": 256, ""fusion_mode"": ""gated"", ""fusion_pooling"": ""min"", ""max_audio_len"": 256, ""max_text_len"": 128, ""max_video_len"": 32, ""num_classes"": 7, ""num_heads"": 4, ""num_layers"": 2, ""text_dim"": 256, ""text_model_name"": ""bert-base-uncased"", ""use_video"": true, ""video_dim"": 768, ""vocab_size"": 30000}",/Users/rajeshpmu/Desktop/LegalMemoCMT/data/processed/phase2/clancy/turn_clips/audio/DCBWoWhsTpA/DCBWoWhsTpA_turn06381.wav,OK,,0.44649,0.385206,0.385206,0.467719,3loi/SER-Odyssey-Baseline-WavLM-Multi-Attributes,OK,neu,1.0,speechbrain/emotion-recognition-wav2vec2-IEMOCAP,OK,NO,QUOTED_SPEECH,quote or reported speech marker,LOW,LOW,LOW,NEUTRAL_CANDIDATE,neutral,neutral,neutral,0.720000,neutral,0.720000,"calm courtroom presentation with neutral acoustic evidence, low/moderate excitement, and non-self emotion target",NO,CALM_COMPOSED,1,low_or_moderate_audio_arousal;speechbrain_neutral
DCBWoWhsTpA_turn06389,DCBWoWhsTpA_turn06389,DCBWoWhsTpA,https://www.youtube.com/live/DCBWoWhsTpA,LIVE: Lindsay Clancy trial Day 14,full_trial_stream,5,/Users/rajeshpmu/Desktop/LegalMemoCMT/data/phase2/clancy/corpus/raw/live-lindsay-clancy-trial-day-14/live-lindsay-clancy-trial-day-14_DCBWoWhsTpA.en.vtt,/Users/rajeshpmu/Desktop/LegalMemoCMT/data/processed/phase2/clancy/turn_clips/video/DCBWoWhsTpA/DCBWoWhsTpA_turn06389.mp4,/Users/rajeshpmu/Desktop/LegalMemoCMT/data/processed/phase2/clancy/turn_clips/audio/DCBWoWhsTpA/DCBWoWhsTpA_turn06389.wav,DCBWoWhsTpA,group_by_youtube_id,dev,neutral,text_keyword_heuristic,LOW,YES,comparable Phase 1 and audio categorical outputs agree or audio class is not comparable,YES,"Yeah. Whileever the device is turned, whileever the phone is turned on, it will consistently record steps walked regardless of who's carrying it. It will consistently record flights climbed regardless of who's carrying it. And so if the watch is is turned off in a drawer somewhere, um the phone would be what's relaying uh or or not relaying, but the phone would be what's recording the distance traveled in the steps taken, not the watch. Correct.","Yeah. Whileever the device is turned, whileever the phone is turned on, it will consistently record steps walked regardless of who's carrying it. It will consistently record flights climbed regardless of who's carrying it. And so if the watch is is turned off in a drawer somewhere, um the phone would be what's relaying uh or or not relaying, but the phone would be what's recording the distance traveled in the steps taken, not the watch. Correct.",01:19:52.148,01:20:19.749,27.601,27.601,marker,MEDIUM,1,25,"DCBWoWhsTpA_utt03661#p02,DCBWoWhsTpA_utt03662#p01,DCBWoWhsTpA_utt03663#p01,DCBWoWhsTpA_utt03664#p01,DCBWoWhsTpA_utt03665#p01,DCBWoWhsTpA_utt03666#p01,DCBWoWhsTpA_utt03667#p01,DCBWoWhsTpA_utt03668#p01,DCBWoWhsTpA_utt03669#p01,DCBWoWhsTpA_utt03670#p01,DCBWoWhsTpA_utt03671#p01,DCBWoWhsTpA_utt03672#p01,DCBWoWhsTpA_utt03673#p01,DCBWoWhsTpA_utt03674#p01,DCBWoWhsTpA_utt03675#p01,DCBWoWhsTpA_utt03676#p01,DCBWoWhsTpA_utt03677#p01,DCBWoWhsTpA_utt03678#p01,DCBWoWhsTpA_utt03679#p01,DCBWoWhsTpA_utt03680#p01,DCBWoWhsTpA_utt03681#p01,DCBWoWhsTpA_utt03682#p01,DCBWoWhsTpA_utt03683#p01,DCBWoWhsTpA_utt03684#p01,DCBWoWhsTpA_utt03685#p01","DCBWoWhsTpA_utt03661,DCBWoWhsTpA_utt03662,DCBWoWhsTpA_utt03663,DCBWoWhsTpA_utt03664,DCBWoWhsTpA_utt03665,DCBWoWhsTpA_utt03666,DCBWoWhsTpA_utt03667,DCBWoWhsTpA_utt03668,DCBWoWhsTpA_utt03669,DCBWoWhsTpA_utt03670,DCBWoWhsTpA_utt03671,DCBWoWhsTpA_utt03672,DCBWoWhsTpA_utt03673,DCBWoWhsTpA_utt03674,DCBWoWhsTpA_utt03675,DCBWoWhsTpA_utt03676,DCBWoWhsTpA_utt03677,DCBWoWhsTpA_utt03678,DCBWoWhsTpA_utt03679,DCBWoWhsTpA_utt03680,DCBWoWhsTpA_utt03681,DCBWoWhsTpA_utt03682,DCBWoWhsTpA_utt03683,DCBWoWhsTpA_utt03684,DCBWoWhsTpA_utt03685",25,/Users/rajeshpmu/Desktop/LegalMemoCMT/data/phase2/clancy/corpus/raw/live-lindsay-clancy-trial-day-14/live-lindsay-clancy-trial-day-14_DCBWoWhsTpA.mp4,/Users/rajeshpmu/Desktop/LegalMemoCMT/data/phase2/clancy/corpus/raw/live-lindsay-clancy-trial-day-14/live-lindsay-clancy-trial-day-14_DCBWoWhsTpA.wav,/Users/rajeshpmu/Desktop/LegalMemoCMT/data/processed/phase2/clancy/turn_clips/video/DCBWoWhsTpA/DCBWoWhsTpA_turn06389.mp4,/Users/rajeshpmu/Desktop/LegalMemoCMT/data/processed/phase2/clancy/turn_clips/audio/DCBWoWhsTpA/DCBWoWhsTpA_turn06389.wav,4792.148,4819.749,27.601,created,01:19:52.148,01:20:19.749,0.0,default_zero,SPEAKER_18,10.305,pyannote/speaker-diarization-3.1,Witness,manual_verified_diarization,HIGH,YES,SPEAKING,Witness,YES,Witness 15 identified by manual audio/video review,INCLUDE,,YES,speaker_role=Witness,split_dev;usable,"usable because speaker_role=Witness, witness_speaking_status=SPEAKING, clip_status=created, duration=27.601s, and source is not excluded",YES,0.6,HIGH,manual_clip_review,HUMAN_VERIFIED,/Users/rajeshpmu/Desktop/LegalMemoCMT/data/processed/phase2/clancy/turn_clips/video/DCBWoWhsTpA/DCBWoWhsTpA_turn06389.mp4,/Users/rajeshpmu/Desktop/LegalMemoCMT/data/processed/phase2/clancy/vit_facecrop_embeddings/DCBWoWhsTpA/DCBWoWhsTpA_turn06389.npy,created,neutral,0.824531,0.730285,"{""anger"": 0.041497, ""disgust"": 0.00602, ""fear"": 0.008256, ""joy"": 0.066187, ""neutral"": 0.824531, ""sadness"": 0.037805, ""surprise"": 0.015703}",/Users/rajeshpmu/Desktop/LegalMemoCMT/results/facial_cues/meld_vit_facecrop_gated_video_aux/fold_4/best_model.pt,phase1_meld_checkpoint_pseudo_label,"audio,text,video","audio,text,video","{""audio_dim"": 128, ""audio_model_name"": ""facebook/hubert-base-ls960"", ""dropout"": 0.1, ""encoder_mode"": ""paper"", ""freeze_audio_backbone"": false, ""freeze_text_backbone"": false, ""fusion_dim"": 256, ""fusion_mode"": ""gated"", ""fusion_pooling"": ""min"", ""max_audio_len"": 256, ""max_text_len"": 128, ""max_video_len"": 32, ""num_classes"": 7, ""num_heads"": 4, ""num_layers"": 2, ""text_dim"": 256, ""text_model_name"": ""bert-base-uncased"", ""use_video"": true, ""video_dim"": 768, ""vocab_size"": 30000}",/Users/rajeshpmu/Desktop/LegalMemoCMT/data/processed/phase2/clancy/turn_clips/audio/DCBWoWhsTpA/DCBWoWhsTpA_turn06389.wav,OK,,0.478435,0.406331,0.406331,0.484874,3loi/SER-Odyssey-Baseline-WavLM-Multi-Attributes,OK,hap,1.0,speechbrain/emotion-recognition-wav2vec2-IEMOCAP,OK,NO,QUOTED_SPEECH,quote or reported speech marker,HIGH,LOW,HIGH,KEEP_PHASE1_CANDIDATE,neutral,joy,neutral,0.824531,neutral,0.824531,comparable Phase 1 and audio categorical outputs agree or audio class is not comparable,YES,UNKNOWN,,phase1_vs_comparable_audio_disagreement;low_or_moderate_audio_arousal
DCBWoWhsTpA_turn06393,DCBWoWhsTpA_turn06393,DCBWoWhsTpA,https://www.youtube.com/live/DCBWoWhsTpA,LIVE: Lindsay Clancy trial Day 14,full_trial_stream,5,/Users/rajeshpmu/Desktop/LegalMemoCMT/data/phase2/clancy/corpus/raw/live-lindsay-clancy-trial-day-14/live-lindsay-clancy-trial-day-14_DCBWoWhsTpA.en.vtt,/Users/rajeshpmu/Desktop/LegalMemoCMT/data/processed/phase2/clancy/turn_clips/video/DCBWoWhsTpA/DCBWoWhsTpA_turn06393.mp4,/Users/rajeshpmu/Desktop/LegalMemoCMT/data/processed/phase2/clancy/turn_clips/audio/DCBWoWhsTpA/DCBWoWhsTpA_turn06393.wav,DCBWoWhsTpA,group_by_youtube_id,dev,neutral,text_keyword_heuristic,LOW,NO,"calm courtroom presentation with neutral acoustic evidence, low/moderate excitement, and non-self emotion target",YES,"Uh, no, they were focused reports or focused searches. Uh so for my reports they were focused to essentially the internet history on those devices. Um the the large Cellbrite report I don't know who created that. I don't know what um options were selected by that user. Uh but there will be data on the device which is not covered in that report by virtue of that's how decoding works.","Uh, no, they were focused reports or focused searches. Uh so for my reports they were focused to essentially the internet history on those devices. Um the the large Cellbrite report I don't know who created that. I don't know what um options were selected by that user. Uh but there will be data on the device which is not covered in that report by virtue of that's how decoding works.",01:20:52.581,01:21:18.666,26.085,26.085,marker,MEDIUM,1,21,"DCBWoWhsTpA_utt03715#p02,DCBWoWhsTpA_utt03716#p01,DCBWoWhsTpA_utt03717#p01,DCBWoWhsTpA_utt03718#p01,DCBWoWhsTpA_utt03719#p01,DCBWoWhsTpA_utt03720#p01,DCBWoWhsTpA_utt03721#p01,DCBWoWhsTpA_utt03722#p01,DCBWoWhsTpA_utt03723#p01,DCBWoWhsTpA_utt03724#p01,DCBWoWhsTpA_utt03725#p01,DCBWoWhsTpA_utt03726#p01,DCBWoWhsTpA_utt03727#p01,DCBWoWhsTpA_utt03728#p01,DCBWoWhsTpA_utt03729#p01,DCBWoWhsTpA_utt03730#p01,DCBWoWhsTpA_utt03731#p01,DCBWoWhsTpA_utt03732#p01,DCBWoWhsTpA_utt03733#p01,DCBWoWhsTpA_utt03734#p01,DCBWoWhsTpA_utt03735#p01","DCBWoWhsTpA_utt03715,DCBWoWhsTpA_utt03716,DCBWoWhsTpA_utt03717,DCBWoWhsTpA_utt03718,DCBWoWhsTpA_utt03719,DCBWoWhsTpA_utt03720,DCBWoWhsTpA_utt03721,DCBWoWhsTpA_utt03722,DCBWoWhsTpA_utt03723,DCBWoWhsTpA_utt03724,DCBWoWhsTpA_utt03725,DCBWoWhsTpA_utt03726,DCBWoWhsTpA_utt03727,DCBWoWhsTpA_utt03728,DCBWoWhsTpA_utt03729,DCBWoWhsTpA_utt03730,DCBWoWhsTpA_utt03731,DCBWoWhsTpA_utt03732,DCBWoWhsTpA_utt03733,DCBWoWhsTpA_utt03734,DCBWoWhsTpA_utt03735",21,/Users/rajeshpmu/Desktop/LegalMemoCMT/data/phase2/clancy/corpus/raw/live-lindsay-clancy-trial-day-14/live-lindsay-clancy-trial-day-14_DCBWoWhsTpA.mp4,/Users/rajeshpmu/Desktop/LegalMemoCMT/data/phase2/clancy/corpus/raw/live-lindsay-clancy-trial-day-14/live-lindsay-clancy-trial-day-14_DCBWoWhsTpA.wav,/Users/rajeshpmu/Desktop/LegalMemoCMT/data/processed/phase2/clancy/turn_clips/video/DCBWoWhsTpA/DCBWoWhsTpA_turn06393.mp4,/Users/rajeshpmu/Desktop/LegalMemoCMT/data/processed/phase2/clancy/turn_clips/audio/DCBWoWhsTpA/DCBWoWhsTpA_turn06393.wav,4852.581,4878.666,26.085,created,01:20:52.581,01:21:18.666,0.0,default_zero,SPEAKER_18,7.619,pyannote/speaker-diarization-3.1,Witness,manual_verified_diarization,HIGH,YES,SPEAKING,Witness,YES,Witness 15 identified by manual audio/video review,INCLUDE,,YES,speaker_role=Witness,split_dev;usable,"usable because speaker_role=Witness, witness_speaking_status=SPEAKING, clip_status=created, duration=26.085s, and source is not excluded",YES,0.6,HIGH,manual_clip_review,HUMAN_VERIFIED,/Users/rajeshpmu/Desktop/LegalMemoCMT/data/processed/phase2/clancy/turn_clips/video/DCBWoWhsTpA/DCBWoWhsTpA_turn06393.mp4,/Users/rajeshpmu/Desktop/LegalMemoCMT/data/processed/phase2/clancy/vit_facecrop_embeddings/DCBWoWhsTpA/DCBWoWhsTpA_turn06393.npy,created,neutral,0.846508,0.683639,"{""anger"": 0.034994, ""disgust"": 0.010014, ""fear"": 0.0114, ""joy"": 0.040964, ""neutral"": 0.846508, ""sadness"": 0.037541, ""surprise"": 0.018578}",/Users/rajeshpmu/Desktop/LegalMemoCMT/results/facial_cues/meld_vit_facecrop_gated_video_aux/fold_4/best_model.pt,phase1_meld_checkpoint_pseudo_label,"audio,text,video","audio,text,video","{""audio_dim"": 128, ""audio_model_name"": ""facebook/hubert-base-ls960"", ""dropout"": 0.1, ""encoder_mode"": ""paper"", ""freeze_audio_backbone"": false, ""freeze_text_backbone"": false, ""fusion_dim"": 256, ""fusion_mode"": ""gated"", ""fusion_pooling"": ""min"", ""max_audio_len"": 256, ""max_text_len"": 128, ""max_video_len"": 32, ""num_classes"": 7, ""num_heads"": 4, ""num_layers"": 2, ""text_dim"": 256, ""text_model_name"": ""bert-base-uncased"", ""use_video"": true, ""video_dim"": 768, ""vocab_size"": 30000}",/Users/rajeshpmu/Desktop/LegalMemoCMT/data/processed/phase2/clancy/turn_clips/audio/DCBWoWhsTpA/DCBWoWhsTpA_turn06393.wav,OK,,0.493416,0.382313,0.382313,0.486321,3loi/SER-Odyssey-Baseline-WavLM-Multi-Attributes,OK,neu,1.0,speechbrain/emotion-recognition-wav2vec2-IEMOCAP,OK,NO,QUOTED_SPEECH,quote or reported speech marker,LOW,LOW,LOW,NEUTRAL_CANDIDATE,neutral,neutral,neutral,0.720000,neutral,0.720000,"calm courtroom presentation with neutral acoustic evidence, low/moderate excitement, and non-self emotion target",NO,CALM_COMPOSED,1,low_or_moderate_audio_arousal;speechbrain_neutral
DCBWoWhsTpA_turn06404,DCBWoWhsTpA_turn06404,DCBWoWhsTpA,https://www.youtube.com/live/DCBWoWhsTpA,LIVE: Lindsay Clancy trial Day 14,full_trial_stream,5,/Users/rajeshpmu/Desktop/LegalMemoCMT/data/phase2/clancy/corpus/raw/live-lindsay-clancy-trial-day-14/live-lindsay-clancy-trial-day-14_DCBWoWhsTpA.en.vtt,/Users/rajeshpmu/Desktop/LegalMemoCMT/data/processed/phase2/clancy/turn_clips/video/DCBWoWhsTpA/DCBWoWhsTpA_turn06404.mp4,/Users/rajeshpmu/Desktop/LegalMemoCMT/data/processed/phase2/clancy/turn_clips/audio/DCBWoWhsTpA/DCBWoWhsTpA_turn06404.wav,DCBWoWhsTpA,group_by_youtube_id,dev,neutral,text_keyword_heuristic,LOW,NO,"calm courtroom presentation with neutral acoustic evidence, low/moderate excitement, and non-self emotion target",YES,Yeah. The phone did not detect any anything regard or I don't know why the phone didn't detect anything whether it was uh,Yeah. The phone did not detect any anything regard or I don't know why the phone didn't detect anything whether it was uh,01:22:17.175,01:22:24.136,6.961,6.961,marker,MEDIUM,1,9,"DCBWoWhsTpA_utt03793#p02,DCBWoWhsTpA_utt03794#p01,DCBWoWhsTpA_utt03795#p01,DCBWoWhsTpA_utt03796#p01,DCBWoWhsTpA_utt03797#p01,DCBWoWhsTpA_utt03798#p01,DCBWoWhsTpA_utt03799#p01,DCBWoWhsTpA_utt03800#p01,DCBWoWhsTpA_utt03801#p01","DCBWoWhsTpA_utt03793,DCBWoWhsTpA_utt03794,DCBWoWhsTpA_utt03795,DCBWoWhsTpA_utt03796,DCBWoWhsTpA_utt03797,DCBWoWhsTpA_utt03798,DCBWoWhsTpA_utt03799,DCBWoWhsTpA_utt03800,DCBWoWhsTpA_utt03801",9,/Users/rajeshpmu/Desktop/LegalMemoCMT/data/phase2/clancy/corpus/raw/live-lindsay-clancy-trial-day-14/live-lindsay-clancy-trial-day-14_DCBWoWhsTpA.mp4,/Users/rajeshpmu/Desktop/LegalMemoCMT/data/phase2/clancy/corpus/raw/live-lindsay-clancy-trial-day-14/live-lindsay-clancy-trial-day-14_DCBWoWhsTpA.wav,/Users/rajeshpmu/Desktop/LegalMemoCMT/data/processed/phase2/clancy/turn_clips/video/DCBWoWhsTpA/DCBWoWhsTpA_turn06404.mp4,/Users/rajeshpmu/Desktop/LegalMemoCMT/data/processed/phase2/clancy/turn_clips/audio/DCBWoWhsTpA/DCBWoWhsTpA_turn06404.wav,4937.175,4944.136,6.961,created,01:22:17.175,01:22:24.136,0.0,default_zero,SPEAKER_18,3.586,pyannote/speaker-diarization-3.1,Witness,manual_verified_diarization,HIGH,YES,SPEAKING,Witness,YES,Witness 15 identified by manual audio/video review,INCLUDE,,YES,speaker_role=Witness,split_dev;usable,"usable because speaker_role=Witness, witness_speaking_status=SPEAKING, clip_status=created, duration=6.961s, and source is not excluded",YES,0.6,HIGH,manual_clip_review,HUMAN_VERIFIED,/Users/rajeshpmu/Desktop/LegalMemoCMT/data/processed/phase2/clancy/turn_clips/video/DCBWoWhsTpA/DCBWoWhsTpA_turn06404.mp4,/Users/rajeshpmu/Desktop/LegalMemoCMT/data/processed/phase2/clancy/vit_facecrop_embeddings/DCBWoWhsTpA/DCBWoWhsTpA_turn06404.npy,created,neutral,0.767994,0.896386,"{""anger"": 0.074497, ""disgust"": 0.025083, ""fear"": 0.009004, ""joy"": 0.041957, ""neutral"": 0.767994, ""sadness"": 0.072613, ""surprise"": 0.008853}",/Users/rajeshpmu/Desktop/LegalMemoCMT/results/facial_cues/meld_vit_facecrop_gated_video_aux/fold_4/best_model.pt,phase1_meld_checkpoint_pseudo_label,"audio,text,video","audio,text,video","{""audio_dim"": 128, ""audio_model_name"": ""facebook/hubert-base-ls960"", ""dropout"": 0.1, ""encoder_mode"": ""paper"", ""freeze_audio_backbone"": false, ""freeze_text_backbone"": false, ""fusion_dim"": 256, ""fusion_mode"": ""gated"", ""fusion_pooling"": ""min"", ""max_audio_len"": 256, ""max_text_len"": 128, ""max_video_len"": 32, ""num_classes"": 7, ""num_heads"": 4, ""num_layers"": 2, ""text_dim"": 256, ""text_model_name"": ""bert-base-uncased"", ""use_video"": true, ""video_dim"": 768, ""vocab_size"": 30000}",/Users/rajeshpmu/Desktop/LegalMemoCMT/data/processed/phase2/clancy/turn_clips/audio/DCBWoWhsTpA/DCBWoWhsTpA_turn06404.wav,OK,,0.396059,0.430235,0.430235,0.474569,3loi/SER-Odyssey-Baseline-WavLM-Multi-Attributes,OK,neu,1.0,speechbrain/emotion-recognition-wav2vec2-IEMOCAP,OK,NO,QUOTED_SPEECH,quote or reported speech marker,LOW,LOW,LOW,NEUTRAL_CANDIDATE,neutral,neutral,neutral,0.720000,neutral,0.720000,"calm courtroom presentation with neutral acoustic evidence, low/moderate excitement, and non-self emotion target",NO,CALM_COMPOSED,1,low_or_moderate_audio_arousal;speechbrain_neutral
DCBWoWhsTpA_turn06406,DCBWoWhsTpA_turn06406,DCBWoWhsTpA,https://www.youtube.com/live/DCBWoWhsTpA,LIVE: Lindsay Clancy trial Day 14,full_trial_stream,5,/Users/rajeshpmu/Desktop/LegalMemoCMT/data/phase2/clancy/corpus/raw/live-lindsay-clancy-trial-day-14/live-lindsay-clancy-trial-day-14_DCBWoWhsTpA.en.vtt,/Users/rajeshpmu/Desktop/LegalMemoCMT/data/processed/phase2/clancy/turn_clips/video/DCBWoWhsTpA/DCBWoWhsTpA_turn06406.mp4,/Users/rajeshpmu/Desktop/LegalMemoCMT/data/processed/phase2/clancy/turn_clips/audio/DCBWoWhsTpA/DCBWoWhsTpA_turn06406.wav,DCBWoWhsTpA,group_by_youtube_id,dev,neutral,text_keyword_heuristic,LOW,NO,PHASE1_AUDIO_AGREEMENT,YES,exactly I I don't know why it wouldn't record,exactly I I don't know why it wouldn't record,01:22:28.651,01:22:30.929,2.278,2.278,marker,MEDIUM,1,5,"DCBWoWhsTpA_utt03807#p02,DCBWoWhsTpA_utt03808#p01,DCBWoWhsTpA_utt03809#p01,DCBWoWhsTpA_utt03810#p01,DCBWoWhsTpA_utt03811#p01","DCBWoWhsTpA_utt03807,DCBWoWhsTpA_utt03808,DCBWoWhsTpA_utt03809,DCBWoWhsTpA_utt03810,DCBWoWhsTpA_utt03811",5,/Users/rajeshpmu/Desktop/LegalMemoCMT/data/phase2/clancy/corpus/raw/live-lindsay-clancy-trial-day-14/live-lindsay-clancy-trial-day-14_DCBWoWhsTpA.mp4,/Users/rajeshpmu/Desktop/LegalMemoCMT/data/phase2/clancy/corpus/raw/live-lindsay-clancy-trial-day-14/live-lindsay-clancy-trial-day-14_DCBWoWhsTpA.wav,/Users/rajeshpmu/Desktop/LegalMemoCMT/data/processed/phase2/clancy/turn_clips/video/DCBWoWhsTpA/DCBWoWhsTpA_turn06406.mp4,/Users/rajeshpmu/Desktop/LegalMemoCMT/data/processed/phase2/clancy/turn_clips/audio/DCBWoWhsTpA/DCBWoWhsTpA_turn06406.wav,4948.651,4950.929,2.278,created,01:22:28.651,01:22:30.929,0.0,default_zero,SPEAKER_18,1.408,pyannote/speaker-diarization-3.1,Witness,manual_verified_diarization,HIGH,YES,SPEAKING,Witness,YES,Witness 15 identified by manual audio/video review,INCLUDE,,YES,speaker_role=Witness,split_dev;usable,"usable because speaker_role=Witness, witness_speaking_status=SPEAKING, clip_status=created, duration=2.278s, and source is not excluded",YES,0.6,HIGH,manual_clip_review,HUMAN_VERIFIED,/Users/rajeshpmu/Desktop/LegalMemoCMT/data/processed/phase2/clancy/turn_clips/video/DCBWoWhsTpA/DCBWoWhsTpA_turn06406.mp4,/Users/rajeshpmu/Desktop/LegalMemoCMT/data/processed/phase2/clancy/vit_facecrop_embeddings/DCBWoWhsTpA/DCBWoWhsTpA_turn06406.npy,created,neutral,0.744239,0.966154,"{""anger"": 0.100041, ""disgust"": 0.020041, ""fear"": 0.02408, ""joy"": 0.068983, ""neutral"": 0.744239, ""sadness"": 0.024756, ""surprise"": 0.01786}",/Users/rajeshpmu/Desktop/LegalMemoCMT/results/facial_cues/meld_vit_facecrop_gated_video_aux/fold_4/best_model.pt,phase1_meld_checkpoint_pseudo_label,"audio,text,video","audio,text,video","{""audio_dim"": 128, ""audio_model_name"": ""facebook/hubert-base-ls960"", ""dropout"": 0.1, ""encoder_mode"": ""paper"", ""freeze_audio_backbone"": false, ""freeze_text_backbone"": false, ""fusion_dim"": 256, ""fusion_mode"": ""gated"", ""fusion_pooling"": ""min"", ""max_audio_len"": 256, ""max_text_len"": 128, ""max_video_len"": 32, ""num_classes"": 7, ""num_heads"": 4, ""num_layers"": 2, ""text_dim"": 256, ""text_model_name"": ""bert-base-uncased"", ""use_video"": true, ""video_dim"": 768, ""vocab_size"": 30000}",/Users/rajeshpmu/Desktop/LegalMemoCMT/data/processed/phase2/clancy/turn_clips/audio/DCBWoWhsTpA/DCBWoWhsTpA_turn06406.wav,OK,,0.500255,0.496594,0.496594,0.522294,3loi/SER-Odyssey-Baseline-WavLM-Multi-Attributes,OK,neu,1.0,speechbrain/emotion-recognition-wav2vec2-IEMOCAP,OK,NO,QUOTED_SPEECH,quote or reported speech marker,LOW,LOW,LOW,KEEP_PHASE1_CANDIDATE,neutral,neutral,neutral,0.744239,neutral,0.744239,PHASE1_AUDIO_AGREEMENT,NO,UNKNOWN,,speechbrain_neutral
DCBWoWhsTpA_turn06451,DCBWoWhsTpA_turn06451,DCBWoWhsTpA,https://www.youtube.com/live/DCBWoWhsTpA,LIVE: Lindsay Clancy trial Day 14,full_trial_stream,5,/Users/rajeshpmu/Desktop/LegalMemoCMT/data/phase2/clancy/corpus/raw/live-lindsay-clancy-trial-day-14/live-lindsay-clancy-trial-day-14_DCBWoWhsTpA.en.vtt,/Users/rajeshpmu/Desktop/LegalMemoCMT/data/processed/phase2/clancy/turn_clips/video/DCBWoWhsTpA/DCBWoWhsTpA_turn06451.mp4,/Users/rajeshpmu/Desktop/LegalMemoCMT/data/processed/phase2/clancy/turn_clips/audio/DCBWoWhsTpA/DCBWoWhsTpA_turn06451.wav,DCBWoWhsTpA,group_by_youtube_id,dev,neutral,text_keyword_heuristic,LOW,YES,comparable Phase 1 and audio categorical outputs agree or audio class is not comparable,YES,Tell us your name.,Tell us your name.,01:36:31.422,01:36:33.411,1.989,1.989,marker,MEDIUM,1,3,"DCBWoWhsTpA_utt04341#p02,DCBWoWhsTpA_utt04342#p01,DCBWoWhsTpA_utt04343#p01","DCBWoWhsTpA_utt04341,DCBWoWhsTpA_utt04342,DCBWoWhsTpA_utt04343",3,/Users/rajeshpmu/Desktop/LegalMemoCMT/data/phase2/clancy/corpus/raw/live-lindsay-clancy-trial-day-14/live-lindsay-clancy-trial-day-14_DCBWoWhsTpA.mp4,/Users/rajeshpmu/Desktop/LegalMemoCMT/data/phase2/clancy/corpus/raw/live-lindsay-clancy-trial-day-14/live-lindsay-clancy-trial-day-14_DCBWoWhsTpA.wav,/Users/rajeshpmu/Desktop/LegalMemoCMT/data/processed/phase2/clancy/turn_clips/video/DCBWoWhsTpA/DCBWoWhsTpA_turn06451.mp4,/Users/rajeshpmu/Desktop/LegalMemoCMT/data/processed/phase2/clancy/turn_clips/audio/DCBWoWhsTpA/DCBWoWhsTpA_turn06451.wav,5791.422,5793.411,1.989,created,01:36:31.422,01:36:33.411,0.0,default_zero,SPEAKER_01,0.793,pyannote/speaker-diarization-3.1,Witness,manual_verified_diarization,HIGH,YES,SPEAKING,Witness,YES,Witness 19 identified by manual audio/video review,INCLUDE,,YES,speaker_role=Witness,split_dev;usable,"usable because speaker_role=Witness, witness_speaking_status=SPEAKING, clip_status=created, duration=1.989s, and source is not excluded",YES,0.6,HIGH,manual_clip_review,HUMAN_VERIFIED,/Users/rajeshpmu/Desktop/LegalMemoCMT/data/processed/phase2/clancy/turn_clips/video/DCBWoWhsTpA/DCBWoWhsTpA_turn06451.mp4,/Users/rajeshpmu/Desktop/LegalMemoCMT/data/processed/phase2/clancy/vit_facecrop_embeddings/DCBWoWhsTpA/DCBWoWhsTpA_turn06451.npy,created,neutral,0.968198,0.186085,"{""anger"": 0.013779, ""disgust"": 0.001629, ""fear"": 0.00224, ""joy"": 0.009999, ""neutral"": 0.968198, ""sadness"": 0.002487, ""surprise"": 0.001669}",/Users/rajeshpmu/Desktop/LegalMemoCMT/results/facial_cues/meld_vit_facecrop_gated_video_aux/fold_4/best_model.pt,phase1_meld_checkpoint_pseudo_label,"audio,text,video","audio,text,video","{""audio_dim"": 128, ""audio_model_name"": ""facebook/hubert-base-ls960"", ""dropout"": 0.1, ""encoder_mode"": ""paper"", ""freeze_audio_backbone"": false, ""freeze_text_backbone"": false, ""fusion_dim"": 256, ""fusion_mode"": ""gated"", ""fusion_pooling"": ""min"", ""max_audio_len"": 256, ""max_text_len"": 128, ""max_video_len"": 32, ""num_classes"": 7, ""num_heads"": 4, ""num_layers"": 2, ""text_dim"": 256, ""text_model_name"": ""bert-base-uncased"", ""use_video"": true, ""video_dim"": 768, ""vocab_size"": 30000}",/Users/rajeshpmu/Desktop/LegalMemoCMT/data/processed/phase2/clancy/turn_clips/audio/DCBWoWhsTpA/DCBWoWhsTpA_turn06451.wav,OK,,0.686084,0.577063,0.577063,0.575034,3loi/SER-Odyssey-Baseline-WavLM-Multi-Attributes,OK,hap,0.999999,speechbrain/emotion-recognition-wav2vec2-IEMOCAP,OK,NO,UNCLEAR,no explicit emotion-target evidence,HIGH,LOW,HIGH,KEEP_PHASE1_CANDIDATE,neutral,joy,neutral,0.968198,neutral,0.968198,comparable Phase 1 and audio categorical outputs agree or audio class is not comparable,YES,UNKNOWN,,phase1_vs_comparable_audio_disagreement
DCBWoWhsTpA_turn06456,DCBWoWhsTpA_turn06456,DCBWoWhsTpA,https://www.youtube.com/live/DCBWoWhsTpA,LIVE: Lindsay Clancy trial Day 14,full_trial_stream,5,/Users/rajeshpmu/Desktop/LegalMemoCMT/data/phase2/clancy/corpus/raw/live-lindsay-clancy-trial-day-14/live-lindsay-clancy-trial-day-14_DCBWoWhsTpA.en.vtt,/Users/rajeshpmu/Desktop/LegalMemoCMT/data/processed/phase2/clancy/turn_clips/video/DCBWoWhsTpA/DCBWoWhsTpA_turn06456.mp4,/Users/rajeshpmu/Desktop/LegalMemoCMT/data/processed/phase2/clancy/turn_clips/audio/DCBWoWhsTpA/DCBWoWhsTpA_turn06456.wav,DCBWoWhsTpA,group_by_youtube_id,dev,neutral,text_keyword_heuristic,LOW,NO,"audio and courtroom-affect evidence support neutral, but emotion target is unresolved",YES,I'm a labor and delivery nurse.,I'm a labor and delivery nurse.,01:36:40.099,01:36:41.283,1.184,1.184,marker,MEDIUM,1,3,"DCBWoWhsTpA_utt04351#p02,DCBWoWhsTpA_utt04352#p01,DCBWoWhsTpA_utt04353#p01","DCBWoWhsTpA_utt04351,DCBWoWhsTpA_utt04352,DCBWoWhsTpA_utt04353",3,/Users/rajeshpmu/Desktop/LegalMemoCMT/data/phase2/clancy/corpus/raw/live-lindsay-clancy-trial-day-14/live-lindsay-clancy-trial-day-14_DCBWoWhsTpA.mp4,/Users/rajeshpmu/Desktop/LegalMemoCMT/data/phase2/clancy/corpus/raw/live-lindsay-clancy-trial-day-14/live-lindsay-clancy-trial-day-14_DCBWoWhsTpA.wav,/Users/rajeshpmu/Desktop/LegalMemoCMT/data/processed/phase2/clancy/turn_clips/video/DCBWoWhsTpA/DCBWoWhsTpA_turn06456.mp4,/Users/rajeshpmu/Desktop/LegalMemoCMT/data/processed/phase2/clancy/turn_clips/audio/DCBWoWhsTpA/DCBWoWhsTpA_turn06456.wav,5800.099,5801.283,1.184,created,01:36:40.099,01:36:41.283,0.0,default_zero,SPEAKER_01,0.646,pyannote/speaker-diarization-3.1,Witness,manual_verified_diarization,HIGH,YES,SPEAKING,Witness,YES,Witness 19 identified by manual audio/video review,INCLUDE,,YES,speaker_role=Witness,split_dev;usable,"usable because speaker_role=Witness, witness_speaking_status=SPEAKING, clip_status=created, duration=1.184s, and source is not excluded",YES,0.6,HIGH,manual_clip_review,HUMAN_VERIFIED,/Users/rajeshpmu/Desktop/LegalMemoCMT/data/processed/phase2/clancy/turn_clips/video/DCBWoWhsTpA/DCBWoWhsTpA_turn06456.mp4,/Users/rajeshpmu/Desktop/LegalMemoCMT/data/processed/phase2/clancy/vit_facecrop_embeddings/DCBWoWhsTpA/DCBWoWhsTpA_turn06456.npy,created,neutral,0.813087,0.781152,"{""anger"": 0.05455, ""disgust"": 0.00846, ""fear"": 0.039735, ""joy"": 0.022979, ""neutral"": 0.813087, ""sadness"": 0.050688, ""surprise"": 0.010501}",/Users/rajeshpmu/Desktop/LegalMemoCMT/results/facial_cues/meld_vit_facecrop_gated_video_aux/fold_4/best_model.pt,phase1_meld_checkpoint_pseudo_label,"audio,text,video","audio,text,video","{""audio_dim"": 128, ""audio_model_name"": ""facebook/hubert-base-ls960"", ""dropout"": 0.1, ""encoder_mode"": ""paper"", ""freeze_audio_backbone"": false, ""freeze_text_backbone"": false, ""fusion_dim"": 256, ""fusion_mode"": ""gated"", ""fusion_pooling"": ""min"", ""max_audio_len"": 256, ""max_text_len"": 128, ""max_video_len"": 32, ""num_classes"": 7, ""num_heads"": 4, ""num_layers"": 2, ""text_dim"": 256, ""text_model_name"": ""bert-base-uncased"", ""use_video"": true, ""video_dim"": 768, ""vocab_size"": 30000}",/Users/rajeshpmu/Desktop/LegalMemoCMT/data/processed/phase2/clancy/turn_clips/audio/DCBWoWhsTpA/DCBWoWhsTpA_turn06456.wav,OK,,0.440868,0.303886,0.303886,0.359652,3loi/SER-Odyssey-Baseline-WavLM-Multi-Attributes,OK,neu,0.808034,speechbrain/emotion-recognition-wav2vec2-IEMOCAP,OK,NO,UNCLEAR,no explicit emotion-target evidence,LOW,LOW,LOW,NEUTRAL_CANDIDATE,neutral,neutral,neutral,0.580000,neutral,0.580000,"audio and courtroom-affect evidence support neutral, but emotion target is unresolved",NO,CALM_COMPOSED,1,low_or_moderate_audio_arousal;speechbrain_neutral
DCBWoWhsTpA_turn06460,DCBWoWhsTpA_turn06460,DCBWoWhsTpA,https://www.youtube.com/live/DCBWoWhsTpA,LIVE: Lindsay Clancy trial Day 14,full_trial_stream,5,/Users/rajeshpmu/Desktop/LegalMemoCMT/data/phase2/clancy/corpus/raw/live-lindsay-clancy-trial-day-14/live-lindsay-clancy-trial-day-14_DCBWoWhsTpA.en.vtt,/Users/rajeshpmu/Desktop/LegalMemoCMT/data/processed/phase2/clancy/turn_clips/video/DCBWoWhsTpA/DCBWoWhsTpA_turn06460.mp4,/Users/rajeshpmu/Desktop/LegalMemoCMT/data/processed/phase2/clancy/turn_clips/audio/DCBWoWhsTpA/DCBWoWhsTpA_turn06460.wav,DCBWoWhsTpA,group_by_youtube_id,dev,neutral,text_keyword_heuristic,LOW,NO,"audio and courtroom-affect evidence support neutral, but emotion target is unresolved",YES,Um I started on our labor and delivery unit in 2012.,Um I started on our labor and delivery unit in 2012.,01:36:47.943,01:36:53.452,5.509,5.509,marker,MEDIUM,1,5,"DCBWoWhsTpA_utt04361#p02,DCBWoWhsTpA_utt04362#p01,DCBWoWhsTpA_utt04363#p01,DCBWoWhsTpA_utt04364#p01,DCBWoWhsTpA_utt04365#p01","DCBWoWhsTpA_utt04361,DCBWoWhsTpA_utt04362,DCBWoWhsTpA_utt04363,DCBWoWhsTpA_utt04364,DCBWoWhsTpA_utt04365",5,/Users/rajeshpmu/Desktop/LegalMemoCMT/data/phase2/clancy/corpus/raw/live-lindsay-clancy-trial-day-14/live-lindsay-clancy-trial-day-14_DCBWoWhsTpA.mp4,/Users/rajeshpmu/Desktop/LegalMemoCMT/data/phase2/clancy/corpus/raw/live-lindsay-clancy-trial-day-14/live-lindsay-clancy-trial-day-14_DCBWoWhsTpA.wav,/Users/rajeshpmu/Desktop/LegalMemoCMT/data/processed/phase2/clancy/turn_clips/video/DCBWoWhsTpA/DCBWoWhsTpA_turn06460.mp4,/Users/rajeshpmu/Desktop/LegalMemoCMT/data/processed/phase2/clancy/turn_clips/audio/DCBWoWhsTpA/DCBWoWhsTpA_turn06460.wav,5807.943,5813.452,5.509,created,01:36:47.943,01:36:53.452,0.0,default_zero,SPEAKER_01,3.855,pyannote/speaker-diarization-3.1,Witness,manual_verified_diarization,HIGH,YES,SPEAKING,Witness,YES,Witness 19 identified by manual audio/video review,INCLUDE,,YES,speaker_role=Witness,split_dev;usable,"usable because speaker_role=Witness, witness_speaking_status=SPEAKING, clip_status=created, duration=5.509s, and source is not excluded",YES,0.6,HIGH,manual_clip_review,HUMAN_VERIFIED,/Users/rajeshpmu/Desktop/LegalMemoCMT/data/processed/phase2/clancy/turn_clips/video/DCBWoWhsTpA/DCBWoWhsTpA_turn06460.mp4,/Users/rajeshpmu/Desktop/LegalMemoCMT/data/processed/phase2/clancy/vit_facecrop_embeddings/DCBWoWhsTpA/DCBWoWhsTpA_turn06460.npy,created,neutral,0.816073,0.622217,"{""anger"": 0.14551, ""disgust"": 0.002703, ""fear"": 0.010681, ""joy"": 0.016408, ""neutral"": 0.816073, ""sadness"": 0.007685, ""surprise"": 0.000942}",/Users/rajeshpmu/Desktop/LegalMemoCMT/results/facial_cues/meld_vit_facecrop_gated_video_aux/fold_4/best_model.pt,phase1_meld_checkpoint_pseudo_label,"audio,text,video","audio,text,video","{""audio_dim"": 128, ""audio_model_name"": ""facebook/hubert-base-ls960"", ""dropout"": 0.1, ""encoder_mode"": ""paper"", ""freeze_audio_backbone"": false, ""freeze_text_backbone"": false, ""fusion_dim"": 256, ""fusion_mode"": ""gated"", ""fusion_pooling"": ""min"", ""max_audio_len"": 256, ""max_text_len"": 128, ""max_video_len"": 32, ""num_classes"": 7, ""num_heads"": 4, ""num_layers"": 2, ""text_dim"": 256, ""text_model_name"": ""bert-base-uncased"", ""use_video"": true, ""video_dim"": 768, ""vocab_size"": 30000}",/Users/rajeshpmu/Desktop/LegalMemoCMT/data/processed/phase2/clancy/turn_clips/audio/DCBWoWhsTpA/DCBWoWhsTpA_turn06460.wav,OK,,0.487594,0.295652,0.295652,0.395556,3loi/SER-Odyssey-Baseline-WavLM-Multi-Attributes,OK,neu,1.0,speechbrain/emotion-recognition-wav2vec2-IEMOCAP,OK,NO,UNCLEAR,no explicit emotion-target evidence,LOW,LOW,LOW,NEUTRAL_CANDIDATE,neutral,neutral,neutral,0.580000,neutral,0.580000,"audio and courtroom-affect evidence support neutral, but emotion target is unresolved",NO,CALM_COMPOSED,1,low_or_moderate_audio_arousal;speechbrain_neutral
DCBWoWhsTpA_turn06462,DCBWoWhsTpA_turn06462,DCBWoWhsTpA,https://www.youtube.com/live/DCBWoWhsTpA,LIVE: Lindsay Clancy trial Day 14,full_trial_stream,5,/Users/rajeshpmu/Desktop/LegalMemoCMT/data/phase2/clancy/corpus/raw/live-lindsay-clancy-trial-day-14/live-lindsay-clancy-trial-day-14_DCBWoWhsTpA.en.vtt,/Users/rajeshpmu/Desktop/LegalMemoCMT/data/processed/phase2/clancy/turn_clips/video/DCBWoWhsTpA/DCBWoWhsTpA_turn06462.mp4,/Users/rajeshpmu/Desktop/LegalMemoCMT/data/processed/phase2/clancy/turn_clips/audio/DCBWoWhsTpA/DCBWoWhsTpA_turn06462.wav,DCBWoWhsTpA,group_by_youtube_id,dev,neutral,text_keyword_heuristic,LOW,NO,"audio and courtroom-affect evidence support neutral, but emotion target is unresolved",YES,I started for the abstetrics department in 2006.,I started for the abstetrics department in 2006.,01:36:56.931,01:36:59.847,2.916,2.916,marker,MEDIUM,1,5,"DCBWoWhsTpA_utt04367#p02,DCBWoWhsTpA_utt04368#p01,DCBWoWhsTpA_utt04369#p01,DCBWoWhsTpA_utt04370#p01,DCBWoWhsTpA_utt04371#p01","DCBWoWhsTpA_utt04367,DCBWoWhsTpA_utt04368,DCBWoWhsTpA_utt04369,DCBWoWhsTpA_utt04370,DCBWoWhsTpA_utt04371",5,/Users/rajeshpmu/Desktop/LegalMemoCMT/data/phase2/clancy/corpus/raw/live-lindsay-clancy-trial-day-14/live-lindsay-clancy-trial-day-14_DCBWoWhsTpA.mp4,/Users/rajeshpmu/Desktop/LegalMemoCMT/data/phase2/clancy/corpus/raw/live-lindsay-clancy-trial-day-14/live-lindsay-clancy-trial-day-14_DCBWoWhsTpA.wav,/Users/rajeshpmu/Desktop/LegalMemoCMT/data/processed/phase2/clancy/turn_clips/video/DCBWoWhsTpA/DCBWoWhsTpA_turn06462.mp4,/Users/rajeshpmu/Desktop/LegalMemoCMT/data/processed/phase2/clancy/turn_clips/audio/DCBWoWhsTpA/DCBWoWhsTpA_turn06462.wav,5816.931,5819.847,2.916,created,01:36:56.931,01:36:59.847,0.0,default_zero,SPEAKER_01,2.157,pyannote/speaker-diarization-3.1,Witness,manual_verified_diarization,HIGH,YES,SPEAKING,Witness,YES,Witness 19 identified by manual audio/video review,INCLUDE,,YES,speaker_role=Witness,split_dev;usable,"usable because speaker_role=Witness, witness_speaking_status=SPEAKING, clip_status=created, duration=2.916s, and source is not excluded",YES,0.6,HIGH,manual_clip_review,HUMAN_VERIFIED,/Users/rajeshpmu/Desktop/LegalMemoCMT/data/processed/phase2/clancy/turn_clips/video/DCBWoWhsTpA/DCBWoWhsTpA_turn06462.mp4,/Users/rajeshpmu/Desktop/LegalMemoCMT/data/processed/phase2/clancy/vit_facecrop_embeddings/DCBWoWhsTpA/DCBWoWhsTpA_turn06462.npy,created,neutral,0.872267,0.561935,"{""anger"": 0.054798, ""disgust"": 0.003364, ""fear"": 0.034117, ""joy"": 0.023405, ""neutral"": 0.872267, ""sadness"": 0.004719, ""surprise"": 0.00733}",/Users/rajeshpmu/Desktop/LegalMemoCMT/results/facial_cues/meld_vit_facecrop_gated_video_aux/fold_4/best_model.pt,phase1_meld_checkpoint_pseudo_label,"audio,text,video","audio,text,video","{""audio_dim"": 128, ""audio_model_name"": ""facebook/hubert-base-ls960"", ""dropout"": 0.1, ""encoder_mode"": ""paper"", ""freeze_audio_backbone"": false, ""freeze_text_backbone"": false, ""fusion_dim"": 256, ""fusion_mode"": ""gated"", ""fusion_pooling"": ""min"", ""max_audio_len"": 256, ""max_text_len"": 128, ""max_video_len"": 32, ""num_classes"": 7, ""num_heads"": 4, ""num_layers"": 2, ""text_dim"": 256, ""text_model_name"": ""bert-base-uncased"", ""use_video"": true, ""video_dim"": 768, ""vocab_size"": 30000}",/Users/rajeshpmu/Desktop/LegalMemoCMT/data/processed/phase2/clancy/turn_clips/audio/DCBWoWhsTpA/DCBWoWhsTpA_turn06462.wav,OK,,0.428951,0.324128,0.324128,0.393299,3loi/SER-Odyssey-Baseline-WavLM-Multi-Attributes,OK,neu,1.0,speechbrain/emotion-recognition-wav2vec2-IEMOCAP,OK,NO,UNCLEAR,no explicit emotion-target evidence,LOW,LOW,LOW,NEUTRAL_CANDIDATE,neutral,neutral,neutral,0.580000,neutral,0.580000,"audio and courtroom-affect evidence support neutral, but emotion target is unresolved",NO,CALM_COMPOSED,1,low_or_moderate_audio_arousal;speechbrain_neutral
DCBWoWhsTpA_turn06467,DCBWoWhsTpA_turn06467,DCBWoWhsTpA,https://www.youtube.com/live/DCBWoWhsTpA,LIVE: Lindsay Clancy trial Day 14,full_trial_stream,5,/Users/rajeshpmu/Desktop/LegalMemoCMT/data/phase2/clancy/corpus/raw/live-lindsay-clancy-trial-day-14/live-lindsay-clancy-trial-day-14_DCBWoWhsTpA.en.vtt,/Users/rajeshpmu/Desktop/LegalMemoCMT/data/processed/phase2/clancy/turn_clips/video/DCBWoWhsTpA/DCBWoWhsTpA_turn06467.mp4,/Users/rajeshpmu/Desktop/LegalMemoCMT/data/processed/phase2/clancy/turn_clips/audio/DCBWoWhsTpA/DCBWoWhsTpA_turn06467.wav,DCBWoWhsTpA,group_by_youtube_id,dev,neutral,text_keyword_heuristic,LOW,YES,comparable Phase 1 and audio categorical outputs agree or audio class is not comparable,YES,How do you know her?,How do you know her?,01:37:09.403,01:37:11.577,2.174,2.174,marker,MEDIUM,1,3,"DCBWoWhsTpA_utt04383#p02,DCBWoWhsTpA_utt04384#p01,DCBWoWhsTpA_utt04385#p01","DCBWoWhsTpA_utt04383,DCBWoWhsTpA_utt04384,DCBWoWhsTpA_utt04385",3,/Users/rajeshpmu/Desktop/LegalMemoCMT/data/phase2/clancy/corpus/raw/live-lindsay-clancy-trial-day-14/live-lindsay-clancy-trial-day-14_DCBWoWhsTpA.mp4,/Users/rajeshpmu/Desktop/LegalMemoCMT/data/phase2/clancy/corpus/raw/live-lindsay-clancy-trial-day-14/live-lindsay-clancy-trial-day-14_DCBWoWhsTpA.wav,/Users/rajeshpmu/Desktop/LegalMemoCMT/data/processed/phase2/clancy/turn_clips/video/DCBWoWhsTpA/DCBWoWhsTpA_turn06467.mp4,/Users/rajeshpmu/Desktop/LegalMemoCMT/data/processed/phase2/clancy/turn_clips/audio/DCBWoWhsTpA/DCBWoWhsTpA_turn06467.wav,5829.403,5831.577,2.174,created,01:37:09.403,01:37:11.577,0.0,default_zero,SPEAKER_01,0.964,pyannote/speaker-diarization-3.1,Witness,manual_verified_diarization,HIGH,YES,SPEAKING,Witness,YES,Witness 19 identified by manual audio/video review,INCLUDE,,YES,speaker_role=Witness,split_dev;usable,"usable because speaker_role=Witness, witness_speaking_status=SPEAKING, clip_status=created, duration=2.174s, and source is not excluded",YES,0.6,HIGH,manual_clip_review,HUMAN_VERIFIED,/Users/rajeshpmu/Desktop/LegalMemoCMT/data/processed/phase2/clancy/turn_clips/video/DCBWoWhsTpA/DCBWoWhsTpA_turn06467.mp4,/Users/rajeshpmu/Desktop/LegalMemoCMT/data/processed/phase2/clancy/vit_facecrop_embeddings/DCBWoWhsTpA/DCBWoWhsTpA_turn06467.npy,created,neutral,0.682463,0.823921,"{""anger"": 0.020474, ""disgust"": 0.270899, ""fear"": 0.007494, ""joy"": 0.00714, ""neutral"": 0.682463, ""sadness"": 0.008757, ""surprise"": 0.002774}",/Users/rajeshpmu/Desktop/LegalMemoCMT/results/facial_cues/meld_vit_facecrop_gated_video_aux/fold_4/best_model.pt,phase1_meld_checkpoint_pseudo_label,"audio,text,video","audio,text,video","{""audio_dim"": 128, ""audio_model_name"": ""facebook/hubert-base-ls960"", ""dropout"": 0.1, ""encoder_mode"": ""paper"", ""freeze_audio_backbone"": false, ""freeze_text_backbone"": false, ""fusion_dim"": 256, ""fusion_mode"": ""gated"", ""fusion_pooling"": ""min"", ""max_audio_len"": 256, ""max_text_len"": 128, ""max_video_len"": 32, ""num_classes"": 7, ""num_heads"": 4, ""num_layers"": 2, ""text_dim"": 256, ""text_model_name"": ""bert-base-uncased"", ""use_video"": true, ""video_dim"": 768, ""vocab_size"": 30000}",/Users/rajeshpmu/Desktop/LegalMemoCMT/data/processed/phase2/clancy/turn_clips/audio/DCBWoWhsTpA/DCBWoWhsTpA_turn06467.wav,OK,,0.486515,0.358875,0.358875,0.401766,3loi/SER-Odyssey-Baseline-WavLM-Multi-Attributes,OK,hap,0.999999,speechbrain/emotion-recognition-wav2vec2-IEMOCAP,OK,NO,UNCLEAR,no explicit emotion-target evidence,MEDIUM,LOW,MEDIUM,KEEP_PHASE1_CANDIDATE,neutral,joy,neutral,0.682463,neutral,0.682463,comparable Phase 1 and audio categorical outputs agree or audio class is not comparable,YES,UNKNOWN,,phase1_vs_comparable_audio_disagreement;low_or_moderate_audio_arousal
DCBWoWhsTpA_turn06468,DCBWoWhsTpA_turn06468,DCBWoWhsTpA,https://www.youtube.com/live/DCBWoWhsTpA,LIVE: Lindsay Clancy trial Day 14,full_trial_stream,5,/Users/rajeshpmu/Desktop/LegalMemoCMT/data/phase2/clancy/corpus/raw/live-lindsay-clancy-trial-day-14/live-lindsay-clancy-trial-day-14_DCBWoWhsTpA.en.vtt,/Users/rajeshpmu/Desktop/LegalMemoCMT/data/processed/phase2/clancy/turn_clips/video/DCBWoWhsTpA/DCBWoWhsTpA_turn06468.mp4,/Users/rajeshpmu/Desktop/LegalMemoCMT/data/processed/phase2/clancy/turn_clips/audio/DCBWoWhsTpA/DCBWoWhsTpA_turn06468.wav,DCBWoWhsTpA,group_by_youtube_id,dev,neutral,text_keyword_heuristic,LOW,NO,"audio and courtroom-affect evidence support neutral, but emotion target is unresolved",YES,I was working on the labor floor when Lindsay first started with us.,I was working on the labor floor when Lindsay first started with us.,01:37:11.577,01:37:15.768,4.191,4.191,marker,MEDIUM,1,5,"DCBWoWhsTpA_utt04385#p02,DCBWoWhsTpA_utt04386#p01,DCBWoWhsTpA_utt04387#p01,DCBWoWhsTpA_utt04388#p01,DCBWoWhsTpA_utt04389#p01","DCBWoWhsTpA_utt04385,DCBWoWhsTpA_utt04386,DCBWoWhsTpA_utt04387,DCBWoWhsTpA_utt04388,DCBWoWhsTpA_utt04389",5,/Users/rajeshpmu/Desktop/LegalMemoCMT/data/phase2/clancy/corpus/raw/live-lindsay-clancy-trial-day-14/live-lindsay-clancy-trial-day-14_DCBWoWhsTpA.mp4,/Users/rajeshpmu/Desktop/LegalMemoCMT/data/phase2/clancy/corpus/raw/live-lindsay-clancy-trial-day-14/live-lindsay-clancy-trial-day-14_DCBWoWhsTpA.wav,/Users/rajeshpmu/Desktop/LegalMemoCMT/data/processed/phase2/clancy/turn_clips/video/DCBWoWhsTpA/DCBWoWhsTpA_turn06468.mp4,/Users/rajeshpmu/Desktop/LegalMemoCMT/data/processed/phase2/clancy/turn_clips/audio/DCBWoWhsTpA/DCBWoWhsTpA_turn06468.wav,5831.577,5835.768,4.191,created,01:37:11.577,01:37:15.768,0.0,default_zero,SPEAKER_01,2.85,pyannote/speaker-diarization-3.1,Witness,manual_verified_diarization,HIGH,YES,SPEAKING,Witness,YES,Witness 19 identified by manual audio/video review,INCLUDE,,YES,speaker_role=Witness,split_dev;usable,"usable because speaker_role=Witness, witness_speaking_status=SPEAKING, clip_status=created, duration=4.191s, and source is not excluded",YES,0.6,HIGH,manual_clip_review,HUMAN_VERIFIED,/Users/rajeshpmu/Desktop/LegalMemoCMT/data/processed/phase2/clancy/turn_clips/video/DCBWoWhsTpA/DCBWoWhsTpA_turn06468.mp4,/Users/rajeshpmu/Desktop/LegalMemoCMT/data/processed/phase2/clancy/vit_facecrop_embeddings/DCBWoWhsTpA/DCBWoWhsTpA_turn06468.npy,created,neutral,0.735388,0.979939,"{""anger"": 0.067295, ""disgust"": 0.038261, ""fear"": 0.051402, ""joy"": 0.092223, ""neutral"": 0.735388, ""sadness"": 0.007835, ""surprise"": 0.007596}",/Users/rajeshpmu/Desktop/LegalMemoCMT/results/facial_cues/meld_vit_facecrop_gated_video_aux/fold_4/best_model.pt,phase1_meld_checkpoint_pseudo_label,"audio,text,video","audio,text,video","{""audio_dim"": 128, ""audio_model_name"": ""facebook/hubert-base-ls960"", ""dropout"": 0.1, ""encoder_mode"": ""paper"", ""freeze_audio_backbone"": false, ""freeze_text_backbone"": false, ""fusion_dim"": 256, ""fusion_mode"": ""gated"", ""fusion_pooling"": ""min"", ""max_audio_len"": 256, ""max_text_len"": 128, ""max_video_len"": 32, ""num_classes"": 7, ""num_heads"": 4, ""num_layers"": 2, ""text_dim"": 256, ""text_model_name"": ""bert-base-uncased"", ""use_video"": true, ""video_dim"": 768, ""vocab_size"": 30000}",/Users/rajeshpmu/Desktop/LegalMemoCMT/data/processed/phase2/clancy/turn_clips/audio/DCBWoWhsTpA/DCBWoWhsTpA_turn06468.wav,OK,,0.485492,0.294872,0.294872,0.398082,3loi/SER-Odyssey-Baseline-WavLM-Multi-Attributes,OK,neu,1.0,speechbrain/emotion-recognition-wav2vec2-IEMOCAP,OK,NO,UNCLEAR,no explicit emotion-target evidence,LOW,LOW,LOW,NEUTRAL_CANDIDATE,neutral,neutral,neutral,0.580000,neutral,0.580000,"audio and courtroom-affect evidence support neutral, but emotion target is unresolved",NO,CALM_COMPOSED,1,low_or_moderate_audio_arousal;speechbrain_neutral
DCBWoWhsTpA_turn06477,DCBWoWhsTpA_turn06477,DCBWoWhsTpA,https://www.youtube.com/live/DCBWoWhsTpA,LIVE: Lindsay Clancy trial Day 14,full_trial_stream,5,/Users/rajeshpmu/Desktop/LegalMemoCMT/data/phase2/clancy/corpus/raw/live-lindsay-clancy-trial-day-14/live-lindsay-clancy-trial-day-14_DCBWoWhsTpA.en.vtt,/Users/rajeshpmu/Desktop/LegalMemoCMT/data/processed/phase2/clancy/turn_clips/video/DCBWoWhsTpA/DCBWoWhsTpA_turn06477.mp4,/Users/rajeshpmu/Desktop/LegalMemoCMT/data/processed/phase2/clancy/turn_clips/audio/DCBWoWhsTpA/DCBWoWhsTpA_turn06477.wav,DCBWoWhsTpA,group_by_youtube_id,dev,neutral,text_keyword_heuristic,LOW,NO,"audio and courtroom-affect evidence support neutral, but emotion target is unresolved",YES,She started I believe in 2015 and I worked until 2002 when she went out with Kellen.,She started I believe in 2015 and I worked until 2002 when she went out with Kellen.,01:37:37.870,01:37:47.635,9.765,9.765,marker,MEDIUM,1,7,"DCBWoWhsTpA_utt04417#p02,DCBWoWhsTpA_utt04418#p01,DCBWoWhsTpA_utt04419#p01,DCBWoWhsTpA_utt04420#p01,DCBWoWhsTpA_utt04421#p01,DCBWoWhsTpA_utt04422#p01,DCBWoWhsTpA_utt04423#p01","DCBWoWhsTpA_utt04417,DCBWoWhsTpA_utt04418,DCBWoWhsTpA_utt04419,DCBWoWhsTpA_utt04420,DCBWoWhsTpA_utt04421,DCBWoWhsTpA_utt04422,DCBWoWhsTpA_utt04423",7,/Users/rajeshpmu/Desktop/LegalMemoCMT/data/phase2/clancy/corpus/raw/live-lindsay-clancy-trial-day-14/live-lindsay-clancy-trial-day-14_DCBWoWhsTpA.mp4,/Users/rajeshpmu/Desktop/LegalMemoCMT/data/phase2/clancy/corpus/raw/live-lindsay-clancy-trial-day-14/live-lindsay-clancy-trial-day-14_DCBWoWhsTpA.wav,/Users/rajeshpmu/Desktop/LegalMemoCMT/data/processed/phase2/clancy/turn_clips/video/DCBWoWhsTpA/DCBWoWhsTpA_turn06477.mp4,/Users/rajeshpmu/Desktop/LegalMemoCMT/data/processed/phase2/clancy/turn_clips/audio/DCBWoWhsTpA/DCBWoWhsTpA_turn06477.wav,5857.87,5867.635,9.765,created,01:37:37.870,01:37:47.635,0.0,default_zero,SPEAKER_01,4.873,pyannote/speaker-diarization-3.1,Witness,manual_verified_diarization,HIGH,YES,SPEAKING,Witness,YES,Witness 19 identified by manual audio/video review,INCLUDE,,YES,speaker_role=Witness,split_dev;usable,"usable because speaker_role=Witness, witness_speaking_status=SPEAKING, clip_status=created, duration=9.765s, and source is not excluded",YES,0.6,HIGH,manual_clip_review,HUMAN_VERIFIED,/Users/rajeshpmu/Desktop/LegalMemoCMT/data/processed/phase2/clancy/turn_clips/video/DCBWoWhsTpA/DCBWoWhsTpA_turn06477.mp4,/Users/rajeshpmu/Desktop/LegalMemoCMT/data/processed/phase2/clancy/vit_facecrop_embeddings/DCBWoWhsTpA/DCBWoWhsTpA_turn06477.npy,created,neutral,0.813615,0.745916,"{""anger"": 0.023362, ""disgust"": 0.014612, ""fear"": 0.098722, ""joy"": 0.023865, ""neutral"": 0.813615, ""sadness"": 0.017232, ""surprise"": 0.008593}",/Users/rajeshpmu/Desktop/LegalMemoCMT/results/facial_cues/meld_vit_facecrop_gated_video_aux/fold_4/best_model.pt,phase1_meld_checkpoint_pseudo_label,"audio,text,video","audio,text,video","{""audio_dim"": 128, ""audio_model_name"": ""facebook/hubert-base-ls960"", ""dropout"": 0.1, ""encoder_mode"": ""paper"", ""freeze_audio_backbone"": false, ""freeze_text_backbone"": false, ""fusion_dim"": 256, ""fusion_mode"": ""gated"", ""fusion_pooling"": ""min"", ""max_audio_len"": 256, ""max_text_len"": 128, ""max_video_len"": 32, ""num_classes"": 7, ""num_heads"": 4, ""num_layers"": 2, ""text_dim"": 256, ""text_model_name"": ""bert-base-uncased"", ""use_video"": true, ""video_dim"": 768, ""vocab_size"": 30000}",/Users/rajeshpmu/Desktop/LegalMemoCMT/data/processed/phase2/clancy/turn_clips/audio/DCBWoWhsTpA/DCBWoWhsTpA_turn06477.wav,OK,,0.475563,0.297524,0.297524,0.386454,3loi/SER-Odyssey-Baseline-WavLM-Multi-Attributes,OK,neu,1.0,speechbrain/emotion-recognition-wav2vec2-IEMOCAP,OK,NO,UNCLEAR,no explicit emotion-target evidence,LOW,LOW,LOW,NEUTRAL_CANDIDATE,neutral,neutral,neutral,0.580000,neutral,0.580000,"audio and courtroom-affect evidence support neutral, but emotion target is unresolved",NO,CALM_COMPOSED,1,low_or_moderate_audio_arousal;speechbrain_neutral
DCBWoWhsTpA_turn06485,DCBWoWhsTpA_turn06485,DCBWoWhsTpA,https://www.youtube.com/live/DCBWoWhsTpA,LIVE: Lindsay Clancy trial Day 14,full_trial_stream,5,/Users/rajeshpmu/Desktop/LegalMemoCMT/data/phase2/clancy/corpus/raw/live-lindsay-clancy-trial-day-14/live-lindsay-clancy-trial-day-14_DCBWoWhsTpA.en.vtt,/Users/rajeshpmu/Desktop/LegalMemoCMT/data/processed/phase2/clancy/turn_clips/video/DCBWoWhsTpA/DCBWoWhsTpA_turn06485.mp4,/Users/rajeshpmu/Desktop/LegalMemoCMT/data/processed/phase2/clancy/turn_clips/audio/DCBWoWhsTpA/DCBWoWhsTpA_turn06485.wav,DCBWoWhsTpA,group_by_youtube_id,dev,neutral,text_keyword_heuristic,LOW,YES,comparable Phase 1 and audio categorical outputs agree or audio class is not comparable,YES,"Lindsay loved being a nurse. Um, she was really good at being a nurse. She was compassionate. She was kind. She was a patient advocate. She was the type of nurse that you wanted taking care of you um or your loved one when you walked onto our unit.","Lindsay loved being a nurse. Um, she was really good at being a nurse. She was compassionate. She was kind. She was a patient advocate. She was the type of nurse that you wanted taking care of you um or your loved one when you walked onto our unit.",01:38:18.690,01:38:37.349,18.659,18.659,marker,MEDIUM,1,15,"DCBWoWhsTpA_utt04453#p02,DCBWoWhsTpA_utt04454#p01,DCBWoWhsTpA_utt04455#p01,DCBWoWhsTpA_utt04456#p01,DCBWoWhsTpA_utt04457#p01,DCBWoWhsTpA_utt04458#p01,DCBWoWhsTpA_utt04459#p01,DCBWoWhsTpA_utt04460#p01,DCBWoWhsTpA_utt04461#p01,DCBWoWhsTpA_utt04462#p01,DCBWoWhsTpA_utt04463#p01,DCBWoWhsTpA_utt04464#p01,DCBWoWhsTpA_utt04465#p01,DCBWoWhsTpA_utt04466#p01,DCBWoWhsTpA_utt04467#p01","DCBWoWhsTpA_utt04453,DCBWoWhsTpA_utt04454,DCBWoWhsTpA_utt04455,DCBWoWhsTpA_utt04456,DCBWoWhsTpA_utt04457,DCBWoWhsTpA_utt04458,DCBWoWhsTpA_utt04459,DCBWoWhsTpA_utt04460,DCBWoWhsTpA_utt04461,DCBWoWhsTpA_utt04462,DCBWoWhsTpA_utt04463,DCBWoWhsTpA_utt04464,DCBWoWhsTpA_utt04465,DCBWoWhsTpA_utt04466,DCBWoWhsTpA_utt04467",15,/Users/rajeshpmu/Desktop/LegalMemoCMT/data/phase2/clancy/corpus/raw/live-lindsay-clancy-trial-day-14/live-lindsay-clancy-trial-day-14_DCBWoWhsTpA.mp4,/Users/rajeshpmu/Desktop/LegalMemoCMT/data/phase2/clancy/corpus/raw/live-lindsay-clancy-trial-day-14/live-lindsay-clancy-trial-day-14_DCBWoWhsTpA.wav,/Users/rajeshpmu/Desktop/LegalMemoCMT/data/processed/phase2/clancy/turn_clips/video/DCBWoWhsTpA/DCBWoWhsTpA_turn06485.mp4,/Users/rajeshpmu/Desktop/LegalMemoCMT/data/processed/phase2/clancy/turn_clips/audio/DCBWoWhsTpA/DCBWoWhsTpA_turn06485.wav,5898.69,5917.349,18.659,created,01:38:18.690,01:38:37.349,0.0,default_zero,SPEAKER_01,8.978,pyannote/speaker-diarization-3.1,Witness,manual_verified_diarization,HIGH,YES,SPEAKING,Witness,YES,Witness 19 identified by manual audio/video review,INCLUDE,,YES,speaker_role=Witness,split_dev;usable,"usable because speaker_role=Witness, witness_speaking_status=SPEAKING, clip_status=created, duration=18.659s, and source is not excluded",YES,0.6,HIGH,manual_clip_review,HUMAN_VERIFIED,/Users/rajeshpmu/Desktop/LegalMemoCMT/data/processed/phase2/clancy/turn_clips/video/DCBWoWhsTpA/DCBWoWhsTpA_turn06485.mp4,/Users/rajeshpmu/Desktop/LegalMemoCMT/data/processed/phase2/clancy/vit_facecrop_embeddings/DCBWoWhsTpA/DCBWoWhsTpA_turn06485.npy,created,anger,0.656303,1.119789,"{""anger"": 0.656303, ""disgust"": 0.005013, ""fear"": 0.025264, ""joy"": 0.119603, ""neutral"": 0.135286, ""sadness"": 0.043644, ""surprise"": 0.014888}",/Users/rajeshpmu/Desktop/LegalMemoCMT/results/facial_cues/meld_vit_facecrop_gated_video_aux/fold_4/best_model.pt,phase1_meld_checkpoint_pseudo_label,"audio,text,video","audio,text,video","{""audio_dim"": 128, ""audio_model_name"": ""facebook/hubert-base-ls960"", ""dropout"": 0.1, ""encoder_mode"": ""paper"", ""freeze_audio_backbone"": false, ""freeze_text_backbone"": false, ""fusion_dim"": 256, ""fusion_mode"": ""gated"", ""fusion_pooling"": ""min"", ""max_audio_len"": 256, ""max_text_len"": 128, ""max_video_len"": 32, ""num_classes"": 7, ""num_heads"": 4, ""num_layers"": 2, ""text_dim"": 256, ""text_model_name"": ""bert-base-uncased"", ""use_video"": true, ""video_dim"": 768, ""vocab_size"": 30000}",/Users/rajeshpmu/Desktop/LegalMemoCMT/data/processed/phase2/clancy/turn_clips/audio/DCBWoWhsTpA/DCBWoWhsTpA_turn06485.wav,OK,,0.672503,0.345178,0.345178,0.496775,3loi/SER-Odyssey-Baseline-WavLM-Multi-Attributes,OK,hap,1.0,speechbrain/emotion-recognition-wav2vec2-IEMOCAP,OK,NO,UNCLEAR,no explicit emotion-target evidence,MEDIUM,LOW,MEDIUM,KEEP_PHASE1_CANDIDATE,anger,joy,anger,0.656303,anger,0.656303,comparable Phase 1 and audio categorical outputs agree or audio class is not comparable,YES,UNKNOWN,,phase1_vs_comparable_audio_disagreement;low_or_moderate_audio_arousal
DCBWoWhsTpA_turn06486,DCBWoWhsTpA_turn06486,DCBWoWhsTpA,https://www.youtube.com/live/DCBWoWhsTpA,LIVE: Lindsay Clancy trial Day 14,full_trial_stream,5,/Users/rajeshpmu/Desktop/LegalMemoCMT/data/phase2/clancy/corpus/raw/live-lindsay-clancy-trial-day-14/live-lindsay-clancy-trial-day-14_DCBWoWhsTpA.en.vtt,/Users/rajeshpmu/Desktop/LegalMemoCMT/data/processed/phase2/clancy/turn_clips/video/DCBWoWhsTpA/DCBWoWhsTpA_turn06486.mp4,/Users/rajeshpmu/Desktop/LegalMemoCMT/data/processed/phase2/clancy/turn_clips/audio/DCBWoWhsTpA/DCBWoWhsTpA_turn06486.wav,DCBWoWhsTpA,group_by_youtube_id,dev,neutral,text_keyword_heuristic,LOW,YES,comparable Phase 1 and audio categorical outputs agree or audio class is not comparable,YES,"Um, did you observe, for example, that on occasion when she would be involved with the delivery of a baby that she would become emotional? Lindsay was often emotional during um birth um of complete strangers. She would she would cry and she would just say that was so beautiful. Um you could just tell that she really loved being in that setting","Um, did you observe, for example, that on occasion when she would be involved with the delivery of a baby that she would become emotional? Lindsay was often emotional during um birth um of complete strangers. She would she would cry and she would just say that was so beautiful. Um you could just tell that she really loved being in that setting",01:38:37.349,01:39:04.990,27.641,27.641,marker,MEDIUM,1,21,"DCBWoWhsTpA_utt04467#p02,DCBWoWhsTpA_utt04468#p01,DCBWoWhsTpA_utt04469#p01,DCBWoWhsTpA_utt04470#p01,DCBWoWhsTpA_utt04471#p01,DCBWoWhsTpA_utt04472#p01,DCBWoWhsTpA_utt04473#p01,DCBWoWhsTpA_utt04474#p01,DCBWoWhsTpA_utt04475#p01,DCBWoWhsTpA_utt04476#p01,DCBWoWhsTpA_utt04477#p01,DCBWoWhsTpA_utt04478#p01,DCBWoWhsTpA_utt04479#p01,DCBWoWhsTpA_utt04480#p01,DCBWoWhsTpA_utt04481#p01,DCBWoWhsTpA_utt04482#p01,DCBWoWhsTpA_utt04483#p01,DCBWoWhsTpA_utt04484#p01,DCBWoWhsTpA_utt04485#p01,DCBWoWhsTpA_utt04486#p01,DCBWoWhsTpA_utt04487#p01","DCBWoWhsTpA_utt04467,DCBWoWhsTpA_utt04468,DCBWoWhsTpA_utt04469,DCBWoWhsTpA_utt04470,DCBWoWhsTpA_utt04471,DCBWoWhsTpA_utt04472,DCBWoWhsTpA_utt04473,DCBWoWhsTpA_utt04474,DCBWoWhsTpA_utt04475,DCBWoWhsTpA_utt04476,DCBWoWhsTpA_utt04477,DCBWoWhsTpA_utt04478,DCBWoWhsTpA_utt04479,DCBWoWhsTpA_utt04480,DCBWoWhsTpA_utt04481,DCBWoWhsTpA_utt04482,DCBWoWhsTpA_utt04483,DCBWoWhsTpA_utt04484,DCBWoWhsTpA_utt04485,DCBWoWhsTpA_utt04486,DCBWoWhsTpA_utt04487",21,/Users/rajeshpmu/Desktop/LegalMemoCMT/data/phase2/clancy/corpus/raw/live-lindsay-clancy-trial-day-14/live-lindsay-clancy-trial-day-14_DCBWoWhsTpA.mp4,/Users/rajeshpmu/Desktop/LegalMemoCMT/data/phase2/clancy/corpus/raw/live-lindsay-clancy-trial-day-14/live-lindsay-clancy-trial-day-14_DCBWoWhsTpA.wav,/Users/rajeshpmu/Desktop/LegalMemoCMT/data/processed/phase2/clancy/turn_clips/video/DCBWoWhsTpA/DCBWoWhsTpA_turn06486.mp4,/Users/rajeshpmu/Desktop/LegalMemoCMT/data/processed/phase2/clancy/turn_clips/audio/DCBWoWhsTpA/DCBWoWhsTpA_turn06486.wav,5917.349,5944.99,27.641,created,01:38:37.349,01:39:04.990,0.0,default_zero,SPEAKER_01,11.441,pyannote/speaker-diarization-3.1,Witness,manual_verified_diarization,HIGH,YES,SPEAKING,Witness,YES,Witness 19 identified by manual audio/video review,INCLUDE,,YES,speaker_role=Witness,split_dev;usable,"usable because speaker_role=Witness, witness_speaking_status=SPEAKING, clip_status=created, duration=27.641s, and source is not excluded",YES,0.6,HIGH,manual_clip_review,HUMAN_VERIFIED,/Users/rajeshpmu/Desktop/LegalMemoCMT/data/processed/phase2/clancy/turn_clips/video/DCBWoWhsTpA/DCBWoWhsTpA_turn06486.mp4,/Users/rajeshpmu/Desktop/LegalMemoCMT/data/processed/phase2/clancy/vit_facecrop_embeddings/DCBWoWhsTpA/DCBWoWhsTpA_turn06486.npy,created,anger,0.536997,1.300646,"{""anger"": 0.536997, ""disgust"": 0.019676, ""fear"": 0.032886, ""joy"": 0.066395, ""neutral"": 0.269671, ""sadness"": 0.030676, ""surprise"": 0.0437}",/Users/rajeshpmu/Desktop/LegalMemoCMT/results/facial_cues/meld_vit_facecrop_gated_video_aux/fold_4/best_model.pt,phase1_meld_checkpoint_pseudo_label,"audio,text,video","audio,text,video","{""audio_dim"": 128, ""audio_model_name"": ""facebook/hubert-base-ls960"", ""dropout"": 0.1, ""encoder_mode"": ""paper"", ""freeze_audio_backbone"": false, ""freeze_text_backbone"": false, ""fusion_dim"": 256, ""fusion_mode"": ""gated"", ""fusion_pooling"": ""min"", ""max_audio_len"": 256, ""max_text_len"": 128, ""max_video_len"": 32, ""num_classes"": 7, ""num_heads"": 4, ""num_layers"": 2, ""text_dim"": 256, ""text_model_name"": ""bert-base-uncased"", ""use_video"": true, ""video_dim"": 768, ""vocab_size"": 30000}",/Users/rajeshpmu/Desktop/LegalMemoCMT/data/processed/phase2/clancy/turn_clips/audio/DCBWoWhsTpA/DCBWoWhsTpA_turn06486.wav,OK,,0.429912,0.262772,0.262772,0.374111,3loi/SER-Odyssey-Baseline-WavLM-Multi-Attributes,OK,hap,1.0,speechbrain/emotion-recognition-wav2vec2-IEMOCAP,OK,YES,OTHER_PERSON_DESCRIBED,emotion term occurs with other-person reference,HIGH,HIGH,HIGH,KEEP_PHASE1_CANDIDATE,anger,joy,anger,0.536997,anger,0.536997,comparable Phase 1 and audio categorical outputs agree or audio class is not comparable,YES,UNKNOWN,,phase1_vs_comparable_audio_disagreement;other_person_emotion_scope;low_or_moderate_audio_arousal
DCBWoWhsTpA_turn06499,DCBWoWhsTpA_turn06499,DCBWoWhsTpA,https://www.youtube.com/live/DCBWoWhsTpA,LIVE: Lindsay Clancy trial Day 14,full_trial_stream,5,/Users/rajeshpmu/Desktop/LegalMemoCMT/data/phase2/clancy/corpus/raw/live-lindsay-clancy-trial-day-14/live-lindsay-clancy-trial-day-14_DCBWoWhsTpA.en.vtt,/Users/rajeshpmu/Desktop/LegalMemoCMT/data/processed/phase2/clancy/turn_clips/video/DCBWoWhsTpA/DCBWoWhsTpA_turn06499.mp4,/Users/rajeshpmu/Desktop/LegalMemoCMT/data/processed/phase2/clancy/turn_clips/audio/DCBWoWhsTpA/DCBWoWhsTpA_turn06499.wav,DCBWoWhsTpA,group_by_youtube_id,dev,neutral,text_keyword_heuristic,LOW,NO,"audio and courtroom-affect evidence support neutral, but emotion target is unresolved",YES,Tell us about that.,Tell us about that.,01:41:10.670,01:41:12.263,1.593,1.593,marker,MEDIUM,1,3,"DCBWoWhsTpA_utt04591#p02,DCBWoWhsTpA_utt04592#p01,DCBWoWhsTpA_utt04593#p01","DCBWoWhsTpA_utt04591,DCBWoWhsTpA_utt04592,DCBWoWhsTpA_utt04593",3,/Users/rajeshpmu/Desktop/LegalMemoCMT/data/phase2/clancy/corpus/raw/live-lindsay-clancy-trial-day-14/live-lindsay-clancy-trial-day-14_DCBWoWhsTpA.mp4,/Users/rajeshpmu/Desktop/LegalMemoCMT/data/phase2/clancy/corpus/raw/live-lindsay-clancy-trial-day-14/live-lindsay-clancy-trial-day-14_DCBWoWhsTpA.wav,/Users/rajeshpmu/Desktop/LegalMemoCMT/data/processed/phase2/clancy/turn_clips/video/DCBWoWhsTpA/DCBWoWhsTpA_turn06499.mp4,/Users/rajeshpmu/Desktop/LegalMemoCMT/data/processed/phase2/clancy/turn_clips/audio/DCBWoWhsTpA/DCBWoWhsTpA_turn06499.wav,6070.67,6072.263,1.593,created,01:41:10.670,01:41:12.263,0.0,default_zero,SPEAKER_01,0.894,pyannote/speaker-diarization-3.1,Witness,manual_verified_diarization,HIGH,YES,SPEAKING,Witness,YES,Witness 19 identified by manual audio/video review,INCLUDE,,YES,speaker_role=Witness,split_dev;usable,"usable because speaker_role=Witness, witness_speaking_status=SPEAKING, clip_status=created, duration=1.593s, and source is not excluded",YES,0.6,HIGH,manual_clip_review,HUMAN_VERIFIED,/Users/rajeshpmu/Desktop/LegalMemoCMT/data/processed/phase2/clancy/turn_clips/video/DCBWoWhsTpA/DCBWoWhsTpA_turn06499.mp4,/Users/rajeshpmu/Desktop/LegalMemoCMT/data/processed/phase2/clancy/vit_facecrop_embeddings/DCBWoWhsTpA/DCBWoWhsTpA_turn06499.npy,created,neutral,0.94441,0.279052,"{""anger"": 0.036198, ""disgust"": 0.002259, ""fear"": 0.005225, ""joy"": 0.007467, ""neutral"": 0.94441, ""sadness"": 0.002048, ""surprise"": 0.002391}",/Users/rajeshpmu/Desktop/LegalMemoCMT/results/facial_cues/meld_vit_facecrop_gated_video_aux/fold_4/best_model.pt,phase1_meld_checkpoint_pseudo_label,"audio,text,video","audio,text,video","{""audio_dim"": 128, ""audio_model_name"": ""facebook/hubert-base-ls960"", ""dropout"": 0.1, ""encoder_mode"": ""paper"", ""freeze_audio_backbone"": false, ""freeze_text_backbone"": false, ""fusion_dim"": 256, ""fusion_mode"": ""gated"", ""fusion_pooling"": ""min"", ""max_audio_len"": 256, ""max_text_len"": 128, ""max_video_len"": 32, ""num_classes"": 7, ""num_heads"": 4, ""num_layers"": 2, ""text_dim"": 256, ""text_model_name"": ""bert-base-uncased"", ""use_video"": true, ""video_dim"": 768, ""vocab_size"": 30000}",/Users/rajeshpmu/Desktop/LegalMemoCMT/data/processed/phase2/clancy/turn_clips/audio/DCBWoWhsTpA/DCBWoWhsTpA_turn06499.wav,OK,,0.562728,0.409541,0.409541,0.434579,3loi/SER-Odyssey-Baseline-WavLM-Multi-Attributes,OK,neu,1.0,speechbrain/emotion-recognition-wav2vec2-IEMOCAP,OK,NO,UNCLEAR,no explicit emotion-target evidence,LOW,LOW,LOW,NEUTRAL_CANDIDATE,neutral,neutral,neutral,0.580000,neutral,0.580000,"audio and courtroom-affect evidence support neutral, but emotion target is unresolved",NO,CALM_COMPOSED,1,low_or_moderate_audio_arousal;speechbrain_neutral
DCBWoWhsTpA_turn06504,DCBWoWhsTpA_turn06504,DCBWoWhsTpA,https://www.youtube.com/live/DCBWoWhsTpA,LIVE: Lindsay Clancy trial Day 14,full_trial_stream,5,/Users/rajeshpmu/Desktop/LegalMemoCMT/data/phase2/clancy/corpus/raw/live-lindsay-clancy-trial-day-14/live-lindsay-clancy-trial-day-14_DCBWoWhsTpA.en.vtt,/Users/rajeshpmu/Desktop/LegalMemoCMT/data/processed/phase2/clancy/turn_clips/video/DCBWoWhsTpA/DCBWoWhsTpA_turn06504.mp4,/Users/rajeshpmu/Desktop/LegalMemoCMT/data/processed/phase2/clancy/turn_clips/audio/DCBWoWhsTpA/DCBWoWhsTpA_turn06504.wav,DCBWoWhsTpA,group_by_youtube_id,dev,neutral,text_keyword_heuristic,LOW,YES,comparable Phase 1 and audio categorical outputs agree or audio class is not comparable,YES,Of of course it was a very challenging time as a healthcare provider.,Of of course it was a very challenging time as a healthcare provider.,01:42:30.978,01:42:36.381,5.403,5.403,marker,MEDIUM,1,5,"DCBWoWhsTpA_utt04657#p02,DCBWoWhsTpA_utt04658#p01,DCBWoWhsTpA_utt04659#p01,DCBWoWhsTpA_utt04660#p01,DCBWoWhsTpA_utt04661#p01","DCBWoWhsTpA_utt04657,DCBWoWhsTpA_utt04658,DCBWoWhsTpA_utt04659,DCBWoWhsTpA_utt04660,DCBWoWhsTpA_utt04661",5,/Users/rajeshpmu/Desktop/LegalMemoCMT/data/phase2/clancy/corpus/raw/live-lindsay-clancy-trial-day-14/live-lindsay-clancy-trial-day-14_DCBWoWhsTpA.mp4,/Users/rajeshpmu/Desktop/LegalMemoCMT/data/phase2/clancy/corpus/raw/live-lindsay-clancy-trial-day-14/live-lindsay-clancy-trial-day-14_DCBWoWhsTpA.wav,/Users/rajeshpmu/Desktop/LegalMemoCMT/data/processed/phase2/clancy/turn_clips/video/DCBWoWhsTpA/DCBWoWhsTpA_turn06504.mp4,/Users/rajeshpmu/Desktop/LegalMemoCMT/data/processed/phase2/clancy/turn_clips/audio/DCBWoWhsTpA/DCBWoWhsTpA_turn06504.wav,6150.978,6156.381,5.403,created,01:42:30.978,01:42:36.381,0.0,default_zero,SPEAKER_01,2.42,pyannote/speaker-diarization-3.1,Witness,manual_verified_diarization,HIGH,YES,SPEAKING,Witness,YES,Witness 19 identified by manual audio/video review,INCLUDE,,YES,speaker_role=Witness,split_dev;usable,"usable because speaker_role=Witness, witness_speaking_status=SPEAKING, clip_status=created, duration=5.403s, and source is not excluded",YES,0.6,HIGH,manual_clip_review,HUMAN_VERIFIED,/Users/rajeshpmu/Desktop/LegalMemoCMT/data/processed/phase2/clancy/turn_clips/video/DCBWoWhsTpA/DCBWoWhsTpA_turn06504.mp4,/Users/rajeshpmu/Desktop/LegalMemoCMT/data/processed/phase2/clancy/vit_facecrop_embeddings/DCBWoWhsTpA/DCBWoWhsTpA_turn06504.npy,created,fear,0.953815,0.250178,"{""anger"": 0.00332, ""disgust"": 0.001122, ""fear"": 0.953815, ""joy"": 0.003083, ""neutral"": 0.021926, ""sadness"": 0.013316, ""surprise"": 0.003418}",/Users/rajeshpmu/Desktop/LegalMemoCMT/results/facial_cues/meld_vit_facecrop_gated_video_aux/fold_4/best_model.pt,phase1_meld_checkpoint_pseudo_label,"audio,text,video","audio,text,video","{""audio_dim"": 128, ""audio_model_name"": ""facebook/hubert-base-ls960"", ""dropout"": 0.1, ""encoder_mode"": ""paper"", ""freeze_audio_backbone"": false, ""freeze_text_backbone"": false, ""fusion_dim"": 256, ""fusion_mode"": ""gated"", ""fusion_pooling"": ""min"", ""max_audio_len"": 256, ""max_text_len"": 128, ""max_video_len"": 32, ""num_classes"": 7, ""num_heads"": 4, ""num_layers"": 2, ""text_dim"": 256, ""text_model_name"": ""bert-base-uncased"", ""use_video"": true, ""video_dim"": 768, ""vocab_size"": 30000}",/Users/rajeshpmu/Desktop/LegalMemoCMT/data/processed/phase2/clancy/turn_clips/audio/DCBWoWhsTpA/DCBWoWhsTpA_turn06504.wav,OK,,0.548177,0.255834,0.255834,0.349417,3loi/SER-Odyssey-Baseline-WavLM-Multi-Attributes,OK,hap,1.0,speechbrain/emotion-recognition-wav2vec2-IEMOCAP,OK,NO,UNCLEAR,no explicit emotion-target evidence,HIGH,LOW,HIGH,KEEP_PHASE1_CANDIDATE,fear,joy,fear,0.953815,fear,0.953815,comparable Phase 1 and audio categorical outputs agree or audio class is not comparable,YES,UNKNOWN,,phase1_vs_comparable_audio_disagreement;low_or_moderate_audio_arousal
DCBWoWhsTpA_turn06519,DCBWoWhsTpA_turn06519,DCBWoWhsTpA,https://www.youtube.com/live/DCBWoWhsTpA,LIVE: Lindsay Clancy trial Day 14,full_trial_stream,5,/Users/rajeshpmu/Desktop/LegalMemoCMT/data/phase2/clancy/corpus/raw/live-lindsay-clancy-trial-day-14/live-lindsay-clancy-trial-day-14_DCBWoWhsTpA.en.vtt,/Users/rajeshpmu/Desktop/LegalMemoCMT/data/processed/phase2/clancy/turn_clips/video/DCBWoWhsTpA/DCBWoWhsTpA_turn06519.mp4,/Users/rajeshpmu/Desktop/LegalMemoCMT/data/processed/phase2/clancy/turn_clips/audio/DCBWoWhsTpA/DCBWoWhsTpA_turn06519.wav,DCBWoWhsTpA,group_by_youtube_id,dev,neutral,text_keyword_heuristic,LOW,NO,"audio and courtroom-affect evidence support neutral, but emotion target is unresolved",YES,Limited training. Yes.,Limited training. Yes.,01:43:57.084,01:43:58.543,1.459,1.459,marker,MEDIUM,1,3,"DCBWoWhsTpA_utt04737#p02,DCBWoWhsTpA_utt04738#p01,DCBWoWhsTpA_utt04739#p01","DCBWoWhsTpA_utt04737,DCBWoWhsTpA_utt04738,DCBWoWhsTpA_utt04739",3,/Users/rajeshpmu/Desktop/LegalMemoCMT/data/phase2/clancy/corpus/raw/live-lindsay-clancy-trial-day-14/live-lindsay-clancy-trial-day-14_DCBWoWhsTpA.mp4,/Users/rajeshpmu/Desktop/LegalMemoCMT/data/phase2/clancy/corpus/raw/live-lindsay-clancy-trial-day-14/live-lindsay-clancy-trial-day-14_DCBWoWhsTpA.wav,/Users/rajeshpmu/Desktop/LegalMemoCMT/data/processed/phase2/clancy/turn_clips/video/DCBWoWhsTpA/DCBWoWhsTpA_turn06519.mp4,/Users/rajeshpmu/Desktop/LegalMemoCMT/data/processed/phase2/clancy/turn_clips/audio/DCBWoWhsTpA/DCBWoWhsTpA_turn06519.wav,6237.084,6238.543,1.459,created,01:43:57.084,01:43:58.543,0.0,default_zero,SPEAKER_01,0.689,pyannote/speaker-diarization-3.1,Witness,manual_verified_diarization,HIGH,YES,SPEAKING,Witness,YES,Witness 19 identified by manual audio/video review,INCLUDE,,YES,speaker_role=Witness,split_dev;usable,"usable because speaker_role=Witness, witness_speaking_status=SPEAKING, clip_status=created, duration=1.459s, and source is not excluded",YES,0.6,HIGH,manual_clip_review,HUMAN_VERIFIED,/Users/rajeshpmu/Desktop/LegalMemoCMT/data/processed/phase2/clancy/turn_clips/video/DCBWoWhsTpA/DCBWoWhsTpA_turn06519.mp4,/Users/rajeshpmu/Desktop/LegalMemoCMT/data/processed/phase2/clancy/vit_facecrop_embeddings/DCBWoWhsTpA/DCBWoWhsTpA_turn06519.npy,created,neutral,0.94585,0.296451,"{""anger"": 0.014019, ""disgust"": 0.001615, ""fear"": 0.013169, ""joy"": 0.010459, ""neutral"": 0.94585, ""sadness"": 0.012687, ""surprise"": 0.002201}",/Users/rajeshpmu/Desktop/LegalMemoCMT/results/facial_cues/meld_vit_facecrop_gated_video_aux/fold_4/best_model.pt,phase1_meld_checkpoint_pseudo_label,"audio,text,video","audio,text,video","{""audio_dim"": 128, ""audio_model_name"": ""facebook/hubert-base-ls960"", ""dropout"": 0.1, ""encoder_mode"": ""paper"", ""freeze_audio_backbone"": false, ""freeze_text_backbone"": false, ""fusion_dim"": 256, ""fusion_mode"": ""gated"", ""fusion_pooling"": ""min"", ""max_audio_len"": 256, ""max_text_len"": 128, ""max_video_len"": 32, ""num_classes"": 7, ""num_heads"": 4, ""num_layers"": 2, ""text_dim"": 256, ""text_model_name"": ""bert-base-uncased"", ""use_video"": true, ""video_dim"": 768, ""vocab_size"": 30000}",/Users/rajeshpmu/Desktop/LegalMemoCMT/data/processed/phase2/clancy/turn_clips/audio/DCBWoWhsTpA/DCBWoWhsTpA_turn06519.wav,OK,,0.469493,0.430692,0.430692,0.442164,3loi/SER-Odyssey-Baseline-WavLM-Multi-Attributes,OK,neu,0.999999,speechbrain/emotion-recognition-wav2vec2-IEMOCAP,OK,NO,UNCLEAR,no explicit emotion-target evidence,LOW,LOW,LOW,NEUTRAL_CANDIDATE,neutral,neutral,neutral,0.580000,neutral,0.580000,"audio and courtroom-affect evidence support neutral, but emotion target is unresolved",NO,CALM_COMPOSED,1,low_or_moderate_audio_arousal;speechbrain_neutral
DCBWoWhsTpA_turn06530,DCBWoWhsTpA_turn06530,DCBWoWhsTpA,https://www.youtube.com/live/DCBWoWhsTpA,LIVE: Lindsay Clancy trial Day 14,full_trial_stream,5,/Users/rajeshpmu/Desktop/LegalMemoCMT/data/phase2/clancy/corpus/raw/live-lindsay-clancy-trial-day-14/live-lindsay-clancy-trial-day-14_DCBWoWhsTpA.en.vtt,/Users/rajeshpmu/Desktop/LegalMemoCMT/data/processed/phase2/clancy/turn_clips/video/DCBWoWhsTpA/DCBWoWhsTpA_turn06530.mp4,/Users/rajeshpmu/Desktop/LegalMemoCMT/data/processed/phase2/clancy/turn_clips/audio/DCBWoWhsTpA/DCBWoWhsTpA_turn06530.wav,DCBWoWhsTpA,group_by_youtube_id,dev,neutral,text_keyword_heuristic,LOW,YES,comparable Phase 1 and audio categorical outputs agree or audio class is not comparable,YES,All set.,All set.,01:45:39.955,01:45:41.475,1.52,1.52,marker,MEDIUM,1,3,"DCBWoWhsTpA_utt04823#p02,DCBWoWhsTpA_utt04824#p01,DCBWoWhsTpA_utt04825#p01","DCBWoWhsTpA_utt04823,DCBWoWhsTpA_utt04824,DCBWoWhsTpA_utt04825",3,/Users/rajeshpmu/Desktop/LegalMemoCMT/data/phase2/clancy/corpus/raw/live-lindsay-clancy-trial-day-14/live-lindsay-clancy-trial-day-14_DCBWoWhsTpA.mp4,/Users/rajeshpmu/Desktop/LegalMemoCMT/data/phase2/clancy/corpus/raw/live-lindsay-clancy-trial-day-14/live-lindsay-clancy-trial-day-14_DCBWoWhsTpA.wav,/Users/rajeshpmu/Desktop/LegalMemoCMT/data/processed/phase2/clancy/turn_clips/video/DCBWoWhsTpA/DCBWoWhsTpA_turn06530.mp4,/Users/rajeshpmu/Desktop/LegalMemoCMT/data/processed/phase2/clancy/turn_clips/audio/DCBWoWhsTpA/DCBWoWhsTpA_turn06530.wav,6339.955,6341.475,1.52,created,01:45:39.955,01:45:41.475,0.0,default_zero,SPEAKER_01,0.472,pyannote/speaker-diarization-3.1,Witness,manual_verified_diarization,HIGH,YES,SPEAKING,Witness,YES,Witness 19 identified by manual audio/video review,INCLUDE,,YES,speaker_role=Witness,split_dev;usable,"usable because speaker_role=Witness, witness_speaking_status=SPEAKING, clip_status=created, duration=1.520s, and source is not excluded",YES,0.6,HIGH,manual_clip_review,HUMAN_VERIFIED,/Users/rajeshpmu/Desktop/LegalMemoCMT/data/processed/phase2/clancy/turn_clips/video/DCBWoWhsTpA/DCBWoWhsTpA_turn06530.mp4,/Users/rajeshpmu/Desktop/LegalMemoCMT/data/processed/phase2/clancy/vit_facecrop_embeddings/DCBWoWhsTpA/DCBWoWhsTpA_turn06530.npy,created,neutral,0.906644,0.427972,"{""anger"": 0.051732, ""disgust"": 0.001714, ""fear"": 0.005383, ""joy"": 0.018333, ""neutral"": 0.906644, ""sadness"": 0.013803, ""surprise"": 0.002391}",/Users/rajeshpmu/Desktop/LegalMemoCMT/results/facial_cues/meld_vit_facecrop_gated_video_aux/fold_4/best_model.pt,phase1_meld_checkpoint_pseudo_label,"audio,text,video","audio,text,video","{""audio_dim"": 128, ""audio_model_name"": ""facebook/hubert-base-ls960"", ""dropout"": 0.1, ""encoder_mode"": ""paper"", ""freeze_audio_backbone"": false, ""freeze_text_backbone"": false, ""fusion_dim"": 256, ""fusion_mode"": ""gated"", ""fusion_pooling"": ""min"", ""max_audio_len"": 256, ""max_text_len"": 128, ""max_video_len"": 32, ""num_classes"": 7, ""num_heads"": 4, ""num_layers"": 2, ""text_dim"": 256, ""text_model_name"": ""bert-base-uncased"", ""use_video"": true, ""video_dim"": 768, ""vocab_size"": 30000}",/Users/rajeshpmu/Desktop/LegalMemoCMT/data/processed/phase2/clancy/turn_clips/audio/DCBWoWhsTpA/DCBWoWhsTpA_turn06530.wav,OK,,0.527381,0.39239,0.39239,0.403357,3loi/SER-Odyssey-Baseline-WavLM-Multi-Attributes,OK,ang,0.935279,speechbrain/emotion-recognition-wav2vec2-IEMOCAP,OK,NO,UNCLEAR,no explicit emotion-target evidence,HIGH,LOW,HIGH,KEEP_PHASE1_CANDIDATE,neutral,anger,neutral,0.906644,neutral,0.906644,comparable Phase 1 and audio categorical outputs agree or audio class is not comparable,YES,UNKNOWN,,phase1_vs_comparable_audio_disagreement;low_or_moderate_audio_arousal
DCBWoWhsTpA_turn06538,DCBWoWhsTpA_turn06538,DCBWoWhsTpA,https://www.youtube.com/live/DCBWoWhsTpA,LIVE: Lindsay Clancy trial Day 14,full_trial_stream,5,/Users/rajeshpmu/Desktop/LegalMemoCMT/data/phase2/clancy/corpus/raw/live-lindsay-clancy-trial-day-14/live-lindsay-clancy-trial-day-14_DCBWoWhsTpA.en.vtt,/Users/rajeshpmu/Desktop/LegalMemoCMT/data/processed/phase2/clancy/turn_clips/video/DCBWoWhsTpA/DCBWoWhsTpA_turn06538.mp4,/Users/rajeshpmu/Desktop/LegalMemoCMT/data/processed/phase2/clancy/turn_clips/audio/DCBWoWhsTpA/DCBWoWhsTpA_turn06538.wav,DCBWoWhsTpA,group_by_youtube_id,dev,neutral,text_keyword_heuristic,LOW,NO,"audio and courtroom-affect evidence support neutral, but emotion target is unresolved",YES,It's Allison Oza. A L L I S O N. Last name is O Z G A.,It's Allison Oza. A L L I S O N. Last name is O Z G A.,01:47:09.026,01:47:16.482,7.456,7.456,marker,MEDIUM,1,5,"DCBWoWhsTpA_utt04855#p02,DCBWoWhsTpA_utt04856#p01,DCBWoWhsTpA_utt04857#p01,DCBWoWhsTpA_utt04858#p01,DCBWoWhsTpA_utt04859#p01","DCBWoWhsTpA_utt04855,DCBWoWhsTpA_utt04856,DCBWoWhsTpA_utt04857,DCBWoWhsTpA_utt04858,DCBWoWhsTpA_utt04859",5,/Users/rajeshpmu/Desktop/LegalMemoCMT/data/phase2/clancy/corpus/raw/live-lindsay-clancy-trial-day-14/live-lindsay-clancy-trial-day-14_DCBWoWhsTpA.mp4,/Users/rajeshpmu/Desktop/LegalMemoCMT/data/phase2/clancy/corpus/raw/live-lindsay-clancy-trial-day-14/live-lindsay-clancy-trial-day-14_DCBWoWhsTpA.wav,/Users/rajeshpmu/Desktop/LegalMemoCMT/data/processed/phase2/clancy/turn_clips/video/DCBWoWhsTpA/DCBWoWhsTpA_turn06538.mp4,/Users/rajeshpmu/Desktop/LegalMemoCMT/data/processed/phase2/clancy/turn_clips/audio/DCBWoWhsTpA/DCBWoWhsTpA_turn06538.wav,6429.026,6436.482,7.456,created,01:47:09.026,01:47:16.482,0.0,default_zero,SPEAKER_07,5.071,pyannote/speaker-diarization-3.1,Witness,manual_verified_diarization,HIGH,YES,SPEAKING,Witness,YES,Witness 18 identified by manual audio/video review,INCLUDE,,YES,speaker_role=Witness,split_dev;usable,"usable because speaker_role=Witness, witness_speaking_status=SPEAKING, clip_status=created, duration=7.456s, and source is not excluded",YES,0.6,HIGH,manual_clip_review,HUMAN_VERIFIED,/Users/rajeshpmu/Desktop/LegalMemoCMT/data/processed/phase2/clancy/turn_clips/video/DCBWoWhsTpA/DCBWoWhsTpA_turn06538.mp4,/Users/rajeshpmu/Desktop/LegalMemoCMT/data/processed/phase2/clancy/vit_facecrop_embeddings/DCBWoWhsTpA/DCBWoWhsTpA_turn06538.npy,created,neutral,0.939933,0.314815,"{""anger"": 0.027728, ""disgust"": 0.001893, ""fear"": 0.006853, ""joy"": 0.01236, ""neutral"": 0.939933, ""sadness"": 0.008319, ""surprise"": 0.002915}",/Users/rajeshpmu/Desktop/LegalMemoCMT/results/facial_cues/meld_vit_facecrop_gated_video_aux/fold_4/best_model.pt,phase1_meld_checkpoint_pseudo_label,"audio,text,video","audio,text,video","{""audio_dim"": 128, ""audio_model_name"": ""facebook/hubert-base-ls960"", ""dropout"": 0.1, ""encoder_mode"": ""paper"", ""freeze_audio_backbone"": false, ""freeze_text_backbone"": false, ""fusion_dim"": 256, ""fusion_mode"": ""gated"", ""fusion_pooling"": ""min"", ""max_audio_len"": 256, ""max_text_len"": 128, ""max_video_len"": 32, ""num_classes"": 7, ""num_heads"": 4, ""num_layers"": 2, ""text_dim"": 256, ""text_model_name"": ""bert-base-uncased"", ""use_video"": true, ""video_dim"": 768, ""vocab_size"": 30000}",/Users/rajeshpmu/Desktop/LegalMemoCMT/data/processed/phase2/clancy/turn_clips/audio/DCBWoWhsTpA/DCBWoWhsTpA_turn06538.wav,OK,,0.486059,0.3189,0.3189,0.418523,3loi/SER-Odyssey-Baseline-WavLM-Multi-Attributes,OK,neu,1.0,speechbrain/emotion-recognition-wav2vec2-IEMOCAP,OK,NO,UNCLEAR,no explicit emotion-target evidence,LOW,LOW,LOW,NEUTRAL_CANDIDATE,neutral,neutral,neutral,0.580000,neutral,0.580000,"audio and courtroom-affect evidence support neutral, but emotion target is unresolved",NO,CALM_COMPOSED,1,low_or_moderate_audio_arousal;speechbrain_neutral
DCBWoWhsTpA_turn06541,DCBWoWhsTpA_turn06541,DCBWoWhsTpA,https://www.youtube.com/live/DCBWoWhsTpA,LIVE: Lindsay Clancy trial Day 14,full_trial_stream,5,/Users/rajeshpmu/Desktop/LegalMemoCMT/data/phase2/clancy/corpus/raw/live-lindsay-clancy-trial-day-14/live-lindsay-clancy-trial-day-14_DCBWoWhsTpA.en.vtt,/Users/rajeshpmu/Desktop/LegalMemoCMT/data/processed/phase2/clancy/turn_clips/video/DCBWoWhsTpA/DCBWoWhsTpA_turn06541.mp4,/Users/rajeshpmu/Desktop/LegalMemoCMT/data/processed/phase2/clancy/turn_clips/audio/DCBWoWhsTpA/DCBWoWhsTpA_turn06541.wav,DCBWoWhsTpA,group_by_youtube_id,dev,neutral,text_keyword_heuristic,LOW,NO,"audio and courtroom-affect evidence support neutral, but emotion target is unresolved",YES,How you know?,How you know?,01:47:18.891,01:47:19.961,1.07,1.07,marker,MEDIUM,1,3,"DCBWoWhsTpA_utt04865#p02,DCBWoWhsTpA_utt04866#p01,DCBWoWhsTpA_utt04867#p01","DCBWoWhsTpA_utt04865,DCBWoWhsTpA_utt04866,DCBWoWhsTpA_utt04867",3,/Users/rajeshpmu/Desktop/LegalMemoCMT/data/phase2/clancy/corpus/raw/live-lindsay-clancy-trial-day-14/live-lindsay-clancy-trial-day-14_DCBWoWhsTpA.mp4,/Users/rajeshpmu/Desktop/LegalMemoCMT/data/phase2/clancy/corpus/raw/live-lindsay-clancy-trial-day-14/live-lindsay-clancy-trial-day-14_DCBWoWhsTpA.wav,/Users/rajeshpmu/Desktop/LegalMemoCMT/data/processed/phase2/clancy/turn_clips/video/DCBWoWhsTpA/DCBWoWhsTpA_turn06541.mp4,/Users/rajeshpmu/Desktop/LegalMemoCMT/data/processed/phase2/clancy/turn_clips/audio/DCBWoWhsTpA/DCBWoWhsTpA_turn06541.wav,6438.891,6439.961,1.07,created,01:47:18.891,01:47:19.961,0.0,default_zero,SPEAKER_07,0.768,pyannote/speaker-diarization-3.1,Witness,manual_verified_diarization,HIGH,YES,SPEAKING,Witness,YES,Witness 18 identified by manual audio/video review,INCLUDE,,YES,speaker_role=Witness,split_dev;usable,"usable because speaker_role=Witness, witness_speaking_status=SPEAKING, clip_status=created, duration=1.070s, and source is not excluded",YES,0.6,HIGH,manual_clip_review,HUMAN_VERIFIED,/Users/rajeshpmu/Desktop/LegalMemoCMT/data/processed/phase2/clancy/turn_clips/video/DCBWoWhsTpA/DCBWoWhsTpA_turn06541.mp4,/Users/rajeshpmu/Desktop/LegalMemoCMT/data/processed/phase2/clancy/vit_facecrop_embeddings/DCBWoWhsTpA/DCBWoWhsTpA_turn06541.npy,created,neutral,0.727544,0.785292,"{""anger"": 0.020574, ""disgust"": 0.223021, ""fear"": 0.008456, ""joy"": 0.008517, ""neutral"": 0.727544, ""sadness"": 0.009687, ""surprise"": 0.0022}",/Users/rajeshpmu/Desktop/LegalMemoCMT/results/facial_cues/meld_vit_facecrop_gated_video_aux/fold_4/best_model.pt,phase1_meld_checkpoint_pseudo_label,"audio,text,video","audio,text,video","{""audio_dim"": 128, ""audio_model_name"": ""facebook/hubert-base-ls960"", ""dropout"": 0.1, ""encoder_mode"": ""paper"", ""freeze_audio_backbone"": false, ""freeze_text_backbone"": false, ""fusion_dim"": 256, ""fusion_mode"": ""gated"", ""fusion_pooling"": ""min"", ""max_audio_len"": 256, ""max_text_len"": 128, ""max_video_len"": 32, ""num_classes"": 7, ""num_heads"": 4, ""num_layers"": 2, ""text_dim"": 256, ""text_model_name"": ""bert-base-uncased"", ""use_video"": true, ""video_dim"": 768, ""vocab_size"": 30000}",/Users/rajeshpmu/Desktop/LegalMemoCMT/data/processed/phase2/clancy/turn_clips/audio/DCBWoWhsTpA/DCBWoWhsTpA_turn06541.wav,OK,,0.482085,0.33112,0.33112,0.383259,3loi/SER-Odyssey-Baseline-WavLM-Multi-Attributes,OK,neu,1.0,speechbrain/emotion-recognition-wav2vec2-IEMOCAP,OK,NO,UNCLEAR,no explicit emotion-target evidence,LOW,LOW,LOW,NEUTRAL_CANDIDATE,neutral,neutral,neutral,0.580000,neutral,0.580000,"audio and courtroom-affect evidence support neutral, but emotion target is unresolved",NO,CALM_COMPOSED,1,low_or_moderate_audio_arousal;speechbrain_neutral
DCBWoWhsTpA_turn06544,DCBWoWhsTpA_turn06544,DCBWoWhsTpA,https://www.youtube.com/live/DCBWoWhsTpA,LIVE: Lindsay Clancy trial Day 14,full_trial_stream,5,/Users/rajeshpmu/Desktop/LegalMemoCMT/data/phase2/clancy/corpus/raw/live-lindsay-clancy-trial-day-14/live-lindsay-clancy-trial-day-14_DCBWoWhsTpA.en.vtt,/Users/rajeshpmu/Desktop/LegalMemoCMT/data/processed/phase2/clancy/turn_clips/video/DCBWoWhsTpA/DCBWoWhsTpA_turn06544.mp4,/Users/rajeshpmu/Desktop/LegalMemoCMT/data/processed/phase2/clancy/turn_clips/audio/DCBWoWhsTpA/DCBWoWhsTpA_turn06544.wav,DCBWoWhsTpA,group_by_youtube_id,dev,neutral,text_keyword_heuristic,LOW,NO,"calm courtroom presentation with neutral acoustic evidence, low/moderate excitement, and non-self emotion target",YES,Uh we're very close. We have not lived in the same state for about 10 years now. Um but we do communicate and I do think we're very close.,Uh we're very close. We have not lived in the same state for about 10 years now. Um but we do communicate and I do think we're very close.,01:47:33.969,01:47:42.778,8.809,8.809,marker,MEDIUM,1,9,"DCBWoWhsTpA_utt04879#p02,DCBWoWhsTpA_utt04880#p01,DCBWoWhsTpA_utt04881#p01,DCBWoWhsTpA_utt04882#p01,DCBWoWhsTpA_utt04883#p01,DCBWoWhsTpA_utt04884#p01,DCBWoWhsTpA_utt04885#p01,DCBWoWhsTpA_utt04886#p01,DCBWoWhsTpA_utt04887#p01","DCBWoWhsTpA_utt04879,DCBWoWhsTpA_utt04880,DCBWoWhsTpA_utt04881,DCBWoWhsTpA_utt04882,DCBWoWhsTpA_utt04883,DCBWoWhsTpA_utt04884,DCBWoWhsTpA_utt04885,DCBWoWhsTpA_utt04886,DCBWoWhsTpA_utt04887",9,/Users/rajeshpmu/Desktop/LegalMemoCMT/data/phase2/clancy/corpus/raw/live-lindsay-clancy-trial-day-14/live-lindsay-clancy-trial-day-14_DCBWoWhsTpA.mp4,/Users/rajeshpmu/Desktop/LegalMemoCMT/data/phase2/clancy/corpus/raw/live-lindsay-clancy-trial-day-14/live-lindsay-clancy-trial-day-14_DCBWoWhsTpA.wav,/Users/rajeshpmu/Desktop/LegalMemoCMT/data/processed/phase2/clancy/turn_clips/video/DCBWoWhsTpA/DCBWoWhsTpA_turn06544.mp4,/Users/rajeshpmu/Desktop/LegalMemoCMT/data/processed/phase2/clancy/turn_clips/audio/DCBWoWhsTpA/DCBWoWhsTpA_turn06544.wav,6453.969,6462.778,8.809,created,01:47:33.969,01:47:42.778,0.0,default_zero,SPEAKER_07,7.803,pyannote/speaker-diarization-3.1,Witness,manual_verified_diarization,HIGH,YES,SPEAKING,Witness,YES,Witness 18 identified by manual audio/video review,INCLUDE,,YES,speaker_role=Witness,split_dev;usable,"usable because speaker_role=Witness, witness_speaking_status=SPEAKING, clip_status=created, duration=8.809s, and source is not excluded",YES,0.6,HIGH,manual_clip_review,HUMAN_VERIFIED,/Users/rajeshpmu/Desktop/LegalMemoCMT/data/processed/phase2/clancy/turn_clips/video/DCBWoWhsTpA/DCBWoWhsTpA_turn06544.mp4,/Users/rajeshpmu/Desktop/LegalMemoCMT/data/processed/phase2/clancy/vit_facecrop_embeddings/DCBWoWhsTpA/DCBWoWhsTpA_turn06544.npy,created,neutral,0.677027,1.110814,"{""anger"": 0.03942, ""disgust"": 0.008673, ""fear"": 0.122926, ""joy"": 0.024768, ""neutral"": 0.677027, ""sadness"": 0.099561, ""surprise"": 0.027625}",/Users/rajeshpmu/Desktop/LegalMemoCMT/results/facial_cues/meld_vit_facecrop_gated_video_aux/fold_4/best_model.pt,phase1_meld_checkpoint_pseudo_label,"audio,text,video","audio,text,video","{""audio_dim"": 128, ""audio_model_name"": ""facebook/hubert-base-ls960"", ""dropout"": 0.1, ""encoder_mode"": ""paper"", ""freeze_audio_backbone"": false, ""freeze_text_backbone"": false, ""fusion_dim"": 256, ""fusion_mode"": ""gated"", ""fusion_pooling"": ""min"", ""max_audio_len"": 256, ""max_text_len"": 128, ""max_video_len"": 32, ""num_classes"": 7, ""num_heads"": 4, ""num_layers"": 2, ""text_dim"": 256, ""text_model_name"": ""bert-base-uncased"", ""use_video"": true, ""video_dim"": 768, ""vocab_size"": 30000}",/Users/rajeshpmu/Desktop/LegalMemoCMT/data/processed/phase2/clancy/turn_clips/audio/DCBWoWhsTpA/DCBWoWhsTpA_turn06544.wav,OK,,0.4555,0.304494,0.304494,0.392188,3loi/SER-Odyssey-Baseline-WavLM-Multi-Attributes,OK,neu,1.0,speechbrain/emotion-recognition-wav2vec2-IEMOCAP,OK,NO,QUOTED_SPEECH,quote or reported speech marker,LOW,LOW,LOW,NEUTRAL_CANDIDATE,neutral,neutral,neutral,0.720000,neutral,0.720000,"calm courtroom presentation with neutral acoustic evidence, low/moderate excitement, and non-self emotion target",NO,CALM_COMPOSED,1,low_or_moderate_audio_arousal;speechbrain_neutral
DCBWoWhsTpA_turn06555,DCBWoWhsTpA_turn06555,DCBWoWhsTpA,https://www.youtube.com/live/DCBWoWhsTpA,LIVE: Lindsay Clancy trial Day 14,full_trial_stream,5,/Users/rajeshpmu/Desktop/LegalMemoCMT/data/phase2/clancy/corpus/raw/live-lindsay-clancy-trial-day-14/live-lindsay-clancy-trial-day-14_DCBWoWhsTpA.en.vtt,/Users/rajeshpmu/Desktop/LegalMemoCMT/data/processed/phase2/clancy/turn_clips/video/DCBWoWhsTpA/DCBWoWhsTpA_turn06555.mp4,/Users/rajeshpmu/Desktop/LegalMemoCMT/data/processed/phase2/clancy/turn_clips/audio/DCBWoWhsTpA/DCBWoWhsTpA_turn06555.wav,DCBWoWhsTpA,group_by_youtube_id,dev,neutral,text_keyword_heuristic,LOW,YES,"audio and courtroom-affect evidence support neutral, but emotion target is unresolved",YES,"Um the beginning of December, it seemed like she very much decompensated. Um I do remember her saying at one point at the beginning of December, um something along the lines of I'm in a really tough spot. Um, and knowing what she had shared with me previously about um, how her mental health had been struggling, um, I had this gut feeling that something was off and that she was really struggling and I asked her if she was safe.","Um the beginning of December, it seemed like she very much decompensated. Um I do remember her saying at one point at the beginning of December, um something along the lines of I'm in a really tough spot. Um, and knowing what she had shared with me previously about um, how her mental health had been struggling, um, I had this gut feeling that something was off and that she was really struggling and I asked her if she was safe.",01:49:12.383,01:49:37.890,25.507,25.507,marker,MEDIUM,1,27,"DCBWoWhsTpA_utt04965#p02,DCBWoWhsTpA_utt04966#p01,DCBWoWhsTpA_utt04967#p01,DCBWoWhsTpA_utt04968#p01,DCBWoWhsTpA_utt04969#p01,DCBWoWhsTpA_utt04970#p01,DCBWoWhsTpA_utt04971#p01,DCBWoWhsTpA_utt04972#p01,DCBWoWhsTpA_utt04973#p01,DCBWoWhsTpA_utt04974#p01,DCBWoWhsTpA_utt04975#p01,DCBWoWhsTpA_utt04976#p01,DCBWoWhsTpA_utt04977#p01,DCBWoWhsTpA_utt04978#p01,DCBWoWhsTpA_utt04979#p01,DCBWoWhsTpA_utt04980#p01,DCBWoWhsTpA_utt04981#p01,DCBWoWhsTpA_utt04982#p01,DCBWoWhsTpA_utt04983#p01,DCBWoWhsTpA_utt04984#p01,DCBWoWhsTpA_utt04985#p01,DCBWoWhsTpA_utt04986#p01,DCBWoWhsTpA_utt04987#p01,DCBWoWhsTpA_utt04988#p01,DCBWoWhsTpA_utt04989#p01,DCBWoWhsTpA_utt04990#p01,DCBWoWhsTpA_utt04991#p01","DCBWoWhsTpA_utt04965,DCBWoWhsTpA_utt04966,DCBWoWhsTpA_utt04967,DCBWoWhsTpA_utt04968,DCBWoWhsTpA_utt04969,DCBWoWhsTpA_utt04970,DCBWoWhsTpA_utt04971,DCBWoWhsTpA_utt04972,DCBWoWhsTpA_utt04973,DCBWoWhsTpA_utt04974,DCBWoWhsTpA_utt04975,DCBWoWhsTpA_utt04976,DCBWoWhsTpA_utt04977,DCBWoWhsTpA_utt04978,DCBWoWhsTpA_utt04979,DCBWoWhsTpA_utt04980,DCBWoWhsTpA_utt04981,DCBWoWhsTpA_utt04982,DCBWoWhsTpA_utt04983,DCBWoWhsTpA_utt04984,DCBWoWhsTpA_utt04985,DCBWoWhsTpA_utt04986,DCBWoWhsTpA_utt04987,DCBWoWhsTpA_utt04988,DCBWoWhsTpA_utt04989,DCBWoWhsTpA_utt04990,DCBWoWhsTpA_utt04991",27,/Users/rajeshpmu/Desktop/LegalMemoCMT/data/phase2/clancy/corpus/raw/live-lindsay-clancy-trial-day-14/live-lindsay-clancy-trial-day-14_DCBWoWhsTpA.mp4,/Users/rajeshpmu/Desktop/LegalMemoCMT/data/phase2/clancy/corpus/raw/live-lindsay-clancy-trial-day-14/live-lindsay-clancy-trial-day-14_DCBWoWhsTpA.wav,/Users/rajeshpmu/Desktop/LegalMemoCMT/data/processed/phase2/clancy/turn_clips/video/DCBWoWhsTpA/DCBWoWhsTpA_turn06555.mp4,/Users/rajeshpmu/Desktop/LegalMemoCMT/data/processed/phase2/clancy/turn_clips/audio/DCBWoWhsTpA/DCBWoWhsTpA_turn06555.wav,6552.383,6577.89,25.507,created,01:49:12.383,01:49:37.890,0.0,default_zero,SPEAKER_07,20.132,pyannote/speaker-diarization-3.1,Witness,manual_verified_diarization,HIGH,YES,SPEAKING,Witness,YES,Witness 18 identified by manual audio/video review,INCLUDE,,YES,speaker_role=Witness,split_dev;usable,"usable because speaker_role=Witness, witness_speaking_status=SPEAKING, clip_status=created, duration=25.507s, and source is not excluded",YES,0.6,HIGH,manual_clip_review,HUMAN_VERIFIED,/Users/rajeshpmu/Desktop/LegalMemoCMT/data/processed/phase2/clancy/turn_clips/video/DCBWoWhsTpA/DCBWoWhsTpA_turn06555.mp4,/Users/rajeshpmu/Desktop/LegalMemoCMT/data/processed/phase2/clancy/vit_facecrop_embeddings/DCBWoWhsTpA/DCBWoWhsTpA_turn06555.npy,created,sadness,0.693905,0.967012,"{""anger"": 0.014857, ""disgust"": 0.00655, ""fear"": 0.184901, ""joy"": 0.017332, ""neutral"": 0.072778, ""sadness"": 0.693905, ""surprise"": 0.009677}",/Users/rajeshpmu/Desktop/LegalMemoCMT/results/facial_cues/meld_vit_facecrop_gated_video_aux/fold_4/best_model.pt,phase1_meld_checkpoint_pseudo_label,"audio,text,video","audio,text,video","{""audio_dim"": 128, ""audio_model_name"": ""facebook/hubert-base-ls960"", ""dropout"": 0.1, ""encoder_mode"": ""paper"", ""freeze_audio_backbone"": false, ""freeze_text_backbone"": false, ""fusion_dim"": 256, ""fusion_mode"": ""gated"", ""fusion_pooling"": ""min"", ""max_audio_len"": 256, ""max_text_len"": 128, ""max_video_len"": 32, ""num_classes"": 7, ""num_heads"": 4, ""num_layers"": 2, ""text_dim"": 256, ""text_model_name"": ""bert-base-uncased"", ""use_video"": true, ""video_dim"": 768, ""vocab_size"": 30000}",/Users/rajeshpmu/Desktop/LegalMemoCMT/data/processed/phase2/clancy/turn_clips/audio/DCBWoWhsTpA/DCBWoWhsTpA_turn06555.wav,OK,,0.341072,0.410015,0.410015,0.490934,3loi/SER-Odyssey-Baseline-WavLM-Multi-Attributes,OK,neu,1.0,speechbrain/emotion-recognition-wav2vec2-IEMOCAP,OK,NO,UNCLEAR,no explicit emotion-target evidence,MEDIUM,LOW,MEDIUM,NEUTRAL_CANDIDATE,sadness,neutral,neutral,0.580000,neutral,0.580000,"audio and courtroom-affect evidence support neutral, but emotion target is unresolved",YES,CALM_COMPOSED,1,phase1_vs_comparable_audio_disagreement;low_or_moderate_audio_arousal;speechbrain_neutral
DCBWoWhsTpA_turn06565,DCBWoWhsTpA_turn06565,DCBWoWhsTpA,https://www.youtube.com/live/DCBWoWhsTpA,LIVE: Lindsay Clancy trial Day 14,full_trial_stream,5,/Users/rajeshpmu/Desktop/LegalMemoCMT/data/phase2/clancy/corpus/raw/live-lindsay-clancy-trial-day-14/live-lindsay-clancy-trial-day-14_DCBWoWhsTpA.en.vtt,/Users/rajeshpmu/Desktop/LegalMemoCMT/data/processed/phase2/clancy/turn_clips/video/DCBWoWhsTpA/DCBWoWhsTpA_turn06565.mp4,/Users/rajeshpmu/Desktop/LegalMemoCMT/data/processed/phase2/clancy/turn_clips/audio/DCBWoWhsTpA/DCBWoWhsTpA_turn06565.wav,DCBWoWhsTpA,group_by_youtube_id,dev,neutral,text_keyword_heuristic,LOW,NO,"calm courtroom presentation with neutral acoustic evidence, low/moderate excitement, and non-self emotion target",YES,Um based on communication with Lindsay and I started communicating with Pat directly at that time. Um she was reporting her mood was worsening um as she described as depression. um her she was having more suicidal thoughts. Um she was insomnia continued to be an issue. Um she was really not feeling like herself.,Um based on communication with Lindsay and I started communicating with Pat directly at that time. Um she was reporting her mood was worsening um as she described as depression. um her she was having more suicidal thoughts. Um she was insomnia continued to be an issue. Um she was really not feeling like herself.,01:50:09.043,01:50:32.621,23.578,23.578,marker,MEDIUM,1,19,"DCBWoWhsTpA_utt05025#p02,DCBWoWhsTpA_utt05026#p01,DCBWoWhsTpA_utt05027#p01,DCBWoWhsTpA_utt05028#p01,DCBWoWhsTpA_utt05029#p01,DCBWoWhsTpA_utt05030#p01,DCBWoWhsTpA_utt05031#p01,DCBWoWhsTpA_utt05032#p01,DCBWoWhsTpA_utt05033#p01,DCBWoWhsTpA_utt05034#p01,DCBWoWhsTpA_utt05035#p01,DCBWoWhsTpA_utt05036#p01,DCBWoWhsTpA_utt05037#p01,DCBWoWhsTpA_utt05038#p01,DCBWoWhsTpA_utt05039#p01,DCBWoWhsTpA_utt05040#p01,DCBWoWhsTpA_utt05041#p01,DCBWoWhsTpA_utt05042#p01,DCBWoWhsTpA_utt05043#p01","DCBWoWhsTpA_utt05025,DCBWoWhsTpA_utt05026,DCBWoWhsTpA_utt05027,DCBWoWhsTpA_utt05028,DCBWoWhsTpA_utt05029,DCBWoWhsTpA_utt05030,DCBWoWhsTpA_utt05031,DCBWoWhsTpA_utt05032,DCBWoWhsTpA_utt05033,DCBWoWhsTpA_utt05034,DCBWoWhsTpA_utt05035,DCBWoWhsTpA_utt05036,DCBWoWhsTpA_utt05037,DCBWoWhsTpA_utt05038,DCBWoWhsTpA_utt05039,DCBWoWhsTpA_utt05040,DCBWoWhsTpA_utt05041,DCBWoWhsTpA_utt05042,DCBWoWhsTpA_utt05043",19,/Users/rajeshpmu/Desktop/LegalMemoCMT/data/phase2/clancy/corpus/raw/live-lindsay-clancy-trial-day-14/live-lindsay-clancy-trial-day-14_DCBWoWhsTpA.mp4,/Users/rajeshpmu/Desktop/LegalMemoCMT/data/phase2/clancy/corpus/raw/live-lindsay-clancy-trial-day-14/live-lindsay-clancy-trial-day-14_DCBWoWhsTpA.wav,/Users/rajeshpmu/Desktop/LegalMemoCMT/data/processed/phase2/clancy/turn_clips/video/DCBWoWhsTpA/DCBWoWhsTpA_turn06565.mp4,/Users/rajeshpmu/Desktop/LegalMemoCMT/data/processed/phase2/clancy/turn_clips/audio/DCBWoWhsTpA/DCBWoWhsTpA_turn06565.wav,6609.043,6632.621,23.578,created,01:50:09.043,01:50:32.621,0.0,default_zero,SPEAKER_07,9.653,pyannote/speaker-diarization-3.1,Witness,manual_verified_diarization,HIGH,YES,SPEAKING,Witness,YES,Witness 18 identified by manual audio/video review,INCLUDE,,YES,speaker_role=Witness,split_dev;usable,"usable because speaker_role=Witness, witness_speaking_status=SPEAKING, clip_status=created, duration=23.578s, and source is not excluded",YES,0.6,HIGH,manual_clip_review,HUMAN_VERIFIED,/Users/rajeshpmu/Desktop/LegalMemoCMT/data/processed/phase2/clancy/turn_clips/video/DCBWoWhsTpA/DCBWoWhsTpA_turn06565.mp4,/Users/rajeshpmu/Desktop/LegalMemoCMT/data/processed/phase2/clancy/vit_facecrop_embeddings/DCBWoWhsTpA/DCBWoWhsTpA_turn06565.npy,created,neutral,0.391605,1.458963,"{""anger"": 0.021279, ""disgust"": 0.007232, ""fear"": 0.1319, ""joy"": 0.072183, ""neutral"": 0.391605, ""sadness"": 0.324635, ""surprise"": 0.051166}",/Users/rajeshpmu/Desktop/LegalMemoCMT/results/facial_cues/meld_vit_facecrop_gated_video_aux/fold_4/best_model.pt,phase1_meld_checkpoint_pseudo_label,"audio,text,video","audio,text,video","{""audio_dim"": 128, ""audio_model_name"": ""facebook/hubert-base-ls960"", ""dropout"": 0.1, ""encoder_mode"": ""paper"", ""freeze_audio_backbone"": false, ""freeze_text_backbone"": false, ""fusion_dim"": 256, ""fusion_mode"": ""gated"", ""fusion_pooling"": ""min"", ""max_audio_len"": 256, ""max_text_len"": 128, ""max_video_len"": 32, ""num_classes"": 7, ""num_heads"": 4, ""num_layers"": 2, ""text_dim"": 256, ""text_model_name"": ""bert-base-uncased"", ""use_video"": true, ""video_dim"": 768, ""vocab_size"": 30000}",/Users/rajeshpmu/Desktop/LegalMemoCMT/data/processed/phase2/clancy/turn_clips/audio/DCBWoWhsTpA/DCBWoWhsTpA_turn06565.wav,OK,,0.276857,0.320588,0.320588,0.412017,3loi/SER-Odyssey-Baseline-WavLM-Multi-Attributes,OK,neu,1.0,speechbrain/emotion-recognition-wav2vec2-IEMOCAP,OK,YES,OTHER_PERSON_DESCRIBED,emotion term occurs with other-person reference,LOW,HIGH,LOW,NEUTRAL_CANDIDATE,neutral,neutral,neutral,0.720000,neutral,0.720000,"calm courtroom presentation with neutral acoustic evidence, low/moderate excitement, and non-self emotion target",NO,CALM_COMPOSED,1,other_person_emotion_scope;low_or_moderate_audio_arousal;speechbrain_neutral
DCBWoWhsTpA_turn06568,DCBWoWhsTpA_turn06568,DCBWoWhsTpA,https://www.youtube.com/live/DCBWoWhsTpA,LIVE: Lindsay Clancy trial Day 14,full_trial_stream,5,/Users/rajeshpmu/Desktop/LegalMemoCMT/data/phase2/clancy/corpus/raw/live-lindsay-clancy-trial-day-14/live-lindsay-clancy-trial-day-14_DCBWoWhsTpA.en.vtt,/Users/rajeshpmu/Desktop/LegalMemoCMT/data/processed/phase2/clancy/turn_clips/video/DCBWoWhsTpA/DCBWoWhsTpA_turn06568.mp4,/Users/rajeshpmu/Desktop/LegalMemoCMT/data/processed/phase2/clancy/turn_clips/audio/DCBWoWhsTpA/DCBWoWhsTpA_turn06568.wav,DCBWoWhsTpA,group_by_youtube_id,dev,neutral,text_keyword_heuristic,LOW,YES,"calm courtroom presentation with neutral acoustic evidence, low/moderate excitement, and non-self emotion target",YES,"And and what did she tell you about seeing the doctors and if she was on any medication and if so what effect did they have on her? So, the first thing she said about the doctors was back in October when she said that she saw a doctor for Zoloft and had a very awful uh reaction to that Zoloft.","And and what did she tell you about seeing the doctors and if she was on any medication and if so what effect did they have on her? So, the first thing she said about the doctors was back in October when she said that she saw a doctor for Zoloft and had a very awful uh reaction to that Zoloft.",01:50:41.492,01:50:58.915,17.423,17.423,marker,MEDIUM,1,17,"DCBWoWhsTpA_utt05053#p02,DCBWoWhsTpA_utt05054#p01,DCBWoWhsTpA_utt05055#p01,DCBWoWhsTpA_utt05056#p01,DCBWoWhsTpA_utt05057#p01,DCBWoWhsTpA_utt05058#p01,DCBWoWhsTpA_utt05059#p01,DCBWoWhsTpA_utt05060#p01,DCBWoWhsTpA_utt05061#p01,DCBWoWhsTpA_utt05062#p01,DCBWoWhsTpA_utt05063#p01,DCBWoWhsTpA_utt05064#p01,DCBWoWhsTpA_utt05065#p01,DCBWoWhsTpA_utt05066#p01,DCBWoWhsTpA_utt05067#p01,DCBWoWhsTpA_utt05068#p01,DCBWoWhsTpA_utt05069#p01","DCBWoWhsTpA_utt05053,DCBWoWhsTpA_utt05054,DCBWoWhsTpA_utt05055,DCBWoWhsTpA_utt05056,DCBWoWhsTpA_utt05057,DCBWoWhsTpA_utt05058,DCBWoWhsTpA_utt05059,DCBWoWhsTpA_utt05060,DCBWoWhsTpA_utt05061,DCBWoWhsTpA_utt05062,DCBWoWhsTpA_utt05063,DCBWoWhsTpA_utt05064,DCBWoWhsTpA_utt05065,DCBWoWhsTpA_utt05066,DCBWoWhsTpA_utt05067,DCBWoWhsTpA_utt05068,DCBWoWhsTpA_utt05069",17,/Users/rajeshpmu/Desktop/LegalMemoCMT/data/phase2/clancy/corpus/raw/live-lindsay-clancy-trial-day-14/live-lindsay-clancy-trial-day-14_DCBWoWhsTpA.mp4,/Users/rajeshpmu/Desktop/LegalMemoCMT/data/phase2/clancy/corpus/raw/live-lindsay-clancy-trial-day-14/live-lindsay-clancy-trial-day-14_DCBWoWhsTpA.wav,/Users/rajeshpmu/Desktop/LegalMemoCMT/data/processed/phase2/clancy/turn_clips/video/DCBWoWhsTpA/DCBWoWhsTpA_turn06568.mp4,/Users/rajeshpmu/Desktop/LegalMemoCMT/data/processed/phase2/clancy/turn_clips/audio/DCBWoWhsTpA/DCBWoWhsTpA_turn06568.wav,6641.492,6658.915,17.423,created,01:50:41.492,01:50:58.915,0.0,default_zero,SPEAKER_07,8.894,pyannote/speaker-diarization-3.1,Witness,manual_verified_diarization,HIGH,YES,SPEAKING,Witness,YES,Witness 18 identified by manual audio/video review,INCLUDE,,YES,speaker_role=Witness,split_dev;usable,"usable because speaker_role=Witness, witness_speaking_status=SPEAKING, clip_status=created, duration=17.423s, and source is not excluded",YES,0.6,HIGH,manual_clip_review,HUMAN_VERIFIED,/Users/rajeshpmu/Desktop/LegalMemoCMT/data/processed/phase2/clancy/turn_clips/video/DCBWoWhsTpA/DCBWoWhsTpA_turn06568.mp4,/Users/rajeshpmu/Desktop/LegalMemoCMT/data/processed/phase2/clancy/vit_facecrop_embeddings/DCBWoWhsTpA/DCBWoWhsTpA_turn06568.npy,created,surprise,0.361904,1.490553,"{""anger"": 0.02275, ""disgust"": 0.02746, ""fear"": 0.07427, ""joy"": 0.029673, ""neutral"": 0.346014, ""sadness"": 0.13793, ""surprise"": 0.361904}",/Users/rajeshpmu/Desktop/LegalMemoCMT/results/facial_cues/meld_vit_facecrop_gated_video_aux/fold_4/best_model.pt,phase1_meld_checkpoint_pseudo_label,"audio,text,video","audio,text,video","{""audio_dim"": 128, ""audio_model_name"": ""facebook/hubert-base-ls960"", ""dropout"": 0.1, ""encoder_mode"": ""paper"", ""freeze_audio_backbone"": false, ""freeze_text_backbone"": false, ""fusion_dim"": 256, ""fusion_mode"": ""gated"", ""fusion_pooling"": ""min"", ""max_audio_len"": 256, ""max_text_len"": 128, ""max_video_len"": 32, ""num_classes"": 7, ""num_heads"": 4, ""num_layers"": 2, ""text_dim"": 256, ""text_model_name"": ""bert-base-uncased"", ""use_video"": true, ""video_dim"": 768, ""vocab_size"": 30000}",/Users/rajeshpmu/Desktop/LegalMemoCMT/data/processed/phase2/clancy/turn_clips/audio/DCBWoWhsTpA/DCBWoWhsTpA_turn06568.wav,OK,,0.424901,0.406853,0.406853,0.476805,3loi/SER-Odyssey-Baseline-WavLM-Multi-Attributes,OK,neu,0.999992,speechbrain/emotion-recognition-wav2vec2-IEMOCAP,OK,NO,QUOTED_SPEECH,quote or reported speech marker,MEDIUM,LOW,MEDIUM,NEUTRAL_CANDIDATE,surprise,neutral,neutral,0.720000,neutral,0.720000,"calm courtroom presentation with neutral acoustic evidence, low/moderate excitement, and non-self emotion target",YES,CALM_COMPOSED,1,phase1_vs_comparable_audio_disagreement;low_or_moderate_audio_arousal;speechbrain_neutral
DCBWoWhsTpA_turn06569,DCBWoWhsTpA_turn06569,DCBWoWhsTpA,https://www.youtube.com/live/DCBWoWhsTpA,LIVE: Lindsay Clancy trial Day 14,full_trial_stream,5,/Users/rajeshpmu/Desktop/LegalMemoCMT/data/phase2/clancy/corpus/raw/live-lindsay-clancy-trial-day-14/live-lindsay-clancy-trial-day-14_DCBWoWhsTpA.en.vtt,/Users/rajeshpmu/Desktop/LegalMemoCMT/data/processed/phase2/clancy/turn_clips/video/DCBWoWhsTpA/DCBWoWhsTpA_turn06569.mp4,/Users/rajeshpmu/Desktop/LegalMemoCMT/data/processed/phase2/clancy/turn_clips/audio/DCBWoWhsTpA/DCBWoWhsTpA_turn06569.wav,DCBWoWhsTpA,group_by_youtube_id,dev,neutral,text_keyword_heuristic,LOW,NO,"audio and courtroom-affect evidence support neutral, but emotion target is unresolved",YES,Would that be Dr. Tus?,Would that be Dr. Tus?,01:50:58.915,01:51:00.842,1.927,1.927,marker,MEDIUM,1,3,"DCBWoWhsTpA_utt05069#p02,DCBWoWhsTpA_utt05070#p01,DCBWoWhsTpA_utt05071#p01","DCBWoWhsTpA_utt05069,DCBWoWhsTpA_utt05070,DCBWoWhsTpA_utt05071",3,/Users/rajeshpmu/Desktop/LegalMemoCMT/data/phase2/clancy/corpus/raw/live-lindsay-clancy-trial-day-14/live-lindsay-clancy-trial-day-14_DCBWoWhsTpA.mp4,/Users/rajeshpmu/Desktop/LegalMemoCMT/data/phase2/clancy/corpus/raw/live-lindsay-clancy-trial-day-14/live-lindsay-clancy-trial-day-14_DCBWoWhsTpA.wav,/Users/rajeshpmu/Desktop/LegalMemoCMT/data/processed/phase2/clancy/turn_clips/video/DCBWoWhsTpA/DCBWoWhsTpA_turn06569.mp4,/Users/rajeshpmu/Desktop/LegalMemoCMT/data/processed/phase2/clancy/turn_clips/audio/DCBWoWhsTpA/DCBWoWhsTpA_turn06569.wav,6658.915,6660.842,1.927,created,01:50:58.915,01:51:00.842,0.0,default_zero,SPEAKER_07,0.856,pyannote/speaker-diarization-3.1,Witness,manual_verified_diarization,HIGH,YES,SPEAKING,Witness,YES,Witness 18 identified by manual audio/video review,INCLUDE,,YES,speaker_role=Witness,split_dev;usable,"usable because speaker_role=Witness, witness_speaking_status=SPEAKING, clip_status=created, duration=1.927s, and source is not excluded",YES,0.6,HIGH,manual_clip_review,HUMAN_VERIFIED,/Users/rajeshpmu/Desktop/LegalMemoCMT/data/processed/phase2/clancy/turn_clips/video/DCBWoWhsTpA/DCBWoWhsTpA_turn06569.mp4,/Users/rajeshpmu/Desktop/LegalMemoCMT/data/processed/phase2/clancy/vit_facecrop_embeddings/DCBWoWhsTpA/DCBWoWhsTpA_turn06569.npy,created,neutral,0.972583,0.16703,"{""anger"": 0.012235, ""disgust"": 0.002665, ""fear"": 0.003139, ""joy"": 0.005654, ""neutral"": 0.972583, ""sadness"": 0.002754, ""surprise"": 0.00097}",/Users/rajeshpmu/Desktop/LegalMemoCMT/results/facial_cues/meld_vit_facecrop_gated_video_aux/fold_4/best_model.pt,phase1_meld_checkpoint_pseudo_label,"audio,text,video","audio,text,video","{""audio_dim"": 128, ""audio_model_name"": ""facebook/hubert-base-ls960"", ""dropout"": 0.1, ""encoder_mode"": ""paper"", ""freeze_audio_backbone"": false, ""freeze_text_backbone"": false, ""fusion_dim"": 256, ""fusion_mode"": ""gated"", ""fusion_pooling"": ""min"", ""max_audio_len"": 256, ""max_text_len"": 128, ""max_video_len"": 32, ""num_classes"": 7, ""num_heads"": 4, ""num_layers"": 2, ""text_dim"": 256, ""text_model_name"": ""bert-base-uncased"", ""use_video"": true, ""video_dim"": 768, ""vocab_size"": 30000}",/Users/rajeshpmu/Desktop/LegalMemoCMT/data/processed/phase2/clancy/turn_clips/audio/DCBWoWhsTpA/DCBWoWhsTpA_turn06569.wav,OK,,0.408208,0.40585,0.40585,0.416376,3loi/SER-Odyssey-Baseline-WavLM-Multi-Attributes,OK,neu,1.0,speechbrain/emotion-recognition-wav2vec2-IEMOCAP,OK,NO,UNCLEAR,no explicit emotion-target evidence,LOW,LOW,LOW,NEUTRAL_CANDIDATE,neutral,neutral,neutral,0.580000,neutral,0.580000,"audio and courtroom-affect evidence support neutral, but emotion target is unresolved",NO,CALM_COMPOSED,1,low_or_moderate_audio_arousal;speechbrain_neutral
DCBWoWhsTpA_turn06570,DCBWoWhsTpA_turn06570,DCBWoWhsTpA,https://www.youtube.com/live/DCBWoWhsTpA,LIVE: Lindsay Clancy trial Day 14,full_trial_stream,5,/Users/rajeshpmu/Desktop/LegalMemoCMT/data/phase2/clancy/corpus/raw/live-lindsay-clancy-trial-day-14/live-lindsay-clancy-trial-day-14_DCBWoWhsTpA.en.vtt,/Users/rajeshpmu/Desktop/LegalMemoCMT/data/processed/phase2/clancy/turn_clips/video/DCBWoWhsTpA/DCBWoWhsTpA_turn06570.mp4,/Users/rajeshpmu/Desktop/LegalMemoCMT/data/processed/phase2/clancy/turn_clips/audio/DCBWoWhsTpA/DCBWoWhsTpA_turn06570.wav,DCBWoWhsTpA,group_by_youtube_id,dev,neutral,text_keyword_heuristic,LOW,YES,comparable Phase 1 and audio categorical outputs agree or audio class is not comparable,YES,"Um, [snorts] I don't believe she shared that specific with me.","Um, [snorts] I don't believe she shared that specific with me.",01:51:00.842,01:51:03.954,3.112,3.112,marker,MEDIUM,1,5,"DCBWoWhsTpA_utt05071#p02,DCBWoWhsTpA_utt05072#p01,DCBWoWhsTpA_utt05073#p01,DCBWoWhsTpA_utt05074#p01,DCBWoWhsTpA_utt05075#p01","DCBWoWhsTpA_utt05071,DCBWoWhsTpA_utt05072,DCBWoWhsTpA_utt05073,DCBWoWhsTpA_utt05074,DCBWoWhsTpA_utt05075",5,/Users/rajeshpmu/Desktop/LegalMemoCMT/data/phase2/clancy/corpus/raw/live-lindsay-clancy-trial-day-14/live-lindsay-clancy-trial-day-14_DCBWoWhsTpA.mp4,/Users/rajeshpmu/Desktop/LegalMemoCMT/data/phase2/clancy/corpus/raw/live-lindsay-clancy-trial-day-14/live-lindsay-clancy-trial-day-14_DCBWoWhsTpA.wav,/Users/rajeshpmu/Desktop/LegalMemoCMT/data/processed/phase2/clancy/turn_clips/video/DCBWoWhsTpA/DCBWoWhsTpA_turn06570.mp4,/Users/rajeshpmu/Desktop/LegalMemoCMT/data/processed/phase2/clancy/turn_clips/audio/DCBWoWhsTpA/DCBWoWhsTpA_turn06570.wav,6660.842,6663.954,3.112,created,01:51:00.842,01:51:03.954,0.0,default_zero,SPEAKER_07,3.112,pyannote/speaker-diarization-3.1,Witness,manual_verified_diarization,HIGH,YES,SPEAKING,Witness,YES,Witness 18 identified by manual audio/video review,INCLUDE,,YES,speaker_role=Witness,split_dev;usable,"usable because speaker_role=Witness, witness_speaking_status=SPEAKING, clip_status=created, duration=3.112s, and source is not excluded",YES,0.6,HIGH,manual_clip_review,HUMAN_VERIFIED,/Users/rajeshpmu/Desktop/LegalMemoCMT/data/processed/phase2/clancy/turn_clips/video/DCBWoWhsTpA/DCBWoWhsTpA_turn06570.mp4,/Users/rajeshpmu/Desktop/LegalMemoCMT/data/processed/phase2/clancy/vit_facecrop_embeddings/DCBWoWhsTpA/DCBWoWhsTpA_turn06570.npy,created,disgust,0.472638,1.276982,"{""anger"": 0.013748, ""disgust"": 0.472638, ""fear"": 0.015749, ""joy"": 0.115096, ""neutral"": 0.046108, ""sadness"": 0.008938, ""surprise"": 0.327724}",/Users/rajeshpmu/Desktop/LegalMemoCMT/results/facial_cues/meld_vit_facecrop_gated_video_aux/fold_4/best_model.pt,phase1_meld_checkpoint_pseudo_label,"audio,text,video","audio,text,video","{""audio_dim"": 128, ""audio_model_name"": ""facebook/hubert-base-ls960"", ""dropout"": 0.1, ""encoder_mode"": ""paper"", ""freeze_audio_backbone"": false, ""freeze_text_backbone"": false, ""fusion_dim"": 256, ""fusion_mode"": ""gated"", ""fusion_pooling"": ""min"", ""max_audio_len"": 256, ""max_text_len"": 128, ""max_video_len"": 32, ""num_classes"": 7, ""num_heads"": 4, ""num_layers"": 2, ""text_dim"": 256, ""text_model_name"": ""bert-base-uncased"", ""use_video"": true, ""video_dim"": 768, ""vocab_size"": 30000}",/Users/rajeshpmu/Desktop/LegalMemoCMT/data/processed/phase2/clancy/turn_clips/audio/DCBWoWhsTpA/DCBWoWhsTpA_turn06570.wav,OK,,0.373194,0.494551,0.494551,0.520224,3loi/SER-Odyssey-Baseline-WavLM-Multi-Attributes,OK,neu,1.0,speechbrain/emotion-recognition-wav2vec2-IEMOCAP,OK,NO,UNCLEAR,no explicit emotion-target evidence,MEDIUM,LOW,MEDIUM,KEEP_PHASE1_CANDIDATE,disgust,neutral,disgust,0.472638,disgust,0.472638,comparable Phase 1 and audio categorical outputs agree or audio class is not comparable,YES,UNKNOWN,,phase1_vs_comparable_audio_disagreement;speechbrain_neutral
DCBWoWhsTpA_turn06571,DCBWoWhsTpA_turn06571,DCBWoWhsTpA,https://www.youtube.com/live/DCBWoWhsTpA,LIVE: Lindsay Clancy trial Day 14,full_trial_stream,5,/Users/rajeshpmu/Desktop/LegalMemoCMT/data/phase2/clancy/corpus/raw/live-lindsay-clancy-trial-day-14/live-lindsay-clancy-trial-day-14_DCBWoWhsTpA.en.vtt,/Users/rajeshpmu/Desktop/LegalMemoCMT/data/processed/phase2/clancy/turn_clips/video/DCBWoWhsTpA/DCBWoWhsTpA_turn06571.mp4,/Users/rajeshpmu/Desktop/LegalMemoCMT/data/processed/phase2/clancy/turn_clips/audio/DCBWoWhsTpA/DCBWoWhsTpA_turn06571.wav,DCBWoWhsTpA,group_by_youtube_id,dev,neutral,text_keyword_heuristic,LOW,YES,comparable Phase 1 and audio categorical outputs agree or audio class is not comparable,YES,Share the name. Okay.,Share the name. Okay.,01:51:03.954,01:51:05.698,1.744,1.744,marker,MEDIUM,1,3,"DCBWoWhsTpA_utt05075#p02,DCBWoWhsTpA_utt05076#p01,DCBWoWhsTpA_utt05077#p01","DCBWoWhsTpA_utt05075,DCBWoWhsTpA_utt05076,DCBWoWhsTpA_utt05077",3,/Users/rajeshpmu/Desktop/LegalMemoCMT/data/phase2/clancy/corpus/raw/live-lindsay-clancy-trial-day-14/live-lindsay-clancy-trial-day-14_DCBWoWhsTpA.mp4,/Users/rajeshpmu/Desktop/LegalMemoCMT/data/phase2/clancy/corpus/raw/live-lindsay-clancy-trial-day-14/live-lindsay-clancy-trial-day-14_DCBWoWhsTpA.wav,/Users/rajeshpmu/Desktop/LegalMemoCMT/data/processed/phase2/clancy/turn_clips/video/DCBWoWhsTpA/DCBWoWhsTpA_turn06571.mp4,/Users/rajeshpmu/Desktop/LegalMemoCMT/data/processed/phase2/clancy/turn_clips/audio/DCBWoWhsTpA/DCBWoWhsTpA_turn06571.wav,6663.954,6665.698,1.744,created,01:51:03.954,01:51:05.698,0.0,default_zero,SPEAKER_07,0.895,pyannote/speaker-diarization-3.1,Witness,manual_verified_diarization,HIGH,YES,SPEAKING,Witness,YES,Witness 18 identified by manual audio/video review,INCLUDE,,YES,speaker_role=Witness,split_dev;usable,"usable because speaker_role=Witness, witness_speaking_status=SPEAKING, clip_status=created, duration=1.744s, and source is not excluded",YES,0.6,HIGH,manual_clip_review,HUMAN_VERIFIED,/Users/rajeshpmu/Desktop/LegalMemoCMT/data/processed/phase2/clancy/turn_clips/video/DCBWoWhsTpA/DCBWoWhsTpA_turn06571.mp4,/Users/rajeshpmu/Desktop/LegalMemoCMT/data/processed/phase2/clancy/vit_facecrop_embeddings/DCBWoWhsTpA/DCBWoWhsTpA_turn06571.npy,created,neutral,0.961846,0.220789,"{""anger"": 0.011535, ""disgust"": 0.00076, ""fear"": 0.006239, ""joy"": 0.012459, ""neutral"": 0.961846, ""sadness"": 0.004425, ""surprise"": 0.002735}",/Users/rajeshpmu/Desktop/LegalMemoCMT/results/facial_cues/meld_vit_facecrop_gated_video_aux/fold_4/best_model.pt,phase1_meld_checkpoint_pseudo_label,"audio,text,video","audio,text,video","{""audio_dim"": 128, ""audio_model_name"": ""facebook/hubert-base-ls960"", ""dropout"": 0.1, ""encoder_mode"": ""paper"", ""freeze_audio_backbone"": false, ""freeze_text_backbone"": false, ""fusion_dim"": 256, ""fusion_mode"": ""gated"", ""fusion_pooling"": ""min"", ""max_audio_len"": 256, ""max_text_len"": 128, ""max_video_len"": 32, ""num_classes"": 7, ""num_heads"": 4, ""num_layers"": 2, ""text_dim"": 256, ""text_model_name"": ""bert-base-uncased"", ""use_video"": true, ""video_dim"": 768, ""vocab_size"": 30000}",/Users/rajeshpmu/Desktop/LegalMemoCMT/data/processed/phase2/clancy/turn_clips/audio/DCBWoWhsTpA/DCBWoWhsTpA_turn06571.wav,OK,,0.425081,0.404514,0.404514,0.414605,3loi/SER-Odyssey-Baseline-WavLM-Multi-Attributes,OK,hap,0.999992,speechbrain/emotion-recognition-wav2vec2-IEMOCAP,OK,NO,UNCLEAR,no explicit emotion-target evidence,HIGH,LOW,HIGH,KEEP_PHASE1_CANDIDATE,neutral,joy,neutral,0.961846,neutral,0.961846,comparable Phase 1 and audio categorical outputs agree or audio class is not comparable,YES,UNKNOWN,,phase1_vs_comparable_audio_disagreement;low_or_moderate_audio_arousal
DCBWoWhsTpA_turn06575,DCBWoWhsTpA_turn06575,DCBWoWhsTpA,https://www.youtube.com/live/DCBWoWhsTpA,LIVE: Lindsay Clancy trial Day 14,full_trial_stream,5,/Users/rajeshpmu/Desktop/LegalMemoCMT/data/phase2/clancy/corpus/raw/live-lindsay-clancy-trial-day-14/live-lindsay-clancy-trial-day-14_DCBWoWhsTpA.en.vtt,/Users/rajeshpmu/Desktop/LegalMemoCMT/data/processed/phase2/clancy/turn_clips/video/DCBWoWhsTpA/DCBWoWhsTpA_turn06575.mp4,/Users/rajeshpmu/Desktop/LegalMemoCMT/data/processed/phase2/clancy/turn_clips/audio/DCBWoWhsTpA/DCBWoWhsTpA_turn06575.wav,DCBWoWhsTpA,group_by_youtube_id,dev,neutral,text_keyword_heuristic,LOW,YES,"calm courtroom presentation with neutral acoustic evidence, low/moderate excitement, and non-self emotion target",YES,"Um at the end of December, so I think it was more along the same of you know that she is really not feeling well, her mood is down. Um, she's feeling numb. She's feeling hopeless. Um, I believe the very end of the month she told me she had had suicidal ideation every day for a month.","Um at the end of December, so I think it was more along the same of you know that she is really not feeling well, her mood is down. Um, she's feeling numb. She's feeling hopeless. Um, I believe the very end of the month she told me she had had suicidal ideation every day for a month.",01:51:39.345,01:51:56.656,17.311,17.311,marker,MEDIUM,1,15,"DCBWoWhsTpA_utt05113#p02,DCBWoWhsTpA_utt05114#p01,DCBWoWhsTpA_utt05115#p01,DCBWoWhsTpA_utt05116#p01,DCBWoWhsTpA_utt05117#p01,DCBWoWhsTpA_utt05118#p01,DCBWoWhsTpA_utt05119#p01,DCBWoWhsTpA_utt05120#p01,DCBWoWhsTpA_utt05121#p01,DCBWoWhsTpA_utt05122#p01,DCBWoWhsTpA_utt05123#p01,DCBWoWhsTpA_utt05124#p01,DCBWoWhsTpA_utt05125#p01,DCBWoWhsTpA_utt05126#p01,DCBWoWhsTpA_utt05127#p01","DCBWoWhsTpA_utt05113,DCBWoWhsTpA_utt05114,DCBWoWhsTpA_utt05115,DCBWoWhsTpA_utt05116,DCBWoWhsTpA_utt05117,DCBWoWhsTpA_utt05118,DCBWoWhsTpA_utt05119,DCBWoWhsTpA_utt05120,DCBWoWhsTpA_utt05121,DCBWoWhsTpA_utt05122,DCBWoWhsTpA_utt05123,DCBWoWhsTpA_utt05124,DCBWoWhsTpA_utt05125,DCBWoWhsTpA_utt05126,DCBWoWhsTpA_utt05127",15,/Users/rajeshpmu/Desktop/LegalMemoCMT/data/phase2/clancy/corpus/raw/live-lindsay-clancy-trial-day-14/live-lindsay-clancy-trial-day-14_DCBWoWhsTpA.mp4,/Users/rajeshpmu/Desktop/LegalMemoCMT/data/phase2/clancy/corpus/raw/live-lindsay-clancy-trial-day-14/live-lindsay-clancy-trial-day-14_DCBWoWhsTpA.wav,/Users/rajeshpmu/Desktop/LegalMemoCMT/data/processed/phase2/clancy/turn_clips/video/DCBWoWhsTpA/DCBWoWhsTpA_turn06575.mp4,/Users/rajeshpmu/Desktop/LegalMemoCMT/data/processed/phase2/clancy/turn_clips/audio/DCBWoWhsTpA/DCBWoWhsTpA_turn06575.wav,6699.345,6716.656,17.311,created,01:51:39.345,01:51:56.656,0.0,default_zero,SPEAKER_07,10.445,pyannote/speaker-diarization-3.1,Witness,manual_verified_diarization,HIGH,YES,SPEAKING,Witness,YES,Witness 18 identified by manual audio/video review,INCLUDE,,YES,speaker_role=Witness,split_dev;usable,"usable because speaker_role=Witness, witness_speaking_status=SPEAKING, clip_status=created, duration=17.311s, and source is not excluded",YES,0.6,HIGH,manual_clip_review,HUMAN_VERIFIED,/Users/rajeshpmu/Desktop/LegalMemoCMT/data/processed/phase2/clancy/turn_clips/video/DCBWoWhsTpA/DCBWoWhsTpA_turn06575.mp4,/Users/rajeshpmu/Desktop/LegalMemoCMT/data/processed/phase2/clancy/vit_facecrop_embeddings/DCBWoWhsTpA/DCBWoWhsTpA_turn06575.npy,created,fear,0.704363,1.034482,"{""anger"": 0.005115, ""disgust"": 0.00591, ""fear"": 0.704363, ""joy"": 0.039849, ""neutral"": 0.075112, ""sadness"": 0.115175, ""surprise"": 0.054475}",/Users/rajeshpmu/Desktop/LegalMemoCMT/results/facial_cues/meld_vit_facecrop_gated_video_aux/fold_4/best_model.pt,phase1_meld_checkpoint_pseudo_label,"audio,text,video","audio,text,video","{""audio_dim"": 128, ""audio_model_name"": ""facebook/hubert-base-ls960"", ""dropout"": 0.1, ""encoder_mode"": ""paper"", ""freeze_audio_backbone"": false, ""freeze_text_backbone"": false, ""fusion_dim"": 256, ""fusion_mode"": ""gated"", ""fusion_pooling"": ""min"", ""max_audio_len"": 256, ""max_text_len"": 128, ""max_video_len"": 32, ""num_classes"": 7, ""num_heads"": 4, ""num_layers"": 2, ""text_dim"": 256, ""text_model_name"": ""bert-base-uncased"", ""use_video"": true, ""video_dim"": 768, ""vocab_size"": 30000}",/Users/rajeshpmu/Desktop/LegalMemoCMT/data/processed/phase2/clancy/turn_clips/audio/DCBWoWhsTpA/DCBWoWhsTpA_turn06575.wav,OK,,0.270048,0.37817,0.37817,0.468293,3loi/SER-Odyssey-Baseline-WavLM-Multi-Attributes,OK,neu,1.0,speechbrain/emotion-recognition-wav2vec2-IEMOCAP,OK,YES,OTHER_PERSON_DESCRIBED,emotion term occurs with other-person reference,HIGH,HIGH,HIGH,NEUTRAL_CANDIDATE,fear,neutral,neutral,0.720000,neutral,0.720000,"calm courtroom presentation with neutral acoustic evidence, low/moderate excitement, and non-self emotion target",YES,CALM_COMPOSED,1,phase1_vs_comparable_audio_disagreement;other_person_emotion_scope;low_or_moderate_audio_arousal;speechbrain_neutral
DCBWoWhsTpA_turn06578,DCBWoWhsTpA_turn06578,DCBWoWhsTpA,https://www.youtube.com/live/DCBWoWhsTpA,LIVE: Lindsay Clancy trial Day 14,full_trial_stream,5,/Users/rajeshpmu/Desktop/LegalMemoCMT/data/phase2/clancy/corpus/raw/live-lindsay-clancy-trial-day-14/live-lindsay-clancy-trial-day-14_DCBWoWhsTpA.en.vtt,/Users/rajeshpmu/Desktop/LegalMemoCMT/data/processed/phase2/clancy/turn_clips/video/DCBWoWhsTpA/DCBWoWhsTpA_turn06578.mp4,/Users/rajeshpmu/Desktop/LegalMemoCMT/data/processed/phase2/clancy/turn_clips/audio/DCBWoWhsTpA/DCBWoWhsTpA_turn06578.wav,DCBWoWhsTpA,group_by_youtube_id,dev,neutral,text_keyword_heuristic,LOW,NO,"audio and courtroom-affect evidence support neutral, but emotion target is unresolved",YES,Do you know where she admitted herself?,Do you know where she admitted herself?,01:52:02.699,01:52:06.241,3.542,3.542,marker,MEDIUM,1,3,"DCBWoWhsTpA_utt05135#p02,DCBWoWhsTpA_utt05136#p01,DCBWoWhsTpA_utt05137#p01","DCBWoWhsTpA_utt05135,DCBWoWhsTpA_utt05136,DCBWoWhsTpA_utt05137",3,/Users/rajeshpmu/Desktop/LegalMemoCMT/data/phase2/clancy/corpus/raw/live-lindsay-clancy-trial-day-14/live-lindsay-clancy-trial-day-14_DCBWoWhsTpA.mp4,/Users/rajeshpmu/Desktop/LegalMemoCMT/data/phase2/clancy/corpus/raw/live-lindsay-clancy-trial-day-14/live-lindsay-clancy-trial-day-14_DCBWoWhsTpA.wav,/Users/rajeshpmu/Desktop/LegalMemoCMT/data/processed/phase2/clancy/turn_clips/video/DCBWoWhsTpA/DCBWoWhsTpA_turn06578.mp4,/Users/rajeshpmu/Desktop/LegalMemoCMT/data/processed/phase2/clancy/turn_clips/audio/DCBWoWhsTpA/DCBWoWhsTpA_turn06578.wav,6722.699,6726.241,3.542,created,01:52:02.699,01:52:06.241,0.0,default_zero,SPEAKER_07,1.455,pyannote/speaker-diarization-3.1,Witness,manual_verified_diarization,HIGH,YES,SPEAKING,Witness,YES,Witness 18 identified by manual audio/video review,INCLUDE,,YES,speaker_role=Witness,split_dev;usable,"usable because speaker_role=Witness, witness_speaking_status=SPEAKING, clip_status=created, duration=3.542s, and source is not excluded",YES,0.6,HIGH,manual_clip_review,HUMAN_VERIFIED,/Users/rajeshpmu/Desktop/LegalMemoCMT/data/processed/phase2/clancy/turn_clips/video/DCBWoWhsTpA/DCBWoWhsTpA_turn06578.mp4,/Users/rajeshpmu/Desktop/LegalMemoCMT/data/processed/phase2/clancy/vit_facecrop_embeddings/DCBWoWhsTpA/DCBWoWhsTpA_turn06578.npy,created,neutral,0.836017,0.696798,"{""anger"": 0.017156, ""disgust"": 0.078623, ""fear"": 0.017964, ""joy"": 0.019327, ""neutral"": 0.836017, ""sadness"": 0.015334, ""surprise"": 0.015578}",/Users/rajeshpmu/Desktop/LegalMemoCMT/results/facial_cues/meld_vit_facecrop_gated_video_aux/fold_4/best_model.pt,phase1_meld_checkpoint_pseudo_label,"audio,text,video","audio,text,video","{""audio_dim"": 128, ""audio_model_name"": ""facebook/hubert-base-ls960"", ""dropout"": 0.1, ""encoder_mode"": ""paper"", ""freeze_audio_backbone"": false, ""freeze_text_backbone"": false, ""fusion_dim"": 256, ""fusion_mode"": ""gated"", ""fusion_pooling"": ""min"", ""max_audio_len"": 256, ""max_text_len"": 128, ""max_video_len"": 32, ""num_classes"": 7, ""num_heads"": 4, ""num_layers"": 2, ""text_dim"": 256, ""text_model_name"": ""bert-base-uncased"", ""use_video"": true, ""video_dim"": 768, ""vocab_size"": 30000}",/Users/rajeshpmu/Desktop/LegalMemoCMT/data/processed/phase2/clancy/turn_clips/audio/DCBWoWhsTpA/DCBWoWhsTpA_turn06578.wav,OK,,0.36794,0.306928,0.306928,0.399658,3loi/SER-Odyssey-Baseline-WavLM-Multi-Attributes,OK,neu,1.0,speechbrain/emotion-recognition-wav2vec2-IEMOCAP,OK,NO,UNCLEAR,no explicit emotion-target evidence,LOW,LOW,LOW,NEUTRAL_CANDIDATE,neutral,neutral,neutral,0.580000,neutral,0.580000,"audio and courtroom-affect evidence support neutral, but emotion target is unresolved",NO,CALM_COMPOSED,1,low_or_moderate_audio_arousal;speechbrain_neutral
DCBWoWhsTpA_turn06580,DCBWoWhsTpA_turn06580,DCBWoWhsTpA,https://www.youtube.com/live/DCBWoWhsTpA,LIVE: Lindsay Clancy trial Day 14,full_trial_stream,5,/Users/rajeshpmu/Desktop/LegalMemoCMT/data/phase2/clancy/corpus/raw/live-lindsay-clancy-trial-day-14/live-lindsay-clancy-trial-day-14_DCBWoWhsTpA.en.vtt,/Users/rajeshpmu/Desktop/LegalMemoCMT/data/processed/phase2/clancy/turn_clips/video/DCBWoWhsTpA/DCBWoWhsTpA_turn06580.mp4,/Users/rajeshpmu/Desktop/LegalMemoCMT/data/processed/phase2/clancy/turn_clips/audio/DCBWoWhsTpA/DCBWoWhsTpA_turn06580.wav,DCBWoWhsTpA,group_by_youtube_id,dev,neutral,text_keyword_heuristic,LOW,YES,"audio and courtroom-affect evidence support neutral, but emotion target is unresolved",YES,"And while she was at MLAN hospital, um, ultimately do you know how she got out of MLAN hospital? Uh it was my understanding that she was weaning off of some medication that she was on um and then was eventually discharged 5 days later.","And while she was at MLAN hospital, um, ultimately do you know how she got out of MLAN hospital? Uh it was my understanding that she was weaning off of some medication that she was on um and then was eventually discharged 5 days later.",01:52:08.322,01:52:27.080,18.758,18.758,marker,MEDIUM,1,15,"DCBWoWhsTpA_utt05139#p02,DCBWoWhsTpA_utt05140#p01,DCBWoWhsTpA_utt05141#p01,DCBWoWhsTpA_utt05142#p01,DCBWoWhsTpA_utt05143#p01,DCBWoWhsTpA_utt05144#p01,DCBWoWhsTpA_utt05145#p01,DCBWoWhsTpA_utt05146#p01,DCBWoWhsTpA_utt05147#p01,DCBWoWhsTpA_utt05148#p01,DCBWoWhsTpA_utt05149#p01,DCBWoWhsTpA_utt05150#p01,DCBWoWhsTpA_utt05151#p01,DCBWoWhsTpA_utt05152#p01,DCBWoWhsTpA_utt05153#p01","DCBWoWhsTpA_utt05139,DCBWoWhsTpA_utt05140,DCBWoWhsTpA_utt05141,DCBWoWhsTpA_utt05142,DCBWoWhsTpA_utt05143,DCBWoWhsTpA_utt05144,DCBWoWhsTpA_utt05145,DCBWoWhsTpA_utt05146,DCBWoWhsTpA_utt05147,DCBWoWhsTpA_utt05148,DCBWoWhsTpA_utt05149,DCBWoWhsTpA_utt05150,DCBWoWhsTpA_utt05151,DCBWoWhsTpA_utt05152,DCBWoWhsTpA_utt05153",15,/Users/rajeshpmu/Desktop/LegalMemoCMT/data/phase2/clancy/corpus/raw/live-lindsay-clancy-trial-day-14/live-lindsay-clancy-trial-day-14_DCBWoWhsTpA.mp4,/Users/rajeshpmu/Desktop/LegalMemoCMT/data/phase2/clancy/corpus/raw/live-lindsay-clancy-trial-day-14/live-lindsay-clancy-trial-day-14_DCBWoWhsTpA.wav,/Users/rajeshpmu/Desktop/LegalMemoCMT/data/processed/phase2/clancy/turn_clips/video/DCBWoWhsTpA/DCBWoWhsTpA_turn06580.mp4,/Users/rajeshpmu/Desktop/LegalMemoCMT/data/processed/phase2/clancy/turn_clips/audio/DCBWoWhsTpA/DCBWoWhsTpA_turn06580.wav,6728.322,6747.08,18.758,created,01:52:08.322,01:52:27.080,0.0,default_zero,SPEAKER_07,10.817,pyannote/speaker-diarization-3.1,Witness,manual_verified_diarization,HIGH,YES,SPEAKING,Witness,YES,Witness 18 identified by manual audio/video review,INCLUDE,,YES,speaker_role=Witness,split_dev;usable,"usable because speaker_role=Witness, witness_speaking_status=SPEAKING, clip_status=created, duration=18.758s, and source is not excluded",YES,0.6,HIGH,manual_clip_review,HUMAN_VERIFIED,/Users/rajeshpmu/Desktop/LegalMemoCMT/data/processed/phase2/clancy/turn_clips/video/DCBWoWhsTpA/DCBWoWhsTpA_turn06580.mp4,/Users/rajeshpmu/Desktop/LegalMemoCMT/data/processed/phase2/clancy/vit_facecrop_embeddings/DCBWoWhsTpA/DCBWoWhsTpA_turn06580.npy,created,sadness,0.517706,1.28298,"{""anger"": 0.03948, ""disgust"": 0.018506, ""fear"": 0.044462, ""joy"": 0.042123, ""neutral"": 0.30728, ""sadness"": 0.517706, ""surprise"": 0.030443}",/Users/rajeshpmu/Desktop/LegalMemoCMT/results/facial_cues/meld_vit_facecrop_gated_video_aux/fold_4/best_model.pt,phase1_meld_checkpoint_pseudo_label,"audio,text,video","audio,text,video","{""audio_dim"": 128, ""audio_model_name"": ""facebook/hubert-base-ls960"", ""dropout"": 0.1, ""encoder_mode"": ""paper"", ""freeze_audio_backbone"": false, ""freeze_text_backbone"": false, ""fusion_dim"": 256, ""fusion_mode"": ""gated"", ""fusion_pooling"": ""min"", ""max_audio_len"": 256, ""max_text_len"": 128, ""max_video_len"": 32, ""num_classes"": 7, ""num_heads"": 4, ""num_layers"": 2, ""text_dim"": 256, ""text_model_name"": ""bert-base-uncased"", ""use_video"": true, ""video_dim"": 768, ""vocab_size"": 30000}",/Users/rajeshpmu/Desktop/LegalMemoCMT/data/processed/phase2/clancy/turn_clips/audio/DCBWoWhsTpA/DCBWoWhsTpA_turn06580.wav,OK,,0.381031,0.324351,0.324351,0.405571,3loi/SER-Odyssey-Baseline-WavLM-Multi-Attributes,OK,neu,1.0,speechbrain/emotion-recognition-wav2vec2-IEMOCAP,OK,NO,UNCLEAR,no explicit emotion-target evidence,MEDIUM,LOW,MEDIUM,NEUTRAL_CANDIDATE,sadness,neutral,neutral,0.580000,neutral,0.580000,"audio and courtroom-affect evidence support neutral, but emotion target is unresolved",YES,CALM_COMPOSED,1,phase1_vs_comparable_audio_disagreement;low_or_moderate_audio_arousal;speechbrain_neutral
DCBWoWhsTpA_turn06582,DCBWoWhsTpA_turn06582,DCBWoWhsTpA,https://www.youtube.com/live/DCBWoWhsTpA,LIVE: Lindsay Clancy trial Day 14,full_trial_stream,5,/Users/rajeshpmu/Desktop/LegalMemoCMT/data/phase2/clancy/corpus/raw/live-lindsay-clancy-trial-day-14/live-lindsay-clancy-trial-day-14_DCBWoWhsTpA.en.vtt,/Users/rajeshpmu/Desktop/LegalMemoCMT/data/processed/phase2/clancy/turn_clips/video/DCBWoWhsTpA/DCBWoWhsTpA_turn06582.mp4,/Users/rajeshpmu/Desktop/LegalMemoCMT/data/processed/phase2/clancy/turn_clips/audio/DCBWoWhsTpA/DCBWoWhsTpA_turn06582.wav,DCBWoWhsTpA,group_by_youtube_id,dev,neutral,text_keyword_heuristic,LOW,YES,comparable Phase 1 and audio categorical outputs agree or audio class is not comparable,YES,I believe it was cerakool.,I believe it was cerakool.,01:52:37.456,01:52:38.617,1.161,1.161,marker,MEDIUM,1,3,"DCBWoWhsTpA_utt05163#p02,DCBWoWhsTpA_utt05164#p01,DCBWoWhsTpA_utt05165#p01","DCBWoWhsTpA_utt05163,DCBWoWhsTpA_utt05164,DCBWoWhsTpA_utt05165",3,/Users/rajeshpmu/Desktop/LegalMemoCMT/data/phase2/clancy/corpus/raw/live-lindsay-clancy-trial-day-14/live-lindsay-clancy-trial-day-14_DCBWoWhsTpA.mp4,/Users/rajeshpmu/Desktop/LegalMemoCMT/data/phase2/clancy/corpus/raw/live-lindsay-clancy-trial-day-14/live-lindsay-clancy-trial-day-14_DCBWoWhsTpA.wav,/Users/rajeshpmu/Desktop/LegalMemoCMT/data/processed/phase2/clancy/turn_clips/video/DCBWoWhsTpA/DCBWoWhsTpA_turn06582.mp4,/Users/rajeshpmu/Desktop/LegalMemoCMT/data/processed/phase2/clancy/turn_clips/audio/DCBWoWhsTpA/DCBWoWhsTpA_turn06582.wav,6757.456,6758.617,1.161,created,01:52:37.456,01:52:38.617,0.0,default_zero,SPEAKER_07,0.759,pyannote/speaker-diarization-3.1,Witness,manual_verified_diarization,HIGH,YES,SPEAKING,Witness,YES,Witness 18 identified by manual audio/video review,INCLUDE,,YES,speaker_role=Witness,split_dev;usable,"usable because speaker_role=Witness, witness_speaking_status=SPEAKING, clip_status=created, duration=1.161s, and source is not excluded",YES,0.6,HIGH,manual_clip_review,HUMAN_VERIFIED,/Users/rajeshpmu/Desktop/LegalMemoCMT/data/processed/phase2/clancy/turn_clips/video/DCBWoWhsTpA/DCBWoWhsTpA_turn06582.mp4,/Users/rajeshpmu/Desktop/LegalMemoCMT/data/processed/phase2/clancy/vit_facecrop_embeddings/DCBWoWhsTpA/DCBWoWhsTpA_turn06582.npy,created,neutral,0.955953,0.254957,"{""anger"": 0.014395, ""disgust"": 0.004162, ""fear"": 0.00756, ""joy"": 0.008254, ""neutral"": 0.955953, ""sadness"": 0.004222, ""surprise"": 0.005454}",/Users/rajeshpmu/Desktop/LegalMemoCMT/results/facial_cues/meld_vit_facecrop_gated_video_aux/fold_4/best_model.pt,phase1_meld_checkpoint_pseudo_label,"audio,text,video","audio,text,video","{""audio_dim"": 128, ""audio_model_name"": ""facebook/hubert-base-ls960"", ""dropout"": 0.1, ""encoder_mode"": ""paper"", ""freeze_audio_backbone"": false, ""freeze_text_backbone"": false, ""fusion_dim"": 256, ""fusion_mode"": ""gated"", ""fusion_pooling"": ""min"", ""max_audio_len"": 256, ""max_text_len"": 128, ""max_video_len"": 32, ""num_classes"": 7, ""num_heads"": 4, ""num_layers"": 2, ""text_dim"": 256, ""text_model_name"": ""bert-base-uncased"", ""use_video"": true, ""video_dim"": 768, ""vocab_size"": 30000}",/Users/rajeshpmu/Desktop/LegalMemoCMT/data/processed/phase2/clancy/turn_clips/audio/DCBWoWhsTpA/DCBWoWhsTpA_turn06582.wav,OK,,0.452211,0.370396,0.370396,0.432631,3loi/SER-Odyssey-Baseline-WavLM-Multi-Attributes,OK,ang,0.878094,speechbrain/emotion-recognition-wav2vec2-IEMOCAP,OK,NO,UNCLEAR,no explicit emotion-target evidence,HIGH,LOW,HIGH,KEEP_PHASE1_CANDIDATE,neutral,anger,neutral,0.955953,neutral,0.955953,comparable Phase 1 and audio categorical outputs agree or audio class is not comparable,YES,UNKNOWN,,phase1_vs_comparable_audio_disagreement;low_or_moderate_audio_arousal
DCBWoWhsTpA_turn06588,DCBWoWhsTpA_turn06588,DCBWoWhsTpA,https://www.youtube.com/live/DCBWoWhsTpA,LIVE: Lindsay Clancy trial Day 14,full_trial_stream,5,/Users/rajeshpmu/Desktop/LegalMemoCMT/data/phase2/clancy/corpus/raw/live-lindsay-clancy-trial-day-14/live-lindsay-clancy-trial-day-14_DCBWoWhsTpA.en.vtt,/Users/rajeshpmu/Desktop/LegalMemoCMT/data/processed/phase2/clancy/turn_clips/video/DCBWoWhsTpA/DCBWoWhsTpA_turn06588.mp4,/Users/rajeshpmu/Desktop/LegalMemoCMT/data/processed/phase2/clancy/turn_clips/audio/DCBWoWhsTpA/DCBWoWhsTpA_turn06588.wav,DCBWoWhsTpA,group_by_youtube_id,dev,neutral,text_keyword_heuristic,LOW,NO,"calm courtroom presentation with neutral acoustic evidence, low/moderate excitement, and non-self emotion target",YES,Would she get out of MLAN? What did she appear to you and what did she say to you? She I believe she said she felt that that was a good plan and that she was starting to feel better.,Would she get out of MLAN? What did she appear to you and what did she say to you? She I believe she said she felt that that was a good plan and that she was starting to feel better.,01:53:04.497,01:53:17.843,13.346,13.346,marker,MEDIUM,1,13,"DCBWoWhsTpA_utt05195#p02,DCBWoWhsTpA_utt05196#p01,DCBWoWhsTpA_utt05197#p01,DCBWoWhsTpA_utt05198#p01,DCBWoWhsTpA_utt05199#p01,DCBWoWhsTpA_utt05200#p01,DCBWoWhsTpA_utt05201#p01,DCBWoWhsTpA_utt05202#p01,DCBWoWhsTpA_utt05203#p01,DCBWoWhsTpA_utt05204#p01,DCBWoWhsTpA_utt05205#p01,DCBWoWhsTpA_utt05206#p01,DCBWoWhsTpA_utt05207#p01","DCBWoWhsTpA_utt05195,DCBWoWhsTpA_utt05196,DCBWoWhsTpA_utt05197,DCBWoWhsTpA_utt05198,DCBWoWhsTpA_utt05199,DCBWoWhsTpA_utt05200,DCBWoWhsTpA_utt05201,DCBWoWhsTpA_utt05202,DCBWoWhsTpA_utt05203,DCBWoWhsTpA_utt05204,DCBWoWhsTpA_utt05205,DCBWoWhsTpA_utt05206,DCBWoWhsTpA_utt05207",13,/Users/rajeshpmu/Desktop/LegalMemoCMT/data/phase2/clancy/corpus/raw/live-lindsay-clancy-trial-day-14/live-lindsay-clancy-trial-day-14_DCBWoWhsTpA.mp4,/Users/rajeshpmu/Desktop/LegalMemoCMT/data/phase2/clancy/corpus/raw/live-lindsay-clancy-trial-day-14/live-lindsay-clancy-trial-day-14_DCBWoWhsTpA.wav,/Users/rajeshpmu/Desktop/LegalMemoCMT/data/processed/phase2/clancy/turn_clips/video/DCBWoWhsTpA/DCBWoWhsTpA_turn06588.mp4,/Users/rajeshpmu/Desktop/LegalMemoCMT/data/processed/phase2/clancy/turn_clips/audio/DCBWoWhsTpA/DCBWoWhsTpA_turn06588.wav,6784.497,6797.843,13.346,created,01:53:04.497,01:53:17.843,0.0,default_zero,SPEAKER_07,6.716,pyannote/speaker-diarization-3.1,Witness,manual_verified_diarization,HIGH,YES,SPEAKING,Witness,YES,Witness 18 identified by manual audio/video review,INCLUDE,,YES,speaker_role=Witness,split_dev;usable,"usable because speaker_role=Witness, witness_speaking_status=SPEAKING, clip_status=created, duration=13.346s, and source is not excluded",YES,0.6,HIGH,manual_clip_review,HUMAN_VERIFIED,/Users/rajeshpmu/Desktop/LegalMemoCMT/data/processed/phase2/clancy/turn_clips/video/DCBWoWhsTpA/DCBWoWhsTpA_turn06588.mp4,/Users/rajeshpmu/Desktop/LegalMemoCMT/data/processed/phase2/clancy/vit_facecrop_embeddings/DCBWoWhsTpA/DCBWoWhsTpA_turn06588.npy,created,neutral,0.573814,1.209078,"{""anger"": 0.02752, ""disgust"": 0.015457, ""fear"": 0.105072, ""joy"": 0.024599, ""neutral"": 0.573814, ""sadness"": 0.240554, ""surprise"": 0.012984}",/Users/rajeshpmu/Desktop/LegalMemoCMT/results/facial_cues/meld_vit_facecrop_gated_video_aux/fold_4/best_model.pt,phase1_meld_checkpoint_pseudo_label,"audio,text,video","audio,text,video","{""audio_dim"": 128, ""audio_model_name"": ""facebook/hubert-base-ls960"", ""dropout"": 0.1, ""encoder_mode"": ""paper"", ""freeze_audio_backbone"": false, ""freeze_text_backbone"": false, ""fusion_dim"": 256, ""fusion_mode"": ""gated"", ""fusion_pooling"": ""min"", ""max_audio_len"": 256, ""max_text_len"": 128, ""max_video_len"": 32, ""num_classes"": 7, ""num_heads"": 4, ""num_layers"": 2, ""text_dim"": 256, ""text_model_name"": ""bert-base-uncased"", ""use_video"": true, ""video_dim"": 768, ""vocab_size"": 30000}",/Users/rajeshpmu/Desktop/LegalMemoCMT/data/processed/phase2/clancy/turn_clips/audio/DCBWoWhsTpA/DCBWoWhsTpA_turn06588.wav,OK,,0.488772,0.347505,0.347505,0.448077,3loi/SER-Odyssey-Baseline-WavLM-Multi-Attributes,OK,neu,0.999836,speechbrain/emotion-recognition-wav2vec2-IEMOCAP,OK,YES,OTHER_PERSON_DESCRIBED,emotion term occurs with other-person reference,LOW,HIGH,LOW,NEUTRAL_CANDIDATE,neutral,neutral,neutral,0.720000,neutral,0.720000,"calm courtroom presentation with neutral acoustic evidence, low/moderate excitement, and non-self emotion target",NO,CALM_COMPOSED,1,other_person_emotion_scope;low_or_moderate_audio_arousal;speechbrain_neutral
DCBWoWhsTpA_turn06595,DCBWoWhsTpA_turn06595,DCBWoWhsTpA,https://www.youtube.com/live/DCBWoWhsTpA,LIVE: Lindsay Clancy trial Day 14,full_trial_stream,5,/Users/rajeshpmu/Desktop/LegalMemoCMT/data/phase2/clancy/corpus/raw/live-lindsay-clancy-trial-day-14/live-lindsay-clancy-trial-day-14_DCBWoWhsTpA.en.vtt,/Users/rajeshpmu/Desktop/LegalMemoCMT/data/processed/phase2/clancy/turn_clips/video/DCBWoWhsTpA/DCBWoWhsTpA_turn06595.mp4,/Users/rajeshpmu/Desktop/LegalMemoCMT/data/processed/phase2/clancy/turn_clips/audio/DCBWoWhsTpA/DCBWoWhsTpA_turn06595.wav,DCBWoWhsTpA,group_by_youtube_id,dev,neutral,text_keyword_heuristic,LOW,NO,"audio and courtroom-affect evidence support neutral, but emotion target is unresolved",YES,"Yes, I did have an occasion to see her in January.","Yes, I did have an occasion to see her in January.",01:53:49.312,01:53:52.713,3.401,3.401,marker,MEDIUM,1,8,"DCBWoWhsTpA_utt05239#p02,DCBWoWhsTpA_utt05240#p01,DCBWoWhsTpA_utt05241#p01,DCBWoWhsTpA_utt05241#p02,DCBWoWhsTpA_utt05242#p01,DCBWoWhsTpA_utt05243#p01,DCBWoWhsTpA_utt05244#p01,DCBWoWhsTpA_utt05245#p01","DCBWoWhsTpA_utt05239,DCBWoWhsTpA_utt05240,DCBWoWhsTpA_utt05241,DCBWoWhsTpA_utt05242,DCBWoWhsTpA_utt05243,DCBWoWhsTpA_utt05244,DCBWoWhsTpA_utt05245",7,/Users/rajeshpmu/Desktop/LegalMemoCMT/data/phase2/clancy/corpus/raw/live-lindsay-clancy-trial-day-14/live-lindsay-clancy-trial-day-14_DCBWoWhsTpA.mp4,/Users/rajeshpmu/Desktop/LegalMemoCMT/data/phase2/clancy/corpus/raw/live-lindsay-clancy-trial-day-14/live-lindsay-clancy-trial-day-14_DCBWoWhsTpA.wav,/Users/rajeshpmu/Desktop/LegalMemoCMT/data/processed/phase2/clancy/turn_clips/video/DCBWoWhsTpA/DCBWoWhsTpA_turn06595.mp4,/Users/rajeshpmu/Desktop/LegalMemoCMT/data/processed/phase2/clancy/turn_clips/audio/DCBWoWhsTpA/DCBWoWhsTpA_turn06595.wav,6829.312,6832.713,3.401,created,01:53:49.312,01:53:52.713,0.0,default_zero,SPEAKER_07,2.16,pyannote/speaker-diarization-3.1,Witness,manual_verified_diarization,HIGH,YES,SPEAKING,Witness,YES,Witness 18 identified by manual audio/video review,INCLUDE,,YES,speaker_role=Witness,split_dev;usable,"usable because speaker_role=Witness, witness_speaking_status=SPEAKING, clip_status=created, duration=3.401s, and source is not excluded",YES,0.6,HIGH,manual_clip_review,HUMAN_VERIFIED,/Users/rajeshpmu/Desktop/LegalMemoCMT/data/processed/phase2/clancy/turn_clips/video/DCBWoWhsTpA/DCBWoWhsTpA_turn06595.mp4,/Users/rajeshpmu/Desktop/LegalMemoCMT/data/processed/phase2/clancy/vit_facecrop_embeddings/DCBWoWhsTpA/DCBWoWhsTpA_turn06595.npy,created,neutral,0.936574,0.331992,"{""anger"": 0.014792, ""disgust"": 0.002505, ""fear"": 0.025727, ""joy"": 0.00996, ""neutral"": 0.936574, ""sadness"": 0.008082, ""surprise"": 0.00236}",/Users/rajeshpmu/Desktop/LegalMemoCMT/results/facial_cues/meld_vit_facecrop_gated_video_aux/fold_4/best_model.pt,phase1_meld_checkpoint_pseudo_label,"audio,text,video","audio,text,video","{""audio_dim"": 128, ""audio_model_name"": ""facebook/hubert-base-ls960"", ""dropout"": 0.1, ""encoder_mode"": ""paper"", ""freeze_audio_backbone"": false, ""freeze_text_backbone"": false, ""fusion_dim"": 256, ""fusion_mode"": ""gated"", ""fusion_pooling"": ""min"", ""max_audio_len"": 256, ""max_text_len"": 128, ""max_video_len"": 32, ""num_classes"": 7, ""num_heads"": 4, ""num_layers"": 2, ""text_dim"": 256, ""text_model_name"": ""bert-base-uncased"", ""use_video"": true, ""video_dim"": 768, ""vocab_size"": 30000}",/Users/rajeshpmu/Desktop/LegalMemoCMT/data/processed/phase2/clancy/turn_clips/audio/DCBWoWhsTpA/DCBWoWhsTpA_turn06595.wav,OK,,0.52452,0.40701,0.40701,0.477707,3loi/SER-Odyssey-Baseline-WavLM-Multi-Attributes,OK,neu,1.0,speechbrain/emotion-recognition-wav2vec2-IEMOCAP,OK,NO,UNCLEAR,no explicit emotion-target evidence,LOW,LOW,LOW,NEUTRAL_CANDIDATE,neutral,neutral,neutral,0.580000,neutral,0.580000,"audio and courtroom-affect evidence support neutral, but emotion target is unresolved",NO,CALM_COMPOSED,1,low_or_moderate_audio_arousal;speechbrain_neutral
DCBWoWhsTpA_turn06599,DCBWoWhsTpA_turn06599,DCBWoWhsTpA,https://www.youtube.com/live/DCBWoWhsTpA,LIVE: Lindsay Clancy trial Day 14,full_trial_stream,5,/Users/rajeshpmu/Desktop/LegalMemoCMT/data/phase2/clancy/corpus/raw/live-lindsay-clancy-trial-day-14/live-lindsay-clancy-trial-day-14_DCBWoWhsTpA.en.vtt,/Users/rajeshpmu/Desktop/LegalMemoCMT/data/processed/phase2/clancy/turn_clips/video/DCBWoWhsTpA/DCBWoWhsTpA_turn06599.mp4,/Users/rajeshpmu/Desktop/LegalMemoCMT/data/processed/phase2/clancy/turn_clips/audio/DCBWoWhsTpA/DCBWoWhsTpA_turn06599.wav,DCBWoWhsTpA,group_by_youtube_id,dev,neutral,text_keyword_heuristic,LOW,YES,"audio and courtroom-affect evidence support neutral, but emotion target is unresolved",YES,"How did she appear at that? I think she looked like she was going through the motions of putting together a birthday party for her daughter. Um, but she looked tired. She looked like she was still struggling.","How did she appear at that? I think she looked like she was going through the motions of putting together a birthday party for her daughter. Um, but she looked tired. She looked like she was still struggling.",01:53:58.810,01:54:15.210,16.4,16.4,marker,MEDIUM,1,11,"DCBWoWhsTpA_utt05253#p02,DCBWoWhsTpA_utt05256#p01,DCBWoWhsTpA_utt05257#p01,DCBWoWhsTpA_utt05258#p01,DCBWoWhsTpA_utt05259#p01,DCBWoWhsTpA_utt05260#p01,DCBWoWhsTpA_utt05261#p01,DCBWoWhsTpA_utt05262#p01,DCBWoWhsTpA_utt05263#p01,DCBWoWhsTpA_utt05264#p01,DCBWoWhsTpA_utt05265#p01","DCBWoWhsTpA_utt05253,DCBWoWhsTpA_utt05256,DCBWoWhsTpA_utt05257,DCBWoWhsTpA_utt05258,DCBWoWhsTpA_utt05259,DCBWoWhsTpA_utt05260,DCBWoWhsTpA_utt05261,DCBWoWhsTpA_utt05262,DCBWoWhsTpA_utt05263,DCBWoWhsTpA_utt05264,DCBWoWhsTpA_utt05265",11,/Users/rajeshpmu/Desktop/LegalMemoCMT/data/phase2/clancy/corpus/raw/live-lindsay-clancy-trial-day-14/live-lindsay-clancy-trial-day-14_DCBWoWhsTpA.mp4,/Users/rajeshpmu/Desktop/LegalMemoCMT/data/phase2/clancy/corpus/raw/live-lindsay-clancy-trial-day-14/live-lindsay-clancy-trial-day-14_DCBWoWhsTpA.wav,/Users/rajeshpmu/Desktop/LegalMemoCMT/data/processed/phase2/clancy/turn_clips/video/DCBWoWhsTpA/DCBWoWhsTpA_turn06599.mp4,/Users/rajeshpmu/Desktop/LegalMemoCMT/data/processed/phase2/clancy/turn_clips/audio/DCBWoWhsTpA/DCBWoWhsTpA_turn06599.wav,6838.81,6855.21,16.4,created,01:53:58.810,01:54:15.210,0.0,default_zero,SPEAKER_07,6.514,pyannote/speaker-diarization-3.1,Witness,manual_verified_diarization,HIGH,YES,SPEAKING,Witness,YES,Witness 18 identified by manual audio/video review,INCLUDE,,YES,speaker_role=Witness,split_dev;usable,"usable because speaker_role=Witness, witness_speaking_status=SPEAKING, clip_status=created, duration=16.400s, and source is not excluded",YES,0.6,HIGH,manual_clip_review,HUMAN_VERIFIED,/Users/rajeshpmu/Desktop/LegalMemoCMT/data/processed/phase2/clancy/turn_clips/video/DCBWoWhsTpA/DCBWoWhsTpA_turn06599.mp4,/Users/rajeshpmu/Desktop/LegalMemoCMT/data/processed/phase2/clancy/vit_facecrop_embeddings/DCBWoWhsTpA/DCBWoWhsTpA_turn06599.npy,created,sadness,0.348702,1.595495,"{""anger"": 0.047835, ""disgust"": 0.09047, ""fear"": 0.079572, ""joy"": 0.045436, ""neutral"": 0.334214, ""sadness"": 0.348702, ""surprise"": 0.053771}",/Users/rajeshpmu/Desktop/LegalMemoCMT/results/facial_cues/meld_vit_facecrop_gated_video_aux/fold_4/best_model.pt,phase1_meld_checkpoint_pseudo_label,"audio,text,video","audio,text,video","{""audio_dim"": 128, ""audio_model_name"": ""facebook/hubert-base-ls960"", ""dropout"": 0.1, ""encoder_mode"": ""paper"", ""freeze_audio_backbone"": false, ""freeze_text_backbone"": false, ""fusion_dim"": 256, ""fusion_mode"": ""gated"", ""fusion_pooling"": ""min"", ""max_audio_len"": 256, ""max_text_len"": 128, ""max_video_len"": 32, ""num_classes"": 7, ""num_heads"": 4, ""num_layers"": 2, ""text_dim"": 256, ""text_model_name"": ""bert-base-uncased"", ""use_video"": true, ""video_dim"": 768, ""vocab_size"": 30000}",/Users/rajeshpmu/Desktop/LegalMemoCMT/data/processed/phase2/clancy/turn_clips/audio/DCBWoWhsTpA/DCBWoWhsTpA_turn06599.wav,OK,,0.424818,0.358571,0.358571,0.439136,3loi/SER-Odyssey-Baseline-WavLM-Multi-Attributes,OK,neu,1.0,speechbrain/emotion-recognition-wav2vec2-IEMOCAP,OK,NO,UNCLEAR,no explicit emotion-target evidence,MEDIUM,LOW,MEDIUM,NEUTRAL_CANDIDATE,sadness,neutral,neutral,0.580000,neutral,0.580000,"audio and courtroom-affect evidence support neutral, but emotion target is unresolved",YES,CALM_COMPOSED,1,phase1_vs_comparable_audio_disagreement;low_or_moderate_audio_arousal;speechbrain_neutral
DCBWoWhsTpA_turn06628,DCBWoWhsTpA_turn06628,DCBWoWhsTpA,https://www.youtube.com/live/DCBWoWhsTpA,LIVE: Lindsay Clancy trial Day 14,full_trial_stream,5,/Users/rajeshpmu/Desktop/LegalMemoCMT/data/phase2/clancy/corpus/raw/live-lindsay-clancy-trial-day-14/live-lindsay-clancy-trial-day-14_DCBWoWhsTpA.en.vtt,/Users/rajeshpmu/Desktop/LegalMemoCMT/data/processed/phase2/clancy/turn_clips/video/DCBWoWhsTpA/DCBWoWhsTpA_turn06628.mp4,/Users/rajeshpmu/Desktop/LegalMemoCMT/data/processed/phase2/clancy/turn_clips/audio/DCBWoWhsTpA/DCBWoWhsTpA_turn06628.wav,DCBWoWhsTpA,group_by_youtube_id,dev,neutral,text_keyword_heuristic,LOW,YES,comparable Phase 1 and audio categorical outputs agree or audio class is not comparable,YES,Uh my parents have been spending the majority of their time up here in Massachusetts.,Uh my parents have been spending the majority of their time up here in Massachusetts.,01:55:42.638,01:55:47.594,4.956,4.956,marker,MEDIUM,1,7,"DCBWoWhsTpA_utt05363#p02,DCBWoWhsTpA_utt05364#p01,DCBWoWhsTpA_utt05365#p01,DCBWoWhsTpA_utt05366#p01,DCBWoWhsTpA_utt05367#p01,DCBWoWhsTpA_utt05368#p01,DCBWoWhsTpA_utt05369#p01","DCBWoWhsTpA_utt05363,DCBWoWhsTpA_utt05364,DCBWoWhsTpA_utt05365,DCBWoWhsTpA_utt05366,DCBWoWhsTpA_utt05367,DCBWoWhsTpA_utt05368,DCBWoWhsTpA_utt05369",7,/Users/rajeshpmu/Desktop/LegalMemoCMT/data/phase2/clancy/corpus/raw/live-lindsay-clancy-trial-day-14/live-lindsay-clancy-trial-day-14_DCBWoWhsTpA.mp4,/Users/rajeshpmu/Desktop/LegalMemoCMT/data/phase2/clancy/corpus/raw/live-lindsay-clancy-trial-day-14/live-lindsay-clancy-trial-day-14_DCBWoWhsTpA.wav,/Users/rajeshpmu/Desktop/LegalMemoCMT/data/processed/phase2/clancy/turn_clips/video/DCBWoWhsTpA/DCBWoWhsTpA_turn06628.mp4,/Users/rajeshpmu/Desktop/LegalMemoCMT/data/processed/phase2/clancy/turn_clips/audio/DCBWoWhsTpA/DCBWoWhsTpA_turn06628.wav,6942.638,6947.594,4.956,created,01:55:42.638,01:55:47.594,0.0,default_zero,SPEAKER_07,3.632,pyannote/speaker-diarization-3.1,Witness,manual_verified_diarization,HIGH,YES,SPEAKING,Witness,YES,Witness 18 identified by manual audio/video review,INCLUDE,,YES,speaker_role=Witness,split_dev;usable,"usable because speaker_role=Witness, witness_speaking_status=SPEAKING, clip_status=created, duration=4.956s, and source is not excluded",YES,0.6,HIGH,manual_clip_review,HUMAN_VERIFIED,/Users/rajeshpmu/Desktop/LegalMemoCMT/data/processed/phase2/clancy/turn_clips/video/DCBWoWhsTpA/DCBWoWhsTpA_turn06628.mp4,/Users/rajeshpmu/Desktop/LegalMemoCMT/data/processed/phase2/clancy/vit_facecrop_embeddings/DCBWoWhsTpA/DCBWoWhsTpA_turn06628.npy,created,neutral,0.611496,0.888539,"{""anger"": 0.006561, ""disgust"": 0.003891, ""fear"": 0.339523, ""joy"": 0.008992, ""neutral"": 0.611496, ""sadness"": 0.012273, ""surprise"": 0.017265}",/Users/rajeshpmu/Desktop/LegalMemoCMT/results/facial_cues/meld_vit_facecrop_gated_video_aux/fold_4/best_model.pt,phase1_meld_checkpoint_pseudo_label,"audio,text,video","audio,text,video","{""audio_dim"": 128, ""audio_model_name"": ""facebook/hubert-base-ls960"", ""dropout"": 0.1, ""encoder_mode"": ""paper"", ""freeze_audio_backbone"": false, ""freeze_text_backbone"": false, ""fusion_dim"": 256, ""fusion_mode"": ""gated"", ""fusion_pooling"": ""min"", ""max_audio_len"": 256, ""max_text_len"": 128, ""max_video_len"": 32, ""num_classes"": 7, ""num_heads"": 4, ""num_layers"": 2, ""text_dim"": 256, ""text_model_name"": ""bert-base-uncased"", ""use_video"": true, ""video_dim"": 768, ""vocab_size"": 30000}",/Users/rajeshpmu/Desktop/LegalMemoCMT/data/processed/phase2/clancy/turn_clips/audio/DCBWoWhsTpA/DCBWoWhsTpA_turn06628.wav,OK,,0.377413,0.375627,0.375627,0.452811,3loi/SER-Odyssey-Baseline-WavLM-Multi-Attributes,OK,ang,1.0,speechbrain/emotion-recognition-wav2vec2-IEMOCAP,OK,NO,UNCLEAR,no explicit emotion-target evidence,MEDIUM,LOW,MEDIUM,KEEP_PHASE1_CANDIDATE,neutral,anger,neutral,0.611496,neutral,0.611496,comparable Phase 1 and audio categorical outputs agree or audio class is not comparable,YES,UNKNOWN,,phase1_vs_comparable_audio_disagreement;low_or_moderate_audio_arousal
DCBWoWhsTpA_turn06630,DCBWoWhsTpA_turn06630,DCBWoWhsTpA,https://www.youtube.com/live/DCBWoWhsTpA,LIVE: Lindsay Clancy trial Day 14,full_trial_stream,5,/Users/rajeshpmu/Desktop/LegalMemoCMT/data/phase2/clancy/corpus/raw/live-lindsay-clancy-trial-day-14/live-lindsay-clancy-trial-day-14_DCBWoWhsTpA.en.vtt,/Users/rajeshpmu/Desktop/LegalMemoCMT/data/processed/phase2/clancy/turn_clips/video/DCBWoWhsTpA/DCBWoWhsTpA_turn06630.mp4,/Users/rajeshpmu/Desktop/LegalMemoCMT/data/processed/phase2/clancy/turn_clips/audio/DCBWoWhsTpA/DCBWoWhsTpA_turn06630.wav,DCBWoWhsTpA,group_by_youtube_id,dev,neutral,text_keyword_heuristic,LOW,NO,"audio and courtroom-affect evidence support neutral, but emotion target is unresolved",YES,So that they could visit Lindsay as much as possible.,So that they could visit Lindsay as much as possible.,01:55:48.257,01:55:51.311,3.054,3.054,marker,MEDIUM,1,5,"DCBWoWhsTpA_utt05371#p02,DCBWoWhsTpA_utt05372#p01,DCBWoWhsTpA_utt05373#p01,DCBWoWhsTpA_utt05374#p01,DCBWoWhsTpA_utt05375#p01","DCBWoWhsTpA_utt05371,DCBWoWhsTpA_utt05372,DCBWoWhsTpA_utt05373,DCBWoWhsTpA_utt05374,DCBWoWhsTpA_utt05375",5,/Users/rajeshpmu/Desktop/LegalMemoCMT/data/phase2/clancy/corpus/raw/live-lindsay-clancy-trial-day-14/live-lindsay-clancy-trial-day-14_DCBWoWhsTpA.mp4,/Users/rajeshpmu/Desktop/LegalMemoCMT/data/phase2/clancy/corpus/raw/live-lindsay-clancy-trial-day-14/live-lindsay-clancy-trial-day-14_DCBWoWhsTpA.wav,/Users/rajeshpmu/Desktop/LegalMemoCMT/data/processed/phase2/clancy/turn_clips/video/DCBWoWhsTpA/DCBWoWhsTpA_turn06630.mp4,/Users/rajeshpmu/Desktop/LegalMemoCMT/data/processed/phase2/clancy/turn_clips/audio/DCBWoWhsTpA/DCBWoWhsTpA_turn06630.wav,6948.257,6951.311,3.054,created,01:55:48.257,01:55:51.311,0.0,default_zero,SPEAKER_07,1.996,pyannote/speaker-diarization-3.1,Witness,manual_verified_diarization,HIGH,YES,SPEAKING,Witness,YES,Witness 18 identified by manual audio/video review,INCLUDE,,YES,speaker_role=Witness,split_dev;usable,"usable because speaker_role=Witness, witness_speaking_status=SPEAKING, clip_status=created, duration=3.054s, and source is not excluded",YES,0.6,HIGH,manual_clip_review,HUMAN_VERIFIED,/Users/rajeshpmu/Desktop/LegalMemoCMT/data/processed/phase2/clancy/turn_clips/video/DCBWoWhsTpA/DCBWoWhsTpA_turn06630.mp4,/Users/rajeshpmu/Desktop/LegalMemoCMT/data/processed/phase2/clancy/vit_facecrop_embeddings/DCBWoWhsTpA/DCBWoWhsTpA_turn06630.npy,created,neutral,0.965373,0.202624,"{""anger"": 0.013354, ""disgust"": 0.00064, ""fear"": 0.005415, ""joy"": 0.006862, ""neutral"": 0.965373, ""sadness"": 0.006919, ""surprise"": 0.001437}",/Users/rajeshpmu/Desktop/LegalMemoCMT/results/facial_cues/meld_vit_facecrop_gated_video_aux/fold_4/best_model.pt,phase1_meld_checkpoint_pseudo_label,"audio,text,video","audio,text,video","{""audio_dim"": 128, ""audio_model_name"": ""facebook/hubert-base-ls960"", ""dropout"": 0.1, ""encoder_mode"": ""paper"", ""freeze_audio_backbone"": false, ""freeze_text_backbone"": false, ""fusion_dim"": 256, ""fusion_mode"": ""gated"", ""fusion_pooling"": ""min"", ""max_audio_len"": 256, ""max_text_len"": 128, ""max_video_len"": 32, ""num_classes"": 7, ""num_heads"": 4, ""num_layers"": 2, ""text_dim"": 256, ""text_model_name"": ""bert-base-uncased"", ""use_video"": true, ""video_dim"": 768, ""vocab_size"": 30000}",/Users/rajeshpmu/Desktop/LegalMemoCMT/data/processed/phase2/clancy/turn_clips/audio/DCBWoWhsTpA/DCBWoWhsTpA_turn06630.wav,OK,,0.436987,0.317913,0.317913,0.386196,3loi/SER-Odyssey-Baseline-WavLM-Multi-Attributes,OK,neu,1.0,speechbrain/emotion-recognition-wav2vec2-IEMOCAP,OK,NO,UNCLEAR,no explicit emotion-target evidence,LOW,LOW,LOW,NEUTRAL_CANDIDATE,neutral,neutral,neutral,0.580000,neutral,0.580000,"audio and courtroom-affect evidence support neutral, but emotion target is unresolved",NO,CALM_COMPOSED,1,low_or_moderate_audio_arousal;speechbrain_neutral
DCBWoWhsTpA_turn06643,DCBWoWhsTpA_turn06643,DCBWoWhsTpA,https://www.youtube.com/live/DCBWoWhsTpA,LIVE: Lindsay Clancy trial Day 14,full_trial_stream,5,/Users/rajeshpmu/Desktop/LegalMemoCMT/data/phase2/clancy/corpus/raw/live-lindsay-clancy-trial-day-14/live-lindsay-clancy-trial-day-14_DCBWoWhsTpA.en.vtt,/Users/rajeshpmu/Desktop/LegalMemoCMT/data/processed/phase2/clancy/turn_clips/video/DCBWoWhsTpA/DCBWoWhsTpA_turn06643.mp4,/Users/rajeshpmu/Desktop/LegalMemoCMT/data/processed/phase2/clancy/turn_clips/audio/DCBWoWhsTpA/DCBWoWhsTpA_turn06643.wav,DCBWoWhsTpA,group_by_youtube_id,dev,neutral,text_keyword_heuristic,LOW,NO,"audio and courtroom-affect evidence support neutral, but emotion target is unresolved",YES,I did not speak to her on the phone. Most of our communication was via text.,I did not speak to her on the phone. Most of our communication was via text.,01:56:56.784,01:57:01.542,4.758,4.758,marker,MEDIUM,1,5,"DCBWoWhsTpA_utt05435#p02,DCBWoWhsTpA_utt05436#p01,DCBWoWhsTpA_utt05437#p01,DCBWoWhsTpA_utt05438#p01,DCBWoWhsTpA_utt05439#p01","DCBWoWhsTpA_utt05435,DCBWoWhsTpA_utt05436,DCBWoWhsTpA_utt05437,DCBWoWhsTpA_utt05438,DCBWoWhsTpA_utt05439",5,/Users/rajeshpmu/Desktop/LegalMemoCMT/data/phase2/clancy/corpus/raw/live-lindsay-clancy-trial-day-14/live-lindsay-clancy-trial-day-14_DCBWoWhsTpA.mp4,/Users/rajeshpmu/Desktop/LegalMemoCMT/data/phase2/clancy/corpus/raw/live-lindsay-clancy-trial-day-14/live-lindsay-clancy-trial-day-14_DCBWoWhsTpA.wav,/Users/rajeshpmu/Desktop/LegalMemoCMT/data/processed/phase2/clancy/turn_clips/video/DCBWoWhsTpA/DCBWoWhsTpA_turn06643.mp4,/Users/rajeshpmu/Desktop/LegalMemoCMT/data/processed/phase2/clancy/turn_clips/audio/DCBWoWhsTpA/DCBWoWhsTpA_turn06643.wav,7016.784,7021.542,4.758,created,01:56:56.784,01:57:01.542,0.0,default_zero,SPEAKER_07,2.977,pyannote/speaker-diarization-3.1,Witness,manual_verified_diarization,HIGH,YES,SPEAKING,Witness,YES,Witness 18 identified by manual audio/video review,INCLUDE,,YES,speaker_role=Witness,split_dev;usable,"usable because speaker_role=Witness, witness_speaking_status=SPEAKING, clip_status=created, duration=4.758s, and source is not excluded",YES,0.6,HIGH,manual_clip_review,HUMAN_VERIFIED,/Users/rajeshpmu/Desktop/LegalMemoCMT/data/processed/phase2/clancy/turn_clips/video/DCBWoWhsTpA/DCBWoWhsTpA_turn06643.mp4,/Users/rajeshpmu/Desktop/LegalMemoCMT/data/processed/phase2/clancy/vit_facecrop_embeddings/DCBWoWhsTpA/DCBWoWhsTpA_turn06643.npy,created,neutral,0.903438,0.460858,"{""anger"": 0.01476, ""disgust"": 0.002797, ""fear"": 0.016216, ""joy"": 0.044946, ""neutral"": 0.903438, ""sadness"": 0.00837, ""surprise"": 0.009474}",/Users/rajeshpmu/Desktop/LegalMemoCMT/results/facial_cues/meld_vit_facecrop_gated_video_aux/fold_4/best_model.pt,phase1_meld_checkpoint_pseudo_label,"audio,text,video","audio,text,video","{""audio_dim"": 128, ""audio_model_name"": ""facebook/hubert-base-ls960"", ""dropout"": 0.1, ""encoder_mode"": ""paper"", ""freeze_audio_backbone"": false, ""freeze_text_backbone"": false, ""fusion_dim"": 256, ""fusion_mode"": ""gated"", ""fusion_pooling"": ""min"", ""max_audio_len"": 256, ""max_text_len"": 128, ""max_video_len"": 32, ""num_classes"": 7, ""num_heads"": 4, ""num_layers"": 2, ""text_dim"": 256, ""text_model_name"": ""bert-base-uncased"", ""use_video"": true, ""video_dim"": 768, ""vocab_size"": 30000}",/Users/rajeshpmu/Desktop/LegalMemoCMT/data/processed/phase2/clancy/turn_clips/audio/DCBWoWhsTpA/DCBWoWhsTpA_turn06643.wav,OK,,0.427912,0.396071,0.396071,0.471602,3loi/SER-Odyssey-Baseline-WavLM-Multi-Attributes,OK,neu,1.0,speechbrain/emotion-recognition-wav2vec2-IEMOCAP,OK,NO,UNCLEAR,no explicit emotion-target evidence,LOW,LOW,LOW,NEUTRAL_CANDIDATE,neutral,neutral,neutral,0.580000,neutral,0.580000,"audio and courtroom-affect evidence support neutral, but emotion target is unresolved",NO,CALM_COMPOSED,1,low_or_moderate_audio_arousal;speechbrain_neutral
DCBWoWhsTpA_turn06660,DCBWoWhsTpA_turn06660,DCBWoWhsTpA,https://www.youtube.com/live/DCBWoWhsTpA,LIVE: Lindsay Clancy trial Day 14,full_trial_stream,5,/Users/rajeshpmu/Desktop/LegalMemoCMT/data/phase2/clancy/corpus/raw/live-lindsay-clancy-trial-day-14/live-lindsay-clancy-trial-day-14_DCBWoWhsTpA.en.vtt,/Users/rajeshpmu/Desktop/LegalMemoCMT/data/processed/phase2/clancy/turn_clips/video/DCBWoWhsTpA/DCBWoWhsTpA_turn06660.mp4,/Users/rajeshpmu/Desktop/LegalMemoCMT/data/processed/phase2/clancy/turn_clips/audio/DCBWoWhsTpA/DCBWoWhsTpA_turn06660.wav,DCBWoWhsTpA,group_by_youtube_id,dev,neutral,text_keyword_heuristic,LOW,YES,comparable Phase 1 and audio categorical outputs agree or audio class is not comparable,YES,I reached out and called? Yes. I did not visit her at her home. No.,I reached out and called? Yes. I did not visit her at her home. No.,01:58:18.777,01:58:22.413,3.636,3.636,marker,MEDIUM,1,5,"DCBWoWhsTpA_utt05519#p02,DCBWoWhsTpA_utt05520#p01,DCBWoWhsTpA_utt05521#p01,DCBWoWhsTpA_utt05522#p01,DCBWoWhsTpA_utt05523#p01","DCBWoWhsTpA_utt05519,DCBWoWhsTpA_utt05520,DCBWoWhsTpA_utt05521,DCBWoWhsTpA_utt05522,DCBWoWhsTpA_utt05523",5,/Users/rajeshpmu/Desktop/LegalMemoCMT/data/phase2/clancy/corpus/raw/live-lindsay-clancy-trial-day-14/live-lindsay-clancy-trial-day-14_DCBWoWhsTpA.mp4,/Users/rajeshpmu/Desktop/LegalMemoCMT/data/phase2/clancy/corpus/raw/live-lindsay-clancy-trial-day-14/live-lindsay-clancy-trial-day-14_DCBWoWhsTpA.wav,/Users/rajeshpmu/Desktop/LegalMemoCMT/data/processed/phase2/clancy/turn_clips/video/DCBWoWhsTpA/DCBWoWhsTpA_turn06660.mp4,/Users/rajeshpmu/Desktop/LegalMemoCMT/data/processed/phase2/clancy/turn_clips/audio/DCBWoWhsTpA/DCBWoWhsTpA_turn06660.wav,7098.777,7102.413,3.636,created,01:58:18.777,01:58:22.413,0.0,default_zero,SPEAKER_07,2.507,pyannote/speaker-diarization-3.1,Witness,manual_verified_diarization,HIGH,YES,SPEAKING,Witness,YES,Witness 18 identified by manual audio/video review,INCLUDE,,YES,speaker_role=Witness,split_dev;usable,"usable because speaker_role=Witness, witness_speaking_status=SPEAKING, clip_status=created, duration=3.636s, and source is not excluded",YES,0.6,HIGH,manual_clip_review,HUMAN_VERIFIED,/Users/rajeshpmu/Desktop/LegalMemoCMT/data/processed/phase2/clancy/turn_clips/video/DCBWoWhsTpA/DCBWoWhsTpA_turn06660.mp4,/Users/rajeshpmu/Desktop/LegalMemoCMT/data/processed/phase2/clancy/vit_facecrop_embeddings/DCBWoWhsTpA/DCBWoWhsTpA_turn06660.npy,created,disgust,0.46221,1.296913,"{""anger"": 0.014872, ""disgust"": 0.46221, ""fear"": 0.055496, ""joy"": 0.038757, ""neutral"": 0.355895, ""sadness"": 0.060628, ""surprise"": 0.012142}",/Users/rajeshpmu/Desktop/LegalMemoCMT/results/facial_cues/meld_vit_facecrop_gated_video_aux/fold_4/best_model.pt,phase1_meld_checkpoint_pseudo_label,"audio,text,video","audio,text,video","{""audio_dim"": 128, ""audio_model_name"": ""facebook/hubert-base-ls960"", ""dropout"": 0.1, ""encoder_mode"": ""paper"", ""freeze_audio_backbone"": false, ""freeze_text_backbone"": false, ""fusion_dim"": 256, ""fusion_mode"": ""gated"", ""fusion_pooling"": ""min"", ""max_audio_len"": 256, ""max_text_len"": 128, ""max_video_len"": 32, ""num_classes"": 7, ""num_heads"": 4, ""num_layers"": 2, ""text_dim"": 256, ""text_model_name"": ""bert-base-uncased"", ""use_video"": true, ""video_dim"": 768, ""vocab_size"": 30000}",/Users/rajeshpmu/Desktop/LegalMemoCMT/data/processed/phase2/clancy/turn_clips/audio/DCBWoWhsTpA/DCBWoWhsTpA_turn06660.wav,OK,,0.389178,0.434357,0.434357,0.494653,3loi/SER-Odyssey-Baseline-WavLM-Multi-Attributes,OK,ang,0.999098,speechbrain/emotion-recognition-wav2vec2-IEMOCAP,OK,NO,UNCLEAR,no explicit emotion-target evidence,MEDIUM,LOW,MEDIUM,KEEP_PHASE1_CANDIDATE,disgust,anger,disgust,0.462210,disgust,0.462210,comparable Phase 1 and audio categorical outputs agree or audio class is not comparable,YES,UNKNOWN,,phase1_vs_comparable_audio_disagreement;low_or_moderate_audio_arousal
DCBWoWhsTpA_turn06661,DCBWoWhsTpA_turn06661,DCBWoWhsTpA,https://www.youtube.com/live/DCBWoWhsTpA,LIVE: Lindsay Clancy trial Day 14,full_trial_stream,5,/Users/rajeshpmu/Desktop/LegalMemoCMT/data/phase2/clancy/corpus/raw/live-lindsay-clancy-trial-day-14/live-lindsay-clancy-trial-day-14_DCBWoWhsTpA.en.vtt,/Users/rajeshpmu/Desktop/LegalMemoCMT/data/processed/phase2/clancy/turn_clips/video/DCBWoWhsTpA/DCBWoWhsTpA_turn06661.mp4,/Users/rajeshpmu/Desktop/LegalMemoCMT/data/processed/phase2/clancy/turn_clips/audio/DCBWoWhsTpA/DCBWoWhsTpA_turn06661.wav,DCBWoWhsTpA,group_by_youtube_id,dev,neutral,text_keyword_heuristic,LOW,NO,PHASE1_AUDIO_AGREEMENT,YES,"When you called, did she respond? Did she answer the phone?","When you called, did she respond? Did she answer the phone?",01:58:22.413,01:58:26.428,4.015,4.015,marker,MEDIUM,1,5,"DCBWoWhsTpA_utt05523#p02,DCBWoWhsTpA_utt05524#p01,DCBWoWhsTpA_utt05525#p01,DCBWoWhsTpA_utt05526#p01,DCBWoWhsTpA_utt05527#p01","DCBWoWhsTpA_utt05523,DCBWoWhsTpA_utt05524,DCBWoWhsTpA_utt05525,DCBWoWhsTpA_utt05526,DCBWoWhsTpA_utt05527",5,/Users/rajeshpmu/Desktop/LegalMemoCMT/data/phase2/clancy/corpus/raw/live-lindsay-clancy-trial-day-14/live-lindsay-clancy-trial-day-14_DCBWoWhsTpA.mp4,/Users/rajeshpmu/Desktop/LegalMemoCMT/data/phase2/clancy/corpus/raw/live-lindsay-clancy-trial-day-14/live-lindsay-clancy-trial-day-14_DCBWoWhsTpA.wav,/Users/rajeshpmu/Desktop/LegalMemoCMT/data/processed/phase2/clancy/turn_clips/video/DCBWoWhsTpA/DCBWoWhsTpA_turn06661.mp4,/Users/rajeshpmu/Desktop/LegalMemoCMT/data/processed/phase2/clancy/turn_clips/audio/DCBWoWhsTpA/DCBWoWhsTpA_turn06661.wav,7102.413,7106.428,4.015,created,01:58:22.413,01:58:26.428,0.0,default_zero,SPEAKER_07,1.499,pyannote/speaker-diarization-3.1,Witness,manual_verified_diarization,HIGH,YES,SPEAKING,Witness,YES,Witness 18 identified by manual audio/video review,INCLUDE,,YES,speaker_role=Witness,split_dev;usable,"usable because speaker_role=Witness, witness_speaking_status=SPEAKING, clip_status=created, duration=4.015s, and source is not excluded",YES,0.6,HIGH,manual_clip_review,HUMAN_VERIFIED,/Users/rajeshpmu/Desktop/LegalMemoCMT/data/processed/phase2/clancy/turn_clips/video/DCBWoWhsTpA/DCBWoWhsTpA_turn06661.mp4,/Users/rajeshpmu/Desktop/LegalMemoCMT/data/processed/phase2/clancy/vit_facecrop_embeddings/DCBWoWhsTpA/DCBWoWhsTpA_turn06661.npy,created,neutral,0.436556,1.373367,"{""anger"": 0.038849, ""disgust"": 0.122721, ""fear"": 0.025491, ""joy"": 0.04948, ""neutral"": 0.436556, ""sadness"": 0.323237, ""surprise"": 0.003666}",/Users/rajeshpmu/Desktop/LegalMemoCMT/results/facial_cues/meld_vit_facecrop_gated_video_aux/fold_4/best_model.pt,phase1_meld_checkpoint_pseudo_label,"audio,text,video","audio,text,video","{""audio_dim"": 128, ""audio_model_name"": ""facebook/hubert-base-ls960"", ""dropout"": 0.1, ""encoder_mode"": ""paper"", ""freeze_audio_backbone"": false, ""freeze_text_backbone"": false, ""fusion_dim"": 256, ""fusion_mode"": ""gated"", ""fusion_pooling"": ""min"", ""max_audio_len"": 256, ""max_text_len"": 128, ""max_video_len"": 32, ""num_classes"": 7, ""num_heads"": 4, ""num_layers"": 2, ""text_dim"": 256, ""text_model_name"": ""bert-base-uncased"", ""use_video"": true, ""video_dim"": 768, ""vocab_size"": 30000}",/Users/rajeshpmu/Desktop/LegalMemoCMT/data/processed/phase2/clancy/turn_clips/audio/DCBWoWhsTpA/DCBWoWhsTpA_turn06661.wav,OK,,0.401834,0.45798,0.45798,0.481351,3loi/SER-Odyssey-Baseline-WavLM-Multi-Attributes,OK,neu,1.0,speechbrain/emotion-recognition-wav2vec2-IEMOCAP,OK,NO,UNCLEAR,no explicit emotion-target evidence,LOW,LOW,LOW,KEEP_PHASE1_CANDIDATE,neutral,neutral,neutral,0.436556,neutral,0.436556,PHASE1_AUDIO_AGREEMENT,NO,UNKNOWN,,speechbrain_neutral
DCBWoWhsTpA_turn06662,DCBWoWhsTpA_turn06662,DCBWoWhsTpA,https://www.youtube.com/live/DCBWoWhsTpA,LIVE: Lindsay Clancy trial Day 14,full_trial_stream,5,/Users/rajeshpmu/Desktop/LegalMemoCMT/data/phase2/clancy/corpus/raw/live-lindsay-clancy-trial-day-14/live-lindsay-clancy-trial-day-14_DCBWoWhsTpA.en.vtt,/Users/rajeshpmu/Desktop/LegalMemoCMT/data/processed/phase2/clancy/turn_clips/video/DCBWoWhsTpA/DCBWoWhsTpA_turn06662.mp4,/Users/rajeshpmu/Desktop/LegalMemoCMT/data/processed/phase2/clancy/turn_clips/audio/DCBWoWhsTpA/DCBWoWhsTpA_turn06662.wav,DCBWoWhsTpA,group_by_youtube_id,dev,neutral,text_keyword_heuristic,LOW,YES,comparable Phase 1 and audio categorical outputs agree or audio class is not comparable,YES,I'm sorry. Let me backtrack. I I can't recall whether I made a phone call. I can recall the majority of our communication between January 1st and January 24th was via text message.,I'm sorry. Let me backtrack. I I can't recall whether I made a phone call. I can recall the majority of our communication between January 1st and January 24th was via text message.,01:58:26.428,01:58:38.111,11.683,11.683,marker,MEDIUM,1,11,"DCBWoWhsTpA_utt05527#p02,DCBWoWhsTpA_utt05528#p01,DCBWoWhsTpA_utt05529#p01,DCBWoWhsTpA_utt05530#p01,DCBWoWhsTpA_utt05531#p01,DCBWoWhsTpA_utt05532#p01,DCBWoWhsTpA_utt05533#p01,DCBWoWhsTpA_utt05534#p01,DCBWoWhsTpA_utt05535#p01,DCBWoWhsTpA_utt05536#p01,DCBWoWhsTpA_utt05537#p01","DCBWoWhsTpA_utt05527,DCBWoWhsTpA_utt05528,DCBWoWhsTpA_utt05529,DCBWoWhsTpA_utt05530,DCBWoWhsTpA_utt05531,DCBWoWhsTpA_utt05532,DCBWoWhsTpA_utt05533,DCBWoWhsTpA_utt05534,DCBWoWhsTpA_utt05535,DCBWoWhsTpA_utt05536,DCBWoWhsTpA_utt05537",11,/Users/rajeshpmu/Desktop/LegalMemoCMT/data/phase2/clancy/corpus/raw/live-lindsay-clancy-trial-day-14/live-lindsay-clancy-trial-day-14_DCBWoWhsTpA.mp4,/Users/rajeshpmu/Desktop/LegalMemoCMT/data/phase2/clancy/corpus/raw/live-lindsay-clancy-trial-day-14/live-lindsay-clancy-trial-day-14_DCBWoWhsTpA.wav,/Users/rajeshpmu/Desktop/LegalMemoCMT/data/processed/phase2/clancy/turn_clips/video/DCBWoWhsTpA/DCBWoWhsTpA_turn06662.mp4,/Users/rajeshpmu/Desktop/LegalMemoCMT/data/processed/phase2/clancy/turn_clips/audio/DCBWoWhsTpA/DCBWoWhsTpA_turn06662.wav,7106.428,7118.111,11.683,created,01:58:26.428,01:58:38.111,0.0,default_zero,SPEAKER_07,9.79,pyannote/speaker-diarization-3.1,Witness,manual_verified_diarization,HIGH,YES,SPEAKING,Witness,YES,Witness 18 identified by manual audio/video review,INCLUDE,,YES,speaker_role=Witness,split_dev;usable,"usable because speaker_role=Witness, witness_speaking_status=SPEAKING, clip_status=created, duration=11.683s, and source is not excluded",YES,0.6,HIGH,manual_clip_review,HUMAN_VERIFIED,/Users/rajeshpmu/Desktop/LegalMemoCMT/data/processed/phase2/clancy/turn_clips/video/DCBWoWhsTpA/DCBWoWhsTpA_turn06662.mp4,/Users/rajeshpmu/Desktop/LegalMemoCMT/data/processed/phase2/clancy/vit_facecrop_embeddings/DCBWoWhsTpA/DCBWoWhsTpA_turn06662.npy,created,neutral,0.52662,1.413957,"{""anger"": 0.019315, ""disgust"": 0.088034, ""fear"": 0.20405, ""joy"": 0.052385, ""neutral"": 0.52662, ""sadness"": 0.078924, ""surprise"": 0.030672}",/Users/rajeshpmu/Desktop/LegalMemoCMT/results/facial_cues/meld_vit_facecrop_gated_video_aux/fold_4/best_model.pt,phase1_meld_checkpoint_pseudo_label,"audio,text,video","audio,text,video","{""audio_dim"": 128, ""audio_model_name"": ""facebook/hubert-base-ls960"", ""dropout"": 0.1, ""encoder_mode"": ""paper"", ""freeze_audio_backbone"": false, ""freeze_text_backbone"": false, ""fusion_dim"": 256, ""fusion_mode"": ""gated"", ""fusion_pooling"": ""min"", ""max_audio_len"": 256, ""max_text_len"": 128, ""max_video_len"": 32, ""num_classes"": 7, ""num_heads"": 4, ""num_layers"": 2, ""text_dim"": 256, ""text_model_name"": ""bert-base-uncased"", ""use_video"": true, ""video_dim"": 768, ""vocab_size"": 30000}",/Users/rajeshpmu/Desktop/LegalMemoCMT/data/processed/phase2/clancy/turn_clips/audio/DCBWoWhsTpA/DCBWoWhsTpA_turn06662.wav,OK,,0.373725,0.414674,0.414674,0.497787,3loi/SER-Odyssey-Baseline-WavLM-Multi-Attributes,OK,ang,0.999595,speechbrain/emotion-recognition-wav2vec2-IEMOCAP,OK,NO,QUOTED_SPEECH,quote or reported speech marker,MEDIUM,LOW,MEDIUM,KEEP_PHASE1_CANDIDATE,neutral,anger,neutral,0.526620,neutral,0.526620,comparable Phase 1 and audio categorical outputs agree or audio class is not comparable,YES,UNKNOWN,,phase1_vs_comparable_audio_disagreement;low_or_moderate_audio_arousal
DCBWoWhsTpA_turn06663,DCBWoWhsTpA_turn06663,DCBWoWhsTpA,https://www.youtube.com/live/DCBWoWhsTpA,LIVE: Lindsay Clancy trial Day 14,full_trial_stream,5,/Users/rajeshpmu/Desktop/LegalMemoCMT/data/phase2/clancy/corpus/raw/live-lindsay-clancy-trial-day-14/live-lindsay-clancy-trial-day-14_DCBWoWhsTpA.en.vtt,/Users/rajeshpmu/Desktop/LegalMemoCMT/data/processed/phase2/clancy/turn_clips/video/DCBWoWhsTpA/DCBWoWhsTpA_turn06663.mp4,/Users/rajeshpmu/Desktop/LegalMemoCMT/data/processed/phase2/clancy/turn_clips/audio/DCBWoWhsTpA/DCBWoWhsTpA_turn06663.wav,DCBWoWhsTpA,group_by_youtube_id,dev,neutral,text_keyword_heuristic,LOW,YES,comparable Phase 1 and audio categorical outputs agree or audio class is not comparable,YES,So there could have been some phone calls.,So there could have been some phone calls.,01:58:38.111,01:58:41.152,3.041,3.041,marker,MEDIUM,1,5,"DCBWoWhsTpA_utt05537#p02,DCBWoWhsTpA_utt05538#p01,DCBWoWhsTpA_utt05539#p01,DCBWoWhsTpA_utt05540#p01,DCBWoWhsTpA_utt05541#p01","DCBWoWhsTpA_utt05537,DCBWoWhsTpA_utt05538,DCBWoWhsTpA_utt05539,DCBWoWhsTpA_utt05540,DCBWoWhsTpA_utt05541",5,/Users/rajeshpmu/Desktop/LegalMemoCMT/data/phase2/clancy/corpus/raw/live-lindsay-clancy-trial-day-14/live-lindsay-clancy-trial-day-14_DCBWoWhsTpA.mp4,/Users/rajeshpmu/Desktop/LegalMemoCMT/data/phase2/clancy/corpus/raw/live-lindsay-clancy-trial-day-14/live-lindsay-clancy-trial-day-14_DCBWoWhsTpA.wav,/Users/rajeshpmu/Desktop/LegalMemoCMT/data/processed/phase2/clancy/turn_clips/video/DCBWoWhsTpA/DCBWoWhsTpA_turn06663.mp4,/Users/rajeshpmu/Desktop/LegalMemoCMT/data/processed/phase2/clancy/turn_clips/audio/DCBWoWhsTpA/DCBWoWhsTpA_turn06663.wav,7118.111,7121.152,3.041,created,01:58:38.111,01:58:41.152,0.0,default_zero,SPEAKER_07,0.909,pyannote/speaker-diarization-3.1,Witness,manual_verified_diarization,HIGH,YES,SPEAKING,Witness,YES,Witness 18 identified by manual audio/video review,INCLUDE,,YES,speaker_role=Witness,split_dev;usable,"usable because speaker_role=Witness, witness_speaking_status=SPEAKING, clip_status=created, duration=3.041s, and source is not excluded",YES,0.6,HIGH,manual_clip_review,HUMAN_VERIFIED,/Users/rajeshpmu/Desktop/LegalMemoCMT/data/processed/phase2/clancy/turn_clips/video/DCBWoWhsTpA/DCBWoWhsTpA_turn06663.mp4,/Users/rajeshpmu/Desktop/LegalMemoCMT/data/processed/phase2/clancy/vit_facecrop_embeddings/DCBWoWhsTpA/DCBWoWhsTpA_turn06663.npy,created,neutral,0.956902,0.244773,"{""anger"": 0.016379, ""disgust"": 0.004231, ""fear"": 0.006382, ""joy"": 0.008212, ""neutral"": 0.956902, ""sadness"": 0.007249, ""surprise"": 0.000646}",/Users/rajeshpmu/Desktop/LegalMemoCMT/results/facial_cues/meld_vit_facecrop_gated_video_aux/fold_4/best_model.pt,phase1_meld_checkpoint_pseudo_label,"audio,text,video","audio,text,video","{""audio_dim"": 128, ""audio_model_name"": ""facebook/hubert-base-ls960"", ""dropout"": 0.1, ""encoder_mode"": ""paper"", ""freeze_audio_backbone"": false, ""freeze_text_backbone"": false, ""fusion_dim"": 256, ""fusion_mode"": ""gated"", ""fusion_pooling"": ""min"", ""max_audio_len"": 256, ""max_text_len"": 128, ""max_video_len"": 32, ""num_classes"": 7, ""num_heads"": 4, ""num_layers"": 2, ""text_dim"": 256, ""text_model_name"": ""bert-base-uncased"", ""use_video"": true, ""video_dim"": 768, ""vocab_size"": 30000}",/Users/rajeshpmu/Desktop/LegalMemoCMT/data/processed/phase2/clancy/turn_clips/audio/DCBWoWhsTpA/DCBWoWhsTpA_turn06663.wav,OK,,0.347381,0.364376,0.364376,0.439011,3loi/SER-Odyssey-Baseline-WavLM-Multi-Attributes,OK,ang,1.0,speechbrain/emotion-recognition-wav2vec2-IEMOCAP,OK,NO,UNCLEAR,no explicit emotion-target evidence,HIGH,LOW,HIGH,KEEP_PHASE1_CANDIDATE,neutral,anger,neutral,0.956902,neutral,0.956902,comparable Phase 1 and audio categorical outputs agree or audio class is not comparable,YES,UNKNOWN,,phase1_vs_comparable_audio_disagreement;low_or_moderate_audio_arousal
DCBWoWhsTpA_turn06664,DCBWoWhsTpA_turn06664,DCBWoWhsTpA,https://www.youtube.com/live/DCBWoWhsTpA,LIVE: Lindsay Clancy trial Day 14,full_trial_stream,5,/Users/rajeshpmu/Desktop/LegalMemoCMT/data/phase2/clancy/corpus/raw/live-lindsay-clancy-trial-day-14/live-lindsay-clancy-trial-day-14_DCBWoWhsTpA.en.vtt,/Users/rajeshpmu/Desktop/LegalMemoCMT/data/processed/phase2/clancy/turn_clips/video/DCBWoWhsTpA/DCBWoWhsTpA_turn06664.mp4,/Users/rajeshpmu/Desktop/LegalMemoCMT/data/processed/phase2/clancy/turn_clips/audio/DCBWoWhsTpA/DCBWoWhsTpA_turn06664.wav,DCBWoWhsTpA,group_by_youtube_id,dev,neutral,text_keyword_heuristic,LOW,NO,"audio and courtroom-affect evidence support neutral, but emotion target is unresolved",YES,I cannot recall any phone calls.,I cannot recall any phone calls.,01:58:41.152,01:58:47.109,5.957,5.957,marker,HIGH,1,1,DCBWoWhsTpA_utt05541#p02,DCBWoWhsTpA_utt05541,1,/Users/rajeshpmu/Desktop/LegalMemoCMT/data/phase2/clancy/corpus/raw/live-lindsay-clancy-trial-day-14/live-lindsay-clancy-trial-day-14_DCBWoWhsTpA.mp4,/Users/rajeshpmu/Desktop/LegalMemoCMT/data/phase2/clancy/corpus/raw/live-lindsay-clancy-trial-day-14/live-lindsay-clancy-trial-day-14_DCBWoWhsTpA.wav,/Users/rajeshpmu/Desktop/LegalMemoCMT/data/processed/phase2/clancy/turn_clips/video/DCBWoWhsTpA/DCBWoWhsTpA_turn06664.mp4,/Users/rajeshpmu/Desktop/LegalMemoCMT/data/processed/phase2/clancy/turn_clips/audio/DCBWoWhsTpA/DCBWoWhsTpA_turn06664.wav,7121.152,7127.109,5.957,created,01:58:41.152,01:58:47.109,0.0,default_zero,SPEAKER_07,0.72,pyannote/speaker-diarization-3.1,Witness,manual_verified_diarization,HIGH,YES,SPEAKING,Witness,YES,Witness 18 identified by manual audio/video review,INCLUDE,,YES,speaker_role=Witness,split_dev;usable,"usable because speaker_role=Witness, witness_speaking_status=SPEAKING, clip_status=created, duration=5.957s, and source is not excluded",YES,0.6,HIGH,manual_clip_review,HUMAN_VERIFIED,/Users/rajeshpmu/Desktop/LegalMemoCMT/data/processed/phase2/clancy/turn_clips/video/DCBWoWhsTpA/DCBWoWhsTpA_turn06664.mp4,/Users/rajeshpmu/Desktop/LegalMemoCMT/data/processed/phase2/clancy/vit_facecrop_embeddings/DCBWoWhsTpA/DCBWoWhsTpA_turn06664.npy,created,neutral,0.920365,0.412382,"{""anger"": 0.021418, ""disgust"": 0.018932, ""fear"": 0.00898, ""joy"": 0.012529, ""neutral"": 0.920365, ""sadness"": 0.013545, ""surprise"": 0.004232}",/Users/rajeshpmu/Desktop/LegalMemoCMT/results/facial_cues/meld_vit_facecrop_gated_video_aux/fold_4/best_model.pt,phase1_meld_checkpoint_pseudo_label,"audio,text,video","audio,text,video","{""audio_dim"": 128, ""audio_model_name"": ""facebook/hubert-base-ls960"", ""dropout"": 0.1, ""encoder_mode"": ""paper"", ""freeze_audio_backbone"": false, ""freeze_text_backbone"": false, ""fusion_dim"": 256, ""fusion_mode"": ""gated"", ""fusion_pooling"": ""min"", ""max_audio_len"": 256, ""max_text_len"": 128, ""max_video_len"": 32, ""num_classes"": 7, ""num_heads"": 4, ""num_layers"": 2, ""text_dim"": 256, ""text_model_name"": ""bert-base-uncased"", ""use_video"": true, ""video_dim"": 768, ""vocab_size"": 30000}",/Users/rajeshpmu/Desktop/LegalMemoCMT/data/processed/phase2/clancy/turn_clips/audio/DCBWoWhsTpA/DCBWoWhsTpA_turn06664.wav,OK,,0.323136,0.207101,0.207101,0.299308,3loi/SER-Odyssey-Baseline-WavLM-Multi-Attributes,OK,neu,0.999999,speechbrain/emotion-recognition-wav2vec2-IEMOCAP,OK,NO,UNCLEAR,no explicit emotion-target evidence,LOW,LOW,LOW,NEUTRAL_CANDIDATE,neutral,neutral,neutral,0.580000,neutral,0.580000,"audio and courtroom-affect evidence support neutral, but emotion target is unresolved",NO,CALM_COMPOSED,1,low_or_moderate_audio_arousal;speechbrain_neutral
DCBWoWhsTpA_turn06677,DCBWoWhsTpA_turn06677,DCBWoWhsTpA,https://www.youtube.com/live/DCBWoWhsTpA,LIVE: Lindsay Clancy trial Day 14,full_trial_stream,5,/Users/rajeshpmu/Desktop/LegalMemoCMT/data/phase2/clancy/corpus/raw/live-lindsay-clancy-trial-day-14/live-lindsay-clancy-trial-day-14_DCBWoWhsTpA.en.vtt,/Users/rajeshpmu/Desktop/LegalMemoCMT/data/processed/phase2/clancy/turn_clips/video/DCBWoWhsTpA/DCBWoWhsTpA_turn06677.mp4,/Users/rajeshpmu/Desktop/LegalMemoCMT/data/processed/phase2/clancy/turn_clips/audio/DCBWoWhsTpA/DCBWoWhsTpA_turn06677.wav,DCBWoWhsTpA,group_by_youtube_id,dev,neutral,text_keyword_heuristic,LOW,NO,"audio and courtroom-affect evidence support neutral, but emotion target is unresolved",YES,"Uh, my name is Paula Musgrove. P A U L A M U S G R O V E.","Uh, my name is Paula Musgrove. P A U L A M U S G R O V E.",02:00:36.649,02:00:45.155,8.506,8.506,marker,MEDIUM,1,5,"DCBWoWhsTpA_utt05597#p02,DCBWoWhsTpA_utt05598#p01,DCBWoWhsTpA_utt05599#p01,DCBWoWhsTpA_utt05600#p01,DCBWoWhsTpA_utt05601#p01","DCBWoWhsTpA_utt05597,DCBWoWhsTpA_utt05598,DCBWoWhsTpA_utt05599,DCBWoWhsTpA_utt05600,DCBWoWhsTpA_utt05601",5,/Users/rajeshpmu/Desktop/LegalMemoCMT/data/phase2/clancy/corpus/raw/live-lindsay-clancy-trial-day-14/live-lindsay-clancy-trial-day-14_DCBWoWhsTpA.mp4,/Users/rajeshpmu/Desktop/LegalMemoCMT/data/phase2/clancy/corpus/raw/live-lindsay-clancy-trial-day-14/live-lindsay-clancy-trial-day-14_DCBWoWhsTpA.wav,/Users/rajeshpmu/Desktop/LegalMemoCMT/data/processed/phase2/clancy/turn_clips/video/DCBWoWhsTpA/DCBWoWhsTpA_turn06677.mp4,/Users/rajeshpmu/Desktop/LegalMemoCMT/data/processed/phase2/clancy/turn_clips/audio/DCBWoWhsTpA/DCBWoWhsTpA_turn06677.wav,7236.649,7245.155,8.506,created,02:00:36.649,02:00:45.155,0.0,default_zero,SPEAKER_02,3.595,pyannote/speaker-diarization-3.1,Witness,manual_verified_diarization,HIGH,YES,SPEAKING,Witness,YES,Witness 16 identified by manual audio/video review,INCLUDE,,YES,speaker_role=Witness,split_dev;usable,"usable because speaker_role=Witness, witness_speaking_status=SPEAKING, clip_status=created, duration=8.506s, and source is not excluded",YES,0.6,HIGH,manual_clip_review,HUMAN_VERIFIED,/Users/rajeshpmu/Desktop/LegalMemoCMT/data/processed/phase2/clancy/turn_clips/video/DCBWoWhsTpA/DCBWoWhsTpA_turn06677.mp4,/Users/rajeshpmu/Desktop/LegalMemoCMT/data/processed/phase2/clancy/vit_facecrop_embeddings/DCBWoWhsTpA/DCBWoWhsTpA_turn06677.npy,created,neutral,0.743041,0.898847,"{""anger"": 0.067554, ""disgust"": 0.003822, ""fear"": 0.014541, ""joy"": 0.031099, ""neutral"": 0.743041, ""sadness"": 0.132112, ""surprise"": 0.007831}",/Users/rajeshpmu/Desktop/LegalMemoCMT/results/facial_cues/meld_vit_facecrop_gated_video_aux/fold_4/best_model.pt,phase1_meld_checkpoint_pseudo_label,"audio,text,video","audio,text,video","{""audio_dim"": 128, ""audio_model_name"": ""facebook/hubert-base-ls960"", ""dropout"": 0.1, ""encoder_mode"": ""paper"", ""freeze_audio_backbone"": false, ""freeze_text_backbone"": false, ""fusion_dim"": 256, ""fusion_mode"": ""gated"", ""fusion_pooling"": ""min"", ""max_audio_len"": 256, ""max_text_len"": 128, ""max_video_len"": 32, ""num_classes"": 7, ""num_heads"": 4, ""num_layers"": 2, ""text_dim"": 256, ""text_model_name"": ""bert-base-uncased"", ""use_video"": true, ""video_dim"": 768, ""vocab_size"": 30000}",/Users/rajeshpmu/Desktop/LegalMemoCMT/data/processed/phase2/clancy/turn_clips/audio/DCBWoWhsTpA/DCBWoWhsTpA_turn06677.wav,OK,,0.431638,0.298713,0.298713,0.385076,3loi/SER-Odyssey-Baseline-WavLM-Multi-Attributes,OK,neu,0.999647,speechbrain/emotion-recognition-wav2vec2-IEMOCAP,OK,NO,UNCLEAR,no explicit emotion-target evidence,LOW,LOW,LOW,NEUTRAL_CANDIDATE,neutral,neutral,neutral,0.580000,neutral,0.580000,"audio and courtroom-affect evidence support neutral, but emotion target is unresolved",NO,CALM_COMPOSED,1,low_or_moderate_audio_arousal;speechbrain_neutral
DCBWoWhsTpA_turn06685,DCBWoWhsTpA_turn06685,DCBWoWhsTpA,https://www.youtube.com/live/DCBWoWhsTpA,LIVE: Lindsay Clancy trial Day 14,full_trial_stream,5,/Users/rajeshpmu/Desktop/LegalMemoCMT/data/phase2/clancy/corpus/raw/live-lindsay-clancy-trial-day-14/live-lindsay-clancy-trial-day-14_DCBWoWhsTpA.en.vtt,/Users/rajeshpmu/Desktop/LegalMemoCMT/data/processed/phase2/clancy/turn_clips/video/DCBWoWhsTpA/DCBWoWhsTpA_turn06685.mp4,/Users/rajeshpmu/Desktop/LegalMemoCMT/data/processed/phase2/clancy/turn_clips/audio/DCBWoWhsTpA/DCBWoWhsTpA_turn06685.wav,DCBWoWhsTpA,group_by_youtube_id,dev,neutral,text_keyword_heuristic,LOW,YES,comparable Phase 1 and audio categorical outputs agree or audio class is not comparable,YES,"She was a very good kid and an excellent student. Very excellent student all through all through school, through high school, college? Yes. Excellent.","She was a very good kid and an excellent student. Very excellent student all through all through school, through high school, college? Yes. Excellent.",02:01:10.103,02:01:19.829,9.726,9.726,marker,MEDIUM,1,9,"DCBWoWhsTpA_utt05629#p02,DCBWoWhsTpA_utt05630#p01,DCBWoWhsTpA_utt05631#p01,DCBWoWhsTpA_utt05632#p01,DCBWoWhsTpA_utt05633#p01,DCBWoWhsTpA_utt05634#p01,DCBWoWhsTpA_utt05635#p01,DCBWoWhsTpA_utt05636#p01,DCBWoWhsTpA_utt05637#p01","DCBWoWhsTpA_utt05629,DCBWoWhsTpA_utt05630,DCBWoWhsTpA_utt05631,DCBWoWhsTpA_utt05632,DCBWoWhsTpA_utt05633,DCBWoWhsTpA_utt05634,DCBWoWhsTpA_utt05635,DCBWoWhsTpA_utt05636,DCBWoWhsTpA_utt05637",9,/Users/rajeshpmu/Desktop/LegalMemoCMT/data/phase2/clancy/corpus/raw/live-lindsay-clancy-trial-day-14/live-lindsay-clancy-trial-day-14_DCBWoWhsTpA.mp4,/Users/rajeshpmu/Desktop/LegalMemoCMT/data/phase2/clancy/corpus/raw/live-lindsay-clancy-trial-day-14/live-lindsay-clancy-trial-day-14_DCBWoWhsTpA.wav,/Users/rajeshpmu/Desktop/LegalMemoCMT/data/processed/phase2/clancy/turn_clips/video/DCBWoWhsTpA/DCBWoWhsTpA_turn06685.mp4,/Users/rajeshpmu/Desktop/LegalMemoCMT/data/processed/phase2/clancy/turn_clips/audio/DCBWoWhsTpA/DCBWoWhsTpA_turn06685.wav,7270.103,7279.829,9.726,created,02:01:10.103,02:01:19.829,0.0,default_zero,SPEAKER_02,5.314,pyannote/speaker-diarization-3.1,Witness,manual_verified_diarization,HIGH,YES,SPEAKING,Witness,YES,Witness 16 identified by manual audio/video review,INCLUDE,,YES,speaker_role=Witness,split_dev;usable,"usable because speaker_role=Witness, witness_speaking_status=SPEAKING, clip_status=created, duration=9.726s, and source is not excluded",YES,0.6,HIGH,manual_clip_review,HUMAN_VERIFIED,/Users/rajeshpmu/Desktop/LegalMemoCMT/data/processed/phase2/clancy/turn_clips/video/DCBWoWhsTpA/DCBWoWhsTpA_turn06685.mp4,/Users/rajeshpmu/Desktop/LegalMemoCMT/data/processed/phase2/clancy/vit_facecrop_embeddings/DCBWoWhsTpA/DCBWoWhsTpA_turn06685.npy,created,anger,0.669357,1.106671,"{""anger"": 0.669357, ""disgust"": 0.01506, ""fear"": 0.030254, ""joy"": 0.098929, ""neutral"": 0.143044, ""sadness"": 0.031055, ""surprise"": 0.012302}",/Users/rajeshpmu/Desktop/LegalMemoCMT/results/facial_cues/meld_vit_facecrop_gated_video_aux/fold_4/best_model.pt,phase1_meld_checkpoint_pseudo_label,"audio,text,video","audio,text,video","{""audio_dim"": 128, ""audio_model_name"": ""facebook/hubert-base-ls960"", ""dropout"": 0.1, ""encoder_mode"": ""paper"", ""freeze_audio_backbone"": false, ""freeze_text_backbone"": false, ""fusion_dim"": 256, ""fusion_mode"": ""gated"", ""fusion_pooling"": ""min"", ""max_audio_len"": 256, ""max_text_len"": 128, ""max_video_len"": 32, ""num_classes"": 7, ""num_heads"": 4, ""num_layers"": 2, ""text_dim"": 256, ""text_model_name"": ""bert-base-uncased"", ""use_video"": true, ""video_dim"": 768, ""vocab_size"": 30000}",/Users/rajeshpmu/Desktop/LegalMemoCMT/data/processed/phase2/clancy/turn_clips/audio/DCBWoWhsTpA/DCBWoWhsTpA_turn06685.wav,OK,,0.747095,0.490279,0.490279,0.581846,3loi/SER-Odyssey-Baseline-WavLM-Multi-Attributes,OK,neu,1.0,speechbrain/emotion-recognition-wav2vec2-IEMOCAP,OK,NO,UNCLEAR,no explicit emotion-target evidence,MEDIUM,LOW,MEDIUM,KEEP_PHASE1_CANDIDATE,anger,neutral,anger,0.669357,anger,0.669357,comparable Phase 1 and audio categorical outputs agree or audio class is not comparable,YES,UNKNOWN,,phase1_vs_comparable_audio_disagreement;speechbrain_neutral
DCBWoWhsTpA_turn06696,DCBWoWhsTpA_turn06696,DCBWoWhsTpA,https://www.youtube.com/live/DCBWoWhsTpA,LIVE: Lindsay Clancy trial Day 14,full_trial_stream,5,/Users/rajeshpmu/Desktop/LegalMemoCMT/data/phase2/clancy/corpus/raw/live-lindsay-clancy-trial-day-14/live-lindsay-clancy-trial-day-14_DCBWoWhsTpA.en.vtt,/Users/rajeshpmu/Desktop/LegalMemoCMT/data/processed/phase2/clancy/turn_clips/video/DCBWoWhsTpA/DCBWoWhsTpA_turn06696.mp4,/Users/rajeshpmu/Desktop/LegalMemoCMT/data/processed/phase2/clancy/turn_clips/audio/DCBWoWhsTpA/DCBWoWhsTpA_turn06696.wav,DCBWoWhsTpA,group_by_youtube_id,dev,neutral,text_keyword_heuristic,LOW,YES,comparable Phase 1 and audio categorical outputs agree or audio class is not comparable,YES,I loved my grandchildren with all my heart. You never know what it's like to love a grandchild until you become a grandmother. and it was the most beautiful thing. [gasps] I love them with all my heart.,I loved my grandchildren with all my heart. You never know what it's like to love a grandchild until you become a grandmother. and it was the most beautiful thing. [gasps] I love them with all my heart.,02:01:55.204,02:02:12.414,17.21,17.21,marker,MEDIUM,1,15,"DCBWoWhsTpA_utt05675#p02,DCBWoWhsTpA_utt05676#p01,DCBWoWhsTpA_utt05677#p01,DCBWoWhsTpA_utt05678#p01,DCBWoWhsTpA_utt05679#p01,DCBWoWhsTpA_utt05680#p01,DCBWoWhsTpA_utt05681#p01,DCBWoWhsTpA_utt05682#p01,DCBWoWhsTpA_utt05683#p01,DCBWoWhsTpA_utt05684#p01,DCBWoWhsTpA_utt05685#p01,DCBWoWhsTpA_utt05686#p01,DCBWoWhsTpA_utt05687#p01,DCBWoWhsTpA_utt05688#p01,DCBWoWhsTpA_utt05689#p01","DCBWoWhsTpA_utt05675,DCBWoWhsTpA_utt05676,DCBWoWhsTpA_utt05677,DCBWoWhsTpA_utt05678,DCBWoWhsTpA_utt05679,DCBWoWhsTpA_utt05680,DCBWoWhsTpA_utt05681,DCBWoWhsTpA_utt05682,DCBWoWhsTpA_utt05683,DCBWoWhsTpA_utt05684,DCBWoWhsTpA_utt05685,DCBWoWhsTpA_utt05686,DCBWoWhsTpA_utt05687,DCBWoWhsTpA_utt05688,DCBWoWhsTpA_utt05689",15,/Users/rajeshpmu/Desktop/LegalMemoCMT/data/phase2/clancy/corpus/raw/live-lindsay-clancy-trial-day-14/live-lindsay-clancy-trial-day-14_DCBWoWhsTpA.mp4,/Users/rajeshpmu/Desktop/LegalMemoCMT/data/phase2/clancy/corpus/raw/live-lindsay-clancy-trial-day-14/live-lindsay-clancy-trial-day-14_DCBWoWhsTpA.wav,/Users/rajeshpmu/Desktop/LegalMemoCMT/data/processed/phase2/clancy/turn_clips/video/DCBWoWhsTpA/DCBWoWhsTpA_turn06696.mp4,/Users/rajeshpmu/Desktop/LegalMemoCMT/data/processed/phase2/clancy/turn_clips/audio/DCBWoWhsTpA/DCBWoWhsTpA_turn06696.wav,7315.204,7332.414,17.21,created,02:01:55.204,02:02:12.414,0.0,default_zero,SPEAKER_02,5.518,pyannote/speaker-diarization-3.1,Witness,manual_verified_diarization,HIGH,YES,SPEAKING,Witness,YES,Witness 16 identified by manual audio/video review,INCLUDE,,YES,speaker_role=Witness,split_dev;usable,"usable because speaker_role=Witness, witness_speaking_status=SPEAKING, clip_status=created, duration=17.210s, and source is not excluded",YES,0.6,HIGH,manual_clip_review,HUMAN_VERIFIED,/Users/rajeshpmu/Desktop/LegalMemoCMT/data/processed/phase2/clancy/turn_clips/video/DCBWoWhsTpA/DCBWoWhsTpA_turn06696.mp4,/Users/rajeshpmu/Desktop/LegalMemoCMT/data/processed/phase2/clancy/vit_facecrop_embeddings/DCBWoWhsTpA/DCBWoWhsTpA_turn06696.npy,created,anger,0.980332,0.129603,"{""anger"": 0.980332, ""disgust"": 0.003019, ""fear"": 0.005482, ""joy"": 0.004129, ""neutral"": 0.003772, ""sadness"": 0.002596, ""surprise"": 0.000671}",/Users/rajeshpmu/Desktop/LegalMemoCMT/results/facial_cues/meld_vit_facecrop_gated_video_aux/fold_4/best_model.pt,phase1_meld_checkpoint_pseudo_label,"audio,text,video","audio,text,video","{""audio_dim"": 128, ""audio_model_name"": ""facebook/hubert-base-ls960"", ""dropout"": 0.1, ""encoder_mode"": ""paper"", ""freeze_audio_backbone"": false, ""freeze_text_backbone"": false, ""fusion_dim"": 256, ""fusion_mode"": ""gated"", ""fusion_pooling"": ""min"", ""max_audio_len"": 256, ""max_text_len"": 128, ""max_video_len"": 32, ""num_classes"": 7, ""num_heads"": 4, ""num_layers"": 2, ""text_dim"": 256, ""text_model_name"": ""bert-base-uncased"", ""use_video"": true, ""video_dim"": 768, ""vocab_size"": 30000}",/Users/rajeshpmu/Desktop/LegalMemoCMT/data/processed/phase2/clancy/turn_clips/audio/DCBWoWhsTpA/DCBWoWhsTpA_turn06696.wav,OK,,0.583126,0.459293,0.459293,0.548199,3loi/SER-Odyssey-Baseline-WavLM-Multi-Attributes,OK,hap,1.0,speechbrain/emotion-recognition-wav2vec2-IEMOCAP,OK,NO,UNCLEAR,no explicit emotion-target evidence,HIGH,LOW,HIGH,KEEP_PHASE1_CANDIDATE,anger,joy,anger,0.980332,anger,0.980332,comparable Phase 1 and audio categorical outputs agree or audio class is not comparable,YES,UNKNOWN,,phase1_vs_comparable_audio_disagreement
DCBWoWhsTpA_turn06703,DCBWoWhsTpA_turn06703,DCBWoWhsTpA,https://www.youtube.com/live/DCBWoWhsTpA,LIVE: Lindsay Clancy trial Day 14,full_trial_stream,5,/Users/rajeshpmu/Desktop/LegalMemoCMT/data/phase2/clancy/corpus/raw/live-lindsay-clancy-trial-day-14/live-lindsay-clancy-trial-day-14_DCBWoWhsTpA.en.vtt,/Users/rajeshpmu/Desktop/LegalMemoCMT/data/processed/phase2/clancy/turn_clips/video/DCBWoWhsTpA/DCBWoWhsTpA_turn06703.mp4,/Users/rajeshpmu/Desktop/LegalMemoCMT/data/processed/phase2/clancy/turn_clips/audio/DCBWoWhsTpA/DCBWoWhsTpA_turn06703.wav,DCBWoWhsTpA,group_by_youtube_id,dev,neutral,text_keyword_heuristic,LOW,NO,"audio and courtroom-affect evidence support neutral, but emotion target is unresolved",YES,And how how often would you see them or talk to them or what would you do? You go to cookouts or you have parties or how would you socialize? um myself and [clears throat] my husband would travel from Connecticut to Ducks um at least two or three times a month as well as them coming to Connecticut to visit us.,And how how often would you see them or talk to them or what would you do? You go to cookouts or you have parties or how would you socialize? um myself and [clears throat] my husband would travel from Connecticut to Ducks um at least two or three times a month as well as them coming to Connecticut to visit us.,02:03:17.583,02:03:39.040,21.457,21.457,marker,MEDIUM,1,21,"DCBWoWhsTpA_utt05741#p02,DCBWoWhsTpA_utt05742#p01,DCBWoWhsTpA_utt05743#p01,DCBWoWhsTpA_utt05744#p01,DCBWoWhsTpA_utt05745#p01,DCBWoWhsTpA_utt05746#p01,DCBWoWhsTpA_utt05747#p01,DCBWoWhsTpA_utt05748#p01,DCBWoWhsTpA_utt05749#p01,DCBWoWhsTpA_utt05750#p01,DCBWoWhsTpA_utt05751#p01,DCBWoWhsTpA_utt05752#p01,DCBWoWhsTpA_utt05753#p01,DCBWoWhsTpA_utt05754#p01,DCBWoWhsTpA_utt05755#p01,DCBWoWhsTpA_utt05756#p01,DCBWoWhsTpA_utt05757#p01,DCBWoWhsTpA_utt05758#p01,DCBWoWhsTpA_utt05759#p01,DCBWoWhsTpA_utt05759#p02,DCBWoWhsTpA_utt05760#p01","DCBWoWhsTpA_utt05741,DCBWoWhsTpA_utt05742,DCBWoWhsTpA_utt05743,DCBWoWhsTpA_utt05744,DCBWoWhsTpA_utt05745,DCBWoWhsTpA_utt05746,DCBWoWhsTpA_utt05747,DCBWoWhsTpA_utt05748,DCBWoWhsTpA_utt05749,DCBWoWhsTpA_utt05750,DCBWoWhsTpA_utt05751,DCBWoWhsTpA_utt05752,DCBWoWhsTpA_utt05753,DCBWoWhsTpA_utt05754,DCBWoWhsTpA_utt05755,DCBWoWhsTpA_utt05756,DCBWoWhsTpA_utt05757,DCBWoWhsTpA_utt05758,DCBWoWhsTpA_utt05759,DCBWoWhsTpA_utt05760",20,/Users/rajeshpmu/Desktop/LegalMemoCMT/data/phase2/clancy/corpus/raw/live-lindsay-clancy-trial-day-14/live-lindsay-clancy-trial-day-14_DCBWoWhsTpA.mp4,/Users/rajeshpmu/Desktop/LegalMemoCMT/data/phase2/clancy/corpus/raw/live-lindsay-clancy-trial-day-14/live-lindsay-clancy-trial-day-14_DCBWoWhsTpA.wav,/Users/rajeshpmu/Desktop/LegalMemoCMT/data/processed/phase2/clancy/turn_clips/video/DCBWoWhsTpA/DCBWoWhsTpA_turn06703.mp4,/Users/rajeshpmu/Desktop/LegalMemoCMT/data/processed/phase2/clancy/turn_clips/audio/DCBWoWhsTpA/DCBWoWhsTpA_turn06703.wav,7397.583,7419.04,21.457,created,02:03:17.583,02:03:39.040,0.0,default_zero,SPEAKER_02,11.205,pyannote/speaker-diarization-3.1,Witness,manual_verified_diarization,HIGH,YES,SPEAKING,Witness,YES,Witness 16 identified by manual audio/video review,INCLUDE,,YES,speaker_role=Witness,split_dev;usable,"usable because speaker_role=Witness, witness_speaking_status=SPEAKING, clip_status=created, duration=21.457s, and source is not excluded",YES,0.6,HIGH,manual_clip_review,HUMAN_VERIFIED,/Users/rajeshpmu/Desktop/LegalMemoCMT/data/processed/phase2/clancy/turn_clips/video/DCBWoWhsTpA/DCBWoWhsTpA_turn06703.mp4,/Users/rajeshpmu/Desktop/LegalMemoCMT/data/processed/phase2/clancy/vit_facecrop_embeddings/DCBWoWhsTpA/DCBWoWhsTpA_turn06703.npy,created,neutral,0.901629,0.489189,"{""anger"": 0.022089, ""disgust"": 0.006602, ""fear"": 0.027334, ""joy"": 0.01622, ""neutral"": 0.901629, ""sadness"": 0.011834, ""surprise"": 0.014293}",/Users/rajeshpmu/Desktop/LegalMemoCMT/results/facial_cues/meld_vit_facecrop_gated_video_aux/fold_4/best_model.pt,phase1_meld_checkpoint_pseudo_label,"audio,text,video","audio,text,video","{""audio_dim"": 128, ""audio_model_name"": ""facebook/hubert-base-ls960"", ""dropout"": 0.1, ""encoder_mode"": ""paper"", ""freeze_audio_backbone"": false, ""freeze_text_backbone"": false, ""fusion_dim"": 256, ""fusion_mode"": ""gated"", ""fusion_pooling"": ""min"", ""max_audio_len"": 256, ""max_text_len"": 128, ""max_video_len"": 32, ""num_classes"": 7, ""num_heads"": 4, ""num_layers"": 2, ""text_dim"": 256, ""text_model_name"": ""bert-base-uncased"", ""use_video"": true, ""video_dim"": 768, ""vocab_size"": 30000}",/Users/rajeshpmu/Desktop/LegalMemoCMT/data/processed/phase2/clancy/turn_clips/audio/DCBWoWhsTpA/DCBWoWhsTpA_turn06703.wav,OK,,0.50721,0.325464,0.325464,0.387484,3loi/SER-Odyssey-Baseline-WavLM-Multi-Attributes,OK,neu,1.0,speechbrain/emotion-recognition-wav2vec2-IEMOCAP,OK,NO,UNCLEAR,no explicit emotion-target evidence,LOW,LOW,LOW,NEUTRAL_CANDIDATE,neutral,neutral,neutral,0.580000,neutral,0.580000,"audio and courtroom-affect evidence support neutral, but emotion target is unresolved",NO,CALM_COMPOSED,1,low_or_moderate_audio_arousal;speechbrain_neutral
DCBWoWhsTpA_turn06711,DCBWoWhsTpA_turn06711,DCBWoWhsTpA,https://www.youtube.com/live/DCBWoWhsTpA,LIVE: Lindsay Clancy trial Day 14,full_trial_stream,5,/Users/rajeshpmu/Desktop/LegalMemoCMT/data/phase2/clancy/corpus/raw/live-lindsay-clancy-trial-day-14/live-lindsay-clancy-trial-day-14_DCBWoWhsTpA.en.vtt,/Users/rajeshpmu/Desktop/LegalMemoCMT/data/processed/phase2/clancy/turn_clips/video/DCBWoWhsTpA/DCBWoWhsTpA_turn06711.mp4,/Users/rajeshpmu/Desktop/LegalMemoCMT/data/processed/phase2/clancy/turn_clips/audio/DCBWoWhsTpA/DCBWoWhsTpA_turn06711.wav,DCBWoWhsTpA,group_by_youtube_id,dev,neutral,text_keyword_heuristic,LOW,YES,comparable Phase 1 and audio categorical outputs agree or audio class is not comparable,YES,Tell the jury when that was. Um it was sometime probably around the second week of October.,Tell the jury when that was. Um it was sometime probably around the second week of October.,02:04:13.690,02:04:21.123,7.433,7.433,marker,MEDIUM,1,7,"DCBWoWhsTpA_utt05793#p02,DCBWoWhsTpA_utt05794#p01,DCBWoWhsTpA_utt05795#p01,DCBWoWhsTpA_utt05796#p01,DCBWoWhsTpA_utt05797#p01,DCBWoWhsTpA_utt05798#p01,DCBWoWhsTpA_utt05799#p01","DCBWoWhsTpA_utt05793,DCBWoWhsTpA_utt05794,DCBWoWhsTpA_utt05795,DCBWoWhsTpA_utt05796,DCBWoWhsTpA_utt05797,DCBWoWhsTpA_utt05798,DCBWoWhsTpA_utt05799",7,/Users/rajeshpmu/Desktop/LegalMemoCMT/data/phase2/clancy/corpus/raw/live-lindsay-clancy-trial-day-14/live-lindsay-clancy-trial-day-14_DCBWoWhsTpA.mp4,/Users/rajeshpmu/Desktop/LegalMemoCMT/data/phase2/clancy/corpus/raw/live-lindsay-clancy-trial-day-14/live-lindsay-clancy-trial-day-14_DCBWoWhsTpA.wav,/Users/rajeshpmu/Desktop/LegalMemoCMT/data/processed/phase2/clancy/turn_clips/video/DCBWoWhsTpA/DCBWoWhsTpA_turn06711.mp4,/Users/rajeshpmu/Desktop/LegalMemoCMT/data/processed/phase2/clancy/turn_clips/audio/DCBWoWhsTpA/DCBWoWhsTpA_turn06711.wav,7453.69,7461.123,7.433,created,02:04:13.690,02:04:21.123,0.0,default_zero,SPEAKER_02,4.421,pyannote/speaker-diarization-3.1,Witness,manual_verified_diarization,HIGH,YES,SPEAKING,Witness,YES,Witness 16 identified by manual audio/video review,INCLUDE,,YES,speaker_role=Witness,split_dev;usable,"usable because speaker_role=Witness, witness_speaking_status=SPEAKING, clip_status=created, duration=7.433s, and source is not excluded",YES,0.6,HIGH,manual_clip_review,HUMAN_VERIFIED,/Users/rajeshpmu/Desktop/LegalMemoCMT/data/processed/phase2/clancy/turn_clips/video/DCBWoWhsTpA/DCBWoWhsTpA_turn06711.mp4,/Users/rajeshpmu/Desktop/LegalMemoCMT/data/processed/phase2/clancy/vit_facecrop_embeddings/DCBWoWhsTpA/DCBWoWhsTpA_turn06711.npy,created,neutral,0.822293,0.728033,"{""anger"": 0.051637, ""disgust"": 0.007098, ""fear"": 0.010504, ""joy"": 0.069199, ""neutral"": 0.822293, ""sadness"": 0.031732, ""surprise"": 0.007535}",/Users/rajeshpmu/Desktop/LegalMemoCMT/results/facial_cues/meld_vit_facecrop_gated_video_aux/fold_4/best_model.pt,phase1_meld_checkpoint_pseudo_label,"audio,text,video","audio,text,video","{""audio_dim"": 128, ""audio_model_name"": ""facebook/hubert-base-ls960"", ""dropout"": 0.1, ""encoder_mode"": ""paper"", ""freeze_audio_backbone"": false, ""freeze_text_backbone"": false, ""fusion_dim"": 256, ""fusion_mode"": ""gated"", ""fusion_pooling"": ""min"", ""max_audio_len"": 256, ""max_text_len"": 128, ""max_video_len"": 32, ""num_classes"": 7, ""num_heads"": 4, ""num_layers"": 2, ""text_dim"": 256, ""text_model_name"": ""bert-base-uncased"", ""use_video"": true, ""video_dim"": 768, ""vocab_size"": 30000}",/Users/rajeshpmu/Desktop/LegalMemoCMT/data/processed/phase2/clancy/turn_clips/audio/DCBWoWhsTpA/DCBWoWhsTpA_turn06711.wav,OK,,0.409678,0.286502,0.286502,0.359057,3loi/SER-Odyssey-Baseline-WavLM-Multi-Attributes,OK,ang,0.77402,speechbrain/emotion-recognition-wav2vec2-IEMOCAP,OK,NO,UNCLEAR,no explicit emotion-target evidence,MEDIUM,LOW,MEDIUM,KEEP_PHASE1_CANDIDATE,neutral,anger,neutral,0.822293,neutral,0.822293,comparable Phase 1 and audio categorical outputs agree or audio class is not comparable,YES,UNKNOWN,,phase1_vs_comparable_audio_disagreement;low_or_moderate_audio_arousal
DCBWoWhsTpA_turn06712,DCBWoWhsTpA_turn06712,DCBWoWhsTpA,https://www.youtube.com/live/DCBWoWhsTpA,LIVE: Lindsay Clancy trial Day 14,full_trial_stream,5,/Users/rajeshpmu/Desktop/LegalMemoCMT/data/phase2/clancy/corpus/raw/live-lindsay-clancy-trial-day-14/live-lindsay-clancy-trial-day-14_DCBWoWhsTpA.en.vtt,/Users/rajeshpmu/Desktop/LegalMemoCMT/data/processed/phase2/clancy/turn_clips/video/DCBWoWhsTpA/DCBWoWhsTpA_turn06712.mp4,/Users/rajeshpmu/Desktop/LegalMemoCMT/data/processed/phase2/clancy/turn_clips/audio/DCBWoWhsTpA/DCBWoWhsTpA_turn06712.wav,DCBWoWhsTpA,group_by_youtube_id,dev,neutral,text_keyword_heuristic,LOW,YES,"audio and courtroom-affect evidence support neutral, but emotion target is unresolved",YES,What happened that you noticed?,What happened that you noticed?,02:04:21.123,02:04:23.651,2.528,2.528,marker,MEDIUM,1,3,"DCBWoWhsTpA_utt05799#p02,DCBWoWhsTpA_utt05800#p01,DCBWoWhsTpA_utt05801#p01","DCBWoWhsTpA_utt05799,DCBWoWhsTpA_utt05800,DCBWoWhsTpA_utt05801",3,/Users/rajeshpmu/Desktop/LegalMemoCMT/data/phase2/clancy/corpus/raw/live-lindsay-clancy-trial-day-14/live-lindsay-clancy-trial-day-14_DCBWoWhsTpA.mp4,/Users/rajeshpmu/Desktop/LegalMemoCMT/data/phase2/clancy/corpus/raw/live-lindsay-clancy-trial-day-14/live-lindsay-clancy-trial-day-14_DCBWoWhsTpA.wav,/Users/rajeshpmu/Desktop/LegalMemoCMT/data/processed/phase2/clancy/turn_clips/video/DCBWoWhsTpA/DCBWoWhsTpA_turn06712.mp4,/Users/rajeshpmu/Desktop/LegalMemoCMT/data/processed/phase2/clancy/turn_clips/audio/DCBWoWhsTpA/DCBWoWhsTpA_turn06712.wav,7461.123,7463.651,2.528,created,02:04:21.123,02:04:23.651,0.0,default_zero,SPEAKER_02,1.411,pyannote/speaker-diarization-3.1,Witness,manual_verified_diarization,HIGH,YES,SPEAKING,Witness,YES,Witness 16 identified by manual audio/video review,INCLUDE,,YES,speaker_role=Witness,split_dev;usable,"usable because speaker_role=Witness, witness_speaking_status=SPEAKING, clip_status=created, duration=2.528s, and source is not excluded",YES,0.6,HIGH,manual_clip_review,HUMAN_VERIFIED,/Users/rajeshpmu/Desktop/LegalMemoCMT/data/processed/phase2/clancy/turn_clips/video/DCBWoWhsTpA/DCBWoWhsTpA_turn06712.mp4,/Users/rajeshpmu/Desktop/LegalMemoCMT/data/processed/phase2/clancy/vit_facecrop_embeddings/DCBWoWhsTpA/DCBWoWhsTpA_turn06712.npy,created,disgust,0.699425,0.79429,"{""anger"": 0.0141, ""disgust"": 0.699425, ""fear"": 0.007332, ""joy"": 0.009074, ""neutral"": 0.259284, ""sadness"": 0.007524, ""surprise"": 0.003261}",/Users/rajeshpmu/Desktop/LegalMemoCMT/results/facial_cues/meld_vit_facecrop_gated_video_aux/fold_4/best_model.pt,phase1_meld_checkpoint_pseudo_label,"audio,text,video","audio,text,video","{""audio_dim"": 128, ""audio_model_name"": ""facebook/hubert-base-ls960"", ""dropout"": 0.1, ""encoder_mode"": ""paper"", ""freeze_audio_backbone"": false, ""freeze_text_backbone"": false, ""fusion_dim"": 256, ""fusion_mode"": ""gated"", ""fusion_pooling"": ""min"", ""max_audio_len"": 256, ""max_text_len"": 128, ""max_video_len"": 32, ""num_classes"": 7, ""num_heads"": 4, ""num_layers"": 2, ""text_dim"": 256, ""text_model_name"": ""bert-base-uncased"", ""use_video"": true, ""video_dim"": 768, ""vocab_size"": 30000}",/Users/rajeshpmu/Desktop/LegalMemoCMT/data/processed/phase2/clancy/turn_clips/audio/DCBWoWhsTpA/DCBWoWhsTpA_turn06712.wav,OK,,0.37984,0.304438,0.304438,0.370448,3loi/SER-Odyssey-Baseline-WavLM-Multi-Attributes,OK,neu,0.999999,speechbrain/emotion-recognition-wav2vec2-IEMOCAP,OK,NO,UNCLEAR,no explicit emotion-target evidence,MEDIUM,LOW,MEDIUM,NEUTRAL_CANDIDATE,disgust,neutral,neutral,0.580000,neutral,0.580000,"audio and courtroom-affect evidence support neutral, but emotion target is unresolved",YES,CALM_COMPOSED,1,phase1_vs_comparable_audio_disagreement;low_or_moderate_audio_arousal;speechbrain_neutral
DCBWoWhsTpA_turn06713,DCBWoWhsTpA_turn06713,DCBWoWhsTpA,https://www.youtube.com/live/DCBWoWhsTpA,LIVE: Lindsay Clancy trial Day 14,full_trial_stream,5,/Users/rajeshpmu/Desktop/LegalMemoCMT/data/phase2/clancy/corpus/raw/live-lindsay-clancy-trial-day-14/live-lindsay-clancy-trial-day-14_DCBWoWhsTpA.en.vtt,/Users/rajeshpmu/Desktop/LegalMemoCMT/data/processed/phase2/clancy/turn_clips/video/DCBWoWhsTpA/DCBWoWhsTpA_turn06713.mp4,/Users/rajeshpmu/Desktop/LegalMemoCMT/data/processed/phase2/clancy/turn_clips/audio/DCBWoWhsTpA/DCBWoWhsTpA_turn06713.wav,DCBWoWhsTpA,group_by_youtube_id,dev,neutral,text_keyword_heuristic,LOW,NO,PHASE1_AUDIO_AGREEMENT,YES,"I noticed that she was had become very anxious. She was uh she told me she was anxious about going back to work because Ken was having trouble taking a bottle and she didn't feel right about leaving him. And as a result of that, did she tell you that she was going to put off going back to work? [snorts]","I noticed that she was had become very anxious. She was uh she told me she was anxious about going back to work because Ken was having trouble taking a bottle and she didn't feel right about leaving him. And as a result of that, did she tell you that she was going to put off going back to work? [snorts]",02:04:23.651,02:04:45.911,22.26,22.26,marker,MEDIUM,1,19,"DCBWoWhsTpA_utt05801#p02,DCBWoWhsTpA_utt05802#p01,DCBWoWhsTpA_utt05803#p01,DCBWoWhsTpA_utt05804#p01,DCBWoWhsTpA_utt05805#p01,DCBWoWhsTpA_utt05806#p01,DCBWoWhsTpA_utt05807#p01,DCBWoWhsTpA_utt05808#p01,DCBWoWhsTpA_utt05809#p01,DCBWoWhsTpA_utt05810#p01,DCBWoWhsTpA_utt05811#p01,DCBWoWhsTpA_utt05812#p01,DCBWoWhsTpA_utt05813#p01,DCBWoWhsTpA_utt05814#p01,DCBWoWhsTpA_utt05815#p01,DCBWoWhsTpA_utt05816#p01,DCBWoWhsTpA_utt05817#p01,DCBWoWhsTpA_utt05818#p01,DCBWoWhsTpA_utt05819#p01","DCBWoWhsTpA_utt05801,DCBWoWhsTpA_utt05802,DCBWoWhsTpA_utt05803,DCBWoWhsTpA_utt05804,DCBWoWhsTpA_utt05805,DCBWoWhsTpA_utt05806,DCBWoWhsTpA_utt05807,DCBWoWhsTpA_utt05808,DCBWoWhsTpA_utt05809,DCBWoWhsTpA_utt05810,DCBWoWhsTpA_utt05811,DCBWoWhsTpA_utt05812,DCBWoWhsTpA_utt05813,DCBWoWhsTpA_utt05814,DCBWoWhsTpA_utt05815,DCBWoWhsTpA_utt05816,DCBWoWhsTpA_utt05817,DCBWoWhsTpA_utt05818,DCBWoWhsTpA_utt05819",19,/Users/rajeshpmu/Desktop/LegalMemoCMT/data/phase2/clancy/corpus/raw/live-lindsay-clancy-trial-day-14/live-lindsay-clancy-trial-day-14_DCBWoWhsTpA.mp4,/Users/rajeshpmu/Desktop/LegalMemoCMT/data/phase2/clancy/corpus/raw/live-lindsay-clancy-trial-day-14/live-lindsay-clancy-trial-day-14_DCBWoWhsTpA.wav,/Users/rajeshpmu/Desktop/LegalMemoCMT/data/processed/phase2/clancy/turn_clips/video/DCBWoWhsTpA/DCBWoWhsTpA_turn06713.mp4,/Users/rajeshpmu/Desktop/LegalMemoCMT/data/processed/phase2/clancy/turn_clips/audio/DCBWoWhsTpA/DCBWoWhsTpA_turn06713.wav,7463.651,7485.911,22.26,created,02:04:23.651,02:04:45.911,0.0,default_zero,SPEAKER_02,8.326,pyannote/speaker-diarization-3.1,Witness,manual_verified_diarization,HIGH,YES,SPEAKING,Witness,YES,Witness 16 identified by manual audio/video review,INCLUDE,,YES,speaker_role=Witness,split_dev;usable,"usable because speaker_role=Witness, witness_speaking_status=SPEAKING, clip_status=created, duration=22.260s, and source is not excluded",YES,0.6,HIGH,manual_clip_review,HUMAN_VERIFIED,/Users/rajeshpmu/Desktop/LegalMemoCMT/data/processed/phase2/clancy/turn_clips/video/DCBWoWhsTpA/DCBWoWhsTpA_turn06713.mp4,/Users/rajeshpmu/Desktop/LegalMemoCMT/data/processed/phase2/clancy/vit_facecrop_embeddings/DCBWoWhsTpA/DCBWoWhsTpA_turn06713.npy,created,sadness,0.346581,1.61204,"{""anger"": 0.035786, ""disgust"": 0.036112, ""fear"": 0.08523, ""joy"": 0.095046, ""neutral"": 0.317362, ""sadness"": 0.346581, ""surprise"": 0.083883}",/Users/rajeshpmu/Desktop/LegalMemoCMT/results/facial_cues/meld_vit_facecrop_gated_video_aux/fold_4/best_model.pt,phase1_meld_checkpoint_pseudo_label,"audio,text,video","audio,text,video","{""audio_dim"": 128, ""audio_model_name"": ""facebook/hubert-base-ls960"", ""dropout"": 0.1, ""encoder_mode"": ""paper"", ""freeze_audio_backbone"": false, ""freeze_text_backbone"": false, ""fusion_dim"": 256, ""fusion_mode"": ""gated"", ""fusion_pooling"": ""min"", ""max_audio_len"": 256, ""max_text_len"": 128, ""max_video_len"": 32, ""num_classes"": 7, ""num_heads"": 4, ""num_layers"": 2, ""text_dim"": 256, ""text_model_name"": ""bert-base-uncased"", ""use_video"": true, ""video_dim"": 768, ""vocab_size"": 30000}",/Users/rajeshpmu/Desktop/LegalMemoCMT/data/processed/phase2/clancy/turn_clips/audio/DCBWoWhsTpA/DCBWoWhsTpA_turn06713.wav,OK,,0.256064,0.307168,0.307168,0.437432,3loi/SER-Odyssey-Baseline-WavLM-Multi-Attributes,OK,sad,1.0,speechbrain/emotion-recognition-wav2vec2-IEMOCAP,OK,YES,OTHER_PERSON_DESCRIBED,emotion term occurs with other-person reference,LOW,HIGH,LOW,KEEP_PHASE1_CANDIDATE,sadness,sadness,sadness,0.346581,sadness,0.346581,PHASE1_AUDIO_AGREEMENT,NO,UNKNOWN,,other_person_emotion_scope;low_or_moderate_audio_arousal
DCBWoWhsTpA_turn06714,DCBWoWhsTpA_turn06714,DCBWoWhsTpA,https://www.youtube.com/live/DCBWoWhsTpA,LIVE: Lindsay Clancy trial Day 14,full_trial_stream,5,/Users/rajeshpmu/Desktop/LegalMemoCMT/data/phase2/clancy/corpus/raw/live-lindsay-clancy-trial-day-14/live-lindsay-clancy-trial-day-14_DCBWoWhsTpA.en.vtt,/Users/rajeshpmu/Desktop/LegalMemoCMT/data/processed/phase2/clancy/turn_clips/video/DCBWoWhsTpA/DCBWoWhsTpA_turn06714.mp4,/Users/rajeshpmu/Desktop/LegalMemoCMT/data/processed/phase2/clancy/turn_clips/audio/DCBWoWhsTpA/DCBWoWhsTpA_turn06714.wav,DCBWoWhsTpA,group_by_youtube_id,dev,neutral,text_keyword_heuristic,LOW,YES,comparable Phase 1 and audio categorical outputs agree or audio class is not comparable,YES,Yes. She told me she was applying for an extension.,Yes. She told me she was applying for an extension.,02:04:45.911,02:04:47.951,2.04,2.04,marker,MEDIUM,1,5,"DCBWoWhsTpA_utt05819#p02,DCBWoWhsTpA_utt05820#p01,DCBWoWhsTpA_utt05821#p01,DCBWoWhsTpA_utt05822#p01,DCBWoWhsTpA_utt05823#p01","DCBWoWhsTpA_utt05819,DCBWoWhsTpA_utt05820,DCBWoWhsTpA_utt05821,DCBWoWhsTpA_utt05822,DCBWoWhsTpA_utt05823",5,/Users/rajeshpmu/Desktop/LegalMemoCMT/data/phase2/clancy/corpus/raw/live-lindsay-clancy-trial-day-14/live-lindsay-clancy-trial-day-14_DCBWoWhsTpA.mp4,/Users/rajeshpmu/Desktop/LegalMemoCMT/data/phase2/clancy/corpus/raw/live-lindsay-clancy-trial-day-14/live-lindsay-clancy-trial-day-14_DCBWoWhsTpA.wav,/Users/rajeshpmu/Desktop/LegalMemoCMT/data/processed/phase2/clancy/turn_clips/video/DCBWoWhsTpA/DCBWoWhsTpA_turn06714.mp4,/Users/rajeshpmu/Desktop/LegalMemoCMT/data/processed/phase2/clancy/turn_clips/audio/DCBWoWhsTpA/DCBWoWhsTpA_turn06714.wav,7485.911,7487.951,2.04,created,02:04:45.911,02:04:47.951,0.0,default_zero,SPEAKER_02,1.726,pyannote/speaker-diarization-3.1,Witness,manual_verified_diarization,HIGH,YES,SPEAKING,Witness,YES,Witness 16 identified by manual audio/video review,INCLUDE,,YES,speaker_role=Witness,split_dev;usable,"usable because speaker_role=Witness, witness_speaking_status=SPEAKING, clip_status=created, duration=2.040s, and source is not excluded",YES,0.6,HIGH,manual_clip_review,HUMAN_VERIFIED,/Users/rajeshpmu/Desktop/LegalMemoCMT/data/processed/phase2/clancy/turn_clips/video/DCBWoWhsTpA/DCBWoWhsTpA_turn06714.mp4,/Users/rajeshpmu/Desktop/LegalMemoCMT/data/processed/phase2/clancy/vit_facecrop_embeddings/DCBWoWhsTpA/DCBWoWhsTpA_turn06714.npy,created,neutral,0.717144,1.070731,"{""anger"": 0.033385, ""disgust"": 0.039457, ""fear"": 0.095927, ""joy"": 0.045278, ""neutral"": 0.717144, ""sadness"": 0.0481, ""surprise"": 0.020709}",/Users/rajeshpmu/Desktop/LegalMemoCMT/results/facial_cues/meld_vit_facecrop_gated_video_aux/fold_4/best_model.pt,phase1_meld_checkpoint_pseudo_label,"audio,text,video","audio,text,video","{""audio_dim"": 128, ""audio_model_name"": ""facebook/hubert-base-ls960"", ""dropout"": 0.1, ""encoder_mode"": ""paper"", ""freeze_audio_backbone"": false, ""freeze_text_backbone"": false, ""fusion_dim"": 256, ""fusion_mode"": ""gated"", ""fusion_pooling"": ""min"", ""max_audio_len"": 256, ""max_text_len"": 128, ""max_video_len"": 32, ""num_classes"": 7, ""num_heads"": 4, ""num_layers"": 2, ""text_dim"": 256, ""text_model_name"": ""bert-base-uncased"", ""use_video"": true, ""video_dim"": 768, ""vocab_size"": 30000}",/Users/rajeshpmu/Desktop/LegalMemoCMT/data/processed/phase2/clancy/turn_clips/audio/DCBWoWhsTpA/DCBWoWhsTpA_turn06714.wav,OK,,0.381021,0.348845,0.348845,0.437604,3loi/SER-Odyssey-Baseline-WavLM-Multi-Attributes,OK,hap,0.984909,speechbrain/emotion-recognition-wav2vec2-IEMOCAP,OK,NO,QUOTED_SPEECH,quote or reported speech marker,HIGH,LOW,HIGH,KEEP_PHASE1_CANDIDATE,neutral,joy,neutral,0.717144,neutral,0.717144,comparable Phase 1 and audio categorical outputs agree or audio class is not comparable,YES,UNKNOWN,,phase1_vs_comparable_audio_disagreement;low_or_moderate_audio_arousal
DCBWoWhsTpA_turn06719,DCBWoWhsTpA_turn06719,DCBWoWhsTpA,https://www.youtube.com/live/DCBWoWhsTpA,LIVE: Lindsay Clancy trial Day 14,full_trial_stream,5,/Users/rajeshpmu/Desktop/LegalMemoCMT/data/phase2/clancy/corpus/raw/live-lindsay-clancy-trial-day-14/live-lindsay-clancy-trial-day-14_DCBWoWhsTpA.en.vtt,/Users/rajeshpmu/Desktop/LegalMemoCMT/data/processed/phase2/clancy/turn_clips/video/DCBWoWhsTpA/DCBWoWhsTpA_turn06719.mp4,/Users/rajeshpmu/Desktop/LegalMemoCMT/data/processed/phase2/clancy/turn_clips/audio/DCBWoWhsTpA/DCBWoWhsTpA_turn06719.wav,DCBWoWhsTpA,group_by_youtube_id,dev,neutral,text_keyword_heuristic,LOW,YES,comparable Phase 1 and audio categorical outputs agree or audio class is not comparable,YES,She sent me a text message.,She sent me a text message.,02:05:10.618,02:05:13.103,2.485,2.485,marker,MEDIUM,1,3,"DCBWoWhsTpA_utt05843#p02,DCBWoWhsTpA_utt05844#p01,DCBWoWhsTpA_utt05845#p01","DCBWoWhsTpA_utt05843,DCBWoWhsTpA_utt05844,DCBWoWhsTpA_utt05845",3,/Users/rajeshpmu/Desktop/LegalMemoCMT/data/phase2/clancy/corpus/raw/live-lindsay-clancy-trial-day-14/live-lindsay-clancy-trial-day-14_DCBWoWhsTpA.mp4,/Users/rajeshpmu/Desktop/LegalMemoCMT/data/phase2/clancy/corpus/raw/live-lindsay-clancy-trial-day-14/live-lindsay-clancy-trial-day-14_DCBWoWhsTpA.wav,/Users/rajeshpmu/Desktop/LegalMemoCMT/data/processed/phase2/clancy/turn_clips/video/DCBWoWhsTpA/DCBWoWhsTpA_turn06719.mp4,/Users/rajeshpmu/Desktop/LegalMemoCMT/data/processed/phase2/clancy/turn_clips/audio/DCBWoWhsTpA/DCBWoWhsTpA_turn06719.wav,7510.618,7513.103,2.485,created,02:05:10.618,02:05:13.103,0.0,default_zero,SPEAKER_02,1.285,pyannote/speaker-diarization-3.1,Witness,manual_verified_diarization,HIGH,YES,SPEAKING,Witness,YES,Witness 16 identified by manual audio/video review,INCLUDE,,YES,speaker_role=Witness,split_dev;usable,"usable because speaker_role=Witness, witness_speaking_status=SPEAKING, clip_status=created, duration=2.485s, and source is not excluded",YES,0.6,HIGH,manual_clip_review,HUMAN_VERIFIED,/Users/rajeshpmu/Desktop/LegalMemoCMT/data/processed/phase2/clancy/turn_clips/video/DCBWoWhsTpA/DCBWoWhsTpA_turn06719.mp4,/Users/rajeshpmu/Desktop/LegalMemoCMT/data/processed/phase2/clancy/vit_facecrop_embeddings/DCBWoWhsTpA/DCBWoWhsTpA_turn06719.npy,created,neutral,0.686367,1.026296,"{""anger"": 0.026191, ""disgust"": 0.17664, ""fear"": 0.020064, ""joy"": 0.062354, ""neutral"": 0.686367, ""sadness"": 0.022987, ""surprise"": 0.005396}",/Users/rajeshpmu/Desktop/LegalMemoCMT/results/facial_cues/meld_vit_facecrop_gated_video_aux/fold_4/best_model.pt,phase1_meld_checkpoint_pseudo_label,"audio,text,video","audio,text,video","{""audio_dim"": 128, ""audio_model_name"": ""facebook/hubert-base-ls960"", ""dropout"": 0.1, ""encoder_mode"": ""paper"", ""freeze_audio_backbone"": false, ""freeze_text_backbone"": false, ""fusion_dim"": 256, ""fusion_mode"": ""gated"", ""fusion_pooling"": ""min"", ""max_audio_len"": 256, ""max_text_len"": 128, ""max_video_len"": 32, ""num_classes"": 7, ""num_heads"": 4, ""num_layers"": 2, ""text_dim"": 256, ""text_model_name"": ""bert-base-uncased"", ""use_video"": true, ""video_dim"": 768, ""vocab_size"": 30000}",/Users/rajeshpmu/Desktop/LegalMemoCMT/data/processed/phase2/clancy/turn_clips/audio/DCBWoWhsTpA/DCBWoWhsTpA_turn06719.wav,OK,,0.346215,0.292666,0.292666,0.383744,3loi/SER-Odyssey-Baseline-WavLM-Multi-Attributes,OK,ang,1.0,speechbrain/emotion-recognition-wav2vec2-IEMOCAP,OK,NO,UNCLEAR,no explicit emotion-target evidence,MEDIUM,LOW,MEDIUM,KEEP_PHASE1_CANDIDATE,neutral,anger,neutral,0.686367,neutral,0.686367,comparable Phase 1 and audio categorical outputs agree or audio class is not comparable,YES,UNKNOWN,,phase1_vs_comparable_audio_disagreement;low_or_moderate_audio_arousal
DCBWoWhsTpA_turn06721,DCBWoWhsTpA_turn06721,DCBWoWhsTpA,https://www.youtube.com/live/DCBWoWhsTpA,LIVE: Lindsay Clancy trial Day 14,full_trial_stream,5,/Users/rajeshpmu/Desktop/LegalMemoCMT/data/phase2/clancy/corpus/raw/live-lindsay-clancy-trial-day-14/live-lindsay-clancy-trial-day-14_DCBWoWhsTpA.en.vtt,/Users/rajeshpmu/Desktop/LegalMemoCMT/data/processed/phase2/clancy/turn_clips/video/DCBWoWhsTpA/DCBWoWhsTpA_turn06721.mp4,/Users/rajeshpmu/Desktop/LegalMemoCMT/data/processed/phase2/clancy/turn_clips/audio/DCBWoWhsTpA/DCBWoWhsTpA_turn06721.wav,DCBWoWhsTpA,group_by_youtube_id,dev,neutral,text_keyword_heuristic,LOW,NO,"audio and courtroom-affect evidence support neutral, but emotion target is unresolved",YES,"Yes, that was on October 20th.","Yes, that was on October 20th.",02:05:14.924,02:05:17.914,2.99,2.99,marker,MEDIUM,1,3,"DCBWoWhsTpA_utt05849#p02,DCBWoWhsTpA_utt05850#p01,DCBWoWhsTpA_utt05851#p01","DCBWoWhsTpA_utt05849,DCBWoWhsTpA_utt05850,DCBWoWhsTpA_utt05851",3,/Users/rajeshpmu/Desktop/LegalMemoCMT/data/phase2/clancy/corpus/raw/live-lindsay-clancy-trial-day-14/live-lindsay-clancy-trial-day-14_DCBWoWhsTpA.mp4,/Users/rajeshpmu/Desktop/LegalMemoCMT/data/phase2/clancy/corpus/raw/live-lindsay-clancy-trial-day-14/live-lindsay-clancy-trial-day-14_DCBWoWhsTpA.wav,/Users/rajeshpmu/Desktop/LegalMemoCMT/data/processed/phase2/clancy/turn_clips/video/DCBWoWhsTpA/DCBWoWhsTpA_turn06721.mp4,/Users/rajeshpmu/Desktop/LegalMemoCMT/data/processed/phase2/clancy/turn_clips/audio/DCBWoWhsTpA/DCBWoWhsTpA_turn06721.wav,7514.924,7517.914,2.99,created,02:05:14.924,02:05:17.914,0.0,default_zero,SPEAKER_02,1.721,pyannote/speaker-diarization-3.1,Witness,manual_verified_diarization,HIGH,YES,SPEAKING,Witness,YES,Witness 16 identified by manual audio/video review,INCLUDE,,YES,speaker_role=Witness,split_dev;usable,"usable because speaker_role=Witness, witness_speaking_status=SPEAKING, clip_status=created, duration=2.990s, and source is not excluded",YES,0.6,HIGH,manual_clip_review,HUMAN_VERIFIED,/Users/rajeshpmu/Desktop/LegalMemoCMT/data/processed/phase2/clancy/turn_clips/video/DCBWoWhsTpA/DCBWoWhsTpA_turn06721.mp4,/Users/rajeshpmu/Desktop/LegalMemoCMT/data/processed/phase2/clancy/vit_facecrop_embeddings/DCBWoWhsTpA/DCBWoWhsTpA_turn06721.npy,created,neutral,0.751769,0.886673,"{""anger"": 0.124426, ""disgust"": 0.007236, ""fear"": 0.027866, ""joy"": 0.067769, ""neutral"": 0.751769, ""sadness"": 0.012582, ""surprise"": 0.008353}",/Users/rajeshpmu/Desktop/LegalMemoCMT/results/facial_cues/meld_vit_facecrop_gated_video_aux/fold_4/best_model.pt,phase1_meld_checkpoint_pseudo_label,"audio,text,video","audio,text,video","{""audio_dim"": 128, ""audio_model_name"": ""facebook/hubert-base-ls960"", ""dropout"": 0.1, ""encoder_mode"": ""paper"", ""freeze_audio_backbone"": false, ""freeze_text_backbone"": false, ""fusion_dim"": 256, ""fusion_mode"": ""gated"", ""fusion_pooling"": ""min"", ""max_audio_len"": 256, ""max_text_len"": 128, ""max_video_len"": 32, ""num_classes"": 7, ""num_heads"": 4, ""num_layers"": 2, ""text_dim"": 256, ""text_model_name"": ""bert-base-uncased"", ""use_video"": true, ""video_dim"": 768, ""vocab_size"": 30000}",/Users/rajeshpmu/Desktop/LegalMemoCMT/data/processed/phase2/clancy/turn_clips/audio/DCBWoWhsTpA/DCBWoWhsTpA_turn06721.wav,OK,,0.433069,0.382772,0.382772,0.432297,3loi/SER-Odyssey-Baseline-WavLM-Multi-Attributes,OK,neu,1.0,speechbrain/emotion-recognition-wav2vec2-IEMOCAP,OK,NO,UNCLEAR,no explicit emotion-target evidence,LOW,LOW,LOW,NEUTRAL_CANDIDATE,neutral,neutral,neutral,0.580000,neutral,0.580000,"audio and courtroom-affect evidence support neutral, but emotion target is unresolved",NO,CALM_COMPOSED,1,low_or_moderate_audio_arousal;speechbrain_neutral
DCBWoWhsTpA_turn06735,DCBWoWhsTpA_turn06735,DCBWoWhsTpA,https://www.youtube.com/live/DCBWoWhsTpA,LIVE: Lindsay Clancy trial Day 14,full_trial_stream,5,/Users/rajeshpmu/Desktop/LegalMemoCMT/data/phase2/clancy/corpus/raw/live-lindsay-clancy-trial-day-14/live-lindsay-clancy-trial-day-14_DCBWoWhsTpA.en.vtt,/Users/rajeshpmu/Desktop/LegalMemoCMT/data/processed/phase2/clancy/turn_clips/video/DCBWoWhsTpA/DCBWoWhsTpA_turn06735.mp4,/Users/rajeshpmu/Desktop/LegalMemoCMT/data/processed/phase2/clancy/turn_clips/audio/DCBWoWhsTpA/DCBWoWhsTpA_turn06735.wav,DCBWoWhsTpA,group_by_youtube_id,dev,neutral,text_keyword_heuristic,LOW,NO,"audio and courtroom-affect evidence support neutral, but emotion target is unresolved",YES,"Yes, it is. Would you read that for the jury?","Yes, it is. Would you read that for the jury?",02:06:55.097,02:06:58.746,3.649,3.649,marker,MEDIUM,1,5,"DCBWoWhsTpA_utt05917#p02,DCBWoWhsTpA_utt05918#p01,DCBWoWhsTpA_utt05919#p01,DCBWoWhsTpA_utt05920#p01,DCBWoWhsTpA_utt05921#p01","DCBWoWhsTpA_utt05917,DCBWoWhsTpA_utt05918,DCBWoWhsTpA_utt05919,DCBWoWhsTpA_utt05920,DCBWoWhsTpA_utt05921",5,/Users/rajeshpmu/Desktop/LegalMemoCMT/data/phase2/clancy/corpus/raw/live-lindsay-clancy-trial-day-14/live-lindsay-clancy-trial-day-14_DCBWoWhsTpA.mp4,/Users/rajeshpmu/Desktop/LegalMemoCMT/data/phase2/clancy/corpus/raw/live-lindsay-clancy-trial-day-14/live-lindsay-clancy-trial-day-14_DCBWoWhsTpA.wav,/Users/rajeshpmu/Desktop/LegalMemoCMT/data/processed/phase2/clancy/turn_clips/video/DCBWoWhsTpA/DCBWoWhsTpA_turn06735.mp4,/Users/rajeshpmu/Desktop/LegalMemoCMT/data/processed/phase2/clancy/turn_clips/audio/DCBWoWhsTpA/DCBWoWhsTpA_turn06735.wav,7615.097,7618.746,3.649,created,02:06:55.097,02:06:58.746,0.0,default_zero,SPEAKER_02,0.942,pyannote/speaker-diarization-3.1,Witness,manual_verified_diarization,HIGH,YES,SPEAKING,Witness,YES,Witness 16 identified by manual audio/video review,INCLUDE,,YES,speaker_role=Witness,split_dev;usable,"usable because speaker_role=Witness, witness_speaking_status=SPEAKING, clip_status=created, duration=3.649s, and source is not excluded",YES,0.6,HIGH,manual_clip_review,HUMAN_VERIFIED,/Users/rajeshpmu/Desktop/LegalMemoCMT/data/processed/phase2/clancy/turn_clips/video/DCBWoWhsTpA/DCBWoWhsTpA_turn06735.mp4,/Users/rajeshpmu/Desktop/LegalMemoCMT/data/processed/phase2/clancy/vit_facecrop_embeddings/DCBWoWhsTpA/DCBWoWhsTpA_turn06735.npy,created,neutral,0.958667,0.225058,"{""anger"": 0.02297, ""disgust"": 0.001505, ""fear"": 0.003081, ""joy"": 0.00897, ""neutral"": 0.958667, ""sadness"": 0.003865, ""surprise"": 0.00094}",/Users/rajeshpmu/Desktop/LegalMemoCMT/results/facial_cues/meld_vit_facecrop_gated_video_aux/fold_4/best_model.pt,phase1_meld_checkpoint_pseudo_label,"audio,text,video","audio,text,video","{""audio_dim"": 128, ""audio_model_name"": ""facebook/hubert-base-ls960"", ""dropout"": 0.1, ""encoder_mode"": ""paper"", ""freeze_audio_backbone"": false, ""freeze_text_backbone"": false, ""fusion_dim"": 256, ""fusion_mode"": ""gated"", ""fusion_pooling"": ""min"", ""max_audio_len"": 256, ""max_text_len"": 128, ""max_video_len"": 32, ""num_classes"": 7, ""num_heads"": 4, ""num_layers"": 2, ""text_dim"": 256, ""text_model_name"": ""bert-base-uncased"", ""use_video"": true, ""video_dim"": 768, ""vocab_size"": 30000}",/Users/rajeshpmu/Desktop/LegalMemoCMT/data/processed/phase2/clancy/turn_clips/audio/DCBWoWhsTpA/DCBWoWhsTpA_turn06735.wav,OK,,0.432025,0.337078,0.337078,0.387568,3loi/SER-Odyssey-Baseline-WavLM-Multi-Attributes,OK,neu,0.999998,speechbrain/emotion-recognition-wav2vec2-IEMOCAP,OK,NO,UNCLEAR,no explicit emotion-target evidence,LOW,LOW,LOW,NEUTRAL_CANDIDATE,neutral,neutral,neutral,0.580000,neutral,0.580000,"audio and courtroom-affect evidence support neutral, but emotion target is unresolved",NO,CALM_COMPOSED,1,low_or_moderate_audio_arousal;speechbrain_neutral
DCBWoWhsTpA_turn06736,DCBWoWhsTpA_turn06736,DCBWoWhsTpA,https://www.youtube.com/live/DCBWoWhsTpA,LIVE: Lindsay Clancy trial Day 14,full_trial_stream,5,/Users/rajeshpmu/Desktop/LegalMemoCMT/data/phase2/clancy/corpus/raw/live-lindsay-clancy-trial-day-14/live-lindsay-clancy-trial-day-14_DCBWoWhsTpA.en.vtt,/Users/rajeshpmu/Desktop/LegalMemoCMT/data/processed/phase2/clancy/turn_clips/video/DCBWoWhsTpA/DCBWoWhsTpA_turn06736.mp4,/Users/rajeshpmu/Desktop/LegalMemoCMT/data/processed/phase2/clancy/turn_clips/audio/DCBWoWhsTpA/DCBWoWhsTpA_turn06736.wav,DCBWoWhsTpA,group_by_youtube_id,dev,neutral,text_keyword_heuristic,LOW,YES,comparable Phase 1 and audio categorical outputs agree or audio class is not comparable,YES,"Mom, will you please come up and stay with me for a bit? I'm really sick. Something is wrong. I had horrible insomnia all night, and I just don't know how I'm going to get through the day. I started taking the medicine my doctor prescribed for anxiety, and I think it's made things worse. It's just really scary, and I don't want to be alone. Sorry about this","Mom, will you please come up and stay with me for a bit? I'm really sick. Something is wrong. I had horrible insomnia all night, and I just don't know how I'm going to get through the day. I started taking the medicine my doctor prescribed for anxiety, and I think it's made things worse. It's just really scary, and I don't want to be alone. Sorry about this",02:06:58.746,02:07:28.036,29.29,29.29,marker,MEDIUM,1,21,"DCBWoWhsTpA_utt05921#p02,DCBWoWhsTpA_utt05922#p01,DCBWoWhsTpA_utt05923#p01,DCBWoWhsTpA_utt05924#p01,DCBWoWhsTpA_utt05925#p01,DCBWoWhsTpA_utt05926#p01,DCBWoWhsTpA_utt05927#p01,DCBWoWhsTpA_utt05928#p01,DCBWoWhsTpA_utt05929#p01,DCBWoWhsTpA_utt05930#p01,DCBWoWhsTpA_utt05931#p01,DCBWoWhsTpA_utt05932#p01,DCBWoWhsTpA_utt05933#p01,DCBWoWhsTpA_utt05934#p01,DCBWoWhsTpA_utt05935#p01,DCBWoWhsTpA_utt05936#p01,DCBWoWhsTpA_utt05937#p01,DCBWoWhsTpA_utt05938#p01,DCBWoWhsTpA_utt05939#p01,DCBWoWhsTpA_utt05942#p01,DCBWoWhsTpA_utt05943#p01","DCBWoWhsTpA_utt05921,DCBWoWhsTpA_utt05922,DCBWoWhsTpA_utt05923,DCBWoWhsTpA_utt05924,DCBWoWhsTpA_utt05925,DCBWoWhsTpA_utt05926,DCBWoWhsTpA_utt05927,DCBWoWhsTpA_utt05928,DCBWoWhsTpA_utt05929,DCBWoWhsTpA_utt05930,DCBWoWhsTpA_utt05931,DCBWoWhsTpA_utt05932,DCBWoWhsTpA_utt05933,DCBWoWhsTpA_utt05934,DCBWoWhsTpA_utt05935,DCBWoWhsTpA_utt05936,DCBWoWhsTpA_utt05937,DCBWoWhsTpA_utt05938,DCBWoWhsTpA_utt05939,DCBWoWhsTpA_utt05942,DCBWoWhsTpA_utt05943",21,/Users/rajeshpmu/Desktop/LegalMemoCMT/data/phase2/clancy/corpus/raw/live-lindsay-clancy-trial-day-14/live-lindsay-clancy-trial-day-14_DCBWoWhsTpA.mp4,/Users/rajeshpmu/Desktop/LegalMemoCMT/data/phase2/clancy/corpus/raw/live-lindsay-clancy-trial-day-14/live-lindsay-clancy-trial-day-14_DCBWoWhsTpA.wav,/Users/rajeshpmu/Desktop/LegalMemoCMT/data/processed/phase2/clancy/turn_clips/video/DCBWoWhsTpA/DCBWoWhsTpA_turn06736.mp4,/Users/rajeshpmu/Desktop/LegalMemoCMT/data/processed/phase2/clancy/turn_clips/audio/DCBWoWhsTpA/DCBWoWhsTpA_turn06736.wav,7618.746,7648.036,29.29,created,02:06:58.746,02:07:28.036,0.0,default_zero,SPEAKER_02,3.915,pyannote/speaker-diarization-3.1,Witness,manual_verified_diarization,HIGH,YES,SPEAKING,Witness,YES,Witness 16 identified by manual audio/video review,INCLUDE,,YES,speaker_role=Witness,split_dev;usable,"usable because speaker_role=Witness, witness_speaking_status=SPEAKING, clip_status=created, duration=29.290s, and source is not excluded",YES,0.6,HIGH,manual_clip_review,HUMAN_VERIFIED,/Users/rajeshpmu/Desktop/LegalMemoCMT/data/processed/phase2/clancy/turn_clips/video/DCBWoWhsTpA/DCBWoWhsTpA_turn06736.mp4,/Users/rajeshpmu/Desktop/LegalMemoCMT/data/processed/phase2/clancy/vit_facecrop_embeddings/DCBWoWhsTpA/DCBWoWhsTpA_turn06736.npy,created,sadness,0.84068,0.582825,"{""anger"": 0.007422, ""disgust"": 0.003295, ""fear"": 0.122228, ""joy"": 0.009604, ""neutral"": 0.008479, ""sadness"": 0.84068, ""surprise"": 0.008291}",/Users/rajeshpmu/Desktop/LegalMemoCMT/results/facial_cues/meld_vit_facecrop_gated_video_aux/fold_4/best_model.pt,phase1_meld_checkpoint_pseudo_label,"audio,text,video","audio,text,video","{""audio_dim"": 128, ""audio_model_name"": ""facebook/hubert-base-ls960"", ""dropout"": 0.1, ""encoder_mode"": ""paper"", ""freeze_audio_backbone"": false, ""freeze_text_backbone"": false, ""fusion_dim"": 256, ""fusion_mode"": ""gated"", ""fusion_pooling"": ""min"", ""max_audio_len"": 256, ""max_text_len"": 128, ""max_video_len"": 32, ""num_classes"": 7, ""num_heads"": 4, ""num_layers"": 2, ""text_dim"": 256, ""text_model_name"": ""bert-base-uncased"", ""use_video"": true, ""video_dim"": 768, ""vocab_size"": 30000}",/Users/rajeshpmu/Desktop/LegalMemoCMT/data/processed/phase2/clancy/turn_clips/audio/DCBWoWhsTpA/DCBWoWhsTpA_turn06736.wav,OK,,0.190636,0.332204,0.332204,0.436596,3loi/SER-Odyssey-Baseline-WavLM-Multi-Attributes,OK,ang,1.0,speechbrain/emotion-recognition-wav2vec2-IEMOCAP,OK,NO,QUOTED_SPEECH,quote or reported speech marker,HIGH,LOW,HIGH,KEEP_PHASE1_CANDIDATE,sadness,anger,sadness,0.840680,sadness,0.840680,comparable Phase 1 and audio categorical outputs agree or audio class is not comparable,YES,UNKNOWN,,phase1_vs_comparable_audio_disagreement;low_or_moderate_audio_arousal
DCBWoWhsTpA_turn06752,DCBWoWhsTpA_turn06752,DCBWoWhsTpA,https://www.youtube.com/live/DCBWoWhsTpA,LIVE: Lindsay Clancy trial Day 14,full_trial_stream,5,/Users/rajeshpmu/Desktop/LegalMemoCMT/data/phase2/clancy/corpus/raw/live-lindsay-clancy-trial-day-14/live-lindsay-clancy-trial-day-14_DCBWoWhsTpA.en.vtt,/Users/rajeshpmu/Desktop/LegalMemoCMT/data/processed/phase2/clancy/turn_clips/video/DCBWoWhsTpA/DCBWoWhsTpA_turn06752.mp4,/Users/rajeshpmu/Desktop/LegalMemoCMT/data/processed/phase2/clancy/turn_clips/audio/DCBWoWhsTpA/DCBWoWhsTpA_turn06752.wav,DCBWoWhsTpA,group_by_youtube_id,dev,neutral,text_keyword_heuristic,LOW,YES,"calm courtroom presentation with neutral acoustic evidence, low/moderate excitement, and non-self emotion target",YES,"Lindsay had been I believe she went to the emergency room that day and she had come home. She was feeling a bit better. Um, she told me that she couldn't sleep, she was very anxious, and she was afraid.","Lindsay had been I believe she went to the emergency room that day and she had come home. She was feeling a bit better. Um, she told me that she couldn't sleep, she was very anxious, and she was afraid.",02:08:34.481,02:08:51.221,16.74,16.74,marker,MEDIUM,1,13,"DCBWoWhsTpA_utt06001#p02,DCBWoWhsTpA_utt06002#p01,DCBWoWhsTpA_utt06003#p01,DCBWoWhsTpA_utt06004#p01,DCBWoWhsTpA_utt06005#p01,DCBWoWhsTpA_utt06006#p01,DCBWoWhsTpA_utt06007#p01,DCBWoWhsTpA_utt06008#p01,DCBWoWhsTpA_utt06009#p01,DCBWoWhsTpA_utt06010#p01,DCBWoWhsTpA_utt06011#p01,DCBWoWhsTpA_utt06012#p01,DCBWoWhsTpA_utt06013#p01","DCBWoWhsTpA_utt06001,DCBWoWhsTpA_utt06002,DCBWoWhsTpA_utt06003,DCBWoWhsTpA_utt06004,DCBWoWhsTpA_utt06005,DCBWoWhsTpA_utt06006,DCBWoWhsTpA_utt06007,DCBWoWhsTpA_utt06008,DCBWoWhsTpA_utt06009,DCBWoWhsTpA_utt06010,DCBWoWhsTpA_utt06011,DCBWoWhsTpA_utt06012,DCBWoWhsTpA_utt06013",13,/Users/rajeshpmu/Desktop/LegalMemoCMT/data/phase2/clancy/corpus/raw/live-lindsay-clancy-trial-day-14/live-lindsay-clancy-trial-day-14_DCBWoWhsTpA.mp4,/Users/rajeshpmu/Desktop/LegalMemoCMT/data/phase2/clancy/corpus/raw/live-lindsay-clancy-trial-day-14/live-lindsay-clancy-trial-day-14_DCBWoWhsTpA.wav,/Users/rajeshpmu/Desktop/LegalMemoCMT/data/processed/phase2/clancy/turn_clips/video/DCBWoWhsTpA/DCBWoWhsTpA_turn06752.mp4,/Users/rajeshpmu/Desktop/LegalMemoCMT/data/processed/phase2/clancy/turn_clips/audio/DCBWoWhsTpA/DCBWoWhsTpA_turn06752.wav,7714.481,7731.221,16.74,created,02:08:34.481,02:08:51.221,0.0,default_zero,SPEAKER_02,7.78,pyannote/speaker-diarization-3.1,Witness,manual_verified_diarization,HIGH,YES,SPEAKING,Witness,YES,Witness 16 identified by manual audio/video review,INCLUDE,,YES,speaker_role=Witness,split_dev;usable,"usable because speaker_role=Witness, witness_speaking_status=SPEAKING, clip_status=created, duration=16.740s, and source is not excluded",YES,0.6,HIGH,manual_clip_review,HUMAN_VERIFIED,/Users/rajeshpmu/Desktop/LegalMemoCMT/data/processed/phase2/clancy/turn_clips/video/DCBWoWhsTpA/DCBWoWhsTpA_turn06752.mp4,/Users/rajeshpmu/Desktop/LegalMemoCMT/data/processed/phase2/clancy/vit_facecrop_embeddings/DCBWoWhsTpA/DCBWoWhsTpA_turn06752.npy,created,sadness,0.879469,0.552967,"{""anger"": 0.018726, ""disgust"": 0.010452, ""fear"": 0.025587, ""joy"": 0.008948, ""neutral"": 0.050935, ""sadness"": 0.879469, ""surprise"": 0.005883}",/Users/rajeshpmu/Desktop/LegalMemoCMT/results/facial_cues/meld_vit_facecrop_gated_video_aux/fold_4/best_model.pt,phase1_meld_checkpoint_pseudo_label,"audio,text,video","audio,text,video","{""audio_dim"": 128, ""audio_model_name"": ""facebook/hubert-base-ls960"", ""dropout"": 0.1, ""encoder_mode"": ""paper"", ""freeze_audio_backbone"": false, ""freeze_text_backbone"": false, ""fusion_dim"": 256, ""fusion_mode"": ""gated"", ""fusion_pooling"": ""min"", ""max_audio_len"": 256, ""max_text_len"": 128, ""max_video_len"": 32, ""num_classes"": 7, ""num_heads"": 4, ""num_layers"": 2, ""text_dim"": 256, ""text_model_name"": ""bert-base-uncased"", ""use_video"": true, ""video_dim"": 768, ""vocab_size"": 30000}",/Users/rajeshpmu/Desktop/LegalMemoCMT/data/processed/phase2/clancy/turn_clips/audio/DCBWoWhsTpA/DCBWoWhsTpA_turn06752.wav,OK,,0.34405,0.314237,0.314237,0.4178,3loi/SER-Odyssey-Baseline-WavLM-Multi-Attributes,OK,neu,0.99997,speechbrain/emotion-recognition-wav2vec2-IEMOCAP,OK,YES,OTHER_PERSON_DESCRIBED,emotion term occurs with other-person reference,HIGH,HIGH,HIGH,NEUTRAL_CANDIDATE,sadness,neutral,neutral,0.720000,neutral,0.720000,"calm courtroom presentation with neutral acoustic evidence, low/moderate excitement, and non-self emotion target",YES,CALM_COMPOSED,1,phase1_vs_comparable_audio_disagreement;other_person_emotion_scope;low_or_moderate_audio_arousal;speechbrain_neutral
DCBWoWhsTpA_turn06756,DCBWoWhsTpA_turn06756,DCBWoWhsTpA,https://www.youtube.com/live/DCBWoWhsTpA,LIVE: Lindsay Clancy trial Day 14,full_trial_stream,5,/Users/rajeshpmu/Desktop/LegalMemoCMT/data/phase2/clancy/corpus/raw/live-lindsay-clancy-trial-day-14/live-lindsay-clancy-trial-day-14_DCBWoWhsTpA.en.vtt,/Users/rajeshpmu/Desktop/LegalMemoCMT/data/processed/phase2/clancy/turn_clips/video/DCBWoWhsTpA/DCBWoWhsTpA_turn06756.mp4,/Users/rajeshpmu/Desktop/LegalMemoCMT/data/processed/phase2/clancy/turn_clips/audio/DCBWoWhsTpA/DCBWoWhsTpA_turn06756.wav,DCBWoWhsTpA,group_by_youtube_id,dev,neutral,text_keyword_heuristic,LOW,NO,"audio and courtroom-affect evidence support neutral, but emotion target is unresolved",YES,"Um, I believe at that point I stayed for about a week. [clears throat]","Um, I believe at that point I stayed for about a week. [clears throat]",02:08:55.647,02:09:01.805,6.158,6.158,marker,MEDIUM,1,5,"DCBWoWhsTpA_utt06019#p02,DCBWoWhsTpA_utt06020#p01,DCBWoWhsTpA_utt06021#p01,DCBWoWhsTpA_utt06022#p01,DCBWoWhsTpA_utt06023#p01","DCBWoWhsTpA_utt06019,DCBWoWhsTpA_utt06020,DCBWoWhsTpA_utt06021,DCBWoWhsTpA_utt06022,DCBWoWhsTpA_utt06023",5,/Users/rajeshpmu/Desktop/LegalMemoCMT/data/phase2/clancy/corpus/raw/live-lindsay-clancy-trial-day-14/live-lindsay-clancy-trial-day-14_DCBWoWhsTpA.mp4,/Users/rajeshpmu/Desktop/LegalMemoCMT/data/phase2/clancy/corpus/raw/live-lindsay-clancy-trial-day-14/live-lindsay-clancy-trial-day-14_DCBWoWhsTpA.wav,/Users/rajeshpmu/Desktop/LegalMemoCMT/data/processed/phase2/clancy/turn_clips/video/DCBWoWhsTpA/DCBWoWhsTpA_turn06756.mp4,/Users/rajeshpmu/Desktop/LegalMemoCMT/data/processed/phase2/clancy/turn_clips/audio/DCBWoWhsTpA/DCBWoWhsTpA_turn06756.wav,7735.647,7741.805,6.158,created,02:08:55.647,02:09:01.805,0.0,default_zero,SPEAKER_02,4.221,pyannote/speaker-diarization-3.1,Witness,manual_verified_diarization,HIGH,YES,SPEAKING,Witness,YES,Witness 16 identified by manual audio/video review,INCLUDE,,YES,speaker_role=Witness,split_dev;usable,"usable because speaker_role=Witness, witness_speaking_status=SPEAKING, clip_status=created, duration=6.158s, and source is not excluded",YES,0.6,HIGH,manual_clip_review,HUMAN_VERIFIED,/Users/rajeshpmu/Desktop/LegalMemoCMT/data/processed/phase2/clancy/turn_clips/video/DCBWoWhsTpA/DCBWoWhsTpA_turn06756.mp4,/Users/rajeshpmu/Desktop/LegalMemoCMT/data/processed/phase2/clancy/vit_facecrop_embeddings/DCBWoWhsTpA/DCBWoWhsTpA_turn06756.npy,created,neutral,0.670028,1.098525,"{""anger"": 0.020209, ""disgust"": 0.021929, ""fear"": 0.108582, ""joy"": 0.027045, ""neutral"": 0.670028, ""sadness"": 0.140061, ""surprise"": 0.012146}",/Users/rajeshpmu/Desktop/LegalMemoCMT/results/facial_cues/meld_vit_facecrop_gated_video_aux/fold_4/best_model.pt,phase1_meld_checkpoint_pseudo_label,"audio,text,video","audio,text,video","{""audio_dim"": 128, ""audio_model_name"": ""facebook/hubert-base-ls960"", ""dropout"": 0.1, ""encoder_mode"": ""paper"", ""freeze_audio_backbone"": false, ""freeze_text_backbone"": false, ""fusion_dim"": 256, ""fusion_mode"": ""gated"", ""fusion_pooling"": ""min"", ""max_audio_len"": 256, ""max_text_len"": 128, ""max_video_len"": 32, ""num_classes"": 7, ""num_heads"": 4, ""num_layers"": 2, ""text_dim"": 256, ""text_model_name"": ""bert-base-uncased"", ""use_video"": true, ""video_dim"": 768, ""vocab_size"": 30000}",/Users/rajeshpmu/Desktop/LegalMemoCMT/data/processed/phase2/clancy/turn_clips/audio/DCBWoWhsTpA/DCBWoWhsTpA_turn06756.wav,OK,,0.397195,0.339767,0.339767,0.422655,3loi/SER-Odyssey-Baseline-WavLM-Multi-Attributes,OK,neu,1.0,speechbrain/emotion-recognition-wav2vec2-IEMOCAP,OK,NO,UNCLEAR,no explicit emotion-target evidence,LOW,LOW,LOW,NEUTRAL_CANDIDATE,neutral,neutral,neutral,0.580000,neutral,0.580000,"audio and courtroom-affect evidence support neutral, but emotion target is unresolved",NO,CALM_COMPOSED,1,low_or_moderate_audio_arousal;speechbrain_neutral
DCBWoWhsTpA_turn06757,DCBWoWhsTpA_turn06757,DCBWoWhsTpA,https://www.youtube.com/live/DCBWoWhsTpA,LIVE: Lindsay Clancy trial Day 14,full_trial_stream,5,/Users/rajeshpmu/Desktop/LegalMemoCMT/data/phase2/clancy/corpus/raw/live-lindsay-clancy-trial-day-14/live-lindsay-clancy-trial-day-14_DCBWoWhsTpA.en.vtt,/Users/rajeshpmu/Desktop/LegalMemoCMT/data/processed/phase2/clancy/turn_clips/video/DCBWoWhsTpA/DCBWoWhsTpA_turn06757.mp4,/Users/rajeshpmu/Desktop/LegalMemoCMT/data/processed/phase2/clancy/turn_clips/audio/DCBWoWhsTpA/DCBWoWhsTpA_turn06757.wav,DCBWoWhsTpA,group_by_youtube_id,dev,confidence,text_keyword_heuristic,HIGH,NO,"audio and courtroom-affect evidence support neutral, but emotion target is unresolved",YES,And was your husband with you?,And was your husband with you?,02:09:01.805,02:09:03.927,2.122,2.122,marker,MEDIUM,1,3,"DCBWoWhsTpA_utt06023#p02,DCBWoWhsTpA_utt06024#p01,DCBWoWhsTpA_utt06025#p01","DCBWoWhsTpA_utt06023,DCBWoWhsTpA_utt06024,DCBWoWhsTpA_utt06025",3,/Users/rajeshpmu/Desktop/LegalMemoCMT/data/phase2/clancy/corpus/raw/live-lindsay-clancy-trial-day-14/live-lindsay-clancy-trial-day-14_DCBWoWhsTpA.mp4,/Users/rajeshpmu/Desktop/LegalMemoCMT/data/phase2/clancy/corpus/raw/live-lindsay-clancy-trial-day-14/live-lindsay-clancy-trial-day-14_DCBWoWhsTpA.wav,/Users/rajeshpmu/Desktop/LegalMemoCMT/data/processed/phase2/clancy/turn_clips/video/DCBWoWhsTpA/DCBWoWhsTpA_turn06757.mp4,/Users/rajeshpmu/Desktop/LegalMemoCMT/data/processed/phase2/clancy/turn_clips/audio/DCBWoWhsTpA/DCBWoWhsTpA_turn06757.wav,7741.805,7743.927,2.122,created,02:09:01.805,02:09:03.927,0.0,default_zero,SPEAKER_02,1.444,pyannote/speaker-diarization-3.1,Witness,manual_verified_diarization,HIGH,YES,SPEAKING,Witness,YES,Witness 16 identified by manual audio/video review,INCLUDE,,YES,speaker_role=Witness,split_dev;usable,"usable because speaker_role=Witness, witness_speaking_status=SPEAKING, clip_status=created, duration=2.122s, and source is not excluded",YES,0.6,HIGH,manual_clip_review,HUMAN_VERIFIED,/Users/rajeshpmu/Desktop/LegalMemoCMT/data/processed/phase2/clancy/turn_clips/video/DCBWoWhsTpA/DCBWoWhsTpA_turn06757.mp4,/Users/rajeshpmu/Desktop/LegalMemoCMT/data/processed/phase2/clancy/vit_facecrop_embeddings/DCBWoWhsTpA/DCBWoWhsTpA_turn06757.npy,created,neutral,0.458871,1.223468,"{""anger"": 0.007483, ""disgust"": 0.361865, ""fear"": 0.119548, ""joy"": 0.018902, ""neutral"": 0.458871, ""sadness"": 0.024519, ""surprise"": 0.008812}",/Users/rajeshpmu/Desktop/LegalMemoCMT/results/facial_cues/meld_vit_facecrop_gated_video_aux/fold_4/best_model.pt,phase1_meld_checkpoint_pseudo_label,"audio,text,video","audio,text,video","{""audio_dim"": 128, ""audio_model_name"": ""facebook/hubert-base-ls960"", ""dropout"": 0.1, ""encoder_mode"": ""paper"", ""freeze_audio_backbone"": false, ""freeze_text_backbone"": false, ""fusion_dim"": 256, ""fusion_mode"": ""gated"", ""fusion_pooling"": ""min"", ""max_audio_len"": 256, ""max_text_len"": 128, ""max_video_len"": 32, ""num_classes"": 7, ""num_heads"": 4, ""num_layers"": 2, ""text_dim"": 256, ""text_model_name"": ""bert-base-uncased"", ""use_video"": true, ""video_dim"": 768, ""vocab_size"": 30000}",/Users/rajeshpmu/Desktop/LegalMemoCMT/data/processed/phase2/clancy/turn_clips/audio/DCBWoWhsTpA/DCBWoWhsTpA_turn06757.wav,OK,,0.517236,0.378421,0.378421,0.436359,3loi/SER-Odyssey-Baseline-WavLM-Multi-Attributes,OK,neu,1.0,speechbrain/emotion-recognition-wav2vec2-IEMOCAP,OK,NO,UNCLEAR,no explicit emotion-target evidence,LOW,LOW,LOW,NEUTRAL_CANDIDATE,neutral,neutral,neutral,0.580000,neutral,0.580000,"audio and courtroom-affect evidence support neutral, but emotion target is unresolved",NO,CALM_COMPOSED,1,low_or_moderate_audio_arousal;speechbrain_neutral
DCBWoWhsTpA_turn06758,DCBWoWhsTpA_turn06758,DCBWoWhsTpA,https://www.youtube.com/live/DCBWoWhsTpA,LIVE: Lindsay Clancy trial Day 14,full_trial_stream,5,/Users/rajeshpmu/Desktop/LegalMemoCMT/data/phase2/clancy/corpus/raw/live-lindsay-clancy-trial-day-14/live-lindsay-clancy-trial-day-14_DCBWoWhsTpA.en.vtt,/Users/rajeshpmu/Desktop/LegalMemoCMT/data/processed/phase2/clancy/turn_clips/video/DCBWoWhsTpA/DCBWoWhsTpA_turn06758.mp4,/Users/rajeshpmu/Desktop/LegalMemoCMT/data/processed/phase2/clancy/turn_clips/audio/DCBWoWhsTpA/DCBWoWhsTpA_turn06758.wav,DCBWoWhsTpA,group_by_youtube_id,dev,neutral,text_keyword_heuristic,LOW,NO,"audio and courtroom-affect evidence support neutral, but emotion target is unresolved",YES,"Um, he came later. He didn't come directly with me then because he was still working. So, he came later.","Um, he came later. He didn't come directly with me then because he was still working. So, he came later.",02:09:03.927,02:09:09.420,5.493,5.493,marker,MEDIUM,1,7,"DCBWoWhsTpA_utt06025#p02,DCBWoWhsTpA_utt06026#p01,DCBWoWhsTpA_utt06027#p01,DCBWoWhsTpA_utt06028#p01,DCBWoWhsTpA_utt06029#p01,DCBWoWhsTpA_utt06030#p01,DCBWoWhsTpA_utt06031#p01","DCBWoWhsTpA_utt06025,DCBWoWhsTpA_utt06026,DCBWoWhsTpA_utt06027,DCBWoWhsTpA_utt06028,DCBWoWhsTpA_utt06029,DCBWoWhsTpA_utt06030,DCBWoWhsTpA_utt06031",7,/Users/rajeshpmu/Desktop/LegalMemoCMT/data/phase2/clancy/corpus/raw/live-lindsay-clancy-trial-day-14/live-lindsay-clancy-trial-day-14_DCBWoWhsTpA.mp4,/Users/rajeshpmu/Desktop/LegalMemoCMT/data/phase2/clancy/corpus/raw/live-lindsay-clancy-trial-day-14/live-lindsay-clancy-trial-day-14_DCBWoWhsTpA.wav,/Users/rajeshpmu/Desktop/LegalMemoCMT/data/processed/phase2/clancy/turn_clips/video/DCBWoWhsTpA/DCBWoWhsTpA_turn06758.mp4,/Users/rajeshpmu/Desktop/LegalMemoCMT/data/processed/phase2/clancy/turn_clips/audio/DCBWoWhsTpA/DCBWoWhsTpA_turn06758.wav,7743.927,7749.42,5.493,created,02:09:03.927,02:09:09.420,0.0,default_zero,SPEAKER_02,3.712,pyannote/speaker-diarization-3.1,Witness,manual_verified_diarization,HIGH,YES,SPEAKING,Witness,YES,Witness 16 identified by manual audio/video review,INCLUDE,,YES,speaker_role=Witness,split_dev;usable,"usable because speaker_role=Witness, witness_speaking_status=SPEAKING, clip_status=created, duration=5.493s, and source is not excluded",YES,0.6,HIGH,manual_clip_review,HUMAN_VERIFIED,/Users/rajeshpmu/Desktop/LegalMemoCMT/data/processed/phase2/clancy/turn_clips/video/DCBWoWhsTpA/DCBWoWhsTpA_turn06758.mp4,/Users/rajeshpmu/Desktop/LegalMemoCMT/data/processed/phase2/clancy/vit_facecrop_embeddings/DCBWoWhsTpA/DCBWoWhsTpA_turn06758.npy,created,neutral,0.822059,0.717557,"{""anger"": 0.036733, ""disgust"": 0.004815, ""fear"": 0.023585, ""joy"": 0.025303, ""neutral"": 0.822059, ""sadness"": 0.083959, ""surprise"": 0.003546}",/Users/rajeshpmu/Desktop/LegalMemoCMT/results/facial_cues/meld_vit_facecrop_gated_video_aux/fold_4/best_model.pt,phase1_meld_checkpoint_pseudo_label,"audio,text,video","audio,text,video","{""audio_dim"": 128, ""audio_model_name"": ""facebook/hubert-base-ls960"", ""dropout"": 0.1, ""encoder_mode"": ""paper"", ""freeze_audio_backbone"": false, ""freeze_text_backbone"": false, ""fusion_dim"": 256, ""fusion_mode"": ""gated"", ""fusion_pooling"": ""min"", ""max_audio_len"": 256, ""max_text_len"": 128, ""max_video_len"": 32, ""num_classes"": 7, ""num_heads"": 4, ""num_layers"": 2, ""text_dim"": 256, ""text_model_name"": ""bert-base-uncased"", ""use_video"": true, ""video_dim"": 768, ""vocab_size"": 30000}",/Users/rajeshpmu/Desktop/LegalMemoCMT/data/processed/phase2/clancy/turn_clips/audio/DCBWoWhsTpA/DCBWoWhsTpA_turn06758.wav,OK,,0.284767,0.353127,0.353127,0.422247,3loi/SER-Odyssey-Baseline-WavLM-Multi-Attributes,OK,neu,1.0,speechbrain/emotion-recognition-wav2vec2-IEMOCAP,OK,NO,UNCLEAR,no explicit emotion-target evidence,LOW,LOW,LOW,NEUTRAL_CANDIDATE,neutral,neutral,neutral,0.580000,neutral,0.580000,"audio and courtroom-affect evidence support neutral, but emotion target is unresolved",NO,CALM_COMPOSED,1,low_or_moderate_audio_arousal;speechbrain_neutral
DCBWoWhsTpA_turn06759,DCBWoWhsTpA_turn06759,DCBWoWhsTpA,https://www.youtube.com/live/DCBWoWhsTpA,LIVE: Lindsay Clancy trial Day 14,full_trial_stream,5,/Users/rajeshpmu/Desktop/LegalMemoCMT/data/phase2/clancy/corpus/raw/live-lindsay-clancy-trial-day-14/live-lindsay-clancy-trial-day-14_DCBWoWhsTpA.en.vtt,/Users/rajeshpmu/Desktop/LegalMemoCMT/data/processed/phase2/clancy/turn_clips/video/DCBWoWhsTpA/DCBWoWhsTpA_turn06759.mp4,/Users/rajeshpmu/Desktop/LegalMemoCMT/data/processed/phase2/clancy/turn_clips/audio/DCBWoWhsTpA/DCBWoWhsTpA_turn06759.wav,DCBWoWhsTpA,group_by_youtube_id,dev,neutral,text_keyword_heuristic,LOW,NO,"audio and courtroom-affect evidence support neutral, but emotion target is unresolved",YES,"I never asked. What did you do for work? Um, I worked for a Weight Watchers.","I never asked. What did you do for work? Um, I worked for a Weight Watchers.",02:09:09.420,02:09:13.761,4.341,4.341,marker,MEDIUM,1,5,"DCBWoWhsTpA_utt06031#p02,DCBWoWhsTpA_utt06032#p01,DCBWoWhsTpA_utt06033#p01,DCBWoWhsTpA_utt06034#p01,DCBWoWhsTpA_utt06035#p01","DCBWoWhsTpA_utt06031,DCBWoWhsTpA_utt06032,DCBWoWhsTpA_utt06033,DCBWoWhsTpA_utt06034,DCBWoWhsTpA_utt06035",5,/Users/rajeshpmu/Desktop/LegalMemoCMT/data/phase2/clancy/corpus/raw/live-lindsay-clancy-trial-day-14/live-lindsay-clancy-trial-day-14_DCBWoWhsTpA.mp4,/Users/rajeshpmu/Desktop/LegalMemoCMT/data/phase2/clancy/corpus/raw/live-lindsay-clancy-trial-day-14/live-lindsay-clancy-trial-day-14_DCBWoWhsTpA.wav,/Users/rajeshpmu/Desktop/LegalMemoCMT/data/processed/phase2/clancy/turn_clips/video/DCBWoWhsTpA/DCBWoWhsTpA_turn06759.mp4,/Users/rajeshpmu/Desktop/LegalMemoCMT/data/processed/phase2/clancy/turn_clips/audio/DCBWoWhsTpA/DCBWoWhsTpA_turn06759.wav,7749.42,7753.761,4.341,created,02:09:09.420,02:09:13.761,0.0,default_zero,SPEAKER_02,1.873,pyannote/speaker-diarization-3.1,Witness,manual_verified_diarization,HIGH,YES,SPEAKING,Witness,YES,Witness 16 identified by manual audio/video review,INCLUDE,,YES,speaker_role=Witness,split_dev;usable,"usable because speaker_role=Witness, witness_speaking_status=SPEAKING, clip_status=created, duration=4.341s, and source is not excluded",YES,0.6,HIGH,manual_clip_review,HUMAN_VERIFIED,/Users/rajeshpmu/Desktop/LegalMemoCMT/data/processed/phase2/clancy/turn_clips/video/DCBWoWhsTpA/DCBWoWhsTpA_turn06759.mp4,/Users/rajeshpmu/Desktop/LegalMemoCMT/data/processed/phase2/clancy/vit_facecrop_embeddings/DCBWoWhsTpA/DCBWoWhsTpA_turn06759.npy,created,neutral,0.913023,0.434622,"{""anger"": 0.016497, ""disgust"": 0.02942, ""fear"": 0.018615, ""joy"": 0.005648, ""neutral"": 0.913023, ""sadness"": 0.013683, ""surprise"": 0.003115}",/Users/rajeshpmu/Desktop/LegalMemoCMT/results/facial_cues/meld_vit_facecrop_gated_video_aux/fold_4/best_model.pt,phase1_meld_checkpoint_pseudo_label,"audio,text,video","audio,text,video","{""audio_dim"": 128, ""audio_model_name"": ""facebook/hubert-base-ls960"", ""dropout"": 0.1, ""encoder_mode"": ""paper"", ""freeze_audio_backbone"": false, ""freeze_text_backbone"": false, ""fusion_dim"": 256, ""fusion_mode"": ""gated"", ""fusion_pooling"": ""min"", ""max_audio_len"": 256, ""max_text_len"": 128, ""max_video_len"": 32, ""num_classes"": 7, ""num_heads"": 4, ""num_layers"": 2, ""text_dim"": 256, ""text_model_name"": ""bert-base-uncased"", ""use_video"": true, ""video_dim"": 768, ""vocab_size"": 30000}",/Users/rajeshpmu/Desktop/LegalMemoCMT/data/processed/phase2/clancy/turn_clips/audio/DCBWoWhsTpA/DCBWoWhsTpA_turn06759.wav,OK,,0.476535,0.336969,0.336969,0.407459,3loi/SER-Odyssey-Baseline-WavLM-Multi-Attributes,OK,neu,1.0,speechbrain/emotion-recognition-wav2vec2-IEMOCAP,OK,NO,UNCLEAR,no explicit emotion-target evidence,LOW,LOW,LOW,NEUTRAL_CANDIDATE,neutral,neutral,neutral,0.580000,neutral,0.580000,"audio and courtroom-affect evidence support neutral, but emotion target is unresolved",NO,CALM_COMPOSED,1,low_or_moderate_audio_arousal;speechbrain_neutral
DCBWoWhsTpA_turn06760,DCBWoWhsTpA_turn06760,DCBWoWhsTpA,https://www.youtube.com/live/DCBWoWhsTpA,LIVE: Lindsay Clancy trial Day 14,full_trial_stream,5,/Users/rajeshpmu/Desktop/LegalMemoCMT/data/phase2/clancy/corpus/raw/live-lindsay-clancy-trial-day-14/live-lindsay-clancy-trial-day-14_DCBWoWhsTpA.en.vtt,/Users/rajeshpmu/Desktop/LegalMemoCMT/data/processed/phase2/clancy/turn_clips/video/DCBWoWhsTpA/DCBWoWhsTpA_turn06760.mp4,/Users/rajeshpmu/Desktop/LegalMemoCMT/data/processed/phase2/clancy/turn_clips/audio/DCBWoWhsTpA/DCBWoWhsTpA_turn06760.wav,DCBWoWhsTpA,group_by_youtube_id,dev,stress,text_keyword_heuristic,HIGH,YES,comparable Phase 1 and audio categorical outputs agree or audio class is not comparable,YES,And And you're retired?,And And you're retired?,02:09:13.761,02:09:14.824,1.063,1.063,marker,MEDIUM,1,3,"DCBWoWhsTpA_utt06035#p02,DCBWoWhsTpA_utt06036#p01,DCBWoWhsTpA_utt06037#p01","DCBWoWhsTpA_utt06035,DCBWoWhsTpA_utt06036,DCBWoWhsTpA_utt06037",3,/Users/rajeshpmu/Desktop/LegalMemoCMT/data/phase2/clancy/corpus/raw/live-lindsay-clancy-trial-day-14/live-lindsay-clancy-trial-day-14_DCBWoWhsTpA.mp4,/Users/rajeshpmu/Desktop/LegalMemoCMT/data/phase2/clancy/corpus/raw/live-lindsay-clancy-trial-day-14/live-lindsay-clancy-trial-day-14_DCBWoWhsTpA.wav,/Users/rajeshpmu/Desktop/LegalMemoCMT/data/processed/phase2/clancy/turn_clips/video/DCBWoWhsTpA/DCBWoWhsTpA_turn06760.mp4,/Users/rajeshpmu/Desktop/LegalMemoCMT/data/processed/phase2/clancy/turn_clips/audio/DCBWoWhsTpA/DCBWoWhsTpA_turn06760.wav,7753.761,7754.824,1.063,created,02:09:13.761,02:09:14.824,0.0,default_zero,SPEAKER_02,0.625,pyannote/speaker-diarization-3.1,Witness,manual_verified_diarization,HIGH,YES,SPEAKING,Witness,YES,Witness 16 identified by manual audio/video review,INCLUDE,,YES,speaker_role=Witness,split_dev;usable,"usable because speaker_role=Witness, witness_speaking_status=SPEAKING, clip_status=created, duration=1.063s, and source is not excluded",YES,0.6,HIGH,manual_clip_review,HUMAN_VERIFIED,/Users/rajeshpmu/Desktop/LegalMemoCMT/data/processed/phase2/clancy/turn_clips/video/DCBWoWhsTpA/DCBWoWhsTpA_turn06760.mp4,/Users/rajeshpmu/Desktop/LegalMemoCMT/data/processed/phase2/clancy/vit_facecrop_embeddings/DCBWoWhsTpA/DCBWoWhsTpA_turn06760.npy,created,disgust,0.853404,0.557299,"{""anger"": 0.00571, ""disgust"": 0.853404, ""fear"": 0.014271, ""joy"": 0.013919, ""neutral"": 0.106984, ""sadness"": 0.003613, ""surprise"": 0.002098}",/Users/rajeshpmu/Desktop/LegalMemoCMT/results/facial_cues/meld_vit_facecrop_gated_video_aux/fold_4/best_model.pt,phase1_meld_checkpoint_pseudo_label,"audio,text,video","audio,text,video","{""audio_dim"": 128, ""audio_model_name"": ""facebook/hubert-base-ls960"", ""dropout"": 0.1, ""encoder_mode"": ""paper"", ""freeze_audio_backbone"": false, ""freeze_text_backbone"": false, ""fusion_dim"": 256, ""fusion_mode"": ""gated"", ""fusion_pooling"": ""min"", ""max_audio_len"": 256, ""max_text_len"": 128, ""max_video_len"": 32, ""num_classes"": 7, ""num_heads"": 4, ""num_layers"": 2, ""text_dim"": 256, ""text_model_name"": ""bert-base-uncased"", ""use_video"": true, ""video_dim"": 768, ""vocab_size"": 30000}",/Users/rajeshpmu/Desktop/LegalMemoCMT/data/processed/phase2/clancy/turn_clips/audio/DCBWoWhsTpA/DCBWoWhsTpA_turn06760.wav,OK,,0.38949,0.294753,0.294753,0.353166,3loi/SER-Odyssey-Baseline-WavLM-Multi-Attributes,OK,ang,0.999974,speechbrain/emotion-recognition-wav2vec2-IEMOCAP,OK,NO,UNCLEAR,no explicit emotion-target evidence,HIGH,LOW,HIGH,KEEP_PHASE1_CANDIDATE,disgust,anger,disgust,0.853404,disgust,0.853404,comparable Phase 1 and audio categorical outputs agree or audio class is not comparable,YES,UNKNOWN,,phase1_vs_comparable_audio_disagreement;low_or_moderate_audio_arousal
DCBWoWhsTpA_turn06763,DCBWoWhsTpA_turn06763,DCBWoWhsTpA,https://www.youtube.com/live/DCBWoWhsTpA,LIVE: Lindsay Clancy trial Day 14,full_trial_stream,5,/Users/rajeshpmu/Desktop/LegalMemoCMT/data/phase2/clancy/corpus/raw/live-lindsay-clancy-trial-day-14/live-lindsay-clancy-trial-day-14_DCBWoWhsTpA.en.vtt,/Users/rajeshpmu/Desktop/LegalMemoCMT/data/processed/phase2/clancy/turn_clips/video/DCBWoWhsTpA/DCBWoWhsTpA_turn06763.mp4,/Users/rajeshpmu/Desktop/LegalMemoCMT/data/processed/phase2/clancy/turn_clips/audio/DCBWoWhsTpA/DCBWoWhsTpA_turn06763.wav,DCBWoWhsTpA,group_by_youtube_id,dev,stress,text_keyword_heuristic,HIGH,NO,"audio and courtroom-affect evidence support neutral, but emotion target is unresolved",YES,He recently retired.,He recently retired.,02:09:17.877,02:09:19.829,1.952,1.952,marker,MEDIUM,1,3,"DCBWoWhsTpA_utt06043#p02,DCBWoWhsTpA_utt06044#p01,DCBWoWhsTpA_utt06045#p01","DCBWoWhsTpA_utt06043,DCBWoWhsTpA_utt06044,DCBWoWhsTpA_utt06045",3,/Users/rajeshpmu/Desktop/LegalMemoCMT/data/phase2/clancy/corpus/raw/live-lindsay-clancy-trial-day-14/live-lindsay-clancy-trial-day-14_DCBWoWhsTpA.mp4,/Users/rajeshpmu/Desktop/LegalMemoCMT/data/phase2/clancy/corpus/raw/live-lindsay-clancy-trial-day-14/live-lindsay-clancy-trial-day-14_DCBWoWhsTpA.wav,/Users/rajeshpmu/Desktop/LegalMemoCMT/data/processed/phase2/clancy/turn_clips/video/DCBWoWhsTpA/DCBWoWhsTpA_turn06763.mp4,/Users/rajeshpmu/Desktop/LegalMemoCMT/data/processed/phase2/clancy/turn_clips/audio/DCBWoWhsTpA/DCBWoWhsTpA_turn06763.wav,7757.877,7759.829,1.952,created,02:09:17.877,02:09:19.829,0.0,default_zero,SPEAKER_02,1.245,pyannote/speaker-diarization-3.1,Witness,manual_verified_diarization,HIGH,YES,SPEAKING,Witness,YES,Witness 16 identified by manual audio/video review,INCLUDE,,YES,speaker_role=Witness,split_dev;usable,"usable because speaker_role=Witness, witness_speaking_status=SPEAKING, clip_status=created, duration=1.952s, and source is not excluded",YES,0.6,HIGH,manual_clip_review,HUMAN_VERIFIED,/Users/rajeshpmu/Desktop/LegalMemoCMT/data/processed/phase2/clancy/turn_clips/video/DCBWoWhsTpA/DCBWoWhsTpA_turn06763.mp4,/Users/rajeshpmu/Desktop/LegalMemoCMT/data/processed/phase2/clancy/vit_facecrop_embeddings/DCBWoWhsTpA/DCBWoWhsTpA_turn06763.npy,created,neutral,0.857671,0.605591,"{""anger"": 0.019469, ""disgust"": 0.005663, ""fear"": 0.074595, ""joy"": 0.021429, ""neutral"": 0.857671, ""sadness"": 0.004042, ""surprise"": 0.017131}",/Users/rajeshpmu/Desktop/LegalMemoCMT/results/facial_cues/meld_vit_facecrop_gated_video_aux/fold_4/best_model.pt,phase1_meld_checkpoint_pseudo_label,"audio,text,video","audio,text,video","{""audio_dim"": 128, ""audio_model_name"": ""facebook/hubert-base-ls960"", ""dropout"": 0.1, ""encoder_mode"": ""paper"", ""freeze_audio_backbone"": false, ""freeze_text_backbone"": false, ""fusion_dim"": 256, ""fusion_mode"": ""gated"", ""fusion_pooling"": ""min"", ""max_audio_len"": 256, ""max_text_len"": 128, ""max_video_len"": 32, ""num_classes"": 7, ""num_heads"": 4, ""num_layers"": 2, ""text_dim"": 256, ""text_model_name"": ""bert-base-uncased"", ""use_video"": true, ""video_dim"": 768, ""vocab_size"": 30000}",/Users/rajeshpmu/Desktop/LegalMemoCMT/data/processed/phase2/clancy/turn_clips/audio/DCBWoWhsTpA/DCBWoWhsTpA_turn06763.wav,OK,,0.307175,0.378891,0.378891,0.458108,3loi/SER-Odyssey-Baseline-WavLM-Multi-Attributes,OK,neu,1.0,speechbrain/emotion-recognition-wav2vec2-IEMOCAP,OK,NO,UNCLEAR,no explicit emotion-target evidence,LOW,LOW,LOW,NEUTRAL_CANDIDATE,neutral,neutral,neutral,0.580000,neutral,0.580000,"audio and courtroom-affect evidence support neutral, but emotion target is unresolved",NO,CALM_COMPOSED,1,low_or_moderate_audio_arousal;speechbrain_neutral
DCBWoWhsTpA_turn06764,DCBWoWhsTpA_turn06764,DCBWoWhsTpA,https://www.youtube.com/live/DCBWoWhsTpA,LIVE: Lindsay Clancy trial Day 14,full_trial_stream,5,/Users/rajeshpmu/Desktop/LegalMemoCMT/data/phase2/clancy/corpus/raw/live-lindsay-clancy-trial-day-14/live-lindsay-clancy-trial-day-14_DCBWoWhsTpA.en.vtt,/Users/rajeshpmu/Desktop/LegalMemoCMT/data/processed/phase2/clancy/turn_clips/video/DCBWoWhsTpA/DCBWoWhsTpA_turn06764.mp4,/Users/rajeshpmu/Desktop/LegalMemoCMT/data/processed/phase2/clancy/turn_clips/audio/DCBWoWhsTpA/DCBWoWhsTpA_turn06764.wav,DCBWoWhsTpA,group_by_youtube_id,dev,stress,text_keyword_heuristic,HIGH,NO,"audio and courtroom-affect evidence support neutral, but emotion target is unresolved",YES,And what was the nature of his work?,And what was the nature of his work?,02:09:19.829,02:09:22.847,3.018,3.018,marker,MEDIUM,1,3,"DCBWoWhsTpA_utt06045#p02,DCBWoWhsTpA_utt06046#p01,DCBWoWhsTpA_utt06047#p01","DCBWoWhsTpA_utt06045,DCBWoWhsTpA_utt06046,DCBWoWhsTpA_utt06047",3,/Users/rajeshpmu/Desktop/LegalMemoCMT/data/phase2/clancy/corpus/raw/live-lindsay-clancy-trial-day-14/live-lindsay-clancy-trial-day-14_DCBWoWhsTpA.mp4,/Users/rajeshpmu/Desktop/LegalMemoCMT/data/phase2/clancy/corpus/raw/live-lindsay-clancy-trial-day-14/live-lindsay-clancy-trial-day-14_DCBWoWhsTpA.wav,/Users/rajeshpmu/Desktop/LegalMemoCMT/data/processed/phase2/clancy/turn_clips/video/DCBWoWhsTpA/DCBWoWhsTpA_turn06764.mp4,/Users/rajeshpmu/Desktop/LegalMemoCMT/data/processed/phase2/clancy/turn_clips/audio/DCBWoWhsTpA/DCBWoWhsTpA_turn06764.wav,7759.829,7762.847,3.018,created,02:09:19.829,02:09:22.847,0.0,default_zero,SPEAKER_02,1.413,pyannote/speaker-diarization-3.1,Witness,manual_verified_diarization,HIGH,YES,SPEAKING,Witness,YES,Witness 16 identified by manual audio/video review,INCLUDE,,YES,speaker_role=Witness,split_dev;usable,"usable because speaker_role=Witness, witness_speaking_status=SPEAKING, clip_status=created, duration=3.018s, and source is not excluded",YES,0.6,HIGH,manual_clip_review,HUMAN_VERIFIED,/Users/rajeshpmu/Desktop/LegalMemoCMT/data/processed/phase2/clancy/turn_clips/video/DCBWoWhsTpA/DCBWoWhsTpA_turn06764.mp4,/Users/rajeshpmu/Desktop/LegalMemoCMT/data/processed/phase2/clancy/vit_facecrop_embeddings/DCBWoWhsTpA/DCBWoWhsTpA_turn06764.npy,created,neutral,0.905114,0.44969,"{""anger"": 0.01287, ""disgust"": 0.047228, ""fear"": 0.010997, ""joy"": 0.015801, ""neutral"": 0.905114, ""sadness"": 0.003873, ""surprise"": 0.004117}",/Users/rajeshpmu/Desktop/LegalMemoCMT/results/facial_cues/meld_vit_facecrop_gated_video_aux/fold_4/best_model.pt,phase1_meld_checkpoint_pseudo_label,"audio,text,video","audio,text,video","{""audio_dim"": 128, ""audio_model_name"": ""facebook/hubert-base-ls960"", ""dropout"": 0.1, ""encoder_mode"": ""paper"", ""freeze_audio_backbone"": false, ""freeze_text_backbone"": false, ""fusion_dim"": 256, ""fusion_mode"": ""gated"", ""fusion_pooling"": ""min"", ""max_audio_len"": 256, ""max_text_len"": 128, ""max_video_len"": 32, ""num_classes"": 7, ""num_heads"": 4, ""num_layers"": 2, ""text_dim"": 256, ""text_model_name"": ""bert-base-uncased"", ""use_video"": true, ""video_dim"": 768, ""vocab_size"": 30000}",/Users/rajeshpmu/Desktop/LegalMemoCMT/data/processed/phase2/clancy/turn_clips/audio/DCBWoWhsTpA/DCBWoWhsTpA_turn06764.wav,OK,,0.510264,0.376757,0.376757,0.453681,3loi/SER-Odyssey-Baseline-WavLM-Multi-Attributes,OK,neu,1.0,speechbrain/emotion-recognition-wav2vec2-IEMOCAP,OK,NO,UNCLEAR,no explicit emotion-target evidence,LOW,LOW,LOW,NEUTRAL_CANDIDATE,neutral,neutral,neutral,0.580000,neutral,0.580000,"audio and courtroom-affect evidence support neutral, but emotion target is unresolved",NO,CALM_COMPOSED,1,low_or_moderate_audio_arousal;speechbrain_neutral
DCBWoWhsTpA_turn06766,DCBWoWhsTpA_turn06766,DCBWoWhsTpA,https://www.youtube.com/live/DCBWoWhsTpA,LIVE: Lindsay Clancy trial Day 14,full_trial_stream,5,/Users/rajeshpmu/Desktop/LegalMemoCMT/data/phase2/clancy/corpus/raw/live-lindsay-clancy-trial-day-14/live-lindsay-clancy-trial-day-14_DCBWoWhsTpA.en.vtt,/Users/rajeshpmu/Desktop/LegalMemoCMT/data/processed/phase2/clancy/turn_clips/video/DCBWoWhsTpA/DCBWoWhsTpA_turn06766.mp4,/Users/rajeshpmu/Desktop/LegalMemoCMT/data/processed/phase2/clancy/turn_clips/audio/DCBWoWhsTpA/DCBWoWhsTpA_turn06766.wav,DCBWoWhsTpA,group_by_youtube_id,dev,neutral,text_keyword_heuristic,LOW,YES,"audio and courtroom-affect evidence support neutral, but emotion target is unresolved",YES,What kind of photography?,What kind of photography?,02:09:24.155,02:09:25.709,1.554,1.554,marker,MEDIUM,1,3,"DCBWoWhsTpA_utt06049#p02,DCBWoWhsTpA_utt06050#p01,DCBWoWhsTpA_utt06051#p01","DCBWoWhsTpA_utt06049,DCBWoWhsTpA_utt06050,DCBWoWhsTpA_utt06051",3,/Users/rajeshpmu/Desktop/LegalMemoCMT/data/phase2/clancy/corpus/raw/live-lindsay-clancy-trial-day-14/live-lindsay-clancy-trial-day-14_DCBWoWhsTpA.mp4,/Users/rajeshpmu/Desktop/LegalMemoCMT/data/phase2/clancy/corpus/raw/live-lindsay-clancy-trial-day-14/live-lindsay-clancy-trial-day-14_DCBWoWhsTpA.wav,/Users/rajeshpmu/Desktop/LegalMemoCMT/data/processed/phase2/clancy/turn_clips/video/DCBWoWhsTpA/DCBWoWhsTpA_turn06766.mp4,/Users/rajeshpmu/Desktop/LegalMemoCMT/data/processed/phase2/clancy/turn_clips/audio/DCBWoWhsTpA/DCBWoWhsTpA_turn06766.wav,7764.155,7765.709,1.554,created,02:09:24.155,02:09:25.709,0.0,default_zero,SPEAKER_02,1.052,pyannote/speaker-diarization-3.1,Witness,manual_verified_diarization,HIGH,YES,SPEAKING,Witness,YES,Witness 16 identified by manual audio/video review,INCLUDE,,YES,speaker_role=Witness,split_dev;usable,"usable because speaker_role=Witness, witness_speaking_status=SPEAKING, clip_status=created, duration=1.554s, and source is not excluded",YES,0.6,HIGH,manual_clip_review,HUMAN_VERIFIED,/Users/rajeshpmu/Desktop/LegalMemoCMT/data/processed/phase2/clancy/turn_clips/video/DCBWoWhsTpA/DCBWoWhsTpA_turn06766.mp4,/Users/rajeshpmu/Desktop/LegalMemoCMT/data/processed/phase2/clancy/vit_facecrop_embeddings/DCBWoWhsTpA/DCBWoWhsTpA_turn06766.npy,created,disgust,0.896035,0.422956,"{""anger"": 0.005652, ""disgust"": 0.896035, ""fear"": 0.004238, ""joy"": 0.006378, ""neutral"": 0.081556, ""sadness"": 0.003194, ""surprise"": 0.002947}",/Users/rajeshpmu/Desktop/LegalMemoCMT/results/facial_cues/meld_vit_facecrop_gated_video_aux/fold_4/best_model.pt,phase1_meld_checkpoint_pseudo_label,"audio,text,video","audio,text,video","{""audio_dim"": 128, ""audio_model_name"": ""facebook/hubert-base-ls960"", ""dropout"": 0.1, ""encoder_mode"": ""paper"", ""freeze_audio_backbone"": false, ""freeze_text_backbone"": false, ""fusion_dim"": 256, ""fusion_mode"": ""gated"", ""fusion_pooling"": ""min"", ""max_audio_len"": 256, ""max_text_len"": 128, ""max_video_len"": 32, ""num_classes"": 7, ""num_heads"": 4, ""num_layers"": 2, ""text_dim"": 256, ""text_model_name"": ""bert-base-uncased"", ""use_video"": true, ""video_dim"": 768, ""vocab_size"": 30000}",/Users/rajeshpmu/Desktop/LegalMemoCMT/data/processed/phase2/clancy/turn_clips/audio/DCBWoWhsTpA/DCBWoWhsTpA_turn06766.wav,OK,,0.515795,0.405145,0.405145,0.460068,3loi/SER-Odyssey-Baseline-WavLM-Multi-Attributes,OK,neu,1.0,speechbrain/emotion-recognition-wav2vec2-IEMOCAP,OK,NO,UNCLEAR,no explicit emotion-target evidence,HIGH,LOW,HIGH,NEUTRAL_CANDIDATE,disgust,neutral,neutral,0.580000,neutral,0.580000,"audio and courtroom-affect evidence support neutral, but emotion target is unresolved",YES,CALM_COMPOSED,1,phase1_vs_comparable_audio_disagreement;low_or_moderate_audio_arousal;speechbrain_neutral
DCBWoWhsTpA_turn06768,DCBWoWhsTpA_turn06768,DCBWoWhsTpA,https://www.youtube.com/live/DCBWoWhsTpA,LIVE: Lindsay Clancy trial Day 14,full_trial_stream,5,/Users/rajeshpmu/Desktop/LegalMemoCMT/data/phase2/clancy/corpus/raw/live-lindsay-clancy-trial-day-14/live-lindsay-clancy-trial-day-14_DCBWoWhsTpA.en.vtt,/Users/rajeshpmu/Desktop/LegalMemoCMT/data/processed/phase2/clancy/turn_clips/video/DCBWoWhsTpA/DCBWoWhsTpA_turn06768.mp4,/Users/rajeshpmu/Desktop/LegalMemoCMT/data/processed/phase2/clancy/turn_clips/audio/DCBWoWhsTpA/DCBWoWhsTpA_turn06768.wav,DCBWoWhsTpA,group_by_youtube_id,dev,neutral,text_keyword_heuristic,LOW,NO,"audio and courtroom-affect evidence support neutral, but emotion target is unresolved",YES,Yeah. And school pictures. And you had your kids pictures taken.,Yeah. And school pictures. And you had your kids pictures taken.,02:09:28.813,02:09:32.191,3.378,3.378,marker,MEDIUM,1,5,"DCBWoWhsTpA_utt06055#p02,DCBWoWhsTpA_utt06056#p01,DCBWoWhsTpA_utt06057#p01,DCBWoWhsTpA_utt06058#p01,DCBWoWhsTpA_utt06059#p01","DCBWoWhsTpA_utt06055,DCBWoWhsTpA_utt06056,DCBWoWhsTpA_utt06057,DCBWoWhsTpA_utt06058,DCBWoWhsTpA_utt06059",5,/Users/rajeshpmu/Desktop/LegalMemoCMT/data/phase2/clancy/corpus/raw/live-lindsay-clancy-trial-day-14/live-lindsay-clancy-trial-day-14_DCBWoWhsTpA.mp4,/Users/rajeshpmu/Desktop/LegalMemoCMT/data/phase2/clancy/corpus/raw/live-lindsay-clancy-trial-day-14/live-lindsay-clancy-trial-day-14_DCBWoWhsTpA.wav,/Users/rajeshpmu/Desktop/LegalMemoCMT/data/processed/phase2/clancy/turn_clips/video/DCBWoWhsTpA/DCBWoWhsTpA_turn06768.mp4,/Users/rajeshpmu/Desktop/LegalMemoCMT/data/processed/phase2/clancy/turn_clips/audio/DCBWoWhsTpA/DCBWoWhsTpA_turn06768.wav,7768.813,7772.191,3.378,created,02:09:28.813,02:09:32.191,0.0,default_zero,SPEAKER_02,1.114,pyannote/speaker-diarization-3.1,Witness,manual_verified_diarization,HIGH,YES,SPEAKING,Witness,YES,Witness 16 identified by manual audio/video review,INCLUDE,,YES,speaker_role=Witness,split_dev;usable,"usable because speaker_role=Witness, witness_speaking_status=SPEAKING, clip_status=created, duration=3.378s, and source is not excluded",YES,0.6,HIGH,manual_clip_review,HUMAN_VERIFIED,/Users/rajeshpmu/Desktop/LegalMemoCMT/data/processed/phase2/clancy/turn_clips/video/DCBWoWhsTpA/DCBWoWhsTpA_turn06768.mp4,/Users/rajeshpmu/Desktop/LegalMemoCMT/data/processed/phase2/clancy/vit_facecrop_embeddings/DCBWoWhsTpA/DCBWoWhsTpA_turn06768.npy,created,neutral,0.531714,1.151056,"{""anger"": 0.330704, ""disgust"": 0.003859, ""fear"": 0.026011, ""joy"": 0.067619, ""neutral"": 0.531714, ""sadness"": 0.009354, ""surprise"": 0.030739}",/Users/rajeshpmu/Desktop/LegalMemoCMT/results/facial_cues/meld_vit_facecrop_gated_video_aux/fold_4/best_model.pt,phase1_meld_checkpoint_pseudo_label,"audio,text,video","audio,text,video","{""audio_dim"": 128, ""audio_model_name"": ""facebook/hubert-base-ls960"", ""dropout"": 0.1, ""encoder_mode"": ""paper"", ""freeze_audio_backbone"": false, ""freeze_text_backbone"": false, ""fusion_dim"": 256, ""fusion_mode"": ""gated"", ""fusion_pooling"": ""min"", ""max_audio_len"": 256, ""max_text_len"": 128, ""max_video_len"": 32, ""num_classes"": 7, ""num_heads"": 4, ""num_layers"": 2, ""text_dim"": 256, ""text_model_name"": ""bert-base-uncased"", ""use_video"": true, ""video_dim"": 768, ""vocab_size"": 30000}",/Users/rajeshpmu/Desktop/LegalMemoCMT/data/processed/phase2/clancy/turn_clips/audio/DCBWoWhsTpA/DCBWoWhsTpA_turn06768.wav,OK,,0.369658,0.29631,0.29631,0.363807,3loi/SER-Odyssey-Baseline-WavLM-Multi-Attributes,OK,neu,1.0,speechbrain/emotion-recognition-wav2vec2-IEMOCAP,OK,NO,UNCLEAR,no explicit emotion-target evidence,LOW,LOW,LOW,NEUTRAL_CANDIDATE,neutral,neutral,neutral,0.580000,neutral,0.580000,"audio and courtroom-affect evidence support neutral, but emotion target is unresolved",NO,CALM_COMPOSED,1,low_or_moderate_audio_arousal;speechbrain_neutral
DCBWoWhsTpA_turn06771,DCBWoWhsTpA_turn06771,DCBWoWhsTpA,https://www.youtube.com/live/DCBWoWhsTpA,LIVE: Lindsay Clancy trial Day 14,full_trial_stream,5,/Users/rajeshpmu/Desktop/LegalMemoCMT/data/phase2/clancy/corpus/raw/live-lindsay-clancy-trial-day-14/live-lindsay-clancy-trial-day-14_DCBWoWhsTpA.en.vtt,/Users/rajeshpmu/Desktop/LegalMemoCMT/data/processed/phase2/clancy/turn_clips/video/DCBWoWhsTpA/DCBWoWhsTpA_turn06771.mp4,/Users/rajeshpmu/Desktop/LegalMemoCMT/data/processed/phase2/clancy/turn_clips/audio/DCBWoWhsTpA/DCBWoWhsTpA_turn06771.wav,DCBWoWhsTpA,group_by_youtube_id,dev,neutral,text_keyword_heuristic,LOW,NO,"audio and courtroom-affect evidence support neutral, but emotion target is unresolved",YES,"Yes, I stayed more than my husband because he needed to go back home to work.","Yes, I stayed more than my husband because he needed to go back home to work.",02:09:43.882,02:09:48.866,4.984,4.984,marker,MEDIUM,1,7,"DCBWoWhsTpA_utt06071#p02,DCBWoWhsTpA_utt06072#p01,DCBWoWhsTpA_utt06073#p01,DCBWoWhsTpA_utt06074#p01,DCBWoWhsTpA_utt06075#p01,DCBWoWhsTpA_utt06076#p01,DCBWoWhsTpA_utt06077#p01","DCBWoWhsTpA_utt06071,DCBWoWhsTpA_utt06072,DCBWoWhsTpA_utt06073,DCBWoWhsTpA_utt06074,DCBWoWhsTpA_utt06075,DCBWoWhsTpA_utt06076,DCBWoWhsTpA_utt06077",7,/Users/rajeshpmu/Desktop/LegalMemoCMT/data/phase2/clancy/corpus/raw/live-lindsay-clancy-trial-day-14/live-lindsay-clancy-trial-day-14_DCBWoWhsTpA.mp4,/Users/rajeshpmu/Desktop/LegalMemoCMT/data/phase2/clancy/corpus/raw/live-lindsay-clancy-trial-day-14/live-lindsay-clancy-trial-day-14_DCBWoWhsTpA.wav,/Users/rajeshpmu/Desktop/LegalMemoCMT/data/processed/phase2/clancy/turn_clips/video/DCBWoWhsTpA/DCBWoWhsTpA_turn06771.mp4,/Users/rajeshpmu/Desktop/LegalMemoCMT/data/processed/phase2/clancy/turn_clips/audio/DCBWoWhsTpA/DCBWoWhsTpA_turn06771.wav,7783.882,7788.866,4.984,created,02:09:43.882,02:09:48.866,0.0,default_zero,SPEAKER_02,4.569,pyannote/speaker-diarization-3.1,Witness,manual_verified_diarization,HIGH,YES,SPEAKING,Witness,YES,Witness 16 identified by manual audio/video review,INCLUDE,,YES,speaker_role=Witness,split_dev;usable,"usable because speaker_role=Witness, witness_speaking_status=SPEAKING, clip_status=created, duration=4.984s, and source is not excluded",YES,0.6,HIGH,manual_clip_review,HUMAN_VERIFIED,/Users/rajeshpmu/Desktop/LegalMemoCMT/data/processed/phase2/clancy/turn_clips/video/DCBWoWhsTpA/DCBWoWhsTpA_turn06771.mp4,/Users/rajeshpmu/Desktop/LegalMemoCMT/data/processed/phase2/clancy/vit_facecrop_embeddings/DCBWoWhsTpA/DCBWoWhsTpA_turn06771.npy,created,neutral,0.555499,1.067516,"{""anger"": 0.021833, ""disgust"": 0.005301, ""fear"": 0.342994, ""joy"": 0.028022, ""neutral"": 0.555499, ""sadness"": 0.039093, ""surprise"": 0.007258}",/Users/rajeshpmu/Desktop/LegalMemoCMT/results/facial_cues/meld_vit_facecrop_gated_video_aux/fold_4/best_model.pt,phase1_meld_checkpoint_pseudo_label,"audio,text,video","audio,text,video","{""audio_dim"": 128, ""audio_model_name"": ""facebook/hubert-base-ls960"", ""dropout"": 0.1, ""encoder_mode"": ""paper"", ""freeze_audio_backbone"": false, ""freeze_text_backbone"": false, ""fusion_dim"": 256, ""fusion_mode"": ""gated"", ""fusion_pooling"": ""min"", ""max_audio_len"": 256, ""max_text_len"": 128, ""max_video_len"": 32, ""num_classes"": 7, ""num_heads"": 4, ""num_layers"": 2, ""text_dim"": 256, ""text_model_name"": ""bert-base-uncased"", ""use_video"": true, ""video_dim"": 768, ""vocab_size"": 30000}",/Users/rajeshpmu/Desktop/LegalMemoCMT/data/processed/phase2/clancy/turn_clips/audio/DCBWoWhsTpA/DCBWoWhsTpA_turn06771.wav,OK,,0.339202,0.342415,0.342415,0.426339,3loi/SER-Odyssey-Baseline-WavLM-Multi-Attributes,OK,neu,0.999845,speechbrain/emotion-recognition-wav2vec2-IEMOCAP,OK,NO,UNCLEAR,no explicit emotion-target evidence,LOW,LOW,LOW,NEUTRAL_CANDIDATE,neutral,neutral,neutral,0.580000,neutral,0.580000,"audio and courtroom-affect evidence support neutral, but emotion target is unresolved",NO,CALM_COMPOSED,1,low_or_moderate_audio_arousal;speechbrain_neutral
DCBWoWhsTpA_turn06777,DCBWoWhsTpA_turn06777,DCBWoWhsTpA,https://www.youtube.com/live/DCBWoWhsTpA,LIVE: Lindsay Clancy trial Day 14,full_trial_stream,5,/Users/rajeshpmu/Desktop/LegalMemoCMT/data/phase2/clancy/corpus/raw/live-lindsay-clancy-trial-day-14/live-lindsay-clancy-trial-day-14_DCBWoWhsTpA.en.vtt,/Users/rajeshpmu/Desktop/LegalMemoCMT/data/processed/phase2/clancy/turn_clips/video/DCBWoWhsTpA/DCBWoWhsTpA_turn06777.mp4,/Users/rajeshpmu/Desktop/LegalMemoCMT/data/processed/phase2/clancy/turn_clips/audio/DCBWoWhsTpA/DCBWoWhsTpA_turn06777.wav,DCBWoWhsTpA,group_by_youtube_id,dev,neutral,text_keyword_heuristic,LOW,YES,comparable Phase 1 and audio categorical outputs agree or audio class is not comparable,YES,So tell us uh is there an incident that came to your mind that you recall that uh occurred on one evening that indicated to you how seriously she was suffering? Um there were many um one particular evening that was disturbing to me was that I mean she was afraid. She was afraid to be alone and she actually asked if she could sleep with me.,So tell us uh is there an incident that came to your mind that you recall that uh occurred on one evening that indicated to you how seriously she was suffering? Um there were many um one particular evening that was disturbing to me was that I mean she was afraid. She was afraid to be alone and she actually asked if she could sleep with me.,02:10:13.175,02:10:42.699,29.524,29.524,marker,MEDIUM,1,23,"DCBWoWhsTpA_utt06107#p02,DCBWoWhsTpA_utt06108#p01,DCBWoWhsTpA_utt06109#p01,DCBWoWhsTpA_utt06110#p01,DCBWoWhsTpA_utt06111#p01,DCBWoWhsTpA_utt06112#p01,DCBWoWhsTpA_utt06113#p01,DCBWoWhsTpA_utt06114#p01,DCBWoWhsTpA_utt06115#p01,DCBWoWhsTpA_utt06116#p01,DCBWoWhsTpA_utt06117#p01,DCBWoWhsTpA_utt06118#p01,DCBWoWhsTpA_utt06119#p01,DCBWoWhsTpA_utt06120#p01,DCBWoWhsTpA_utt06121#p01,DCBWoWhsTpA_utt06122#p01,DCBWoWhsTpA_utt06123#p01,DCBWoWhsTpA_utt06124#p01,DCBWoWhsTpA_utt06125#p01,DCBWoWhsTpA_utt06126#p01,DCBWoWhsTpA_utt06127#p01,DCBWoWhsTpA_utt06128#p01,DCBWoWhsTpA_utt06129#p01","DCBWoWhsTpA_utt06107,DCBWoWhsTpA_utt06108,DCBWoWhsTpA_utt06109,DCBWoWhsTpA_utt06110,DCBWoWhsTpA_utt06111,DCBWoWhsTpA_utt06112,DCBWoWhsTpA_utt06113,DCBWoWhsTpA_utt06114,DCBWoWhsTpA_utt06115,DCBWoWhsTpA_utt06116,DCBWoWhsTpA_utt06117,DCBWoWhsTpA_utt06118,DCBWoWhsTpA_utt06119,DCBWoWhsTpA_utt06120,DCBWoWhsTpA_utt06121,DCBWoWhsTpA_utt06122,DCBWoWhsTpA_utt06123,DCBWoWhsTpA_utt06124,DCBWoWhsTpA_utt06125,DCBWoWhsTpA_utt06126,DCBWoWhsTpA_utt06127,DCBWoWhsTpA_utt06128,DCBWoWhsTpA_utt06129",23,/Users/rajeshpmu/Desktop/LegalMemoCMT/data/phase2/clancy/corpus/raw/live-lindsay-clancy-trial-day-14/live-lindsay-clancy-trial-day-14_DCBWoWhsTpA.mp4,/Users/rajeshpmu/Desktop/LegalMemoCMT/data/phase2/clancy/corpus/raw/live-lindsay-clancy-trial-day-14/live-lindsay-clancy-trial-day-14_DCBWoWhsTpA.wav,/Users/rajeshpmu/Desktop/LegalMemoCMT/data/processed/phase2/clancy/turn_clips/video/DCBWoWhsTpA/DCBWoWhsTpA_turn06777.mp4,/Users/rajeshpmu/Desktop/LegalMemoCMT/data/processed/phase2/clancy/turn_clips/audio/DCBWoWhsTpA/DCBWoWhsTpA_turn06777.wav,7813.175,7842.699,29.524,created,02:10:13.175,02:10:42.699,0.0,default_zero,SPEAKER_02,7.003,pyannote/speaker-diarization-3.1,Witness,manual_verified_diarization,HIGH,YES,SPEAKING,Witness,YES,Witness 16 identified by manual audio/video review,INCLUDE,,YES,speaker_role=Witness,split_dev;usable,"usable because speaker_role=Witness, witness_speaking_status=SPEAKING, clip_status=created, duration=29.524s, and source is not excluded",YES,0.6,HIGH,manual_clip_review,HUMAN_VERIFIED,/Users/rajeshpmu/Desktop/LegalMemoCMT/data/processed/phase2/clancy/turn_clips/video/DCBWoWhsTpA/DCBWoWhsTpA_turn06777.mp4,/Users/rajeshpmu/Desktop/LegalMemoCMT/data/processed/phase2/clancy/vit_facecrop_embeddings/DCBWoWhsTpA/DCBWoWhsTpA_turn06777.npy,created,sadness,0.498784,1.411781,"{""anger"": 0.021852, ""disgust"": 0.024939, ""fear"": 0.034389, ""joy"": 0.053912, ""neutral"": 0.150676, ""sadness"": 0.498784, ""surprise"": 0.215449}",/Users/rajeshpmu/Desktop/LegalMemoCMT/results/facial_cues/meld_vit_facecrop_gated_video_aux/fold_4/best_model.pt,phase1_meld_checkpoint_pseudo_label,"audio,text,video","audio,text,video","{""audio_dim"": 128, ""audio_model_name"": ""facebook/hubert-base-ls960"", ""dropout"": 0.1, ""encoder_mode"": ""paper"", ""freeze_audio_backbone"": false, ""freeze_text_backbone"": false, ""fusion_dim"": 256, ""fusion_mode"": ""gated"", ""fusion_pooling"": ""min"", ""max_audio_len"": 256, ""max_text_len"": 128, ""max_video_len"": 32, ""num_classes"": 7, ""num_heads"": 4, ""num_layers"": 2, ""text_dim"": 256, ""text_model_name"": ""bert-base-uncased"", ""use_video"": true, ""video_dim"": 768, ""vocab_size"": 30000}",/Users/rajeshpmu/Desktop/LegalMemoCMT/data/processed/phase2/clancy/turn_clips/audio/DCBWoWhsTpA/DCBWoWhsTpA_turn06777.wav,OK,,0.271947,0.228138,0.228138,0.329289,3loi/SER-Odyssey-Baseline-WavLM-Multi-Attributes,OK,hap,1.0,speechbrain/emotion-recognition-wav2vec2-IEMOCAP,OK,YES,OTHER_PERSON_DESCRIBED,emotion term occurs with other-person reference,HIGH,HIGH,HIGH,KEEP_PHASE1_CANDIDATE,sadness,joy,sadness,0.498784,sadness,0.498784,comparable Phase 1 and audio categorical outputs agree or audio class is not comparable,YES,UNKNOWN,,phase1_vs_comparable_audio_disagreement;other_person_emotion_scope;low_or_moderate_audio_arousal
DCBWoWhsTpA_turn06778,DCBWoWhsTpA_turn06778,DCBWoWhsTpA,https://www.youtube.com/live/DCBWoWhsTpA,LIVE: Lindsay Clancy trial Day 14,full_trial_stream,5,/Users/rajeshpmu/Desktop/LegalMemoCMT/data/phase2/clancy/corpus/raw/live-lindsay-clancy-trial-day-14/live-lindsay-clancy-trial-day-14_DCBWoWhsTpA.en.vtt,/Users/rajeshpmu/Desktop/LegalMemoCMT/data/processed/phase2/clancy/turn_clips/video/DCBWoWhsTpA/DCBWoWhsTpA_turn06778.mp4,/Users/rajeshpmu/Desktop/LegalMemoCMT/data/processed/phase2/clancy/turn_clips/audio/DCBWoWhsTpA/DCBWoWhsTpA_turn06778.wav,DCBWoWhsTpA,group_by_youtube_id,dev,neutral,text_keyword_heuristic,LOW,YES,"audio and courtroom-affect evidence support neutral, but emotion target is unresolved",YES,When was that?,When was that?,02:10:42.699,02:10:44.663,1.964,1.964,marker,MEDIUM,1,3,"DCBWoWhsTpA_utt06129#p02,DCBWoWhsTpA_utt06130#p01,DCBWoWhsTpA_utt06131#p01","DCBWoWhsTpA_utt06129,DCBWoWhsTpA_utt06130,DCBWoWhsTpA_utt06131",3,/Users/rajeshpmu/Desktop/LegalMemoCMT/data/phase2/clancy/corpus/raw/live-lindsay-clancy-trial-day-14/live-lindsay-clancy-trial-day-14_DCBWoWhsTpA.mp4,/Users/rajeshpmu/Desktop/LegalMemoCMT/data/phase2/clancy/corpus/raw/live-lindsay-clancy-trial-day-14/live-lindsay-clancy-trial-day-14_DCBWoWhsTpA.wav,/Users/rajeshpmu/Desktop/LegalMemoCMT/data/processed/phase2/clancy/turn_clips/video/DCBWoWhsTpA/DCBWoWhsTpA_turn06778.mp4,/Users/rajeshpmu/Desktop/LegalMemoCMT/data/processed/phase2/clancy/turn_clips/audio/DCBWoWhsTpA/DCBWoWhsTpA_turn06778.wav,7842.699,7844.663,1.964,created,02:10:42.699,02:10:44.663,0.0,default_zero,SPEAKER_02,1.318,pyannote/speaker-diarization-3.1,Witness,manual_verified_diarization,HIGH,YES,SPEAKING,Witness,YES,Witness 16 identified by manual audio/video review,INCLUDE,,YES,speaker_role=Witness,split_dev;usable,"usable because speaker_role=Witness, witness_speaking_status=SPEAKING, clip_status=created, duration=1.964s, and source is not excluded",YES,0.6,HIGH,manual_clip_review,HUMAN_VERIFIED,/Users/rajeshpmu/Desktop/LegalMemoCMT/data/processed/phase2/clancy/turn_clips/video/DCBWoWhsTpA/DCBWoWhsTpA_turn06778.mp4,/Users/rajeshpmu/Desktop/LegalMemoCMT/data/processed/phase2/clancy/vit_facecrop_embeddings/DCBWoWhsTpA/DCBWoWhsTpA_turn06778.npy,created,disgust,0.80869,0.628195,"{""anger"": 0.010063, ""disgust"": 0.80869, ""fear"": 0.005327, ""joy"": 0.012887, ""neutral"": 0.156737, ""sadness"": 0.004385, ""surprise"": 0.001912}",/Users/rajeshpmu/Desktop/LegalMemoCMT/results/facial_cues/meld_vit_facecrop_gated_video_aux/fold_4/best_model.pt,phase1_meld_checkpoint_pseudo_label,"audio,text,video","audio,text,video","{""audio_dim"": 128, ""audio_model_name"": ""facebook/hubert-base-ls960"", ""dropout"": 0.1, ""encoder_mode"": ""paper"", ""freeze_audio_backbone"": false, ""freeze_text_backbone"": false, ""fusion_dim"": 256, ""fusion_mode"": ""gated"", ""fusion_pooling"": ""min"", ""max_audio_len"": 256, ""max_text_len"": 128, ""max_video_len"": 32, ""num_classes"": 7, ""num_heads"": 4, ""num_layers"": 2, ""text_dim"": 256, ""text_model_name"": ""bert-base-uncased"", ""use_video"": true, ""video_dim"": 768, ""vocab_size"": 30000}",/Users/rajeshpmu/Desktop/LegalMemoCMT/data/processed/phase2/clancy/turn_clips/audio/DCBWoWhsTpA/DCBWoWhsTpA_turn06778.wav,OK,,0.40118,0.304215,0.304215,0.378294,3loi/SER-Odyssey-Baseline-WavLM-Multi-Attributes,OK,neu,1.0,speechbrain/emotion-recognition-wav2vec2-IEMOCAP,OK,NO,UNCLEAR,no explicit emotion-target evidence,HIGH,LOW,HIGH,NEUTRAL_CANDIDATE,disgust,neutral,neutral,0.580000,neutral,0.580000,"audio and courtroom-affect evidence support neutral, but emotion target is unresolved",YES,CALM_COMPOSED,1,phase1_vs_comparable_audio_disagreement;low_or_moderate_audio_arousal;speechbrain_neutral
DCBWoWhsTpA_turn06779,DCBWoWhsTpA_turn06779,DCBWoWhsTpA,https://www.youtube.com/live/DCBWoWhsTpA,LIVE: Lindsay Clancy trial Day 14,full_trial_stream,5,/Users/rajeshpmu/Desktop/LegalMemoCMT/data/phase2/clancy/corpus/raw/live-lindsay-clancy-trial-day-14/live-lindsay-clancy-trial-day-14_DCBWoWhsTpA.en.vtt,/Users/rajeshpmu/Desktop/LegalMemoCMT/data/processed/phase2/clancy/turn_clips/video/DCBWoWhsTpA/DCBWoWhsTpA_turn06779.mp4,/Users/rajeshpmu/Desktop/LegalMemoCMT/data/processed/phase2/clancy/turn_clips/audio/DCBWoWhsTpA/DCBWoWhsTpA_turn06779.wav,DCBWoWhsTpA,group_by_youtube_id,dev,neutral,text_keyword_heuristic,LOW,NO,"audio and courtroom-affect evidence support neutral, but emotion target is unresolved",YES,"That was late November, early December.","That was late November, early December.",02:10:44.663,02:10:47.881,3.218,3.218,marker,MEDIUM,1,3,"DCBWoWhsTpA_utt06131#p02,DCBWoWhsTpA_utt06132#p01,DCBWoWhsTpA_utt06133#p01","DCBWoWhsTpA_utt06131,DCBWoWhsTpA_utt06132,DCBWoWhsTpA_utt06133",3,/Users/rajeshpmu/Desktop/LegalMemoCMT/data/phase2/clancy/corpus/raw/live-lindsay-clancy-trial-day-14/live-lindsay-clancy-trial-day-14_DCBWoWhsTpA.mp4,/Users/rajeshpmu/Desktop/LegalMemoCMT/data/phase2/clancy/corpus/raw/live-lindsay-clancy-trial-day-14/live-lindsay-clancy-trial-day-14_DCBWoWhsTpA.wav,/Users/rajeshpmu/Desktop/LegalMemoCMT/data/processed/phase2/clancy/turn_clips/video/DCBWoWhsTpA/DCBWoWhsTpA_turn06779.mp4,/Users/rajeshpmu/Desktop/LegalMemoCMT/data/processed/phase2/clancy/turn_clips/audio/DCBWoWhsTpA/DCBWoWhsTpA_turn06779.wav,7844.663,7847.881,3.218,created,02:10:44.663,02:10:47.881,0.0,default_zero,SPEAKER_02,1.922,pyannote/speaker-diarization-3.1,Witness,manual_verified_diarization,HIGH,YES,SPEAKING,Witness,YES,Witness 16 identified by manual audio/video review,INCLUDE,,YES,speaker_role=Witness,split_dev;usable,"usable because speaker_role=Witness, witness_speaking_status=SPEAKING, clip_status=created, duration=3.218s, and source is not excluded",YES,0.6,HIGH,manual_clip_review,HUMAN_VERIFIED,/Users/rajeshpmu/Desktop/LegalMemoCMT/data/processed/phase2/clancy/turn_clips/video/DCBWoWhsTpA/DCBWoWhsTpA_turn06779.mp4,/Users/rajeshpmu/Desktop/LegalMemoCMT/data/processed/phase2/clancy/vit_facecrop_embeddings/DCBWoWhsTpA/DCBWoWhsTpA_turn06779.npy,created,neutral,0.852425,0.64891,"{""anger"": 0.040019, ""disgust"": 0.003436, ""fear"": 0.027139, ""joy"": 0.045914, ""neutral"": 0.852425, ""sadness"": 0.023443, ""surprise"": 0.007625}",/Users/rajeshpmu/Desktop/LegalMemoCMT/results/facial_cues/meld_vit_facecrop_gated_video_aux/fold_4/best_model.pt,phase1_meld_checkpoint_pseudo_label,"audio,text,video","audio,text,video","{""audio_dim"": 128, ""audio_model_name"": ""facebook/hubert-base-ls960"", ""dropout"": 0.1, ""encoder_mode"": ""paper"", ""freeze_audio_backbone"": false, ""freeze_text_backbone"": false, ""fusion_dim"": 256, ""fusion_mode"": ""gated"", ""fusion_pooling"": ""min"", ""max_audio_len"": 256, ""max_text_len"": 128, ""max_video_len"": 32, ""num_classes"": 7, ""num_heads"": 4, ""num_layers"": 2, ""text_dim"": 256, ""text_model_name"": ""bert-base-uncased"", ""use_video"": true, ""video_dim"": 768, ""vocab_size"": 30000}",/Users/rajeshpmu/Desktop/LegalMemoCMT/data/processed/phase2/clancy/turn_clips/audio/DCBWoWhsTpA/DCBWoWhsTpA_turn06779.wav,OK,,0.352553,0.218392,0.218392,0.276755,3loi/SER-Odyssey-Baseline-WavLM-Multi-Attributes,OK,neu,0.999982,speechbrain/emotion-recognition-wav2vec2-IEMOCAP,OK,NO,UNCLEAR,no explicit emotion-target evidence,LOW,LOW,LOW,NEUTRAL_CANDIDATE,neutral,neutral,neutral,0.580000,neutral,0.580000,"audio and courtroom-affect evidence support neutral, but emotion target is unresolved",NO,CALM_COMPOSED,1,low_or_moderate_audio_arousal;speechbrain_neutral
DCBWoWhsTpA_turn06782,DCBWoWhsTpA_turn06782,DCBWoWhsTpA,https://www.youtube.com/live/DCBWoWhsTpA,LIVE: Lindsay Clancy trial Day 14,full_trial_stream,5,/Users/rajeshpmu/Desktop/LegalMemoCMT/data/phase2/clancy/corpus/raw/live-lindsay-clancy-trial-day-14/live-lindsay-clancy-trial-day-14_DCBWoWhsTpA.en.vtt,/Users/rajeshpmu/Desktop/LegalMemoCMT/data/processed/phase2/clancy/turn_clips/video/DCBWoWhsTpA/DCBWoWhsTpA_turn06782.mp4,/Users/rajeshpmu/Desktop/LegalMemoCMT/data/processed/phase2/clancy/turn_clips/audio/DCBWoWhsTpA/DCBWoWhsTpA_turn06782.wav,DCBWoWhsTpA,group_by_youtube_id,dev,neutral,text_keyword_heuristic,LOW,NO,"audio and courtroom-affect evidence support neutral, but emotion target is unresolved",YES,"Yes. Um, I was down there probably most of December through um Christmas Eve and then I left on Christmas Eve to come home to see my other daughter and her family and then Lindsay actually came to my house later the day on Christmas Day. Was she with Pat?","Yes. Um, I was down there probably most of December through um Christmas Eve and then I left on Christmas Eve to come home to see my other daughter and her family and then Lindsay actually came to my house later the day on Christmas Day. Was she with Pat?",02:11:02.382,02:11:22.604,20.222,20.222,marker,MEDIUM,1,20,"DCBWoWhsTpA_utt06147#p02,DCBWoWhsTpA_utt06148#p01,DCBWoWhsTpA_utt06149#p01,DCBWoWhsTpA_utt06150#p01,DCBWoWhsTpA_utt06151#p01,DCBWoWhsTpA_utt06152#p01,DCBWoWhsTpA_utt06153#p01,DCBWoWhsTpA_utt06154#p01,DCBWoWhsTpA_utt06155#p01,DCBWoWhsTpA_utt06156#p01,DCBWoWhsTpA_utt06157#p01,DCBWoWhsTpA_utt06158#p01,DCBWoWhsTpA_utt06159#p01,DCBWoWhsTpA_utt06160#p01,DCBWoWhsTpA_utt06161#p01,DCBWoWhsTpA_utt06162#p01,DCBWoWhsTpA_utt06163#p01,DCBWoWhsTpA_utt06163#p02,DCBWoWhsTpA_utt06164#p01,DCBWoWhsTpA_utt06165#p01","DCBWoWhsTpA_utt06147,DCBWoWhsTpA_utt06148,DCBWoWhsTpA_utt06149,DCBWoWhsTpA_utt06150,DCBWoWhsTpA_utt06151,DCBWoWhsTpA_utt06152,DCBWoWhsTpA_utt06153,DCBWoWhsTpA_utt06154,DCBWoWhsTpA_utt06155,DCBWoWhsTpA_utt06156,DCBWoWhsTpA_utt06157,DCBWoWhsTpA_utt06158,DCBWoWhsTpA_utt06159,DCBWoWhsTpA_utt06160,DCBWoWhsTpA_utt06161,DCBWoWhsTpA_utt06162,DCBWoWhsTpA_utt06163,DCBWoWhsTpA_utt06164,DCBWoWhsTpA_utt06165",19,/Users/rajeshpmu/Desktop/LegalMemoCMT/data/phase2/clancy/corpus/raw/live-lindsay-clancy-trial-day-14/live-lindsay-clancy-trial-day-14_DCBWoWhsTpA.mp4,/Users/rajeshpmu/Desktop/LegalMemoCMT/data/phase2/clancy/corpus/raw/live-lindsay-clancy-trial-day-14/live-lindsay-clancy-trial-day-14_DCBWoWhsTpA.wav,/Users/rajeshpmu/Desktop/LegalMemoCMT/data/processed/phase2/clancy/turn_clips/video/DCBWoWhsTpA/DCBWoWhsTpA_turn06782.mp4,/Users/rajeshpmu/Desktop/LegalMemoCMT/data/processed/phase2/clancy/turn_clips/audio/DCBWoWhsTpA/DCBWoWhsTpA_turn06782.wav,7862.382,7882.604,20.222,created,02:11:02.382,02:11:22.604,0.0,default_zero,SPEAKER_02,7.797,pyannote/speaker-diarization-3.1,Witness,manual_verified_diarization,HIGH,YES,SPEAKING,Witness,YES,Witness 16 identified by manual audio/video review,INCLUDE,,YES,speaker_role=Witness,split_dev;usable,"usable because speaker_role=Witness, witness_speaking_status=SPEAKING, clip_status=created, duration=20.222s, and source is not excluded",YES,0.6,HIGH,manual_clip_review,HUMAN_VERIFIED,/Users/rajeshpmu/Desktop/LegalMemoCMT/data/processed/phase2/clancy/turn_clips/video/DCBWoWhsTpA/DCBWoWhsTpA_turn06782.mp4,/Users/rajeshpmu/Desktop/LegalMemoCMT/data/processed/phase2/clancy/vit_facecrop_embeddings/DCBWoWhsTpA/DCBWoWhsTpA_turn06782.npy,created,neutral,0.418434,1.403662,"{""anger"": 0.026675, ""disgust"": 0.026162, ""fear"": 0.237034, ""joy"": 0.033744, ""neutral"": 0.418434, ""sadness"": 0.248041, ""surprise"": 0.00991}",/Users/rajeshpmu/Desktop/LegalMemoCMT/results/facial_cues/meld_vit_facecrop_gated_video_aux/fold_4/best_model.pt,phase1_meld_checkpoint_pseudo_label,"audio,text,video","audio,text,video","{""audio_dim"": 128, ""audio_model_name"": ""facebook/hubert-base-ls960"", ""dropout"": 0.1, ""encoder_mode"": ""paper"", ""freeze_audio_backbone"": false, ""freeze_text_backbone"": false, ""fusion_dim"": 256, ""fusion_mode"": ""gated"", ""fusion_pooling"": ""min"", ""max_audio_len"": 256, ""max_text_len"": 128, ""max_video_len"": 32, ""num_classes"": 7, ""num_heads"": 4, ""num_layers"": 2, ""text_dim"": 256, ""text_model_name"": ""bert-base-uncased"", ""use_video"": true, ""video_dim"": 768, ""vocab_size"": 30000}",/Users/rajeshpmu/Desktop/LegalMemoCMT/data/processed/phase2/clancy/turn_clips/audio/DCBWoWhsTpA/DCBWoWhsTpA_turn06782.wav,OK,,0.419598,0.283986,0.283986,0.414199,3loi/SER-Odyssey-Baseline-WavLM-Multi-Attributes,OK,neu,1.0,speechbrain/emotion-recognition-wav2vec2-IEMOCAP,OK,NO,UNCLEAR,no explicit emotion-target evidence,LOW,LOW,LOW,NEUTRAL_CANDIDATE,neutral,neutral,neutral,0.580000,neutral,0.580000,"audio and courtroom-affect evidence support neutral, but emotion target is unresolved",NO,CALM_COMPOSED,1,low_or_moderate_audio_arousal;speechbrain_neutral
DCBWoWhsTpA_turn06789,DCBWoWhsTpA_turn06789,DCBWoWhsTpA,https://www.youtube.com/live/DCBWoWhsTpA,LIVE: Lindsay Clancy trial Day 14,full_trial_stream,5,/Users/rajeshpmu/Desktop/LegalMemoCMT/data/phase2/clancy/corpus/raw/live-lindsay-clancy-trial-day-14/live-lindsay-clancy-trial-day-14_DCBWoWhsTpA.en.vtt,/Users/rajeshpmu/Desktop/LegalMemoCMT/data/processed/phase2/clancy/turn_clips/video/DCBWoWhsTpA/DCBWoWhsTpA_turn06789.mp4,/Users/rajeshpmu/Desktop/LegalMemoCMT/data/processed/phase2/clancy/turn_clips/audio/DCBWoWhsTpA/DCBWoWhsTpA_turn06789.wav,DCBWoWhsTpA,group_by_youtube_id,dev,neutral,text_keyword_heuristic,LOW,YES,comparable Phase 1 and audio categorical outputs agree or audio class is not comparable,YES,How did you know that?,How did you know that?,02:11:42.637,02:11:44.084,1.447,1.447,marker,MEDIUM,1,3,"DCBWoWhsTpA_utt06185#p02,DCBWoWhsTpA_utt06186#p01,DCBWoWhsTpA_utt06187#p01","DCBWoWhsTpA_utt06185,DCBWoWhsTpA_utt06186,DCBWoWhsTpA_utt06187",3,/Users/rajeshpmu/Desktop/LegalMemoCMT/data/phase2/clancy/corpus/raw/live-lindsay-clancy-trial-day-14/live-lindsay-clancy-trial-day-14_DCBWoWhsTpA.mp4,/Users/rajeshpmu/Desktop/LegalMemoCMT/data/phase2/clancy/corpus/raw/live-lindsay-clancy-trial-day-14/live-lindsay-clancy-trial-day-14_DCBWoWhsTpA.wav,/Users/rajeshpmu/Desktop/LegalMemoCMT/data/processed/phase2/clancy/turn_clips/video/DCBWoWhsTpA/DCBWoWhsTpA_turn06789.mp4,/Users/rajeshpmu/Desktop/LegalMemoCMT/data/processed/phase2/clancy/turn_clips/audio/DCBWoWhsTpA/DCBWoWhsTpA_turn06789.wav,7902.637,7904.084,1.447,created,02:11:42.637,02:11:44.084,0.0,default_zero,SPEAKER_02,0.658,pyannote/speaker-diarization-3.1,Witness,manual_verified_diarization,HIGH,YES,SPEAKING,Witness,YES,Witness 16 identified by manual audio/video review,INCLUDE,,YES,speaker_role=Witness,split_dev;usable,"usable because speaker_role=Witness, witness_speaking_status=SPEAKING, clip_status=created, duration=1.447s, and source is not excluded",YES,0.6,HIGH,manual_clip_review,HUMAN_VERIFIED,/Users/rajeshpmu/Desktop/LegalMemoCMT/data/processed/phase2/clancy/turn_clips/video/DCBWoWhsTpA/DCBWoWhsTpA_turn06789.mp4,/Users/rajeshpmu/Desktop/LegalMemoCMT/data/processed/phase2/clancy/vit_facecrop_embeddings/DCBWoWhsTpA/DCBWoWhsTpA_turn06789.npy,created,disgust,0.953285,0.241927,"{""anger"": 0.004644, ""disgust"": 0.953285, ""fear"": 0.00285, ""joy"": 0.003646, ""neutral"": 0.031396, ""sadness"": 0.002804, ""surprise"": 0.001375}",/Users/rajeshpmu/Desktop/LegalMemoCMT/results/facial_cues/meld_vit_facecrop_gated_video_aux/fold_4/best_model.pt,phase1_meld_checkpoint_pseudo_label,"audio,text,video","audio,text,video","{""audio_dim"": 128, ""audio_model_name"": ""facebook/hubert-base-ls960"", ""dropout"": 0.1, ""encoder_mode"": ""paper"", ""freeze_audio_backbone"": false, ""freeze_text_backbone"": false, ""fusion_dim"": 256, ""fusion_mode"": ""gated"", ""fusion_pooling"": ""min"", ""max_audio_len"": 256, ""max_text_len"": 128, ""max_video_len"": 32, ""num_classes"": 7, ""num_heads"": 4, ""num_layers"": 2, ""text_dim"": 256, ""text_model_name"": ""bert-base-uncased"", ""use_video"": true, ""video_dim"": 768, ""vocab_size"": 30000}",/Users/rajeshpmu/Desktop/LegalMemoCMT/data/processed/phase2/clancy/turn_clips/audio/DCBWoWhsTpA/DCBWoWhsTpA_turn06789.wav,OK,,0.487476,0.379574,0.379574,0.44585,3loi/SER-Odyssey-Baseline-WavLM-Multi-Attributes,OK,ang,1.0,speechbrain/emotion-recognition-wav2vec2-IEMOCAP,OK,NO,UNCLEAR,no explicit emotion-target evidence,HIGH,LOW,HIGH,KEEP_PHASE1_CANDIDATE,disgust,anger,disgust,0.953285,disgust,0.953285,comparable Phase 1 and audio categorical outputs agree or audio class is not comparable,YES,UNKNOWN,,phase1_vs_comparable_audio_disagreement;low_or_moderate_audio_arousal
DCBWoWhsTpA_turn06791,DCBWoWhsTpA_turn06791,DCBWoWhsTpA,https://www.youtube.com/live/DCBWoWhsTpA,LIVE: Lindsay Clancy trial Day 14,full_trial_stream,5,/Users/rajeshpmu/Desktop/LegalMemoCMT/data/phase2/clancy/corpus/raw/live-lindsay-clancy-trial-day-14/live-lindsay-clancy-trial-day-14_DCBWoWhsTpA.en.vtt,/Users/rajeshpmu/Desktop/LegalMemoCMT/data/processed/phase2/clancy/turn_clips/video/DCBWoWhsTpA/DCBWoWhsTpA_turn06791.mp4,/Users/rajeshpmu/Desktop/LegalMemoCMT/data/processed/phase2/clancy/turn_clips/audio/DCBWoWhsTpA/DCBWoWhsTpA_turn06791.wav,DCBWoWhsTpA,group_by_youtube_id,dev,neutral,text_keyword_heuristic,LOW,YES,comparable Phase 1 and audio categorical outputs agree or audio class is not comparable,YES,What do you mean you were there?,What do you mean you were there?,02:11:44.837,02:11:46.595,1.758,1.758,marker,MEDIUM,1,3,"DCBWoWhsTpA_utt06189#p02,DCBWoWhsTpA_utt06190#p01,DCBWoWhsTpA_utt06191#p01","DCBWoWhsTpA_utt06189,DCBWoWhsTpA_utt06190,DCBWoWhsTpA_utt06191",3,/Users/rajeshpmu/Desktop/LegalMemoCMT/data/phase2/clancy/corpus/raw/live-lindsay-clancy-trial-day-14/live-lindsay-clancy-trial-day-14_DCBWoWhsTpA.mp4,/Users/rajeshpmu/Desktop/LegalMemoCMT/data/phase2/clancy/corpus/raw/live-lindsay-clancy-trial-day-14/live-lindsay-clancy-trial-day-14_DCBWoWhsTpA.wav,/Users/rajeshpmu/Desktop/LegalMemoCMT/data/processed/phase2/clancy/turn_clips/video/DCBWoWhsTpA/DCBWoWhsTpA_turn06791.mp4,/Users/rajeshpmu/Desktop/LegalMemoCMT/data/processed/phase2/clancy/turn_clips/audio/DCBWoWhsTpA/DCBWoWhsTpA_turn06791.wav,7904.837,7906.595,1.758,created,02:11:44.837,02:11:46.595,0.0,default_zero,SPEAKER_02,0.93,pyannote/speaker-diarization-3.1,Witness,manual_verified_diarization,HIGH,YES,SPEAKING,Witness,YES,Witness 16 identified by manual audio/video review,INCLUDE,,YES,speaker_role=Witness,split_dev;usable,"usable because speaker_role=Witness, witness_speaking_status=SPEAKING, clip_status=created, duration=1.758s, and source is not excluded",YES,0.6,HIGH,manual_clip_review,HUMAN_VERIFIED,/Users/rajeshpmu/Desktop/LegalMemoCMT/data/processed/phase2/clancy/turn_clips/video/DCBWoWhsTpA/DCBWoWhsTpA_turn06791.mp4,/Users/rajeshpmu/Desktop/LegalMemoCMT/data/processed/phase2/clancy/vit_facecrop_embeddings/DCBWoWhsTpA/DCBWoWhsTpA_turn06791.npy,created,neutral,0.624812,0.879528,"{""anger"": 0.017497, ""disgust"": 0.325785, ""fear"": 0.007842, ""joy"": 0.013534, ""neutral"": 0.624812, ""sadness"": 0.008388, ""surprise"": 0.002142}",/Users/rajeshpmu/Desktop/LegalMemoCMT/results/facial_cues/meld_vit_facecrop_gated_video_aux/fold_4/best_model.pt,phase1_meld_checkpoint_pseudo_label,"audio,text,video","audio,text,video","{""audio_dim"": 128, ""audio_model_name"": ""facebook/hubert-base-ls960"", ""dropout"": 0.1, ""encoder_mode"": ""paper"", ""freeze_audio_backbone"": false, ""freeze_text_backbone"": false, ""fusion_dim"": 256, ""fusion_mode"": ""gated"", ""fusion_pooling"": ""min"", ""max_audio_len"": 256, ""max_text_len"": 128, ""max_video_len"": 32, ""num_classes"": 7, ""num_heads"": 4, ""num_layers"": 2, ""text_dim"": 256, ""text_model_name"": ""bert-base-uncased"", ""use_video"": true, ""video_dim"": 768, ""vocab_size"": 30000}",/Users/rajeshpmu/Desktop/LegalMemoCMT/data/processed/phase2/clancy/turn_clips/audio/DCBWoWhsTpA/DCBWoWhsTpA_turn06791.wav,OK,,0.506541,0.359748,0.359748,0.428368,3loi/SER-Odyssey-Baseline-WavLM-Multi-Attributes,OK,ang,0.999866,speechbrain/emotion-recognition-wav2vec2-IEMOCAP,OK,NO,UNCLEAR,no explicit emotion-target evidence,MEDIUM,LOW,MEDIUM,KEEP_PHASE1_CANDIDATE,neutral,anger,neutral,0.624812,neutral,0.624812,comparable Phase 1 and audio categorical outputs agree or audio class is not comparable,YES,UNKNOWN,,phase1_vs_comparable_audio_disagreement;low_or_moderate_audio_arousal
DCBWoWhsTpA_turn06792,DCBWoWhsTpA_turn06792,DCBWoWhsTpA,https://www.youtube.com/live/DCBWoWhsTpA,LIVE: Lindsay Clancy trial Day 14,full_trial_stream,5,/Users/rajeshpmu/Desktop/LegalMemoCMT/data/phase2/clancy/corpus/raw/live-lindsay-clancy-trial-day-14/live-lindsay-clancy-trial-day-14_DCBWoWhsTpA.en.vtt,/Users/rajeshpmu/Desktop/LegalMemoCMT/data/processed/phase2/clancy/turn_clips/video/DCBWoWhsTpA/DCBWoWhsTpA_turn06792.mp4,/Users/rajeshpmu/Desktop/LegalMemoCMT/data/processed/phase2/clancy/turn_clips/audio/DCBWoWhsTpA/DCBWoWhsTpA_turn06792.wav,DCBWoWhsTpA,group_by_youtube_id,dev,neutral,text_keyword_heuristic,LOW,YES,comparable Phase 1 and audio categorical outputs agree or audio class is not comparable,YES,I was at Lindsay's house staying with them.,I was at Lindsay's house staying with them.,02:11:46.595,02:11:48.789,2.194,2.194,marker,MEDIUM,1,5,"DCBWoWhsTpA_utt06191#p02,DCBWoWhsTpA_utt06192#p01,DCBWoWhsTpA_utt06193#p01,DCBWoWhsTpA_utt06194#p01,DCBWoWhsTpA_utt06195#p01","DCBWoWhsTpA_utt06191,DCBWoWhsTpA_utt06192,DCBWoWhsTpA_utt06193,DCBWoWhsTpA_utt06194,DCBWoWhsTpA_utt06195",5,/Users/rajeshpmu/Desktop/LegalMemoCMT/data/phase2/clancy/corpus/raw/live-lindsay-clancy-trial-day-14/live-lindsay-clancy-trial-day-14_DCBWoWhsTpA.mp4,/Users/rajeshpmu/Desktop/LegalMemoCMT/data/phase2/clancy/corpus/raw/live-lindsay-clancy-trial-day-14/live-lindsay-clancy-trial-day-14_DCBWoWhsTpA.wav,/Users/rajeshpmu/Desktop/LegalMemoCMT/data/processed/phase2/clancy/turn_clips/video/DCBWoWhsTpA/DCBWoWhsTpA_turn06792.mp4,/Users/rajeshpmu/Desktop/LegalMemoCMT/data/processed/phase2/clancy/turn_clips/audio/DCBWoWhsTpA/DCBWoWhsTpA_turn06792.wav,7906.595,7908.789,2.194,created,02:11:46.595,02:11:48.789,0.0,default_zero,SPEAKER_02,1.145,pyannote/speaker-diarization-3.1,Witness,manual_verified_diarization,HIGH,YES,SPEAKING,Witness,YES,Witness 16 identified by manual audio/video review,INCLUDE,,YES,speaker_role=Witness,split_dev;usable,"usable because speaker_role=Witness, witness_speaking_status=SPEAKING, clip_status=created, duration=2.194s, and source is not excluded",YES,0.6,HIGH,manual_clip_review,HUMAN_VERIFIED,/Users/rajeshpmu/Desktop/LegalMemoCMT/data/processed/phase2/clancy/turn_clips/video/DCBWoWhsTpA/DCBWoWhsTpA_turn06792.mp4,/Users/rajeshpmu/Desktop/LegalMemoCMT/data/processed/phase2/clancy/vit_facecrop_embeddings/DCBWoWhsTpA/DCBWoWhsTpA_turn06792.npy,created,neutral,0.936677,0.320734,"{""anger"": 0.007582, ""disgust"": 0.005004, ""fear"": 0.036294, ""joy"": 0.007254, ""neutral"": 0.936677, ""sadness"": 0.005059, ""surprise"": 0.002129}",/Users/rajeshpmu/Desktop/LegalMemoCMT/results/facial_cues/meld_vit_facecrop_gated_video_aux/fold_4/best_model.pt,phase1_meld_checkpoint_pseudo_label,"audio,text,video","audio,text,video","{""audio_dim"": 128, ""audio_model_name"": ""facebook/hubert-base-ls960"", ""dropout"": 0.1, ""encoder_mode"": ""paper"", ""freeze_audio_backbone"": false, ""freeze_text_backbone"": false, ""fusion_dim"": 256, ""fusion_mode"": ""gated"", ""fusion_pooling"": ""min"", ""max_audio_len"": 256, ""max_text_len"": 128, ""max_video_len"": 32, ""num_classes"": 7, ""num_heads"": 4, ""num_layers"": 2, ""text_dim"": 256, ""text_model_name"": ""bert-base-uncased"", ""use_video"": true, ""video_dim"": 768, ""vocab_size"": 30000}",/Users/rajeshpmu/Desktop/LegalMemoCMT/data/processed/phase2/clancy/turn_clips/audio/DCBWoWhsTpA/DCBWoWhsTpA_turn06792.wav,OK,,0.370224,0.279265,0.279265,0.359355,3loi/SER-Odyssey-Baseline-WavLM-Multi-Attributes,OK,ang,1.0,speechbrain/emotion-recognition-wav2vec2-IEMOCAP,OK,NO,UNCLEAR,no explicit emotion-target evidence,HIGH,LOW,HIGH,KEEP_PHASE1_CANDIDATE,neutral,anger,neutral,0.936677,neutral,0.936677,comparable Phase 1 and audio categorical outputs agree or audio class is not comparable,YES,UNKNOWN,,phase1_vs_comparable_audio_disagreement;low_or_moderate_audio_arousal
DCBWoWhsTpA_turn06795,DCBWoWhsTpA_turn06795,DCBWoWhsTpA,https://www.youtube.com/live/DCBWoWhsTpA,LIVE: Lindsay Clancy trial Day 14,full_trial_stream,5,/Users/rajeshpmu/Desktop/LegalMemoCMT/data/phase2/clancy/corpus/raw/live-lindsay-clancy-trial-day-14/live-lindsay-clancy-trial-day-14_DCBWoWhsTpA.en.vtt,/Users/rajeshpmu/Desktop/LegalMemoCMT/data/processed/phase2/clancy/turn_clips/video/DCBWoWhsTpA/DCBWoWhsTpA_turn06795.mp4,/Users/rajeshpmu/Desktop/LegalMemoCMT/data/processed/phase2/clancy/turn_clips/audio/DCBWoWhsTpA/DCBWoWhsTpA_turn06795.wav,DCBWoWhsTpA,group_by_youtube_id,dev,neutral,text_keyword_heuristic,LOW,YES,comparable Phase 1 and audio categorical outputs agree or audio class is not comparable,YES,"They were there, I guess, when we weren't there. I didn't really see them, but","They were there, I guess, when we weren't there. I didn't really see them, but",02:12:00.956,02:12:04.749,3.793,3.793,marker,MEDIUM,1,7,"DCBWoWhsTpA_utt06205#p02,DCBWoWhsTpA_utt06206#p01,DCBWoWhsTpA_utt06207#p01,DCBWoWhsTpA_utt06208#p01,DCBWoWhsTpA_utt06209#p01,DCBWoWhsTpA_utt06210#p01,DCBWoWhsTpA_utt06211#p01","DCBWoWhsTpA_utt06205,DCBWoWhsTpA_utt06206,DCBWoWhsTpA_utt06207,DCBWoWhsTpA_utt06208,DCBWoWhsTpA_utt06209,DCBWoWhsTpA_utt06210,DCBWoWhsTpA_utt06211",7,/Users/rajeshpmu/Desktop/LegalMemoCMT/data/phase2/clancy/corpus/raw/live-lindsay-clancy-trial-day-14/live-lindsay-clancy-trial-day-14_DCBWoWhsTpA.mp4,/Users/rajeshpmu/Desktop/LegalMemoCMT/data/phase2/clancy/corpus/raw/live-lindsay-clancy-trial-day-14/live-lindsay-clancy-trial-day-14_DCBWoWhsTpA.wav,/Users/rajeshpmu/Desktop/LegalMemoCMT/data/processed/phase2/clancy/turn_clips/video/DCBWoWhsTpA/DCBWoWhsTpA_turn06795.mp4,/Users/rajeshpmu/Desktop/LegalMemoCMT/data/processed/phase2/clancy/turn_clips/audio/DCBWoWhsTpA/DCBWoWhsTpA_turn06795.wav,7920.956,7924.749,3.793,created,02:12:00.956,02:12:04.749,0.0,default_zero,SPEAKER_02,3.406,pyannote/speaker-diarization-3.1,Witness,manual_verified_diarization,HIGH,YES,SPEAKING,Witness,YES,Witness 16 identified by manual audio/video review,INCLUDE,,YES,speaker_role=Witness,split_dev;usable,"usable because speaker_role=Witness, witness_speaking_status=SPEAKING, clip_status=created, duration=3.793s, and source is not excluded",YES,0.6,HIGH,manual_clip_review,HUMAN_VERIFIED,/Users/rajeshpmu/Desktop/LegalMemoCMT/data/processed/phase2/clancy/turn_clips/video/DCBWoWhsTpA/DCBWoWhsTpA_turn06795.mp4,/Users/rajeshpmu/Desktop/LegalMemoCMT/data/processed/phase2/clancy/vit_facecrop_embeddings/DCBWoWhsTpA/DCBWoWhsTpA_turn06795.npy,created,neutral,0.798611,0.832635,"{""anger"": 0.044842, ""disgust"": 0.047332, ""fear"": 0.021076, ""joy"": 0.021735, ""neutral"": 0.798611, ""sadness"": 0.058226, ""surprise"": 0.008179}",/Users/rajeshpmu/Desktop/LegalMemoCMT/results/facial_cues/meld_vit_facecrop_gated_video_aux/fold_4/best_model.pt,phase1_meld_checkpoint_pseudo_label,"audio,text,video","audio,text,video","{""audio_dim"": 128, ""audio_model_name"": ""facebook/hubert-base-ls960"", ""dropout"": 0.1, ""encoder_mode"": ""paper"", ""freeze_audio_backbone"": false, ""freeze_text_backbone"": false, ""fusion_dim"": 256, ""fusion_mode"": ""gated"", ""fusion_pooling"": ""min"", ""max_audio_len"": 256, ""max_text_len"": 128, ""max_video_len"": 32, ""num_classes"": 7, ""num_heads"": 4, ""num_layers"": 2, ""text_dim"": 256, ""text_model_name"": ""bert-base-uncased"", ""use_video"": true, ""video_dim"": 768, ""vocab_size"": 30000}",/Users/rajeshpmu/Desktop/LegalMemoCMT/data/processed/phase2/clancy/turn_clips/audio/DCBWoWhsTpA/DCBWoWhsTpA_turn06795.wav,OK,,0.353499,0.451416,0.451416,0.513678,3loi/SER-Odyssey-Baseline-WavLM-Multi-Attributes,OK,ang,1.0,speechbrain/emotion-recognition-wav2vec2-IEMOCAP,OK,NO,QUOTED_SPEECH,quote or reported speech marker,HIGH,LOW,HIGH,KEEP_PHASE1_CANDIDATE,neutral,anger,neutral,0.798611,neutral,0.798611,comparable Phase 1 and audio categorical outputs agree or audio class is not comparable,YES,UNKNOWN,,phase1_vs_comparable_audio_disagreement
DCBWoWhsTpA_turn06801,DCBWoWhsTpA_turn06801,DCBWoWhsTpA,https://www.youtube.com/live/DCBWoWhsTpA,LIVE: Lindsay Clancy trial Day 14,full_trial_stream,5,/Users/rajeshpmu/Desktop/LegalMemoCMT/data/phase2/clancy/corpus/raw/live-lindsay-clancy-trial-day-14/live-lindsay-clancy-trial-day-14_DCBWoWhsTpA.en.vtt,/Users/rajeshpmu/Desktop/LegalMemoCMT/data/processed/phase2/clancy/turn_clips/video/DCBWoWhsTpA/DCBWoWhsTpA_turn06801.mp4,/Users/rajeshpmu/Desktop/LegalMemoCMT/data/processed/phase2/clancy/turn_clips/audio/DCBWoWhsTpA/DCBWoWhsTpA_turn06801.wav,DCBWoWhsTpA,group_by_youtube_id,dev,neutral,text_keyword_heuristic,LOW,YES,comparable Phase 1 and audio categorical outputs agree or audio class is not comparable,YES,"Yes. She said, ""The school knows some something's going on because I'm not driving my car to, you know, they see that I'm not driving my car to pick the kids up.""","Yes. She said, ""The school knows some something's going on because I'm not driving my car to, you know, they see that I'm not driving my car to pick the kids up.""",02:13:32.562,02:13:42.685,10.123,10.123,marker,MEDIUM,1,11,"DCBWoWhsTpA_utt06283#p02,DCBWoWhsTpA_utt06284#p01,DCBWoWhsTpA_utt06285#p01,DCBWoWhsTpA_utt06286#p01,DCBWoWhsTpA_utt06287#p01,DCBWoWhsTpA_utt06288#p01,DCBWoWhsTpA_utt06289#p01,DCBWoWhsTpA_utt06290#p01,DCBWoWhsTpA_utt06291#p01,DCBWoWhsTpA_utt06292#p01,DCBWoWhsTpA_utt06293#p01","DCBWoWhsTpA_utt06283,DCBWoWhsTpA_utt06284,DCBWoWhsTpA_utt06285,DCBWoWhsTpA_utt06286,DCBWoWhsTpA_utt06287,DCBWoWhsTpA_utt06288,DCBWoWhsTpA_utt06289,DCBWoWhsTpA_utt06290,DCBWoWhsTpA_utt06291,DCBWoWhsTpA_utt06292,DCBWoWhsTpA_utt06293",11,/Users/rajeshpmu/Desktop/LegalMemoCMT/data/phase2/clancy/corpus/raw/live-lindsay-clancy-trial-day-14/live-lindsay-clancy-trial-day-14_DCBWoWhsTpA.mp4,/Users/rajeshpmu/Desktop/LegalMemoCMT/data/phase2/clancy/corpus/raw/live-lindsay-clancy-trial-day-14/live-lindsay-clancy-trial-day-14_DCBWoWhsTpA.wav,/Users/rajeshpmu/Desktop/LegalMemoCMT/data/processed/phase2/clancy/turn_clips/video/DCBWoWhsTpA/DCBWoWhsTpA_turn06801.mp4,/Users/rajeshpmu/Desktop/LegalMemoCMT/data/processed/phase2/clancy/turn_clips/audio/DCBWoWhsTpA/DCBWoWhsTpA_turn06801.wav,8012.562,8022.685,10.123,created,02:13:32.562,02:13:42.685,0.0,default_zero,SPEAKER_02,8.393,pyannote/speaker-diarization-3.1,Witness,manual_verified_diarization,HIGH,YES,SPEAKING,Witness,YES,Witness 16 identified by manual audio/video review,INCLUDE,,YES,speaker_role=Witness,split_dev;usable,"usable because speaker_role=Witness, witness_speaking_status=SPEAKING, clip_status=created, duration=10.123s, and source is not excluded",YES,0.6,HIGH,manual_clip_review,HUMAN_VERIFIED,/Users/rajeshpmu/Desktop/LegalMemoCMT/data/processed/phase2/clancy/turn_clips/video/DCBWoWhsTpA/DCBWoWhsTpA_turn06801.mp4,/Users/rajeshpmu/Desktop/LegalMemoCMT/data/processed/phase2/clancy/vit_facecrop_embeddings/DCBWoWhsTpA/DCBWoWhsTpA_turn06801.npy,created,sadness,0.544674,1.288092,"{""anger"": 0.024719, ""disgust"": 0.005337, ""fear"": 0.05267, ""joy"": 0.236491, ""neutral"": 0.107264, ""sadness"": 0.544674, ""surprise"": 0.028845}",/Users/rajeshpmu/Desktop/LegalMemoCMT/results/facial_cues/meld_vit_facecrop_gated_video_aux/fold_4/best_model.pt,phase1_meld_checkpoint_pseudo_label,"audio,text,video","audio,text,video","{""audio_dim"": 128, ""audio_model_name"": ""facebook/hubert-base-ls960"", ""dropout"": 0.1, ""encoder_mode"": ""paper"", ""freeze_audio_backbone"": false, ""freeze_text_backbone"": false, ""fusion_dim"": 256, ""fusion_mode"": ""gated"", ""fusion_pooling"": ""min"", ""max_audio_len"": 256, ""max_text_len"": 128, ""max_video_len"": 32, ""num_classes"": 7, ""num_heads"": 4, ""num_layers"": 2, ""text_dim"": 256, ""text_model_name"": ""bert-base-uncased"", ""use_video"": true, ""video_dim"": 768, ""vocab_size"": 30000}",/Users/rajeshpmu/Desktop/LegalMemoCMT/data/processed/phase2/clancy/turn_clips/audio/DCBWoWhsTpA/DCBWoWhsTpA_turn06801.wav,OK,,0.270715,0.452778,0.452778,0.530581,3loi/SER-Odyssey-Baseline-WavLM-Multi-Attributes,OK,neu,0.999117,speechbrain/emotion-recognition-wav2vec2-IEMOCAP,OK,NO,QUOTED_SPEECH,quote or reported speech marker,MEDIUM,LOW,MEDIUM,KEEP_PHASE1_CANDIDATE,sadness,neutral,sadness,0.544674,sadness,0.544674,comparable Phase 1 and audio categorical outputs agree or audio class is not comparable,YES,UNKNOWN,,phase1_vs_comparable_audio_disagreement;speechbrain_neutral
DCBWoWhsTpA_turn06804,DCBWoWhsTpA_turn06804,DCBWoWhsTpA,https://www.youtube.com/live/DCBWoWhsTpA,LIVE: Lindsay Clancy trial Day 14,full_trial_stream,5,/Users/rajeshpmu/Desktop/LegalMemoCMT/data/phase2/clancy/corpus/raw/live-lindsay-clancy-trial-day-14/live-lindsay-clancy-trial-day-14_DCBWoWhsTpA.en.vtt,/Users/rajeshpmu/Desktop/LegalMemoCMT/data/processed/phase2/clancy/turn_clips/video/DCBWoWhsTpA/DCBWoWhsTpA_turn06804.mp4,/Users/rajeshpmu/Desktop/LegalMemoCMT/data/processed/phase2/clancy/turn_clips/audio/DCBWoWhsTpA/DCBWoWhsTpA_turn06804.wav,DCBWoWhsTpA,group_by_youtube_id,dev,neutral,text_keyword_heuristic,LOW,NO,"audio and courtroom-affect evidence support neutral, but emotion target is unresolved",YES,What did she say?,What did she say?,02:13:50.750,02:13:52.891,2.141,2.141,marker,MEDIUM,1,3,"DCBWoWhsTpA_utt06303#p02,DCBWoWhsTpA_utt06304#p01,DCBWoWhsTpA_utt06305#p01","DCBWoWhsTpA_utt06303,DCBWoWhsTpA_utt06304,DCBWoWhsTpA_utt06305",3,/Users/rajeshpmu/Desktop/LegalMemoCMT/data/phase2/clancy/corpus/raw/live-lindsay-clancy-trial-day-14/live-lindsay-clancy-trial-day-14_DCBWoWhsTpA.mp4,/Users/rajeshpmu/Desktop/LegalMemoCMT/data/phase2/clancy/corpus/raw/live-lindsay-clancy-trial-day-14/live-lindsay-clancy-trial-day-14_DCBWoWhsTpA.wav,/Users/rajeshpmu/Desktop/LegalMemoCMT/data/processed/phase2/clancy/turn_clips/video/DCBWoWhsTpA/DCBWoWhsTpA_turn06804.mp4,/Users/rajeshpmu/Desktop/LegalMemoCMT/data/processed/phase2/clancy/turn_clips/audio/DCBWoWhsTpA/DCBWoWhsTpA_turn06804.wav,8030.75,8032.891,2.141,created,02:13:50.750,02:13:52.891,0.0,default_zero,SPEAKER_02,0.9,pyannote/speaker-diarization-3.1,Witness,manual_verified_diarization,HIGH,YES,SPEAKING,Witness,YES,Witness 16 identified by manual audio/video review,INCLUDE,,YES,speaker_role=Witness,split_dev;usable,"usable because speaker_role=Witness, witness_speaking_status=SPEAKING, clip_status=created, duration=2.141s, and source is not excluded",YES,0.6,HIGH,manual_clip_review,HUMAN_VERIFIED,/Users/rajeshpmu/Desktop/LegalMemoCMT/data/processed/phase2/clancy/turn_clips/video/DCBWoWhsTpA/DCBWoWhsTpA_turn06804.mp4,/Users/rajeshpmu/Desktop/LegalMemoCMT/data/processed/phase2/clancy/vit_facecrop_embeddings/DCBWoWhsTpA/DCBWoWhsTpA_turn06804.npy,created,neutral,0.816835,0.659933,"{""anger"": 0.015066, ""disgust"": 0.131994, ""fear"": 0.008339, ""joy"": 0.010228, ""neutral"": 0.816835, ""sadness"": 0.015414, ""surprise"": 0.002125}",/Users/rajeshpmu/Desktop/LegalMemoCMT/results/facial_cues/meld_vit_facecrop_gated_video_aux/fold_4/best_model.pt,phase1_meld_checkpoint_pseudo_label,"audio,text,video","audio,text,video","{""audio_dim"": 128, ""audio_model_name"": ""facebook/hubert-base-ls960"", ""dropout"": 0.1, ""encoder_mode"": ""paper"", ""freeze_audio_backbone"": false, ""freeze_text_backbone"": false, ""fusion_dim"": 256, ""fusion_mode"": ""gated"", ""fusion_pooling"": ""min"", ""max_audio_len"": 256, ""max_text_len"": 128, ""max_video_len"": 32, ""num_classes"": 7, ""num_heads"": 4, ""num_layers"": 2, ""text_dim"": 256, ""text_model_name"": ""bert-base-uncased"", ""use_video"": true, ""video_dim"": 768, ""vocab_size"": 30000}",/Users/rajeshpmu/Desktop/LegalMemoCMT/data/processed/phase2/clancy/turn_clips/audio/DCBWoWhsTpA/DCBWoWhsTpA_turn06804.wav,OK,,0.336862,0.277287,0.277287,0.336791,3loi/SER-Odyssey-Baseline-WavLM-Multi-Attributes,OK,neu,0.999495,speechbrain/emotion-recognition-wav2vec2-IEMOCAP,OK,NO,UNCLEAR,no explicit emotion-target evidence,LOW,LOW,LOW,NEUTRAL_CANDIDATE,neutral,neutral,neutral,0.580000,neutral,0.580000,"audio and courtroom-affect evidence support neutral, but emotion target is unresolved",NO,CALM_COMPOSED,1,low_or_moderate_audio_arousal;speechbrain_neutral
DCBWoWhsTpA_turn06805,DCBWoWhsTpA_turn06805,DCBWoWhsTpA,https://www.youtube.com/live/DCBWoWhsTpA,LIVE: Lindsay Clancy trial Day 14,full_trial_stream,5,/Users/rajeshpmu/Desktop/LegalMemoCMT/data/phase2/clancy/corpus/raw/live-lindsay-clancy-trial-day-14/live-lindsay-clancy-trial-day-14_DCBWoWhsTpA.en.vtt,/Users/rajeshpmu/Desktop/LegalMemoCMT/data/processed/phase2/clancy/turn_clips/video/DCBWoWhsTpA/DCBWoWhsTpA_turn06805.mp4,/Users/rajeshpmu/Desktop/LegalMemoCMT/data/processed/phase2/clancy/turn_clips/audio/DCBWoWhsTpA/DCBWoWhsTpA_turn06805.wav,DCBWoWhsTpA,group_by_youtube_id,dev,neutral,text_keyword_heuristic,LOW,YES,comparable Phase 1 and audio categorical outputs agree or audio class is not comparable,YES,"She said that she couldn't remember anything. The medication was pretty much just destroying her mind and it wasn't her. She said, ""This isn't me. I I just want to feel better and enjoy my kids again.","She said that she couldn't remember anything. The medication was pretty much just destroying her mind and it wasn't her. She said, ""This isn't me. I I just want to feel better and enjoy my kids again.",02:13:52.891,02:14:06.555,13.664,13.664,marker,MEDIUM,1,13,"DCBWoWhsTpA_utt06305#p02,DCBWoWhsTpA_utt06306#p01,DCBWoWhsTpA_utt06307#p01,DCBWoWhsTpA_utt06308#p01,DCBWoWhsTpA_utt06309#p01,DCBWoWhsTpA_utt06310#p01,DCBWoWhsTpA_utt06311#p01,DCBWoWhsTpA_utt06312#p01,DCBWoWhsTpA_utt06313#p01,DCBWoWhsTpA_utt06314#p01,DCBWoWhsTpA_utt06315#p01,DCBWoWhsTpA_utt06316#p01,DCBWoWhsTpA_utt06317#p01","DCBWoWhsTpA_utt06305,DCBWoWhsTpA_utt06306,DCBWoWhsTpA_utt06307,DCBWoWhsTpA_utt06308,DCBWoWhsTpA_utt06309,DCBWoWhsTpA_utt06310,DCBWoWhsTpA_utt06311,DCBWoWhsTpA_utt06312,DCBWoWhsTpA_utt06313,DCBWoWhsTpA_utt06314,DCBWoWhsTpA_utt06315,DCBWoWhsTpA_utt06316,DCBWoWhsTpA_utt06317",13,/Users/rajeshpmu/Desktop/LegalMemoCMT/data/phase2/clancy/corpus/raw/live-lindsay-clancy-trial-day-14/live-lindsay-clancy-trial-day-14_DCBWoWhsTpA.mp4,/Users/rajeshpmu/Desktop/LegalMemoCMT/data/phase2/clancy/corpus/raw/live-lindsay-clancy-trial-day-14/live-lindsay-clancy-trial-day-14_DCBWoWhsTpA.wav,/Users/rajeshpmu/Desktop/LegalMemoCMT/data/processed/phase2/clancy/turn_clips/video/DCBWoWhsTpA/DCBWoWhsTpA_turn06805.mp4,/Users/rajeshpmu/Desktop/LegalMemoCMT/data/processed/phase2/clancy/turn_clips/audio/DCBWoWhsTpA/DCBWoWhsTpA_turn06805.wav,8032.891,8046.555,13.664,created,02:13:52.891,02:14:06.555,0.0,default_zero,SPEAKER_02,11.621,pyannote/speaker-diarization-3.1,Witness,manual_verified_diarization,HIGH,YES,SPEAKING,Witness,YES,Witness 16 identified by manual audio/video review,INCLUDE,,YES,speaker_role=Witness,split_dev;usable,"usable because speaker_role=Witness, witness_speaking_status=SPEAKING, clip_status=created, duration=13.664s, and source is not excluded",YES,0.6,HIGH,manual_clip_review,HUMAN_VERIFIED,/Users/rajeshpmu/Desktop/LegalMemoCMT/data/processed/phase2/clancy/turn_clips/video/DCBWoWhsTpA/DCBWoWhsTpA_turn06805.mp4,/Users/rajeshpmu/Desktop/LegalMemoCMT/data/processed/phase2/clancy/vit_facecrop_embeddings/DCBWoWhsTpA/DCBWoWhsTpA_turn06805.npy,created,joy,0.451288,1.518009,"{""anger"": 0.03989, ""disgust"": 0.003526, ""fear"": 0.117107, ""joy"": 0.451288, ""neutral"": 0.115579, ""sadness"": 0.202273, ""surprise"": 0.070338}",/Users/rajeshpmu/Desktop/LegalMemoCMT/results/facial_cues/meld_vit_facecrop_gated_video_aux/fold_4/best_model.pt,phase1_meld_checkpoint_pseudo_label,"audio,text,video","audio,text,video","{""audio_dim"": 128, ""audio_model_name"": ""facebook/hubert-base-ls960"", ""dropout"": 0.1, ""encoder_mode"": ""paper"", ""freeze_audio_backbone"": false, ""freeze_text_backbone"": false, ""fusion_dim"": 256, ""fusion_mode"": ""gated"", ""fusion_pooling"": ""min"", ""max_audio_len"": 256, ""max_text_len"": 128, ""max_video_len"": 32, ""num_classes"": 7, ""num_heads"": 4, ""num_layers"": 2, ""text_dim"": 256, ""text_model_name"": ""bert-base-uncased"", ""use_video"": true, ""video_dim"": 768, ""vocab_size"": 30000}",/Users/rajeshpmu/Desktop/LegalMemoCMT/data/processed/phase2/clancy/turn_clips/audio/DCBWoWhsTpA/DCBWoWhsTpA_turn06805.wav,OK,,0.187079,0.464771,0.464771,0.578341,3loi/SER-Odyssey-Baseline-WavLM-Multi-Attributes,OK,ang,0.835161,speechbrain/emotion-recognition-wav2vec2-IEMOCAP,OK,NO,QUOTED_SPEECH,quote or reported speech marker,MEDIUM,LOW,MEDIUM,KEEP_PHASE1_CANDIDATE,joy,anger,joy,0.451288,joy,0.451288,comparable Phase 1 and audio categorical outputs agree or audio class is not comparable,YES,UNKNOWN,,phase1_vs_comparable_audio_disagreement
DCBWoWhsTpA_turn06808,DCBWoWhsTpA_turn06808,DCBWoWhsTpA,https://www.youtube.com/live/DCBWoWhsTpA,LIVE: Lindsay Clancy trial Day 14,full_trial_stream,5,/Users/rajeshpmu/Desktop/LegalMemoCMT/data/phase2/clancy/corpus/raw/live-lindsay-clancy-trial-day-14/live-lindsay-clancy-trial-day-14_DCBWoWhsTpA.en.vtt,/Users/rajeshpmu/Desktop/LegalMemoCMT/data/processed/phase2/clancy/turn_clips/video/DCBWoWhsTpA/DCBWoWhsTpA_turn06808.mp4,/Users/rajeshpmu/Desktop/LegalMemoCMT/data/processed/phase2/clancy/turn_clips/audio/DCBWoWhsTpA/DCBWoWhsTpA_turn06808.wav,DCBWoWhsTpA,group_by_youtube_id,dev,stress,text_keyword_heuristic,HIGH,YES,comparable Phase 1 and audio categorical outputs agree or audio class is not comparable,YES,"I know it's difficult. Just tell us what you remember. I remember her being very nervous. I remember her saying, ""I just have to tell you guys something."" And then she told us.","I know it's difficult. Just tell us what you remember. I remember her being very nervous. I remember her saying, ""I just have to tell you guys something."" And then she told us.",02:14:27.768,02:14:41.745,13.977,13.977,marker,MEDIUM,1,13,"DCBWoWhsTpA_utt06335#p02,DCBWoWhsTpA_utt06336#p01,DCBWoWhsTpA_utt06337#p01,DCBWoWhsTpA_utt06338#p01,DCBWoWhsTpA_utt06339#p01,DCBWoWhsTpA_utt06340#p01,DCBWoWhsTpA_utt06341#p01,DCBWoWhsTpA_utt06342#p01,DCBWoWhsTpA_utt06343#p01,DCBWoWhsTpA_utt06344#p01,DCBWoWhsTpA_utt06345#p01,DCBWoWhsTpA_utt06346#p01,DCBWoWhsTpA_utt06347#p01","DCBWoWhsTpA_utt06335,DCBWoWhsTpA_utt06336,DCBWoWhsTpA_utt06337,DCBWoWhsTpA_utt06338,DCBWoWhsTpA_utt06339,DCBWoWhsTpA_utt06340,DCBWoWhsTpA_utt06341,DCBWoWhsTpA_utt06342,DCBWoWhsTpA_utt06343,DCBWoWhsTpA_utt06344,DCBWoWhsTpA_utt06345,DCBWoWhsTpA_utt06346,DCBWoWhsTpA_utt06347",13,/Users/rajeshpmu/Desktop/LegalMemoCMT/data/phase2/clancy/corpus/raw/live-lindsay-clancy-trial-day-14/live-lindsay-clancy-trial-day-14_DCBWoWhsTpA.mp4,/Users/rajeshpmu/Desktop/LegalMemoCMT/data/phase2/clancy/corpus/raw/live-lindsay-clancy-trial-day-14/live-lindsay-clancy-trial-day-14_DCBWoWhsTpA.wav,/Users/rajeshpmu/Desktop/LegalMemoCMT/data/processed/phase2/clancy/turn_clips/video/DCBWoWhsTpA/DCBWoWhsTpA_turn06808.mp4,/Users/rajeshpmu/Desktop/LegalMemoCMT/data/processed/phase2/clancy/turn_clips/audio/DCBWoWhsTpA/DCBWoWhsTpA_turn06808.wav,8067.768,8081.745,13.977,created,02:14:27.768,02:14:41.745,0.0,default_zero,SPEAKER_02,6.598,pyannote/speaker-diarization-3.1,Witness,manual_verified_diarization,HIGH,YES,SPEAKING,Witness,YES,Witness 16 identified by manual audio/video review,INCLUDE,,YES,speaker_role=Witness,split_dev;usable,"usable because speaker_role=Witness, witness_speaking_status=SPEAKING, clip_status=created, duration=13.977s, and source is not excluded",YES,0.6,HIGH,manual_clip_review,HUMAN_VERIFIED,/Users/rajeshpmu/Desktop/LegalMemoCMT/data/processed/phase2/clancy/turn_clips/video/DCBWoWhsTpA/DCBWoWhsTpA_turn06808.mp4,/Users/rajeshpmu/Desktop/LegalMemoCMT/data/processed/phase2/clancy/vit_facecrop_embeddings/DCBWoWhsTpA/DCBWoWhsTpA_turn06808.npy,created,sadness,0.878897,0.554293,"{""anger"": 0.013107, ""disgust"": 0.009379, ""fear"": 0.034536, ""joy"": 0.008565, ""neutral"": 0.047612, ""sadness"": 0.878897, ""surprise"": 0.007903}",/Users/rajeshpmu/Desktop/LegalMemoCMT/results/facial_cues/meld_vit_facecrop_gated_video_aux/fold_4/best_model.pt,phase1_meld_checkpoint_pseudo_label,"audio,text,video","audio,text,video","{""audio_dim"": 128, ""audio_model_name"": ""facebook/hubert-base-ls960"", ""dropout"": 0.1, ""encoder_mode"": ""paper"", ""freeze_audio_backbone"": false, ""freeze_text_backbone"": false, ""fusion_dim"": 256, ""fusion_mode"": ""gated"", ""fusion_pooling"": ""min"", ""max_audio_len"": 256, ""max_text_len"": 128, ""max_video_len"": 32, ""num_classes"": 7, ""num_heads"": 4, ""num_layers"": 2, ""text_dim"": 256, ""text_model_name"": ""bert-base-uncased"", ""use_video"": true, ""video_dim"": 768, ""vocab_size"": 30000}",/Users/rajeshpmu/Desktop/LegalMemoCMT/data/processed/phase2/clancy/turn_clips/audio/DCBWoWhsTpA/DCBWoWhsTpA_turn06808.wav,OK,,0.261625,0.278271,0.278271,0.389908,3loi/SER-Odyssey-Baseline-WavLM-Multi-Attributes,OK,hap,0.991717,speechbrain/emotion-recognition-wav2vec2-IEMOCAP,OK,NO,QUOTED_SPEECH,quote or reported speech marker,HIGH,LOW,HIGH,KEEP_PHASE1_CANDIDATE,sadness,joy,sadness,0.878897,sadness,0.878897,comparable Phase 1 and audio categorical outputs agree or audio class is not comparable,YES,UNKNOWN,,phase1_vs_comparable_audio_disagreement;low_or_moderate_audio_arousal
DCBWoWhsTpA_turn06809,DCBWoWhsTpA_turn06809,DCBWoWhsTpA,https://www.youtube.com/live/DCBWoWhsTpA,LIVE: Lindsay Clancy trial Day 14,full_trial_stream,5,/Users/rajeshpmu/Desktop/LegalMemoCMT/data/phase2/clancy/corpus/raw/live-lindsay-clancy-trial-day-14/live-lindsay-clancy-trial-day-14_DCBWoWhsTpA.en.vtt,/Users/rajeshpmu/Desktop/LegalMemoCMT/data/processed/phase2/clancy/turn_clips/video/DCBWoWhsTpA/DCBWoWhsTpA_turn06809.mp4,/Users/rajeshpmu/Desktop/LegalMemoCMT/data/processed/phase2/clancy/turn_clips/audio/DCBWoWhsTpA/DCBWoWhsTpA_turn06809.wav,DCBWoWhsTpA,group_by_youtube_id,dev,neutral,text_keyword_heuristic,LOW,NO,"audio and courtroom-affect evidence support neutral, but emotion target is unresolved",YES,What did she tell you?,What did she tell you?,02:14:41.745,02:14:43.638,1.893,1.893,marker,MEDIUM,1,3,"DCBWoWhsTpA_utt06347#p02,DCBWoWhsTpA_utt06348#p01,DCBWoWhsTpA_utt06349#p01","DCBWoWhsTpA_utt06347,DCBWoWhsTpA_utt06348,DCBWoWhsTpA_utt06349",3,/Users/rajeshpmu/Desktop/LegalMemoCMT/data/phase2/clancy/corpus/raw/live-lindsay-clancy-trial-day-14/live-lindsay-clancy-trial-day-14_DCBWoWhsTpA.mp4,/Users/rajeshpmu/Desktop/LegalMemoCMT/data/phase2/clancy/corpus/raw/live-lindsay-clancy-trial-day-14/live-lindsay-clancy-trial-day-14_DCBWoWhsTpA.wav,/Users/rajeshpmu/Desktop/LegalMemoCMT/data/processed/phase2/clancy/turn_clips/video/DCBWoWhsTpA/DCBWoWhsTpA_turn06809.mp4,/Users/rajeshpmu/Desktop/LegalMemoCMT/data/processed/phase2/clancy/turn_clips/audio/DCBWoWhsTpA/DCBWoWhsTpA_turn06809.wav,8081.745,8083.638,1.893,created,02:14:41.745,02:14:43.638,0.0,default_zero,SPEAKER_02,1.005,pyannote/speaker-diarization-3.1,Witness,manual_verified_diarization,HIGH,YES,SPEAKING,Witness,YES,Witness 16 identified by manual audio/video review,INCLUDE,,YES,speaker_role=Witness,split_dev;usable,"usable because speaker_role=Witness, witness_speaking_status=SPEAKING, clip_status=created, duration=1.893s, and source is not excluded",YES,0.6,HIGH,manual_clip_review,HUMAN_VERIFIED,/Users/rajeshpmu/Desktop/LegalMemoCMT/data/processed/phase2/clancy/turn_clips/video/DCBWoWhsTpA/DCBWoWhsTpA_turn06809.mp4,/Users/rajeshpmu/Desktop/LegalMemoCMT/data/processed/phase2/clancy/vit_facecrop_embeddings/DCBWoWhsTpA/DCBWoWhsTpA_turn06809.npy,created,neutral,0.562507,0.953955,"{""anger"": 0.014481, ""disgust"": 0.376002, ""fear"": 0.014537, ""joy"": 0.009997, ""neutral"": 0.562507, ""sadness"": 0.019728, ""surprise"": 0.002749}",/Users/rajeshpmu/Desktop/LegalMemoCMT/results/facial_cues/meld_vit_facecrop_gated_video_aux/fold_4/best_model.pt,phase1_meld_checkpoint_pseudo_label,"audio,text,video","audio,text,video","{""audio_dim"": 128, ""audio_model_name"": ""facebook/hubert-base-ls960"", ""dropout"": 0.1, ""encoder_mode"": ""paper"", ""freeze_audio_backbone"": false, ""freeze_text_backbone"": false, ""fusion_dim"": 256, ""fusion_mode"": ""gated"", ""fusion_pooling"": ""min"", ""max_audio_len"": 256, ""max_text_len"": 128, ""max_video_len"": 32, ""num_classes"": 7, ""num_heads"": 4, ""num_layers"": 2, ""text_dim"": 256, ""text_model_name"": ""bert-base-uncased"", ""use_video"": true, ""video_dim"": 768, ""vocab_size"": 30000}",/Users/rajeshpmu/Desktop/LegalMemoCMT/data/processed/phase2/clancy/turn_clips/audio/DCBWoWhsTpA/DCBWoWhsTpA_turn06809.wav,OK,,0.389587,0.27479,0.27479,0.355035,3loi/SER-Odyssey-Baseline-WavLM-Multi-Attributes,OK,neu,1.0,speechbrain/emotion-recognition-wav2vec2-IEMOCAP,OK,NO,UNCLEAR,no explicit emotion-target evidence,LOW,LOW,LOW,NEUTRAL_CANDIDATE,neutral,neutral,neutral,0.580000,neutral,0.580000,"audio and courtroom-affect evidence support neutral, but emotion target is unresolved",NO,CALM_COMPOSED,1,low_or_moderate_audio_arousal;speechbrain_neutral
DCBWoWhsTpA_turn06810,DCBWoWhsTpA_turn06810,DCBWoWhsTpA,https://www.youtube.com/live/DCBWoWhsTpA,LIVE: Lindsay Clancy trial Day 14,full_trial_stream,5,/Users/rajeshpmu/Desktop/LegalMemoCMT/data/phase2/clancy/corpus/raw/live-lindsay-clancy-trial-day-14/live-lindsay-clancy-trial-day-14_DCBWoWhsTpA.en.vtt,/Users/rajeshpmu/Desktop/LegalMemoCMT/data/processed/phase2/clancy/turn_clips/video/DCBWoWhsTpA/DCBWoWhsTpA_turn06810.mp4,/Users/rajeshpmu/Desktop/LegalMemoCMT/data/processed/phase2/clancy/turn_clips/audio/DCBWoWhsTpA/DCBWoWhsTpA_turn06810.wav,DCBWoWhsTpA,group_by_youtube_id,dev,neutral,text_keyword_heuristic,LOW,YES,"calm courtroom presentation with neutral acoustic evidence, low/moderate excitement, and non-self emotion target",YES,She told us that she had thoughts of harming the children.,She told us that she had thoughts of harming the children.,02:14:43.638,02:14:48.870,5.232,5.232,marker,MEDIUM,1,3,"DCBWoWhsTpA_utt06349#p02,DCBWoWhsTpA_utt06350#p01,DCBWoWhsTpA_utt06351#p01","DCBWoWhsTpA_utt06349,DCBWoWhsTpA_utt06350,DCBWoWhsTpA_utt06351",3,/Users/rajeshpmu/Desktop/LegalMemoCMT/data/phase2/clancy/corpus/raw/live-lindsay-clancy-trial-day-14/live-lindsay-clancy-trial-day-14_DCBWoWhsTpA.mp4,/Users/rajeshpmu/Desktop/LegalMemoCMT/data/phase2/clancy/corpus/raw/live-lindsay-clancy-trial-day-14/live-lindsay-clancy-trial-day-14_DCBWoWhsTpA.wav,/Users/rajeshpmu/Desktop/LegalMemoCMT/data/processed/phase2/clancy/turn_clips/video/DCBWoWhsTpA/DCBWoWhsTpA_turn06810.mp4,/Users/rajeshpmu/Desktop/LegalMemoCMT/data/processed/phase2/clancy/turn_clips/audio/DCBWoWhsTpA/DCBWoWhsTpA_turn06810.wav,8083.638,8088.87,5.232,created,02:14:43.638,02:14:48.870,0.0,default_zero,SPEAKER_02,2.505,pyannote/speaker-diarization-3.1,Witness,manual_verified_diarization,HIGH,YES,SPEAKING,Witness,YES,Witness 16 identified by manual audio/video review,INCLUDE,,YES,speaker_role=Witness,split_dev;usable,"usable because speaker_role=Witness, witness_speaking_status=SPEAKING, clip_status=created, duration=5.232s, and source is not excluded",YES,0.6,HIGH,manual_clip_review,HUMAN_VERIFIED,/Users/rajeshpmu/Desktop/LegalMemoCMT/data/processed/phase2/clancy/turn_clips/video/DCBWoWhsTpA/DCBWoWhsTpA_turn06810.mp4,/Users/rajeshpmu/Desktop/LegalMemoCMT/data/processed/phase2/clancy/vit_facecrop_embeddings/DCBWoWhsTpA/DCBWoWhsTpA_turn06810.npy,created,surprise,0.457935,1.461161,"{""anger"": 0.014433, ""disgust"": 0.014564, ""fear"": 0.065247, ""joy"": 0.05813, ""neutral"": 0.199331, ""sadness"": 0.19036, ""surprise"": 0.457935}",/Users/rajeshpmu/Desktop/LegalMemoCMT/results/facial_cues/meld_vit_facecrop_gated_video_aux/fold_4/best_model.pt,phase1_meld_checkpoint_pseudo_label,"audio,text,video","audio,text,video","{""audio_dim"": 128, ""audio_model_name"": ""facebook/hubert-base-ls960"", ""dropout"": 0.1, ""encoder_mode"": ""paper"", ""freeze_audio_backbone"": false, ""freeze_text_backbone"": false, ""fusion_dim"": 256, ""fusion_mode"": ""gated"", ""fusion_pooling"": ""min"", ""max_audio_len"": 256, ""max_text_len"": 128, ""max_video_len"": 32, ""num_classes"": 7, ""num_heads"": 4, ""num_layers"": 2, ""text_dim"": 256, ""text_model_name"": ""bert-base-uncased"", ""use_video"": true, ""video_dim"": 768, ""vocab_size"": 30000}",/Users/rajeshpmu/Desktop/LegalMemoCMT/data/processed/phase2/clancy/turn_clips/audio/DCBWoWhsTpA/DCBWoWhsTpA_turn06810.wav,OK,,0.275301,0.248471,0.248471,0.38856,3loi/SER-Odyssey-Baseline-WavLM-Multi-Attributes,OK,neu,0.994749,speechbrain/emotion-recognition-wav2vec2-IEMOCAP,OK,NO,QUOTED_SPEECH,quote or reported speech marker,MEDIUM,LOW,MEDIUM,NEUTRAL_CANDIDATE,surprise,neutral,neutral,0.720000,neutral,0.720000,"calm courtroom presentation with neutral acoustic evidence, low/moderate excitement, and non-self emotion target",YES,CALM_COMPOSED,1,phase1_vs_comparable_audio_disagreement;low_or_moderate_audio_arousal;speechbrain_neutral
DCBWoWhsTpA_turn06822,DCBWoWhsTpA_turn06822,DCBWoWhsTpA,https://www.youtube.com/live/DCBWoWhsTpA,LIVE: Lindsay Clancy trial Day 14,full_trial_stream,5,/Users/rajeshpmu/Desktop/LegalMemoCMT/data/phase2/clancy/corpus/raw/live-lindsay-clancy-trial-day-14/live-lindsay-clancy-trial-day-14_DCBWoWhsTpA.en.vtt,/Users/rajeshpmu/Desktop/LegalMemoCMT/data/processed/phase2/clancy/turn_clips/video/DCBWoWhsTpA/DCBWoWhsTpA_turn06822.mp4,/Users/rajeshpmu/Desktop/LegalMemoCMT/data/processed/phase2/clancy/turn_clips/audio/DCBWoWhsTpA/DCBWoWhsTpA_turn06822.wav,DCBWoWhsTpA,group_by_youtube_id,dev,neutral,text_keyword_heuristic,LOW,NO,"calm courtroom presentation with neutral acoustic evidence, low/moderate excitement, and non-self emotion target",YES,I believe I remember Pat asking her if she felt like she couldn't be alone with the children and she said no.,I believe I remember Pat asking her if she felt like she couldn't be alone with the children and she said no.,02:18:43.954,02:18:50.602,6.648,6.648,marker,MEDIUM,1,7,"DCBWoWhsTpA_utt06441#p02,DCBWoWhsTpA_utt06442#p01,DCBWoWhsTpA_utt06443#p01,DCBWoWhsTpA_utt06444#p01,DCBWoWhsTpA_utt06445#p01,DCBWoWhsTpA_utt06446#p01,DCBWoWhsTpA_utt06447#p01","DCBWoWhsTpA_utt06441,DCBWoWhsTpA_utt06442,DCBWoWhsTpA_utt06443,DCBWoWhsTpA_utt06444,DCBWoWhsTpA_utt06445,DCBWoWhsTpA_utt06446,DCBWoWhsTpA_utt06447",7,/Users/rajeshpmu/Desktop/LegalMemoCMT/data/phase2/clancy/corpus/raw/live-lindsay-clancy-trial-day-14/live-lindsay-clancy-trial-day-14_DCBWoWhsTpA.mp4,/Users/rajeshpmu/Desktop/LegalMemoCMT/data/phase2/clancy/corpus/raw/live-lindsay-clancy-trial-day-14/live-lindsay-clancy-trial-day-14_DCBWoWhsTpA.wav,/Users/rajeshpmu/Desktop/LegalMemoCMT/data/processed/phase2/clancy/turn_clips/video/DCBWoWhsTpA/DCBWoWhsTpA_turn06822.mp4,/Users/rajeshpmu/Desktop/LegalMemoCMT/data/processed/phase2/clancy/turn_clips/audio/DCBWoWhsTpA/DCBWoWhsTpA_turn06822.wav,8323.954,8330.602,6.648,created,02:18:43.954,02:18:50.602,0.0,default_zero,SPEAKER_02,4.767,pyannote/speaker-diarization-3.1,Witness,manual_verified_diarization,HIGH,YES,SPEAKING,Witness,YES,Witness 16 identified by manual audio/video review,INCLUDE,,YES,speaker_role=Witness,split_dev;usable,"usable because speaker_role=Witness, witness_speaking_status=SPEAKING, clip_status=created, duration=6.648s, and source is not excluded",YES,0.6,HIGH,manual_clip_review,HUMAN_VERIFIED,/Users/rajeshpmu/Desktop/LegalMemoCMT/data/processed/phase2/clancy/turn_clips/video/DCBWoWhsTpA/DCBWoWhsTpA_turn06822.mp4,/Users/rajeshpmu/Desktop/LegalMemoCMT/data/processed/phase2/clancy/vit_facecrop_embeddings/DCBWoWhsTpA/DCBWoWhsTpA_turn06822.npy,created,neutral,0.806589,0.777033,"{""anger"": 0.017741, ""disgust"": 0.008428, ""fear"": 0.083612, ""joy"": 0.027124, ""neutral"": 0.806589, ""sadness"": 0.047859, ""surprise"": 0.008647}",/Users/rajeshpmu/Desktop/LegalMemoCMT/results/facial_cues/meld_vit_facecrop_gated_video_aux/fold_4/best_model.pt,phase1_meld_checkpoint_pseudo_label,"audio,text,video","audio,text,video","{""audio_dim"": 128, ""audio_model_name"": ""facebook/hubert-base-ls960"", ""dropout"": 0.1, ""encoder_mode"": ""paper"", ""freeze_audio_backbone"": false, ""freeze_text_backbone"": false, ""fusion_dim"": 256, ""fusion_mode"": ""gated"", ""fusion_pooling"": ""min"", ""max_audio_len"": 256, ""max_text_len"": 128, ""max_video_len"": 32, ""num_classes"": 7, ""num_heads"": 4, ""num_layers"": 2, ""text_dim"": 256, ""text_model_name"": ""bert-base-uncased"", ""use_video"": true, ""video_dim"": 768, ""vocab_size"": 30000}",/Users/rajeshpmu/Desktop/LegalMemoCMT/data/processed/phase2/clancy/turn_clips/audio/DCBWoWhsTpA/DCBWoWhsTpA_turn06822.wav,OK,,0.343778,0.302514,0.302514,0.410576,3loi/SER-Odyssey-Baseline-WavLM-Multi-Attributes,OK,neu,0.854689,speechbrain/emotion-recognition-wav2vec2-IEMOCAP,OK,YES,OTHER_PERSON_DESCRIBED,emotion term occurs with other-person reference,LOW,HIGH,LOW,NEUTRAL_CANDIDATE,neutral,neutral,neutral,0.720000,neutral,0.720000,"calm courtroom presentation with neutral acoustic evidence, low/moderate excitement, and non-self emotion target",NO,CALM_COMPOSED,1,other_person_emotion_scope;low_or_moderate_audio_arousal;speechbrain_neutral
DCBWoWhsTpA_turn06836,DCBWoWhsTpA_turn06836,DCBWoWhsTpA,https://www.youtube.com/live/DCBWoWhsTpA,LIVE: Lindsay Clancy trial Day 14,full_trial_stream,5,/Users/rajeshpmu/Desktop/LegalMemoCMT/data/phase2/clancy/corpus/raw/live-lindsay-clancy-trial-day-14/live-lindsay-clancy-trial-day-14_DCBWoWhsTpA.en.vtt,/Users/rajeshpmu/Desktop/LegalMemoCMT/data/processed/phase2/clancy/turn_clips/video/DCBWoWhsTpA/DCBWoWhsTpA_turn06836.mp4,/Users/rajeshpmu/Desktop/LegalMemoCMT/data/processed/phase2/clancy/turn_clips/audio/DCBWoWhsTpA/DCBWoWhsTpA_turn06836.wav,DCBWoWhsTpA,group_by_youtube_id,dev,neutral,text_keyword_heuristic,LOW,NO,"audio and courtroom-affect evidence support neutral, but emotion target is unresolved",YES,"I must have been home at that point. I honestly don't remember. I was back and forth so many times. So, the time frames are really jumbled in my head as far as how long I stayed any particular time. And so you would go and help out when they asked you to and then you would go home when things were calmed down a little bit with Is that right?","I must have been home at that point. I honestly don't remember. I was back and forth so many times. So, the time frames are really jumbled in my head as far as how long I stayed any particular time. And so you would go and help out when they asked you to and then you would go home when things were calmed down a little bit with Is that right?",02:20:56.274,02:21:17.914,21.64,21.64,marker,MEDIUM,1,19,"DCBWoWhsTpA_utt06559#p02,DCBWoWhsTpA_utt06560#p01,DCBWoWhsTpA_utt06561#p01,DCBWoWhsTpA_utt06562#p01,DCBWoWhsTpA_utt06563#p01,DCBWoWhsTpA_utt06564#p01,DCBWoWhsTpA_utt06565#p01,DCBWoWhsTpA_utt06566#p01,DCBWoWhsTpA_utt06567#p01,DCBWoWhsTpA_utt06568#p01,DCBWoWhsTpA_utt06569#p01,DCBWoWhsTpA_utt06570#p01,DCBWoWhsTpA_utt06571#p01,DCBWoWhsTpA_utt06572#p01,DCBWoWhsTpA_utt06573#p01,DCBWoWhsTpA_utt06574#p01,DCBWoWhsTpA_utt06575#p01,DCBWoWhsTpA_utt06576#p01,DCBWoWhsTpA_utt06577#p01","DCBWoWhsTpA_utt06559,DCBWoWhsTpA_utt06560,DCBWoWhsTpA_utt06561,DCBWoWhsTpA_utt06562,DCBWoWhsTpA_utt06563,DCBWoWhsTpA_utt06564,DCBWoWhsTpA_utt06565,DCBWoWhsTpA_utt06566,DCBWoWhsTpA_utt06567,DCBWoWhsTpA_utt06568,DCBWoWhsTpA_utt06569,DCBWoWhsTpA_utt06570,DCBWoWhsTpA_utt06571,DCBWoWhsTpA_utt06572,DCBWoWhsTpA_utt06573,DCBWoWhsTpA_utt06574,DCBWoWhsTpA_utt06575,DCBWoWhsTpA_utt06576,DCBWoWhsTpA_utt06577",19,/Users/rajeshpmu/Desktop/LegalMemoCMT/data/phase2/clancy/corpus/raw/live-lindsay-clancy-trial-day-14/live-lindsay-clancy-trial-day-14_DCBWoWhsTpA.mp4,/Users/rajeshpmu/Desktop/LegalMemoCMT/data/phase2/clancy/corpus/raw/live-lindsay-clancy-trial-day-14/live-lindsay-clancy-trial-day-14_DCBWoWhsTpA.wav,/Users/rajeshpmu/Desktop/LegalMemoCMT/data/processed/phase2/clancy/turn_clips/video/DCBWoWhsTpA/DCBWoWhsTpA_turn06836.mp4,/Users/rajeshpmu/Desktop/LegalMemoCMT/data/processed/phase2/clancy/turn_clips/audio/DCBWoWhsTpA/DCBWoWhsTpA_turn06836.wav,8456.274,8477.914,21.64,created,02:20:56.274,02:21:17.914,0.0,default_zero,SPEAKER_02,6.485,pyannote/speaker-diarization-3.1,Witness,manual_verified_diarization,HIGH,YES,SPEAKING,Witness,YES,Witness 16 identified by manual audio/video review,INCLUDE,,YES,speaker_role=Witness,split_dev;usable,"usable because speaker_role=Witness, witness_speaking_status=SPEAKING, clip_status=created, duration=21.640s, and source is not excluded",YES,0.6,HIGH,manual_clip_review,HUMAN_VERIFIED,/Users/rajeshpmu/Desktop/LegalMemoCMT/data/processed/phase2/clancy/turn_clips/video/DCBWoWhsTpA/DCBWoWhsTpA_turn06836.mp4,/Users/rajeshpmu/Desktop/LegalMemoCMT/data/processed/phase2/clancy/vit_facecrop_embeddings/DCBWoWhsTpA/DCBWoWhsTpA_turn06836.npy,created,neutral,0.763423,0.92036,"{""anger"": 0.039528, ""disgust"": 0.01036, ""fear"": 0.030064, ""joy"": 0.073989, ""neutral"": 0.763423, ""sadness"": 0.070097, ""surprise"": 0.01254}",/Users/rajeshpmu/Desktop/LegalMemoCMT/results/facial_cues/meld_vit_facecrop_gated_video_aux/fold_4/best_model.pt,phase1_meld_checkpoint_pseudo_label,"audio,text,video","audio,text,video","{""audio_dim"": 128, ""audio_model_name"": ""facebook/hubert-base-ls960"", ""dropout"": 0.1, ""encoder_mode"": ""paper"", ""freeze_audio_backbone"": false, ""freeze_text_backbone"": false, ""fusion_dim"": 256, ""fusion_mode"": ""gated"", ""fusion_pooling"": ""min"", ""max_audio_len"": 256, ""max_text_len"": 128, ""max_video_len"": 32, ""num_classes"": 7, ""num_heads"": 4, ""num_layers"": 2, ""text_dim"": 256, ""text_model_name"": ""bert-base-uncased"", ""use_video"": true, ""video_dim"": 768, ""vocab_size"": 30000}",/Users/rajeshpmu/Desktop/LegalMemoCMT/data/processed/phase2/clancy/turn_clips/audio/DCBWoWhsTpA/DCBWoWhsTpA_turn06836.wav,OK,,0.328654,0.417401,0.417401,0.509339,3loi/SER-Odyssey-Baseline-WavLM-Multi-Attributes,OK,neu,0.999795,speechbrain/emotion-recognition-wav2vec2-IEMOCAP,OK,NO,UNCLEAR,no explicit emotion-target evidence,LOW,LOW,LOW,NEUTRAL_CANDIDATE,neutral,neutral,neutral,0.580000,neutral,0.580000,"audio and courtroom-affect evidence support neutral, but emotion target is unresolved",NO,CALM_COMPOSED,1,low_or_moderate_audio_arousal;speechbrain_neutral
DCBWoWhsTpA_turn06839,DCBWoWhsTpA_turn06839,DCBWoWhsTpA,https://www.youtube.com/live/DCBWoWhsTpA,LIVE: Lindsay Clancy trial Day 14,full_trial_stream,5,/Users/rajeshpmu/Desktop/LegalMemoCMT/data/phase2/clancy/corpus/raw/live-lindsay-clancy-trial-day-14/live-lindsay-clancy-trial-day-14_DCBWoWhsTpA.en.vtt,/Users/rajeshpmu/Desktop/LegalMemoCMT/data/processed/phase2/clancy/turn_clips/video/DCBWoWhsTpA/DCBWoWhsTpA_turn06839.mp4,/Users/rajeshpmu/Desktop/LegalMemoCMT/data/processed/phase2/clancy/turn_clips/audio/DCBWoWhsTpA/DCBWoWhsTpA_turn06839.wav,DCBWoWhsTpA,group_by_youtube_id,dev,neutral,text_keyword_heuristic,LOW,NO,"calm courtroom presentation with neutral acoustic evidence, low/moderate excitement, and non-self emotion target",YES,I don't recall. But if that's what the text says then Okay.,I don't recall. But if that's what the text says then Okay.,02:21:24.624,02:21:42.574,17.95,17.95,marker,MEDIUM,1,5,"DCBWoWhsTpA_utt06583#p02,DCBWoWhsTpA_utt06584#p01,DCBWoWhsTpA_utt06585#p01,DCBWoWhsTpA_utt06590#p01,DCBWoWhsTpA_utt06591#p01","DCBWoWhsTpA_utt06583,DCBWoWhsTpA_utt06584,DCBWoWhsTpA_utt06585,DCBWoWhsTpA_utt06590,DCBWoWhsTpA_utt06591",5,/Users/rajeshpmu/Desktop/LegalMemoCMT/data/phase2/clancy/corpus/raw/live-lindsay-clancy-trial-day-14/live-lindsay-clancy-trial-day-14_DCBWoWhsTpA.mp4,/Users/rajeshpmu/Desktop/LegalMemoCMT/data/phase2/clancy/corpus/raw/live-lindsay-clancy-trial-day-14/live-lindsay-clancy-trial-day-14_DCBWoWhsTpA.wav,/Users/rajeshpmu/Desktop/LegalMemoCMT/data/processed/phase2/clancy/turn_clips/video/DCBWoWhsTpA/DCBWoWhsTpA_turn06839.mp4,/Users/rajeshpmu/Desktop/LegalMemoCMT/data/processed/phase2/clancy/turn_clips/audio/DCBWoWhsTpA/DCBWoWhsTpA_turn06839.wav,8484.624,8502.574,17.95,created,02:21:24.624,02:21:42.574,0.0,default_zero,SPEAKER_02,1.861,pyannote/speaker-diarization-3.1,Witness,manual_verified_diarization,HIGH,YES,SPEAKING,Witness,YES,Witness 16 identified by manual audio/video review,INCLUDE,,YES,speaker_role=Witness,split_dev;usable,"usable because speaker_role=Witness, witness_speaking_status=SPEAKING, clip_status=created, duration=17.950s, and source is not excluded",YES,0.6,HIGH,manual_clip_review,HUMAN_VERIFIED,/Users/rajeshpmu/Desktop/LegalMemoCMT/data/processed/phase2/clancy/turn_clips/video/DCBWoWhsTpA/DCBWoWhsTpA_turn06839.mp4,/Users/rajeshpmu/Desktop/LegalMemoCMT/data/processed/phase2/clancy/vit_facecrop_embeddings/DCBWoWhsTpA/DCBWoWhsTpA_turn06839.npy,created,neutral,0.913456,0.434648,"{""anger"": 0.030007, ""disgust"": 0.00668, ""fear"": 0.006296, ""joy"": 0.021062, ""neutral"": 0.913456, ""sadness"": 0.014384, ""surprise"": 0.008115}",/Users/rajeshpmu/Desktop/LegalMemoCMT/results/facial_cues/meld_vit_facecrop_gated_video_aux/fold_4/best_model.pt,phase1_meld_checkpoint_pseudo_label,"audio,text,video","audio,text,video","{""audio_dim"": 128, ""audio_model_name"": ""facebook/hubert-base-ls960"", ""dropout"": 0.1, ""encoder_mode"": ""paper"", ""freeze_audio_backbone"": false, ""freeze_text_backbone"": false, ""fusion_dim"": 256, ""fusion_mode"": ""gated"", ""fusion_pooling"": ""min"", ""max_audio_len"": 256, ""max_text_len"": 128, ""max_video_len"": 32, ""num_classes"": 7, ""num_heads"": 4, ""num_layers"": 2, ""text_dim"": 256, ""text_model_name"": ""bert-base-uncased"", ""use_video"": true, ""video_dim"": 768, ""vocab_size"": 30000}",/Users/rajeshpmu/Desktop/LegalMemoCMT/data/processed/phase2/clancy/turn_clips/audio/DCBWoWhsTpA/DCBWoWhsTpA_turn06839.wav,OK,,0.428426,0.262259,0.262259,0.349024,3loi/SER-Odyssey-Baseline-WavLM-Multi-Attributes,OK,neu,0.999856,speechbrain/emotion-recognition-wav2vec2-IEMOCAP,OK,NO,QUOTED_SPEECH,quote or reported speech marker,LOW,LOW,LOW,NEUTRAL_CANDIDATE,neutral,neutral,neutral,0.720000,neutral,0.720000,"calm courtroom presentation with neutral acoustic evidence, low/moderate excitement, and non-self emotion target",NO,CALM_COMPOSED,1,low_or_moderate_audio_arousal;speechbrain_neutral
DCBWoWhsTpA_turn06847,DCBWoWhsTpA_turn06847,DCBWoWhsTpA,https://www.youtube.com/live/DCBWoWhsTpA,LIVE: Lindsay Clancy trial Day 14,full_trial_stream,5,/Users/rajeshpmu/Desktop/LegalMemoCMT/data/phase2/clancy/corpus/raw/live-lindsay-clancy-trial-day-14/live-lindsay-clancy-trial-day-14_DCBWoWhsTpA.en.vtt,/Users/rajeshpmu/Desktop/LegalMemoCMT/data/processed/phase2/clancy/turn_clips/video/DCBWoWhsTpA/DCBWoWhsTpA_turn06847.mp4,/Users/rajeshpmu/Desktop/LegalMemoCMT/data/processed/phase2/clancy/turn_clips/audio/DCBWoWhsTpA/DCBWoWhsTpA_turn06847.wav,DCBWoWhsTpA,group_by_youtube_id,dev,neutral,text_keyword_heuristic,LOW,YES,"audio and courtroom-affect evidence support neutral, but emotion target is unresolved",YES,When was that?,When was that?,02:22:16.157,02:22:18.052,1.895,1.895,marker,MEDIUM,1,3,"DCBWoWhsTpA_utt06619#p02,DCBWoWhsTpA_utt06620#p01,DCBWoWhsTpA_utt06621#p01","DCBWoWhsTpA_utt06619,DCBWoWhsTpA_utt06620,DCBWoWhsTpA_utt06621",3,/Users/rajeshpmu/Desktop/LegalMemoCMT/data/phase2/clancy/corpus/raw/live-lindsay-clancy-trial-day-14/live-lindsay-clancy-trial-day-14_DCBWoWhsTpA.mp4,/Users/rajeshpmu/Desktop/LegalMemoCMT/data/phase2/clancy/corpus/raw/live-lindsay-clancy-trial-day-14/live-lindsay-clancy-trial-day-14_DCBWoWhsTpA.wav,/Users/rajeshpmu/Desktop/LegalMemoCMT/data/processed/phase2/clancy/turn_clips/video/DCBWoWhsTpA/DCBWoWhsTpA_turn06847.mp4,/Users/rajeshpmu/Desktop/LegalMemoCMT/data/processed/phase2/clancy/turn_clips/audio/DCBWoWhsTpA/DCBWoWhsTpA_turn06847.wav,8536.157,8538.052,1.895,created,02:22:16.157,02:22:18.052,0.0,default_zero,SPEAKER_02,0.756,pyannote/speaker-diarization-3.1,Witness,manual_verified_diarization,HIGH,YES,SPEAKING,Witness,YES,Witness 16 identified by manual audio/video review,INCLUDE,,YES,speaker_role=Witness,split_dev;usable,"usable because speaker_role=Witness, witness_speaking_status=SPEAKING, clip_status=created, duration=1.895s, and source is not excluded",YES,0.6,HIGH,manual_clip_review,HUMAN_VERIFIED,/Users/rajeshpmu/Desktop/LegalMemoCMT/data/processed/phase2/clancy/turn_clips/video/DCBWoWhsTpA/DCBWoWhsTpA_turn06847.mp4,/Users/rajeshpmu/Desktop/LegalMemoCMT/data/processed/phase2/clancy/vit_facecrop_embeddings/DCBWoWhsTpA/DCBWoWhsTpA_turn06847.npy,created,disgust,0.802956,0.638085,"{""anger"": 0.010332, ""disgust"": 0.802956, ""fear"": 0.0053, ""joy"": 0.012935, ""neutral"": 0.162226, ""sadness"": 0.004351, ""surprise"": 0.001902}",/Users/rajeshpmu/Desktop/LegalMemoCMT/results/facial_cues/meld_vit_facecrop_gated_video_aux/fold_4/best_model.pt,phase1_meld_checkpoint_pseudo_label,"audio,text,video","audio,text,video","{""audio_dim"": 128, ""audio_model_name"": ""facebook/hubert-base-ls960"", ""dropout"": 0.1, ""encoder_mode"": ""paper"", ""freeze_audio_backbone"": false, ""freeze_text_backbone"": false, ""fusion_dim"": 256, ""fusion_mode"": ""gated"", ""fusion_pooling"": ""min"", ""max_audio_len"": 256, ""max_text_len"": 128, ""max_video_len"": 32, ""num_classes"": 7, ""num_heads"": 4, ""num_layers"": 2, ""text_dim"": 256, ""text_model_name"": ""bert-base-uncased"", ""use_video"": true, ""video_dim"": 768, ""vocab_size"": 30000}",/Users/rajeshpmu/Desktop/LegalMemoCMT/data/processed/phase2/clancy/turn_clips/audio/DCBWoWhsTpA/DCBWoWhsTpA_turn06847.wav,OK,,0.364378,0.323708,0.323708,0.334397,3loi/SER-Odyssey-Baseline-WavLM-Multi-Attributes,OK,neu,1.0,speechbrain/emotion-recognition-wav2vec2-IEMOCAP,OK,NO,UNCLEAR,no explicit emotion-target evidence,HIGH,LOW,HIGH,NEUTRAL_CANDIDATE,disgust,neutral,neutral,0.580000,neutral,0.580000,"audio and courtroom-affect evidence support neutral, but emotion target is unresolved",YES,CALM_COMPOSED,1,phase1_vs_comparable_audio_disagreement;low_or_moderate_audio_arousal;speechbrain_neutral
DCBWoWhsTpA_turn06848,DCBWoWhsTpA_turn06848,DCBWoWhsTpA,https://www.youtube.com/live/DCBWoWhsTpA,LIVE: Lindsay Clancy trial Day 14,full_trial_stream,5,/Users/rajeshpmu/Desktop/LegalMemoCMT/data/phase2/clancy/corpus/raw/live-lindsay-clancy-trial-day-14/live-lindsay-clancy-trial-day-14_DCBWoWhsTpA.en.vtt,/Users/rajeshpmu/Desktop/LegalMemoCMT/data/processed/phase2/clancy/turn_clips/video/DCBWoWhsTpA/DCBWoWhsTpA_turn06848.mp4,/Users/rajeshpmu/Desktop/LegalMemoCMT/data/processed/phase2/clancy/turn_clips/audio/DCBWoWhsTpA/DCBWoWhsTpA_turn06848.wav,DCBWoWhsTpA,group_by_youtube_id,dev,neutral,text_keyword_heuristic,LOW,NO,"calm courtroom presentation with neutral acoustic evidence, low/moderate excitement, and non-self emotion target",YES,"That was I can't exactly remember when. I'm going to say probably sometime in November, the latter part of November, maybe the early part of December.","That was I can't exactly remember when. I'm going to say probably sometime in November, the latter part of November, maybe the early part of December.",02:22:18.052,02:22:27.115,9.063,9.063,marker,MEDIUM,1,9,"DCBWoWhsTpA_utt06621#p02,DCBWoWhsTpA_utt06622#p01,DCBWoWhsTpA_utt06623#p01,DCBWoWhsTpA_utt06624#p01,DCBWoWhsTpA_utt06625#p01,DCBWoWhsTpA_utt06626#p01,DCBWoWhsTpA_utt06627#p01,DCBWoWhsTpA_utt06628#p01,DCBWoWhsTpA_utt06629#p01","DCBWoWhsTpA_utt06621,DCBWoWhsTpA_utt06622,DCBWoWhsTpA_utt06623,DCBWoWhsTpA_utt06624,DCBWoWhsTpA_utt06625,DCBWoWhsTpA_utt06626,DCBWoWhsTpA_utt06627,DCBWoWhsTpA_utt06628,DCBWoWhsTpA_utt06629",9,/Users/rajeshpmu/Desktop/LegalMemoCMT/data/phase2/clancy/corpus/raw/live-lindsay-clancy-trial-day-14/live-lindsay-clancy-trial-day-14_DCBWoWhsTpA.mp4,/Users/rajeshpmu/Desktop/LegalMemoCMT/data/phase2/clancy/corpus/raw/live-lindsay-clancy-trial-day-14/live-lindsay-clancy-trial-day-14_DCBWoWhsTpA.wav,/Users/rajeshpmu/Desktop/LegalMemoCMT/data/processed/phase2/clancy/turn_clips/video/DCBWoWhsTpA/DCBWoWhsTpA_turn06848.mp4,/Users/rajeshpmu/Desktop/LegalMemoCMT/data/processed/phase2/clancy/turn_clips/audio/DCBWoWhsTpA/DCBWoWhsTpA_turn06848.wav,8538.052,8547.115,9.063,created,02:22:18.052,02:22:27.115,0.0,default_zero,SPEAKER_02,8.205,pyannote/speaker-diarization-3.1,Witness,manual_verified_diarization,HIGH,YES,SPEAKING,Witness,YES,Witness 16 identified by manual audio/video review,INCLUDE,,YES,speaker_role=Witness,split_dev;usable,"usable because speaker_role=Witness, witness_speaking_status=SPEAKING, clip_status=created, duration=9.063s, and source is not excluded",YES,0.6,HIGH,manual_clip_review,HUMAN_VERIFIED,/Users/rajeshpmu/Desktop/LegalMemoCMT/data/processed/phase2/clancy/turn_clips/video/DCBWoWhsTpA/DCBWoWhsTpA_turn06848.mp4,/Users/rajeshpmu/Desktop/LegalMemoCMT/data/processed/phase2/clancy/vit_facecrop_embeddings/DCBWoWhsTpA/DCBWoWhsTpA_turn06848.npy,created,neutral,0.847973,0.665722,"{""anger"": 0.042972, ""disgust"": 0.006808, ""fear"": 0.01416, ""joy"": 0.04648, ""neutral"": 0.847973, ""sadness"": 0.032806, ""surprise"": 0.008802}",/Users/rajeshpmu/Desktop/LegalMemoCMT/results/facial_cues/meld_vit_facecrop_gated_video_aux/fold_4/best_model.pt,phase1_meld_checkpoint_pseudo_label,"audio,text,video","audio,text,video","{""audio_dim"": 128, ""audio_model_name"": ""facebook/hubert-base-ls960"", ""dropout"": 0.1, ""encoder_mode"": ""paper"", ""freeze_audio_backbone"": false, ""freeze_text_backbone"": false, ""fusion_dim"": 256, ""fusion_mode"": ""gated"", ""fusion_pooling"": ""min"", ""max_audio_len"": 256, ""max_text_len"": 128, ""max_video_len"": 32, ""num_classes"": 7, ""num_heads"": 4, ""num_layers"": 2, ""text_dim"": 256, ""text_model_name"": ""bert-base-uncased"", ""use_video"": true, ""video_dim"": 768, ""vocab_size"": 30000}",/Users/rajeshpmu/Desktop/LegalMemoCMT/data/processed/phase2/clancy/turn_clips/audio/DCBWoWhsTpA/DCBWoWhsTpA_turn06848.wav,OK,,0.436535,0.375638,0.375638,0.453014,3loi/SER-Odyssey-Baseline-WavLM-Multi-Attributes,OK,neu,0.999998,speechbrain/emotion-recognition-wav2vec2-IEMOCAP,OK,NO,QUOTED_SPEECH,quote or reported speech marker,LOW,LOW,LOW,NEUTRAL_CANDIDATE,neutral,neutral,neutral,0.720000,neutral,0.720000,"calm courtroom presentation with neutral acoustic evidence, low/moderate excitement, and non-self emotion target",NO,CALM_COMPOSED,1,low_or_moderate_audio_arousal;speechbrain_neutral
DCBWoWhsTpA_turn06850,DCBWoWhsTpA_turn06850,DCBWoWhsTpA,https://www.youtube.com/live/DCBWoWhsTpA,LIVE: Lindsay Clancy trial Day 14,full_trial_stream,5,/Users/rajeshpmu/Desktop/LegalMemoCMT/data/phase2/clancy/corpus/raw/live-lindsay-clancy-trial-day-14/live-lindsay-clancy-trial-day-14_DCBWoWhsTpA.en.vtt,/Users/rajeshpmu/Desktop/LegalMemoCMT/data/processed/phase2/clancy/turn_clips/video/DCBWoWhsTpA/DCBWoWhsTpA_turn06850.mp4,/Users/rajeshpmu/Desktop/LegalMemoCMT/data/processed/phase2/clancy/turn_clips/audio/DCBWoWhsTpA/DCBWoWhsTpA_turn06850.wav,DCBWoWhsTpA,group_by_youtube_id,dev,neutral,text_keyword_heuristic,LOW,YES,comparable Phase 1 and audio categorical outputs agree or audio class is not comparable,YES,"She said she was she just said she was afraid to be alone. She And one reason I believe she said she didn't know if she was going to be able to sleep, but mainly she was afraid to be alone.","She said she was she just said she was afraid to be alone. She And one reason I believe she said she didn't know if she was going to be able to sleep, but mainly she was afraid to be alone.",02:22:29.757,02:22:40.097,10.34,10.34,marker,MEDIUM,1,11,"DCBWoWhsTpA_utt06633#p02,DCBWoWhsTpA_utt06634#p01,DCBWoWhsTpA_utt06635#p01,DCBWoWhsTpA_utt06636#p01,DCBWoWhsTpA_utt06637#p01,DCBWoWhsTpA_utt06638#p01,DCBWoWhsTpA_utt06639#p01,DCBWoWhsTpA_utt06640#p01,DCBWoWhsTpA_utt06641#p01,DCBWoWhsTpA_utt06642#p01,DCBWoWhsTpA_utt06643#p01","DCBWoWhsTpA_utt06633,DCBWoWhsTpA_utt06634,DCBWoWhsTpA_utt06635,DCBWoWhsTpA_utt06636,DCBWoWhsTpA_utt06637,DCBWoWhsTpA_utt06638,DCBWoWhsTpA_utt06639,DCBWoWhsTpA_utt06640,DCBWoWhsTpA_utt06641,DCBWoWhsTpA_utt06642,DCBWoWhsTpA_utt06643",11,/Users/rajeshpmu/Desktop/LegalMemoCMT/data/phase2/clancy/corpus/raw/live-lindsay-clancy-trial-day-14/live-lindsay-clancy-trial-day-14_DCBWoWhsTpA.mp4,/Users/rajeshpmu/Desktop/LegalMemoCMT/data/phase2/clancy/corpus/raw/live-lindsay-clancy-trial-day-14/live-lindsay-clancy-trial-day-14_DCBWoWhsTpA.wav,/Users/rajeshpmu/Desktop/LegalMemoCMT/data/processed/phase2/clancy/turn_clips/video/DCBWoWhsTpA/DCBWoWhsTpA_turn06850.mp4,/Users/rajeshpmu/Desktop/LegalMemoCMT/data/processed/phase2/clancy/turn_clips/audio/DCBWoWhsTpA/DCBWoWhsTpA_turn06850.wav,8549.757,8560.097,10.34,created,02:22:29.757,02:22:40.097,0.0,default_zero,SPEAKER_02,8.869,pyannote/speaker-diarization-3.1,Witness,manual_verified_diarization,HIGH,YES,SPEAKING,Witness,YES,Witness 16 identified by manual audio/video review,INCLUDE,,YES,speaker_role=Witness,split_dev;usable,"usable because speaker_role=Witness, witness_speaking_status=SPEAKING, clip_status=created, duration=10.340s, and source is not excluded",YES,0.6,HIGH,manual_clip_review,HUMAN_VERIFIED,/Users/rajeshpmu/Desktop/LegalMemoCMT/data/processed/phase2/clancy/turn_clips/video/DCBWoWhsTpA/DCBWoWhsTpA_turn06850.mp4,/Users/rajeshpmu/Desktop/LegalMemoCMT/data/processed/phase2/clancy/vit_facecrop_embeddings/DCBWoWhsTpA/DCBWoWhsTpA_turn06850.npy,created,sadness,0.575738,1.212177,"{""anger"": 0.027027, ""disgust"": 0.014765, ""fear"": 0.063592, ""joy"": 0.035437, ""neutral"": 0.258872, ""sadness"": 0.575738, ""surprise"": 0.024569}",/Users/rajeshpmu/Desktop/LegalMemoCMT/results/facial_cues/meld_vit_facecrop_gated_video_aux/fold_4/best_model.pt,phase1_meld_checkpoint_pseudo_label,"audio,text,video","audio,text,video","{""audio_dim"": 128, ""audio_model_name"": ""facebook/hubert-base-ls960"", ""dropout"": 0.1, ""encoder_mode"": ""paper"", ""freeze_audio_backbone"": false, ""freeze_text_backbone"": false, ""fusion_dim"": 256, ""fusion_mode"": ""gated"", ""fusion_pooling"": ""min"", ""max_audio_len"": 256, ""max_text_len"": 128, ""max_video_len"": 32, ""num_classes"": 7, ""num_heads"": 4, ""num_layers"": 2, ""text_dim"": 256, ""text_model_name"": ""bert-base-uncased"", ""use_video"": true, ""video_dim"": 768, ""vocab_size"": 30000}",/Users/rajeshpmu/Desktop/LegalMemoCMT/data/processed/phase2/clancy/turn_clips/audio/DCBWoWhsTpA/DCBWoWhsTpA_turn06850.wav,OK,,0.318989,0.372017,0.372017,0.463352,3loi/SER-Odyssey-Baseline-WavLM-Multi-Attributes,OK,ang,0.913494,speechbrain/emotion-recognition-wav2vec2-IEMOCAP,OK,YES,OTHER_PERSON_DESCRIBED,emotion term occurs with other-person reference,HIGH,HIGH,HIGH,KEEP_PHASE1_CANDIDATE,sadness,anger,sadness,0.575738,sadness,0.575738,comparable Phase 1 and audio categorical outputs agree or audio class is not comparable,YES,UNKNOWN,,phase1_vs_comparable_audio_disagreement;other_person_emotion_scope;low_or_moderate_audio_arousal
DCBWoWhsTpA_turn06859,DCBWoWhsTpA_turn06859,DCBWoWhsTpA,https://www.youtube.com/live/DCBWoWhsTpA,LIVE: Lindsay Clancy trial Day 14,full_trial_stream,5,/Users/rajeshpmu/Desktop/LegalMemoCMT/data/phase2/clancy/corpus/raw/live-lindsay-clancy-trial-day-14/live-lindsay-clancy-trial-day-14_DCBWoWhsTpA.en.vtt,/Users/rajeshpmu/Desktop/LegalMemoCMT/data/processed/phase2/clancy/turn_clips/video/DCBWoWhsTpA/DCBWoWhsTpA_turn06859.mp4,/Users/rajeshpmu/Desktop/LegalMemoCMT/data/processed/phase2/clancy/turn_clips/audio/DCBWoWhsTpA/DCBWoWhsTpA_turn06859.wav,DCBWoWhsTpA,group_by_youtube_id,dev,neutral,text_keyword_heuristic,LOW,NO,"audio and courtroom-affect evidence support neutral, but emotion target is unresolved",YES,I did not. It was a children's party. I stayed home with Ken.,I did not. It was a children's party. I stayed home with Ken.,02:24:23.855,02:24:33.576,9.721,9.721,marker,MEDIUM,1,5,"DCBWoWhsTpA_utt06719#p02,DCBWoWhsTpA_utt06720#p01,DCBWoWhsTpA_utt06721#p01,DCBWoWhsTpA_utt06722#p01,DCBWoWhsTpA_utt06723#p01","DCBWoWhsTpA_utt06719,DCBWoWhsTpA_utt06720,DCBWoWhsTpA_utt06721,DCBWoWhsTpA_utt06722,DCBWoWhsTpA_utt06723",5,/Users/rajeshpmu/Desktop/LegalMemoCMT/data/phase2/clancy/corpus/raw/live-lindsay-clancy-trial-day-14/live-lindsay-clancy-trial-day-14_DCBWoWhsTpA.mp4,/Users/rajeshpmu/Desktop/LegalMemoCMT/data/phase2/clancy/corpus/raw/live-lindsay-clancy-trial-day-14/live-lindsay-clancy-trial-day-14_DCBWoWhsTpA.wav,/Users/rajeshpmu/Desktop/LegalMemoCMT/data/processed/phase2/clancy/turn_clips/video/DCBWoWhsTpA/DCBWoWhsTpA_turn06859.mp4,/Users/rajeshpmu/Desktop/LegalMemoCMT/data/processed/phase2/clancy/turn_clips/audio/DCBWoWhsTpA/DCBWoWhsTpA_turn06859.wav,8663.855,8673.576,9.721,created,02:24:23.855,02:24:33.576,0.0,default_zero,SPEAKER_02,1.3,pyannote/speaker-diarization-3.1,Witness,manual_verified_diarization,HIGH,YES,SPEAKING,Witness,YES,Witness 16 identified by manual audio/video review,INCLUDE,,YES,speaker_role=Witness,split_dev;usable,"usable because speaker_role=Witness, witness_speaking_status=SPEAKING, clip_status=created, duration=9.721s, and source is not excluded",YES,0.6,HIGH,manual_clip_review,HUMAN_VERIFIED,/Users/rajeshpmu/Desktop/LegalMemoCMT/data/processed/phase2/clancy/turn_clips/video/DCBWoWhsTpA/DCBWoWhsTpA_turn06859.mp4,/Users/rajeshpmu/Desktop/LegalMemoCMT/data/processed/phase2/clancy/vit_facecrop_embeddings/DCBWoWhsTpA/DCBWoWhsTpA_turn06859.npy,created,neutral,0.704976,0.94216,"{""anger"": 0.01936, ""disgust"": 0.014663, ""fear"": 0.200235, ""joy"": 0.024173, ""neutral"": 0.704976, ""sadness"": 0.014041, ""surprise"": 0.022551}",/Users/rajeshpmu/Desktop/LegalMemoCMT/results/facial_cues/meld_vit_facecrop_gated_video_aux/fold_4/best_model.pt,phase1_meld_checkpoint_pseudo_label,"audio,text,video","audio,text,video","{""audio_dim"": 128, ""audio_model_name"": ""facebook/hubert-base-ls960"", ""dropout"": 0.1, ""encoder_mode"": ""paper"", ""freeze_audio_backbone"": false, ""freeze_text_backbone"": false, ""fusion_dim"": 256, ""fusion_mode"": ""gated"", ""fusion_pooling"": ""min"", ""max_audio_len"": 256, ""max_text_len"": 128, ""max_video_len"": 32, ""num_classes"": 7, ""num_heads"": 4, ""num_layers"": 2, ""text_dim"": 256, ""text_model_name"": ""bert-base-uncased"", ""use_video"": true, ""video_dim"": 768, ""vocab_size"": 30000}",/Users/rajeshpmu/Desktop/LegalMemoCMT/data/processed/phase2/clancy/turn_clips/audio/DCBWoWhsTpA/DCBWoWhsTpA_turn06859.wav,OK,,0.404476,0.276453,0.276453,0.390622,3loi/SER-Odyssey-Baseline-WavLM-Multi-Attributes,OK,neu,0.999998,speechbrain/emotion-recognition-wav2vec2-IEMOCAP,OK,NO,UNCLEAR,no explicit emotion-target evidence,LOW,LOW,LOW,NEUTRAL_CANDIDATE,neutral,neutral,neutral,0.580000,neutral,0.580000,"audio and courtroom-affect evidence support neutral, but emotion target is unresolved",NO,CALM_COMPOSED,1,low_or_moderate_audio_arousal;speechbrain_neutral
DCBWoWhsTpA_turn06867,DCBWoWhsTpA_turn06867,DCBWoWhsTpA,https://www.youtube.com/live/DCBWoWhsTpA,LIVE: Lindsay Clancy trial Day 14,full_trial_stream,5,/Users/rajeshpmu/Desktop/LegalMemoCMT/data/phase2/clancy/corpus/raw/live-lindsay-clancy-trial-day-14/live-lindsay-clancy-trial-day-14_DCBWoWhsTpA.en.vtt,/Users/rajeshpmu/Desktop/LegalMemoCMT/data/processed/phase2/clancy/turn_clips/video/DCBWoWhsTpA/DCBWoWhsTpA_turn06867.mp4,/Users/rajeshpmu/Desktop/LegalMemoCMT/data/processed/phase2/clancy/turn_clips/audio/DCBWoWhsTpA/DCBWoWhsTpA_turn06867.wav,DCBWoWhsTpA,group_by_youtube_id,dev,neutral,text_keyword_heuristic,LOW,NO,"calm courtroom presentation with neutral acoustic evidence, low/moderate excitement, and non-self emotion target",YES,"I don't really recall the Museum of Science experience or texts, but if they're there in the text messages, then they were sent. Yes.","I don't really recall the Museum of Science experience or texts, but if they're there in the text messages, then they were sent. Yes.",02:26:47.329,02:26:58.808,11.479,11.479,marker,MEDIUM,1,9,"DCBWoWhsTpA_utt06797#p02,DCBWoWhsTpA_utt06798#p01,DCBWoWhsTpA_utt06799#p01,DCBWoWhsTpA_utt06800#p01,DCBWoWhsTpA_utt06801#p01,DCBWoWhsTpA_utt06802#p01,DCBWoWhsTpA_utt06803#p01,DCBWoWhsTpA_utt06804#p01,DCBWoWhsTpA_utt06805#p01","DCBWoWhsTpA_utt06797,DCBWoWhsTpA_utt06798,DCBWoWhsTpA_utt06799,DCBWoWhsTpA_utt06800,DCBWoWhsTpA_utt06801,DCBWoWhsTpA_utt06802,DCBWoWhsTpA_utt06803,DCBWoWhsTpA_utt06804,DCBWoWhsTpA_utt06805",9,/Users/rajeshpmu/Desktop/LegalMemoCMT/data/phase2/clancy/corpus/raw/live-lindsay-clancy-trial-day-14/live-lindsay-clancy-trial-day-14_DCBWoWhsTpA.mp4,/Users/rajeshpmu/Desktop/LegalMemoCMT/data/phase2/clancy/corpus/raw/live-lindsay-clancy-trial-day-14/live-lindsay-clancy-trial-day-14_DCBWoWhsTpA.wav,/Users/rajeshpmu/Desktop/LegalMemoCMT/data/processed/phase2/clancy/turn_clips/video/DCBWoWhsTpA/DCBWoWhsTpA_turn06867.mp4,/Users/rajeshpmu/Desktop/LegalMemoCMT/data/processed/phase2/clancy/turn_clips/audio/DCBWoWhsTpA/DCBWoWhsTpA_turn06867.wav,8807.329,8818.808,11.479,created,02:26:47.329,02:26:58.808,0.0,default_zero,SPEAKER_02,5.637,pyannote/speaker-diarization-3.1,Witness,manual_verified_diarization,HIGH,YES,SPEAKING,Witness,YES,Witness 16 identified by manual audio/video review,INCLUDE,,YES,speaker_role=Witness,split_dev;usable,"usable because speaker_role=Witness, witness_speaking_status=SPEAKING, clip_status=created, duration=11.479s, and source is not excluded",YES,0.6,HIGH,manual_clip_review,HUMAN_VERIFIED,/Users/rajeshpmu/Desktop/LegalMemoCMT/data/processed/phase2/clancy/turn_clips/video/DCBWoWhsTpA/DCBWoWhsTpA_turn06867.mp4,/Users/rajeshpmu/Desktop/LegalMemoCMT/data/processed/phase2/clancy/vit_facecrop_embeddings/DCBWoWhsTpA/DCBWoWhsTpA_turn06867.npy,created,neutral,0.876321,0.569541,"{""anger"": 0.033322, ""disgust"": 0.041188, ""fear"": 0.006884, ""joy"": 0.017425, ""neutral"": 0.876321, ""sadness"": 0.019888, ""surprise"": 0.004971}",/Users/rajeshpmu/Desktop/LegalMemoCMT/results/facial_cues/meld_vit_facecrop_gated_video_aux/fold_4/best_model.pt,phase1_meld_checkpoint_pseudo_label,"audio,text,video","audio,text,video","{""audio_dim"": 128, ""audio_model_name"": ""facebook/hubert-base-ls960"", ""dropout"": 0.1, ""encoder_mode"": ""paper"", ""freeze_audio_backbone"": false, ""freeze_text_backbone"": false, ""fusion_dim"": 256, ""fusion_mode"": ""gated"", ""fusion_pooling"": ""min"", ""max_audio_len"": 256, ""max_text_len"": 128, ""max_video_len"": 32, ""num_classes"": 7, ""num_heads"": 4, ""num_layers"": 2, ""text_dim"": 256, ""text_model_name"": ""bert-base-uncased"", ""use_video"": true, ""video_dim"": 768, ""vocab_size"": 30000}",/Users/rajeshpmu/Desktop/LegalMemoCMT/data/processed/phase2/clancy/turn_clips/audio/DCBWoWhsTpA/DCBWoWhsTpA_turn06867.wav,OK,,0.493606,0.340802,0.340802,0.436005,3loi/SER-Odyssey-Baseline-WavLM-Multi-Attributes,OK,neu,1.0,speechbrain/emotion-recognition-wav2vec2-IEMOCAP,OK,NO,QUOTED_SPEECH,quote or reported speech marker,LOW,LOW,LOW,NEUTRAL_CANDIDATE,neutral,neutral,neutral,0.720000,neutral,0.720000,"calm courtroom presentation with neutral acoustic evidence, low/moderate excitement, and non-self emotion target",NO,CALM_COMPOSED,1,low_or_moderate_audio_arousal;speechbrain_neutral
DCBWoWhsTpA_turn06891,DCBWoWhsTpA_turn06891,DCBWoWhsTpA,https://www.youtube.com/live/DCBWoWhsTpA,LIVE: Lindsay Clancy trial Day 14,full_trial_stream,5,/Users/rajeshpmu/Desktop/LegalMemoCMT/data/phase2/clancy/corpus/raw/live-lindsay-clancy-trial-day-14/live-lindsay-clancy-trial-day-14_DCBWoWhsTpA.en.vtt,/Users/rajeshpmu/Desktop/LegalMemoCMT/data/processed/phase2/clancy/turn_clips/video/DCBWoWhsTpA/DCBWoWhsTpA_turn06891.mp4,/Users/rajeshpmu/Desktop/LegalMemoCMT/data/processed/phase2/clancy/turn_clips/audio/DCBWoWhsTpA/DCBWoWhsTpA_turn06891.wav,DCBWoWhsTpA,group_by_youtube_id,dev,confidence,text_keyword_heuristic,HIGH,YES,comparable Phase 1 and audio categorical outputs agree or audio class is not comparable,YES,"The text from me was meant to encourage her because I didn't think it did any good to discourage her. So the te text was meant not necessarily what I actually observed that weekend, but it was meant to encourage her because I was encouraging her to do things with the kids to kind of try to get back to normal. So it's not necessarily a representation of exactly what I observed that weekend.","The text from me was meant to encourage her because I didn't think it did any good to discourage her. So the te text was meant not necessarily what I actually observed that weekend, but it was meant to encourage her because I was encouraging her to do things with the kids to kind of try to get back to normal. So it's not necessarily a representation of exactly what I observed that weekend.",02:36:53.278,02:37:20.585,27.307,27.307,marker,MEDIUM,1,23,"DCBWoWhsTpA_utt07287#p02,DCBWoWhsTpA_utt07288#p01,DCBWoWhsTpA_utt07289#p01,DCBWoWhsTpA_utt07290#p01,DCBWoWhsTpA_utt07291#p01,DCBWoWhsTpA_utt07292#p01,DCBWoWhsTpA_utt07293#p01,DCBWoWhsTpA_utt07294#p01,DCBWoWhsTpA_utt07295#p01,DCBWoWhsTpA_utt07296#p01,DCBWoWhsTpA_utt07297#p01,DCBWoWhsTpA_utt07298#p01,DCBWoWhsTpA_utt07299#p01,DCBWoWhsTpA_utt07300#p01,DCBWoWhsTpA_utt07301#p01,DCBWoWhsTpA_utt07302#p01,DCBWoWhsTpA_utt07303#p01,DCBWoWhsTpA_utt07304#p01,DCBWoWhsTpA_utt07305#p01,DCBWoWhsTpA_utt07306#p01,DCBWoWhsTpA_utt07307#p01,DCBWoWhsTpA_utt07308#p01,DCBWoWhsTpA_utt07309#p01","DCBWoWhsTpA_utt07287,DCBWoWhsTpA_utt07288,DCBWoWhsTpA_utt07289,DCBWoWhsTpA_utt07290,DCBWoWhsTpA_utt07291,DCBWoWhsTpA_utt07292,DCBWoWhsTpA_utt07293,DCBWoWhsTpA_utt07294,DCBWoWhsTpA_utt07295,DCBWoWhsTpA_utt07296,DCBWoWhsTpA_utt07297,DCBWoWhsTpA_utt07298,DCBWoWhsTpA_utt07299,DCBWoWhsTpA_utt07300,DCBWoWhsTpA_utt07301,DCBWoWhsTpA_utt07302,DCBWoWhsTpA_utt07303,DCBWoWhsTpA_utt07304,DCBWoWhsTpA_utt07305,DCBWoWhsTpA_utt07306,DCBWoWhsTpA_utt07307,DCBWoWhsTpA_utt07308,DCBWoWhsTpA_utt07309",23,/Users/rajeshpmu/Desktop/LegalMemoCMT/data/phase2/clancy/corpus/raw/live-lindsay-clancy-trial-day-14/live-lindsay-clancy-trial-day-14_DCBWoWhsTpA.mp4,/Users/rajeshpmu/Desktop/LegalMemoCMT/data/phase2/clancy/corpus/raw/live-lindsay-clancy-trial-day-14/live-lindsay-clancy-trial-day-14_DCBWoWhsTpA.wav,/Users/rajeshpmu/Desktop/LegalMemoCMT/data/processed/phase2/clancy/turn_clips/video/DCBWoWhsTpA/DCBWoWhsTpA_turn06891.mp4,/Users/rajeshpmu/Desktop/LegalMemoCMT/data/processed/phase2/clancy/turn_clips/audio/DCBWoWhsTpA/DCBWoWhsTpA_turn06891.wav,9413.278,9440.585,27.307,created,02:36:53.278,02:37:20.585,0.0,default_zero,SPEAKER_02,17.314,pyannote/speaker-diarization-3.1,Witness,manual_verified_diarization,HIGH,YES,SPEAKING,Witness,YES,Witness 16 identified by manual audio/video review,INCLUDE,,YES,speaker_role=Witness,split_dev;usable,"usable because speaker_role=Witness, witness_speaking_status=SPEAKING, clip_status=created, duration=27.307s, and source is not excluded",YES,0.6,HIGH,manual_clip_review,HUMAN_VERIFIED,/Users/rajeshpmu/Desktop/LegalMemoCMT/data/processed/phase2/clancy/turn_clips/video/DCBWoWhsTpA/DCBWoWhsTpA_turn06891.mp4,/Users/rajeshpmu/Desktop/LegalMemoCMT/data/processed/phase2/clancy/vit_facecrop_embeddings/DCBWoWhsTpA/DCBWoWhsTpA_turn06891.npy,created,neutral,0.690414,1.094484,"{""anger"": 0.05518, ""disgust"": 0.00535, ""fear"": 0.020325, ""joy"": 0.113512, ""neutral"": 0.690414, ""sadness"": 0.072977, ""surprise"": 0.04224}",/Users/rajeshpmu/Desktop/LegalMemoCMT/results/facial_cues/meld_vit_facecrop_gated_video_aux/fold_4/best_model.pt,phase1_meld_checkpoint_pseudo_label,"audio,text,video","audio,text,video","{""audio_dim"": 128, ""audio_model_name"": ""facebook/hubert-base-ls960"", ""dropout"": 0.1, ""encoder_mode"": ""paper"", ""freeze_audio_backbone"": false, ""freeze_text_backbone"": false, ""fusion_dim"": 256, ""fusion_mode"": ""gated"", ""fusion_pooling"": ""min"", ""max_audio_len"": 256, ""max_text_len"": 128, ""max_video_len"": 32, ""num_classes"": 7, ""num_heads"": 4, ""num_layers"": 2, ""text_dim"": 256, ""text_model_name"": ""bert-base-uncased"", ""use_video"": true, ""video_dim"": 768, ""vocab_size"": 30000}",/Users/rajeshpmu/Desktop/LegalMemoCMT/data/processed/phase2/clancy/turn_clips/audio/DCBWoWhsTpA/DCBWoWhsTpA_turn06891.wav,OK,,0.364736,0.320432,0.320432,0.429563,3loi/SER-Odyssey-Baseline-WavLM-Multi-Attributes,OK,ang,0.999999,speechbrain/emotion-recognition-wav2vec2-IEMOCAP,OK,NO,QUOTED_SPEECH,quote or reported speech marker,MEDIUM,LOW,MEDIUM,KEEP_PHASE1_CANDIDATE,neutral,anger,neutral,0.690414,neutral,0.690414,comparable Phase 1 and audio categorical outputs agree or audio class is not comparable,YES,UNKNOWN,,phase1_vs_comparable_audio_disagreement;low_or_moderate_audio_arousal
DCBWoWhsTpA_turn06897,DCBWoWhsTpA_turn06897,DCBWoWhsTpA,https://www.youtube.com/live/DCBWoWhsTpA,LIVE: Lindsay Clancy trial Day 14,full_trial_stream,5,/Users/rajeshpmu/Desktop/LegalMemoCMT/data/phase2/clancy/corpus/raw/live-lindsay-clancy-trial-day-14/live-lindsay-clancy-trial-day-14_DCBWoWhsTpA.en.vtt,/Users/rajeshpmu/Desktop/LegalMemoCMT/data/processed/phase2/clancy/turn_clips/video/DCBWoWhsTpA/DCBWoWhsTpA_turn06897.mp4,/Users/rajeshpmu/Desktop/LegalMemoCMT/data/processed/phase2/clancy/turn_clips/audio/DCBWoWhsTpA/DCBWoWhsTpA_turn06897.wav,DCBWoWhsTpA,group_by_youtube_id,dev,neutral,text_keyword_heuristic,LOW,YES,comparable Phase 1 and audio categorical outputs agree or audio class is not comparable,YES,That's correct. Without my observation of her,That's correct. Without my observation of her,02:38:42.206,02:38:44.574,2.368,2.368,marker,MEDIUM,1,5,"DCBWoWhsTpA_utt07391#p02,DCBWoWhsTpA_utt07392#p01,DCBWoWhsTpA_utt07393#p01,DCBWoWhsTpA_utt07394#p01,DCBWoWhsTpA_utt07395#p01","DCBWoWhsTpA_utt07391,DCBWoWhsTpA_utt07392,DCBWoWhsTpA_utt07393,DCBWoWhsTpA_utt07394,DCBWoWhsTpA_utt07395",5,/Users/rajeshpmu/Desktop/LegalMemoCMT/data/phase2/clancy/corpus/raw/live-lindsay-clancy-trial-day-14/live-lindsay-clancy-trial-day-14_DCBWoWhsTpA.mp4,/Users/rajeshpmu/Desktop/LegalMemoCMT/data/phase2/clancy/corpus/raw/live-lindsay-clancy-trial-day-14/live-lindsay-clancy-trial-day-14_DCBWoWhsTpA.wav,/Users/rajeshpmu/Desktop/LegalMemoCMT/data/processed/phase2/clancy/turn_clips/video/DCBWoWhsTpA/DCBWoWhsTpA_turn06897.mp4,/Users/rajeshpmu/Desktop/LegalMemoCMT/data/processed/phase2/clancy/turn_clips/audio/DCBWoWhsTpA/DCBWoWhsTpA_turn06897.wav,9522.206,9524.574,2.368,created,02:38:42.206,02:38:44.574,0.0,default_zero,SPEAKER_02,1.805,pyannote/speaker-diarization-3.1,Witness,manual_verified_diarization,HIGH,YES,SPEAKING,Witness,YES,Witness 16 identified by manual audio/video review,INCLUDE,,YES,speaker_role=Witness,split_dev;usable,"usable because speaker_role=Witness, witness_speaking_status=SPEAKING, clip_status=created, duration=2.368s, and source is not excluded",YES,0.6,HIGH,manual_clip_review,HUMAN_VERIFIED,/Users/rajeshpmu/Desktop/LegalMemoCMT/data/processed/phase2/clancy/turn_clips/video/DCBWoWhsTpA/DCBWoWhsTpA_turn06897.mp4,/Users/rajeshpmu/Desktop/LegalMemoCMT/data/processed/phase2/clancy/vit_facecrop_embeddings/DCBWoWhsTpA/DCBWoWhsTpA_turn06897.npy,created,neutral,0.906419,0.450805,"{""anger"": 0.035387, ""disgust"": 0.003717, ""fear"": 0.007423, ""joy"": 0.026692, ""neutral"": 0.906419, ""sadness"": 0.004158, ""surprise"": 0.016204}",/Users/rajeshpmu/Desktop/LegalMemoCMT/results/facial_cues/meld_vit_facecrop_gated_video_aux/fold_4/best_model.pt,phase1_meld_checkpoint_pseudo_label,"audio,text,video","audio,text,video","{""audio_dim"": 128, ""audio_model_name"": ""facebook/hubert-base-ls960"", ""dropout"": 0.1, ""encoder_mode"": ""paper"", ""freeze_audio_backbone"": false, ""freeze_text_backbone"": false, ""fusion_dim"": 256, ""fusion_mode"": ""gated"", ""fusion_pooling"": ""min"", ""max_audio_len"": 256, ""max_text_len"": 128, ""max_video_len"": 32, ""num_classes"": 7, ""num_heads"": 4, ""num_layers"": 2, ""text_dim"": 256, ""text_model_name"": ""bert-base-uncased"", ""use_video"": true, ""video_dim"": 768, ""vocab_size"": 30000}",/Users/rajeshpmu/Desktop/LegalMemoCMT/data/processed/phase2/clancy/turn_clips/audio/DCBWoWhsTpA/DCBWoWhsTpA_turn06897.wav,OK,,0.405724,0.374799,0.374799,0.462455,3loi/SER-Odyssey-Baseline-WavLM-Multi-Attributes,OK,ang,1.0,speechbrain/emotion-recognition-wav2vec2-IEMOCAP,OK,NO,UNCLEAR,no explicit emotion-target evidence,HIGH,LOW,HIGH,KEEP_PHASE1_CANDIDATE,neutral,anger,neutral,0.906419,neutral,0.906419,comparable Phase 1 and audio categorical outputs agree or audio class is not comparable,YES,UNKNOWN,,phase1_vs_comparable_audio_disagreement;low_or_moderate_audio_arousal
DCBWoWhsTpA_turn06901,DCBWoWhsTpA_turn06901,DCBWoWhsTpA,https://www.youtube.com/live/DCBWoWhsTpA,LIVE: Lindsay Clancy trial Day 14,full_trial_stream,5,/Users/rajeshpmu/Desktop/LegalMemoCMT/data/phase2/clancy/corpus/raw/live-lindsay-clancy-trial-day-14/live-lindsay-clancy-trial-day-14_DCBWoWhsTpA.en.vtt,/Users/rajeshpmu/Desktop/LegalMemoCMT/data/processed/phase2/clancy/turn_clips/video/DCBWoWhsTpA/DCBWoWhsTpA_turn06901.mp4,/Users/rajeshpmu/Desktop/LegalMemoCMT/data/processed/phase2/clancy/turn_clips/audio/DCBWoWhsTpA/DCBWoWhsTpA_turn06901.wav,DCBWoWhsTpA,group_by_youtube_id,dev,neutral,text_keyword_heuristic,LOW,YES,comparable Phase 1 and audio categorical outputs agree or audio class is not comparable,YES,"I do not recall. I remember speaking to the police. I had just found out what had happened and I was pretty much in shock. So, anything I remember honestly I remember two things I told the police. Anything else that you have there, I must have said, but I'm don't recall them. I can I've been going through my mind. I can honestly recall two things I told the police during that interview. I was pretty much in shock.","I do not recall. I remember speaking to the police. I had just found out what had happened and I was pretty much in shock. So, anything I remember honestly I remember two things I told the police. Anything else that you have there, I must have said, but I'm don't recall them. I can I've been going through my mind. I can honestly recall two things I told the police during that interview. I was pretty much in shock.",02:39:28.850,02:39:56.096,27.246,27.246,marker,MEDIUM,1,25,"DCBWoWhsTpA_utt07415#p02,DCBWoWhsTpA_utt07416#p01,DCBWoWhsTpA_utt07417#p01,DCBWoWhsTpA_utt07418#p01,DCBWoWhsTpA_utt07419#p01,DCBWoWhsTpA_utt07420#p01,DCBWoWhsTpA_utt07421#p01,DCBWoWhsTpA_utt07422#p01,DCBWoWhsTpA_utt07423#p01,DCBWoWhsTpA_utt07424#p01,DCBWoWhsTpA_utt07425#p01,DCBWoWhsTpA_utt07426#p01,DCBWoWhsTpA_utt07427#p01,DCBWoWhsTpA_utt07428#p01,DCBWoWhsTpA_utt07429#p01,DCBWoWhsTpA_utt07430#p01,DCBWoWhsTpA_utt07431#p01,DCBWoWhsTpA_utt07432#p01,DCBWoWhsTpA_utt07433#p01,DCBWoWhsTpA_utt07434#p01,DCBWoWhsTpA_utt07435#p01,DCBWoWhsTpA_utt07436#p01,DCBWoWhsTpA_utt07437#p01,DCBWoWhsTpA_utt07438#p01,DCBWoWhsTpA_utt07439#p01","DCBWoWhsTpA_utt07415,DCBWoWhsTpA_utt07416,DCBWoWhsTpA_utt07417,DCBWoWhsTpA_utt07418,DCBWoWhsTpA_utt07419,DCBWoWhsTpA_utt07420,DCBWoWhsTpA_utt07421,DCBWoWhsTpA_utt07422,DCBWoWhsTpA_utt07423,DCBWoWhsTpA_utt07424,DCBWoWhsTpA_utt07425,DCBWoWhsTpA_utt07426,DCBWoWhsTpA_utt07427,DCBWoWhsTpA_utt07428,DCBWoWhsTpA_utt07429,DCBWoWhsTpA_utt07430,DCBWoWhsTpA_utt07431,DCBWoWhsTpA_utt07432,DCBWoWhsTpA_utt07433,DCBWoWhsTpA_utt07434,DCBWoWhsTpA_utt07435,DCBWoWhsTpA_utt07436,DCBWoWhsTpA_utt07437,DCBWoWhsTpA_utt07438,DCBWoWhsTpA_utt07439",25,/Users/rajeshpmu/Desktop/LegalMemoCMT/data/phase2/clancy/corpus/raw/live-lindsay-clancy-trial-day-14/live-lindsay-clancy-trial-day-14_DCBWoWhsTpA.mp4,/Users/rajeshpmu/Desktop/LegalMemoCMT/data/phase2/clancy/corpus/raw/live-lindsay-clancy-trial-day-14/live-lindsay-clancy-trial-day-14_DCBWoWhsTpA.wav,/Users/rajeshpmu/Desktop/LegalMemoCMT/data/processed/phase2/clancy/turn_clips/video/DCBWoWhsTpA/DCBWoWhsTpA_turn06901.mp4,/Users/rajeshpmu/Desktop/LegalMemoCMT/data/processed/phase2/clancy/turn_clips/audio/DCBWoWhsTpA/DCBWoWhsTpA_turn06901.wav,9568.85,9596.096,27.246,created,02:39:28.850,02:39:56.096,0.0,default_zero,SPEAKER_02,15.525,pyannote/speaker-diarization-3.1,Witness,manual_verified_diarization,HIGH,YES,SPEAKING,Witness,YES,Witness 16 identified by manual audio/video review,INCLUDE,,YES,speaker_role=Witness,split_dev;usable,"usable because speaker_role=Witness, witness_speaking_status=SPEAKING, clip_status=created, duration=27.246s, and source is not excluded",YES,0.6,HIGH,manual_clip_review,HUMAN_VERIFIED,/Users/rajeshpmu/Desktop/LegalMemoCMT/data/processed/phase2/clancy/turn_clips/video/DCBWoWhsTpA/DCBWoWhsTpA_turn06901.mp4,/Users/rajeshpmu/Desktop/LegalMemoCMT/data/processed/phase2/clancy/vit_facecrop_embeddings/DCBWoWhsTpA/DCBWoWhsTpA_turn06901.npy,created,sadness,0.54454,1.366402,"{""anger"": 0.036226, ""disgust"": 0.151594, ""fear"": 0.027556, ""joy"": 0.032375, ""neutral"": 0.173594, ""sadness"": 0.54454, ""surprise"": 0.034115}",/Users/rajeshpmu/Desktop/LegalMemoCMT/results/facial_cues/meld_vit_facecrop_gated_video_aux/fold_4/best_model.pt,phase1_meld_checkpoint_pseudo_label,"audio,text,video","audio,text,video","{""audio_dim"": 128, ""audio_model_name"": ""facebook/hubert-base-ls960"", ""dropout"": 0.1, ""encoder_mode"": ""paper"", ""freeze_audio_backbone"": false, ""freeze_text_backbone"": false, ""fusion_dim"": 256, ""fusion_mode"": ""gated"", ""fusion_pooling"": ""min"", ""max_audio_len"": 256, ""max_text_len"": 128, ""max_video_len"": 32, ""num_classes"": 7, ""num_heads"": 4, ""num_layers"": 2, ""text_dim"": 256, ""text_model_name"": ""bert-base-uncased"", ""use_video"": true, ""video_dim"": 768, ""vocab_size"": 30000}",/Users/rajeshpmu/Desktop/LegalMemoCMT/data/processed/phase2/clancy/turn_clips/audio/DCBWoWhsTpA/DCBWoWhsTpA_turn06901.wav,OK,,0.318226,0.312063,0.312063,0.409958,3loi/SER-Odyssey-Baseline-WavLM-Multi-Attributes,OK,ang,1.0,speechbrain/emotion-recognition-wav2vec2-IEMOCAP,OK,NO,QUOTED_SPEECH,quote or reported speech marker,MEDIUM,LOW,MEDIUM,KEEP_PHASE1_CANDIDATE,sadness,anger,sadness,0.544540,sadness,0.544540,comparable Phase 1 and audio categorical outputs agree or audio class is not comparable,YES,UNKNOWN,,phase1_vs_comparable_audio_disagreement;low_or_moderate_audio_arousal
DCBWoWhsTpA_turn06910,DCBWoWhsTpA_turn06910,DCBWoWhsTpA,https://www.youtube.com/live/DCBWoWhsTpA,LIVE: Lindsay Clancy trial Day 14,full_trial_stream,5,/Users/rajeshpmu/Desktop/LegalMemoCMT/data/phase2/clancy/corpus/raw/live-lindsay-clancy-trial-day-14/live-lindsay-clancy-trial-day-14_DCBWoWhsTpA.en.vtt,/Users/rajeshpmu/Desktop/LegalMemoCMT/data/processed/phase2/clancy/turn_clips/video/DCBWoWhsTpA/DCBWoWhsTpA_turn06910.mp4,/Users/rajeshpmu/Desktop/LegalMemoCMT/data/processed/phase2/clancy/turn_clips/audio/DCBWoWhsTpA/DCBWoWhsTpA_turn06910.wav,DCBWoWhsTpA,group_by_youtube_id,dev,neutral,text_keyword_heuristic,LOW,YES,"audio and courtroom-affect evidence support neutral, but emotion target is unresolved",YES,"Oh, yes. Yes. Yes. I'm sorry.","Oh, yes. Yes. Yes. I'm sorry.",02:41:52.797,02:41:54.595,1.798,1.798,marker,MEDIUM,1,3,"DCBWoWhsTpA_utt07493#p02,DCBWoWhsTpA_utt07494#p01,DCBWoWhsTpA_utt07495#p01","DCBWoWhsTpA_utt07493,DCBWoWhsTpA_utt07494,DCBWoWhsTpA_utt07495",3,/Users/rajeshpmu/Desktop/LegalMemoCMT/data/phase2/clancy/corpus/raw/live-lindsay-clancy-trial-day-14/live-lindsay-clancy-trial-day-14_DCBWoWhsTpA.mp4,/Users/rajeshpmu/Desktop/LegalMemoCMT/data/phase2/clancy/corpus/raw/live-lindsay-clancy-trial-day-14/live-lindsay-clancy-trial-day-14_DCBWoWhsTpA.wav,/Users/rajeshpmu/Desktop/LegalMemoCMT/data/processed/phase2/clancy/turn_clips/video/DCBWoWhsTpA/DCBWoWhsTpA_turn06910.mp4,/Users/rajeshpmu/Desktop/LegalMemoCMT/data/processed/phase2/clancy/turn_clips/audio/DCBWoWhsTpA/DCBWoWhsTpA_turn06910.wav,9712.797,9714.595,1.798,created,02:41:52.797,02:41:54.595,0.0,default_zero,SPEAKER_02,1.766,pyannote/speaker-diarization-3.1,Witness,manual_verified_diarization,HIGH,YES,SPEAKING,Witness,YES,Witness 16 identified by manual audio/video review,INCLUDE,,YES,speaker_role=Witness,split_dev;usable,"usable because speaker_role=Witness, witness_speaking_status=SPEAKING, clip_status=created, duration=1.798s, and source is not excluded",YES,0.6,HIGH,manual_clip_review,HUMAN_VERIFIED,/Users/rajeshpmu/Desktop/LegalMemoCMT/data/processed/phase2/clancy/turn_clips/video/DCBWoWhsTpA/DCBWoWhsTpA_turn06910.mp4,/Users/rajeshpmu/Desktop/LegalMemoCMT/data/processed/phase2/clancy/vit_facecrop_embeddings/DCBWoWhsTpA/DCBWoWhsTpA_turn06910.npy,created,fear,0.989445,0.071525,"{""anger"": 0.000936, ""disgust"": 0.000354, ""fear"": 0.989445, ""joy"": 0.000471, ""neutral"": 0.006525, ""sadness"": 0.001539, ""surprise"": 0.000729}",/Users/rajeshpmu/Desktop/LegalMemoCMT/results/facial_cues/meld_vit_facecrop_gated_video_aux/fold_4/best_model.pt,phase1_meld_checkpoint_pseudo_label,"audio,text,video","audio,text,video","{""audio_dim"": 128, ""audio_model_name"": ""facebook/hubert-base-ls960"", ""dropout"": 0.1, ""encoder_mode"": ""paper"", ""freeze_audio_backbone"": false, ""freeze_text_backbone"": false, ""fusion_dim"": 256, ""fusion_mode"": ""gated"", ""fusion_pooling"": ""min"", ""max_audio_len"": 256, ""max_text_len"": 128, ""max_video_len"": 32, ""num_classes"": 7, ""num_heads"": 4, ""num_layers"": 2, ""text_dim"": 256, ""text_model_name"": ""bert-base-uncased"", ""use_video"": true, ""video_dim"": 768, ""vocab_size"": 30000}",/Users/rajeshpmu/Desktop/LegalMemoCMT/data/processed/phase2/clancy/turn_clips/audio/DCBWoWhsTpA/DCBWoWhsTpA_turn06910.wav,OK,,0.407732,0.403997,0.403997,0.401174,3loi/SER-Odyssey-Baseline-WavLM-Multi-Attributes,OK,neu,1.0,speechbrain/emotion-recognition-wav2vec2-IEMOCAP,OK,NO,UNCLEAR,no explicit emotion-target evidence,HIGH,LOW,HIGH,NEUTRAL_CANDIDATE,fear,neutral,neutral,0.580000,neutral,0.580000,"audio and courtroom-affect evidence support neutral, but emotion target is unresolved",YES,CALM_COMPOSED,1,phase1_vs_comparable_audio_disagreement;low_or_moderate_audio_arousal;speechbrain_neutral
DCBWoWhsTpA_turn06938,DCBWoWhsTpA_turn06938,DCBWoWhsTpA,https://www.youtube.com/live/DCBWoWhsTpA,LIVE: Lindsay Clancy trial Day 14,full_trial_stream,5,/Users/rajeshpmu/Desktop/LegalMemoCMT/data/phase2/clancy/corpus/raw/live-lindsay-clancy-trial-day-14/live-lindsay-clancy-trial-day-14_DCBWoWhsTpA.en.vtt,/Users/rajeshpmu/Desktop/LegalMemoCMT/data/processed/phase2/clancy/turn_clips/video/DCBWoWhsTpA/DCBWoWhsTpA_turn06938.mp4,/Users/rajeshpmu/Desktop/LegalMemoCMT/data/processed/phase2/clancy/turn_clips/audio/DCBWoWhsTpA/DCBWoWhsTpA_turn06938.wav,DCBWoWhsTpA,group_by_youtube_id,dev,neutral,text_keyword_heuristic,LOW,NO,"calm courtroom presentation with neutral acoustic evidence, low/moderate excitement, and non-self emotion target",YES,It's Michael Wulovich. It's uh Visen Victor. U L F as in Frank. O V is invari.,It's Michael Wulovich. It's uh Visen Victor. U L F as in Frank. O V is invari.,02:48:54.460,02:49:01.630,7.17,7.17,marker,MEDIUM,1,7,"DCBWoWhsTpA_utt07803#p02,DCBWoWhsTpA_utt07804#p01,DCBWoWhsTpA_utt07805#p01,DCBWoWhsTpA_utt07806#p01,DCBWoWhsTpA_utt07807#p01,DCBWoWhsTpA_utt07808#p01,DCBWoWhsTpA_utt07809#p01","DCBWoWhsTpA_utt07803,DCBWoWhsTpA_utt07804,DCBWoWhsTpA_utt07805,DCBWoWhsTpA_utt07806,DCBWoWhsTpA_utt07807,DCBWoWhsTpA_utt07808,DCBWoWhsTpA_utt07809",7,/Users/rajeshpmu/Desktop/LegalMemoCMT/data/phase2/clancy/corpus/raw/live-lindsay-clancy-trial-day-14/live-lindsay-clancy-trial-day-14_DCBWoWhsTpA.mp4,/Users/rajeshpmu/Desktop/LegalMemoCMT/data/phase2/clancy/corpus/raw/live-lindsay-clancy-trial-day-14/live-lindsay-clancy-trial-day-14_DCBWoWhsTpA.wav,/Users/rajeshpmu/Desktop/LegalMemoCMT/data/processed/phase2/clancy/turn_clips/video/DCBWoWhsTpA/DCBWoWhsTpA_turn06938.mp4,/Users/rajeshpmu/Desktop/LegalMemoCMT/data/processed/phase2/clancy/turn_clips/audio/DCBWoWhsTpA/DCBWoWhsTpA_turn06938.wav,10134.46,10141.63,7.17,created,02:48:54.460,02:49:01.630,0.0,default_zero,SPEAKER_17,6.45,pyannote/speaker-diarization-3.1,Witness,manual_verified_diarization,HIGH,YES,SPEAKING,Witness,YES,Witness 17 identified by manual audio/video review,INCLUDE,,YES,speaker_role=Witness,split_dev;usable,"usable because speaker_role=Witness, witness_speaking_status=SPEAKING, clip_status=created, duration=7.170s, and source is not excluded",YES,0.6,HIGH,manual_clip_review,HUMAN_VERIFIED,/Users/rajeshpmu/Desktop/LegalMemoCMT/data/processed/phase2/clancy/turn_clips/video/DCBWoWhsTpA/DCBWoWhsTpA_turn06938.mp4,/Users/rajeshpmu/Desktop/LegalMemoCMT/data/processed/phase2/clancy/vit_facecrop_embeddings/DCBWoWhsTpA/DCBWoWhsTpA_turn06938.npy,created,neutral,0.898374,0.474297,"{""anger"": 0.049013, ""disgust"": 0.001631, ""fear"": 0.008054, ""joy"": 0.019476, ""neutral"": 0.898374, ""sadness"": 0.012577, ""surprise"": 0.010875}",/Users/rajeshpmu/Desktop/LegalMemoCMT/results/facial_cues/meld_vit_facecrop_gated_video_aux/fold_4/best_model.pt,phase1_meld_checkpoint_pseudo_label,"audio,text,video","audio,text,video","{""audio_dim"": 128, ""audio_model_name"": ""facebook/hubert-base-ls960"", ""dropout"": 0.1, ""encoder_mode"": ""paper"", ""freeze_audio_backbone"": false, ""freeze_text_backbone"": false, ""fusion_dim"": 256, ""fusion_mode"": ""gated"", ""fusion_pooling"": ""min"", ""max_audio_len"": 256, ""max_text_len"": 128, ""max_video_len"": 32, ""num_classes"": 7, ""num_heads"": 4, ""num_layers"": 2, ""text_dim"": 256, ""text_model_name"": ""bert-base-uncased"", ""use_video"": true, ""video_dim"": 768, ""vocab_size"": 30000}",/Users/rajeshpmu/Desktop/LegalMemoCMT/data/processed/phase2/clancy/turn_clips/audio/DCBWoWhsTpA/DCBWoWhsTpA_turn06938.wav,OK,,0.532127,0.374819,0.374819,0.46471,3loi/SER-Odyssey-Baseline-WavLM-Multi-Attributes,OK,neu,1.0,speechbrain/emotion-recognition-wav2vec2-IEMOCAP,OK,NO,QUOTED_SPEECH,quote or reported speech marker,LOW,LOW,LOW,NEUTRAL_CANDIDATE,neutral,neutral,neutral,0.720000,neutral,0.720000,"calm courtroom presentation with neutral acoustic evidence, low/moderate excitement, and non-self emotion target",NO,CALM_COMPOSED,1,low_or_moderate_audio_arousal;speechbrain_neutral
DCBWoWhsTpA_turn06939,DCBWoWhsTpA_turn06939,DCBWoWhsTpA,https://www.youtube.com/live/DCBWoWhsTpA,LIVE: Lindsay Clancy trial Day 14,full_trial_stream,5,/Users/rajeshpmu/Desktop/LegalMemoCMT/data/phase2/clancy/corpus/raw/live-lindsay-clancy-trial-day-14/live-lindsay-clancy-trial-day-14_DCBWoWhsTpA.en.vtt,/Users/rajeshpmu/Desktop/LegalMemoCMT/data/processed/phase2/clancy/turn_clips/video/DCBWoWhsTpA/DCBWoWhsTpA_turn06939.mp4,/Users/rajeshpmu/Desktop/LegalMemoCMT/data/processed/phase2/clancy/turn_clips/audio/DCBWoWhsTpA/DCBWoWhsTpA_turn06939.wav,DCBWoWhsTpA,group_by_youtube_id,dev,neutral,text_keyword_heuristic,LOW,NO,PHASE1_AUDIO_AGREEMENT,YES,"And um what do you do for work, sir?","And um what do you do for work, sir?",02:49:01.630,02:49:04.433,2.803,2.803,marker,MEDIUM,1,3,"DCBWoWhsTpA_utt07809#p02,DCBWoWhsTpA_utt07810#p01,DCBWoWhsTpA_utt07811#p01","DCBWoWhsTpA_utt07809,DCBWoWhsTpA_utt07810,DCBWoWhsTpA_utt07811",3,/Users/rajeshpmu/Desktop/LegalMemoCMT/data/phase2/clancy/corpus/raw/live-lindsay-clancy-trial-day-14/live-lindsay-clancy-trial-day-14_DCBWoWhsTpA.mp4,/Users/rajeshpmu/Desktop/LegalMemoCMT/data/phase2/clancy/corpus/raw/live-lindsay-clancy-trial-day-14/live-lindsay-clancy-trial-day-14_DCBWoWhsTpA.wav,/Users/rajeshpmu/Desktop/LegalMemoCMT/data/processed/phase2/clancy/turn_clips/video/DCBWoWhsTpA/DCBWoWhsTpA_turn06939.mp4,/Users/rajeshpmu/Desktop/LegalMemoCMT/data/processed/phase2/clancy/turn_clips/audio/DCBWoWhsTpA/DCBWoWhsTpA_turn06939.wav,10141.63,10144.433,2.803,created,02:49:01.630,02:49:04.433,0.0,default_zero,SPEAKER_17,1.11,pyannote/speaker-diarization-3.1,Witness,manual_verified_diarization,HIGH,YES,SPEAKING,Witness,YES,Witness 17 identified by manual audio/video review,INCLUDE,,YES,speaker_role=Witness,split_dev;usable,"usable because speaker_role=Witness, witness_speaking_status=SPEAKING, clip_status=created, duration=2.803s, and source is not excluded",YES,0.6,HIGH,manual_clip_review,HUMAN_VERIFIED,/Users/rajeshpmu/Desktop/LegalMemoCMT/data/processed/phase2/clancy/turn_clips/video/DCBWoWhsTpA/DCBWoWhsTpA_turn06939.mp4,/Users/rajeshpmu/Desktop/LegalMemoCMT/data/processed/phase2/clancy/vit_facecrop_embeddings/DCBWoWhsTpA/DCBWoWhsTpA_turn06939.npy,created,neutral,0.966638,0.197958,"{""anger"": 0.012964, ""disgust"": 0.003125, ""fear"": 0.007111, ""joy"": 0.003836, ""neutral"": 0.966638, ""sadness"": 0.005598, ""surprise"": 0.000727}",/Users/rajeshpmu/Desktop/LegalMemoCMT/results/facial_cues/meld_vit_facecrop_gated_video_aux/fold_4/best_model.pt,phase1_meld_checkpoint_pseudo_label,"audio,text,video","audio,text,video","{""audio_dim"": 128, ""audio_model_name"": ""facebook/hubert-base-ls960"", ""dropout"": 0.1, ""encoder_mode"": ""paper"", ""freeze_audio_backbone"": false, ""freeze_text_backbone"": false, ""fusion_dim"": 256, ""fusion_mode"": ""gated"", ""fusion_pooling"": ""min"", ""max_audio_len"": 256, ""max_text_len"": 128, ""max_video_len"": 32, ""num_classes"": 7, ""num_heads"": 4, ""num_layers"": 2, ""text_dim"": 256, ""text_model_name"": ""bert-base-uncased"", ""use_video"": true, ""video_dim"": 768, ""vocab_size"": 30000}",/Users/rajeshpmu/Desktop/LegalMemoCMT/data/processed/phase2/clancy/turn_clips/audio/DCBWoWhsTpA/DCBWoWhsTpA_turn06939.wav,OK,,0.62886,0.499805,0.499805,0.541625,3loi/SER-Odyssey-Baseline-WavLM-Multi-Attributes,OK,neu,1.0,speechbrain/emotion-recognition-wav2vec2-IEMOCAP,OK,NO,UNCLEAR,no explicit emotion-target evidence,LOW,LOW,LOW,KEEP_PHASE1_CANDIDATE,neutral,neutral,neutral,0.966638,neutral,0.966638,PHASE1_AUDIO_AGREEMENT,NO,UNKNOWN,,speechbrain_neutral
DCBWoWhsTpA_turn06940,DCBWoWhsTpA_turn06940,DCBWoWhsTpA,https://www.youtube.com/live/DCBWoWhsTpA,LIVE: Lindsay Clancy trial Day 14,full_trial_stream,5,/Users/rajeshpmu/Desktop/LegalMemoCMT/data/phase2/clancy/corpus/raw/live-lindsay-clancy-trial-day-14/live-lindsay-clancy-trial-day-14_DCBWoWhsTpA.en.vtt,/Users/rajeshpmu/Desktop/LegalMemoCMT/data/processed/phase2/clancy/turn_clips/video/DCBWoWhsTpA/DCBWoWhsTpA_turn06940.mp4,/Users/rajeshpmu/Desktop/LegalMemoCMT/data/processed/phase2/clancy/turn_clips/audio/DCBWoWhsTpA/DCBWoWhsTpA_turn06940.wav,DCBWoWhsTpA,group_by_youtube_id,dev,neutral,text_keyword_heuristic,LOW,NO,"audio and courtroom-affect evidence support neutral, but emotion target is unresolved",YES,Uh I'm an emergency medicine doctor. I work full-time at Newton Welsley Hospital.,Uh I'm an emergency medicine doctor. I work full-time at Newton Welsley Hospital.,02:49:04.433,02:49:07.398,2.965,2.965,marker,MEDIUM,1,7,"DCBWoWhsTpA_utt07811#p02,DCBWoWhsTpA_utt07812#p01,DCBWoWhsTpA_utt07813#p01,DCBWoWhsTpA_utt07814#p01,DCBWoWhsTpA_utt07815#p01,DCBWoWhsTpA_utt07816#p01,DCBWoWhsTpA_utt07817#p01","DCBWoWhsTpA_utt07811,DCBWoWhsTpA_utt07812,DCBWoWhsTpA_utt07813,DCBWoWhsTpA_utt07814,DCBWoWhsTpA_utt07815,DCBWoWhsTpA_utt07816,DCBWoWhsTpA_utt07817",7,/Users/rajeshpmu/Desktop/LegalMemoCMT/data/phase2/clancy/corpus/raw/live-lindsay-clancy-trial-day-14/live-lindsay-clancy-trial-day-14_DCBWoWhsTpA.mp4,/Users/rajeshpmu/Desktop/LegalMemoCMT/data/phase2/clancy/corpus/raw/live-lindsay-clancy-trial-day-14/live-lindsay-clancy-trial-day-14_DCBWoWhsTpA.wav,/Users/rajeshpmu/Desktop/LegalMemoCMT/data/processed/phase2/clancy/turn_clips/video/DCBWoWhsTpA/DCBWoWhsTpA_turn06940.mp4,/Users/rajeshpmu/Desktop/LegalMemoCMT/data/processed/phase2/clancy/turn_clips/audio/DCBWoWhsTpA/DCBWoWhsTpA_turn06940.wav,10144.433,10147.398,2.965,created,02:49:04.433,02:49:07.398,0.0,default_zero,SPEAKER_17,2.535,pyannote/speaker-diarization-3.1,Witness,manual_verified_diarization,HIGH,YES,SPEAKING,Witness,YES,Witness 17 identified by manual audio/video review,INCLUDE,,YES,speaker_role=Witness,split_dev;usable,"usable because speaker_role=Witness, witness_speaking_status=SPEAKING, clip_status=created, duration=2.965s, and source is not excluded",YES,0.6,HIGH,manual_clip_review,HUMAN_VERIFIED,/Users/rajeshpmu/Desktop/LegalMemoCMT/data/processed/phase2/clancy/turn_clips/video/DCBWoWhsTpA/DCBWoWhsTpA_turn06940.mp4,/Users/rajeshpmu/Desktop/LegalMemoCMT/data/processed/phase2/clancy/vit_facecrop_embeddings/DCBWoWhsTpA/DCBWoWhsTpA_turn06940.npy,created,neutral,0.467909,1.280979,"{""anger"": 0.059731, ""disgust"": 0.006838, ""fear"": 0.079759, ""joy"": 0.030316, ""neutral"": 0.467909, ""sadness"": 0.344793, ""surprise"": 0.010655}",/Users/rajeshpmu/Desktop/LegalMemoCMT/results/facial_cues/meld_vit_facecrop_gated_video_aux/fold_4/best_model.pt,phase1_meld_checkpoint_pseudo_label,"audio,text,video","audio,text,video","{""audio_dim"": 128, ""audio_model_name"": ""facebook/hubert-base-ls960"", ""dropout"": 0.1, ""encoder_mode"": ""paper"", ""freeze_audio_backbone"": false, ""freeze_text_backbone"": false, ""fusion_dim"": 256, ""fusion_mode"": ""gated"", ""fusion_pooling"": ""min"", ""max_audio_len"": 256, ""max_text_len"": 128, ""max_video_len"": 32, ""num_classes"": 7, ""num_heads"": 4, ""num_layers"": 2, ""text_dim"": 256, ""text_model_name"": ""bert-base-uncased"", ""use_video"": true, ""video_dim"": 768, ""vocab_size"": 30000}",/Users/rajeshpmu/Desktop/LegalMemoCMT/data/processed/phase2/clancy/turn_clips/audio/DCBWoWhsTpA/DCBWoWhsTpA_turn06940.wav,OK,,0.548638,0.382468,0.382468,0.475586,3loi/SER-Odyssey-Baseline-WavLM-Multi-Attributes,OK,neu,1.0,speechbrain/emotion-recognition-wav2vec2-IEMOCAP,OK,NO,UNCLEAR,no explicit emotion-target evidence,LOW,LOW,LOW,NEUTRAL_CANDIDATE,neutral,neutral,neutral,0.580000,neutral,0.580000,"audio and courtroom-affect evidence support neutral, but emotion target is unresolved",NO,CALM_COMPOSED,1,low_or_moderate_audio_arousal;speechbrain_neutral
DCBWoWhsTpA_turn06944,DCBWoWhsTpA_turn06944,DCBWoWhsTpA,https://www.youtube.com/live/DCBWoWhsTpA,LIVE: Lindsay Clancy trial Day 14,full_trial_stream,5,/Users/rajeshpmu/Desktop/LegalMemoCMT/data/phase2/clancy/corpus/raw/live-lindsay-clancy-trial-day-14/live-lindsay-clancy-trial-day-14_DCBWoWhsTpA.en.vtt,/Users/rajeshpmu/Desktop/LegalMemoCMT/data/processed/phase2/clancy/turn_clips/video/DCBWoWhsTpA/DCBWoWhsTpA_turn06944.mp4,/Users/rajeshpmu/Desktop/LegalMemoCMT/data/processed/phase2/clancy/turn_clips/audio/DCBWoWhsTpA/DCBWoWhsTpA_turn06944.wav,DCBWoWhsTpA,group_by_youtube_id,dev,neutral,text_keyword_heuristic,LOW,YES,"audio and courtroom-affect evidence support neutral, but emotion target is unresolved",YES,I am. I'm board certified in emergency medicine.,I am. I'm board certified in emergency medicine.,02:49:12.709,02:49:15.163,2.454,2.454,marker,MEDIUM,1,5,"DCBWoWhsTpA_utt07825#p02,DCBWoWhsTpA_utt07826#p01,DCBWoWhsTpA_utt07827#p01,DCBWoWhsTpA_utt07828#p01,DCBWoWhsTpA_utt07829#p01","DCBWoWhsTpA_utt07825,DCBWoWhsTpA_utt07826,DCBWoWhsTpA_utt07827,DCBWoWhsTpA_utt07828,DCBWoWhsTpA_utt07829",5,/Users/rajeshpmu/Desktop/LegalMemoCMT/data/phase2/clancy/corpus/raw/live-lindsay-clancy-trial-day-14/live-lindsay-clancy-trial-day-14_DCBWoWhsTpA.mp4,/Users/rajeshpmu/Desktop/LegalMemoCMT/data/phase2/clancy/corpus/raw/live-lindsay-clancy-trial-day-14/live-lindsay-clancy-trial-day-14_DCBWoWhsTpA.wav,/Users/rajeshpmu/Desktop/LegalMemoCMT/data/processed/phase2/clancy/turn_clips/video/DCBWoWhsTpA/DCBWoWhsTpA_turn06944.mp4,/Users/rajeshpmu/Desktop/LegalMemoCMT/data/processed/phase2/clancy/turn_clips/audio/DCBWoWhsTpA/DCBWoWhsTpA_turn06944.wav,10152.709,10155.163,2.454,created,02:49:12.709,02:49:15.163,0.0,default_zero,SPEAKER_17,1.684,pyannote/speaker-diarization-3.1,Witness,manual_verified_diarization,HIGH,YES,SPEAKING,Witness,YES,Witness 17 identified by manual audio/video review,INCLUDE,,YES,speaker_role=Witness,split_dev;usable,"usable because speaker_role=Witness, witness_speaking_status=SPEAKING, clip_status=created, duration=2.454s, and source is not excluded",YES,0.6,HIGH,manual_clip_review,HUMAN_VERIFIED,/Users/rajeshpmu/Desktop/LegalMemoCMT/data/processed/phase2/clancy/turn_clips/video/DCBWoWhsTpA/DCBWoWhsTpA_turn06944.mp4,/Users/rajeshpmu/Desktop/LegalMemoCMT/data/processed/phase2/clancy/vit_facecrop_embeddings/DCBWoWhsTpA/DCBWoWhsTpA_turn06944.npy,created,sadness,0.507082,1.330877,"{""anger"": 0.211202, ""disgust"": 0.012601, ""fear"": 0.024205, ""joy"": 0.053435, ""neutral"": 0.181252, ""sadness"": 0.507082, ""surprise"": 0.010222}",/Users/rajeshpmu/Desktop/LegalMemoCMT/results/facial_cues/meld_vit_facecrop_gated_video_aux/fold_4/best_model.pt,phase1_meld_checkpoint_pseudo_label,"audio,text,video","audio,text,video","{""audio_dim"": 128, ""audio_model_name"": ""facebook/hubert-base-ls960"", ""dropout"": 0.1, ""encoder_mode"": ""paper"", ""freeze_audio_backbone"": false, ""freeze_text_backbone"": false, ""fusion_dim"": 256, ""fusion_mode"": ""gated"", ""fusion_pooling"": ""min"", ""max_audio_len"": 256, ""max_text_len"": 128, ""max_video_len"": 32, ""num_classes"": 7, ""num_heads"": 4, ""num_layers"": 2, ""text_dim"": 256, ""text_model_name"": ""bert-base-uncased"", ""use_video"": true, ""video_dim"": 768, ""vocab_size"": 30000}",/Users/rajeshpmu/Desktop/LegalMemoCMT/data/processed/phase2/clancy/turn_clips/audio/DCBWoWhsTpA/DCBWoWhsTpA_turn06944.wav,OK,,0.42762,0.345562,0.345562,0.429363,3loi/SER-Odyssey-Baseline-WavLM-Multi-Attributes,OK,neu,1.0,speechbrain/emotion-recognition-wav2vec2-IEMOCAP,OK,NO,UNCLEAR,no explicit emotion-target evidence,MEDIUM,LOW,MEDIUM,NEUTRAL_CANDIDATE,sadness,neutral,neutral,0.580000,neutral,0.580000,"audio and courtroom-affect evidence support neutral, but emotion target is unresolved",YES,CALM_COMPOSED,1,phase1_vs_comparable_audio_disagreement;low_or_moderate_audio_arousal;speechbrain_neutral
