turn_id,utterance_id,youtube_id,source_url,title,category,priority,subtitle_path,video_path,audio_path,split_group_id,split_strategy,split,emotion_label,emotion_label_source,emotion_label_confidence,review_flag,review_reason,usable_for_phase2,turn_text,utterance_text,turn_start_time,turn_end_time,turn_duration_seconds,duration_seconds,turn_boundary_type,turn_confidence,turn_marker_count,turn_piece_count,turn_piece_ids,turn_source_utterance_ids,turn_source_utterance_count,source_video_path,source_audio_path,clip_video_path,clip_audio_path,clip_start_seconds,clip_end_seconds,clip_duration_seconds,clip_status,start_time,end_time,source_offset_seconds,source_offset_status,speaker_cluster_id,speaker_cluster_overlap_seconds,speaker_cluster_source,speaker_role,speaker_role_source,speaker_role_confidence,witness_in_segment,witness_speaking_status,visual_target_role,visual_speaker_match,role_mapping_notes,corpus_exclusion_status,corpus_exclusion_reason,witness_only,witness_only_reason,training_use_categories,training_use_reason,speaker_visible_during_speech,face_visible_ratio,visual_verification_confidence,visual_verification_source,visual_verification_status,raw_video_path,video_features_path,video_features_status,phase1_basic_emotion,phase1_basic_emotion_confidence,phase1_basic_emotion_entropy,phase1_basic_emotion_probabilities,phase1_basic_emotion_checkpoint,phase1_basic_emotion_source,phase1_basic_emotion_modalities,phase1_basic_emotion_requested_modalities,phase1_basic_emotion_model_config,audio_ser_audio_path,audio_ser_status,audio_ser_error,audio_valence,audio_arousal,audio_excitement,audio_dominance,audio_affect_model,audio_ser_odyssey_status,audio_emotion_candidate,audio_emotion_confidence,audio_emotion_model,audio_ser_speechbrain_status,semantic_emotion_present,emotion_target_scope,emotion_target_scope_evidence,modality_disagreement_score,semantic_leakage_risk,annotation_priority,review_outcome,phase1_candidate_emotion,audio_candidate_emotion_mapped,proposed_basic_emotion,proposed_basic_emotion_confidence,machine_proposed_basic_emotion,machine_proposed_basic_emotion_confidence,machine_proposal_basis,human_review_required,proposed_courtroom_affect,proposed_affect_intensity,scope_algorithm_signals
DCBWoWhsTpA_turn05916,DCBWoWhsTpA_turn05916,DCBWoWhsTpA,https://www.youtube.com/live/DCBWoWhsTpA,LIVE: Lindsay Clancy trial Day 14,full_trial_stream,5,/Users/rajeshpmu/Desktop/LegalMemoCMT/data/phase2/clancy/corpus/raw/live-lindsay-clancy-trial-day-14/live-lindsay-clancy-trial-day-14_DCBWoWhsTpA.en.vtt,/Users/rajeshpmu/Desktop/LegalMemoCMT/data/processed/phase2/clancy/turn_clips/video/DCBWoWhsTpA/DCBWoWhsTpA_turn05916.mp4,/Users/rajeshpmu/Desktop/LegalMemoCMT/data/processed/phase2/clancy/turn_clips/audio/DCBWoWhsTpA/DCBWoWhsTpA_turn05916.wav,DCBWoWhsTpA,group_by_youtube_id,dev,neutral,text_keyword_heuristic,LOW,YES,comparable Phase 1 and audio categorical outputs agree or audio class is not comparable,YES,Yes. It's Ian Wiffin. I A N W H I F I N.,Yes. It's Ian Wiffin. I A N W H I F I N.,00:05:52.211,00:05:57.827,5.616,5.616,marker,MEDIUM,1,3,"DCBWoWhsTpA_utt00207#p02,DCBWoWhsTpA_utt00208#p01,DCBWoWhsTpA_utt00209#p01","DCBWoWhsTpA_utt00207,DCBWoWhsTpA_utt00208,DCBWoWhsTpA_utt00209",3,/Users/rajeshpmu/Desktop/LegalMemoCMT/data/phase2/clancy/corpus/raw/live-lindsay-clancy-trial-day-14/live-lindsay-clancy-trial-day-14_DCBWoWhsTpA.mp4,/Users/rajeshpmu/Desktop/LegalMemoCMT/data/phase2/clancy/corpus/raw/live-lindsay-clancy-trial-day-14/live-lindsay-clancy-trial-day-14_DCBWoWhsTpA.wav,/Users/rajeshpmu/Desktop/LegalMemoCMT/data/processed/phase2/clancy/turn_clips/video/DCBWoWhsTpA/DCBWoWhsTpA_turn05916.mp4,/Users/rajeshpmu/Desktop/LegalMemoCMT/data/processed/phase2/clancy/turn_clips/audio/DCBWoWhsTpA/DCBWoWhsTpA_turn05916.wav,352.211,357.827,5.616,created,00:05:52.211,00:05:57.827,0.0,default_zero,SPEAKER_18,4.271,pyannote/speaker-diarization-3.1,Witness,manual_verified_diarization,HIGH,YES,SPEAKING,Witness,YES,Witness 15 identified by manual audio/video review,INCLUDE,,YES,speaker_role=Witness,split_dev;usable,"usable because speaker_role=Witness, witness_speaking_status=SPEAKING, clip_status=created, duration=5.616s, and source is not excluded",YES,0.6,HIGH,manual_clip_review,HUMAN_VERIFIED,/Users/rajeshpmu/Desktop/LegalMemoCMT/data/processed/phase2/clancy/turn_clips/video/DCBWoWhsTpA/DCBWoWhsTpA_turn05916.mp4,/Users/rajeshpmu/Desktop/LegalMemoCMT/data/processed/phase2/clancy/vit_facecrop_embeddings/DCBWoWhsTpA/DCBWoWhsTpA_turn05916.npy,created,neutral,0.819121,0.725317,"{""anger"": 0.062375, ""disgust"": 0.006647, ""fear"": 0.00903, ""joy"": 0.035004, ""neutral"": 0.819121, ""sadness"": 0.06454, ""surprise"": 0.003282}",/Users/rajeshpmu/Desktop/LegalMemoCMT/results/facial_cues/meld_vit_facecrop_gated_video_aux/fold_4/best_model.pt,phase1_meld_checkpoint_pseudo_label,"audio,text,video","audio,text,video","{""audio_dim"": 128, ""audio_model_name"": ""facebook/hubert-base-ls960"", ""dropout"": 0.1, ""encoder_mode"": ""paper"", ""freeze_audio_backbone"": false, ""freeze_text_backbone"": false, ""fusion_dim"": 256, ""fusion_mode"": ""gated"", ""fusion_pooling"": ""min"", ""max_audio_len"": 256, ""max_text_len"": 128, ""max_video_len"": 32, ""num_classes"": 7, ""num_heads"": 4, ""num_layers"": 2, ""text_dim"": 256, ""text_model_name"": ""bert-base-uncased"", ""use_video"": true, ""video_dim"": 768, ""vocab_size"": 30000}",/Users/rajeshpmu/Desktop/LegalMemoCMT/data/processed/phase2/clancy/turn_clips/audio/DCBWoWhsTpA/DCBWoWhsTpA_turn05916.wav,OK,,0.553501,0.491066,0.491066,0.559281,3loi/SER-Odyssey-Baseline-WavLM-Multi-Attributes,OK,ang,1.0,speechbrain/emotion-recognition-wav2vec2-IEMOCAP,OK,NO,UNCLEAR,no explicit emotion-target evidence,HIGH,LOW,HIGH,KEEP_PHASE1_CANDIDATE,neutral,anger,neutral,0.819121,neutral,0.819121,comparable Phase 1 and audio categorical outputs agree or audio class is not comparable,YES,UNKNOWN,,phase1_vs_comparable_audio_disagreement
DCBWoWhsTpA_turn05921,DCBWoWhsTpA_turn05921,DCBWoWhsTpA,https://www.youtube.com/live/DCBWoWhsTpA,LIVE: Lindsay Clancy trial Day 14,full_trial_stream,5,/Users/rajeshpmu/Desktop/LegalMemoCMT/data/phase2/clancy/corpus/raw/live-lindsay-clancy-trial-day-14/live-lindsay-clancy-trial-day-14_DCBWoWhsTpA.en.vtt,/Users/rajeshpmu/Desktop/LegalMemoCMT/data/processed/phase2/clancy/turn_clips/video/DCBWoWhsTpA/DCBWoWhsTpA_turn05921.mp4,/Users/rajeshpmu/Desktop/LegalMemoCMT/data/processed/phase2/clancy/turn_clips/audio/DCBWoWhsTpA/DCBWoWhsTpA_turn05921.wav,DCBWoWhsTpA,group_by_youtube_id,dev,neutral,text_keyword_heuristic,LOW,YES,comparable Phase 1 and audio categorical outputs agree or audio class is not comparable,YES,And how long have you worked there?,And how long have you worked there?,00:06:07.002,00:06:10.233,3.231,3.231,marker,MEDIUM,1,3,"DCBWoWhsTpA_utt00221#p02,DCBWoWhsTpA_utt00222#p01,DCBWoWhsTpA_utt00223#p01","DCBWoWhsTpA_utt00221,DCBWoWhsTpA_utt00222,DCBWoWhsTpA_utt00223",3,/Users/rajeshpmu/Desktop/LegalMemoCMT/data/phase2/clancy/corpus/raw/live-lindsay-clancy-trial-day-14/live-lindsay-clancy-trial-day-14_DCBWoWhsTpA.mp4,/Users/rajeshpmu/Desktop/LegalMemoCMT/data/phase2/clancy/corpus/raw/live-lindsay-clancy-trial-day-14/live-lindsay-clancy-trial-day-14_DCBWoWhsTpA.wav,/Users/rajeshpmu/Desktop/LegalMemoCMT/data/processed/phase2/clancy/turn_clips/video/DCBWoWhsTpA/DCBWoWhsTpA_turn05921.mp4,/Users/rajeshpmu/Desktop/LegalMemoCMT/data/processed/phase2/clancy/turn_clips/audio/DCBWoWhsTpA/DCBWoWhsTpA_turn05921.wav,367.002,370.233,3.231,created,00:06:07.002,00:06:10.233,0.0,default_zero,SPEAKER_18,1.232,pyannote/speaker-diarization-3.1,Witness,manual_verified_diarization,HIGH,YES,SPEAKING,Witness,YES,Witness 15 identified by manual audio/video review,INCLUDE,,YES,speaker_role=Witness,split_dev;usable,"usable because speaker_role=Witness, witness_speaking_status=SPEAKING, clip_status=created, duration=3.231s, and source is not excluded",YES,0.6,HIGH,manual_clip_review,HUMAN_VERIFIED,/Users/rajeshpmu/Desktop/LegalMemoCMT/data/processed/phase2/clancy/turn_clips/video/DCBWoWhsTpA/DCBWoWhsTpA_turn05921.mp4,/Users/rajeshpmu/Desktop/LegalMemoCMT/data/processed/phase2/clancy/vit_facecrop_embeddings/DCBWoWhsTpA/DCBWoWhsTpA_turn05921.npy,created,neutral,0.857923,0.535958,"{""anger"": 0.010088, ""disgust"": 0.108682, ""fear"": 0.007963, ""joy"": 0.009372, ""neutral"": 0.857923, ""sadness"": 0.003397, ""surprise"": 0.002575}",/Users/rajeshpmu/Desktop/LegalMemoCMT/results/facial_cues/meld_vit_facecrop_gated_video_aux/fold_4/best_model.pt,phase1_meld_checkpoint_pseudo_label,"audio,text,video","audio,text,video","{""audio_dim"": 128, ""audio_model_name"": ""facebook/hubert-base-ls960"", ""dropout"": 0.1, ""encoder_mode"": ""paper"", ""freeze_audio_backbone"": false, ""freeze_text_backbone"": false, ""fusion_dim"": 256, ""fusion_mode"": ""gated"", ""fusion_pooling"": ""min"", ""max_audio_len"": 256, ""max_text_len"": 128, ""max_video_len"": 32, ""num_classes"": 7, ""num_heads"": 4, ""num_layers"": 2, ""text_dim"": 256, ""text_model_name"": ""bert-base-uncased"", ""use_video"": true, ""video_dim"": 768, ""vocab_size"": 30000}",/Users/rajeshpmu/Desktop/LegalMemoCMT/data/processed/phase2/clancy/turn_clips/audio/DCBWoWhsTpA/DCBWoWhsTpA_turn05921.wav,OK,,0.571014,0.502234,0.502234,0.56052,3loi/SER-Odyssey-Baseline-WavLM-Multi-Attributes,OK,ang,0.999746,speechbrain/emotion-recognition-wav2vec2-IEMOCAP,OK,NO,UNCLEAR,no explicit emotion-target evidence,HIGH,LOW,HIGH,KEEP_PHASE1_CANDIDATE,neutral,anger,neutral,0.857923,neutral,0.857923,comparable Phase 1 and audio categorical outputs agree or audio class is not comparable,YES,UNKNOWN,,phase1_vs_comparable_audio_disagreement
DCBWoWhsTpA_turn05925,DCBWoWhsTpA_turn05925,DCBWoWhsTpA,https://www.youtube.com/live/DCBWoWhsTpA,LIVE: Lindsay Clancy trial Day 14,full_trial_stream,5,/Users/rajeshpmu/Desktop/LegalMemoCMT/data/phase2/clancy/corpus/raw/live-lindsay-clancy-trial-day-14/live-lindsay-clancy-trial-day-14_DCBWoWhsTpA.en.vtt,/Users/rajeshpmu/Desktop/LegalMemoCMT/data/processed/phase2/clancy/turn_clips/video/DCBWoWhsTpA/DCBWoWhsTpA_turn05925.mp4,/Users/rajeshpmu/Desktop/LegalMemoCMT/data/processed/phase2/clancy/turn_clips/audio/DCBWoWhsTpA/DCBWoWhsTpA_turn05925.wav,DCBWoWhsTpA,group_by_youtube_id,dev,neutral,text_keyword_heuristic,LOW,YES,comparable Phase 1 and audio categorical outputs agree or audio class is not comparable,YES,I work with customers uh helping users of our tools uh to understand the digital evidence that they're finding and presenting.,I work with customers uh helping users of our tools uh to understand the digital evidence that they're finding and presenting.,00:06:18.616,00:06:26.556,7.94,7.94,marker,MEDIUM,1,9,"DCBWoWhsTpA_utt00233#p02,DCBWoWhsTpA_utt00234#p01,DCBWoWhsTpA_utt00235#p01,DCBWoWhsTpA_utt00236#p01,DCBWoWhsTpA_utt00237#p01,DCBWoWhsTpA_utt00238#p01,DCBWoWhsTpA_utt00239#p01,DCBWoWhsTpA_utt00240#p01,DCBWoWhsTpA_utt00241#p01","DCBWoWhsTpA_utt00233,DCBWoWhsTpA_utt00234,DCBWoWhsTpA_utt00235,DCBWoWhsTpA_utt00236,DCBWoWhsTpA_utt00237,DCBWoWhsTpA_utt00238,DCBWoWhsTpA_utt00239,DCBWoWhsTpA_utt00240,DCBWoWhsTpA_utt00241",9,/Users/rajeshpmu/Desktop/LegalMemoCMT/data/phase2/clancy/corpus/raw/live-lindsay-clancy-trial-day-14/live-lindsay-clancy-trial-day-14_DCBWoWhsTpA.mp4,/Users/rajeshpmu/Desktop/LegalMemoCMT/data/phase2/clancy/corpus/raw/live-lindsay-clancy-trial-day-14/live-lindsay-clancy-trial-day-14_DCBWoWhsTpA.wav,/Users/rajeshpmu/Desktop/LegalMemoCMT/data/processed/phase2/clancy/turn_clips/video/DCBWoWhsTpA/DCBWoWhsTpA_turn05925.mp4,/Users/rajeshpmu/Desktop/LegalMemoCMT/data/processed/phase2/clancy/turn_clips/audio/DCBWoWhsTpA/DCBWoWhsTpA_turn05925.wav,378.616,386.556,7.94,created,00:06:18.616,00:06:26.556,0.0,default_zero,SPEAKER_18,6.671,pyannote/speaker-diarization-3.1,Witness,manual_verified_diarization,HIGH,YES,SPEAKING,Witness,YES,Witness 15 identified by manual audio/video review,INCLUDE,,YES,speaker_role=Witness,split_dev;usable,"usable because speaker_role=Witness, witness_speaking_status=SPEAKING, clip_status=created, duration=7.940s, and source is not excluded",YES,0.6,HIGH,manual_clip_review,HUMAN_VERIFIED,/Users/rajeshpmu/Desktop/LegalMemoCMT/data/processed/phase2/clancy/turn_clips/video/DCBWoWhsTpA/DCBWoWhsTpA_turn05925.mp4,/Users/rajeshpmu/Desktop/LegalMemoCMT/data/processed/phase2/clancy/vit_facecrop_embeddings/DCBWoWhsTpA/DCBWoWhsTpA_turn05925.npy,created,neutral,0.823858,0.652584,"{""anger"": 0.114923, ""disgust"": 0.001953, ""fear"": 0.004722, ""joy"": 0.034374, ""neutral"": 0.823858, ""sadness"": 0.014193, ""surprise"": 0.005977}",/Users/rajeshpmu/Desktop/LegalMemoCMT/results/facial_cues/meld_vit_facecrop_gated_video_aux/fold_4/best_model.pt,phase1_meld_checkpoint_pseudo_label,"audio,text,video","audio,text,video","{""audio_dim"": 128, ""audio_model_name"": ""facebook/hubert-base-ls960"", ""dropout"": 0.1, ""encoder_mode"": ""paper"", ""freeze_audio_backbone"": false, ""freeze_text_backbone"": false, ""fusion_dim"": 256, ""fusion_mode"": ""gated"", ""fusion_pooling"": ""min"", ""max_audio_len"": 256, ""max_text_len"": 128, ""max_video_len"": 32, ""num_classes"": 7, ""num_heads"": 4, ""num_layers"": 2, ""text_dim"": 256, ""text_model_name"": ""bert-base-uncased"", ""use_video"": true, ""video_dim"": 768, ""vocab_size"": 30000}",/Users/rajeshpmu/Desktop/LegalMemoCMT/data/processed/phase2/clancy/turn_clips/audio/DCBWoWhsTpA/DCBWoWhsTpA_turn05925.wav,OK,,0.585728,0.429716,0.429716,0.530346,3loi/SER-Odyssey-Baseline-WavLM-Multi-Attributes,OK,ang,0.999999,speechbrain/emotion-recognition-wav2vec2-IEMOCAP,OK,NO,UNCLEAR,no explicit emotion-target evidence,HIGH,LOW,HIGH,KEEP_PHASE1_CANDIDATE,neutral,anger,neutral,0.823858,neutral,0.823858,comparable Phase 1 and audio categorical outputs agree or audio class is not comparable,YES,UNKNOWN,,phase1_vs_comparable_audio_disagreement;low_or_moderate_audio_arousal
DCBWoWhsTpA_turn05981,DCBWoWhsTpA_turn05981,DCBWoWhsTpA,https://www.youtube.com/live/DCBWoWhsTpA,LIVE: Lindsay Clancy trial Day 14,full_trial_stream,5,/Users/rajeshpmu/Desktop/LegalMemoCMT/data/phase2/clancy/corpus/raw/live-lindsay-clancy-trial-day-14/live-lindsay-clancy-trial-day-14_DCBWoWhsTpA.en.vtt,/Users/rajeshpmu/Desktop/LegalMemoCMT/data/processed/phase2/clancy/turn_clips/video/DCBWoWhsTpA/DCBWoWhsTpA_turn05981.mp4,/Users/rajeshpmu/Desktop/LegalMemoCMT/data/processed/phase2/clancy/turn_clips/audio/DCBWoWhsTpA/DCBWoWhsTpA_turn05981.wav,DCBWoWhsTpA,group_by_youtube_id,dev,neutral,text_keyword_heuristic,LOW,YES,comparable Phase 1 and audio categorical outputs agree or audio class is not comparable,YES,And what what is it? Is it GPS or something that's keeping track of your altitude? Uh the altitude is being monitored by a barometer or an altimeter which is inside the device just measuring for differences in air pressure.,And what what is it? Is it GPS or something that's keeping track of your altitude? Uh the altitude is being monitored by a barometer or an altimeter which is inside the device just measuring for differences in air pressure.,00:19:22.864,00:19:35.816,12.952,12.952,marker,MEDIUM,1,15,"DCBWoWhsTpA_utt00871#p02,DCBWoWhsTpA_utt00872#p01,DCBWoWhsTpA_utt00873#p01,DCBWoWhsTpA_utt00874#p01,DCBWoWhsTpA_utt00875#p01,DCBWoWhsTpA_utt00876#p01,DCBWoWhsTpA_utt00877#p01,DCBWoWhsTpA_utt00878#p01,DCBWoWhsTpA_utt00879#p01,DCBWoWhsTpA_utt00880#p01,DCBWoWhsTpA_utt00881#p01,DCBWoWhsTpA_utt00882#p01,DCBWoWhsTpA_utt00883#p01,DCBWoWhsTpA_utt00884#p01,DCBWoWhsTpA_utt00885#p01","DCBWoWhsTpA_utt00871,DCBWoWhsTpA_utt00872,DCBWoWhsTpA_utt00873,DCBWoWhsTpA_utt00874,DCBWoWhsTpA_utt00875,DCBWoWhsTpA_utt00876,DCBWoWhsTpA_utt00877,DCBWoWhsTpA_utt00878,DCBWoWhsTpA_utt00879,DCBWoWhsTpA_utt00880,DCBWoWhsTpA_utt00881,DCBWoWhsTpA_utt00882,DCBWoWhsTpA_utt00883,DCBWoWhsTpA_utt00884,DCBWoWhsTpA_utt00885",15,/Users/rajeshpmu/Desktop/LegalMemoCMT/data/phase2/clancy/corpus/raw/live-lindsay-clancy-trial-day-14/live-lindsay-clancy-trial-day-14_DCBWoWhsTpA.mp4,/Users/rajeshpmu/Desktop/LegalMemoCMT/data/phase2/clancy/corpus/raw/live-lindsay-clancy-trial-day-14/live-lindsay-clancy-trial-day-14_DCBWoWhsTpA.wav,/Users/rajeshpmu/Desktop/LegalMemoCMT/data/processed/phase2/clancy/turn_clips/video/DCBWoWhsTpA/DCBWoWhsTpA_turn05981.mp4,/Users/rajeshpmu/Desktop/LegalMemoCMT/data/processed/phase2/clancy/turn_clips/audio/DCBWoWhsTpA/DCBWoWhsTpA_turn05981.wav,1162.864,1175.816,12.952,created,00:19:22.864,00:19:35.816,0.0,default_zero,SPEAKER_18,7.155,pyannote/speaker-diarization-3.1,Witness,manual_verified_diarization,HIGH,YES,SPEAKING,Witness,YES,Witness 15 identified by manual audio/video review,INCLUDE,,YES,speaker_role=Witness,split_dev;usable,"usable because speaker_role=Witness, witness_speaking_status=SPEAKING, clip_status=created, duration=12.952s, and source is not excluded",YES,0.6,HIGH,manual_clip_review,HUMAN_VERIFIED,/Users/rajeshpmu/Desktop/LegalMemoCMT/data/processed/phase2/clancy/turn_clips/video/DCBWoWhsTpA/DCBWoWhsTpA_turn05981.mp4,/Users/rajeshpmu/Desktop/LegalMemoCMT/data/processed/phase2/clancy/vit_facecrop_embeddings/DCBWoWhsTpA/DCBWoWhsTpA_turn05981.npy,created,neutral,0.789163,0.867281,"{""anger"": 0.038299, ""disgust"": 0.047015, ""fear"": 0.010293, ""joy"": 0.052446, ""neutral"": 0.789163, ""sadness"": 0.046212, ""surprise"": 0.016572}",/Users/rajeshpmu/Desktop/LegalMemoCMT/results/facial_cues/meld_vit_facecrop_gated_video_aux/fold_4/best_model.pt,phase1_meld_checkpoint_pseudo_label,"audio,text,video","audio,text,video","{""audio_dim"": 128, ""audio_model_name"": ""facebook/hubert-base-ls960"", ""dropout"": 0.1, ""encoder_mode"": ""paper"", ""freeze_audio_backbone"": false, ""freeze_text_backbone"": false, ""fusion_dim"": 256, ""fusion_mode"": ""gated"", ""fusion_pooling"": ""min"", ""max_audio_len"": 256, ""max_text_len"": 128, ""max_video_len"": 32, ""num_classes"": 7, ""num_heads"": 4, ""num_layers"": 2, ""text_dim"": 256, ""text_model_name"": ""bert-base-uncased"", ""use_video"": true, ""video_dim"": 768, ""vocab_size"": 30000}",/Users/rajeshpmu/Desktop/LegalMemoCMT/data/processed/phase2/clancy/turn_clips/audio/DCBWoWhsTpA/DCBWoWhsTpA_turn05981.wav,OK,,0.517243,0.448192,0.448192,0.505723,3loi/SER-Odyssey-Baseline-WavLM-Multi-Attributes,OK,ang,0.999999,speechbrain/emotion-recognition-wav2vec2-IEMOCAP,OK,NO,UNCLEAR,no explicit emotion-target evidence,HIGH,LOW,HIGH,KEEP_PHASE1_CANDIDATE,neutral,anger,neutral,0.789163,neutral,0.789163,comparable Phase 1 and audio categorical outputs agree or audio class is not comparable,YES,UNKNOWN,,phase1_vs_comparable_audio_disagreement;low_or_moderate_audio_arousal
DCBWoWhsTpA_turn06057,DCBWoWhsTpA_turn06057,DCBWoWhsTpA,https://www.youtube.com/live/DCBWoWhsTpA,LIVE: Lindsay Clancy trial Day 14,full_trial_stream,5,/Users/rajeshpmu/Desktop/LegalMemoCMT/data/phase2/clancy/corpus/raw/live-lindsay-clancy-trial-day-14/live-lindsay-clancy-trial-day-14_DCBWoWhsTpA.en.vtt,/Users/rajeshpmu/Desktop/LegalMemoCMT/data/processed/phase2/clancy/turn_clips/video/DCBWoWhsTpA/DCBWoWhsTpA_turn06057.mp4,/Users/rajeshpmu/Desktop/LegalMemoCMT/data/processed/phase2/clancy/turn_clips/audio/DCBWoWhsTpA/DCBWoWhsTpA_turn06057.wav,DCBWoWhsTpA,group_by_youtube_id,dev,neutral,text_keyword_heuristic,LOW,YES,"audio and courtroom-affect evidence support neutral, but emotion target is unresolved",YES,"That's meant to be 2023. Yes, I apologize.","That's meant to be 2023. Yes, I apologize.",00:38:15.555,00:38:17.231,1.676,1.676,marker,MEDIUM,1,5,"DCBWoWhsTpA_utt01649#p02,DCBWoWhsTpA_utt01650#p01,DCBWoWhsTpA_utt01651#p01,DCBWoWhsTpA_utt01652#p01,DCBWoWhsTpA_utt01653#p01","DCBWoWhsTpA_utt01649,DCBWoWhsTpA_utt01650,DCBWoWhsTpA_utt01651,DCBWoWhsTpA_utt01652,DCBWoWhsTpA_utt01653",5,/Users/rajeshpmu/Desktop/LegalMemoCMT/data/phase2/clancy/corpus/raw/live-lindsay-clancy-trial-day-14/live-lindsay-clancy-trial-day-14_DCBWoWhsTpA.mp4,/Users/rajeshpmu/Desktop/LegalMemoCMT/data/phase2/clancy/corpus/raw/live-lindsay-clancy-trial-day-14/live-lindsay-clancy-trial-day-14_DCBWoWhsTpA.wav,/Users/rajeshpmu/Desktop/LegalMemoCMT/data/processed/phase2/clancy/turn_clips/video/DCBWoWhsTpA/DCBWoWhsTpA_turn06057.mp4,/Users/rajeshpmu/Desktop/LegalMemoCMT/data/processed/phase2/clancy/turn_clips/audio/DCBWoWhsTpA/DCBWoWhsTpA_turn06057.wav,2295.555,2297.231,1.676,created,00:38:15.555,00:38:17.231,0.0,default_zero,SPEAKER_18,1.163,pyannote/speaker-diarization-3.1,Witness,manual_verified_diarization,HIGH,YES,SPEAKING,Witness,YES,Witness 15 identified by manual audio/video review,INCLUDE,,YES,speaker_role=Witness,split_dev;usable,"usable because speaker_role=Witness, witness_speaking_status=SPEAKING, clip_status=created, duration=1.676s, and source is not excluded",YES,0.6,HIGH,manual_clip_review,HUMAN_VERIFIED,/Users/rajeshpmu/Desktop/LegalMemoCMT/data/processed/phase2/clancy/turn_clips/video/DCBWoWhsTpA/DCBWoWhsTpA_turn06057.mp4,/Users/rajeshpmu/Desktop/LegalMemoCMT/data/processed/phase2/clancy/vit_facecrop_embeddings/DCBWoWhsTpA/DCBWoWhsTpA_turn06057.npy,created,fear,0.897316,0.433475,"{""anger"": 0.008479, ""disgust"": 0.000693, ""fear"": 0.897316, ""joy"": 0.005062, ""neutral"": 0.07394, ""sadness"": 0.00668, ""surprise"": 0.007829}",/Users/rajeshpmu/Desktop/LegalMemoCMT/results/facial_cues/meld_vit_facecrop_gated_video_aux/fold_4/best_model.pt,phase1_meld_checkpoint_pseudo_label,"audio,text,video","audio,text,video","{""audio_dim"": 128, ""audio_model_name"": ""facebook/hubert-base-ls960"", ""dropout"": 0.1, ""encoder_mode"": ""paper"", ""freeze_audio_backbone"": false, ""freeze_text_backbone"": false, ""fusion_dim"": 256, ""fusion_mode"": ""gated"", ""fusion_pooling"": ""min"", ""max_audio_len"": 256, ""max_text_len"": 128, ""max_video_len"": 32, ""num_classes"": 7, ""num_heads"": 4, ""num_layers"": 2, ""text_dim"": 256, ""text_model_name"": ""bert-base-uncased"", ""use_video"": true, ""video_dim"": 768, ""vocab_size"": 30000}",/Users/rajeshpmu/Desktop/LegalMemoCMT/data/processed/phase2/clancy/turn_clips/audio/DCBWoWhsTpA/DCBWoWhsTpA_turn06057.wav,OK,,0.400974,0.284844,0.284844,0.343159,3loi/SER-Odyssey-Baseline-WavLM-Multi-Attributes,OK,neu,1.0,speechbrain/emotion-recognition-wav2vec2-IEMOCAP,OK,NO,UNCLEAR,no explicit emotion-target evidence,HIGH,LOW,HIGH,NEUTRAL_CANDIDATE,fear,neutral,neutral,0.580000,neutral,0.580000,"audio and courtroom-affect evidence support neutral, but emotion target is unresolved",YES,CALM_COMPOSED,1,phase1_vs_comparable_audio_disagreement;low_or_moderate_audio_arousal;speechbrain_neutral
DCBWoWhsTpA_turn06072,DCBWoWhsTpA_turn06072,DCBWoWhsTpA,https://www.youtube.com/live/DCBWoWhsTpA,LIVE: Lindsay Clancy trial Day 14,full_trial_stream,5,/Users/rajeshpmu/Desktop/LegalMemoCMT/data/phase2/clancy/corpus/raw/live-lindsay-clancy-trial-day-14/live-lindsay-clancy-trial-day-14_DCBWoWhsTpA.en.vtt,/Users/rajeshpmu/Desktop/LegalMemoCMT/data/processed/phase2/clancy/turn_clips/video/DCBWoWhsTpA/DCBWoWhsTpA_turn06072.mp4,/Users/rajeshpmu/Desktop/LegalMemoCMT/data/processed/phase2/clancy/turn_clips/audio/DCBWoWhsTpA/DCBWoWhsTpA_turn06072.wav,DCBWoWhsTpA,group_by_youtube_id,dev,neutral,text_keyword_heuristic,LOW,YES,comparable Phase 1 and audio categorical outputs agree or audio class is not comparable,YES,What is metadata?,What is metadata?,00:40:03.678,00:40:05.703,2.025,2.025,marker,MEDIUM,1,3,"DCBWoWhsTpA_utt01743#p02,DCBWoWhsTpA_utt01744#p01,DCBWoWhsTpA_utt01745#p01","DCBWoWhsTpA_utt01743,DCBWoWhsTpA_utt01744,DCBWoWhsTpA_utt01745",3,/Users/rajeshpmu/Desktop/LegalMemoCMT/data/phase2/clancy/corpus/raw/live-lindsay-clancy-trial-day-14/live-lindsay-clancy-trial-day-14_DCBWoWhsTpA.mp4,/Users/rajeshpmu/Desktop/LegalMemoCMT/data/phase2/clancy/corpus/raw/live-lindsay-clancy-trial-day-14/live-lindsay-clancy-trial-day-14_DCBWoWhsTpA.wav,/Users/rajeshpmu/Desktop/LegalMemoCMT/data/processed/phase2/clancy/turn_clips/video/DCBWoWhsTpA/DCBWoWhsTpA_turn06072.mp4,/Users/rajeshpmu/Desktop/LegalMemoCMT/data/processed/phase2/clancy/turn_clips/audio/DCBWoWhsTpA/DCBWoWhsTpA_turn06072.wav,2403.678,2405.703,2.025,created,00:40:03.678,00:40:05.703,0.0,default_zero,SPEAKER_18,0.833,pyannote/speaker-diarization-3.1,Witness,manual_verified_diarization,HIGH,YES,SPEAKING,Witness,YES,Witness 15 identified by manual audio/video review,INCLUDE,,YES,speaker_role=Witness,split_dev;usable,"usable because speaker_role=Witness, witness_speaking_status=SPEAKING, clip_status=created, duration=2.025s, and source is not excluded",YES,0.6,HIGH,manual_clip_review,HUMAN_VERIFIED,/Users/rajeshpmu/Desktop/LegalMemoCMT/data/processed/phase2/clancy/turn_clips/video/DCBWoWhsTpA/DCBWoWhsTpA_turn06072.mp4,/Users/rajeshpmu/Desktop/LegalMemoCMT/data/processed/phase2/clancy/vit_facecrop_embeddings/DCBWoWhsTpA/DCBWoWhsTpA_turn06072.npy,created,neutral,0.784616,0.734065,"{""anger"": 0.016755, ""disgust"": 0.155254, ""fear"": 0.008718, ""joy"": 0.024351, ""neutral"": 0.784616, ""sadness"": 0.004592, ""surprise"": 0.005714}",/Users/rajeshpmu/Desktop/LegalMemoCMT/results/facial_cues/meld_vit_facecrop_gated_video_aux/fold_4/best_model.pt,phase1_meld_checkpoint_pseudo_label,"audio,text,video","audio,text,video","{""audio_dim"": 128, ""audio_model_name"": ""facebook/hubert-base-ls960"", ""dropout"": 0.1, ""encoder_mode"": ""paper"", ""freeze_audio_backbone"": false, ""freeze_text_backbone"": false, ""fusion_dim"": 256, ""fusion_mode"": ""gated"", ""fusion_pooling"": ""min"", ""max_audio_len"": 256, ""max_text_len"": 128, ""max_video_len"": 32, ""num_classes"": 7, ""num_heads"": 4, ""num_layers"": 2, ""text_dim"": 256, ""text_model_name"": ""bert-base-uncased"", ""use_video"": true, ""video_dim"": 768, ""vocab_size"": 30000}",/Users/rajeshpmu/Desktop/LegalMemoCMT/data/processed/phase2/clancy/turn_clips/audio/DCBWoWhsTpA/DCBWoWhsTpA_turn06072.wav,OK,,0.524272,0.467337,0.467337,0.473451,3loi/SER-Odyssey-Baseline-WavLM-Multi-Attributes,OK,ang,1.0,speechbrain/emotion-recognition-wav2vec2-IEMOCAP,OK,NO,UNCLEAR,no explicit emotion-target evidence,HIGH,LOW,HIGH,KEEP_PHASE1_CANDIDATE,neutral,anger,neutral,0.784616,neutral,0.784616,comparable Phase 1 and audio categorical outputs agree or audio class is not comparable,YES,UNKNOWN,,phase1_vs_comparable_audio_disagreement
DCBWoWhsTpA_turn06115,DCBWoWhsTpA_turn06115,DCBWoWhsTpA,https://www.youtube.com/live/DCBWoWhsTpA,LIVE: Lindsay Clancy trial Day 14,full_trial_stream,5,/Users/rajeshpmu/Desktop/LegalMemoCMT/data/phase2/clancy/corpus/raw/live-lindsay-clancy-trial-day-14/live-lindsay-clancy-trial-day-14_DCBWoWhsTpA.en.vtt,/Users/rajeshpmu/Desktop/LegalMemoCMT/data/processed/phase2/clancy/turn_clips/video/DCBWoWhsTpA/DCBWoWhsTpA_turn06115.mp4,/Users/rajeshpmu/Desktop/LegalMemoCMT/data/processed/phase2/clancy/turn_clips/audio/DCBWoWhsTpA/DCBWoWhsTpA_turn06115.wav,DCBWoWhsTpA,group_by_youtube_id,dev,neutral,text_keyword_heuristic,LOW,YES,comparable Phase 1 and audio categorical outputs agree or audio class is not comparable,YES,Correct. So two flight climbs occurred during that time period.,Correct. So two flight climbs occurred during that time period.,00:48:20.428,00:48:23.843,3.415,3.415,marker,MEDIUM,1,5,"DCBWoWhsTpA_utt02105#p02,DCBWoWhsTpA_utt02106#p01,DCBWoWhsTpA_utt02107#p01,DCBWoWhsTpA_utt02108#p01,DCBWoWhsTpA_utt02109#p01","DCBWoWhsTpA_utt02105,DCBWoWhsTpA_utt02106,DCBWoWhsTpA_utt02107,DCBWoWhsTpA_utt02108,DCBWoWhsTpA_utt02109",5,/Users/rajeshpmu/Desktop/LegalMemoCMT/data/phase2/clancy/corpus/raw/live-lindsay-clancy-trial-day-14/live-lindsay-clancy-trial-day-14_DCBWoWhsTpA.mp4,/Users/rajeshpmu/Desktop/LegalMemoCMT/data/phase2/clancy/corpus/raw/live-lindsay-clancy-trial-day-14/live-lindsay-clancy-trial-day-14_DCBWoWhsTpA.wav,/Users/rajeshpmu/Desktop/LegalMemoCMT/data/processed/phase2/clancy/turn_clips/video/DCBWoWhsTpA/DCBWoWhsTpA_turn06115.mp4,/Users/rajeshpmu/Desktop/LegalMemoCMT/data/processed/phase2/clancy/turn_clips/audio/DCBWoWhsTpA/DCBWoWhsTpA_turn06115.wav,2900.428,2903.843,3.415,created,00:48:20.428,00:48:23.843,0.0,default_zero,SPEAKER_18,2.17,pyannote/speaker-diarization-3.1,Witness,manual_verified_diarization,HIGH,YES,SPEAKING,Witness,YES,Witness 15 identified by manual audio/video review,INCLUDE,,YES,speaker_role=Witness,split_dev;usable,"usable because speaker_role=Witness, witness_speaking_status=SPEAKING, clip_status=created, duration=3.415s, and source is not excluded",YES,0.6,HIGH,manual_clip_review,HUMAN_VERIFIED,/Users/rajeshpmu/Desktop/LegalMemoCMT/data/processed/phase2/clancy/turn_clips/video/DCBWoWhsTpA/DCBWoWhsTpA_turn06115.mp4,/Users/rajeshpmu/Desktop/LegalMemoCMT/data/processed/phase2/clancy/vit_facecrop_embeddings/DCBWoWhsTpA/DCBWoWhsTpA_turn06115.npy,created,neutral,0.87119,0.568639,"{""anger"": 0.028739, ""disgust"": 0.056885, ""fear"": 0.00755, ""joy"": 0.025765, ""neutral"": 0.87119, ""sadness"": 0.005836, ""surprise"": 0.004035}",/Users/rajeshpmu/Desktop/LegalMemoCMT/results/facial_cues/meld_vit_facecrop_gated_video_aux/fold_4/best_model.pt,phase1_meld_checkpoint_pseudo_label,"audio,text,video","audio,text,video","{""audio_dim"": 128, ""audio_model_name"": ""facebook/hubert-base-ls960"", ""dropout"": 0.1, ""encoder_mode"": ""paper"", ""freeze_audio_backbone"": false, ""freeze_text_backbone"": false, ""fusion_dim"": 256, ""fusion_mode"": ""gated"", ""fusion_pooling"": ""min"", ""max_audio_len"": 256, ""max_text_len"": 128, ""max_video_len"": 32, ""num_classes"": 7, ""num_heads"": 4, ""num_layers"": 2, ""text_dim"": 256, ""text_model_name"": ""bert-base-uncased"", ""use_video"": true, ""video_dim"": 768, ""vocab_size"": 30000}",/Users/rajeshpmu/Desktop/LegalMemoCMT/data/processed/phase2/clancy/turn_clips/audio/DCBWoWhsTpA/DCBWoWhsTpA_turn06115.wav,OK,,0.415428,0.326056,0.326056,0.414362,3loi/SER-Odyssey-Baseline-WavLM-Multi-Attributes,OK,ang,0.999841,speechbrain/emotion-recognition-wav2vec2-IEMOCAP,OK,NO,UNCLEAR,no explicit emotion-target evidence,HIGH,LOW,HIGH,KEEP_PHASE1_CANDIDATE,neutral,anger,neutral,0.871190,neutral,0.871190,comparable Phase 1 and audio categorical outputs agree or audio class is not comparable,YES,UNKNOWN,,phase1_vs_comparable_audio_disagreement;low_or_moderate_audio_arousal
DCBWoWhsTpA_turn06246,DCBWoWhsTpA_turn06246,DCBWoWhsTpA,https://www.youtube.com/live/DCBWoWhsTpA,LIVE: Lindsay Clancy trial Day 14,full_trial_stream,5,/Users/rajeshpmu/Desktop/LegalMemoCMT/data/phase2/clancy/corpus/raw/live-lindsay-clancy-trial-day-14/live-lindsay-clancy-trial-day-14_DCBWoWhsTpA.en.vtt,/Users/rajeshpmu/Desktop/LegalMemoCMT/data/processed/phase2/clancy/turn_clips/video/DCBWoWhsTpA/DCBWoWhsTpA_turn06246.mp4,/Users/rajeshpmu/Desktop/LegalMemoCMT/data/processed/phase2/clancy/turn_clips/audio/DCBWoWhsTpA/DCBWoWhsTpA_turn06246.wav,DCBWoWhsTpA,group_by_youtube_id,dev,neutral,text_keyword_heuristic,LOW,YES,comparable Phase 1 and audio categorical outputs agree or audio class is not comparable,YES,"So, what was modified in this, if you know, because council asked you if there was modifications and things of that nature, and I'm just asking if you know, what was modified in it? um exactly at the moment I don't have all of that in front of me. It's possible to see snippets uh going back over time. Uh I do recall","So, what was modified in this, if you know, because council asked you if there was modifications and things of that nature, and I'm just asking if you know, what was modified in it? um exactly at the moment I don't have all of that in front of me. It's possible to see snippets uh going back over time. Uh I do recall",01:05:24.673,01:05:46.403,21.73,21.73,marker,MEDIUM,1,20,"DCBWoWhsTpA_utt02881#p02,DCBWoWhsTpA_utt02882#p01,DCBWoWhsTpA_utt02883#p01,DCBWoWhsTpA_utt02883#p02,DCBWoWhsTpA_utt02884#p01,DCBWoWhsTpA_utt02885#p01,DCBWoWhsTpA_utt02886#p01,DCBWoWhsTpA_utt02887#p01,DCBWoWhsTpA_utt02888#p01,DCBWoWhsTpA_utt02889#p01,DCBWoWhsTpA_utt02890#p01,DCBWoWhsTpA_utt02891#p01,DCBWoWhsTpA_utt02892#p01,DCBWoWhsTpA_utt02893#p01,DCBWoWhsTpA_utt02894#p01,DCBWoWhsTpA_utt02895#p01,DCBWoWhsTpA_utt02896#p01,DCBWoWhsTpA_utt02897#p01,DCBWoWhsTpA_utt02898#p01,DCBWoWhsTpA_utt02899#p01","DCBWoWhsTpA_utt02881,DCBWoWhsTpA_utt02882,DCBWoWhsTpA_utt02883,DCBWoWhsTpA_utt02884,DCBWoWhsTpA_utt02885,DCBWoWhsTpA_utt02886,DCBWoWhsTpA_utt02887,DCBWoWhsTpA_utt02888,DCBWoWhsTpA_utt02889,DCBWoWhsTpA_utt02890,DCBWoWhsTpA_utt02891,DCBWoWhsTpA_utt02892,DCBWoWhsTpA_utt02893,DCBWoWhsTpA_utt02894,DCBWoWhsTpA_utt02895,DCBWoWhsTpA_utt02896,DCBWoWhsTpA_utt02897,DCBWoWhsTpA_utt02898,DCBWoWhsTpA_utt02899",19,/Users/rajeshpmu/Desktop/LegalMemoCMT/data/phase2/clancy/corpus/raw/live-lindsay-clancy-trial-day-14/live-lindsay-clancy-trial-day-14_DCBWoWhsTpA.mp4,/Users/rajeshpmu/Desktop/LegalMemoCMT/data/phase2/clancy/corpus/raw/live-lindsay-clancy-trial-day-14/live-lindsay-clancy-trial-day-14_DCBWoWhsTpA.wav,/Users/rajeshpmu/Desktop/LegalMemoCMT/data/processed/phase2/clancy/turn_clips/video/DCBWoWhsTpA/DCBWoWhsTpA_turn06246.mp4,/Users/rajeshpmu/Desktop/LegalMemoCMT/data/processed/phase2/clancy/turn_clips/audio/DCBWoWhsTpA/DCBWoWhsTpA_turn06246.wav,3924.673,3946.403,21.73,created,01:05:24.673,01:05:46.403,0.0,default_zero,SPEAKER_18,6.582,pyannote/speaker-diarization-3.1,Witness,manual_verified_diarization,HIGH,YES,SPEAKING,Witness,YES,Witness 15 identified by manual audio/video review,INCLUDE,,YES,speaker_role=Witness,split_dev;usable,"usable because speaker_role=Witness, witness_speaking_status=SPEAKING, clip_status=created, duration=21.730s, and source is not excluded",YES,0.6,HIGH,manual_clip_review,HUMAN_VERIFIED,/Users/rajeshpmu/Desktop/LegalMemoCMT/data/processed/phase2/clancy/turn_clips/video/DCBWoWhsTpA/DCBWoWhsTpA_turn06246.mp4,/Users/rajeshpmu/Desktop/LegalMemoCMT/data/processed/phase2/clancy/vit_facecrop_embeddings/DCBWoWhsTpA/DCBWoWhsTpA_turn06246.npy,created,neutral,0.793403,0.860495,"{""anger"": 0.031861, ""disgust"": 0.027903, ""fear"": 0.016648, ""joy"": 0.049416, ""neutral"": 0.793403, ""sadness"": 0.058886, ""surprise"": 0.021883}",/Users/rajeshpmu/Desktop/LegalMemoCMT/results/facial_cues/meld_vit_facecrop_gated_video_aux/fold_4/best_model.pt,phase1_meld_checkpoint_pseudo_label,"audio,text,video","audio,text,video","{""audio_dim"": 128, ""audio_model_name"": ""facebook/hubert-base-ls960"", ""dropout"": 0.1, ""encoder_mode"": ""paper"", ""freeze_audio_backbone"": false, ""freeze_text_backbone"": false, ""fusion_dim"": 256, ""fusion_mode"": ""gated"", ""fusion_pooling"": ""min"", ""max_audio_len"": 256, ""max_text_len"": 128, ""max_video_len"": 32, ""num_classes"": 7, ""num_heads"": 4, ""num_layers"": 2, ""text_dim"": 256, ""text_model_name"": ""bert-base-uncased"", ""use_video"": true, ""video_dim"": 768, ""vocab_size"": 30000}",/Users/rajeshpmu/Desktop/LegalMemoCMT/data/processed/phase2/clancy/turn_clips/audio/DCBWoWhsTpA/DCBWoWhsTpA_turn06246.wav,OK,,0.439221,0.394091,0.394091,0.460372,3loi/SER-Odyssey-Baseline-WavLM-Multi-Attributes,OK,hap,1.0,speechbrain/emotion-recognition-wav2vec2-IEMOCAP,OK,NO,QUOTED_SPEECH,quote or reported speech marker,HIGH,LOW,HIGH,KEEP_PHASE1_CANDIDATE,neutral,joy,neutral,0.793403,neutral,0.793403,comparable Phase 1 and audio categorical outputs agree or audio class is not comparable,YES,UNKNOWN,,phase1_vs_comparable_audio_disagreement;low_or_moderate_audio_arousal
DCBWoWhsTpA_turn06264,DCBWoWhsTpA_turn06264,DCBWoWhsTpA,https://www.youtube.com/live/DCBWoWhsTpA,LIVE: Lindsay Clancy trial Day 14,full_trial_stream,5,/Users/rajeshpmu/Desktop/LegalMemoCMT/data/phase2/clancy/corpus/raw/live-lindsay-clancy-trial-day-14/live-lindsay-clancy-trial-day-14_DCBWoWhsTpA.en.vtt,/Users/rajeshpmu/Desktop/LegalMemoCMT/data/processed/phase2/clancy/turn_clips/video/DCBWoWhsTpA/DCBWoWhsTpA_turn06264.mp4,/Users/rajeshpmu/Desktop/LegalMemoCMT/data/processed/phase2/clancy/turn_clips/audio/DCBWoWhsTpA/DCBWoWhsTpA_turn06264.wav,DCBWoWhsTpA,group_by_youtube_id,dev,neutral,text_keyword_heuristic,LOW,YES,comparable Phase 1 and audio categorical outputs agree or audio class is not comparable,YES,Okay. And then what was her response?,Okay. And then what was her response?,01:08:04.978,01:08:09.555,4.577,4.577,marker,MEDIUM,1,3,"DCBWoWhsTpA_utt03029#p02,DCBWoWhsTpA_utt03030#p01,DCBWoWhsTpA_utt03031#p01","DCBWoWhsTpA_utt03029,DCBWoWhsTpA_utt03030,DCBWoWhsTpA_utt03031",3,/Users/rajeshpmu/Desktop/LegalMemoCMT/data/phase2/clancy/corpus/raw/live-lindsay-clancy-trial-day-14/live-lindsay-clancy-trial-day-14_DCBWoWhsTpA.mp4,/Users/rajeshpmu/Desktop/LegalMemoCMT/data/phase2/clancy/corpus/raw/live-lindsay-clancy-trial-day-14/live-lindsay-clancy-trial-day-14_DCBWoWhsTpA.wav,/Users/rajeshpmu/Desktop/LegalMemoCMT/data/processed/phase2/clancy/turn_clips/video/DCBWoWhsTpA/DCBWoWhsTpA_turn06264.mp4,/Users/rajeshpmu/Desktop/LegalMemoCMT/data/processed/phase2/clancy/turn_clips/audio/DCBWoWhsTpA/DCBWoWhsTpA_turn06264.wav,4084.978,4089.555,4.577,created,01:08:04.978,01:08:09.555,0.0,default_zero,SPEAKER_18,1.606,pyannote/speaker-diarization-3.1,Witness,manual_verified_diarization,HIGH,YES,SPEAKING,Witness,YES,Witness 15 identified by manual audio/video review,INCLUDE,,YES,speaker_role=Witness,split_dev;usable,"usable because speaker_role=Witness, witness_speaking_status=SPEAKING, clip_status=created, duration=4.577s, and source is not excluded",YES,0.6,HIGH,manual_clip_review,HUMAN_VERIFIED,/Users/rajeshpmu/Desktop/LegalMemoCMT/data/processed/phase2/clancy/turn_clips/video/DCBWoWhsTpA/DCBWoWhsTpA_turn06264.mp4,/Users/rajeshpmu/Desktop/LegalMemoCMT/data/processed/phase2/clancy/vit_facecrop_embeddings/DCBWoWhsTpA/DCBWoWhsTpA_turn06264.npy,created,neutral,0.955111,0.254636,"{""anger"": 0.013814, ""disgust"": 0.003559, ""fear"": 0.00465, ""joy"": 0.012513, ""neutral"": 0.955111, ""sadness"": 0.008762, ""surprise"": 0.00159}",/Users/rajeshpmu/Desktop/LegalMemoCMT/results/facial_cues/meld_vit_facecrop_gated_video_aux/fold_4/best_model.pt,phase1_meld_checkpoint_pseudo_label,"audio,text,video","audio,text,video","{""audio_dim"": 128, ""audio_model_name"": ""facebook/hubert-base-ls960"", ""dropout"": 0.1, ""encoder_mode"": ""paper"", ""freeze_audio_backbone"": false, ""freeze_text_backbone"": false, ""fusion_dim"": 256, ""fusion_mode"": ""gated"", ""fusion_pooling"": ""min"", ""max_audio_len"": 256, ""max_text_len"": 128, ""max_video_len"": 32, ""num_classes"": 7, ""num_heads"": 4, ""num_layers"": 2, ""text_dim"": 256, ""text_model_name"": ""bert-base-uncased"", ""use_video"": true, ""video_dim"": 768, ""vocab_size"": 30000}",/Users/rajeshpmu/Desktop/LegalMemoCMT/data/processed/phase2/clancy/turn_clips/audio/DCBWoWhsTpA/DCBWoWhsTpA_turn06264.wav,OK,,0.436278,0.294603,0.294603,0.370491,3loi/SER-Odyssey-Baseline-WavLM-Multi-Attributes,OK,hap,1.0,speechbrain/emotion-recognition-wav2vec2-IEMOCAP,OK,NO,UNCLEAR,no explicit emotion-target evidence,HIGH,LOW,HIGH,KEEP_PHASE1_CANDIDATE,neutral,joy,neutral,0.955111,neutral,0.955111,comparable Phase 1 and audio categorical outputs agree or audio class is not comparable,YES,UNKNOWN,,phase1_vs_comparable_audio_disagreement;low_or_moderate_audio_arousal
DCBWoWhsTpA_turn06299,DCBWoWhsTpA_turn06299,DCBWoWhsTpA,https://www.youtube.com/live/DCBWoWhsTpA,LIVE: Lindsay Clancy trial Day 14,full_trial_stream,5,/Users/rajeshpmu/Desktop/LegalMemoCMT/data/phase2/clancy/corpus/raw/live-lindsay-clancy-trial-day-14/live-lindsay-clancy-trial-day-14_DCBWoWhsTpA.en.vtt,/Users/rajeshpmu/Desktop/LegalMemoCMT/data/processed/phase2/clancy/turn_clips/video/DCBWoWhsTpA/DCBWoWhsTpA_turn06299.mp4,/Users/rajeshpmu/Desktop/LegalMemoCMT/data/processed/phase2/clancy/turn_clips/audio/DCBWoWhsTpA/DCBWoWhsTpA_turn06299.wav,DCBWoWhsTpA,group_by_youtube_id,dev,neutral,text_keyword_heuristic,LOW,YES,comparable Phase 1 and audio categorical outputs agree or audio class is not comparable,YES,What does he say to her?,What does he say to her?,01:10:45.490,01:10:47.338,1.848,1.848,marker,MEDIUM,1,3,"DCBWoWhsTpA_utt03185#p02,DCBWoWhsTpA_utt03186#p01,DCBWoWhsTpA_utt03187#p01","DCBWoWhsTpA_utt03185,DCBWoWhsTpA_utt03186,DCBWoWhsTpA_utt03187",3,/Users/rajeshpmu/Desktop/LegalMemoCMT/data/phase2/clancy/corpus/raw/live-lindsay-clancy-trial-day-14/live-lindsay-clancy-trial-day-14_DCBWoWhsTpA.mp4,/Users/rajeshpmu/Desktop/LegalMemoCMT/data/phase2/clancy/corpus/raw/live-lindsay-clancy-trial-day-14/live-lindsay-clancy-trial-day-14_DCBWoWhsTpA.wav,/Users/rajeshpmu/Desktop/LegalMemoCMT/data/processed/phase2/clancy/turn_clips/video/DCBWoWhsTpA/DCBWoWhsTpA_turn06299.mp4,/Users/rajeshpmu/Desktop/LegalMemoCMT/data/processed/phase2/clancy/turn_clips/audio/DCBWoWhsTpA/DCBWoWhsTpA_turn06299.wav,4245.49,4247.338,1.848,created,01:10:45.490,01:10:47.338,0.0,default_zero,SPEAKER_18,0.726,pyannote/speaker-diarization-3.1,Witness,manual_verified_diarization,HIGH,YES,SPEAKING,Witness,YES,Witness 15 identified by manual audio/video review,INCLUDE,,YES,speaker_role=Witness,split_dev;usable,"usable because speaker_role=Witness, witness_speaking_status=SPEAKING, clip_status=created, duration=1.848s, and source is not excluded",YES,0.6,HIGH,manual_clip_review,HUMAN_VERIFIED,/Users/rajeshpmu/Desktop/LegalMemoCMT/data/processed/phase2/clancy/turn_clips/video/DCBWoWhsTpA/DCBWoWhsTpA_turn06299.mp4,/Users/rajeshpmu/Desktop/LegalMemoCMT/data/processed/phase2/clancy/vit_facecrop_embeddings/DCBWoWhsTpA/DCBWoWhsTpA_turn06299.npy,created,neutral,0.946956,0.298054,"{""anger"": 0.010264, ""disgust"": 0.012441, ""fear"": 0.009108, ""joy"": 0.00721, ""neutral"": 0.946956, ""sadness"": 0.01145, ""surprise"": 0.002571}",/Users/rajeshpmu/Desktop/LegalMemoCMT/results/facial_cues/meld_vit_facecrop_gated_video_aux/fold_4/best_model.pt,phase1_meld_checkpoint_pseudo_label,"audio,text,video","audio,text,video","{""audio_dim"": 128, ""audio_model_name"": ""facebook/hubert-base-ls960"", ""dropout"": 0.1, ""encoder_mode"": ""paper"", ""freeze_audio_backbone"": false, ""freeze_text_backbone"": false, ""fusion_dim"": 256, ""fusion_mode"": ""gated"", ""fusion_pooling"": ""min"", ""max_audio_len"": 256, ""max_text_len"": 128, ""max_video_len"": 32, ""num_classes"": 7, ""num_heads"": 4, ""num_layers"": 2, ""text_dim"": 256, ""text_model_name"": ""bert-base-uncased"", ""use_video"": true, ""video_dim"": 768, ""vocab_size"": 30000}",/Users/rajeshpmu/Desktop/LegalMemoCMT/data/processed/phase2/clancy/turn_clips/audio/DCBWoWhsTpA/DCBWoWhsTpA_turn06299.wav,OK,,0.715719,0.514942,0.514942,0.571963,3loi/SER-Odyssey-Baseline-WavLM-Multi-Attributes,OK,ang,1.0,speechbrain/emotion-recognition-wav2vec2-IEMOCAP,OK,NO,UNCLEAR,no explicit emotion-target evidence,HIGH,LOW,HIGH,KEEP_PHASE1_CANDIDATE,neutral,anger,neutral,0.946956,neutral,0.946956,comparable Phase 1 and audio categorical outputs agree or audio class is not comparable,YES,UNKNOWN,,phase1_vs_comparable_audio_disagreement
DCBWoWhsTpA_turn06335,DCBWoWhsTpA_turn06335,DCBWoWhsTpA,https://www.youtube.com/live/DCBWoWhsTpA,LIVE: Lindsay Clancy trial Day 14,full_trial_stream,5,/Users/rajeshpmu/Desktop/LegalMemoCMT/data/phase2/clancy/corpus/raw/live-lindsay-clancy-trial-day-14/live-lindsay-clancy-trial-day-14_DCBWoWhsTpA.en.vtt,/Users/rajeshpmu/Desktop/LegalMemoCMT/data/processed/phase2/clancy/turn_clips/video/DCBWoWhsTpA/DCBWoWhsTpA_turn06335.mp4,/Users/rajeshpmu/Desktop/LegalMemoCMT/data/processed/phase2/clancy/turn_clips/audio/DCBWoWhsTpA/DCBWoWhsTpA_turn06335.wav,DCBWoWhsTpA,group_by_youtube_id,dev,neutral,text_keyword_heuristic,LOW,YES,comparable Phase 1 and audio categorical outputs agree or audio class is not comparable,YES,"Um, may look at you. Yeah. Close it.","Um, may look at you. Yeah. Close it.",01:14:11.083,01:14:17.045,5.962,5.962,marker,MEDIUM,1,3,"DCBWoWhsTpA_utt03353#p02,DCBWoWhsTpA_utt03354#p01,DCBWoWhsTpA_utt03355#p01","DCBWoWhsTpA_utt03353,DCBWoWhsTpA_utt03354,DCBWoWhsTpA_utt03355",3,/Users/rajeshpmu/Desktop/LegalMemoCMT/data/phase2/clancy/corpus/raw/live-lindsay-clancy-trial-day-14/live-lindsay-clancy-trial-day-14_DCBWoWhsTpA.mp4,/Users/rajeshpmu/Desktop/LegalMemoCMT/data/phase2/clancy/corpus/raw/live-lindsay-clancy-trial-day-14/live-lindsay-clancy-trial-day-14_DCBWoWhsTpA.wav,/Users/rajeshpmu/Desktop/LegalMemoCMT/data/processed/phase2/clancy/turn_clips/video/DCBWoWhsTpA/DCBWoWhsTpA_turn06335.mp4,/Users/rajeshpmu/Desktop/LegalMemoCMT/data/processed/phase2/clancy/turn_clips/audio/DCBWoWhsTpA/DCBWoWhsTpA_turn06335.wav,4451.083,4457.045,5.962,created,01:14:11.083,01:14:17.045,0.0,default_zero,SPEAKER_18,1.795,pyannote/speaker-diarization-3.1,Witness,manual_verified_diarization,HIGH,YES,SPEAKING,Witness,YES,Witness 15 identified by manual audio/video review,INCLUDE,,YES,speaker_role=Witness,split_dev;usable,"usable because speaker_role=Witness, witness_speaking_status=SPEAKING, clip_status=created, duration=5.962s, and source is not excluded",YES,0.6,HIGH,manual_clip_review,HUMAN_VERIFIED,/Users/rajeshpmu/Desktop/LegalMemoCMT/data/processed/phase2/clancy/turn_clips/video/DCBWoWhsTpA/DCBWoWhsTpA_turn06335.mp4,/Users/rajeshpmu/Desktop/LegalMemoCMT/data/processed/phase2/clancy/vit_facecrop_embeddings/DCBWoWhsTpA/DCBWoWhsTpA_turn06335.npy,created,neutral,0.907771,0.435657,"{""anger"": 0.035025, ""disgust"": 0.001177, ""fear"": 0.004885, ""joy"": 0.019658, ""neutral"": 0.907771, ""sadness"": 0.028275, ""surprise"": 0.00321}",/Users/rajeshpmu/Desktop/LegalMemoCMT/results/facial_cues/meld_vit_facecrop_gated_video_aux/fold_4/best_model.pt,phase1_meld_checkpoint_pseudo_label,"audio,text,video","audio,text,video","{""audio_dim"": 128, ""audio_model_name"": ""facebook/hubert-base-ls960"", ""dropout"": 0.1, ""encoder_mode"": ""paper"", ""freeze_audio_backbone"": false, ""freeze_text_backbone"": false, ""fusion_dim"": 256, ""fusion_mode"": ""gated"", ""fusion_pooling"": ""min"", ""max_audio_len"": 256, ""max_text_len"": 128, ""max_video_len"": 32, ""num_classes"": 7, ""num_heads"": 4, ""num_layers"": 2, ""text_dim"": 256, ""text_model_name"": ""bert-base-uncased"", ""use_video"": true, ""video_dim"": 768, ""vocab_size"": 30000}",/Users/rajeshpmu/Desktop/LegalMemoCMT/data/processed/phase2/clancy/turn_clips/audio/DCBWoWhsTpA/DCBWoWhsTpA_turn06335.wav,OK,,0.485637,0.339167,0.339167,0.352242,3loi/SER-Odyssey-Baseline-WavLM-Multi-Attributes,OK,hap,1.0,speechbrain/emotion-recognition-wav2vec2-IEMOCAP,OK,NO,UNCLEAR,no explicit emotion-target evidence,HIGH,LOW,HIGH,KEEP_PHASE1_CANDIDATE,neutral,joy,neutral,0.907771,neutral,0.907771,comparable Phase 1 and audio categorical outputs agree or audio class is not comparable,YES,UNKNOWN,,phase1_vs_comparable_audio_disagreement;low_or_moderate_audio_arousal
DCBWoWhsTpA_turn06345,DCBWoWhsTpA_turn06345,DCBWoWhsTpA,https://www.youtube.com/live/DCBWoWhsTpA,LIVE: Lindsay Clancy trial Day 14,full_trial_stream,5,/Users/rajeshpmu/Desktop/LegalMemoCMT/data/phase2/clancy/corpus/raw/live-lindsay-clancy-trial-day-14/live-lindsay-clancy-trial-day-14_DCBWoWhsTpA.en.vtt,/Users/rajeshpmu/Desktop/LegalMemoCMT/data/processed/phase2/clancy/turn_clips/video/DCBWoWhsTpA/DCBWoWhsTpA_turn06345.mp4,/Users/rajeshpmu/Desktop/LegalMemoCMT/data/processed/phase2/clancy/turn_clips/audio/DCBWoWhsTpA/DCBWoWhsTpA_turn06345.wav,DCBWoWhsTpA,group_by_youtube_id,dev,neutral,text_keyword_heuristic,LOW,YES,comparable Phase 1 and audio categorical outputs agree or audio class is not comparable,YES,"So, this is for the hour of health data. So, it's been aggregated and it shows uh between 7 a.m. and 8 a.m. uh 47 m traveled.","So, this is for the hour of health data. So, it's been aggregated and it shows uh between 7 a.m. and 8 a.m. uh 47 m traveled.",01:15:20.915,01:15:35.337,14.422,14.422,marker,MEDIUM,1,9,"DCBWoWhsTpA_utt03405#p02,DCBWoWhsTpA_utt03406#p01,DCBWoWhsTpA_utt03407#p01,DCBWoWhsTpA_utt03408#p01,DCBWoWhsTpA_utt03409#p01,DCBWoWhsTpA_utt03410#p01,DCBWoWhsTpA_utt03411#p01,DCBWoWhsTpA_utt03412#p01,DCBWoWhsTpA_utt03413#p01","DCBWoWhsTpA_utt03405,DCBWoWhsTpA_utt03406,DCBWoWhsTpA_utt03407,DCBWoWhsTpA_utt03408,DCBWoWhsTpA_utt03409,DCBWoWhsTpA_utt03410,DCBWoWhsTpA_utt03411,DCBWoWhsTpA_utt03412,DCBWoWhsTpA_utt03413",9,/Users/rajeshpmu/Desktop/LegalMemoCMT/data/phase2/clancy/corpus/raw/live-lindsay-clancy-trial-day-14/live-lindsay-clancy-trial-day-14_DCBWoWhsTpA.mp4,/Users/rajeshpmu/Desktop/LegalMemoCMT/data/phase2/clancy/corpus/raw/live-lindsay-clancy-trial-day-14/live-lindsay-clancy-trial-day-14_DCBWoWhsTpA.wav,/Users/rajeshpmu/Desktop/LegalMemoCMT/data/processed/phase2/clancy/turn_clips/video/DCBWoWhsTpA/DCBWoWhsTpA_turn06345.mp4,/Users/rajeshpmu/Desktop/LegalMemoCMT/data/processed/phase2/clancy/turn_clips/audio/DCBWoWhsTpA/DCBWoWhsTpA_turn06345.wav,4520.915,4535.337,14.422,created,01:15:20.915,01:15:35.337,0.0,default_zero,SPEAKER_18,9.75,pyannote/speaker-diarization-3.1,Witness,manual_verified_diarization,HIGH,YES,SPEAKING,Witness,YES,Witness 15 identified by manual audio/video review,INCLUDE,,YES,speaker_role=Witness,split_dev;usable,"usable because speaker_role=Witness, witness_speaking_status=SPEAKING, clip_status=created, duration=14.422s, and source is not excluded",YES,0.6,HIGH,manual_clip_review,HUMAN_VERIFIED,/Users/rajeshpmu/Desktop/LegalMemoCMT/data/processed/phase2/clancy/turn_clips/video/DCBWoWhsTpA/DCBWoWhsTpA_turn06345.mp4,/Users/rajeshpmu/Desktop/LegalMemoCMT/data/processed/phase2/clancy/vit_facecrop_embeddings/DCBWoWhsTpA/DCBWoWhsTpA_turn06345.npy,created,neutral,0.92495,0.381926,"{""anger"": 0.027378, ""disgust"": 0.003011, ""fear"": 0.004644, ""joy"": 0.021051, ""neutral"": 0.92495, ""sadness"": 0.012206, ""surprise"": 0.006761}",/Users/rajeshpmu/Desktop/LegalMemoCMT/results/facial_cues/meld_vit_facecrop_gated_video_aux/fold_4/best_model.pt,phase1_meld_checkpoint_pseudo_label,"audio,text,video","audio,text,video","{""audio_dim"": 128, ""audio_model_name"": ""facebook/hubert-base-ls960"", ""dropout"": 0.1, ""encoder_mode"": ""paper"", ""freeze_audio_backbone"": false, ""freeze_text_backbone"": false, ""fusion_dim"": 256, ""fusion_mode"": ""gated"", ""fusion_pooling"": ""min"", ""max_audio_len"": 256, ""max_text_len"": 128, ""max_video_len"": 32, ""num_classes"": 7, ""num_heads"": 4, ""num_layers"": 2, ""text_dim"": 256, ""text_model_name"": ""bert-base-uncased"", ""use_video"": true, ""video_dim"": 768, ""vocab_size"": 30000}",/Users/rajeshpmu/Desktop/LegalMemoCMT/data/processed/phase2/clancy/turn_clips/audio/DCBWoWhsTpA/DCBWoWhsTpA_turn06345.wav,OK,,0.428688,0.276698,0.276698,0.34493,3loi/SER-Odyssey-Baseline-WavLM-Multi-Attributes,OK,sad,1.0,speechbrain/emotion-recognition-wav2vec2-IEMOCAP,OK,NO,UNCLEAR,no explicit emotion-target evidence,HIGH,LOW,HIGH,KEEP_PHASE1_CANDIDATE,neutral,sadness,neutral,0.924950,neutral,0.924950,comparable Phase 1 and audio categorical outputs agree or audio class is not comparable,YES,UNKNOWN,,phase1_vs_comparable_audio_disagreement;low_or_moderate_audio_arousal
DCBWoWhsTpA_turn06354,DCBWoWhsTpA_turn06354,DCBWoWhsTpA,https://www.youtube.com/live/DCBWoWhsTpA,LIVE: Lindsay Clancy trial Day 14,full_trial_stream,5,/Users/rajeshpmu/Desktop/LegalMemoCMT/data/phase2/clancy/corpus/raw/live-lindsay-clancy-trial-day-14/live-lindsay-clancy-trial-day-14_DCBWoWhsTpA.en.vtt,/Users/rajeshpmu/Desktop/LegalMemoCMT/data/processed/phase2/clancy/turn_clips/video/DCBWoWhsTpA/DCBWoWhsTpA_turn06354.mp4,/Users/rajeshpmu/Desktop/LegalMemoCMT/data/processed/phase2/clancy/turn_clips/audio/DCBWoWhsTpA/DCBWoWhsTpA_turn06354.wav,DCBWoWhsTpA,group_by_youtube_id,dev,neutral,text_keyword_heuristic,LOW,YES,comparable Phase 1 and audio categorical outputs agree or audio class is not comparable,YES,"The way that the data is presented there, it's coming from the watch or the phone.","The way that the data is presented there, it's coming from the watch or the phone.",01:16:17.604,01:16:20.577,2.973,2.973,marker,MEDIUM,1,7,"DCBWoWhsTpA_utt03451#p02,DCBWoWhsTpA_utt03452#p01,DCBWoWhsTpA_utt03453#p01,DCBWoWhsTpA_utt03454#p01,DCBWoWhsTpA_utt03455#p01,DCBWoWhsTpA_utt03456#p01,DCBWoWhsTpA_utt03457#p01","DCBWoWhsTpA_utt03451,DCBWoWhsTpA_utt03452,DCBWoWhsTpA_utt03453,DCBWoWhsTpA_utt03454,DCBWoWhsTpA_utt03455,DCBWoWhsTpA_utt03456,DCBWoWhsTpA_utt03457",7,/Users/rajeshpmu/Desktop/LegalMemoCMT/data/phase2/clancy/corpus/raw/live-lindsay-clancy-trial-day-14/live-lindsay-clancy-trial-day-14_DCBWoWhsTpA.mp4,/Users/rajeshpmu/Desktop/LegalMemoCMT/data/phase2/clancy/corpus/raw/live-lindsay-clancy-trial-day-14/live-lindsay-clancy-trial-day-14_DCBWoWhsTpA.wav,/Users/rajeshpmu/Desktop/LegalMemoCMT/data/processed/phase2/clancy/turn_clips/video/DCBWoWhsTpA/DCBWoWhsTpA_turn06354.mp4,/Users/rajeshpmu/Desktop/LegalMemoCMT/data/processed/phase2/clancy/turn_clips/audio/DCBWoWhsTpA/DCBWoWhsTpA_turn06354.wav,4577.604,4580.577,2.973,created,01:16:17.604,01:16:20.577,0.0,default_zero,SPEAKER_18,2.454,pyannote/speaker-diarization-3.1,Witness,manual_verified_diarization,HIGH,YES,SPEAKING,Witness,YES,Witness 15 identified by manual audio/video review,INCLUDE,,YES,speaker_role=Witness,split_dev;usable,"usable because speaker_role=Witness, witness_speaking_status=SPEAKING, clip_status=created, duration=2.973s, and source is not excluded",YES,0.6,HIGH,manual_clip_review,HUMAN_VERIFIED,/Users/rajeshpmu/Desktop/LegalMemoCMT/data/processed/phase2/clancy/turn_clips/video/DCBWoWhsTpA/DCBWoWhsTpA_turn06354.mp4,/Users/rajeshpmu/Desktop/LegalMemoCMT/data/processed/phase2/clancy/vit_facecrop_embeddings/DCBWoWhsTpA/DCBWoWhsTpA_turn06354.npy,created,neutral,0.907192,0.44853,"{""anger"": 0.02692, ""disgust"": 0.006418, ""fear"": 0.005209, ""joy"": 0.036776, ""neutral"": 0.907192, ""sadness"": 0.012033, ""surprise"": 0.005452}",/Users/rajeshpmu/Desktop/LegalMemoCMT/results/facial_cues/meld_vit_facecrop_gated_video_aux/fold_4/best_model.pt,phase1_meld_checkpoint_pseudo_label,"audio,text,video","audio,text,video","{""audio_dim"": 128, ""audio_model_name"": ""facebook/hubert-base-ls960"", ""dropout"": 0.1, ""encoder_mode"": ""paper"", ""freeze_audio_backbone"": false, ""freeze_text_backbone"": false, ""fusion_dim"": 256, ""fusion_mode"": ""gated"", ""fusion_pooling"": ""min"", ""max_audio_len"": 256, ""max_text_len"": 128, ""max_video_len"": 32, ""num_classes"": 7, ""num_heads"": 4, ""num_layers"": 2, ""text_dim"": 256, ""text_model_name"": ""bert-base-uncased"", ""use_video"": true, ""video_dim"": 768, ""vocab_size"": 30000}",/Users/rajeshpmu/Desktop/LegalMemoCMT/data/processed/phase2/clancy/turn_clips/audio/DCBWoWhsTpA/DCBWoWhsTpA_turn06354.wav,OK,,0.570437,0.501864,0.501864,0.563775,3loi/SER-Odyssey-Baseline-WavLM-Multi-Attributes,OK,ang,0.924938,speechbrain/emotion-recognition-wav2vec2-IEMOCAP,OK,NO,UNCLEAR,no explicit emotion-target evidence,HIGH,LOW,HIGH,KEEP_PHASE1_CANDIDATE,neutral,anger,neutral,0.907192,neutral,0.907192,comparable Phase 1 and audio categorical outputs agree or audio class is not comparable,YES,UNKNOWN,,phase1_vs_comparable_audio_disagreement
DCBWoWhsTpA_turn06358,DCBWoWhsTpA_turn06358,DCBWoWhsTpA,https://www.youtube.com/live/DCBWoWhsTpA,LIVE: Lindsay Clancy trial Day 14,full_trial_stream,5,/Users/rajeshpmu/Desktop/LegalMemoCMT/data/phase2/clancy/corpus/raw/live-lindsay-clancy-trial-day-14/live-lindsay-clancy-trial-day-14_DCBWoWhsTpA.en.vtt,/Users/rajeshpmu/Desktop/LegalMemoCMT/data/processed/phase2/clancy/turn_clips/video/DCBWoWhsTpA/DCBWoWhsTpA_turn06358.mp4,/Users/rajeshpmu/Desktop/LegalMemoCMT/data/processed/phase2/clancy/turn_clips/audio/DCBWoWhsTpA/DCBWoWhsTpA_turn06358.wav,DCBWoWhsTpA,group_by_youtube_id,dev,neutral,text_keyword_heuristic,LOW,YES,comparable Phase 1 and audio categorical outputs agree or audio class is not comparable,YES,I like to think so.,I like to think so.,01:16:29.692,01:16:31.079,1.387,1.387,marker,MEDIUM,1,3,"DCBWoWhsTpA_utt03469#p02,DCBWoWhsTpA_utt03470#p01,DCBWoWhsTpA_utt03471#p01","DCBWoWhsTpA_utt03469,DCBWoWhsTpA_utt03470,DCBWoWhsTpA_utt03471",3,/Users/rajeshpmu/Desktop/LegalMemoCMT/data/phase2/clancy/corpus/raw/live-lindsay-clancy-trial-day-14/live-lindsay-clancy-trial-day-14_DCBWoWhsTpA.mp4,/Users/rajeshpmu/Desktop/LegalMemoCMT/data/phase2/clancy/corpus/raw/live-lindsay-clancy-trial-day-14/live-lindsay-clancy-trial-day-14_DCBWoWhsTpA.wav,/Users/rajeshpmu/Desktop/LegalMemoCMT/data/processed/phase2/clancy/turn_clips/video/DCBWoWhsTpA/DCBWoWhsTpA_turn06358.mp4,/Users/rajeshpmu/Desktop/LegalMemoCMT/data/processed/phase2/clancy/turn_clips/audio/DCBWoWhsTpA/DCBWoWhsTpA_turn06358.wav,4589.692,4591.079,1.387,created,01:16:29.692,01:16:31.079,0.0,default_zero,SPEAKER_18,0.541,pyannote/speaker-diarization-3.1,Witness,manual_verified_diarization,HIGH,YES,SPEAKING,Witness,YES,Witness 15 identified by manual audio/video review,INCLUDE,,YES,speaker_role=Witness,split_dev;usable,"usable because speaker_role=Witness, witness_speaking_status=SPEAKING, clip_status=created, duration=1.387s, and source is not excluded",YES,0.6,HIGH,manual_clip_review,HUMAN_VERIFIED,/Users/rajeshpmu/Desktop/LegalMemoCMT/data/processed/phase2/clancy/turn_clips/video/DCBWoWhsTpA/DCBWoWhsTpA_turn06358.mp4,/Users/rajeshpmu/Desktop/LegalMemoCMT/data/processed/phase2/clancy/vit_facecrop_embeddings/DCBWoWhsTpA/DCBWoWhsTpA_turn06358.npy,created,neutral,0.891251,0.4901,"{""anger"": 0.056526, ""disgust"": 0.003491, ""fear"": 0.012491, ""joy"": 0.024315, ""neutral"": 0.891251, ""sadness"": 0.003723, ""surprise"": 0.008203}",/Users/rajeshpmu/Desktop/LegalMemoCMT/results/facial_cues/meld_vit_facecrop_gated_video_aux/fold_4/best_model.pt,phase1_meld_checkpoint_pseudo_label,"audio,text,video","audio,text,video","{""audio_dim"": 128, ""audio_model_name"": ""facebook/hubert-base-ls960"", ""dropout"": 0.1, ""encoder_mode"": ""paper"", ""freeze_audio_backbone"": false, ""freeze_text_backbone"": false, ""fusion_dim"": 256, ""fusion_mode"": ""gated"", ""fusion_pooling"": ""min"", ""max_audio_len"": 256, ""max_text_len"": 128, ""max_video_len"": 32, ""num_classes"": 7, ""num_heads"": 4, ""num_layers"": 2, ""text_dim"": 256, ""text_model_name"": ""bert-base-uncased"", ""use_video"": true, ""video_dim"": 768, ""vocab_size"": 30000}",/Users/rajeshpmu/Desktop/LegalMemoCMT/data/processed/phase2/clancy/turn_clips/audio/DCBWoWhsTpA/DCBWoWhsTpA_turn06358.wav,OK,,0.554892,0.470742,0.470742,0.489707,3loi/SER-Odyssey-Baseline-WavLM-Multi-Attributes,OK,hap,0.998848,speechbrain/emotion-recognition-wav2vec2-IEMOCAP,OK,NO,UNCLEAR,no explicit emotion-target evidence,HIGH,LOW,HIGH,KEEP_PHASE1_CANDIDATE,neutral,joy,neutral,0.891251,neutral,0.891251,comparable Phase 1 and audio categorical outputs agree or audio class is not comparable,YES,UNKNOWN,,phase1_vs_comparable_audio_disagreement
DCBWoWhsTpA_turn06371,DCBWoWhsTpA_turn06371,DCBWoWhsTpA,https://www.youtube.com/live/DCBWoWhsTpA,LIVE: Lindsay Clancy trial Day 14,full_trial_stream,5,/Users/rajeshpmu/Desktop/LegalMemoCMT/data/phase2/clancy/corpus/raw/live-lindsay-clancy-trial-day-14/live-lindsay-clancy-trial-day-14_DCBWoWhsTpA.en.vtt,/Users/rajeshpmu/Desktop/LegalMemoCMT/data/processed/phase2/clancy/turn_clips/video/DCBWoWhsTpA/DCBWoWhsTpA_turn06371.mp4,/Users/rajeshpmu/Desktop/LegalMemoCMT/data/processed/phase2/clancy/turn_clips/audio/DCBWoWhsTpA/DCBWoWhsTpA_turn06371.wav,DCBWoWhsTpA,group_by_youtube_id,dev,neutral,text_keyword_heuristic,LOW,YES,comparable Phase 1 and audio categorical outputs agree or audio class is not comparable,YES,Uh I started looking at this case uh in November last year.,Uh I started looking at this case uh in November last year.,01:17:39.498,01:17:44.629,5.131,5.131,marker,MEDIUM,1,5,"DCBWoWhsTpA_utt03535#p02,DCBWoWhsTpA_utt03536#p01,DCBWoWhsTpA_utt03537#p01,DCBWoWhsTpA_utt03538#p01,DCBWoWhsTpA_utt03539#p01","DCBWoWhsTpA_utt03535,DCBWoWhsTpA_utt03536,DCBWoWhsTpA_utt03537,DCBWoWhsTpA_utt03538,DCBWoWhsTpA_utt03539",5,/Users/rajeshpmu/Desktop/LegalMemoCMT/data/phase2/clancy/corpus/raw/live-lindsay-clancy-trial-day-14/live-lindsay-clancy-trial-day-14_DCBWoWhsTpA.mp4,/Users/rajeshpmu/Desktop/LegalMemoCMT/data/phase2/clancy/corpus/raw/live-lindsay-clancy-trial-day-14/live-lindsay-clancy-trial-day-14_DCBWoWhsTpA.wav,/Users/rajeshpmu/Desktop/LegalMemoCMT/data/processed/phase2/clancy/turn_clips/video/DCBWoWhsTpA/DCBWoWhsTpA_turn06371.mp4,/Users/rajeshpmu/Desktop/LegalMemoCMT/data/processed/phase2/clancy/turn_clips/audio/DCBWoWhsTpA/DCBWoWhsTpA_turn06371.wav,4659.498,4664.629,5.131,created,01:17:39.498,01:17:44.629,0.0,default_zero,SPEAKER_18,1.239,pyannote/speaker-diarization-3.1,Witness,manual_verified_diarization,HIGH,YES,SPEAKING,Witness,YES,Witness 15 identified by manual audio/video review,INCLUDE,,YES,speaker_role=Witness,split_dev;usable,"usable because speaker_role=Witness, witness_speaking_status=SPEAKING, clip_status=created, duration=5.131s, and source is not excluded",YES,0.6,HIGH,manual_clip_review,HUMAN_VERIFIED,/Users/rajeshpmu/Desktop/LegalMemoCMT/data/processed/phase2/clancy/turn_clips/video/DCBWoWhsTpA/DCBWoWhsTpA_turn06371.mp4,/Users/rajeshpmu/Desktop/LegalMemoCMT/data/processed/phase2/clancy/vit_facecrop_embeddings/DCBWoWhsTpA/DCBWoWhsTpA_turn06371.npy,created,neutral,0.787961,0.828922,"{""anger"": 0.052591, ""disgust"": 0.016517, ""fear"": 0.01745, ""joy"": 0.026445, ""neutral"": 0.787961, ""sadness"": 0.092987, ""surprise"": 0.006048}",/Users/rajeshpmu/Desktop/LegalMemoCMT/results/facial_cues/meld_vit_facecrop_gated_video_aux/fold_4/best_model.pt,phase1_meld_checkpoint_pseudo_label,"audio,text,video","audio,text,video","{""audio_dim"": 128, ""audio_model_name"": ""facebook/hubert-base-ls960"", ""dropout"": 0.1, ""encoder_mode"": ""paper"", ""freeze_audio_backbone"": false, ""freeze_text_backbone"": false, ""fusion_dim"": 256, ""fusion_mode"": ""gated"", ""fusion_pooling"": ""min"", ""max_audio_len"": 256, ""max_text_len"": 128, ""max_video_len"": 32, ""num_classes"": 7, ""num_heads"": 4, ""num_layers"": 2, ""text_dim"": 256, ""text_model_name"": ""bert-base-uncased"", ""use_video"": true, ""video_dim"": 768, ""vocab_size"": 30000}",/Users/rajeshpmu/Desktop/LegalMemoCMT/data/processed/phase2/clancy/turn_clips/audio/DCBWoWhsTpA/DCBWoWhsTpA_turn06371.wav,OK,,0.39917,0.299236,0.299236,0.372333,3loi/SER-Odyssey-Baseline-WavLM-Multi-Attributes,OK,hap,0.999808,speechbrain/emotion-recognition-wav2vec2-IEMOCAP,OK,NO,UNCLEAR,no explicit emotion-target evidence,HIGH,LOW,HIGH,KEEP_PHASE1_CANDIDATE,neutral,joy,neutral,0.787961,neutral,0.787961,comparable Phase 1 and audio categorical outputs agree or audio class is not comparable,YES,UNKNOWN,,phase1_vs_comparable_audio_disagreement;low_or_moderate_audio_arousal
DCBWoWhsTpA_turn06389,DCBWoWhsTpA_turn06389,DCBWoWhsTpA,https://www.youtube.com/live/DCBWoWhsTpA,LIVE: Lindsay Clancy trial Day 14,full_trial_stream,5,/Users/rajeshpmu/Desktop/LegalMemoCMT/data/phase2/clancy/corpus/raw/live-lindsay-clancy-trial-day-14/live-lindsay-clancy-trial-day-14_DCBWoWhsTpA.en.vtt,/Users/rajeshpmu/Desktop/LegalMemoCMT/data/processed/phase2/clancy/turn_clips/video/DCBWoWhsTpA/DCBWoWhsTpA_turn06389.mp4,/Users/rajeshpmu/Desktop/LegalMemoCMT/data/processed/phase2/clancy/turn_clips/audio/DCBWoWhsTpA/DCBWoWhsTpA_turn06389.wav,DCBWoWhsTpA,group_by_youtube_id,dev,neutral,text_keyword_heuristic,LOW,YES,comparable Phase 1 and audio categorical outputs agree or audio class is not comparable,YES,"Yeah. Whileever the device is turned, whileever the phone is turned on, it will consistently record steps walked regardless of who's carrying it. It will consistently record flights climbed regardless of who's carrying it. And so if the watch is is turned off in a drawer somewhere, um the phone would be what's relaying uh or or not relaying, but the phone would be what's recording the distance traveled in the steps taken, not the watch. Correct.","Yeah. Whileever the device is turned, whileever the phone is turned on, it will consistently record steps walked regardless of who's carrying it. It will consistently record flights climbed regardless of who's carrying it. And so if the watch is is turned off in a drawer somewhere, um the phone would be what's relaying uh or or not relaying, but the phone would be what's recording the distance traveled in the steps taken, not the watch. Correct.",01:19:52.148,01:20:19.749,27.601,27.601,marker,MEDIUM,1,25,"DCBWoWhsTpA_utt03661#p02,DCBWoWhsTpA_utt03662#p01,DCBWoWhsTpA_utt03663#p01,DCBWoWhsTpA_utt03664#p01,DCBWoWhsTpA_utt03665#p01,DCBWoWhsTpA_utt03666#p01,DCBWoWhsTpA_utt03667#p01,DCBWoWhsTpA_utt03668#p01,DCBWoWhsTpA_utt03669#p01,DCBWoWhsTpA_utt03670#p01,DCBWoWhsTpA_utt03671#p01,DCBWoWhsTpA_utt03672#p01,DCBWoWhsTpA_utt03673#p01,DCBWoWhsTpA_utt03674#p01,DCBWoWhsTpA_utt03675#p01,DCBWoWhsTpA_utt03676#p01,DCBWoWhsTpA_utt03677#p01,DCBWoWhsTpA_utt03678#p01,DCBWoWhsTpA_utt03679#p01,DCBWoWhsTpA_utt03680#p01,DCBWoWhsTpA_utt03681#p01,DCBWoWhsTpA_utt03682#p01,DCBWoWhsTpA_utt03683#p01,DCBWoWhsTpA_utt03684#p01,DCBWoWhsTpA_utt03685#p01","DCBWoWhsTpA_utt03661,DCBWoWhsTpA_utt03662,DCBWoWhsTpA_utt03663,DCBWoWhsTpA_utt03664,DCBWoWhsTpA_utt03665,DCBWoWhsTpA_utt03666,DCBWoWhsTpA_utt03667,DCBWoWhsTpA_utt03668,DCBWoWhsTpA_utt03669,DCBWoWhsTpA_utt03670,DCBWoWhsTpA_utt03671,DCBWoWhsTpA_utt03672,DCBWoWhsTpA_utt03673,DCBWoWhsTpA_utt03674,DCBWoWhsTpA_utt03675,DCBWoWhsTpA_utt03676,DCBWoWhsTpA_utt03677,DCBWoWhsTpA_utt03678,DCBWoWhsTpA_utt03679,DCBWoWhsTpA_utt03680,DCBWoWhsTpA_utt03681,DCBWoWhsTpA_utt03682,DCBWoWhsTpA_utt03683,DCBWoWhsTpA_utt03684,DCBWoWhsTpA_utt03685",25,/Users/rajeshpmu/Desktop/LegalMemoCMT/data/phase2/clancy/corpus/raw/live-lindsay-clancy-trial-day-14/live-lindsay-clancy-trial-day-14_DCBWoWhsTpA.mp4,/Users/rajeshpmu/Desktop/LegalMemoCMT/data/phase2/clancy/corpus/raw/live-lindsay-clancy-trial-day-14/live-lindsay-clancy-trial-day-14_DCBWoWhsTpA.wav,/Users/rajeshpmu/Desktop/LegalMemoCMT/data/processed/phase2/clancy/turn_clips/video/DCBWoWhsTpA/DCBWoWhsTpA_turn06389.mp4,/Users/rajeshpmu/Desktop/LegalMemoCMT/data/processed/phase2/clancy/turn_clips/audio/DCBWoWhsTpA/DCBWoWhsTpA_turn06389.wav,4792.148,4819.749,27.601,created,01:19:52.148,01:20:19.749,0.0,default_zero,SPEAKER_18,10.305,pyannote/speaker-diarization-3.1,Witness,manual_verified_diarization,HIGH,YES,SPEAKING,Witness,YES,Witness 15 identified by manual audio/video review,INCLUDE,,YES,speaker_role=Witness,split_dev;usable,"usable because speaker_role=Witness, witness_speaking_status=SPEAKING, clip_status=created, duration=27.601s, and source is not excluded",YES,0.6,HIGH,manual_clip_review,HUMAN_VERIFIED,/Users/rajeshpmu/Desktop/LegalMemoCMT/data/processed/phase2/clancy/turn_clips/video/DCBWoWhsTpA/DCBWoWhsTpA_turn06389.mp4,/Users/rajeshpmu/Desktop/LegalMemoCMT/data/processed/phase2/clancy/vit_facecrop_embeddings/DCBWoWhsTpA/DCBWoWhsTpA_turn06389.npy,created,neutral,0.824531,0.730285,"{""anger"": 0.041497, ""disgust"": 0.00602, ""fear"": 0.008256, ""joy"": 0.066187, ""neutral"": 0.824531, ""sadness"": 0.037805, ""surprise"": 0.015703}",/Users/rajeshpmu/Desktop/LegalMemoCMT/results/facial_cues/meld_vit_facecrop_gated_video_aux/fold_4/best_model.pt,phase1_meld_checkpoint_pseudo_label,"audio,text,video","audio,text,video","{""audio_dim"": 128, ""audio_model_name"": ""facebook/hubert-base-ls960"", ""dropout"": 0.1, ""encoder_mode"": ""paper"", ""freeze_audio_backbone"": false, ""freeze_text_backbone"": false, ""fusion_dim"": 256, ""fusion_mode"": ""gated"", ""fusion_pooling"": ""min"", ""max_audio_len"": 256, ""max_text_len"": 128, ""max_video_len"": 32, ""num_classes"": 7, ""num_heads"": 4, ""num_layers"": 2, ""text_dim"": 256, ""text_model_name"": ""bert-base-uncased"", ""use_video"": true, ""video_dim"": 768, ""vocab_size"": 30000}",/Users/rajeshpmu/Desktop/LegalMemoCMT/data/processed/phase2/clancy/turn_clips/audio/DCBWoWhsTpA/DCBWoWhsTpA_turn06389.wav,OK,,0.478435,0.406331,0.406331,0.484874,3loi/SER-Odyssey-Baseline-WavLM-Multi-Attributes,OK,hap,1.0,speechbrain/emotion-recognition-wav2vec2-IEMOCAP,OK,NO,QUOTED_SPEECH,quote or reported speech marker,HIGH,LOW,HIGH,KEEP_PHASE1_CANDIDATE,neutral,joy,neutral,0.824531,neutral,0.824531,comparable Phase 1 and audio categorical outputs agree or audio class is not comparable,YES,UNKNOWN,,phase1_vs_comparable_audio_disagreement;low_or_moderate_audio_arousal
DCBWoWhsTpA_turn06451,DCBWoWhsTpA_turn06451,DCBWoWhsTpA,https://www.youtube.com/live/DCBWoWhsTpA,LIVE: Lindsay Clancy trial Day 14,full_trial_stream,5,/Users/rajeshpmu/Desktop/LegalMemoCMT/data/phase2/clancy/corpus/raw/live-lindsay-clancy-trial-day-14/live-lindsay-clancy-trial-day-14_DCBWoWhsTpA.en.vtt,/Users/rajeshpmu/Desktop/LegalMemoCMT/data/processed/phase2/clancy/turn_clips/video/DCBWoWhsTpA/DCBWoWhsTpA_turn06451.mp4,/Users/rajeshpmu/Desktop/LegalMemoCMT/data/processed/phase2/clancy/turn_clips/audio/DCBWoWhsTpA/DCBWoWhsTpA_turn06451.wav,DCBWoWhsTpA,group_by_youtube_id,dev,neutral,text_keyword_heuristic,LOW,YES,comparable Phase 1 and audio categorical outputs agree or audio class is not comparable,YES,Tell us your name.,Tell us your name.,01:36:31.422,01:36:33.411,1.989,1.989,marker,MEDIUM,1,3,"DCBWoWhsTpA_utt04341#p02,DCBWoWhsTpA_utt04342#p01,DCBWoWhsTpA_utt04343#p01","DCBWoWhsTpA_utt04341,DCBWoWhsTpA_utt04342,DCBWoWhsTpA_utt04343",3,/Users/rajeshpmu/Desktop/LegalMemoCMT/data/phase2/clancy/corpus/raw/live-lindsay-clancy-trial-day-14/live-lindsay-clancy-trial-day-14_DCBWoWhsTpA.mp4,/Users/rajeshpmu/Desktop/LegalMemoCMT/data/phase2/clancy/corpus/raw/live-lindsay-clancy-trial-day-14/live-lindsay-clancy-trial-day-14_DCBWoWhsTpA.wav,/Users/rajeshpmu/Desktop/LegalMemoCMT/data/processed/phase2/clancy/turn_clips/video/DCBWoWhsTpA/DCBWoWhsTpA_turn06451.mp4,/Users/rajeshpmu/Desktop/LegalMemoCMT/data/processed/phase2/clancy/turn_clips/audio/DCBWoWhsTpA/DCBWoWhsTpA_turn06451.wav,5791.422,5793.411,1.989,created,01:36:31.422,01:36:33.411,0.0,default_zero,SPEAKER_01,0.793,pyannote/speaker-diarization-3.1,Witness,manual_verified_diarization,HIGH,YES,SPEAKING,Witness,YES,Witness 19 identified by manual audio/video review,INCLUDE,,YES,speaker_role=Witness,split_dev;usable,"usable because speaker_role=Witness, witness_speaking_status=SPEAKING, clip_status=created, duration=1.989s, and source is not excluded",YES,0.6,HIGH,manual_clip_review,HUMAN_VERIFIED,/Users/rajeshpmu/Desktop/LegalMemoCMT/data/processed/phase2/clancy/turn_clips/video/DCBWoWhsTpA/DCBWoWhsTpA_turn06451.mp4,/Users/rajeshpmu/Desktop/LegalMemoCMT/data/processed/phase2/clancy/vit_facecrop_embeddings/DCBWoWhsTpA/DCBWoWhsTpA_turn06451.npy,created,neutral,0.968198,0.186085,"{""anger"": 0.013779, ""disgust"": 0.001629, ""fear"": 0.00224, ""joy"": 0.009999, ""neutral"": 0.968198, ""sadness"": 0.002487, ""surprise"": 0.001669}",/Users/rajeshpmu/Desktop/LegalMemoCMT/results/facial_cues/meld_vit_facecrop_gated_video_aux/fold_4/best_model.pt,phase1_meld_checkpoint_pseudo_label,"audio,text,video","audio,text,video","{""audio_dim"": 128, ""audio_model_name"": ""facebook/hubert-base-ls960"", ""dropout"": 0.1, ""encoder_mode"": ""paper"", ""freeze_audio_backbone"": false, ""freeze_text_backbone"": false, ""fusion_dim"": 256, ""fusion_mode"": ""gated"", ""fusion_pooling"": ""min"", ""max_audio_len"": 256, ""max_text_len"": 128, ""max_video_len"": 32, ""num_classes"": 7, ""num_heads"": 4, ""num_layers"": 2, ""text_dim"": 256, ""text_model_name"": ""bert-base-uncased"", ""use_video"": true, ""video_dim"": 768, ""vocab_size"": 30000}",/Users/rajeshpmu/Desktop/LegalMemoCMT/data/processed/phase2/clancy/turn_clips/audio/DCBWoWhsTpA/DCBWoWhsTpA_turn06451.wav,OK,,0.686084,0.577063,0.577063,0.575034,3loi/SER-Odyssey-Baseline-WavLM-Multi-Attributes,OK,hap,0.999999,speechbrain/emotion-recognition-wav2vec2-IEMOCAP,OK,NO,UNCLEAR,no explicit emotion-target evidence,HIGH,LOW,HIGH,KEEP_PHASE1_CANDIDATE,neutral,joy,neutral,0.968198,neutral,0.968198,comparable Phase 1 and audio categorical outputs agree or audio class is not comparable,YES,UNKNOWN,,phase1_vs_comparable_audio_disagreement
DCBWoWhsTpA_turn06486,DCBWoWhsTpA_turn06486,DCBWoWhsTpA,https://www.youtube.com/live/DCBWoWhsTpA,LIVE: Lindsay Clancy trial Day 14,full_trial_stream,5,/Users/rajeshpmu/Desktop/LegalMemoCMT/data/phase2/clancy/corpus/raw/live-lindsay-clancy-trial-day-14/live-lindsay-clancy-trial-day-14_DCBWoWhsTpA.en.vtt,/Users/rajeshpmu/Desktop/LegalMemoCMT/data/processed/phase2/clancy/turn_clips/video/DCBWoWhsTpA/DCBWoWhsTpA_turn06486.mp4,/Users/rajeshpmu/Desktop/LegalMemoCMT/data/processed/phase2/clancy/turn_clips/audio/DCBWoWhsTpA/DCBWoWhsTpA_turn06486.wav,DCBWoWhsTpA,group_by_youtube_id,dev,neutral,text_keyword_heuristic,LOW,YES,comparable Phase 1 and audio categorical outputs agree or audio class is not comparable,YES,"Um, did you observe, for example, that on occasion when she would be involved with the delivery of a baby that she would become emotional? Lindsay was often emotional during um birth um of complete strangers. She would she would cry and she would just say that was so beautiful. Um you could just tell that she really loved being in that setting","Um, did you observe, for example, that on occasion when she would be involved with the delivery of a baby that she would become emotional? Lindsay was often emotional during um birth um of complete strangers. She would she would cry and she would just say that was so beautiful. Um you could just tell that she really loved being in that setting",01:38:37.349,01:39:04.990,27.641,27.641,marker,MEDIUM,1,21,"DCBWoWhsTpA_utt04467#p02,DCBWoWhsTpA_utt04468#p01,DCBWoWhsTpA_utt04469#p01,DCBWoWhsTpA_utt04470#p01,DCBWoWhsTpA_utt04471#p01,DCBWoWhsTpA_utt04472#p01,DCBWoWhsTpA_utt04473#p01,DCBWoWhsTpA_utt04474#p01,DCBWoWhsTpA_utt04475#p01,DCBWoWhsTpA_utt04476#p01,DCBWoWhsTpA_utt04477#p01,DCBWoWhsTpA_utt04478#p01,DCBWoWhsTpA_utt04479#p01,DCBWoWhsTpA_utt04480#p01,DCBWoWhsTpA_utt04481#p01,DCBWoWhsTpA_utt04482#p01,DCBWoWhsTpA_utt04483#p01,DCBWoWhsTpA_utt04484#p01,DCBWoWhsTpA_utt04485#p01,DCBWoWhsTpA_utt04486#p01,DCBWoWhsTpA_utt04487#p01","DCBWoWhsTpA_utt04467,DCBWoWhsTpA_utt04468,DCBWoWhsTpA_utt04469,DCBWoWhsTpA_utt04470,DCBWoWhsTpA_utt04471,DCBWoWhsTpA_utt04472,DCBWoWhsTpA_utt04473,DCBWoWhsTpA_utt04474,DCBWoWhsTpA_utt04475,DCBWoWhsTpA_utt04476,DCBWoWhsTpA_utt04477,DCBWoWhsTpA_utt04478,DCBWoWhsTpA_utt04479,DCBWoWhsTpA_utt04480,DCBWoWhsTpA_utt04481,DCBWoWhsTpA_utt04482,DCBWoWhsTpA_utt04483,DCBWoWhsTpA_utt04484,DCBWoWhsTpA_utt04485,DCBWoWhsTpA_utt04486,DCBWoWhsTpA_utt04487",21,/Users/rajeshpmu/Desktop/LegalMemoCMT/data/phase2/clancy/corpus/raw/live-lindsay-clancy-trial-day-14/live-lindsay-clancy-trial-day-14_DCBWoWhsTpA.mp4,/Users/rajeshpmu/Desktop/LegalMemoCMT/data/phase2/clancy/corpus/raw/live-lindsay-clancy-trial-day-14/live-lindsay-clancy-trial-day-14_DCBWoWhsTpA.wav,/Users/rajeshpmu/Desktop/LegalMemoCMT/data/processed/phase2/clancy/turn_clips/video/DCBWoWhsTpA/DCBWoWhsTpA_turn06486.mp4,/Users/rajeshpmu/Desktop/LegalMemoCMT/data/processed/phase2/clancy/turn_clips/audio/DCBWoWhsTpA/DCBWoWhsTpA_turn06486.wav,5917.349,5944.99,27.641,created,01:38:37.349,01:39:04.990,0.0,default_zero,SPEAKER_01,11.441,pyannote/speaker-diarization-3.1,Witness,manual_verified_diarization,HIGH,YES,SPEAKING,Witness,YES,Witness 19 identified by manual audio/video review,INCLUDE,,YES,speaker_role=Witness,split_dev;usable,"usable because speaker_role=Witness, witness_speaking_status=SPEAKING, clip_status=created, duration=27.641s, and source is not excluded",YES,0.6,HIGH,manual_clip_review,HUMAN_VERIFIED,/Users/rajeshpmu/Desktop/LegalMemoCMT/data/processed/phase2/clancy/turn_clips/video/DCBWoWhsTpA/DCBWoWhsTpA_turn06486.mp4,/Users/rajeshpmu/Desktop/LegalMemoCMT/data/processed/phase2/clancy/vit_facecrop_embeddings/DCBWoWhsTpA/DCBWoWhsTpA_turn06486.npy,created,anger,0.536997,1.300646,"{""anger"": 0.536997, ""disgust"": 0.019676, ""fear"": 0.032886, ""joy"": 0.066395, ""neutral"": 0.269671, ""sadness"": 0.030676, ""surprise"": 0.0437}",/Users/rajeshpmu/Desktop/LegalMemoCMT/results/facial_cues/meld_vit_facecrop_gated_video_aux/fold_4/best_model.pt,phase1_meld_checkpoint_pseudo_label,"audio,text,video","audio,text,video","{""audio_dim"": 128, ""audio_model_name"": ""facebook/hubert-base-ls960"", ""dropout"": 0.1, ""encoder_mode"": ""paper"", ""freeze_audio_backbone"": false, ""freeze_text_backbone"": false, ""fusion_dim"": 256, ""fusion_mode"": ""gated"", ""fusion_pooling"": ""min"", ""max_audio_len"": 256, ""max_text_len"": 128, ""max_video_len"": 32, ""num_classes"": 7, ""num_heads"": 4, ""num_layers"": 2, ""text_dim"": 256, ""text_model_name"": ""bert-base-uncased"", ""use_video"": true, ""video_dim"": 768, ""vocab_size"": 30000}",/Users/rajeshpmu/Desktop/LegalMemoCMT/data/processed/phase2/clancy/turn_clips/audio/DCBWoWhsTpA/DCBWoWhsTpA_turn06486.wav,OK,,0.429912,0.262772,0.262772,0.374111,3loi/SER-Odyssey-Baseline-WavLM-Multi-Attributes,OK,hap,1.0,speechbrain/emotion-recognition-wav2vec2-IEMOCAP,OK,YES,OTHER_PERSON_DESCRIBED,emotion term occurs with other-person reference,HIGH,HIGH,HIGH,KEEP_PHASE1_CANDIDATE,anger,joy,anger,0.536997,anger,0.536997,comparable Phase 1 and audio categorical outputs agree or audio class is not comparable,YES,UNKNOWN,,phase1_vs_comparable_audio_disagreement;other_person_emotion_scope;low_or_moderate_audio_arousal
DCBWoWhsTpA_turn06504,DCBWoWhsTpA_turn06504,DCBWoWhsTpA,https://www.youtube.com/live/DCBWoWhsTpA,LIVE: Lindsay Clancy trial Day 14,full_trial_stream,5,/Users/rajeshpmu/Desktop/LegalMemoCMT/data/phase2/clancy/corpus/raw/live-lindsay-clancy-trial-day-14/live-lindsay-clancy-trial-day-14_DCBWoWhsTpA.en.vtt,/Users/rajeshpmu/Desktop/LegalMemoCMT/data/processed/phase2/clancy/turn_clips/video/DCBWoWhsTpA/DCBWoWhsTpA_turn06504.mp4,/Users/rajeshpmu/Desktop/LegalMemoCMT/data/processed/phase2/clancy/turn_clips/audio/DCBWoWhsTpA/DCBWoWhsTpA_turn06504.wav,DCBWoWhsTpA,group_by_youtube_id,dev,neutral,text_keyword_heuristic,LOW,YES,comparable Phase 1 and audio categorical outputs agree or audio class is not comparable,YES,Of of course it was a very challenging time as a healthcare provider.,Of of course it was a very challenging time as a healthcare provider.,01:42:30.978,01:42:36.381,5.403,5.403,marker,MEDIUM,1,5,"DCBWoWhsTpA_utt04657#p02,DCBWoWhsTpA_utt04658#p01,DCBWoWhsTpA_utt04659#p01,DCBWoWhsTpA_utt04660#p01,DCBWoWhsTpA_utt04661#p01","DCBWoWhsTpA_utt04657,DCBWoWhsTpA_utt04658,DCBWoWhsTpA_utt04659,DCBWoWhsTpA_utt04660,DCBWoWhsTpA_utt04661",5,/Users/rajeshpmu/Desktop/LegalMemoCMT/data/phase2/clancy/corpus/raw/live-lindsay-clancy-trial-day-14/live-lindsay-clancy-trial-day-14_DCBWoWhsTpA.mp4,/Users/rajeshpmu/Desktop/LegalMemoCMT/data/phase2/clancy/corpus/raw/live-lindsay-clancy-trial-day-14/live-lindsay-clancy-trial-day-14_DCBWoWhsTpA.wav,/Users/rajeshpmu/Desktop/LegalMemoCMT/data/processed/phase2/clancy/turn_clips/video/DCBWoWhsTpA/DCBWoWhsTpA_turn06504.mp4,/Users/rajeshpmu/Desktop/LegalMemoCMT/data/processed/phase2/clancy/turn_clips/audio/DCBWoWhsTpA/DCBWoWhsTpA_turn06504.wav,6150.978,6156.381,5.403,created,01:42:30.978,01:42:36.381,0.0,default_zero,SPEAKER_01,2.42,pyannote/speaker-diarization-3.1,Witness,manual_verified_diarization,HIGH,YES,SPEAKING,Witness,YES,Witness 19 identified by manual audio/video review,INCLUDE,,YES,speaker_role=Witness,split_dev;usable,"usable because speaker_role=Witness, witness_speaking_status=SPEAKING, clip_status=created, duration=5.403s, and source is not excluded",YES,0.6,HIGH,manual_clip_review,HUMAN_VERIFIED,/Users/rajeshpmu/Desktop/LegalMemoCMT/data/processed/phase2/clancy/turn_clips/video/DCBWoWhsTpA/DCBWoWhsTpA_turn06504.mp4,/Users/rajeshpmu/Desktop/LegalMemoCMT/data/processed/phase2/clancy/vit_facecrop_embeddings/DCBWoWhsTpA/DCBWoWhsTpA_turn06504.npy,created,fear,0.953815,0.250178,"{""anger"": 0.00332, ""disgust"": 0.001122, ""fear"": 0.953815, ""joy"": 0.003083, ""neutral"": 0.021926, ""sadness"": 0.013316, ""surprise"": 0.003418}",/Users/rajeshpmu/Desktop/LegalMemoCMT/results/facial_cues/meld_vit_facecrop_gated_video_aux/fold_4/best_model.pt,phase1_meld_checkpoint_pseudo_label,"audio,text,video","audio,text,video","{""audio_dim"": 128, ""audio_model_name"": ""facebook/hubert-base-ls960"", ""dropout"": 0.1, ""encoder_mode"": ""paper"", ""freeze_audio_backbone"": false, ""freeze_text_backbone"": false, ""fusion_dim"": 256, ""fusion_mode"": ""gated"", ""fusion_pooling"": ""min"", ""max_audio_len"": 256, ""max_text_len"": 128, ""max_video_len"": 32, ""num_classes"": 7, ""num_heads"": 4, ""num_layers"": 2, ""text_dim"": 256, ""text_model_name"": ""bert-base-uncased"", ""use_video"": true, ""video_dim"": 768, ""vocab_size"": 30000}",/Users/rajeshpmu/Desktop/LegalMemoCMT/data/processed/phase2/clancy/turn_clips/audio/DCBWoWhsTpA/DCBWoWhsTpA_turn06504.wav,OK,,0.548177,0.255834,0.255834,0.349417,3loi/SER-Odyssey-Baseline-WavLM-Multi-Attributes,OK,hap,1.0,speechbrain/emotion-recognition-wav2vec2-IEMOCAP,OK,NO,UNCLEAR,no explicit emotion-target evidence,HIGH,LOW,HIGH,KEEP_PHASE1_CANDIDATE,fear,joy,fear,0.953815,fear,0.953815,comparable Phase 1 and audio categorical outputs agree or audio class is not comparable,YES,UNKNOWN,,phase1_vs_comparable_audio_disagreement;low_or_moderate_audio_arousal
DCBWoWhsTpA_turn06530,DCBWoWhsTpA_turn06530,DCBWoWhsTpA,https://www.youtube.com/live/DCBWoWhsTpA,LIVE: Lindsay Clancy trial Day 14,full_trial_stream,5,/Users/rajeshpmu/Desktop/LegalMemoCMT/data/phase2/clancy/corpus/raw/live-lindsay-clancy-trial-day-14/live-lindsay-clancy-trial-day-14_DCBWoWhsTpA.en.vtt,/Users/rajeshpmu/Desktop/LegalMemoCMT/data/processed/phase2/clancy/turn_clips/video/DCBWoWhsTpA/DCBWoWhsTpA_turn06530.mp4,/Users/rajeshpmu/Desktop/LegalMemoCMT/data/processed/phase2/clancy/turn_clips/audio/DCBWoWhsTpA/DCBWoWhsTpA_turn06530.wav,DCBWoWhsTpA,group_by_youtube_id,dev,neutral,text_keyword_heuristic,LOW,YES,comparable Phase 1 and audio categorical outputs agree or audio class is not comparable,YES,All set.,All set.,01:45:39.955,01:45:41.475,1.52,1.52,marker,MEDIUM,1,3,"DCBWoWhsTpA_utt04823#p02,DCBWoWhsTpA_utt04824#p01,DCBWoWhsTpA_utt04825#p01","DCBWoWhsTpA_utt04823,DCBWoWhsTpA_utt04824,DCBWoWhsTpA_utt04825",3,/Users/rajeshpmu/Desktop/LegalMemoCMT/data/phase2/clancy/corpus/raw/live-lindsay-clancy-trial-day-14/live-lindsay-clancy-trial-day-14_DCBWoWhsTpA.mp4,/Users/rajeshpmu/Desktop/LegalMemoCMT/data/phase2/clancy/corpus/raw/live-lindsay-clancy-trial-day-14/live-lindsay-clancy-trial-day-14_DCBWoWhsTpA.wav,/Users/rajeshpmu/Desktop/LegalMemoCMT/data/processed/phase2/clancy/turn_clips/video/DCBWoWhsTpA/DCBWoWhsTpA_turn06530.mp4,/Users/rajeshpmu/Desktop/LegalMemoCMT/data/processed/phase2/clancy/turn_clips/audio/DCBWoWhsTpA/DCBWoWhsTpA_turn06530.wav,6339.955,6341.475,1.52,created,01:45:39.955,01:45:41.475,0.0,default_zero,SPEAKER_01,0.472,pyannote/speaker-diarization-3.1,Witness,manual_verified_diarization,HIGH,YES,SPEAKING,Witness,YES,Witness 19 identified by manual audio/video review,INCLUDE,,YES,speaker_role=Witness,split_dev;usable,"usable because speaker_role=Witness, witness_speaking_status=SPEAKING, clip_status=created, duration=1.520s, and source is not excluded",YES,0.6,HIGH,manual_clip_review,HUMAN_VERIFIED,/Users/rajeshpmu/Desktop/LegalMemoCMT/data/processed/phase2/clancy/turn_clips/video/DCBWoWhsTpA/DCBWoWhsTpA_turn06530.mp4,/Users/rajeshpmu/Desktop/LegalMemoCMT/data/processed/phase2/clancy/vit_facecrop_embeddings/DCBWoWhsTpA/DCBWoWhsTpA_turn06530.npy,created,neutral,0.906644,0.427972,"{""anger"": 0.051732, ""disgust"": 0.001714, ""fear"": 0.005383, ""joy"": 0.018333, ""neutral"": 0.906644, ""sadness"": 0.013803, ""surprise"": 0.002391}",/Users/rajeshpmu/Desktop/LegalMemoCMT/results/facial_cues/meld_vit_facecrop_gated_video_aux/fold_4/best_model.pt,phase1_meld_checkpoint_pseudo_label,"audio,text,video","audio,text,video","{""audio_dim"": 128, ""audio_model_name"": ""facebook/hubert-base-ls960"", ""dropout"": 0.1, ""encoder_mode"": ""paper"", ""freeze_audio_backbone"": false, ""freeze_text_backbone"": false, ""fusion_dim"": 256, ""fusion_mode"": ""gated"", ""fusion_pooling"": ""min"", ""max_audio_len"": 256, ""max_text_len"": 128, ""max_video_len"": 32, ""num_classes"": 7, ""num_heads"": 4, ""num_layers"": 2, ""text_dim"": 256, ""text_model_name"": ""bert-base-uncased"", ""use_video"": true, ""video_dim"": 768, ""vocab_size"": 30000}",/Users/rajeshpmu/Desktop/LegalMemoCMT/data/processed/phase2/clancy/turn_clips/audio/DCBWoWhsTpA/DCBWoWhsTpA_turn06530.wav,OK,,0.527381,0.39239,0.39239,0.403357,3loi/SER-Odyssey-Baseline-WavLM-Multi-Attributes,OK,ang,0.935279,speechbrain/emotion-recognition-wav2vec2-IEMOCAP,OK,NO,UNCLEAR,no explicit emotion-target evidence,HIGH,LOW,HIGH,KEEP_PHASE1_CANDIDATE,neutral,anger,neutral,0.906644,neutral,0.906644,comparable Phase 1 and audio categorical outputs agree or audio class is not comparable,YES,UNKNOWN,,phase1_vs_comparable_audio_disagreement;low_or_moderate_audio_arousal
DCBWoWhsTpA_turn06571,DCBWoWhsTpA_turn06571,DCBWoWhsTpA,https://www.youtube.com/live/DCBWoWhsTpA,LIVE: Lindsay Clancy trial Day 14,full_trial_stream,5,/Users/rajeshpmu/Desktop/LegalMemoCMT/data/phase2/clancy/corpus/raw/live-lindsay-clancy-trial-day-14/live-lindsay-clancy-trial-day-14_DCBWoWhsTpA.en.vtt,/Users/rajeshpmu/Desktop/LegalMemoCMT/data/processed/phase2/clancy/turn_clips/video/DCBWoWhsTpA/DCBWoWhsTpA_turn06571.mp4,/Users/rajeshpmu/Desktop/LegalMemoCMT/data/processed/phase2/clancy/turn_clips/audio/DCBWoWhsTpA/DCBWoWhsTpA_turn06571.wav,DCBWoWhsTpA,group_by_youtube_id,dev,neutral,text_keyword_heuristic,LOW,YES,comparable Phase 1 and audio categorical outputs agree or audio class is not comparable,YES,Share the name. Okay.,Share the name. Okay.,01:51:03.954,01:51:05.698,1.744,1.744,marker,MEDIUM,1,3,"DCBWoWhsTpA_utt05075#p02,DCBWoWhsTpA_utt05076#p01,DCBWoWhsTpA_utt05077#p01","DCBWoWhsTpA_utt05075,DCBWoWhsTpA_utt05076,DCBWoWhsTpA_utt05077",3,/Users/rajeshpmu/Desktop/LegalMemoCMT/data/phase2/clancy/corpus/raw/live-lindsay-clancy-trial-day-14/live-lindsay-clancy-trial-day-14_DCBWoWhsTpA.mp4,/Users/rajeshpmu/Desktop/LegalMemoCMT/data/phase2/clancy/corpus/raw/live-lindsay-clancy-trial-day-14/live-lindsay-clancy-trial-day-14_DCBWoWhsTpA.wav,/Users/rajeshpmu/Desktop/LegalMemoCMT/data/processed/phase2/clancy/turn_clips/video/DCBWoWhsTpA/DCBWoWhsTpA_turn06571.mp4,/Users/rajeshpmu/Desktop/LegalMemoCMT/data/processed/phase2/clancy/turn_clips/audio/DCBWoWhsTpA/DCBWoWhsTpA_turn06571.wav,6663.954,6665.698,1.744,created,01:51:03.954,01:51:05.698,0.0,default_zero,SPEAKER_07,0.895,pyannote/speaker-diarization-3.1,Witness,manual_verified_diarization,HIGH,YES,SPEAKING,Witness,YES,Witness 18 identified by manual audio/video review,INCLUDE,,YES,speaker_role=Witness,split_dev;usable,"usable because speaker_role=Witness, witness_speaking_status=SPEAKING, clip_status=created, duration=1.744s, and source is not excluded",YES,0.6,HIGH,manual_clip_review,HUMAN_VERIFIED,/Users/rajeshpmu/Desktop/LegalMemoCMT/data/processed/phase2/clancy/turn_clips/video/DCBWoWhsTpA/DCBWoWhsTpA_turn06571.mp4,/Users/rajeshpmu/Desktop/LegalMemoCMT/data/processed/phase2/clancy/vit_facecrop_embeddings/DCBWoWhsTpA/DCBWoWhsTpA_turn06571.npy,created,neutral,0.961846,0.220789,"{""anger"": 0.011535, ""disgust"": 0.00076, ""fear"": 0.006239, ""joy"": 0.012459, ""neutral"": 0.961846, ""sadness"": 0.004425, ""surprise"": 0.002735}",/Users/rajeshpmu/Desktop/LegalMemoCMT/results/facial_cues/meld_vit_facecrop_gated_video_aux/fold_4/best_model.pt,phase1_meld_checkpoint_pseudo_label,"audio,text,video","audio,text,video","{""audio_dim"": 128, ""audio_model_name"": ""facebook/hubert-base-ls960"", ""dropout"": 0.1, ""encoder_mode"": ""paper"", ""freeze_audio_backbone"": false, ""freeze_text_backbone"": false, ""fusion_dim"": 256, ""fusion_mode"": ""gated"", ""fusion_pooling"": ""min"", ""max_audio_len"": 256, ""max_text_len"": 128, ""max_video_len"": 32, ""num_classes"": 7, ""num_heads"": 4, ""num_layers"": 2, ""text_dim"": 256, ""text_model_name"": ""bert-base-uncased"", ""use_video"": true, ""video_dim"": 768, ""vocab_size"": 30000}",/Users/rajeshpmu/Desktop/LegalMemoCMT/data/processed/phase2/clancy/turn_clips/audio/DCBWoWhsTpA/DCBWoWhsTpA_turn06571.wav,OK,,0.425081,0.404514,0.404514,0.414605,3loi/SER-Odyssey-Baseline-WavLM-Multi-Attributes,OK,hap,0.999992,speechbrain/emotion-recognition-wav2vec2-IEMOCAP,OK,NO,UNCLEAR,no explicit emotion-target evidence,HIGH,LOW,HIGH,KEEP_PHASE1_CANDIDATE,neutral,joy,neutral,0.961846,neutral,0.961846,comparable Phase 1 and audio categorical outputs agree or audio class is not comparable,YES,UNKNOWN,,phase1_vs_comparable_audio_disagreement;low_or_moderate_audio_arousal
DCBWoWhsTpA_turn06575,DCBWoWhsTpA_turn06575,DCBWoWhsTpA,https://www.youtube.com/live/DCBWoWhsTpA,LIVE: Lindsay Clancy trial Day 14,full_trial_stream,5,/Users/rajeshpmu/Desktop/LegalMemoCMT/data/phase2/clancy/corpus/raw/live-lindsay-clancy-trial-day-14/live-lindsay-clancy-trial-day-14_DCBWoWhsTpA.en.vtt,/Users/rajeshpmu/Desktop/LegalMemoCMT/data/processed/phase2/clancy/turn_clips/video/DCBWoWhsTpA/DCBWoWhsTpA_turn06575.mp4,/Users/rajeshpmu/Desktop/LegalMemoCMT/data/processed/phase2/clancy/turn_clips/audio/DCBWoWhsTpA/DCBWoWhsTpA_turn06575.wav,DCBWoWhsTpA,group_by_youtube_id,dev,neutral,text_keyword_heuristic,LOW,YES,"calm courtroom presentation with neutral acoustic evidence, low/moderate excitement, and non-self emotion target",YES,"Um at the end of December, so I think it was more along the same of you know that she is really not feeling well, her mood is down. Um, she's feeling numb. She's feeling hopeless. Um, I believe the very end of the month she told me she had had suicidal ideation every day for a month.","Um at the end of December, so I think it was more along the same of you know that she is really not feeling well, her mood is down. Um, she's feeling numb. She's feeling hopeless. Um, I believe the very end of the month she told me she had had suicidal ideation every day for a month.",01:51:39.345,01:51:56.656,17.311,17.311,marker,MEDIUM,1,15,"DCBWoWhsTpA_utt05113#p02,DCBWoWhsTpA_utt05114#p01,DCBWoWhsTpA_utt05115#p01,DCBWoWhsTpA_utt05116#p01,DCBWoWhsTpA_utt05117#p01,DCBWoWhsTpA_utt05118#p01,DCBWoWhsTpA_utt05119#p01,DCBWoWhsTpA_utt05120#p01,DCBWoWhsTpA_utt05121#p01,DCBWoWhsTpA_utt05122#p01,DCBWoWhsTpA_utt05123#p01,DCBWoWhsTpA_utt05124#p01,DCBWoWhsTpA_utt05125#p01,DCBWoWhsTpA_utt05126#p01,DCBWoWhsTpA_utt05127#p01","DCBWoWhsTpA_utt05113,DCBWoWhsTpA_utt05114,DCBWoWhsTpA_utt05115,DCBWoWhsTpA_utt05116,DCBWoWhsTpA_utt05117,DCBWoWhsTpA_utt05118,DCBWoWhsTpA_utt05119,DCBWoWhsTpA_utt05120,DCBWoWhsTpA_utt05121,DCBWoWhsTpA_utt05122,DCBWoWhsTpA_utt05123,DCBWoWhsTpA_utt05124,DCBWoWhsTpA_utt05125,DCBWoWhsTpA_utt05126,DCBWoWhsTpA_utt05127",15,/Users/rajeshpmu/Desktop/LegalMemoCMT/data/phase2/clancy/corpus/raw/live-lindsay-clancy-trial-day-14/live-lindsay-clancy-trial-day-14_DCBWoWhsTpA.mp4,/Users/rajeshpmu/Desktop/LegalMemoCMT/data/phase2/clancy/corpus/raw/live-lindsay-clancy-trial-day-14/live-lindsay-clancy-trial-day-14_DCBWoWhsTpA.wav,/Users/rajeshpmu/Desktop/LegalMemoCMT/data/processed/phase2/clancy/turn_clips/video/DCBWoWhsTpA/DCBWoWhsTpA_turn06575.mp4,/Users/rajeshpmu/Desktop/LegalMemoCMT/data/processed/phase2/clancy/turn_clips/audio/DCBWoWhsTpA/DCBWoWhsTpA_turn06575.wav,6699.345,6716.656,17.311,created,01:51:39.345,01:51:56.656,0.0,default_zero,SPEAKER_07,10.445,pyannote/speaker-diarization-3.1,Witness,manual_verified_diarization,HIGH,YES,SPEAKING,Witness,YES,Witness 18 identified by manual audio/video review,INCLUDE,,YES,speaker_role=Witness,split_dev;usable,"usable because speaker_role=Witness, witness_speaking_status=SPEAKING, clip_status=created, duration=17.311s, and source is not excluded",YES,0.6,HIGH,manual_clip_review,HUMAN_VERIFIED,/Users/rajeshpmu/Desktop/LegalMemoCMT/data/processed/phase2/clancy/turn_clips/video/DCBWoWhsTpA/DCBWoWhsTpA_turn06575.mp4,/Users/rajeshpmu/Desktop/LegalMemoCMT/data/processed/phase2/clancy/vit_facecrop_embeddings/DCBWoWhsTpA/DCBWoWhsTpA_turn06575.npy,created,fear,0.704363,1.034482,"{""anger"": 0.005115, ""disgust"": 0.00591, ""fear"": 0.704363, ""joy"": 0.039849, ""neutral"": 0.075112, ""sadness"": 0.115175, ""surprise"": 0.054475}",/Users/rajeshpmu/Desktop/LegalMemoCMT/results/facial_cues/meld_vit_facecrop_gated_video_aux/fold_4/best_model.pt,phase1_meld_checkpoint_pseudo_label,"audio,text,video","audio,text,video","{""audio_dim"": 128, ""audio_model_name"": ""facebook/hubert-base-ls960"", ""dropout"": 0.1, ""encoder_mode"": ""paper"", ""freeze_audio_backbone"": false, ""freeze_text_backbone"": false, ""fusion_dim"": 256, ""fusion_mode"": ""gated"", ""fusion_pooling"": ""min"", ""max_audio_len"": 256, ""max_text_len"": 128, ""max_video_len"": 32, ""num_classes"": 7, ""num_heads"": 4, ""num_layers"": 2, ""text_dim"": 256, ""text_model_name"": ""bert-base-uncased"", ""use_video"": true, ""video_dim"": 768, ""vocab_size"": 30000}",/Users/rajeshpmu/Desktop/LegalMemoCMT/data/processed/phase2/clancy/turn_clips/audio/DCBWoWhsTpA/DCBWoWhsTpA_turn06575.wav,OK,,0.270048,0.37817,0.37817,0.468293,3loi/SER-Odyssey-Baseline-WavLM-Multi-Attributes,OK,neu,1.0,speechbrain/emotion-recognition-wav2vec2-IEMOCAP,OK,YES,OTHER_PERSON_DESCRIBED,emotion term occurs with other-person reference,HIGH,HIGH,HIGH,NEUTRAL_CANDIDATE,fear,neutral,neutral,0.720000,neutral,0.720000,"calm courtroom presentation with neutral acoustic evidence, low/moderate excitement, and non-self emotion target",YES,CALM_COMPOSED,1,phase1_vs_comparable_audio_disagreement;other_person_emotion_scope;low_or_moderate_audio_arousal;speechbrain_neutral
DCBWoWhsTpA_turn06582,DCBWoWhsTpA_turn06582,DCBWoWhsTpA,https://www.youtube.com/live/DCBWoWhsTpA,LIVE: Lindsay Clancy trial Day 14,full_trial_stream,5,/Users/rajeshpmu/Desktop/LegalMemoCMT/data/phase2/clancy/corpus/raw/live-lindsay-clancy-trial-day-14/live-lindsay-clancy-trial-day-14_DCBWoWhsTpA.en.vtt,/Users/rajeshpmu/Desktop/LegalMemoCMT/data/processed/phase2/clancy/turn_clips/video/DCBWoWhsTpA/DCBWoWhsTpA_turn06582.mp4,/Users/rajeshpmu/Desktop/LegalMemoCMT/data/processed/phase2/clancy/turn_clips/audio/DCBWoWhsTpA/DCBWoWhsTpA_turn06582.wav,DCBWoWhsTpA,group_by_youtube_id,dev,neutral,text_keyword_heuristic,LOW,YES,comparable Phase 1 and audio categorical outputs agree or audio class is not comparable,YES,I believe it was cerakool.,I believe it was cerakool.,01:52:37.456,01:52:38.617,1.161,1.161,marker,MEDIUM,1,3,"DCBWoWhsTpA_utt05163#p02,DCBWoWhsTpA_utt05164#p01,DCBWoWhsTpA_utt05165#p01","DCBWoWhsTpA_utt05163,DCBWoWhsTpA_utt05164,DCBWoWhsTpA_utt05165",3,/Users/rajeshpmu/Desktop/LegalMemoCMT/data/phase2/clancy/corpus/raw/live-lindsay-clancy-trial-day-14/live-lindsay-clancy-trial-day-14_DCBWoWhsTpA.mp4,/Users/rajeshpmu/Desktop/LegalMemoCMT/data/phase2/clancy/corpus/raw/live-lindsay-clancy-trial-day-14/live-lindsay-clancy-trial-day-14_DCBWoWhsTpA.wav,/Users/rajeshpmu/Desktop/LegalMemoCMT/data/processed/phase2/clancy/turn_clips/video/DCBWoWhsTpA/DCBWoWhsTpA_turn06582.mp4,/Users/rajeshpmu/Desktop/LegalMemoCMT/data/processed/phase2/clancy/turn_clips/audio/DCBWoWhsTpA/DCBWoWhsTpA_turn06582.wav,6757.456,6758.617,1.161,created,01:52:37.456,01:52:38.617,0.0,default_zero,SPEAKER_07,0.759,pyannote/speaker-diarization-3.1,Witness,manual_verified_diarization,HIGH,YES,SPEAKING,Witness,YES,Witness 18 identified by manual audio/video review,INCLUDE,,YES,speaker_role=Witness,split_dev;usable,"usable because speaker_role=Witness, witness_speaking_status=SPEAKING, clip_status=created, duration=1.161s, and source is not excluded",YES,0.6,HIGH,manual_clip_review,HUMAN_VERIFIED,/Users/rajeshpmu/Desktop/LegalMemoCMT/data/processed/phase2/clancy/turn_clips/video/DCBWoWhsTpA/DCBWoWhsTpA_turn06582.mp4,/Users/rajeshpmu/Desktop/LegalMemoCMT/data/processed/phase2/clancy/vit_facecrop_embeddings/DCBWoWhsTpA/DCBWoWhsTpA_turn06582.npy,created,neutral,0.955953,0.254957,"{""anger"": 0.014395, ""disgust"": 0.004162, ""fear"": 0.00756, ""joy"": 0.008254, ""neutral"": 0.955953, ""sadness"": 0.004222, ""surprise"": 0.005454}",/Users/rajeshpmu/Desktop/LegalMemoCMT/results/facial_cues/meld_vit_facecrop_gated_video_aux/fold_4/best_model.pt,phase1_meld_checkpoint_pseudo_label,"audio,text,video","audio,text,video","{""audio_dim"": 128, ""audio_model_name"": ""facebook/hubert-base-ls960"", ""dropout"": 0.1, ""encoder_mode"": ""paper"", ""freeze_audio_backbone"": false, ""freeze_text_backbone"": false, ""fusion_dim"": 256, ""fusion_mode"": ""gated"", ""fusion_pooling"": ""min"", ""max_audio_len"": 256, ""max_text_len"": 128, ""max_video_len"": 32, ""num_classes"": 7, ""num_heads"": 4, ""num_layers"": 2, ""text_dim"": 256, ""text_model_name"": ""bert-base-uncased"", ""use_video"": true, ""video_dim"": 768, ""vocab_size"": 30000}",/Users/rajeshpmu/Desktop/LegalMemoCMT/data/processed/phase2/clancy/turn_clips/audio/DCBWoWhsTpA/DCBWoWhsTpA_turn06582.wav,OK,,0.452211,0.370396,0.370396,0.432631,3loi/SER-Odyssey-Baseline-WavLM-Multi-Attributes,OK,ang,0.878094,speechbrain/emotion-recognition-wav2vec2-IEMOCAP,OK,NO,UNCLEAR,no explicit emotion-target evidence,HIGH,LOW,HIGH,KEEP_PHASE1_CANDIDATE,neutral,anger,neutral,0.955953,neutral,0.955953,comparable Phase 1 and audio categorical outputs agree or audio class is not comparable,YES,UNKNOWN,,phase1_vs_comparable_audio_disagreement;low_or_moderate_audio_arousal
DCBWoWhsTpA_turn06663,DCBWoWhsTpA_turn06663,DCBWoWhsTpA,https://www.youtube.com/live/DCBWoWhsTpA,LIVE: Lindsay Clancy trial Day 14,full_trial_stream,5,/Users/rajeshpmu/Desktop/LegalMemoCMT/data/phase2/clancy/corpus/raw/live-lindsay-clancy-trial-day-14/live-lindsay-clancy-trial-day-14_DCBWoWhsTpA.en.vtt,/Users/rajeshpmu/Desktop/LegalMemoCMT/data/processed/phase2/clancy/turn_clips/video/DCBWoWhsTpA/DCBWoWhsTpA_turn06663.mp4,/Users/rajeshpmu/Desktop/LegalMemoCMT/data/processed/phase2/clancy/turn_clips/audio/DCBWoWhsTpA/DCBWoWhsTpA_turn06663.wav,DCBWoWhsTpA,group_by_youtube_id,dev,neutral,text_keyword_heuristic,LOW,YES,comparable Phase 1 and audio categorical outputs agree or audio class is not comparable,YES,So there could have been some phone calls.,So there could have been some phone calls.,01:58:38.111,01:58:41.152,3.041,3.041,marker,MEDIUM,1,5,"DCBWoWhsTpA_utt05537#p02,DCBWoWhsTpA_utt05538#p01,DCBWoWhsTpA_utt05539#p01,DCBWoWhsTpA_utt05540#p01,DCBWoWhsTpA_utt05541#p01","DCBWoWhsTpA_utt05537,DCBWoWhsTpA_utt05538,DCBWoWhsTpA_utt05539,DCBWoWhsTpA_utt05540,DCBWoWhsTpA_utt05541",5,/Users/rajeshpmu/Desktop/LegalMemoCMT/data/phase2/clancy/corpus/raw/live-lindsay-clancy-trial-day-14/live-lindsay-clancy-trial-day-14_DCBWoWhsTpA.mp4,/Users/rajeshpmu/Desktop/LegalMemoCMT/data/phase2/clancy/corpus/raw/live-lindsay-clancy-trial-day-14/live-lindsay-clancy-trial-day-14_DCBWoWhsTpA.wav,/Users/rajeshpmu/Desktop/LegalMemoCMT/data/processed/phase2/clancy/turn_clips/video/DCBWoWhsTpA/DCBWoWhsTpA_turn06663.mp4,/Users/rajeshpmu/Desktop/LegalMemoCMT/data/processed/phase2/clancy/turn_clips/audio/DCBWoWhsTpA/DCBWoWhsTpA_turn06663.wav,7118.111,7121.152,3.041,created,01:58:38.111,01:58:41.152,0.0,default_zero,SPEAKER_07,0.909,pyannote/speaker-diarization-3.1,Witness,manual_verified_diarization,HIGH,YES,SPEAKING,Witness,YES,Witness 18 identified by manual audio/video review,INCLUDE,,YES,speaker_role=Witness,split_dev;usable,"usable because speaker_role=Witness, witness_speaking_status=SPEAKING, clip_status=created, duration=3.041s, and source is not excluded",YES,0.6,HIGH,manual_clip_review,HUMAN_VERIFIED,/Users/rajeshpmu/Desktop/LegalMemoCMT/data/processed/phase2/clancy/turn_clips/video/DCBWoWhsTpA/DCBWoWhsTpA_turn06663.mp4,/Users/rajeshpmu/Desktop/LegalMemoCMT/data/processed/phase2/clancy/vit_facecrop_embeddings/DCBWoWhsTpA/DCBWoWhsTpA_turn06663.npy,created,neutral,0.956902,0.244773,"{""anger"": 0.016379, ""disgust"": 0.004231, ""fear"": 0.006382, ""joy"": 0.008212, ""neutral"": 0.956902, ""sadness"": 0.007249, ""surprise"": 0.000646}",/Users/rajeshpmu/Desktop/LegalMemoCMT/results/facial_cues/meld_vit_facecrop_gated_video_aux/fold_4/best_model.pt,phase1_meld_checkpoint_pseudo_label,"audio,text,video","audio,text,video","{""audio_dim"": 128, ""audio_model_name"": ""facebook/hubert-base-ls960"", ""dropout"": 0.1, ""encoder_mode"": ""paper"", ""freeze_audio_backbone"": false, ""freeze_text_backbone"": false, ""fusion_dim"": 256, ""fusion_mode"": ""gated"", ""fusion_pooling"": ""min"", ""max_audio_len"": 256, ""max_text_len"": 128, ""max_video_len"": 32, ""num_classes"": 7, ""num_heads"": 4, ""num_layers"": 2, ""text_dim"": 256, ""text_model_name"": ""bert-base-uncased"", ""use_video"": true, ""video_dim"": 768, ""vocab_size"": 30000}",/Users/rajeshpmu/Desktop/LegalMemoCMT/data/processed/phase2/clancy/turn_clips/audio/DCBWoWhsTpA/DCBWoWhsTpA_turn06663.wav,OK,,0.347381,0.364376,0.364376,0.439011,3loi/SER-Odyssey-Baseline-WavLM-Multi-Attributes,OK,ang,1.0,speechbrain/emotion-recognition-wav2vec2-IEMOCAP,OK,NO,UNCLEAR,no explicit emotion-target evidence,HIGH,LOW,HIGH,KEEP_PHASE1_CANDIDATE,neutral,anger,neutral,0.956902,neutral,0.956902,comparable Phase 1 and audio categorical outputs agree or audio class is not comparable,YES,UNKNOWN,,phase1_vs_comparable_audio_disagreement;low_or_moderate_audio_arousal
DCBWoWhsTpA_turn06696,DCBWoWhsTpA_turn06696,DCBWoWhsTpA,https://www.youtube.com/live/DCBWoWhsTpA,LIVE: Lindsay Clancy trial Day 14,full_trial_stream,5,/Users/rajeshpmu/Desktop/LegalMemoCMT/data/phase2/clancy/corpus/raw/live-lindsay-clancy-trial-day-14/live-lindsay-clancy-trial-day-14_DCBWoWhsTpA.en.vtt,/Users/rajeshpmu/Desktop/LegalMemoCMT/data/processed/phase2/clancy/turn_clips/video/DCBWoWhsTpA/DCBWoWhsTpA_turn06696.mp4,/Users/rajeshpmu/Desktop/LegalMemoCMT/data/processed/phase2/clancy/turn_clips/audio/DCBWoWhsTpA/DCBWoWhsTpA_turn06696.wav,DCBWoWhsTpA,group_by_youtube_id,dev,neutral,text_keyword_heuristic,LOW,YES,comparable Phase 1 and audio categorical outputs agree or audio class is not comparable,YES,I loved my grandchildren with all my heart. You never know what it's like to love a grandchild until you become a grandmother. and it was the most beautiful thing. [gasps] I love them with all my heart.,I loved my grandchildren with all my heart. You never know what it's like to love a grandchild until you become a grandmother. and it was the most beautiful thing. [gasps] I love them with all my heart.,02:01:55.204,02:02:12.414,17.21,17.21,marker,MEDIUM,1,15,"DCBWoWhsTpA_utt05675#p02,DCBWoWhsTpA_utt05676#p01,DCBWoWhsTpA_utt05677#p01,DCBWoWhsTpA_utt05678#p01,DCBWoWhsTpA_utt05679#p01,DCBWoWhsTpA_utt05680#p01,DCBWoWhsTpA_utt05681#p01,DCBWoWhsTpA_utt05682#p01,DCBWoWhsTpA_utt05683#p01,DCBWoWhsTpA_utt05684#p01,DCBWoWhsTpA_utt05685#p01,DCBWoWhsTpA_utt05686#p01,DCBWoWhsTpA_utt05687#p01,DCBWoWhsTpA_utt05688#p01,DCBWoWhsTpA_utt05689#p01","DCBWoWhsTpA_utt05675,DCBWoWhsTpA_utt05676,DCBWoWhsTpA_utt05677,DCBWoWhsTpA_utt05678,DCBWoWhsTpA_utt05679,DCBWoWhsTpA_utt05680,DCBWoWhsTpA_utt05681,DCBWoWhsTpA_utt05682,DCBWoWhsTpA_utt05683,DCBWoWhsTpA_utt05684,DCBWoWhsTpA_utt05685,DCBWoWhsTpA_utt05686,DCBWoWhsTpA_utt05687,DCBWoWhsTpA_utt05688,DCBWoWhsTpA_utt05689",15,/Users/rajeshpmu/Desktop/LegalMemoCMT/data/phase2/clancy/corpus/raw/live-lindsay-clancy-trial-day-14/live-lindsay-clancy-trial-day-14_DCBWoWhsTpA.mp4,/Users/rajeshpmu/Desktop/LegalMemoCMT/data/phase2/clancy/corpus/raw/live-lindsay-clancy-trial-day-14/live-lindsay-clancy-trial-day-14_DCBWoWhsTpA.wav,/Users/rajeshpmu/Desktop/LegalMemoCMT/data/processed/phase2/clancy/turn_clips/video/DCBWoWhsTpA/DCBWoWhsTpA_turn06696.mp4,/Users/rajeshpmu/Desktop/LegalMemoCMT/data/processed/phase2/clancy/turn_clips/audio/DCBWoWhsTpA/DCBWoWhsTpA_turn06696.wav,7315.204,7332.414,17.21,created,02:01:55.204,02:02:12.414,0.0,default_zero,SPEAKER_02,5.518,pyannote/speaker-diarization-3.1,Witness,manual_verified_diarization,HIGH,YES,SPEAKING,Witness,YES,Witness 16 identified by manual audio/video review,INCLUDE,,YES,speaker_role=Witness,split_dev;usable,"usable because speaker_role=Witness, witness_speaking_status=SPEAKING, clip_status=created, duration=17.210s, and source is not excluded",YES,0.6,HIGH,manual_clip_review,HUMAN_VERIFIED,/Users/rajeshpmu/Desktop/LegalMemoCMT/data/processed/phase2/clancy/turn_clips/video/DCBWoWhsTpA/DCBWoWhsTpA_turn06696.mp4,/Users/rajeshpmu/Desktop/LegalMemoCMT/data/processed/phase2/clancy/vit_facecrop_embeddings/DCBWoWhsTpA/DCBWoWhsTpA_turn06696.npy,created,anger,0.980332,0.129603,"{""anger"": 0.980332, ""disgust"": 0.003019, ""fear"": 0.005482, ""joy"": 0.004129, ""neutral"": 0.003772, ""sadness"": 0.002596, ""surprise"": 0.000671}",/Users/rajeshpmu/Desktop/LegalMemoCMT/results/facial_cues/meld_vit_facecrop_gated_video_aux/fold_4/best_model.pt,phase1_meld_checkpoint_pseudo_label,"audio,text,video","audio,text,video","{""audio_dim"": 128, ""audio_model_name"": ""facebook/hubert-base-ls960"", ""dropout"": 0.1, ""encoder_mode"": ""paper"", ""freeze_audio_backbone"": false, ""freeze_text_backbone"": false, ""fusion_dim"": 256, ""fusion_mode"": ""gated"", ""fusion_pooling"": ""min"", ""max_audio_len"": 256, ""max_text_len"": 128, ""max_video_len"": 32, ""num_classes"": 7, ""num_heads"": 4, ""num_layers"": 2, ""text_dim"": 256, ""text_model_name"": ""bert-base-uncased"", ""use_video"": true, ""video_dim"": 768, ""vocab_size"": 30000}",/Users/rajeshpmu/Desktop/LegalMemoCMT/data/processed/phase2/clancy/turn_clips/audio/DCBWoWhsTpA/DCBWoWhsTpA_turn06696.wav,OK,,0.583126,0.459293,0.459293,0.548199,3loi/SER-Odyssey-Baseline-WavLM-Multi-Attributes,OK,hap,1.0,speechbrain/emotion-recognition-wav2vec2-IEMOCAP,OK,NO,UNCLEAR,no explicit emotion-target evidence,HIGH,LOW,HIGH,KEEP_PHASE1_CANDIDATE,anger,joy,anger,0.980332,anger,0.980332,comparable Phase 1 and audio categorical outputs agree or audio class is not comparable,YES,UNKNOWN,,phase1_vs_comparable_audio_disagreement
DCBWoWhsTpA_turn06714,DCBWoWhsTpA_turn06714,DCBWoWhsTpA,https://www.youtube.com/live/DCBWoWhsTpA,LIVE: Lindsay Clancy trial Day 14,full_trial_stream,5,/Users/rajeshpmu/Desktop/LegalMemoCMT/data/phase2/clancy/corpus/raw/live-lindsay-clancy-trial-day-14/live-lindsay-clancy-trial-day-14_DCBWoWhsTpA.en.vtt,/Users/rajeshpmu/Desktop/LegalMemoCMT/data/processed/phase2/clancy/turn_clips/video/DCBWoWhsTpA/DCBWoWhsTpA_turn06714.mp4,/Users/rajeshpmu/Desktop/LegalMemoCMT/data/processed/phase2/clancy/turn_clips/audio/DCBWoWhsTpA/DCBWoWhsTpA_turn06714.wav,DCBWoWhsTpA,group_by_youtube_id,dev,neutral,text_keyword_heuristic,LOW,YES,comparable Phase 1 and audio categorical outputs agree or audio class is not comparable,YES,Yes. She told me she was applying for an extension.,Yes. She told me she was applying for an extension.,02:04:45.911,02:04:47.951,2.04,2.04,marker,MEDIUM,1,5,"DCBWoWhsTpA_utt05819#p02,DCBWoWhsTpA_utt05820#p01,DCBWoWhsTpA_utt05821#p01,DCBWoWhsTpA_utt05822#p01,DCBWoWhsTpA_utt05823#p01","DCBWoWhsTpA_utt05819,DCBWoWhsTpA_utt05820,DCBWoWhsTpA_utt05821,DCBWoWhsTpA_utt05822,DCBWoWhsTpA_utt05823",5,/Users/rajeshpmu/Desktop/LegalMemoCMT/data/phase2/clancy/corpus/raw/live-lindsay-clancy-trial-day-14/live-lindsay-clancy-trial-day-14_DCBWoWhsTpA.mp4,/Users/rajeshpmu/Desktop/LegalMemoCMT/data/phase2/clancy/corpus/raw/live-lindsay-clancy-trial-day-14/live-lindsay-clancy-trial-day-14_DCBWoWhsTpA.wav,/Users/rajeshpmu/Desktop/LegalMemoCMT/data/processed/phase2/clancy/turn_clips/video/DCBWoWhsTpA/DCBWoWhsTpA_turn06714.mp4,/Users/rajeshpmu/Desktop/LegalMemoCMT/data/processed/phase2/clancy/turn_clips/audio/DCBWoWhsTpA/DCBWoWhsTpA_turn06714.wav,7485.911,7487.951,2.04,created,02:04:45.911,02:04:47.951,0.0,default_zero,SPEAKER_02,1.726,pyannote/speaker-diarization-3.1,Witness,manual_verified_diarization,HIGH,YES,SPEAKING,Witness,YES,Witness 16 identified by manual audio/video review,INCLUDE,,YES,speaker_role=Witness,split_dev;usable,"usable because speaker_role=Witness, witness_speaking_status=SPEAKING, clip_status=created, duration=2.040s, and source is not excluded",YES,0.6,HIGH,manual_clip_review,HUMAN_VERIFIED,/Users/rajeshpmu/Desktop/LegalMemoCMT/data/processed/phase2/clancy/turn_clips/video/DCBWoWhsTpA/DCBWoWhsTpA_turn06714.mp4,/Users/rajeshpmu/Desktop/LegalMemoCMT/data/processed/phase2/clancy/vit_facecrop_embeddings/DCBWoWhsTpA/DCBWoWhsTpA_turn06714.npy,created,neutral,0.717144,1.070731,"{""anger"": 0.033385, ""disgust"": 0.039457, ""fear"": 0.095927, ""joy"": 0.045278, ""neutral"": 0.717144, ""sadness"": 0.0481, ""surprise"": 0.020709}",/Users/rajeshpmu/Desktop/LegalMemoCMT/results/facial_cues/meld_vit_facecrop_gated_video_aux/fold_4/best_model.pt,phase1_meld_checkpoint_pseudo_label,"audio,text,video","audio,text,video","{""audio_dim"": 128, ""audio_model_name"": ""facebook/hubert-base-ls960"", ""dropout"": 0.1, ""encoder_mode"": ""paper"", ""freeze_audio_backbone"": false, ""freeze_text_backbone"": false, ""fusion_dim"": 256, ""fusion_mode"": ""gated"", ""fusion_pooling"": ""min"", ""max_audio_len"": 256, ""max_text_len"": 128, ""max_video_len"": 32, ""num_classes"": 7, ""num_heads"": 4, ""num_layers"": 2, ""text_dim"": 256, ""text_model_name"": ""bert-base-uncased"", ""use_video"": true, ""video_dim"": 768, ""vocab_size"": 30000}",/Users/rajeshpmu/Desktop/LegalMemoCMT/data/processed/phase2/clancy/turn_clips/audio/DCBWoWhsTpA/DCBWoWhsTpA_turn06714.wav,OK,,0.381021,0.348845,0.348845,0.437604,3loi/SER-Odyssey-Baseline-WavLM-Multi-Attributes,OK,hap,0.984909,speechbrain/emotion-recognition-wav2vec2-IEMOCAP,OK,NO,QUOTED_SPEECH,quote or reported speech marker,HIGH,LOW,HIGH,KEEP_PHASE1_CANDIDATE,neutral,joy,neutral,0.717144,neutral,0.717144,comparable Phase 1 and audio categorical outputs agree or audio class is not comparable,YES,UNKNOWN,,phase1_vs_comparable_audio_disagreement;low_or_moderate_audio_arousal
DCBWoWhsTpA_turn06736,DCBWoWhsTpA_turn06736,DCBWoWhsTpA,https://www.youtube.com/live/DCBWoWhsTpA,LIVE: Lindsay Clancy trial Day 14,full_trial_stream,5,/Users/rajeshpmu/Desktop/LegalMemoCMT/data/phase2/clancy/corpus/raw/live-lindsay-clancy-trial-day-14/live-lindsay-clancy-trial-day-14_DCBWoWhsTpA.en.vtt,/Users/rajeshpmu/Desktop/LegalMemoCMT/data/processed/phase2/clancy/turn_clips/video/DCBWoWhsTpA/DCBWoWhsTpA_turn06736.mp4,/Users/rajeshpmu/Desktop/LegalMemoCMT/data/processed/phase2/clancy/turn_clips/audio/DCBWoWhsTpA/DCBWoWhsTpA_turn06736.wav,DCBWoWhsTpA,group_by_youtube_id,dev,neutral,text_keyword_heuristic,LOW,YES,comparable Phase 1 and audio categorical outputs agree or audio class is not comparable,YES,"Mom, will you please come up and stay with me for a bit? I'm really sick. Something is wrong. I had horrible insomnia all night, and I just don't know how I'm going to get through the day. I started taking the medicine my doctor prescribed for anxiety, and I think it's made things worse. It's just really scary, and I don't want to be alone. Sorry about this","Mom, will you please come up and stay with me for a bit? I'm really sick. Something is wrong. I had horrible insomnia all night, and I just don't know how I'm going to get through the day. I started taking the medicine my doctor prescribed for anxiety, and I think it's made things worse. It's just really scary, and I don't want to be alone. Sorry about this",02:06:58.746,02:07:28.036,29.29,29.29,marker,MEDIUM,1,21,"DCBWoWhsTpA_utt05921#p02,DCBWoWhsTpA_utt05922#p01,DCBWoWhsTpA_utt05923#p01,DCBWoWhsTpA_utt05924#p01,DCBWoWhsTpA_utt05925#p01,DCBWoWhsTpA_utt05926#p01,DCBWoWhsTpA_utt05927#p01,DCBWoWhsTpA_utt05928#p01,DCBWoWhsTpA_utt05929#p01,DCBWoWhsTpA_utt05930#p01,DCBWoWhsTpA_utt05931#p01,DCBWoWhsTpA_utt05932#p01,DCBWoWhsTpA_utt05933#p01,DCBWoWhsTpA_utt05934#p01,DCBWoWhsTpA_utt05935#p01,DCBWoWhsTpA_utt05936#p01,DCBWoWhsTpA_utt05937#p01,DCBWoWhsTpA_utt05938#p01,DCBWoWhsTpA_utt05939#p01,DCBWoWhsTpA_utt05942#p01,DCBWoWhsTpA_utt05943#p01","DCBWoWhsTpA_utt05921,DCBWoWhsTpA_utt05922,DCBWoWhsTpA_utt05923,DCBWoWhsTpA_utt05924,DCBWoWhsTpA_utt05925,DCBWoWhsTpA_utt05926,DCBWoWhsTpA_utt05927,DCBWoWhsTpA_utt05928,DCBWoWhsTpA_utt05929,DCBWoWhsTpA_utt05930,DCBWoWhsTpA_utt05931,DCBWoWhsTpA_utt05932,DCBWoWhsTpA_utt05933,DCBWoWhsTpA_utt05934,DCBWoWhsTpA_utt05935,DCBWoWhsTpA_utt05936,DCBWoWhsTpA_utt05937,DCBWoWhsTpA_utt05938,DCBWoWhsTpA_utt05939,DCBWoWhsTpA_utt05942,DCBWoWhsTpA_utt05943",21,/Users/rajeshpmu/Desktop/LegalMemoCMT/data/phase2/clancy/corpus/raw/live-lindsay-clancy-trial-day-14/live-lindsay-clancy-trial-day-14_DCBWoWhsTpA.mp4,/Users/rajeshpmu/Desktop/LegalMemoCMT/data/phase2/clancy/corpus/raw/live-lindsay-clancy-trial-day-14/live-lindsay-clancy-trial-day-14_DCBWoWhsTpA.wav,/Users/rajeshpmu/Desktop/LegalMemoCMT/data/processed/phase2/clancy/turn_clips/video/DCBWoWhsTpA/DCBWoWhsTpA_turn06736.mp4,/Users/rajeshpmu/Desktop/LegalMemoCMT/data/processed/phase2/clancy/turn_clips/audio/DCBWoWhsTpA/DCBWoWhsTpA_turn06736.wav,7618.746,7648.036,29.29,created,02:06:58.746,02:07:28.036,0.0,default_zero,SPEAKER_02,3.915,pyannote/speaker-diarization-3.1,Witness,manual_verified_diarization,HIGH,YES,SPEAKING,Witness,YES,Witness 16 identified by manual audio/video review,INCLUDE,,YES,speaker_role=Witness,split_dev;usable,"usable because speaker_role=Witness, witness_speaking_status=SPEAKING, clip_status=created, duration=29.290s, and source is not excluded",YES,0.6,HIGH,manual_clip_review,HUMAN_VERIFIED,/Users/rajeshpmu/Desktop/LegalMemoCMT/data/processed/phase2/clancy/turn_clips/video/DCBWoWhsTpA/DCBWoWhsTpA_turn06736.mp4,/Users/rajeshpmu/Desktop/LegalMemoCMT/data/processed/phase2/clancy/vit_facecrop_embeddings/DCBWoWhsTpA/DCBWoWhsTpA_turn06736.npy,created,sadness,0.84068,0.582825,"{""anger"": 0.007422, ""disgust"": 0.003295, ""fear"": 0.122228, ""joy"": 0.009604, ""neutral"": 0.008479, ""sadness"": 0.84068, ""surprise"": 0.008291}",/Users/rajeshpmu/Desktop/LegalMemoCMT/results/facial_cues/meld_vit_facecrop_gated_video_aux/fold_4/best_model.pt,phase1_meld_checkpoint_pseudo_label,"audio,text,video","audio,text,video","{""audio_dim"": 128, ""audio_model_name"": ""facebook/hubert-base-ls960"", ""dropout"": 0.1, ""encoder_mode"": ""paper"", ""freeze_audio_backbone"": false, ""freeze_text_backbone"": false, ""fusion_dim"": 256, ""fusion_mode"": ""gated"", ""fusion_pooling"": ""min"", ""max_audio_len"": 256, ""max_text_len"": 128, ""max_video_len"": 32, ""num_classes"": 7, ""num_heads"": 4, ""num_layers"": 2, ""text_dim"": 256, ""text_model_name"": ""bert-base-uncased"", ""use_video"": true, ""video_dim"": 768, ""vocab_size"": 30000}",/Users/rajeshpmu/Desktop/LegalMemoCMT/data/processed/phase2/clancy/turn_clips/audio/DCBWoWhsTpA/DCBWoWhsTpA_turn06736.wav,OK,,0.190636,0.332204,0.332204,0.436596,3loi/SER-Odyssey-Baseline-WavLM-Multi-Attributes,OK,ang,1.0,speechbrain/emotion-recognition-wav2vec2-IEMOCAP,OK,NO,QUOTED_SPEECH,quote or reported speech marker,HIGH,LOW,HIGH,KEEP_PHASE1_CANDIDATE,sadness,anger,sadness,0.840680,sadness,0.840680,comparable Phase 1 and audio categorical outputs agree or audio class is not comparable,YES,UNKNOWN,,phase1_vs_comparable_audio_disagreement;low_or_moderate_audio_arousal
DCBWoWhsTpA_turn06752,DCBWoWhsTpA_turn06752,DCBWoWhsTpA,https://www.youtube.com/live/DCBWoWhsTpA,LIVE: Lindsay Clancy trial Day 14,full_trial_stream,5,/Users/rajeshpmu/Desktop/LegalMemoCMT/data/phase2/clancy/corpus/raw/live-lindsay-clancy-trial-day-14/live-lindsay-clancy-trial-day-14_DCBWoWhsTpA.en.vtt,/Users/rajeshpmu/Desktop/LegalMemoCMT/data/processed/phase2/clancy/turn_clips/video/DCBWoWhsTpA/DCBWoWhsTpA_turn06752.mp4,/Users/rajeshpmu/Desktop/LegalMemoCMT/data/processed/phase2/clancy/turn_clips/audio/DCBWoWhsTpA/DCBWoWhsTpA_turn06752.wav,DCBWoWhsTpA,group_by_youtube_id,dev,neutral,text_keyword_heuristic,LOW,YES,"calm courtroom presentation with neutral acoustic evidence, low/moderate excitement, and non-self emotion target",YES,"Lindsay had been I believe she went to the emergency room that day and she had come home. She was feeling a bit better. Um, she told me that she couldn't sleep, she was very anxious, and she was afraid.","Lindsay had been I believe she went to the emergency room that day and she had come home. She was feeling a bit better. Um, she told me that she couldn't sleep, she was very anxious, and she was afraid.",02:08:34.481,02:08:51.221,16.74,16.74,marker,MEDIUM,1,13,"DCBWoWhsTpA_utt06001#p02,DCBWoWhsTpA_utt06002#p01,DCBWoWhsTpA_utt06003#p01,DCBWoWhsTpA_utt06004#p01,DCBWoWhsTpA_utt06005#p01,DCBWoWhsTpA_utt06006#p01,DCBWoWhsTpA_utt06007#p01,DCBWoWhsTpA_utt06008#p01,DCBWoWhsTpA_utt06009#p01,DCBWoWhsTpA_utt06010#p01,DCBWoWhsTpA_utt06011#p01,DCBWoWhsTpA_utt06012#p01,DCBWoWhsTpA_utt06013#p01","DCBWoWhsTpA_utt06001,DCBWoWhsTpA_utt06002,DCBWoWhsTpA_utt06003,DCBWoWhsTpA_utt06004,DCBWoWhsTpA_utt06005,DCBWoWhsTpA_utt06006,DCBWoWhsTpA_utt06007,DCBWoWhsTpA_utt06008,DCBWoWhsTpA_utt06009,DCBWoWhsTpA_utt06010,DCBWoWhsTpA_utt06011,DCBWoWhsTpA_utt06012,DCBWoWhsTpA_utt06013",13,/Users/rajeshpmu/Desktop/LegalMemoCMT/data/phase2/clancy/corpus/raw/live-lindsay-clancy-trial-day-14/live-lindsay-clancy-trial-day-14_DCBWoWhsTpA.mp4,/Users/rajeshpmu/Desktop/LegalMemoCMT/data/phase2/clancy/corpus/raw/live-lindsay-clancy-trial-day-14/live-lindsay-clancy-trial-day-14_DCBWoWhsTpA.wav,/Users/rajeshpmu/Desktop/LegalMemoCMT/data/processed/phase2/clancy/turn_clips/video/DCBWoWhsTpA/DCBWoWhsTpA_turn06752.mp4,/Users/rajeshpmu/Desktop/LegalMemoCMT/data/processed/phase2/clancy/turn_clips/audio/DCBWoWhsTpA/DCBWoWhsTpA_turn06752.wav,7714.481,7731.221,16.74,created,02:08:34.481,02:08:51.221,0.0,default_zero,SPEAKER_02,7.78,pyannote/speaker-diarization-3.1,Witness,manual_verified_diarization,HIGH,YES,SPEAKING,Witness,YES,Witness 16 identified by manual audio/video review,INCLUDE,,YES,speaker_role=Witness,split_dev;usable,"usable because speaker_role=Witness, witness_speaking_status=SPEAKING, clip_status=created, duration=16.740s, and source is not excluded",YES,0.6,HIGH,manual_clip_review,HUMAN_VERIFIED,/Users/rajeshpmu/Desktop/LegalMemoCMT/data/processed/phase2/clancy/turn_clips/video/DCBWoWhsTpA/DCBWoWhsTpA_turn06752.mp4,/Users/rajeshpmu/Desktop/LegalMemoCMT/data/processed/phase2/clancy/vit_facecrop_embeddings/DCBWoWhsTpA/DCBWoWhsTpA_turn06752.npy,created,sadness,0.879469,0.552967,"{""anger"": 0.018726, ""disgust"": 0.010452, ""fear"": 0.025587, ""joy"": 0.008948, ""neutral"": 0.050935, ""sadness"": 0.879469, ""surprise"": 0.005883}",/Users/rajeshpmu/Desktop/LegalMemoCMT/results/facial_cues/meld_vit_facecrop_gated_video_aux/fold_4/best_model.pt,phase1_meld_checkpoint_pseudo_label,"audio,text,video","audio,text,video","{""audio_dim"": 128, ""audio_model_name"": ""facebook/hubert-base-ls960"", ""dropout"": 0.1, ""encoder_mode"": ""paper"", ""freeze_audio_backbone"": false, ""freeze_text_backbone"": false, ""fusion_dim"": 256, ""fusion_mode"": ""gated"", ""fusion_pooling"": ""min"", ""max_audio_len"": 256, ""max_text_len"": 128, ""max_video_len"": 32, ""num_classes"": 7, ""num_heads"": 4, ""num_layers"": 2, ""text_dim"": 256, ""text_model_name"": ""bert-base-uncased"", ""use_video"": true, ""video_dim"": 768, ""vocab_size"": 30000}",/Users/rajeshpmu/Desktop/LegalMemoCMT/data/processed/phase2/clancy/turn_clips/audio/DCBWoWhsTpA/DCBWoWhsTpA_turn06752.wav,OK,,0.34405,0.314237,0.314237,0.4178,3loi/SER-Odyssey-Baseline-WavLM-Multi-Attributes,OK,neu,0.99997,speechbrain/emotion-recognition-wav2vec2-IEMOCAP,OK,YES,OTHER_PERSON_DESCRIBED,emotion term occurs with other-person reference,HIGH,HIGH,HIGH,NEUTRAL_CANDIDATE,sadness,neutral,neutral,0.720000,neutral,0.720000,"calm courtroom presentation with neutral acoustic evidence, low/moderate excitement, and non-self emotion target",YES,CALM_COMPOSED,1,phase1_vs_comparable_audio_disagreement;other_person_emotion_scope;low_or_moderate_audio_arousal;speechbrain_neutral
DCBWoWhsTpA_turn06760,DCBWoWhsTpA_turn06760,DCBWoWhsTpA,https://www.youtube.com/live/DCBWoWhsTpA,LIVE: Lindsay Clancy trial Day 14,full_trial_stream,5,/Users/rajeshpmu/Desktop/LegalMemoCMT/data/phase2/clancy/corpus/raw/live-lindsay-clancy-trial-day-14/live-lindsay-clancy-trial-day-14_DCBWoWhsTpA.en.vtt,/Users/rajeshpmu/Desktop/LegalMemoCMT/data/processed/phase2/clancy/turn_clips/video/DCBWoWhsTpA/DCBWoWhsTpA_turn06760.mp4,/Users/rajeshpmu/Desktop/LegalMemoCMT/data/processed/phase2/clancy/turn_clips/audio/DCBWoWhsTpA/DCBWoWhsTpA_turn06760.wav,DCBWoWhsTpA,group_by_youtube_id,dev,stress,text_keyword_heuristic,HIGH,YES,comparable Phase 1 and audio categorical outputs agree or audio class is not comparable,YES,And And you're retired?,And And you're retired?,02:09:13.761,02:09:14.824,1.063,1.063,marker,MEDIUM,1,3,"DCBWoWhsTpA_utt06035#p02,DCBWoWhsTpA_utt06036#p01,DCBWoWhsTpA_utt06037#p01","DCBWoWhsTpA_utt06035,DCBWoWhsTpA_utt06036,DCBWoWhsTpA_utt06037",3,/Users/rajeshpmu/Desktop/LegalMemoCMT/data/phase2/clancy/corpus/raw/live-lindsay-clancy-trial-day-14/live-lindsay-clancy-trial-day-14_DCBWoWhsTpA.mp4,/Users/rajeshpmu/Desktop/LegalMemoCMT/data/phase2/clancy/corpus/raw/live-lindsay-clancy-trial-day-14/live-lindsay-clancy-trial-day-14_DCBWoWhsTpA.wav,/Users/rajeshpmu/Desktop/LegalMemoCMT/data/processed/phase2/clancy/turn_clips/video/DCBWoWhsTpA/DCBWoWhsTpA_turn06760.mp4,/Users/rajeshpmu/Desktop/LegalMemoCMT/data/processed/phase2/clancy/turn_clips/audio/DCBWoWhsTpA/DCBWoWhsTpA_turn06760.wav,7753.761,7754.824,1.063,created,02:09:13.761,02:09:14.824,0.0,default_zero,SPEAKER_02,0.625,pyannote/speaker-diarization-3.1,Witness,manual_verified_diarization,HIGH,YES,SPEAKING,Witness,YES,Witness 16 identified by manual audio/video review,INCLUDE,,YES,speaker_role=Witness,split_dev;usable,"usable because speaker_role=Witness, witness_speaking_status=SPEAKING, clip_status=created, duration=1.063s, and source is not excluded",YES,0.6,HIGH,manual_clip_review,HUMAN_VERIFIED,/Users/rajeshpmu/Desktop/LegalMemoCMT/data/processed/phase2/clancy/turn_clips/video/DCBWoWhsTpA/DCBWoWhsTpA_turn06760.mp4,/Users/rajeshpmu/Desktop/LegalMemoCMT/data/processed/phase2/clancy/vit_facecrop_embeddings/DCBWoWhsTpA/DCBWoWhsTpA_turn06760.npy,created,disgust,0.853404,0.557299,"{""anger"": 0.00571, ""disgust"": 0.853404, ""fear"": 0.014271, ""joy"": 0.013919, ""neutral"": 0.106984, ""sadness"": 0.003613, ""surprise"": 0.002098}",/Users/rajeshpmu/Desktop/LegalMemoCMT/results/facial_cues/meld_vit_facecrop_gated_video_aux/fold_4/best_model.pt,phase1_meld_checkpoint_pseudo_label,"audio,text,video","audio,text,video","{""audio_dim"": 128, ""audio_model_name"": ""facebook/hubert-base-ls960"", ""dropout"": 0.1, ""encoder_mode"": ""paper"", ""freeze_audio_backbone"": false, ""freeze_text_backbone"": false, ""fusion_dim"": 256, ""fusion_mode"": ""gated"", ""fusion_pooling"": ""min"", ""max_audio_len"": 256, ""max_text_len"": 128, ""max_video_len"": 32, ""num_classes"": 7, ""num_heads"": 4, ""num_layers"": 2, ""text_dim"": 256, ""text_model_name"": ""bert-base-uncased"", ""use_video"": true, ""video_dim"": 768, ""vocab_size"": 30000}",/Users/rajeshpmu/Desktop/LegalMemoCMT/data/processed/phase2/clancy/turn_clips/audio/DCBWoWhsTpA/DCBWoWhsTpA_turn06760.wav,OK,,0.38949,0.294753,0.294753,0.353166,3loi/SER-Odyssey-Baseline-WavLM-Multi-Attributes,OK,ang,0.999974,speechbrain/emotion-recognition-wav2vec2-IEMOCAP,OK,NO,UNCLEAR,no explicit emotion-target evidence,HIGH,LOW,HIGH,KEEP_PHASE1_CANDIDATE,disgust,anger,disgust,0.853404,disgust,0.853404,comparable Phase 1 and audio categorical outputs agree or audio class is not comparable,YES,UNKNOWN,,phase1_vs_comparable_audio_disagreement;low_or_moderate_audio_arousal
DCBWoWhsTpA_turn06766,DCBWoWhsTpA_turn06766,DCBWoWhsTpA,https://www.youtube.com/live/DCBWoWhsTpA,LIVE: Lindsay Clancy trial Day 14,full_trial_stream,5,/Users/rajeshpmu/Desktop/LegalMemoCMT/data/phase2/clancy/corpus/raw/live-lindsay-clancy-trial-day-14/live-lindsay-clancy-trial-day-14_DCBWoWhsTpA.en.vtt,/Users/rajeshpmu/Desktop/LegalMemoCMT/data/processed/phase2/clancy/turn_clips/video/DCBWoWhsTpA/DCBWoWhsTpA_turn06766.mp4,/Users/rajeshpmu/Desktop/LegalMemoCMT/data/processed/phase2/clancy/turn_clips/audio/DCBWoWhsTpA/DCBWoWhsTpA_turn06766.wav,DCBWoWhsTpA,group_by_youtube_id,dev,neutral,text_keyword_heuristic,LOW,YES,"audio and courtroom-affect evidence support neutral, but emotion target is unresolved",YES,What kind of photography?,What kind of photography?,02:09:24.155,02:09:25.709,1.554,1.554,marker,MEDIUM,1,3,"DCBWoWhsTpA_utt06049#p02,DCBWoWhsTpA_utt06050#p01,DCBWoWhsTpA_utt06051#p01","DCBWoWhsTpA_utt06049,DCBWoWhsTpA_utt06050,DCBWoWhsTpA_utt06051",3,/Users/rajeshpmu/Desktop/LegalMemoCMT/data/phase2/clancy/corpus/raw/live-lindsay-clancy-trial-day-14/live-lindsay-clancy-trial-day-14_DCBWoWhsTpA.mp4,/Users/rajeshpmu/Desktop/LegalMemoCMT/data/phase2/clancy/corpus/raw/live-lindsay-clancy-trial-day-14/live-lindsay-clancy-trial-day-14_DCBWoWhsTpA.wav,/Users/rajeshpmu/Desktop/LegalMemoCMT/data/processed/phase2/clancy/turn_clips/video/DCBWoWhsTpA/DCBWoWhsTpA_turn06766.mp4,/Users/rajeshpmu/Desktop/LegalMemoCMT/data/processed/phase2/clancy/turn_clips/audio/DCBWoWhsTpA/DCBWoWhsTpA_turn06766.wav,7764.155,7765.709,1.554,created,02:09:24.155,02:09:25.709,0.0,default_zero,SPEAKER_02,1.052,pyannote/speaker-diarization-3.1,Witness,manual_verified_diarization,HIGH,YES,SPEAKING,Witness,YES,Witness 16 identified by manual audio/video review,INCLUDE,,YES,speaker_role=Witness,split_dev;usable,"usable because speaker_role=Witness, witness_speaking_status=SPEAKING, clip_status=created, duration=1.554s, and source is not excluded",YES,0.6,HIGH,manual_clip_review,HUMAN_VERIFIED,/Users/rajeshpmu/Desktop/LegalMemoCMT/data/processed/phase2/clancy/turn_clips/video/DCBWoWhsTpA/DCBWoWhsTpA_turn06766.mp4,/Users/rajeshpmu/Desktop/LegalMemoCMT/data/processed/phase2/clancy/vit_facecrop_embeddings/DCBWoWhsTpA/DCBWoWhsTpA_turn06766.npy,created,disgust,0.896035,0.422956,"{""anger"": 0.005652, ""disgust"": 0.896035, ""fear"": 0.004238, ""joy"": 0.006378, ""neutral"": 0.081556, ""sadness"": 0.003194, ""surprise"": 0.002947}",/Users/rajeshpmu/Desktop/LegalMemoCMT/results/facial_cues/meld_vit_facecrop_gated_video_aux/fold_4/best_model.pt,phase1_meld_checkpoint_pseudo_label,"audio,text,video","audio,text,video","{""audio_dim"": 128, ""audio_model_name"": ""facebook/hubert-base-ls960"", ""dropout"": 0.1, ""encoder_mode"": ""paper"", ""freeze_audio_backbone"": false, ""freeze_text_backbone"": false, ""fusion_dim"": 256, ""fusion_mode"": ""gated"", ""fusion_pooling"": ""min"", ""max_audio_len"": 256, ""max_text_len"": 128, ""max_video_len"": 32, ""num_classes"": 7, ""num_heads"": 4, ""num_layers"": 2, ""text_dim"": 256, ""text_model_name"": ""bert-base-uncased"", ""use_video"": true, ""video_dim"": 768, ""vocab_size"": 30000}",/Users/rajeshpmu/Desktop/LegalMemoCMT/data/processed/phase2/clancy/turn_clips/audio/DCBWoWhsTpA/DCBWoWhsTpA_turn06766.wav,OK,,0.515795,0.405145,0.405145,0.460068,3loi/SER-Odyssey-Baseline-WavLM-Multi-Attributes,OK,neu,1.0,speechbrain/emotion-recognition-wav2vec2-IEMOCAP,OK,NO,UNCLEAR,no explicit emotion-target evidence,HIGH,LOW,HIGH,NEUTRAL_CANDIDATE,disgust,neutral,neutral,0.580000,neutral,0.580000,"audio and courtroom-affect evidence support neutral, but emotion target is unresolved",YES,CALM_COMPOSED,1,phase1_vs_comparable_audio_disagreement;low_or_moderate_audio_arousal;speechbrain_neutral
DCBWoWhsTpA_turn06777,DCBWoWhsTpA_turn06777,DCBWoWhsTpA,https://www.youtube.com/live/DCBWoWhsTpA,LIVE: Lindsay Clancy trial Day 14,full_trial_stream,5,/Users/rajeshpmu/Desktop/LegalMemoCMT/data/phase2/clancy/corpus/raw/live-lindsay-clancy-trial-day-14/live-lindsay-clancy-trial-day-14_DCBWoWhsTpA.en.vtt,/Users/rajeshpmu/Desktop/LegalMemoCMT/data/processed/phase2/clancy/turn_clips/video/DCBWoWhsTpA/DCBWoWhsTpA_turn06777.mp4,/Users/rajeshpmu/Desktop/LegalMemoCMT/data/processed/phase2/clancy/turn_clips/audio/DCBWoWhsTpA/DCBWoWhsTpA_turn06777.wav,DCBWoWhsTpA,group_by_youtube_id,dev,neutral,text_keyword_heuristic,LOW,YES,comparable Phase 1 and audio categorical outputs agree or audio class is not comparable,YES,So tell us uh is there an incident that came to your mind that you recall that uh occurred on one evening that indicated to you how seriously she was suffering? Um there were many um one particular evening that was disturbing to me was that I mean she was afraid. She was afraid to be alone and she actually asked if she could sleep with me.,So tell us uh is there an incident that came to your mind that you recall that uh occurred on one evening that indicated to you how seriously she was suffering? Um there were many um one particular evening that was disturbing to me was that I mean she was afraid. She was afraid to be alone and she actually asked if she could sleep with me.,02:10:13.175,02:10:42.699,29.524,29.524,marker,MEDIUM,1,23,"DCBWoWhsTpA_utt06107#p02,DCBWoWhsTpA_utt06108#p01,DCBWoWhsTpA_utt06109#p01,DCBWoWhsTpA_utt06110#p01,DCBWoWhsTpA_utt06111#p01,DCBWoWhsTpA_utt06112#p01,DCBWoWhsTpA_utt06113#p01,DCBWoWhsTpA_utt06114#p01,DCBWoWhsTpA_utt06115#p01,DCBWoWhsTpA_utt06116#p01,DCBWoWhsTpA_utt06117#p01,DCBWoWhsTpA_utt06118#p01,DCBWoWhsTpA_utt06119#p01,DCBWoWhsTpA_utt06120#p01,DCBWoWhsTpA_utt06121#p01,DCBWoWhsTpA_utt06122#p01,DCBWoWhsTpA_utt06123#p01,DCBWoWhsTpA_utt06124#p01,DCBWoWhsTpA_utt06125#p01,DCBWoWhsTpA_utt06126#p01,DCBWoWhsTpA_utt06127#p01,DCBWoWhsTpA_utt06128#p01,DCBWoWhsTpA_utt06129#p01","DCBWoWhsTpA_utt06107,DCBWoWhsTpA_utt06108,DCBWoWhsTpA_utt06109,DCBWoWhsTpA_utt06110,DCBWoWhsTpA_utt06111,DCBWoWhsTpA_utt06112,DCBWoWhsTpA_utt06113,DCBWoWhsTpA_utt06114,DCBWoWhsTpA_utt06115,DCBWoWhsTpA_utt06116,DCBWoWhsTpA_utt06117,DCBWoWhsTpA_utt06118,DCBWoWhsTpA_utt06119,DCBWoWhsTpA_utt06120,DCBWoWhsTpA_utt06121,DCBWoWhsTpA_utt06122,DCBWoWhsTpA_utt06123,DCBWoWhsTpA_utt06124,DCBWoWhsTpA_utt06125,DCBWoWhsTpA_utt06126,DCBWoWhsTpA_utt06127,DCBWoWhsTpA_utt06128,DCBWoWhsTpA_utt06129",23,/Users/rajeshpmu/Desktop/LegalMemoCMT/data/phase2/clancy/corpus/raw/live-lindsay-clancy-trial-day-14/live-lindsay-clancy-trial-day-14_DCBWoWhsTpA.mp4,/Users/rajeshpmu/Desktop/LegalMemoCMT/data/phase2/clancy/corpus/raw/live-lindsay-clancy-trial-day-14/live-lindsay-clancy-trial-day-14_DCBWoWhsTpA.wav,/Users/rajeshpmu/Desktop/LegalMemoCMT/data/processed/phase2/clancy/turn_clips/video/DCBWoWhsTpA/DCBWoWhsTpA_turn06777.mp4,/Users/rajeshpmu/Desktop/LegalMemoCMT/data/processed/phase2/clancy/turn_clips/audio/DCBWoWhsTpA/DCBWoWhsTpA_turn06777.wav,7813.175,7842.699,29.524,created,02:10:13.175,02:10:42.699,0.0,default_zero,SPEAKER_02,7.003,pyannote/speaker-diarization-3.1,Witness,manual_verified_diarization,HIGH,YES,SPEAKING,Witness,YES,Witness 16 identified by manual audio/video review,INCLUDE,,YES,speaker_role=Witness,split_dev;usable,"usable because speaker_role=Witness, witness_speaking_status=SPEAKING, clip_status=created, duration=29.524s, and source is not excluded",YES,0.6,HIGH,manual_clip_review,HUMAN_VERIFIED,/Users/rajeshpmu/Desktop/LegalMemoCMT/data/processed/phase2/clancy/turn_clips/video/DCBWoWhsTpA/DCBWoWhsTpA_turn06777.mp4,/Users/rajeshpmu/Desktop/LegalMemoCMT/data/processed/phase2/clancy/vit_facecrop_embeddings/DCBWoWhsTpA/DCBWoWhsTpA_turn06777.npy,created,sadness,0.498784,1.411781,"{""anger"": 0.021852, ""disgust"": 0.024939, ""fear"": 0.034389, ""joy"": 0.053912, ""neutral"": 0.150676, ""sadness"": 0.498784, ""surprise"": 0.215449}",/Users/rajeshpmu/Desktop/LegalMemoCMT/results/facial_cues/meld_vit_facecrop_gated_video_aux/fold_4/best_model.pt,phase1_meld_checkpoint_pseudo_label,"audio,text,video","audio,text,video","{""audio_dim"": 128, ""audio_model_name"": ""facebook/hubert-base-ls960"", ""dropout"": 0.1, ""encoder_mode"": ""paper"", ""freeze_audio_backbone"": false, ""freeze_text_backbone"": false, ""fusion_dim"": 256, ""fusion_mode"": ""gated"", ""fusion_pooling"": ""min"", ""max_audio_len"": 256, ""max_text_len"": 128, ""max_video_len"": 32, ""num_classes"": 7, ""num_heads"": 4, ""num_layers"": 2, ""text_dim"": 256, ""text_model_name"": ""bert-base-uncased"", ""use_video"": true, ""video_dim"": 768, ""vocab_size"": 30000}",/Users/rajeshpmu/Desktop/LegalMemoCMT/data/processed/phase2/clancy/turn_clips/audio/DCBWoWhsTpA/DCBWoWhsTpA_turn06777.wav,OK,,0.271947,0.228138,0.228138,0.329289,3loi/SER-Odyssey-Baseline-WavLM-Multi-Attributes,OK,hap,1.0,speechbrain/emotion-recognition-wav2vec2-IEMOCAP,OK,YES,OTHER_PERSON_DESCRIBED,emotion term occurs with other-person reference,HIGH,HIGH,HIGH,KEEP_PHASE1_CANDIDATE,sadness,joy,sadness,0.498784,sadness,0.498784,comparable Phase 1 and audio categorical outputs agree or audio class is not comparable,YES,UNKNOWN,,phase1_vs_comparable_audio_disagreement;other_person_emotion_scope;low_or_moderate_audio_arousal
DCBWoWhsTpA_turn06778,DCBWoWhsTpA_turn06778,DCBWoWhsTpA,https://www.youtube.com/live/DCBWoWhsTpA,LIVE: Lindsay Clancy trial Day 14,full_trial_stream,5,/Users/rajeshpmu/Desktop/LegalMemoCMT/data/phase2/clancy/corpus/raw/live-lindsay-clancy-trial-day-14/live-lindsay-clancy-trial-day-14_DCBWoWhsTpA.en.vtt,/Users/rajeshpmu/Desktop/LegalMemoCMT/data/processed/phase2/clancy/turn_clips/video/DCBWoWhsTpA/DCBWoWhsTpA_turn06778.mp4,/Users/rajeshpmu/Desktop/LegalMemoCMT/data/processed/phase2/clancy/turn_clips/audio/DCBWoWhsTpA/DCBWoWhsTpA_turn06778.wav,DCBWoWhsTpA,group_by_youtube_id,dev,neutral,text_keyword_heuristic,LOW,YES,"audio and courtroom-affect evidence support neutral, but emotion target is unresolved",YES,When was that?,When was that?,02:10:42.699,02:10:44.663,1.964,1.964,marker,MEDIUM,1,3,"DCBWoWhsTpA_utt06129#p02,DCBWoWhsTpA_utt06130#p01,DCBWoWhsTpA_utt06131#p01","DCBWoWhsTpA_utt06129,DCBWoWhsTpA_utt06130,DCBWoWhsTpA_utt06131",3,/Users/rajeshpmu/Desktop/LegalMemoCMT/data/phase2/clancy/corpus/raw/live-lindsay-clancy-trial-day-14/live-lindsay-clancy-trial-day-14_DCBWoWhsTpA.mp4,/Users/rajeshpmu/Desktop/LegalMemoCMT/data/phase2/clancy/corpus/raw/live-lindsay-clancy-trial-day-14/live-lindsay-clancy-trial-day-14_DCBWoWhsTpA.wav,/Users/rajeshpmu/Desktop/LegalMemoCMT/data/processed/phase2/clancy/turn_clips/video/DCBWoWhsTpA/DCBWoWhsTpA_turn06778.mp4,/Users/rajeshpmu/Desktop/LegalMemoCMT/data/processed/phase2/clancy/turn_clips/audio/DCBWoWhsTpA/DCBWoWhsTpA_turn06778.wav,7842.699,7844.663,1.964,created,02:10:42.699,02:10:44.663,0.0,default_zero,SPEAKER_02,1.318,pyannote/speaker-diarization-3.1,Witness,manual_verified_diarization,HIGH,YES,SPEAKING,Witness,YES,Witness 16 identified by manual audio/video review,INCLUDE,,YES,speaker_role=Witness,split_dev;usable,"usable because speaker_role=Witness, witness_speaking_status=SPEAKING, clip_status=created, duration=1.964s, and source is not excluded",YES,0.6,HIGH,manual_clip_review,HUMAN_VERIFIED,/Users/rajeshpmu/Desktop/LegalMemoCMT/data/processed/phase2/clancy/turn_clips/video/DCBWoWhsTpA/DCBWoWhsTpA_turn06778.mp4,/Users/rajeshpmu/Desktop/LegalMemoCMT/data/processed/phase2/clancy/vit_facecrop_embeddings/DCBWoWhsTpA/DCBWoWhsTpA_turn06778.npy,created,disgust,0.80869,0.628195,"{""anger"": 0.010063, ""disgust"": 0.80869, ""fear"": 0.005327, ""joy"": 0.012887, ""neutral"": 0.156737, ""sadness"": 0.004385, ""surprise"": 0.001912}",/Users/rajeshpmu/Desktop/LegalMemoCMT/results/facial_cues/meld_vit_facecrop_gated_video_aux/fold_4/best_model.pt,phase1_meld_checkpoint_pseudo_label,"audio,text,video","audio,text,video","{""audio_dim"": 128, ""audio_model_name"": ""facebook/hubert-base-ls960"", ""dropout"": 0.1, ""encoder_mode"": ""paper"", ""freeze_audio_backbone"": false, ""freeze_text_backbone"": false, ""fusion_dim"": 256, ""fusion_mode"": ""gated"", ""fusion_pooling"": ""min"", ""max_audio_len"": 256, ""max_text_len"": 128, ""max_video_len"": 32, ""num_classes"": 7, ""num_heads"": 4, ""num_layers"": 2, ""text_dim"": 256, ""text_model_name"": ""bert-base-uncased"", ""use_video"": true, ""video_dim"": 768, ""vocab_size"": 30000}",/Users/rajeshpmu/Desktop/LegalMemoCMT/data/processed/phase2/clancy/turn_clips/audio/DCBWoWhsTpA/DCBWoWhsTpA_turn06778.wav,OK,,0.40118,0.304215,0.304215,0.378294,3loi/SER-Odyssey-Baseline-WavLM-Multi-Attributes,OK,neu,1.0,speechbrain/emotion-recognition-wav2vec2-IEMOCAP,OK,NO,UNCLEAR,no explicit emotion-target evidence,HIGH,LOW,HIGH,NEUTRAL_CANDIDATE,disgust,neutral,neutral,0.580000,neutral,0.580000,"audio and courtroom-affect evidence support neutral, but emotion target is unresolved",YES,CALM_COMPOSED,1,phase1_vs_comparable_audio_disagreement;low_or_moderate_audio_arousal;speechbrain_neutral
DCBWoWhsTpA_turn06789,DCBWoWhsTpA_turn06789,DCBWoWhsTpA,https://www.youtube.com/live/DCBWoWhsTpA,LIVE: Lindsay Clancy trial Day 14,full_trial_stream,5,/Users/rajeshpmu/Desktop/LegalMemoCMT/data/phase2/clancy/corpus/raw/live-lindsay-clancy-trial-day-14/live-lindsay-clancy-trial-day-14_DCBWoWhsTpA.en.vtt,/Users/rajeshpmu/Desktop/LegalMemoCMT/data/processed/phase2/clancy/turn_clips/video/DCBWoWhsTpA/DCBWoWhsTpA_turn06789.mp4,/Users/rajeshpmu/Desktop/LegalMemoCMT/data/processed/phase2/clancy/turn_clips/audio/DCBWoWhsTpA/DCBWoWhsTpA_turn06789.wav,DCBWoWhsTpA,group_by_youtube_id,dev,neutral,text_keyword_heuristic,LOW,YES,comparable Phase 1 and audio categorical outputs agree or audio class is not comparable,YES,How did you know that?,How did you know that?,02:11:42.637,02:11:44.084,1.447,1.447,marker,MEDIUM,1,3,"DCBWoWhsTpA_utt06185#p02,DCBWoWhsTpA_utt06186#p01,DCBWoWhsTpA_utt06187#p01","DCBWoWhsTpA_utt06185,DCBWoWhsTpA_utt06186,DCBWoWhsTpA_utt06187",3,/Users/rajeshpmu/Desktop/LegalMemoCMT/data/phase2/clancy/corpus/raw/live-lindsay-clancy-trial-day-14/live-lindsay-clancy-trial-day-14_DCBWoWhsTpA.mp4,/Users/rajeshpmu/Desktop/LegalMemoCMT/data/phase2/clancy/corpus/raw/live-lindsay-clancy-trial-day-14/live-lindsay-clancy-trial-day-14_DCBWoWhsTpA.wav,/Users/rajeshpmu/Desktop/LegalMemoCMT/data/processed/phase2/clancy/turn_clips/video/DCBWoWhsTpA/DCBWoWhsTpA_turn06789.mp4,/Users/rajeshpmu/Desktop/LegalMemoCMT/data/processed/phase2/clancy/turn_clips/audio/DCBWoWhsTpA/DCBWoWhsTpA_turn06789.wav,7902.637,7904.084,1.447,created,02:11:42.637,02:11:44.084,0.0,default_zero,SPEAKER_02,0.658,pyannote/speaker-diarization-3.1,Witness,manual_verified_diarization,HIGH,YES,SPEAKING,Witness,YES,Witness 16 identified by manual audio/video review,INCLUDE,,YES,speaker_role=Witness,split_dev;usable,"usable because speaker_role=Witness, witness_speaking_status=SPEAKING, clip_status=created, duration=1.447s, and source is not excluded",YES,0.6,HIGH,manual_clip_review,HUMAN_VERIFIED,/Users/rajeshpmu/Desktop/LegalMemoCMT/data/processed/phase2/clancy/turn_clips/video/DCBWoWhsTpA/DCBWoWhsTpA_turn06789.mp4,/Users/rajeshpmu/Desktop/LegalMemoCMT/data/processed/phase2/clancy/vit_facecrop_embeddings/DCBWoWhsTpA/DCBWoWhsTpA_turn06789.npy,created,disgust,0.953285,0.241927,"{""anger"": 0.004644, ""disgust"": 0.953285, ""fear"": 0.00285, ""joy"": 0.003646, ""neutral"": 0.031396, ""sadness"": 0.002804, ""surprise"": 0.001375}",/Users/rajeshpmu/Desktop/LegalMemoCMT/results/facial_cues/meld_vit_facecrop_gated_video_aux/fold_4/best_model.pt,phase1_meld_checkpoint_pseudo_label,"audio,text,video","audio,text,video","{""audio_dim"": 128, ""audio_model_name"": ""facebook/hubert-base-ls960"", ""dropout"": 0.1, ""encoder_mode"": ""paper"", ""freeze_audio_backbone"": false, ""freeze_text_backbone"": false, ""fusion_dim"": 256, ""fusion_mode"": ""gated"", ""fusion_pooling"": ""min"", ""max_audio_len"": 256, ""max_text_len"": 128, ""max_video_len"": 32, ""num_classes"": 7, ""num_heads"": 4, ""num_layers"": 2, ""text_dim"": 256, ""text_model_name"": ""bert-base-uncased"", ""use_video"": true, ""video_dim"": 768, ""vocab_size"": 30000}",/Users/rajeshpmu/Desktop/LegalMemoCMT/data/processed/phase2/clancy/turn_clips/audio/DCBWoWhsTpA/DCBWoWhsTpA_turn06789.wav,OK,,0.487476,0.379574,0.379574,0.44585,3loi/SER-Odyssey-Baseline-WavLM-Multi-Attributes,OK,ang,1.0,speechbrain/emotion-recognition-wav2vec2-IEMOCAP,OK,NO,UNCLEAR,no explicit emotion-target evidence,HIGH,LOW,HIGH,KEEP_PHASE1_CANDIDATE,disgust,anger,disgust,0.953285,disgust,0.953285,comparable Phase 1 and audio categorical outputs agree or audio class is not comparable,YES,UNKNOWN,,phase1_vs_comparable_audio_disagreement;low_or_moderate_audio_arousal
DCBWoWhsTpA_turn06792,DCBWoWhsTpA_turn06792,DCBWoWhsTpA,https://www.youtube.com/live/DCBWoWhsTpA,LIVE: Lindsay Clancy trial Day 14,full_trial_stream,5,/Users/rajeshpmu/Desktop/LegalMemoCMT/data/phase2/clancy/corpus/raw/live-lindsay-clancy-trial-day-14/live-lindsay-clancy-trial-day-14_DCBWoWhsTpA.en.vtt,/Users/rajeshpmu/Desktop/LegalMemoCMT/data/processed/phase2/clancy/turn_clips/video/DCBWoWhsTpA/DCBWoWhsTpA_turn06792.mp4,/Users/rajeshpmu/Desktop/LegalMemoCMT/data/processed/phase2/clancy/turn_clips/audio/DCBWoWhsTpA/DCBWoWhsTpA_turn06792.wav,DCBWoWhsTpA,group_by_youtube_id,dev,neutral,text_keyword_heuristic,LOW,YES,comparable Phase 1 and audio categorical outputs agree or audio class is not comparable,YES,I was at Lindsay's house staying with them.,I was at Lindsay's house staying with them.,02:11:46.595,02:11:48.789,2.194,2.194,marker,MEDIUM,1,5,"DCBWoWhsTpA_utt06191#p02,DCBWoWhsTpA_utt06192#p01,DCBWoWhsTpA_utt06193#p01,DCBWoWhsTpA_utt06194#p01,DCBWoWhsTpA_utt06195#p01","DCBWoWhsTpA_utt06191,DCBWoWhsTpA_utt06192,DCBWoWhsTpA_utt06193,DCBWoWhsTpA_utt06194,DCBWoWhsTpA_utt06195",5,/Users/rajeshpmu/Desktop/LegalMemoCMT/data/phase2/clancy/corpus/raw/live-lindsay-clancy-trial-day-14/live-lindsay-clancy-trial-day-14_DCBWoWhsTpA.mp4,/Users/rajeshpmu/Desktop/LegalMemoCMT/data/phase2/clancy/corpus/raw/live-lindsay-clancy-trial-day-14/live-lindsay-clancy-trial-day-14_DCBWoWhsTpA.wav,/Users/rajeshpmu/Desktop/LegalMemoCMT/data/processed/phase2/clancy/turn_clips/video/DCBWoWhsTpA/DCBWoWhsTpA_turn06792.mp4,/Users/rajeshpmu/Desktop/LegalMemoCMT/data/processed/phase2/clancy/turn_clips/audio/DCBWoWhsTpA/DCBWoWhsTpA_turn06792.wav,7906.595,7908.789,2.194,created,02:11:46.595,02:11:48.789,0.0,default_zero,SPEAKER_02,1.145,pyannote/speaker-diarization-3.1,Witness,manual_verified_diarization,HIGH,YES,SPEAKING,Witness,YES,Witness 16 identified by manual audio/video review,INCLUDE,,YES,speaker_role=Witness,split_dev;usable,"usable because speaker_role=Witness, witness_speaking_status=SPEAKING, clip_status=created, duration=2.194s, and source is not excluded",YES,0.6,HIGH,manual_clip_review,HUMAN_VERIFIED,/Users/rajeshpmu/Desktop/LegalMemoCMT/data/processed/phase2/clancy/turn_clips/video/DCBWoWhsTpA/DCBWoWhsTpA_turn06792.mp4,/Users/rajeshpmu/Desktop/LegalMemoCMT/data/processed/phase2/clancy/vit_facecrop_embeddings/DCBWoWhsTpA/DCBWoWhsTpA_turn06792.npy,created,neutral,0.936677,0.320734,"{""anger"": 0.007582, ""disgust"": 0.005004, ""fear"": 0.036294, ""joy"": 0.007254, ""neutral"": 0.936677, ""sadness"": 0.005059, ""surprise"": 0.002129}",/Users/rajeshpmu/Desktop/LegalMemoCMT/results/facial_cues/meld_vit_facecrop_gated_video_aux/fold_4/best_model.pt,phase1_meld_checkpoint_pseudo_label,"audio,text,video","audio,text,video","{""audio_dim"": 128, ""audio_model_name"": ""facebook/hubert-base-ls960"", ""dropout"": 0.1, ""encoder_mode"": ""paper"", ""freeze_audio_backbone"": false, ""freeze_text_backbone"": false, ""fusion_dim"": 256, ""fusion_mode"": ""gated"", ""fusion_pooling"": ""min"", ""max_audio_len"": 256, ""max_text_len"": 128, ""max_video_len"": 32, ""num_classes"": 7, ""num_heads"": 4, ""num_layers"": 2, ""text_dim"": 256, ""text_model_name"": ""bert-base-uncased"", ""use_video"": true, ""video_dim"": 768, ""vocab_size"": 30000}",/Users/rajeshpmu/Desktop/LegalMemoCMT/data/processed/phase2/clancy/turn_clips/audio/DCBWoWhsTpA/DCBWoWhsTpA_turn06792.wav,OK,,0.370224,0.279265,0.279265,0.359355,3loi/SER-Odyssey-Baseline-WavLM-Multi-Attributes,OK,ang,1.0,speechbrain/emotion-recognition-wav2vec2-IEMOCAP,OK,NO,UNCLEAR,no explicit emotion-target evidence,HIGH,LOW,HIGH,KEEP_PHASE1_CANDIDATE,neutral,anger,neutral,0.936677,neutral,0.936677,comparable Phase 1 and audio categorical outputs agree or audio class is not comparable,YES,UNKNOWN,,phase1_vs_comparable_audio_disagreement;low_or_moderate_audio_arousal
DCBWoWhsTpA_turn06795,DCBWoWhsTpA_turn06795,DCBWoWhsTpA,https://www.youtube.com/live/DCBWoWhsTpA,LIVE: Lindsay Clancy trial Day 14,full_trial_stream,5,/Users/rajeshpmu/Desktop/LegalMemoCMT/data/phase2/clancy/corpus/raw/live-lindsay-clancy-trial-day-14/live-lindsay-clancy-trial-day-14_DCBWoWhsTpA.en.vtt,/Users/rajeshpmu/Desktop/LegalMemoCMT/data/processed/phase2/clancy/turn_clips/video/DCBWoWhsTpA/DCBWoWhsTpA_turn06795.mp4,/Users/rajeshpmu/Desktop/LegalMemoCMT/data/processed/phase2/clancy/turn_clips/audio/DCBWoWhsTpA/DCBWoWhsTpA_turn06795.wav,DCBWoWhsTpA,group_by_youtube_id,dev,neutral,text_keyword_heuristic,LOW,YES,comparable Phase 1 and audio categorical outputs agree or audio class is not comparable,YES,"They were there, I guess, when we weren't there. I didn't really see them, but","They were there, I guess, when we weren't there. I didn't really see them, but",02:12:00.956,02:12:04.749,3.793,3.793,marker,MEDIUM,1,7,"DCBWoWhsTpA_utt06205#p02,DCBWoWhsTpA_utt06206#p01,DCBWoWhsTpA_utt06207#p01,DCBWoWhsTpA_utt06208#p01,DCBWoWhsTpA_utt06209#p01,DCBWoWhsTpA_utt06210#p01,DCBWoWhsTpA_utt06211#p01","DCBWoWhsTpA_utt06205,DCBWoWhsTpA_utt06206,DCBWoWhsTpA_utt06207,DCBWoWhsTpA_utt06208,DCBWoWhsTpA_utt06209,DCBWoWhsTpA_utt06210,DCBWoWhsTpA_utt06211",7,/Users/rajeshpmu/Desktop/LegalMemoCMT/data/phase2/clancy/corpus/raw/live-lindsay-clancy-trial-day-14/live-lindsay-clancy-trial-day-14_DCBWoWhsTpA.mp4,/Users/rajeshpmu/Desktop/LegalMemoCMT/data/phase2/clancy/corpus/raw/live-lindsay-clancy-trial-day-14/live-lindsay-clancy-trial-day-14_DCBWoWhsTpA.wav,/Users/rajeshpmu/Desktop/LegalMemoCMT/data/processed/phase2/clancy/turn_clips/video/DCBWoWhsTpA/DCBWoWhsTpA_turn06795.mp4,/Users/rajeshpmu/Desktop/LegalMemoCMT/data/processed/phase2/clancy/turn_clips/audio/DCBWoWhsTpA/DCBWoWhsTpA_turn06795.wav,7920.956,7924.749,3.793,created,02:12:00.956,02:12:04.749,0.0,default_zero,SPEAKER_02,3.406,pyannote/speaker-diarization-3.1,Witness,manual_verified_diarization,HIGH,YES,SPEAKING,Witness,YES,Witness 16 identified by manual audio/video review,INCLUDE,,YES,speaker_role=Witness,split_dev;usable,"usable because speaker_role=Witness, witness_speaking_status=SPEAKING, clip_status=created, duration=3.793s, and source is not excluded",YES,0.6,HIGH,manual_clip_review,HUMAN_VERIFIED,/Users/rajeshpmu/Desktop/LegalMemoCMT/data/processed/phase2/clancy/turn_clips/video/DCBWoWhsTpA/DCBWoWhsTpA_turn06795.mp4,/Users/rajeshpmu/Desktop/LegalMemoCMT/data/processed/phase2/clancy/vit_facecrop_embeddings/DCBWoWhsTpA/DCBWoWhsTpA_turn06795.npy,created,neutral,0.798611,0.832635,"{""anger"": 0.044842, ""disgust"": 0.047332, ""fear"": 0.021076, ""joy"": 0.021735, ""neutral"": 0.798611, ""sadness"": 0.058226, ""surprise"": 0.008179}",/Users/rajeshpmu/Desktop/LegalMemoCMT/results/facial_cues/meld_vit_facecrop_gated_video_aux/fold_4/best_model.pt,phase1_meld_checkpoint_pseudo_label,"audio,text,video","audio,text,video","{""audio_dim"": 128, ""audio_model_name"": ""facebook/hubert-base-ls960"", ""dropout"": 0.1, ""encoder_mode"": ""paper"", ""freeze_audio_backbone"": false, ""freeze_text_backbone"": false, ""fusion_dim"": 256, ""fusion_mode"": ""gated"", ""fusion_pooling"": ""min"", ""max_audio_len"": 256, ""max_text_len"": 128, ""max_video_len"": 32, ""num_classes"": 7, ""num_heads"": 4, ""num_layers"": 2, ""text_dim"": 256, ""text_model_name"": ""bert-base-uncased"", ""use_video"": true, ""video_dim"": 768, ""vocab_size"": 30000}",/Users/rajeshpmu/Desktop/LegalMemoCMT/data/processed/phase2/clancy/turn_clips/audio/DCBWoWhsTpA/DCBWoWhsTpA_turn06795.wav,OK,,0.353499,0.451416,0.451416,0.513678,3loi/SER-Odyssey-Baseline-WavLM-Multi-Attributes,OK,ang,1.0,speechbrain/emotion-recognition-wav2vec2-IEMOCAP,OK,NO,QUOTED_SPEECH,quote or reported speech marker,HIGH,LOW,HIGH,KEEP_PHASE1_CANDIDATE,neutral,anger,neutral,0.798611,neutral,0.798611,comparable Phase 1 and audio categorical outputs agree or audio class is not comparable,YES,UNKNOWN,,phase1_vs_comparable_audio_disagreement
DCBWoWhsTpA_turn06808,DCBWoWhsTpA_turn06808,DCBWoWhsTpA,https://www.youtube.com/live/DCBWoWhsTpA,LIVE: Lindsay Clancy trial Day 14,full_trial_stream,5,/Users/rajeshpmu/Desktop/LegalMemoCMT/data/phase2/clancy/corpus/raw/live-lindsay-clancy-trial-day-14/live-lindsay-clancy-trial-day-14_DCBWoWhsTpA.en.vtt,/Users/rajeshpmu/Desktop/LegalMemoCMT/data/processed/phase2/clancy/turn_clips/video/DCBWoWhsTpA/DCBWoWhsTpA_turn06808.mp4,/Users/rajeshpmu/Desktop/LegalMemoCMT/data/processed/phase2/clancy/turn_clips/audio/DCBWoWhsTpA/DCBWoWhsTpA_turn06808.wav,DCBWoWhsTpA,group_by_youtube_id,dev,stress,text_keyword_heuristic,HIGH,YES,comparable Phase 1 and audio categorical outputs agree or audio class is not comparable,YES,"I know it's difficult. Just tell us what you remember. I remember her being very nervous. I remember her saying, ""I just have to tell you guys something."" And then she told us.","I know it's difficult. Just tell us what you remember. I remember her being very nervous. I remember her saying, ""I just have to tell you guys something."" And then she told us.",02:14:27.768,02:14:41.745,13.977,13.977,marker,MEDIUM,1,13,"DCBWoWhsTpA_utt06335#p02,DCBWoWhsTpA_utt06336#p01,DCBWoWhsTpA_utt06337#p01,DCBWoWhsTpA_utt06338#p01,DCBWoWhsTpA_utt06339#p01,DCBWoWhsTpA_utt06340#p01,DCBWoWhsTpA_utt06341#p01,DCBWoWhsTpA_utt06342#p01,DCBWoWhsTpA_utt06343#p01,DCBWoWhsTpA_utt06344#p01,DCBWoWhsTpA_utt06345#p01,DCBWoWhsTpA_utt06346#p01,DCBWoWhsTpA_utt06347#p01","DCBWoWhsTpA_utt06335,DCBWoWhsTpA_utt06336,DCBWoWhsTpA_utt06337,DCBWoWhsTpA_utt06338,DCBWoWhsTpA_utt06339,DCBWoWhsTpA_utt06340,DCBWoWhsTpA_utt06341,DCBWoWhsTpA_utt06342,DCBWoWhsTpA_utt06343,DCBWoWhsTpA_utt06344,DCBWoWhsTpA_utt06345,DCBWoWhsTpA_utt06346,DCBWoWhsTpA_utt06347",13,/Users/rajeshpmu/Desktop/LegalMemoCMT/data/phase2/clancy/corpus/raw/live-lindsay-clancy-trial-day-14/live-lindsay-clancy-trial-day-14_DCBWoWhsTpA.mp4,/Users/rajeshpmu/Desktop/LegalMemoCMT/data/phase2/clancy/corpus/raw/live-lindsay-clancy-trial-day-14/live-lindsay-clancy-trial-day-14_DCBWoWhsTpA.wav,/Users/rajeshpmu/Desktop/LegalMemoCMT/data/processed/phase2/clancy/turn_clips/video/DCBWoWhsTpA/DCBWoWhsTpA_turn06808.mp4,/Users/rajeshpmu/Desktop/LegalMemoCMT/data/processed/phase2/clancy/turn_clips/audio/DCBWoWhsTpA/DCBWoWhsTpA_turn06808.wav,8067.768,8081.745,13.977,created,02:14:27.768,02:14:41.745,0.0,default_zero,SPEAKER_02,6.598,pyannote/speaker-diarization-3.1,Witness,manual_verified_diarization,HIGH,YES,SPEAKING,Witness,YES,Witness 16 identified by manual audio/video review,INCLUDE,,YES,speaker_role=Witness,split_dev;usable,"usable because speaker_role=Witness, witness_speaking_status=SPEAKING, clip_status=created, duration=13.977s, and source is not excluded",YES,0.6,HIGH,manual_clip_review,HUMAN_VERIFIED,/Users/rajeshpmu/Desktop/LegalMemoCMT/data/processed/phase2/clancy/turn_clips/video/DCBWoWhsTpA/DCBWoWhsTpA_turn06808.mp4,/Users/rajeshpmu/Desktop/LegalMemoCMT/data/processed/phase2/clancy/vit_facecrop_embeddings/DCBWoWhsTpA/DCBWoWhsTpA_turn06808.npy,created,sadness,0.878897,0.554293,"{""anger"": 0.013107, ""disgust"": 0.009379, ""fear"": 0.034536, ""joy"": 0.008565, ""neutral"": 0.047612, ""sadness"": 0.878897, ""surprise"": 0.007903}",/Users/rajeshpmu/Desktop/LegalMemoCMT/results/facial_cues/meld_vit_facecrop_gated_video_aux/fold_4/best_model.pt,phase1_meld_checkpoint_pseudo_label,"audio,text,video","audio,text,video","{""audio_dim"": 128, ""audio_model_name"": ""facebook/hubert-base-ls960"", ""dropout"": 0.1, ""encoder_mode"": ""paper"", ""freeze_audio_backbone"": false, ""freeze_text_backbone"": false, ""fusion_dim"": 256, ""fusion_mode"": ""gated"", ""fusion_pooling"": ""min"", ""max_audio_len"": 256, ""max_text_len"": 128, ""max_video_len"": 32, ""num_classes"": 7, ""num_heads"": 4, ""num_layers"": 2, ""text_dim"": 256, ""text_model_name"": ""bert-base-uncased"", ""use_video"": true, ""video_dim"": 768, ""vocab_size"": 30000}",/Users/rajeshpmu/Desktop/LegalMemoCMT/data/processed/phase2/clancy/turn_clips/audio/DCBWoWhsTpA/DCBWoWhsTpA_turn06808.wav,OK,,0.261625,0.278271,0.278271,0.389908,3loi/SER-Odyssey-Baseline-WavLM-Multi-Attributes,OK,hap,0.991717,speechbrain/emotion-recognition-wav2vec2-IEMOCAP,OK,NO,QUOTED_SPEECH,quote or reported speech marker,HIGH,LOW,HIGH,KEEP_PHASE1_CANDIDATE,sadness,joy,sadness,0.878897,sadness,0.878897,comparable Phase 1 and audio categorical outputs agree or audio class is not comparable,YES,UNKNOWN,,phase1_vs_comparable_audio_disagreement;low_or_moderate_audio_arousal
DCBWoWhsTpA_turn06847,DCBWoWhsTpA_turn06847,DCBWoWhsTpA,https://www.youtube.com/live/DCBWoWhsTpA,LIVE: Lindsay Clancy trial Day 14,full_trial_stream,5,/Users/rajeshpmu/Desktop/LegalMemoCMT/data/phase2/clancy/corpus/raw/live-lindsay-clancy-trial-day-14/live-lindsay-clancy-trial-day-14_DCBWoWhsTpA.en.vtt,/Users/rajeshpmu/Desktop/LegalMemoCMT/data/processed/phase2/clancy/turn_clips/video/DCBWoWhsTpA/DCBWoWhsTpA_turn06847.mp4,/Users/rajeshpmu/Desktop/LegalMemoCMT/data/processed/phase2/clancy/turn_clips/audio/DCBWoWhsTpA/DCBWoWhsTpA_turn06847.wav,DCBWoWhsTpA,group_by_youtube_id,dev,neutral,text_keyword_heuristic,LOW,YES,"audio and courtroom-affect evidence support neutral, but emotion target is unresolved",YES,When was that?,When was that?,02:22:16.157,02:22:18.052,1.895,1.895,marker,MEDIUM,1,3,"DCBWoWhsTpA_utt06619#p02,DCBWoWhsTpA_utt06620#p01,DCBWoWhsTpA_utt06621#p01","DCBWoWhsTpA_utt06619,DCBWoWhsTpA_utt06620,DCBWoWhsTpA_utt06621",3,/Users/rajeshpmu/Desktop/LegalMemoCMT/data/phase2/clancy/corpus/raw/live-lindsay-clancy-trial-day-14/live-lindsay-clancy-trial-day-14_DCBWoWhsTpA.mp4,/Users/rajeshpmu/Desktop/LegalMemoCMT/data/phase2/clancy/corpus/raw/live-lindsay-clancy-trial-day-14/live-lindsay-clancy-trial-day-14_DCBWoWhsTpA.wav,/Users/rajeshpmu/Desktop/LegalMemoCMT/data/processed/phase2/clancy/turn_clips/video/DCBWoWhsTpA/DCBWoWhsTpA_turn06847.mp4,/Users/rajeshpmu/Desktop/LegalMemoCMT/data/processed/phase2/clancy/turn_clips/audio/DCBWoWhsTpA/DCBWoWhsTpA_turn06847.wav,8536.157,8538.052,1.895,created,02:22:16.157,02:22:18.052,0.0,default_zero,SPEAKER_02,0.756,pyannote/speaker-diarization-3.1,Witness,manual_verified_diarization,HIGH,YES,SPEAKING,Witness,YES,Witness 16 identified by manual audio/video review,INCLUDE,,YES,speaker_role=Witness,split_dev;usable,"usable because speaker_role=Witness, witness_speaking_status=SPEAKING, clip_status=created, duration=1.895s, and source is not excluded",YES,0.6,HIGH,manual_clip_review,HUMAN_VERIFIED,/Users/rajeshpmu/Desktop/LegalMemoCMT/data/processed/phase2/clancy/turn_clips/video/DCBWoWhsTpA/DCBWoWhsTpA_turn06847.mp4,/Users/rajeshpmu/Desktop/LegalMemoCMT/data/processed/phase2/clancy/vit_facecrop_embeddings/DCBWoWhsTpA/DCBWoWhsTpA_turn06847.npy,created,disgust,0.802956,0.638085,"{""anger"": 0.010332, ""disgust"": 0.802956, ""fear"": 0.0053, ""joy"": 0.012935, ""neutral"": 0.162226, ""sadness"": 0.004351, ""surprise"": 0.001902}",/Users/rajeshpmu/Desktop/LegalMemoCMT/results/facial_cues/meld_vit_facecrop_gated_video_aux/fold_4/best_model.pt,phase1_meld_checkpoint_pseudo_label,"audio,text,video","audio,text,video","{""audio_dim"": 128, ""audio_model_name"": ""facebook/hubert-base-ls960"", ""dropout"": 0.1, ""encoder_mode"": ""paper"", ""freeze_audio_backbone"": false, ""freeze_text_backbone"": false, ""fusion_dim"": 256, ""fusion_mode"": ""gated"", ""fusion_pooling"": ""min"", ""max_audio_len"": 256, ""max_text_len"": 128, ""max_video_len"": 32, ""num_classes"": 7, ""num_heads"": 4, ""num_layers"": 2, ""text_dim"": 256, ""text_model_name"": ""bert-base-uncased"", ""use_video"": true, ""video_dim"": 768, ""vocab_size"": 30000}",/Users/rajeshpmu/Desktop/LegalMemoCMT/data/processed/phase2/clancy/turn_clips/audio/DCBWoWhsTpA/DCBWoWhsTpA_turn06847.wav,OK,,0.364378,0.323708,0.323708,0.334397,3loi/SER-Odyssey-Baseline-WavLM-Multi-Attributes,OK,neu,1.0,speechbrain/emotion-recognition-wav2vec2-IEMOCAP,OK,NO,UNCLEAR,no explicit emotion-target evidence,HIGH,LOW,HIGH,NEUTRAL_CANDIDATE,disgust,neutral,neutral,0.580000,neutral,0.580000,"audio and courtroom-affect evidence support neutral, but emotion target is unresolved",YES,CALM_COMPOSED,1,phase1_vs_comparable_audio_disagreement;low_or_moderate_audio_arousal;speechbrain_neutral
DCBWoWhsTpA_turn06850,DCBWoWhsTpA_turn06850,DCBWoWhsTpA,https://www.youtube.com/live/DCBWoWhsTpA,LIVE: Lindsay Clancy trial Day 14,full_trial_stream,5,/Users/rajeshpmu/Desktop/LegalMemoCMT/data/phase2/clancy/corpus/raw/live-lindsay-clancy-trial-day-14/live-lindsay-clancy-trial-day-14_DCBWoWhsTpA.en.vtt,/Users/rajeshpmu/Desktop/LegalMemoCMT/data/processed/phase2/clancy/turn_clips/video/DCBWoWhsTpA/DCBWoWhsTpA_turn06850.mp4,/Users/rajeshpmu/Desktop/LegalMemoCMT/data/processed/phase2/clancy/turn_clips/audio/DCBWoWhsTpA/DCBWoWhsTpA_turn06850.wav,DCBWoWhsTpA,group_by_youtube_id,dev,neutral,text_keyword_heuristic,LOW,YES,comparable Phase 1 and audio categorical outputs agree or audio class is not comparable,YES,"She said she was she just said she was afraid to be alone. She And one reason I believe she said she didn't know if she was going to be able to sleep, but mainly she was afraid to be alone.","She said she was she just said she was afraid to be alone. She And one reason I believe she said she didn't know if she was going to be able to sleep, but mainly she was afraid to be alone.",02:22:29.757,02:22:40.097,10.34,10.34,marker,MEDIUM,1,11,"DCBWoWhsTpA_utt06633#p02,DCBWoWhsTpA_utt06634#p01,DCBWoWhsTpA_utt06635#p01,DCBWoWhsTpA_utt06636#p01,DCBWoWhsTpA_utt06637#p01,DCBWoWhsTpA_utt06638#p01,DCBWoWhsTpA_utt06639#p01,DCBWoWhsTpA_utt06640#p01,DCBWoWhsTpA_utt06641#p01,DCBWoWhsTpA_utt06642#p01,DCBWoWhsTpA_utt06643#p01","DCBWoWhsTpA_utt06633,DCBWoWhsTpA_utt06634,DCBWoWhsTpA_utt06635,DCBWoWhsTpA_utt06636,DCBWoWhsTpA_utt06637,DCBWoWhsTpA_utt06638,DCBWoWhsTpA_utt06639,DCBWoWhsTpA_utt06640,DCBWoWhsTpA_utt06641,DCBWoWhsTpA_utt06642,DCBWoWhsTpA_utt06643",11,/Users/rajeshpmu/Desktop/LegalMemoCMT/data/phase2/clancy/corpus/raw/live-lindsay-clancy-trial-day-14/live-lindsay-clancy-trial-day-14_DCBWoWhsTpA.mp4,/Users/rajeshpmu/Desktop/LegalMemoCMT/data/phase2/clancy/corpus/raw/live-lindsay-clancy-trial-day-14/live-lindsay-clancy-trial-day-14_DCBWoWhsTpA.wav,/Users/rajeshpmu/Desktop/LegalMemoCMT/data/processed/phase2/clancy/turn_clips/video/DCBWoWhsTpA/DCBWoWhsTpA_turn06850.mp4,/Users/rajeshpmu/Desktop/LegalMemoCMT/data/processed/phase2/clancy/turn_clips/audio/DCBWoWhsTpA/DCBWoWhsTpA_turn06850.wav,8549.757,8560.097,10.34,created,02:22:29.757,02:22:40.097,0.0,default_zero,SPEAKER_02,8.869,pyannote/speaker-diarization-3.1,Witness,manual_verified_diarization,HIGH,YES,SPEAKING,Witness,YES,Witness 16 identified by manual audio/video review,INCLUDE,,YES,speaker_role=Witness,split_dev;usable,"usable because speaker_role=Witness, witness_speaking_status=SPEAKING, clip_status=created, duration=10.340s, and source is not excluded",YES,0.6,HIGH,manual_clip_review,HUMAN_VERIFIED,/Users/rajeshpmu/Desktop/LegalMemoCMT/data/processed/phase2/clancy/turn_clips/video/DCBWoWhsTpA/DCBWoWhsTpA_turn06850.mp4,/Users/rajeshpmu/Desktop/LegalMemoCMT/data/processed/phase2/clancy/vit_facecrop_embeddings/DCBWoWhsTpA/DCBWoWhsTpA_turn06850.npy,created,sadness,0.575738,1.212177,"{""anger"": 0.027027, ""disgust"": 0.014765, ""fear"": 0.063592, ""joy"": 0.035437, ""neutral"": 0.258872, ""sadness"": 0.575738, ""surprise"": 0.024569}",/Users/rajeshpmu/Desktop/LegalMemoCMT/results/facial_cues/meld_vit_facecrop_gated_video_aux/fold_4/best_model.pt,phase1_meld_checkpoint_pseudo_label,"audio,text,video","audio,text,video","{""audio_dim"": 128, ""audio_model_name"": ""facebook/hubert-base-ls960"", ""dropout"": 0.1, ""encoder_mode"": ""paper"", ""freeze_audio_backbone"": false, ""freeze_text_backbone"": false, ""fusion_dim"": 256, ""fusion_mode"": ""gated"", ""fusion_pooling"": ""min"", ""max_audio_len"": 256, ""max_text_len"": 128, ""max_video_len"": 32, ""num_classes"": 7, ""num_heads"": 4, ""num_layers"": 2, ""text_dim"": 256, ""text_model_name"": ""bert-base-uncased"", ""use_video"": true, ""video_dim"": 768, ""vocab_size"": 30000}",/Users/rajeshpmu/Desktop/LegalMemoCMT/data/processed/phase2/clancy/turn_clips/audio/DCBWoWhsTpA/DCBWoWhsTpA_turn06850.wav,OK,,0.318989,0.372017,0.372017,0.463352,3loi/SER-Odyssey-Baseline-WavLM-Multi-Attributes,OK,ang,0.913494,speechbrain/emotion-recognition-wav2vec2-IEMOCAP,OK,YES,OTHER_PERSON_DESCRIBED,emotion term occurs with other-person reference,HIGH,HIGH,HIGH,KEEP_PHASE1_CANDIDATE,sadness,anger,sadness,0.575738,sadness,0.575738,comparable Phase 1 and audio categorical outputs agree or audio class is not comparable,YES,UNKNOWN,,phase1_vs_comparable_audio_disagreement;other_person_emotion_scope;low_or_moderate_audio_arousal
DCBWoWhsTpA_turn06897,DCBWoWhsTpA_turn06897,DCBWoWhsTpA,https://www.youtube.com/live/DCBWoWhsTpA,LIVE: Lindsay Clancy trial Day 14,full_trial_stream,5,/Users/rajeshpmu/Desktop/LegalMemoCMT/data/phase2/clancy/corpus/raw/live-lindsay-clancy-trial-day-14/live-lindsay-clancy-trial-day-14_DCBWoWhsTpA.en.vtt,/Users/rajeshpmu/Desktop/LegalMemoCMT/data/processed/phase2/clancy/turn_clips/video/DCBWoWhsTpA/DCBWoWhsTpA_turn06897.mp4,/Users/rajeshpmu/Desktop/LegalMemoCMT/data/processed/phase2/clancy/turn_clips/audio/DCBWoWhsTpA/DCBWoWhsTpA_turn06897.wav,DCBWoWhsTpA,group_by_youtube_id,dev,neutral,text_keyword_heuristic,LOW,YES,comparable Phase 1 and audio categorical outputs agree or audio class is not comparable,YES,That's correct. Without my observation of her,That's correct. Without my observation of her,02:38:42.206,02:38:44.574,2.368,2.368,marker,MEDIUM,1,5,"DCBWoWhsTpA_utt07391#p02,DCBWoWhsTpA_utt07392#p01,DCBWoWhsTpA_utt07393#p01,DCBWoWhsTpA_utt07394#p01,DCBWoWhsTpA_utt07395#p01","DCBWoWhsTpA_utt07391,DCBWoWhsTpA_utt07392,DCBWoWhsTpA_utt07393,DCBWoWhsTpA_utt07394,DCBWoWhsTpA_utt07395",5,/Users/rajeshpmu/Desktop/LegalMemoCMT/data/phase2/clancy/corpus/raw/live-lindsay-clancy-trial-day-14/live-lindsay-clancy-trial-day-14_DCBWoWhsTpA.mp4,/Users/rajeshpmu/Desktop/LegalMemoCMT/data/phase2/clancy/corpus/raw/live-lindsay-clancy-trial-day-14/live-lindsay-clancy-trial-day-14_DCBWoWhsTpA.wav,/Users/rajeshpmu/Desktop/LegalMemoCMT/data/processed/phase2/clancy/turn_clips/video/DCBWoWhsTpA/DCBWoWhsTpA_turn06897.mp4,/Users/rajeshpmu/Desktop/LegalMemoCMT/data/processed/phase2/clancy/turn_clips/audio/DCBWoWhsTpA/DCBWoWhsTpA_turn06897.wav,9522.206,9524.574,2.368,created,02:38:42.206,02:38:44.574,0.0,default_zero,SPEAKER_02,1.805,pyannote/speaker-diarization-3.1,Witness,manual_verified_diarization,HIGH,YES,SPEAKING,Witness,YES,Witness 16 identified by manual audio/video review,INCLUDE,,YES,speaker_role=Witness,split_dev;usable,"usable because speaker_role=Witness, witness_speaking_status=SPEAKING, clip_status=created, duration=2.368s, and source is not excluded",YES,0.6,HIGH,manual_clip_review,HUMAN_VERIFIED,/Users/rajeshpmu/Desktop/LegalMemoCMT/data/processed/phase2/clancy/turn_clips/video/DCBWoWhsTpA/DCBWoWhsTpA_turn06897.mp4,/Users/rajeshpmu/Desktop/LegalMemoCMT/data/processed/phase2/clancy/vit_facecrop_embeddings/DCBWoWhsTpA/DCBWoWhsTpA_turn06897.npy,created,neutral,0.906419,0.450805,"{""anger"": 0.035387, ""disgust"": 0.003717, ""fear"": 0.007423, ""joy"": 0.026692, ""neutral"": 0.906419, ""sadness"": 0.004158, ""surprise"": 0.016204}",/Users/rajeshpmu/Desktop/LegalMemoCMT/results/facial_cues/meld_vit_facecrop_gated_video_aux/fold_4/best_model.pt,phase1_meld_checkpoint_pseudo_label,"audio,text,video","audio,text,video","{""audio_dim"": 128, ""audio_model_name"": ""facebook/hubert-base-ls960"", ""dropout"": 0.1, ""encoder_mode"": ""paper"", ""freeze_audio_backbone"": false, ""freeze_text_backbone"": false, ""fusion_dim"": 256, ""fusion_mode"": ""gated"", ""fusion_pooling"": ""min"", ""max_audio_len"": 256, ""max_text_len"": 128, ""max_video_len"": 32, ""num_classes"": 7, ""num_heads"": 4, ""num_layers"": 2, ""text_dim"": 256, ""text_model_name"": ""bert-base-uncased"", ""use_video"": true, ""video_dim"": 768, ""vocab_size"": 30000}",/Users/rajeshpmu/Desktop/LegalMemoCMT/data/processed/phase2/clancy/turn_clips/audio/DCBWoWhsTpA/DCBWoWhsTpA_turn06897.wav,OK,,0.405724,0.374799,0.374799,0.462455,3loi/SER-Odyssey-Baseline-WavLM-Multi-Attributes,OK,ang,1.0,speechbrain/emotion-recognition-wav2vec2-IEMOCAP,OK,NO,UNCLEAR,no explicit emotion-target evidence,HIGH,LOW,HIGH,KEEP_PHASE1_CANDIDATE,neutral,anger,neutral,0.906419,neutral,0.906419,comparable Phase 1 and audio categorical outputs agree or audio class is not comparable,YES,UNKNOWN,,phase1_vs_comparable_audio_disagreement;low_or_moderate_audio_arousal
DCBWoWhsTpA_turn06910,DCBWoWhsTpA_turn06910,DCBWoWhsTpA,https://www.youtube.com/live/DCBWoWhsTpA,LIVE: Lindsay Clancy trial Day 14,full_trial_stream,5,/Users/rajeshpmu/Desktop/LegalMemoCMT/data/phase2/clancy/corpus/raw/live-lindsay-clancy-trial-day-14/live-lindsay-clancy-trial-day-14_DCBWoWhsTpA.en.vtt,/Users/rajeshpmu/Desktop/LegalMemoCMT/data/processed/phase2/clancy/turn_clips/video/DCBWoWhsTpA/DCBWoWhsTpA_turn06910.mp4,/Users/rajeshpmu/Desktop/LegalMemoCMT/data/processed/phase2/clancy/turn_clips/audio/DCBWoWhsTpA/DCBWoWhsTpA_turn06910.wav,DCBWoWhsTpA,group_by_youtube_id,dev,neutral,text_keyword_heuristic,LOW,YES,"audio and courtroom-affect evidence support neutral, but emotion target is unresolved",YES,"Oh, yes. Yes. Yes. I'm sorry.","Oh, yes. Yes. Yes. I'm sorry.",02:41:52.797,02:41:54.595,1.798,1.798,marker,MEDIUM,1,3,"DCBWoWhsTpA_utt07493#p02,DCBWoWhsTpA_utt07494#p01,DCBWoWhsTpA_utt07495#p01","DCBWoWhsTpA_utt07493,DCBWoWhsTpA_utt07494,DCBWoWhsTpA_utt07495",3,/Users/rajeshpmu/Desktop/LegalMemoCMT/data/phase2/clancy/corpus/raw/live-lindsay-clancy-trial-day-14/live-lindsay-clancy-trial-day-14_DCBWoWhsTpA.mp4,/Users/rajeshpmu/Desktop/LegalMemoCMT/data/phase2/clancy/corpus/raw/live-lindsay-clancy-trial-day-14/live-lindsay-clancy-trial-day-14_DCBWoWhsTpA.wav,/Users/rajeshpmu/Desktop/LegalMemoCMT/data/processed/phase2/clancy/turn_clips/video/DCBWoWhsTpA/DCBWoWhsTpA_turn06910.mp4,/Users/rajeshpmu/Desktop/LegalMemoCMT/data/processed/phase2/clancy/turn_clips/audio/DCBWoWhsTpA/DCBWoWhsTpA_turn06910.wav,9712.797,9714.595,1.798,created,02:41:52.797,02:41:54.595,0.0,default_zero,SPEAKER_02,1.766,pyannote/speaker-diarization-3.1,Witness,manual_verified_diarization,HIGH,YES,SPEAKING,Witness,YES,Witness 16 identified by manual audio/video review,INCLUDE,,YES,speaker_role=Witness,split_dev;usable,"usable because speaker_role=Witness, witness_speaking_status=SPEAKING, clip_status=created, duration=1.798s, and source is not excluded",YES,0.6,HIGH,manual_clip_review,HUMAN_VERIFIED,/Users/rajeshpmu/Desktop/LegalMemoCMT/data/processed/phase2/clancy/turn_clips/video/DCBWoWhsTpA/DCBWoWhsTpA_turn06910.mp4,/Users/rajeshpmu/Desktop/LegalMemoCMT/data/processed/phase2/clancy/vit_facecrop_embeddings/DCBWoWhsTpA/DCBWoWhsTpA_turn06910.npy,created,fear,0.989445,0.071525,"{""anger"": 0.000936, ""disgust"": 0.000354, ""fear"": 0.989445, ""joy"": 0.000471, ""neutral"": 0.006525, ""sadness"": 0.001539, ""surprise"": 0.000729}",/Users/rajeshpmu/Desktop/LegalMemoCMT/results/facial_cues/meld_vit_facecrop_gated_video_aux/fold_4/best_model.pt,phase1_meld_checkpoint_pseudo_label,"audio,text,video","audio,text,video","{""audio_dim"": 128, ""audio_model_name"": ""facebook/hubert-base-ls960"", ""dropout"": 0.1, ""encoder_mode"": ""paper"", ""freeze_audio_backbone"": false, ""freeze_text_backbone"": false, ""fusion_dim"": 256, ""fusion_mode"": ""gated"", ""fusion_pooling"": ""min"", ""max_audio_len"": 256, ""max_text_len"": 128, ""max_video_len"": 32, ""num_classes"": 7, ""num_heads"": 4, ""num_layers"": 2, ""text_dim"": 256, ""text_model_name"": ""bert-base-uncased"", ""use_video"": true, ""video_dim"": 768, ""vocab_size"": 30000}",/Users/rajeshpmu/Desktop/LegalMemoCMT/data/processed/phase2/clancy/turn_clips/audio/DCBWoWhsTpA/DCBWoWhsTpA_turn06910.wav,OK,,0.407732,0.403997,0.403997,0.401174,3loi/SER-Odyssey-Baseline-WavLM-Multi-Attributes,OK,neu,1.0,speechbrain/emotion-recognition-wav2vec2-IEMOCAP,OK,NO,UNCLEAR,no explicit emotion-target evidence,HIGH,LOW,HIGH,NEUTRAL_CANDIDATE,fear,neutral,neutral,0.580000,neutral,0.580000,"audio and courtroom-affect evidence support neutral, but emotion target is unresolved",YES,CALM_COMPOSED,1,phase1_vs_comparable_audio_disagreement;low_or_moderate_audio_arousal;speechbrain_neutral
