turn_id,utterance_id,youtube_id,source_url,title,category,priority,subtitle_path,video_path,audio_path,split_group_id,split_strategy,split,emotion_label,emotion_label_source,emotion_label_confidence,review_flag,review_reason,usable_for_phase2,turn_text,utterance_text,turn_start_time,turn_end_time,turn_duration_seconds,duration_seconds,turn_boundary_type,turn_confidence,turn_marker_count,turn_piece_count,turn_piece_ids,turn_source_utterance_ids,turn_source_utterance_count,source_video_path,source_audio_path,clip_video_path,clip_audio_path,clip_start_seconds,clip_end_seconds,clip_duration_seconds,clip_status,start_time,end_time,source_offset_seconds,source_offset_status,speaker_cluster_id,speaker_cluster_overlap_seconds,speaker_cluster_source,speaker_role,speaker_role_source,speaker_role_confidence,witness_in_segment,witness_speaking_status,visual_target_role,visual_speaker_match,role_mapping_notes,corpus_exclusion_status,corpus_exclusion_reason,witness_only,witness_only_reason,training_use_categories,training_use_reason,speaker_visible_during_speech,face_visible_ratio,visual_verification_confidence,visual_verification_source,visual_verification_status,phase1_basic_emotion,phase1_basic_emotion_confidence,phase1_basic_emotion_entropy,phase1_basic_emotion_probabilities,phase1_basic_emotion_checkpoint,phase1_basic_emotion_source,phase1_basic_emotion_modalities,phase1_basic_emotion_requested_modalities,phase1_basic_emotion_model_config
DCBWoWhsTpA_turn05916,DCBWoWhsTpA_turn05916,DCBWoWhsTpA,https://www.youtube.com/live/DCBWoWhsTpA,LIVE: Lindsay Clancy trial Day 14,full_trial_stream,5,/Users/rajeshpmu/Desktop/LegalMemoCMT/data/phase2/clancy/corpus/raw/live-lindsay-clancy-trial-day-14/live-lindsay-clancy-trial-day-14_DCBWoWhsTpA.en.vtt,/Users/rajeshpmu/Desktop/LegalMemoCMT/data/processed/phase2/clancy/turn_clips/video/DCBWoWhsTpA/DCBWoWhsTpA_turn05916.mp4,/Users/rajeshpmu/Desktop/LegalMemoCMT/data/processed/phase2/clancy/turn_clips/audio/DCBWoWhsTpA/DCBWoWhsTpA_turn05916.wav,DCBWoWhsTpA,group_by_youtube_id,dev,neutral,text_keyword_heuristic,LOW,NO,neutral default,YES,Yes. It's Ian Wiffin. I A N W H I F I N.,Yes. It's Ian Wiffin. I A N W H I F I N.,00:05:52.211,00:05:57.827,5.616,5.616,marker,MEDIUM,1,3,"DCBWoWhsTpA_utt00207#p02,DCBWoWhsTpA_utt00208#p01,DCBWoWhsTpA_utt00209#p01","DCBWoWhsTpA_utt00207,DCBWoWhsTpA_utt00208,DCBWoWhsTpA_utt00209",3,/Users/rajeshpmu/Desktop/LegalMemoCMT/data/phase2/clancy/corpus/raw/live-lindsay-clancy-trial-day-14/live-lindsay-clancy-trial-day-14_DCBWoWhsTpA.mp4,/Users/rajeshpmu/Desktop/LegalMemoCMT/data/phase2/clancy/corpus/raw/live-lindsay-clancy-trial-day-14/live-lindsay-clancy-trial-day-14_DCBWoWhsTpA.wav,/Users/rajeshpmu/Desktop/LegalMemoCMT/data/processed/phase2/clancy/turn_clips/video/DCBWoWhsTpA/DCBWoWhsTpA_turn05916.mp4,/Users/rajeshpmu/Desktop/LegalMemoCMT/data/processed/phase2/clancy/turn_clips/audio/DCBWoWhsTpA/DCBWoWhsTpA_turn05916.wav,352.211,357.827,5.616,created,00:05:52.211,00:05:57.827,0.000,default_zero,SPEAKER_18,4.271,pyannote/speaker-diarization-3.1,Witness,manual_verified_diarization,HIGH,YES,SPEAKING,Witness,YES,Witness 15 identified by manual audio/video review,INCLUDE,,YES,speaker_role=Witness,split_dev;usable,"usable because speaker_role=Witness, witness_speaking_status=SPEAKING, clip_status=created, duration=5.616s, and source is not excluded",YES,0.60,HIGH,manual_clip_review,HUMAN_VERIFIED,neutral,0.798372,0.817106,"{""anger"": 0.053359, ""disgust"": 0.009229, ""fear"": 0.01979, ""joy"": 0.064868, ""neutral"": 0.798372, ""sadness"": 0.045447, ""surprise"": 0.008934}",/Users/rajeshpmu/Desktop/LegalMemoCMT/results/paper_aligned_meld_cv/cmt_min/fold_2/best_model.pt,phase1_meld_checkpoint_pseudo_label,"audio,text","audio,text,video","{""audio_dim"": 128, ""audio_model_name"": ""facebook/hubert-base-ls960"", ""dropout"": 0.1, ""encoder_mode"": ""paper"", ""freeze_audio_backbone"": true, ""freeze_text_backbone"": true, ""fusion_dim"": 256, ""fusion_pooling"": ""min"", ""max_audio_len"": 256, ""max_text_len"": 128, ""max_video_len"": 32, ""num_classes"": 7, ""num_heads"": 4, ""num_layers"": 2, ""text_dim"": 256, ""text_model_name"": ""bert-base-uncased"", ""use_video"": false, ""video_dim"": 128, ""vocab_size"": 30000}"
DCBWoWhsTpA_turn05917,DCBWoWhsTpA_turn05917,DCBWoWhsTpA,https://www.youtube.com/live/DCBWoWhsTpA,LIVE: Lindsay Clancy trial Day 14,full_trial_stream,5,/Users/rajeshpmu/Desktop/LegalMemoCMT/data/phase2/clancy/corpus/raw/live-lindsay-clancy-trial-day-14/live-lindsay-clancy-trial-day-14_DCBWoWhsTpA.en.vtt,/Users/rajeshpmu/Desktop/LegalMemoCMT/data/processed/phase2/clancy/turn_clips/video/DCBWoWhsTpA/DCBWoWhsTpA_turn05917.mp4,/Users/rajeshpmu/Desktop/LegalMemoCMT/data/processed/phase2/clancy/turn_clips/audio/DCBWoWhsTpA/DCBWoWhsTpA_turn05917.wav,DCBWoWhsTpA,group_by_youtube_id,dev,neutral,text_keyword_heuristic,LOW,NO,neutral default,YES,Where do you work?,Where do you work?,00:05:57.827,00:05:58.980,1.153,1.153,marker,MEDIUM,1,3,"DCBWoWhsTpA_utt00209#p02,DCBWoWhsTpA_utt00210#p01,DCBWoWhsTpA_utt00211#p01","DCBWoWhsTpA_utt00209,DCBWoWhsTpA_utt00210,DCBWoWhsTpA_utt00211",3,/Users/rajeshpmu/Desktop/LegalMemoCMT/data/phase2/clancy/corpus/raw/live-lindsay-clancy-trial-day-14/live-lindsay-clancy-trial-day-14_DCBWoWhsTpA.mp4,/Users/rajeshpmu/Desktop/LegalMemoCMT/data/phase2/clancy/corpus/raw/live-lindsay-clancy-trial-day-14/live-lindsay-clancy-trial-day-14_DCBWoWhsTpA.wav,/Users/rajeshpmu/Desktop/LegalMemoCMT/data/processed/phase2/clancy/turn_clips/video/DCBWoWhsTpA/DCBWoWhsTpA_turn05917.mp4,/Users/rajeshpmu/Desktop/LegalMemoCMT/data/processed/phase2/clancy/turn_clips/audio/DCBWoWhsTpA/DCBWoWhsTpA_turn05917.wav,357.827,358.980,1.153,created,00:05:57.827,00:05:58.980,0.000,default_zero,SPEAKER_18,0.826,pyannote/speaker-diarization-3.1,Witness,manual_verified_diarization,HIGH,YES,SPEAKING,Witness,YES,Witness 15 identified by manual audio/video review,INCLUDE,,YES,speaker_role=Witness,split_dev;usable,"usable because speaker_role=Witness, witness_speaking_status=SPEAKING, clip_status=created, duration=1.153s, and source is not excluded",YES,0.60,HIGH,manual_clip_review,HUMAN_VERIFIED,neutral,0.890446,0.485498,"{""anger"": 0.016481, ""disgust"": 0.060678, ""fear"": 0.012715, ""joy"": 0.015751, ""neutral"": 0.890446, ""sadness"": 0.003231, ""surprise"": 0.000698}",/Users/rajeshpmu/Desktop/LegalMemoCMT/results/paper_aligned_meld_cv/cmt_min/fold_2/best_model.pt,phase1_meld_checkpoint_pseudo_label,"audio,text","audio,text,video","{""audio_dim"": 128, ""audio_model_name"": ""facebook/hubert-base-ls960"", ""dropout"": 0.1, ""encoder_mode"": ""paper"", ""freeze_audio_backbone"": true, ""freeze_text_backbone"": true, ""fusion_dim"": 256, ""fusion_pooling"": ""min"", ""max_audio_len"": 256, ""max_text_len"": 128, ""max_video_len"": 32, ""num_classes"": 7, ""num_heads"": 4, ""num_layers"": 2, ""text_dim"": 256, ""text_model_name"": ""bert-base-uncased"", ""use_video"": false, ""video_dim"": 128, ""vocab_size"": 30000}"
DCBWoWhsTpA_turn05919,DCBWoWhsTpA_turn05919,DCBWoWhsTpA,https://www.youtube.com/live/DCBWoWhsTpA,LIVE: Lindsay Clancy trial Day 14,full_trial_stream,5,/Users/rajeshpmu/Desktop/LegalMemoCMT/data/phase2/clancy/corpus/raw/live-lindsay-clancy-trial-day-14/live-lindsay-clancy-trial-day-14_DCBWoWhsTpA.en.vtt,/Users/rajeshpmu/Desktop/LegalMemoCMT/data/processed/phase2/clancy/turn_clips/video/DCBWoWhsTpA/DCBWoWhsTpA_turn05919.mp4,/Users/rajeshpmu/Desktop/LegalMemoCMT/data/processed/phase2/clancy/turn_clips/audio/DCBWoWhsTpA/DCBWoWhsTpA_turn05919.wav,DCBWoWhsTpA,group_by_youtube_id,dev,neutral,text_keyword_heuristic,LOW,NO,neutral default,YES,What is Celebrite?,What is Celebrite?,00:05:59.980,00:06:01.426,1.446,1.446,marker,MEDIUM,1,3,"DCBWoWhsTpA_utt00213#p02,DCBWoWhsTpA_utt00214#p01,DCBWoWhsTpA_utt00215#p01","DCBWoWhsTpA_utt00213,DCBWoWhsTpA_utt00214,DCBWoWhsTpA_utt00215",3,/Users/rajeshpmu/Desktop/LegalMemoCMT/data/phase2/clancy/corpus/raw/live-lindsay-clancy-trial-day-14/live-lindsay-clancy-trial-day-14_DCBWoWhsTpA.mp4,/Users/rajeshpmu/Desktop/LegalMemoCMT/data/phase2/clancy/corpus/raw/live-lindsay-clancy-trial-day-14/live-lindsay-clancy-trial-day-14_DCBWoWhsTpA.wav,/Users/rajeshpmu/Desktop/LegalMemoCMT/data/processed/phase2/clancy/turn_clips/video/DCBWoWhsTpA/DCBWoWhsTpA_turn05919.mp4,/Users/rajeshpmu/Desktop/LegalMemoCMT/data/processed/phase2/clancy/turn_clips/audio/DCBWoWhsTpA/DCBWoWhsTpA_turn05919.wav,359.980,361.426,1.446,created,00:05:59.980,00:06:01.426,0.000,default_zero,SPEAKER_18,0.574,pyannote/speaker-diarization-3.1,Witness,manual_verified_diarization,HIGH,YES,SPEAKING,Witness,YES,Witness 15 identified by manual audio/video review,INCLUDE,,YES,speaker_role=Witness,split_dev;usable,"usable because speaker_role=Witness, witness_speaking_status=SPEAKING, clip_status=created, duration=1.446s, and source is not excluded",YES,0.60,HIGH,manual_clip_review,HUMAN_VERIFIED,neutral,0.785892,0.822094,"{""anger"": 0.042428, ""disgust"": 0.105989, ""fear"": 0.021718, ""joy"": 0.026886, ""neutral"": 0.785892, ""sadness"": 0.011414, ""surprise"": 0.005673}",/Users/rajeshpmu/Desktop/LegalMemoCMT/results/paper_aligned_meld_cv/cmt_min/fold_2/best_model.pt,phase1_meld_checkpoint_pseudo_label,"audio,text","audio,text,video","{""audio_dim"": 128, ""audio_model_name"": ""facebook/hubert-base-ls960"", ""dropout"": 0.1, ""encoder_mode"": ""paper"", ""freeze_audio_backbone"": true, ""freeze_text_backbone"": true, ""fusion_dim"": 256, ""fusion_pooling"": ""min"", ""max_audio_len"": 256, ""max_text_len"": 128, ""max_video_len"": 32, ""num_classes"": 7, ""num_heads"": 4, ""num_layers"": 2, ""text_dim"": 256, ""text_model_name"": ""bert-base-uncased"", ""use_video"": false, ""video_dim"": 128, ""vocab_size"": 30000}"
DCBWoWhsTpA_turn05920,DCBWoWhsTpA_turn05920,DCBWoWhsTpA,https://www.youtube.com/live/DCBWoWhsTpA,LIVE: Lindsay Clancy trial Day 14,full_trial_stream,5,/Users/rajeshpmu/Desktop/LegalMemoCMT/data/phase2/clancy/corpus/raw/live-lindsay-clancy-trial-day-14/live-lindsay-clancy-trial-day-14_DCBWoWhsTpA.en.vtt,/Users/rajeshpmu/Desktop/LegalMemoCMT/data/processed/phase2/clancy/turn_clips/video/DCBWoWhsTpA/DCBWoWhsTpA_turn05920.mp4,/Users/rajeshpmu/Desktop/LegalMemoCMT/data/processed/phase2/clancy/turn_clips/audio/DCBWoWhsTpA/DCBWoWhsTpA_turn05920.wav,DCBWoWhsTpA,group_by_youtube_id,dev,neutral,text_keyword_heuristic,LOW,NO,neutral default,YES,Celebrate is a digital intelligence company uh working in the digital forensics field.,Celebrate is a digital intelligence company uh working in the digital forensics field.,00:06:01.426,00:06:07.002,5.576,5.576,marker,MEDIUM,1,7,"DCBWoWhsTpA_utt00215#p02,DCBWoWhsTpA_utt00216#p01,DCBWoWhsTpA_utt00217#p01,DCBWoWhsTpA_utt00218#p01,DCBWoWhsTpA_utt00219#p01,DCBWoWhsTpA_utt00220#p01,DCBWoWhsTpA_utt00221#p01","DCBWoWhsTpA_utt00215,DCBWoWhsTpA_utt00216,DCBWoWhsTpA_utt00217,DCBWoWhsTpA_utt00218,DCBWoWhsTpA_utt00219,DCBWoWhsTpA_utt00220,DCBWoWhsTpA_utt00221",7,/Users/rajeshpmu/Desktop/LegalMemoCMT/data/phase2/clancy/corpus/raw/live-lindsay-clancy-trial-day-14/live-lindsay-clancy-trial-day-14_DCBWoWhsTpA.mp4,/Users/rajeshpmu/Desktop/LegalMemoCMT/data/phase2/clancy/corpus/raw/live-lindsay-clancy-trial-day-14/live-lindsay-clancy-trial-day-14_DCBWoWhsTpA.wav,/Users/rajeshpmu/Desktop/LegalMemoCMT/data/processed/phase2/clancy/turn_clips/video/DCBWoWhsTpA/DCBWoWhsTpA_turn05920.mp4,/Users/rajeshpmu/Desktop/LegalMemoCMT/data/processed/phase2/clancy/turn_clips/audio/DCBWoWhsTpA/DCBWoWhsTpA_turn05920.wav,361.426,367.002,5.576,created,00:06:01.426,00:06:07.002,0.000,default_zero,SPEAKER_18,4.067,pyannote/speaker-diarization-3.1,Witness,manual_verified_diarization,HIGH,YES,SPEAKING,Witness,YES,Witness 15 identified by manual audio/video review,INCLUDE,,YES,speaker_role=Witness,split_dev;usable,"usable because speaker_role=Witness, witness_speaking_status=SPEAKING, clip_status=created, duration=5.576s, and source is not excluded",YES,0.60,HIGH,manual_clip_review,HUMAN_VERIFIED,neutral,0.895869,0.477021,"{""anger"": 0.045765, ""disgust"": 0.01583, ""fear"": 0.005929, ""joy"": 0.030559, ""neutral"": 0.895869, ""sadness"": 0.004039, ""surprise"": 0.002008}",/Users/rajeshpmu/Desktop/LegalMemoCMT/results/paper_aligned_meld_cv/cmt_min/fold_2/best_model.pt,phase1_meld_checkpoint_pseudo_label,"audio,text","audio,text,video","{""audio_dim"": 128, ""audio_model_name"": ""facebook/hubert-base-ls960"", ""dropout"": 0.1, ""encoder_mode"": ""paper"", ""freeze_audio_backbone"": true, ""freeze_text_backbone"": true, ""fusion_dim"": 256, ""fusion_pooling"": ""min"", ""max_audio_len"": 256, ""max_text_len"": 128, ""max_video_len"": 32, ""num_classes"": 7, ""num_heads"": 4, ""num_layers"": 2, ""text_dim"": 256, ""text_model_name"": ""bert-base-uncased"", ""use_video"": false, ""video_dim"": 128, ""vocab_size"": 30000}"
DCBWoWhsTpA_turn05921,DCBWoWhsTpA_turn05921,DCBWoWhsTpA,https://www.youtube.com/live/DCBWoWhsTpA,LIVE: Lindsay Clancy trial Day 14,full_trial_stream,5,/Users/rajeshpmu/Desktop/LegalMemoCMT/data/phase2/clancy/corpus/raw/live-lindsay-clancy-trial-day-14/live-lindsay-clancy-trial-day-14_DCBWoWhsTpA.en.vtt,/Users/rajeshpmu/Desktop/LegalMemoCMT/data/processed/phase2/clancy/turn_clips/video/DCBWoWhsTpA/DCBWoWhsTpA_turn05921.mp4,/Users/rajeshpmu/Desktop/LegalMemoCMT/data/processed/phase2/clancy/turn_clips/audio/DCBWoWhsTpA/DCBWoWhsTpA_turn05921.wav,DCBWoWhsTpA,group_by_youtube_id,dev,neutral,text_keyword_heuristic,LOW,NO,neutral default,YES,And how long have you worked there?,And how long have you worked there?,00:06:07.002,00:06:10.233,3.231,3.231,marker,MEDIUM,1,3,"DCBWoWhsTpA_utt00221#p02,DCBWoWhsTpA_utt00222#p01,DCBWoWhsTpA_utt00223#p01","DCBWoWhsTpA_utt00221,DCBWoWhsTpA_utt00222,DCBWoWhsTpA_utt00223",3,/Users/rajeshpmu/Desktop/LegalMemoCMT/data/phase2/clancy/corpus/raw/live-lindsay-clancy-trial-day-14/live-lindsay-clancy-trial-day-14_DCBWoWhsTpA.mp4,/Users/rajeshpmu/Desktop/LegalMemoCMT/data/phase2/clancy/corpus/raw/live-lindsay-clancy-trial-day-14/live-lindsay-clancy-trial-day-14_DCBWoWhsTpA.wav,/Users/rajeshpmu/Desktop/LegalMemoCMT/data/processed/phase2/clancy/turn_clips/video/DCBWoWhsTpA/DCBWoWhsTpA_turn05921.mp4,/Users/rajeshpmu/Desktop/LegalMemoCMT/data/processed/phase2/clancy/turn_clips/audio/DCBWoWhsTpA/DCBWoWhsTpA_turn05921.wav,367.002,370.233,3.231,created,00:06:07.002,00:06:10.233,0.000,default_zero,SPEAKER_18,1.232,pyannote/speaker-diarization-3.1,Witness,manual_verified_diarization,HIGH,YES,SPEAKING,Witness,YES,Witness 15 identified by manual audio/video review,INCLUDE,,YES,speaker_role=Witness,split_dev;usable,"usable because speaker_role=Witness, witness_speaking_status=SPEAKING, clip_status=created, duration=3.231s, and source is not excluded",YES,0.60,HIGH,manual_clip_review,HUMAN_VERIFIED,neutral,0.809753,0.700594,"{""anger"": 0.029243, ""disgust"": 0.120372, ""fear"": 0.010948, ""joy"": 0.024108, ""neutral"": 0.809753, ""sadness"": 0.003898, ""surprise"": 0.001677}",/Users/rajeshpmu/Desktop/LegalMemoCMT/results/paper_aligned_meld_cv/cmt_min/fold_2/best_model.pt,phase1_meld_checkpoint_pseudo_label,"audio,text","audio,text,video","{""audio_dim"": 128, ""audio_model_name"": ""facebook/hubert-base-ls960"", ""dropout"": 0.1, ""encoder_mode"": ""paper"", ""freeze_audio_backbone"": true, ""freeze_text_backbone"": true, ""fusion_dim"": 256, ""fusion_pooling"": ""min"", ""max_audio_len"": 256, ""max_text_len"": 128, ""max_video_len"": 32, ""num_classes"": 7, ""num_heads"": 4, ""num_layers"": 2, ""text_dim"": 256, ""text_model_name"": ""bert-base-uncased"", ""use_video"": false, ""video_dim"": 128, ""vocab_size"": 30000}"
DCBWoWhsTpA_turn05923,DCBWoWhsTpA_turn05923,DCBWoWhsTpA,https://www.youtube.com/live/DCBWoWhsTpA,LIVE: Lindsay Clancy trial Day 14,full_trial_stream,5,/Users/rajeshpmu/Desktop/LegalMemoCMT/data/phase2/clancy/corpus/raw/live-lindsay-clancy-trial-day-14/live-lindsay-clancy-trial-day-14_DCBWoWhsTpA.en.vtt,/Users/rajeshpmu/Desktop/LegalMemoCMT/data/processed/phase2/clancy/turn_clips/video/DCBWoWhsTpA/DCBWoWhsTpA_turn05923.mp4,/Users/rajeshpmu/Desktop/LegalMemoCMT/data/processed/phase2/clancy/turn_clips/audio/DCBWoWhsTpA/DCBWoWhsTpA_turn05923.wav,DCBWoWhsTpA,group_by_youtube_id,dev,neutral,text_keyword_heuristic,LOW,NO,neutral default,YES,I'm currently a customer engagement manager.,I'm currently a customer engagement manager.,00:06:14.574,00:06:16.252,1.678,1.678,marker,MEDIUM,1,5,"DCBWoWhsTpA_utt00227#p02,DCBWoWhsTpA_utt00228#p01,DCBWoWhsTpA_utt00229#p01,DCBWoWhsTpA_utt00230#p01,DCBWoWhsTpA_utt00231#p01","DCBWoWhsTpA_utt00227,DCBWoWhsTpA_utt00228,DCBWoWhsTpA_utt00229,DCBWoWhsTpA_utt00230,DCBWoWhsTpA_utt00231",5,/Users/rajeshpmu/Desktop/LegalMemoCMT/data/phase2/clancy/corpus/raw/live-lindsay-clancy-trial-day-14/live-lindsay-clancy-trial-day-14_DCBWoWhsTpA.mp4,/Users/rajeshpmu/Desktop/LegalMemoCMT/data/phase2/clancy/corpus/raw/live-lindsay-clancy-trial-day-14/live-lindsay-clancy-trial-day-14_DCBWoWhsTpA.wav,/Users/rajeshpmu/Desktop/LegalMemoCMT/data/processed/phase2/clancy/turn_clips/video/DCBWoWhsTpA/DCBWoWhsTpA_turn05923.mp4,/Users/rajeshpmu/Desktop/LegalMemoCMT/data/processed/phase2/clancy/turn_clips/audio/DCBWoWhsTpA/DCBWoWhsTpA_turn05923.wav,374.574,376.252,1.678,created,00:06:14.574,00:06:16.252,0.000,default_zero,SPEAKER_18,1.078,pyannote/speaker-diarization-3.1,Witness,manual_verified_diarization,HIGH,YES,SPEAKING,Witness,YES,Witness 15 identified by manual audio/video review,INCLUDE,,YES,speaker_role=Witness,split_dev;usable,"usable because speaker_role=Witness, witness_speaking_status=SPEAKING, clip_status=created, duration=1.678s, and source is not excluded",YES,0.60,HIGH,manual_clip_review,HUMAN_VERIFIED,neutral,0.907297,0.407154,"{""anger"": 0.061817, ""disgust"": 0.00928, ""fear"": 0.007859, ""joy"": 0.012007, ""neutral"": 0.907297, ""sadness"": 0.001097, ""surprise"": 0.000643}",/Users/rajeshpmu/Desktop/LegalMemoCMT/results/paper_aligned_meld_cv/cmt_min/fold_2/best_model.pt,phase1_meld_checkpoint_pseudo_label,"audio,text","audio,text,video","{""audio_dim"": 128, ""audio_model_name"": ""facebook/hubert-base-ls960"", ""dropout"": 0.1, ""encoder_mode"": ""paper"", ""freeze_audio_backbone"": true, ""freeze_text_backbone"": true, ""fusion_dim"": 256, ""fusion_pooling"": ""min"", ""max_audio_len"": 256, ""max_text_len"": 128, ""max_video_len"": 32, ""num_classes"": 7, ""num_heads"": 4, ""num_layers"": 2, ""text_dim"": 256, ""text_model_name"": ""bert-base-uncased"", ""use_video"": false, ""video_dim"": 128, ""vocab_size"": 30000}"
DCBWoWhsTpA_turn05924,DCBWoWhsTpA_turn05924,DCBWoWhsTpA,https://www.youtube.com/live/DCBWoWhsTpA,LIVE: Lindsay Clancy trial Day 14,full_trial_stream,5,/Users/rajeshpmu/Desktop/LegalMemoCMT/data/phase2/clancy/corpus/raw/live-lindsay-clancy-trial-day-14/live-lindsay-clancy-trial-day-14_DCBWoWhsTpA.en.vtt,/Users/rajeshpmu/Desktop/LegalMemoCMT/data/processed/phase2/clancy/turn_clips/video/DCBWoWhsTpA/DCBWoWhsTpA_turn05924.mp4,/Users/rajeshpmu/Desktop/LegalMemoCMT/data/processed/phase2/clancy/turn_clips/audio/DCBWoWhsTpA/DCBWoWhsTpA_turn05924.wav,DCBWoWhsTpA,group_by_youtube_id,dev,neutral,text_keyword_heuristic,LOW,NO,neutral default,YES,What does that mean? Uh,What does that mean? Uh,00:06:16.252,00:06:18.616,2.364,2.364,marker,MEDIUM,1,3,"DCBWoWhsTpA_utt00231#p02,DCBWoWhsTpA_utt00232#p01,DCBWoWhsTpA_utt00233#p01","DCBWoWhsTpA_utt00231,DCBWoWhsTpA_utt00232,DCBWoWhsTpA_utt00233",3,/Users/rajeshpmu/Desktop/LegalMemoCMT/data/phase2/clancy/corpus/raw/live-lindsay-clancy-trial-day-14/live-lindsay-clancy-trial-day-14_DCBWoWhsTpA.mp4,/Users/rajeshpmu/Desktop/LegalMemoCMT/data/phase2/clancy/corpus/raw/live-lindsay-clancy-trial-day-14/live-lindsay-clancy-trial-day-14_DCBWoWhsTpA.wav,/Users/rajeshpmu/Desktop/LegalMemoCMT/data/processed/phase2/clancy/turn_clips/video/DCBWoWhsTpA/DCBWoWhsTpA_turn05924.mp4,/Users/rajeshpmu/Desktop/LegalMemoCMT/data/processed/phase2/clancy/turn_clips/audio/DCBWoWhsTpA/DCBWoWhsTpA_turn05924.wav,376.252,378.616,2.364,created,00:06:16.252,00:06:18.616,0.000,default_zero,SPEAKER_18,1.344,pyannote/speaker-diarization-3.1,Witness,manual_verified_diarization,HIGH,YES,SPEAKING,Witness,YES,Witness 15 identified by manual audio/video review,INCLUDE,,YES,speaker_role=Witness,split_dev;usable,"usable because speaker_role=Witness, witness_speaking_status=SPEAKING, clip_status=created, duration=2.364s, and source is not excluded",YES,0.60,HIGH,manual_clip_review,HUMAN_VERIFIED,neutral,0.511382,1.395618,"{""anger"": 0.074576, ""disgust"": 0.22963, ""fear"": 0.034129, ""joy"": 0.04013, ""neutral"": 0.511382, ""sadness"": 0.099983, ""surprise"": 0.010171}",/Users/rajeshpmu/Desktop/LegalMemoCMT/results/paper_aligned_meld_cv/cmt_min/fold_2/best_model.pt,phase1_meld_checkpoint_pseudo_label,"audio,text","audio,text,video","{""audio_dim"": 128, ""audio_model_name"": ""facebook/hubert-base-ls960"", ""dropout"": 0.1, ""encoder_mode"": ""paper"", ""freeze_audio_backbone"": true, ""freeze_text_backbone"": true, ""fusion_dim"": 256, ""fusion_pooling"": ""min"", ""max_audio_len"": 256, ""max_text_len"": 128, ""max_video_len"": 32, ""num_classes"": 7, ""num_heads"": 4, ""num_layers"": 2, ""text_dim"": 256, ""text_model_name"": ""bert-base-uncased"", ""use_video"": false, ""video_dim"": 128, ""vocab_size"": 30000}"
DCBWoWhsTpA_turn05925,DCBWoWhsTpA_turn05925,DCBWoWhsTpA,https://www.youtube.com/live/DCBWoWhsTpA,LIVE: Lindsay Clancy trial Day 14,full_trial_stream,5,/Users/rajeshpmu/Desktop/LegalMemoCMT/data/phase2/clancy/corpus/raw/live-lindsay-clancy-trial-day-14/live-lindsay-clancy-trial-day-14_DCBWoWhsTpA.en.vtt,/Users/rajeshpmu/Desktop/LegalMemoCMT/data/processed/phase2/clancy/turn_clips/video/DCBWoWhsTpA/DCBWoWhsTpA_turn05925.mp4,/Users/rajeshpmu/Desktop/LegalMemoCMT/data/processed/phase2/clancy/turn_clips/audio/DCBWoWhsTpA/DCBWoWhsTpA_turn05925.wav,DCBWoWhsTpA,group_by_youtube_id,dev,neutral,text_keyword_heuristic,LOW,NO,neutral default,YES,I work with customers uh helping users of our tools uh to understand the digital evidence that they're finding and presenting.,I work with customers uh helping users of our tools uh to understand the digital evidence that they're finding and presenting.,00:06:18.616,00:06:26.556,7.940,7.940,marker,MEDIUM,1,9,"DCBWoWhsTpA_utt00233#p02,DCBWoWhsTpA_utt00234#p01,DCBWoWhsTpA_utt00235#p01,DCBWoWhsTpA_utt00236#p01,DCBWoWhsTpA_utt00237#p01,DCBWoWhsTpA_utt00238#p01,DCBWoWhsTpA_utt00239#p01,DCBWoWhsTpA_utt00240#p01,DCBWoWhsTpA_utt00241#p01","DCBWoWhsTpA_utt00233,DCBWoWhsTpA_utt00234,DCBWoWhsTpA_utt00235,DCBWoWhsTpA_utt00236,DCBWoWhsTpA_utt00237,DCBWoWhsTpA_utt00238,DCBWoWhsTpA_utt00239,DCBWoWhsTpA_utt00240,DCBWoWhsTpA_utt00241",9,/Users/rajeshpmu/Desktop/LegalMemoCMT/data/phase2/clancy/corpus/raw/live-lindsay-clancy-trial-day-14/live-lindsay-clancy-trial-day-14_DCBWoWhsTpA.mp4,/Users/rajeshpmu/Desktop/LegalMemoCMT/data/phase2/clancy/corpus/raw/live-lindsay-clancy-trial-day-14/live-lindsay-clancy-trial-day-14_DCBWoWhsTpA.wav,/Users/rajeshpmu/Desktop/LegalMemoCMT/data/processed/phase2/clancy/turn_clips/video/DCBWoWhsTpA/DCBWoWhsTpA_turn05925.mp4,/Users/rajeshpmu/Desktop/LegalMemoCMT/data/processed/phase2/clancy/turn_clips/audio/DCBWoWhsTpA/DCBWoWhsTpA_turn05925.wav,378.616,386.556,7.940,created,00:06:18.616,00:06:26.556,0.000,default_zero,SPEAKER_18,6.671,pyannote/speaker-diarization-3.1,Witness,manual_verified_diarization,HIGH,YES,SPEAKING,Witness,YES,Witness 15 identified by manual audio/video review,INCLUDE,,YES,speaker_role=Witness,split_dev;usable,"usable because speaker_role=Witness, witness_speaking_status=SPEAKING, clip_status=created, duration=7.940s, and source is not excluded",YES,0.60,HIGH,manual_clip_review,HUMAN_VERIFIED,neutral,0.945087,0.283349,"{""anger"": 0.028216, ""disgust"": 0.001378, ""fear"": 0.003393, ""joy"": 0.015453, ""neutral"": 0.945087, ""sadness"": 0.004627, ""surprise"": 0.001846}",/Users/rajeshpmu/Desktop/LegalMemoCMT/results/paper_aligned_meld_cv/cmt_min/fold_2/best_model.pt,phase1_meld_checkpoint_pseudo_label,"audio,text","audio,text,video","{""audio_dim"": 128, ""audio_model_name"": ""facebook/hubert-base-ls960"", ""dropout"": 0.1, ""encoder_mode"": ""paper"", ""freeze_audio_backbone"": true, ""freeze_text_backbone"": true, ""fusion_dim"": 256, ""fusion_pooling"": ""min"", ""max_audio_len"": 256, ""max_text_len"": 128, ""max_video_len"": 32, ""num_classes"": 7, ""num_heads"": 4, ""num_layers"": 2, ""text_dim"": 256, ""text_model_name"": ""bert-base-uncased"", ""use_video"": false, ""video_dim"": 128, ""vocab_size"": 30000}"
DCBWoWhsTpA_turn05926,DCBWoWhsTpA_turn05926,DCBWoWhsTpA,https://www.youtube.com/live/DCBWoWhsTpA,LIVE: Lindsay Clancy trial Day 14,full_trial_stream,5,/Users/rajeshpmu/Desktop/LegalMemoCMT/data/phase2/clancy/corpus/raw/live-lindsay-clancy-trial-day-14/live-lindsay-clancy-trial-day-14_DCBWoWhsTpA.en.vtt,/Users/rajeshpmu/Desktop/LegalMemoCMT/data/processed/phase2/clancy/turn_clips/video/DCBWoWhsTpA/DCBWoWhsTpA_turn05926.mp4,/Users/rajeshpmu/Desktop/LegalMemoCMT/data/processed/phase2/clancy/turn_clips/audio/DCBWoWhsTpA/DCBWoWhsTpA_turn05926.wav,DCBWoWhsTpA,group_by_youtube_id,dev,neutral,text_keyword_heuristic,LOW,NO,neutral default,YES,"And what does digital evidence consist of? any information which is extracted from a cell phone uh primarily or from a computer which can be interpreted by the examiner uh and presented as evidence. It could be call history, messages, location data, uh media, anything that you can find from a digital device.","And what does digital evidence consist of? any information which is extracted from a cell phone uh primarily or from a computer which can be interpreted by the examiner uh and presented as evidence. It could be call history, messages, location data, uh media, anything that you can find from a digital device.",00:06:26.556,00:06:48.914,22.358,22.358,marker,MEDIUM,1,19,"DCBWoWhsTpA_utt00241#p02,DCBWoWhsTpA_utt00242#p01,DCBWoWhsTpA_utt00243#p01,DCBWoWhsTpA_utt00244#p01,DCBWoWhsTpA_utt00245#p01,DCBWoWhsTpA_utt00246#p01,DCBWoWhsTpA_utt00247#p01,DCBWoWhsTpA_utt00248#p01,DCBWoWhsTpA_utt00249#p01,DCBWoWhsTpA_utt00250#p01,DCBWoWhsTpA_utt00251#p01,DCBWoWhsTpA_utt00252#p01,DCBWoWhsTpA_utt00253#p01,DCBWoWhsTpA_utt00254#p01,DCBWoWhsTpA_utt00255#p01,DCBWoWhsTpA_utt00256#p01,DCBWoWhsTpA_utt00257#p01,DCBWoWhsTpA_utt00258#p01,DCBWoWhsTpA_utt00259#p01","DCBWoWhsTpA_utt00241,DCBWoWhsTpA_utt00242,DCBWoWhsTpA_utt00243,DCBWoWhsTpA_utt00244,DCBWoWhsTpA_utt00245,DCBWoWhsTpA_utt00246,DCBWoWhsTpA_utt00247,DCBWoWhsTpA_utt00248,DCBWoWhsTpA_utt00249,DCBWoWhsTpA_utt00250,DCBWoWhsTpA_utt00251,DCBWoWhsTpA_utt00252,DCBWoWhsTpA_utt00253,DCBWoWhsTpA_utt00254,DCBWoWhsTpA_utt00255,DCBWoWhsTpA_utt00256,DCBWoWhsTpA_utt00257,DCBWoWhsTpA_utt00258,DCBWoWhsTpA_utt00259",19,/Users/rajeshpmu/Desktop/LegalMemoCMT/data/phase2/clancy/corpus/raw/live-lindsay-clancy-trial-day-14/live-lindsay-clancy-trial-day-14_DCBWoWhsTpA.mp4,/Users/rajeshpmu/Desktop/LegalMemoCMT/data/phase2/clancy/corpus/raw/live-lindsay-clancy-trial-day-14/live-lindsay-clancy-trial-day-14_DCBWoWhsTpA.wav,/Users/rajeshpmu/Desktop/LegalMemoCMT/data/processed/phase2/clancy/turn_clips/video/DCBWoWhsTpA/DCBWoWhsTpA_turn05926.mp4,/Users/rajeshpmu/Desktop/LegalMemoCMT/data/processed/phase2/clancy/turn_clips/audio/DCBWoWhsTpA/DCBWoWhsTpA_turn05926.wav,386.556,408.914,22.358,created,00:06:26.556,00:06:48.914,0.000,default_zero,SPEAKER_18,8.994,pyannote/speaker-diarization-3.1,Witness,manual_verified_diarization,HIGH,YES,SPEAKING,Witness,YES,Witness 15 identified by manual audio/video review,INCLUDE,,YES,speaker_role=Witness,split_dev;usable,"usable because speaker_role=Witness, witness_speaking_status=SPEAKING, clip_status=created, duration=22.358s, and source is not excluded",YES,0.60,HIGH,manual_clip_review,HUMAN_VERIFIED,neutral,0.936598,0.325836,"{""anger"": 0.024357, ""disgust"": 0.003243, ""fear"": 0.003553, ""joy"": 0.022865, ""neutral"": 0.936598, ""sadness"": 0.007124, ""surprise"": 0.002259}",/Users/rajeshpmu/Desktop/LegalMemoCMT/results/paper_aligned_meld_cv/cmt_min/fold_2/best_model.pt,phase1_meld_checkpoint_pseudo_label,"audio,text","audio,text,video","{""audio_dim"": 128, ""audio_model_name"": ""facebook/hubert-base-ls960"", ""dropout"": 0.1, ""encoder_mode"": ""paper"", ""freeze_audio_backbone"": true, ""freeze_text_backbone"": true, ""fusion_dim"": 256, ""fusion_pooling"": ""min"", ""max_audio_len"": 256, ""max_text_len"": 128, ""max_video_len"": 32, ""num_classes"": 7, ""num_heads"": 4, ""num_layers"": 2, ""text_dim"": 256, ""text_model_name"": ""bert-base-uncased"", ""use_video"": false, ""video_dim"": 128, ""vocab_size"": 30000}"
DCBWoWhsTpA_turn05931,DCBWoWhsTpA_turn05931,DCBWoWhsTpA,https://www.youtube.com/live/DCBWoWhsTpA,LIVE: Lindsay Clancy trial Day 14,full_trial_stream,5,/Users/rajeshpmu/Desktop/LegalMemoCMT/data/phase2/clancy/corpus/raw/live-lindsay-clancy-trial-day-14/live-lindsay-clancy-trial-day-14_DCBWoWhsTpA.en.vtt,/Users/rajeshpmu/Desktop/LegalMemoCMT/data/processed/phase2/clancy/turn_clips/video/DCBWoWhsTpA/DCBWoWhsTpA_turn05931.mp4,/Users/rajeshpmu/Desktop/LegalMemoCMT/data/processed/phase2/clancy/turn_clips/audio/DCBWoWhsTpA/DCBWoWhsTpA_turn05931.wav,DCBWoWhsTpA,group_by_youtube_id,dev,neutral,text_keyword_heuristic,LOW,NO,neutral default,YES,"Uh yes, there's constantly uh changes being made to devices which make it uh difficult to extract the data. There are changes being made to the software that means that the data that we extract is now different to the data that we extracted previously. uh a new feature, for example, or a change that's made by the software developer. So, we're constantly uh changing our software to be able to extract that data and to decode more data.","Uh yes, there's constantly uh changes being made to devices which make it uh difficult to extract the data. There are changes being made to the software that means that the data that we extract is now different to the data that we extracted previously. uh a new feature, for example, or a change that's made by the software developer. So, we're constantly uh changing our software to be able to extract that data and to decode more data.",00:08:33.570,00:09:00.383,26.813,26.813,marker,MEDIUM,1,25,"DCBWoWhsTpA_utt00339#p02,DCBWoWhsTpA_utt00340#p01,DCBWoWhsTpA_utt00341#p01,DCBWoWhsTpA_utt00342#p01,DCBWoWhsTpA_utt00343#p01,DCBWoWhsTpA_utt00344#p01,DCBWoWhsTpA_utt00345#p01,DCBWoWhsTpA_utt00346#p01,DCBWoWhsTpA_utt00347#p01,DCBWoWhsTpA_utt00348#p01,DCBWoWhsTpA_utt00349#p01,DCBWoWhsTpA_utt00350#p01,DCBWoWhsTpA_utt00351#p01,DCBWoWhsTpA_utt00352#p01,DCBWoWhsTpA_utt00353#p01,DCBWoWhsTpA_utt00354#p01,DCBWoWhsTpA_utt00355#p01,DCBWoWhsTpA_utt00356#p01,DCBWoWhsTpA_utt00357#p01,DCBWoWhsTpA_utt00358#p01,DCBWoWhsTpA_utt00359#p01,DCBWoWhsTpA_utt00360#p01,DCBWoWhsTpA_utt00361#p01,DCBWoWhsTpA_utt00362#p01,DCBWoWhsTpA_utt00363#p01","DCBWoWhsTpA_utt00339,DCBWoWhsTpA_utt00340,DCBWoWhsTpA_utt00341,DCBWoWhsTpA_utt00342,DCBWoWhsTpA_utt00343,DCBWoWhsTpA_utt00344,DCBWoWhsTpA_utt00345,DCBWoWhsTpA_utt00346,DCBWoWhsTpA_utt00347,DCBWoWhsTpA_utt00348,DCBWoWhsTpA_utt00349,DCBWoWhsTpA_utt00350,DCBWoWhsTpA_utt00351,DCBWoWhsTpA_utt00352,DCBWoWhsTpA_utt00353,DCBWoWhsTpA_utt00354,DCBWoWhsTpA_utt00355,DCBWoWhsTpA_utt00356,DCBWoWhsTpA_utt00357,DCBWoWhsTpA_utt00358,DCBWoWhsTpA_utt00359,DCBWoWhsTpA_utt00360,DCBWoWhsTpA_utt00361,DCBWoWhsTpA_utt00362,DCBWoWhsTpA_utt00363",25,/Users/rajeshpmu/Desktop/LegalMemoCMT/data/phase2/clancy/corpus/raw/live-lindsay-clancy-trial-day-14/live-lindsay-clancy-trial-day-14_DCBWoWhsTpA.mp4,/Users/rajeshpmu/Desktop/LegalMemoCMT/data/phase2/clancy/corpus/raw/live-lindsay-clancy-trial-day-14/live-lindsay-clancy-trial-day-14_DCBWoWhsTpA.wav,/Users/rajeshpmu/Desktop/LegalMemoCMT/data/processed/phase2/clancy/turn_clips/video/DCBWoWhsTpA/DCBWoWhsTpA_turn05931.mp4,/Users/rajeshpmu/Desktop/LegalMemoCMT/data/processed/phase2/clancy/turn_clips/audio/DCBWoWhsTpA/DCBWoWhsTpA_turn05931.wav,513.570,540.383,26.813,created,00:08:33.570,00:09:00.383,0.000,default_zero,SPEAKER_18,22.022,pyannote/speaker-diarization-3.1,Witness,manual_verified_diarization,HIGH,YES,SPEAKING,Witness,YES,Witness 15 identified by manual audio/video review,INCLUDE,,YES,speaker_role=Witness,split_dev;usable,"usable because speaker_role=Witness, witness_speaking_status=SPEAKING, clip_status=created, duration=26.813s, and source is not excluded",YES,0.60,HIGH,manual_clip_review,HUMAN_VERIFIED,neutral,0.86218,0.590765,"{""anger"": 0.043706, ""disgust"": 0.005286, ""fear"": 0.007557, ""joy"": 0.059283, ""neutral"": 0.86218, ""sadness"": 0.018243, ""surprise"": 0.003745}",/Users/rajeshpmu/Desktop/LegalMemoCMT/results/paper_aligned_meld_cv/cmt_min/fold_2/best_model.pt,phase1_meld_checkpoint_pseudo_label,"audio,text","audio,text,video","{""audio_dim"": 128, ""audio_model_name"": ""facebook/hubert-base-ls960"", ""dropout"": 0.1, ""encoder_mode"": ""paper"", ""freeze_audio_backbone"": true, ""freeze_text_backbone"": true, ""fusion_dim"": 256, ""fusion_pooling"": ""min"", ""max_audio_len"": 256, ""max_text_len"": 128, ""max_video_len"": 32, ""num_classes"": 7, ""num_heads"": 4, ""num_layers"": 2, ""text_dim"": 256, ""text_model_name"": ""bert-base-uncased"", ""use_video"": false, ""video_dim"": 128, ""vocab_size"": 30000}"
DCBWoWhsTpA_turn05935,DCBWoWhsTpA_turn05935,DCBWoWhsTpA,https://www.youtube.com/live/DCBWoWhsTpA,LIVE: Lindsay Clancy trial Day 14,full_trial_stream,5,/Users/rajeshpmu/Desktop/LegalMemoCMT/data/phase2/clancy/corpus/raw/live-lindsay-clancy-trial-day-14/live-lindsay-clancy-trial-day-14_DCBWoWhsTpA.en.vtt,/Users/rajeshpmu/Desktop/LegalMemoCMT/data/processed/phase2/clancy/turn_clips/video/DCBWoWhsTpA/DCBWoWhsTpA_turn05935.mp4,/Users/rajeshpmu/Desktop/LegalMemoCMT/data/processed/phase2/clancy/turn_clips/audio/DCBWoWhsTpA/DCBWoWhsTpA_turn05935.wav,DCBWoWhsTpA,group_by_youtube_id,dev,neutral,text_keyword_heuristic,LOW,NO,neutral default,YES,"Uh since around 2013, well over a thousand phones","Uh since around 2013, well over a thousand phones",00:09:52.104,00:09:55.947,3.843,3.843,marker,MEDIUM,1,5,"DCBWoWhsTpA_utt00403#p02,DCBWoWhsTpA_utt00404#p01,DCBWoWhsTpA_utt00405#p01,DCBWoWhsTpA_utt00406#p01,DCBWoWhsTpA_utt00407#p01","DCBWoWhsTpA_utt00403,DCBWoWhsTpA_utt00404,DCBWoWhsTpA_utt00405,DCBWoWhsTpA_utt00406,DCBWoWhsTpA_utt00407",5,/Users/rajeshpmu/Desktop/LegalMemoCMT/data/phase2/clancy/corpus/raw/live-lindsay-clancy-trial-day-14/live-lindsay-clancy-trial-day-14_DCBWoWhsTpA.mp4,/Users/rajeshpmu/Desktop/LegalMemoCMT/data/phase2/clancy/corpus/raw/live-lindsay-clancy-trial-day-14/live-lindsay-clancy-trial-day-14_DCBWoWhsTpA.wav,/Users/rajeshpmu/Desktop/LegalMemoCMT/data/processed/phase2/clancy/turn_clips/video/DCBWoWhsTpA/DCBWoWhsTpA_turn05935.mp4,/Users/rajeshpmu/Desktop/LegalMemoCMT/data/processed/phase2/clancy/turn_clips/audio/DCBWoWhsTpA/DCBWoWhsTpA_turn05935.wav,592.104,595.947,3.843,created,00:09:52.104,00:09:55.947,0.000,default_zero,SPEAKER_18,2.889,pyannote/speaker-diarization-3.1,Witness,manual_verified_diarization,HIGH,YES,SPEAKING,Witness,YES,Witness 15 identified by manual audio/video review,INCLUDE,,YES,speaker_role=Witness,split_dev;usable,"usable because speaker_role=Witness, witness_speaking_status=SPEAKING, clip_status=created, duration=3.843s, and source is not excluded",YES,0.60,HIGH,manual_clip_review,HUMAN_VERIFIED,neutral,0.671196,1.154416,"{""anger"": 0.071274, ""disgust"": 0.103033, ""fear"": 0.024526, ""joy"": 0.059127, ""neutral"": 0.671196, ""sadness"": 0.065599, ""surprise"": 0.005245}",/Users/rajeshpmu/Desktop/LegalMemoCMT/results/paper_aligned_meld_cv/cmt_min/fold_2/best_model.pt,phase1_meld_checkpoint_pseudo_label,"audio,text","audio,text,video","{""audio_dim"": 128, ""audio_model_name"": ""facebook/hubert-base-ls960"", ""dropout"": 0.1, ""encoder_mode"": ""paper"", ""freeze_audio_backbone"": true, ""freeze_text_backbone"": true, ""fusion_dim"": 256, ""fusion_pooling"": ""min"", ""max_audio_len"": 256, ""max_text_len"": 128, ""max_video_len"": 32, ""num_classes"": 7, ""num_heads"": 4, ""num_layers"": 2, ""text_dim"": 256, ""text_model_name"": ""bert-base-uncased"", ""use_video"": false, ""video_dim"": 128, ""vocab_size"": 30000}"
DCBWoWhsTpA_turn05938,DCBWoWhsTpA_turn05938,DCBWoWhsTpA,https://www.youtube.com/live/DCBWoWhsTpA,LIVE: Lindsay Clancy trial Day 14,full_trial_stream,5,/Users/rajeshpmu/Desktop/LegalMemoCMT/data/phase2/clancy/corpus/raw/live-lindsay-clancy-trial-day-14/live-lindsay-clancy-trial-day-14_DCBWoWhsTpA.en.vtt,/Users/rajeshpmu/Desktop/LegalMemoCMT/data/processed/phase2/clancy/turn_clips/video/DCBWoWhsTpA/DCBWoWhsTpA_turn05938.mp4,/Users/rajeshpmu/Desktop/LegalMemoCMT/data/processed/phase2/clancy/turn_clips/audio/DCBWoWhsTpA/DCBWoWhsTpA_turn05938.wav,DCBWoWhsTpA,group_by_youtube_id,dev,neutral,text_keyword_heuristic,LOW,NO,neutral default,YES,"Correct. Yeah. Um whenever I'm helping customers uh or or users of our tools, they may pro provide me with the extracted data. Uh so the the data which I'm analyzing is more than the devices I've extracted.","Correct. Yeah. Um whenever I'm helping customers uh or or users of our tools, they may pro provide me with the extracted data. Uh so the the data which I'm analyzing is more than the devices I've extracted.",00:10:19.484,00:10:33.139,13.655,13.655,marker,MEDIUM,1,13,"DCBWoWhsTpA_utt00429#p02,DCBWoWhsTpA_utt00430#p01,DCBWoWhsTpA_utt00431#p01,DCBWoWhsTpA_utt00432#p01,DCBWoWhsTpA_utt00433#p01,DCBWoWhsTpA_utt00434#p01,DCBWoWhsTpA_utt00435#p01,DCBWoWhsTpA_utt00436#p01,DCBWoWhsTpA_utt00437#p01,DCBWoWhsTpA_utt00438#p01,DCBWoWhsTpA_utt00439#p01,DCBWoWhsTpA_utt00440#p01,DCBWoWhsTpA_utt00441#p01","DCBWoWhsTpA_utt00429,DCBWoWhsTpA_utt00430,DCBWoWhsTpA_utt00431,DCBWoWhsTpA_utt00432,DCBWoWhsTpA_utt00433,DCBWoWhsTpA_utt00434,DCBWoWhsTpA_utt00435,DCBWoWhsTpA_utt00436,DCBWoWhsTpA_utt00437,DCBWoWhsTpA_utt00438,DCBWoWhsTpA_utt00439,DCBWoWhsTpA_utt00440,DCBWoWhsTpA_utt00441",13,/Users/rajeshpmu/Desktop/LegalMemoCMT/data/phase2/clancy/corpus/raw/live-lindsay-clancy-trial-day-14/live-lindsay-clancy-trial-day-14_DCBWoWhsTpA.mp4,/Users/rajeshpmu/Desktop/LegalMemoCMT/data/phase2/clancy/corpus/raw/live-lindsay-clancy-trial-day-14/live-lindsay-clancy-trial-day-14_DCBWoWhsTpA.wav,/Users/rajeshpmu/Desktop/LegalMemoCMT/data/processed/phase2/clancy/turn_clips/video/DCBWoWhsTpA/DCBWoWhsTpA_turn05938.mp4,/Users/rajeshpmu/Desktop/LegalMemoCMT/data/processed/phase2/clancy/turn_clips/audio/DCBWoWhsTpA/DCBWoWhsTpA_turn05938.wav,619.484,633.139,13.655,created,00:10:19.484,00:10:33.139,0.000,default_zero,SPEAKER_18,9.377,pyannote/speaker-diarization-3.1,Witness,manual_verified_diarization,HIGH,YES,SPEAKING,Witness,YES,Witness 15 identified by manual audio/video review,INCLUDE,,YES,speaker_role=Witness,split_dev;usable,"usable because speaker_role=Witness, witness_speaking_status=SPEAKING, clip_status=created, duration=13.655s, and source is not excluded",YES,0.60,HIGH,manual_clip_review,HUMAN_VERIFIED,neutral,0.94171,0.300626,"{""anger"": 0.024837, ""disgust"": 0.002288, ""fear"": 0.003485, ""joy"": 0.021285, ""neutral"": 0.94171, ""sadness"": 0.003527, ""surprise"": 0.002868}",/Users/rajeshpmu/Desktop/LegalMemoCMT/results/paper_aligned_meld_cv/cmt_min/fold_2/best_model.pt,phase1_meld_checkpoint_pseudo_label,"audio,text","audio,text,video","{""audio_dim"": 128, ""audio_model_name"": ""facebook/hubert-base-ls960"", ""dropout"": 0.1, ""encoder_mode"": ""paper"", ""freeze_audio_backbone"": true, ""freeze_text_backbone"": true, ""fusion_dim"": 256, ""fusion_pooling"": ""min"", ""max_audio_len"": 256, ""max_text_len"": 128, ""max_video_len"": 32, ""num_classes"": 7, ""num_heads"": 4, ""num_layers"": 2, ""text_dim"": 256, ""text_model_name"": ""bert-base-uncased"", ""use_video"": false, ""video_dim"": 128, ""vocab_size"": 30000}"
DCBWoWhsTpA_turn05943,DCBWoWhsTpA_turn05943,DCBWoWhsTpA,https://www.youtube.com/live/DCBWoWhsTpA,LIVE: Lindsay Clancy trial Day 14,full_trial_stream,5,/Users/rajeshpmu/Desktop/LegalMemoCMT/data/phase2/clancy/corpus/raw/live-lindsay-clancy-trial-day-14/live-lindsay-clancy-trial-day-14_DCBWoWhsTpA.en.vtt,/Users/rajeshpmu/Desktop/LegalMemoCMT/data/processed/phase2/clancy/turn_clips/video/DCBWoWhsTpA/DCBWoWhsTpA_turn05943.mp4,/Users/rajeshpmu/Desktop/LegalMemoCMT/data/processed/phase2/clancy/turn_clips/audio/DCBWoWhsTpA/DCBWoWhsTpA_turn05943.wav,DCBWoWhsTpA,group_by_youtube_id,dev,neutral,text_keyword_heuristic,LOW,NO,neutral default,YES,"Uh typically when I'm working a case, I don't want to know a lot of detail. I'd rather uh come to my own conclusions. based on the data that I'm viewing rather than, you know, not know the intricacies of the case. All I require is an outline, the uh the date that something happened, the the time, who was involved, basic information.","Uh typically when I'm working a case, I don't want to know a lot of detail. I'd rather uh come to my own conclusions. based on the data that I'm viewing rather than, you know, not know the intricacies of the case. All I require is an outline, the uh the date that something happened, the the time, who was involved, basic information.",00:11:01.070,00:11:22.316,21.246,21.246,marker,MEDIUM,1,19,"DCBWoWhsTpA_utt00469#p02,DCBWoWhsTpA_utt00470#p01,DCBWoWhsTpA_utt00471#p01,DCBWoWhsTpA_utt00472#p01,DCBWoWhsTpA_utt00473#p01,DCBWoWhsTpA_utt00474#p01,DCBWoWhsTpA_utt00475#p01,DCBWoWhsTpA_utt00476#p01,DCBWoWhsTpA_utt00477#p01,DCBWoWhsTpA_utt00478#p01,DCBWoWhsTpA_utt00479#p01,DCBWoWhsTpA_utt00480#p01,DCBWoWhsTpA_utt00481#p01,DCBWoWhsTpA_utt00482#p01,DCBWoWhsTpA_utt00483#p01,DCBWoWhsTpA_utt00484#p01,DCBWoWhsTpA_utt00485#p01,DCBWoWhsTpA_utt00486#p01,DCBWoWhsTpA_utt00487#p01","DCBWoWhsTpA_utt00469,DCBWoWhsTpA_utt00470,DCBWoWhsTpA_utt00471,DCBWoWhsTpA_utt00472,DCBWoWhsTpA_utt00473,DCBWoWhsTpA_utt00474,DCBWoWhsTpA_utt00475,DCBWoWhsTpA_utt00476,DCBWoWhsTpA_utt00477,DCBWoWhsTpA_utt00478,DCBWoWhsTpA_utt00479,DCBWoWhsTpA_utt00480,DCBWoWhsTpA_utt00481,DCBWoWhsTpA_utt00482,DCBWoWhsTpA_utt00483,DCBWoWhsTpA_utt00484,DCBWoWhsTpA_utt00485,DCBWoWhsTpA_utt00486,DCBWoWhsTpA_utt00487",19,/Users/rajeshpmu/Desktop/LegalMemoCMT/data/phase2/clancy/corpus/raw/live-lindsay-clancy-trial-day-14/live-lindsay-clancy-trial-day-14_DCBWoWhsTpA.mp4,/Users/rajeshpmu/Desktop/LegalMemoCMT/data/phase2/clancy/corpus/raw/live-lindsay-clancy-trial-day-14/live-lindsay-clancy-trial-day-14_DCBWoWhsTpA.wav,/Users/rajeshpmu/Desktop/LegalMemoCMT/data/processed/phase2/clancy/turn_clips/video/DCBWoWhsTpA/DCBWoWhsTpA_turn05943.mp4,/Users/rajeshpmu/Desktop/LegalMemoCMT/data/processed/phase2/clancy/turn_clips/audio/DCBWoWhsTpA/DCBWoWhsTpA_turn05943.wav,661.070,682.316,21.246,created,00:11:01.070,00:11:22.316,0.000,default_zero,SPEAKER_18,14.192,pyannote/speaker-diarization-3.1,Witness,manual_verified_diarization,HIGH,YES,SPEAKING,Witness,YES,Witness 15 identified by manual audio/video review,INCLUDE,,YES,speaker_role=Witness,split_dev;usable,"usable because speaker_role=Witness, witness_speaking_status=SPEAKING, clip_status=created, duration=21.246s, and source is not excluded",YES,0.60,HIGH,manual_clip_review,HUMAN_VERIFIED,neutral,0.902495,0.450289,"{""anger"": 0.02929, ""disgust"": 0.002645, ""fear"": 0.003826, ""joy"": 0.041558, ""neutral"": 0.902495, ""sadness"": 0.018271, ""surprise"": 0.001915}",/Users/rajeshpmu/Desktop/LegalMemoCMT/results/paper_aligned_meld_cv/cmt_min/fold_2/best_model.pt,phase1_meld_checkpoint_pseudo_label,"audio,text","audio,text,video","{""audio_dim"": 128, ""audio_model_name"": ""facebook/hubert-base-ls960"", ""dropout"": 0.1, ""encoder_mode"": ""paper"", ""freeze_audio_backbone"": true, ""freeze_text_backbone"": true, ""fusion_dim"": 256, ""fusion_pooling"": ""min"", ""max_audio_len"": 256, ""max_text_len"": 128, ""max_video_len"": 32, ""num_classes"": 7, ""num_heads"": 4, ""num_layers"": 2, ""text_dim"": 256, ""text_model_name"": ""bert-base-uncased"", ""use_video"": false, ""video_dim"": 128, ""vocab_size"": 30000}"
DCBWoWhsTpA_turn05945,DCBWoWhsTpA_turn05945,DCBWoWhsTpA,https://www.youtube.com/live/DCBWoWhsTpA,LIVE: Lindsay Clancy trial Day 14,full_trial_stream,5,/Users/rajeshpmu/Desktop/LegalMemoCMT/data/phase2/clancy/corpus/raw/live-lindsay-clancy-trial-day-14/live-lindsay-clancy-trial-day-14_DCBWoWhsTpA.en.vtt,/Users/rajeshpmu/Desktop/LegalMemoCMT/data/processed/phase2/clancy/turn_clips/video/DCBWoWhsTpA/DCBWoWhsTpA_turn05945.mp4,/Users/rajeshpmu/Desktop/LegalMemoCMT/data/processed/phase2/clancy/turn_clips/audio/DCBWoWhsTpA/DCBWoWhsTpA_turn05945.wav,DCBWoWhsTpA,group_by_youtube_id,dev,neutral,text_keyword_heuristic,LOW,NO,neutral default,YES,That's what's called a full file system extraction. It's essentially all of the data which is being extracted from the device that is uh still live.,That's what's called a full file system extraction. It's essentially all of the data which is being extracted from the device that is uh still live.,00:11:31.269,00:11:40.106,8.837,8.837,marker,MEDIUM,1,9,"DCBWoWhsTpA_utt00495#p02,DCBWoWhsTpA_utt00496#p01,DCBWoWhsTpA_utt00497#p01,DCBWoWhsTpA_utt00498#p01,DCBWoWhsTpA_utt00499#p01,DCBWoWhsTpA_utt00500#p01,DCBWoWhsTpA_utt00501#p01,DCBWoWhsTpA_utt00502#p01,DCBWoWhsTpA_utt00503#p01","DCBWoWhsTpA_utt00495,DCBWoWhsTpA_utt00496,DCBWoWhsTpA_utt00497,DCBWoWhsTpA_utt00498,DCBWoWhsTpA_utt00499,DCBWoWhsTpA_utt00500,DCBWoWhsTpA_utt00501,DCBWoWhsTpA_utt00502,DCBWoWhsTpA_utt00503",9,/Users/rajeshpmu/Desktop/LegalMemoCMT/data/phase2/clancy/corpus/raw/live-lindsay-clancy-trial-day-14/live-lindsay-clancy-trial-day-14_DCBWoWhsTpA.mp4,/Users/rajeshpmu/Desktop/LegalMemoCMT/data/phase2/clancy/corpus/raw/live-lindsay-clancy-trial-day-14/live-lindsay-clancy-trial-day-14_DCBWoWhsTpA.wav,/Users/rajeshpmu/Desktop/LegalMemoCMT/data/processed/phase2/clancy/turn_clips/video/DCBWoWhsTpA/DCBWoWhsTpA_turn05945.mp4,/Users/rajeshpmu/Desktop/LegalMemoCMT/data/processed/phase2/clancy/turn_clips/audio/DCBWoWhsTpA/DCBWoWhsTpA_turn05945.wav,691.269,700.106,8.837,created,00:11:31.269,00:11:40.106,0.000,default_zero,SPEAKER_18,6.931,pyannote/speaker-diarization-3.1,Witness,manual_verified_diarization,HIGH,YES,SPEAKING,Witness,YES,Witness 15 identified by manual audio/video review,INCLUDE,,YES,speaker_role=Witness,split_dev;usable,"usable because speaker_role=Witness, witness_speaking_status=SPEAKING, clip_status=created, duration=8.837s, and source is not excluded",YES,0.60,HIGH,manual_clip_review,HUMAN_VERIFIED,neutral,0.980711,0.121314,"{""anger"": 0.005165, ""disgust"": 0.00078, ""fear"": 0.002081, ""joy"": 0.009464, ""neutral"": 0.980711, ""sadness"": 0.001247, ""surprise"": 0.000552}",/Users/rajeshpmu/Desktop/LegalMemoCMT/results/paper_aligned_meld_cv/cmt_min/fold_2/best_model.pt,phase1_meld_checkpoint_pseudo_label,"audio,text","audio,text,video","{""audio_dim"": 128, ""audio_model_name"": ""facebook/hubert-base-ls960"", ""dropout"": 0.1, ""encoder_mode"": ""paper"", ""freeze_audio_backbone"": true, ""freeze_text_backbone"": true, ""fusion_dim"": 256, ""fusion_pooling"": ""min"", ""max_audio_len"": 256, ""max_text_len"": 128, ""max_video_len"": 32, ""num_classes"": 7, ""num_heads"": 4, ""num_layers"": 2, ""text_dim"": 256, ""text_model_name"": ""bert-base-uncased"", ""use_video"": false, ""video_dim"": 128, ""vocab_size"": 30000}"
DCBWoWhsTpA_turn05947,DCBWoWhsTpA_turn05947,DCBWoWhsTpA,https://www.youtube.com/live/DCBWoWhsTpA,LIVE: Lindsay Clancy trial Day 14,full_trial_stream,5,/Users/rajeshpmu/Desktop/LegalMemoCMT/data/phase2/clancy/corpus/raw/live-lindsay-clancy-trial-day-14/live-lindsay-clancy-trial-day-14_DCBWoWhsTpA.en.vtt,/Users/rajeshpmu/Desktop/LegalMemoCMT/data/processed/phase2/clancy/turn_clips/video/DCBWoWhsTpA/DCBWoWhsTpA_turn05947.mp4,/Users/rajeshpmu/Desktop/LegalMemoCMT/data/processed/phase2/clancy/turn_clips/audio/DCBWoWhsTpA/DCBWoWhsTpA_turn05947.wav,DCBWoWhsTpA,group_by_youtube_id,dev,neutral,text_keyword_heuristic,LOW,NO,neutral default,YES,"Uh yes, there's the Cellbrite physical analyzer tool created by Cellbrite and also my own tooling uh applications I've been working on for for several years.","Uh yes, there's the Cellbrite physical analyzer tool created by Cellbrite and also my own tooling uh applications I've been working on for for several years.",00:11:43.942,00:11:54.515,10.573,10.573,marker,MEDIUM,1,9,"DCBWoWhsTpA_utt00507#p02,DCBWoWhsTpA_utt00508#p01,DCBWoWhsTpA_utt00509#p01,DCBWoWhsTpA_utt00510#p01,DCBWoWhsTpA_utt00511#p01,DCBWoWhsTpA_utt00512#p01,DCBWoWhsTpA_utt00513#p01,DCBWoWhsTpA_utt00514#p01,DCBWoWhsTpA_utt00515#p01","DCBWoWhsTpA_utt00507,DCBWoWhsTpA_utt00508,DCBWoWhsTpA_utt00509,DCBWoWhsTpA_utt00510,DCBWoWhsTpA_utt00511,DCBWoWhsTpA_utt00512,DCBWoWhsTpA_utt00513,DCBWoWhsTpA_utt00514,DCBWoWhsTpA_utt00515",9,/Users/rajeshpmu/Desktop/LegalMemoCMT/data/phase2/clancy/corpus/raw/live-lindsay-clancy-trial-day-14/live-lindsay-clancy-trial-day-14_DCBWoWhsTpA.mp4,/Users/rajeshpmu/Desktop/LegalMemoCMT/data/phase2/clancy/corpus/raw/live-lindsay-clancy-trial-day-14/live-lindsay-clancy-trial-day-14_DCBWoWhsTpA.wav,/Users/rajeshpmu/Desktop/LegalMemoCMT/data/processed/phase2/clancy/turn_clips/video/DCBWoWhsTpA/DCBWoWhsTpA_turn05947.mp4,/Users/rajeshpmu/Desktop/LegalMemoCMT/data/processed/phase2/clancy/turn_clips/audio/DCBWoWhsTpA/DCBWoWhsTpA_turn05947.wav,703.942,714.515,10.573,created,00:11:43.942,00:11:54.515,0.000,default_zero,SPEAKER_18,8.670,pyannote/speaker-diarization-3.1,Witness,manual_verified_diarization,HIGH,YES,SPEAKING,Witness,YES,Witness 15 identified by manual audio/video review,INCLUDE,,YES,speaker_role=Witness,split_dev;usable,"usable because speaker_role=Witness, witness_speaking_status=SPEAKING, clip_status=created, duration=10.573s, and source is not excluded",YES,0.60,HIGH,manual_clip_review,HUMAN_VERIFIED,neutral,0.93764,0.292659,"{""anger"": 0.045701, ""disgust"": 0.002419, ""fear"": 0.003346, ""joy"": 0.007851, ""neutral"": 0.93764, ""sadness"": 0.002032, ""surprise"": 0.001011}",/Users/rajeshpmu/Desktop/LegalMemoCMT/results/paper_aligned_meld_cv/cmt_min/fold_2/best_model.pt,phase1_meld_checkpoint_pseudo_label,"audio,text","audio,text,video","{""audio_dim"": 128, ""audio_model_name"": ""facebook/hubert-base-ls960"", ""dropout"": 0.1, ""encoder_mode"": ""paper"", ""freeze_audio_backbone"": true, ""freeze_text_backbone"": true, ""fusion_dim"": 256, ""fusion_pooling"": ""min"", ""max_audio_len"": 256, ""max_text_len"": 128, ""max_video_len"": 32, ""num_classes"": 7, ""num_heads"": 4, ""num_layers"": 2, ""text_dim"": 256, ""text_model_name"": ""bert-base-uncased"", ""use_video"": false, ""video_dim"": 128, ""vocab_size"": 30000}"
DCBWoWhsTpA_turn05949,DCBWoWhsTpA_turn05949,DCBWoWhsTpA,https://www.youtube.com/live/DCBWoWhsTpA,LIVE: Lindsay Clancy trial Day 14,full_trial_stream,5,/Users/rajeshpmu/Desktop/LegalMemoCMT/data/phase2/clancy/corpus/raw/live-lindsay-clancy-trial-day-14/live-lindsay-clancy-trial-day-14_DCBWoWhsTpA.en.vtt,/Users/rajeshpmu/Desktop/LegalMemoCMT/data/processed/phase2/clancy/turn_clips/video/DCBWoWhsTpA/DCBWoWhsTpA_turn05949.mp4,/Users/rajeshpmu/Desktop/LegalMemoCMT/data/processed/phase2/clancy/turn_clips/audio/DCBWoWhsTpA/DCBWoWhsTpA_turn05949.wav,DCBWoWhsTpA,group_by_youtube_id,dev,neutral,text_keyword_heuristic,LOW,NO,neutral default,YES,Correct. There's some tools that I've been working on since prior to joining Cellbrite. Uh tools that as an examiner I decided that I needed to to create for myself uh and make available to others. Uh and I still use use those tools to this day.,Correct. There's some tools that I've been working on since prior to joining Cellbrite. Uh tools that as an examiner I decided that I needed to to create for myself uh and make available to others. Uh and I still use use those tools to this day.,00:11:58.981,00:12:14.446,15.465,15.465,marker,MEDIUM,1,15,"DCBWoWhsTpA_utt00521#p02,DCBWoWhsTpA_utt00522#p01,DCBWoWhsTpA_utt00523#p01,DCBWoWhsTpA_utt00524#p01,DCBWoWhsTpA_utt00525#p01,DCBWoWhsTpA_utt00526#p01,DCBWoWhsTpA_utt00527#p01,DCBWoWhsTpA_utt00528#p01,DCBWoWhsTpA_utt00529#p01,DCBWoWhsTpA_utt00530#p01,DCBWoWhsTpA_utt00531#p01,DCBWoWhsTpA_utt00532#p01,DCBWoWhsTpA_utt00533#p01,DCBWoWhsTpA_utt00534#p01,DCBWoWhsTpA_utt00535#p01","DCBWoWhsTpA_utt00521,DCBWoWhsTpA_utt00522,DCBWoWhsTpA_utt00523,DCBWoWhsTpA_utt00524,DCBWoWhsTpA_utt00525,DCBWoWhsTpA_utt00526,DCBWoWhsTpA_utt00527,DCBWoWhsTpA_utt00528,DCBWoWhsTpA_utt00529,DCBWoWhsTpA_utt00530,DCBWoWhsTpA_utt00531,DCBWoWhsTpA_utt00532,DCBWoWhsTpA_utt00533,DCBWoWhsTpA_utt00534,DCBWoWhsTpA_utt00535",15,/Users/rajeshpmu/Desktop/LegalMemoCMT/data/phase2/clancy/corpus/raw/live-lindsay-clancy-trial-day-14/live-lindsay-clancy-trial-day-14_DCBWoWhsTpA.mp4,/Users/rajeshpmu/Desktop/LegalMemoCMT/data/phase2/clancy/corpus/raw/live-lindsay-clancy-trial-day-14/live-lindsay-clancy-trial-day-14_DCBWoWhsTpA.wav,/Users/rajeshpmu/Desktop/LegalMemoCMT/data/processed/phase2/clancy/turn_clips/video/DCBWoWhsTpA/DCBWoWhsTpA_turn05949.mp4,/Users/rajeshpmu/Desktop/LegalMemoCMT/data/processed/phase2/clancy/turn_clips/audio/DCBWoWhsTpA/DCBWoWhsTpA_turn05949.wav,718.981,734.446,15.465,created,00:11:58.981,00:12:14.446,0.000,default_zero,SPEAKER_18,10.826,pyannote/speaker-diarization-3.1,Witness,manual_verified_diarization,HIGH,YES,SPEAKING,Witness,YES,Witness 15 identified by manual audio/video review,INCLUDE,,YES,speaker_role=Witness,split_dev;usable,"usable because speaker_role=Witness, witness_speaking_status=SPEAKING, clip_status=created, duration=15.465s, and source is not excluded",YES,0.60,HIGH,manual_clip_review,HUMAN_VERIFIED,neutral,0.95298,0.254551,"{""anger"": 0.020521, ""disgust"": 0.001963, ""fear"": 0.004457, ""joy"": 0.015123, ""neutral"": 0.95298, ""sadness"": 0.003661, ""surprise"": 0.001295}",/Users/rajeshpmu/Desktop/LegalMemoCMT/results/paper_aligned_meld_cv/cmt_min/fold_2/best_model.pt,phase1_meld_checkpoint_pseudo_label,"audio,text","audio,text,video","{""audio_dim"": 128, ""audio_model_name"": ""facebook/hubert-base-ls960"", ""dropout"": 0.1, ""encoder_mode"": ""paper"", ""freeze_audio_backbone"": true, ""freeze_text_backbone"": true, ""fusion_dim"": 256, ""fusion_pooling"": ""min"", ""max_audio_len"": 256, ""max_text_len"": 128, ""max_video_len"": 32, ""num_classes"": 7, ""num_heads"": 4, ""num_layers"": 2, ""text_dim"": 256, ""text_model_name"": ""bert-base-uncased"", ""use_video"": false, ""video_dim"": 128, ""vocab_size"": 30000}"
DCBWoWhsTpA_turn05952,DCBWoWhsTpA_turn05952,DCBWoWhsTpA,https://www.youtube.com/live/DCBWoWhsTpA,LIVE: Lindsay Clancy trial Day 14,full_trial_stream,5,/Users/rajeshpmu/Desktop/LegalMemoCMT/data/phase2/clancy/corpus/raw/live-lindsay-clancy-trial-day-14/live-lindsay-clancy-trial-day-14_DCBWoWhsTpA.en.vtt,/Users/rajeshpmu/Desktop/LegalMemoCMT/data/processed/phase2/clancy/turn_clips/video/DCBWoWhsTpA/DCBWoWhsTpA_turn05952.mp4,/Users/rajeshpmu/Desktop/LegalMemoCMT/data/processed/phase2/clancy/turn_clips/audio/DCBWoWhsTpA/DCBWoWhsTpA_turn05952.wav,DCBWoWhsTpA,group_by_youtube_id,dev,neutral,text_keyword_heuristic,LOW,NO,neutral default,YES,Uh primarily I knew that the the date of the incident was 24th of January 2023. So that was the the main focus uh of my analysis. Uh but some of the data I was aware could be from further a field than that. So I took a look of uh I think it was around 3 weeks uh before that. So early January to to late January.,Uh primarily I knew that the the date of the incident was 24th of January 2023. So that was the the main focus uh of my analysis. Uh but some of the data I was aware could be from further a field than that. So I took a look of uh I think it was around 3 weeks uh before that. So early January to to late January.,00:12:58.457,00:13:21.100,22.643,22.643,marker,MEDIUM,1,17,"DCBWoWhsTpA_utt00569#p02,DCBWoWhsTpA_utt00570#p01,DCBWoWhsTpA_utt00571#p01,DCBWoWhsTpA_utt00572#p01,DCBWoWhsTpA_utt00573#p01,DCBWoWhsTpA_utt00574#p01,DCBWoWhsTpA_utt00575#p01,DCBWoWhsTpA_utt00576#p01,DCBWoWhsTpA_utt00577#p01,DCBWoWhsTpA_utt00578#p01,DCBWoWhsTpA_utt00579#p01,DCBWoWhsTpA_utt00580#p01,DCBWoWhsTpA_utt00581#p01,DCBWoWhsTpA_utt00582#p01,DCBWoWhsTpA_utt00583#p01,DCBWoWhsTpA_utt00584#p01,DCBWoWhsTpA_utt00585#p01","DCBWoWhsTpA_utt00569,DCBWoWhsTpA_utt00570,DCBWoWhsTpA_utt00571,DCBWoWhsTpA_utt00572,DCBWoWhsTpA_utt00573,DCBWoWhsTpA_utt00574,DCBWoWhsTpA_utt00575,DCBWoWhsTpA_utt00576,DCBWoWhsTpA_utt00577,DCBWoWhsTpA_utt00578,DCBWoWhsTpA_utt00579,DCBWoWhsTpA_utt00580,DCBWoWhsTpA_utt00581,DCBWoWhsTpA_utt00582,DCBWoWhsTpA_utt00583,DCBWoWhsTpA_utt00584,DCBWoWhsTpA_utt00585",17,/Users/rajeshpmu/Desktop/LegalMemoCMT/data/phase2/clancy/corpus/raw/live-lindsay-clancy-trial-day-14/live-lindsay-clancy-trial-day-14_DCBWoWhsTpA.mp4,/Users/rajeshpmu/Desktop/LegalMemoCMT/data/phase2/clancy/corpus/raw/live-lindsay-clancy-trial-day-14/live-lindsay-clancy-trial-day-14_DCBWoWhsTpA.wav,/Users/rajeshpmu/Desktop/LegalMemoCMT/data/processed/phase2/clancy/turn_clips/video/DCBWoWhsTpA/DCBWoWhsTpA_turn05952.mp4,/Users/rajeshpmu/Desktop/LegalMemoCMT/data/processed/phase2/clancy/turn_clips/audio/DCBWoWhsTpA/DCBWoWhsTpA_turn05952.wav,778.457,801.100,22.643,created,00:12:58.457,00:13:21.100,0.000,default_zero,SPEAKER_18,16.791,pyannote/speaker-diarization-3.1,Witness,manual_verified_diarization,HIGH,YES,SPEAKING,Witness,YES,Witness 15 identified by manual audio/video review,INCLUDE,,YES,speaker_role=Witness,split_dev;usable,"usable because speaker_role=Witness, witness_speaking_status=SPEAKING, clip_status=created, duration=22.643s, and source is not excluded",YES,0.60,HIGH,manual_clip_review,HUMAN_VERIFIED,neutral,0.914215,0.435038,"{""anger"": 0.027068, ""disgust"": 0.007484, ""fear"": 0.014044, ""joy"": 0.016743, ""neutral"": 0.914215, ""sadness"": 0.015932, ""surprise"": 0.004515}",/Users/rajeshpmu/Desktop/LegalMemoCMT/results/paper_aligned_meld_cv/cmt_min/fold_2/best_model.pt,phase1_meld_checkpoint_pseudo_label,"audio,text","audio,text,video","{""audio_dim"": 128, ""audio_model_name"": ""facebook/hubert-base-ls960"", ""dropout"": 0.1, ""encoder_mode"": ""paper"", ""freeze_audio_backbone"": true, ""freeze_text_backbone"": true, ""fusion_dim"": 256, ""fusion_pooling"": ""min"", ""max_audio_len"": 256, ""max_text_len"": 128, ""max_video_len"": 32, ""num_classes"": 7, ""num_heads"": 4, ""num_layers"": 2, ""text_dim"": 256, ""text_model_name"": ""bert-base-uncased"", ""use_video"": false, ""video_dim"": 128, ""vocab_size"": 30000}"
DCBWoWhsTpA_turn05959,DCBWoWhsTpA_turn05959,DCBWoWhsTpA,https://www.youtube.com/live/DCBWoWhsTpA,LIVE: Lindsay Clancy trial Day 14,full_trial_stream,5,/Users/rajeshpmu/Desktop/LegalMemoCMT/data/phase2/clancy/corpus/raw/live-lindsay-clancy-trial-day-14/live-lindsay-clancy-trial-day-14_DCBWoWhsTpA.en.vtt,/Users/rajeshpmu/Desktop/LegalMemoCMT/data/processed/phase2/clancy/turn_clips/video/DCBWoWhsTpA/DCBWoWhsTpA_turn05959.mp4,/Users/rajeshpmu/Desktop/LegalMemoCMT/data/processed/phase2/clancy/turn_clips/audio/DCBWoWhsTpA/DCBWoWhsTpA_turn05959.wav,DCBWoWhsTpA,group_by_youtube_id,dev,neutral,text_keyword_heuristic,LOW,NO,neutral default,YES,"Uh so heart rate data comes from wearing an Apple Watch or a similar uh device uh not from the phone itself. In in the case of this phone, uh there was an Apple Watch paired to the device. Uh and all of the heart rate data which is recorded [clears throat] periodically throughout the day uh is stored within the the health database.","Uh so heart rate data comes from wearing an Apple Watch or a similar uh device uh not from the phone itself. In in the case of this phone, uh there was an Apple Watch paired to the device. Uh and all of the heart rate data which is recorded [clears throat] periodically throughout the day uh is stored within the the health database.",00:14:49.584,00:15:11.571,21.987,21.987,marker,MEDIUM,1,19,"DCBWoWhsTpA_utt00651#p02,DCBWoWhsTpA_utt00652#p01,DCBWoWhsTpA_utt00653#p01,DCBWoWhsTpA_utt00654#p01,DCBWoWhsTpA_utt00655#p01,DCBWoWhsTpA_utt00656#p01,DCBWoWhsTpA_utt00657#p01,DCBWoWhsTpA_utt00658#p01,DCBWoWhsTpA_utt00659#p01,DCBWoWhsTpA_utt00660#p01,DCBWoWhsTpA_utt00661#p01,DCBWoWhsTpA_utt00662#p01,DCBWoWhsTpA_utt00663#p01,DCBWoWhsTpA_utt00664#p01,DCBWoWhsTpA_utt00665#p01,DCBWoWhsTpA_utt00666#p01,DCBWoWhsTpA_utt00667#p01,DCBWoWhsTpA_utt00668#p01,DCBWoWhsTpA_utt00669#p01","DCBWoWhsTpA_utt00651,DCBWoWhsTpA_utt00652,DCBWoWhsTpA_utt00653,DCBWoWhsTpA_utt00654,DCBWoWhsTpA_utt00655,DCBWoWhsTpA_utt00656,DCBWoWhsTpA_utt00657,DCBWoWhsTpA_utt00658,DCBWoWhsTpA_utt00659,DCBWoWhsTpA_utt00660,DCBWoWhsTpA_utt00661,DCBWoWhsTpA_utt00662,DCBWoWhsTpA_utt00663,DCBWoWhsTpA_utt00664,DCBWoWhsTpA_utt00665,DCBWoWhsTpA_utt00666,DCBWoWhsTpA_utt00667,DCBWoWhsTpA_utt00668,DCBWoWhsTpA_utt00669",19,/Users/rajeshpmu/Desktop/LegalMemoCMT/data/phase2/clancy/corpus/raw/live-lindsay-clancy-trial-day-14/live-lindsay-clancy-trial-day-14_DCBWoWhsTpA.mp4,/Users/rajeshpmu/Desktop/LegalMemoCMT/data/phase2/clancy/corpus/raw/live-lindsay-clancy-trial-day-14/live-lindsay-clancy-trial-day-14_DCBWoWhsTpA.wav,/Users/rajeshpmu/Desktop/LegalMemoCMT/data/processed/phase2/clancy/turn_clips/video/DCBWoWhsTpA/DCBWoWhsTpA_turn05959.mp4,/Users/rajeshpmu/Desktop/LegalMemoCMT/data/processed/phase2/clancy/turn_clips/audio/DCBWoWhsTpA/DCBWoWhsTpA_turn05959.wav,889.584,911.571,21.987,created,00:14:49.584,00:15:11.571,0.000,default_zero,SPEAKER_18,12.707,pyannote/speaker-diarization-3.1,Witness,manual_verified_diarization,HIGH,YES,SPEAKING,Witness,YES,Witness 15 identified by manual audio/video review,INCLUDE,,YES,speaker_role=Witness,split_dev;usable,"usable because speaker_role=Witness, witness_speaking_status=SPEAKING, clip_status=created, duration=21.987s, and source is not excluded",YES,0.60,HIGH,manual_clip_review,HUMAN_VERIFIED,neutral,0.943752,0.295345,"{""anger"": 0.022649, ""disgust"": 0.003595, ""fear"": 0.005304, ""joy"": 0.019728, ""neutral"": 0.943752, ""sadness"": 0.003427, ""surprise"": 0.001546}",/Users/rajeshpmu/Desktop/LegalMemoCMT/results/paper_aligned_meld_cv/cmt_min/fold_2/best_model.pt,phase1_meld_checkpoint_pseudo_label,"audio,text","audio,text,video","{""audio_dim"": 128, ""audio_model_name"": ""facebook/hubert-base-ls960"", ""dropout"": 0.1, ""encoder_mode"": ""paper"", ""freeze_audio_backbone"": true, ""freeze_text_backbone"": true, ""fusion_dim"": 256, ""fusion_pooling"": ""min"", ""max_audio_len"": 256, ""max_text_len"": 128, ""max_video_len"": 32, ""num_classes"": 7, ""num_heads"": 4, ""num_layers"": 2, ""text_dim"": 256, ""text_model_name"": ""bert-base-uncased"", ""use_video"": false, ""video_dim"": 128, ""vocab_size"": 30000}"
DCBWoWhsTpA_turn05962,DCBWoWhsTpA_turn05962,DCBWoWhsTpA,https://www.youtube.com/live/DCBWoWhsTpA,LIVE: Lindsay Clancy trial Day 14,full_trial_stream,5,/Users/rajeshpmu/Desktop/LegalMemoCMT/data/phase2/clancy/corpus/raw/live-lindsay-clancy-trial-day-14/live-lindsay-clancy-trial-day-14_DCBWoWhsTpA.en.vtt,/Users/rajeshpmu/Desktop/LegalMemoCMT/data/processed/phase2/clancy/turn_clips/video/DCBWoWhsTpA/DCBWoWhsTpA_turn05962.mp4,/Users/rajeshpmu/Desktop/LegalMemoCMT/data/processed/phase2/clancy/turn_clips/audio/DCBWoWhsTpA/DCBWoWhsTpA_turn05962.wav,DCBWoWhsTpA,group_by_youtube_id,dev,neutral,text_keyword_heuristic,LOW,NO,neutral default,YES,Uh there are sensors on the Apple Watch itself on on the rear uh which periodically check the heart rate at any given time and that information is sent to the phone via Bluetooth. And are you aware of how often an eyewatch will record the data and report it to an iPhone?,Uh there are sensors on the Apple Watch itself on on the rear uh which periodically check the heart rate at any given time and that information is sent to the phone via Bluetooth. And are you aware of how often an eyewatch will record the data and report it to an iPhone?,00:15:36.318,00:16:02.690,26.372,26.372,marker,MEDIUM,1,15,"DCBWoWhsTpA_utt00689#p02,DCBWoWhsTpA_utt00690#p01,DCBWoWhsTpA_utt00691#p01,DCBWoWhsTpA_utt00692#p01,DCBWoWhsTpA_utt00693#p01,DCBWoWhsTpA_utt00694#p01,DCBWoWhsTpA_utt00695#p01,DCBWoWhsTpA_utt00696#p01,DCBWoWhsTpA_utt00697#p01,DCBWoWhsTpA_utt00700#p01,DCBWoWhsTpA_utt00701#p01,DCBWoWhsTpA_utt00702#p01,DCBWoWhsTpA_utt00703#p01,DCBWoWhsTpA_utt00704#p01,DCBWoWhsTpA_utt00705#p01","DCBWoWhsTpA_utt00689,DCBWoWhsTpA_utt00690,DCBWoWhsTpA_utt00691,DCBWoWhsTpA_utt00692,DCBWoWhsTpA_utt00693,DCBWoWhsTpA_utt00694,DCBWoWhsTpA_utt00695,DCBWoWhsTpA_utt00696,DCBWoWhsTpA_utt00697,DCBWoWhsTpA_utt00700,DCBWoWhsTpA_utt00701,DCBWoWhsTpA_utt00702,DCBWoWhsTpA_utt00703,DCBWoWhsTpA_utt00704,DCBWoWhsTpA_utt00705",15,/Users/rajeshpmu/Desktop/LegalMemoCMT/data/phase2/clancy/corpus/raw/live-lindsay-clancy-trial-day-14/live-lindsay-clancy-trial-day-14_DCBWoWhsTpA.mp4,/Users/rajeshpmu/Desktop/LegalMemoCMT/data/phase2/clancy/corpus/raw/live-lindsay-clancy-trial-day-14/live-lindsay-clancy-trial-day-14_DCBWoWhsTpA.wav,/Users/rajeshpmu/Desktop/LegalMemoCMT/data/processed/phase2/clancy/turn_clips/video/DCBWoWhsTpA/DCBWoWhsTpA_turn05962.mp4,/Users/rajeshpmu/Desktop/LegalMemoCMT/data/processed/phase2/clancy/turn_clips/audio/DCBWoWhsTpA/DCBWoWhsTpA_turn05962.wav,936.318,962.690,26.372,created,00:15:36.318,00:16:02.690,0.000,default_zero,SPEAKER_18,10.789,pyannote/speaker-diarization-3.1,Witness,manual_verified_diarization,HIGH,YES,SPEAKING,Witness,YES,Witness 15 identified by manual audio/video review,INCLUDE,,YES,speaker_role=Witness,split_dev;usable,"usable because speaker_role=Witness, witness_speaking_status=SPEAKING, clip_status=created, duration=26.372s, and source is not excluded",YES,0.60,HIGH,manual_clip_review,HUMAN_VERIFIED,neutral,0.921419,0.387783,"{""anger"": 0.022641, ""disgust"": 0.005836, ""fear"": 0.004849, ""joy"": 0.034878, ""neutral"": 0.921419, ""sadness"": 0.007312, ""surprise"": 0.003066}",/Users/rajeshpmu/Desktop/LegalMemoCMT/results/paper_aligned_meld_cv/cmt_min/fold_2/best_model.pt,phase1_meld_checkpoint_pseudo_label,"audio,text","audio,text,video","{""audio_dim"": 128, ""audio_model_name"": ""facebook/hubert-base-ls960"", ""dropout"": 0.1, ""encoder_mode"": ""paper"", ""freeze_audio_backbone"": true, ""freeze_text_backbone"": true, ""fusion_dim"": 256, ""fusion_pooling"": ""min"", ""max_audio_len"": 256, ""max_text_len"": 128, ""max_video_len"": 32, ""num_classes"": 7, ""num_heads"": 4, ""num_layers"": 2, ""text_dim"": 256, ""text_model_name"": ""bert-base-uncased"", ""use_video"": false, ""video_dim"": 128, ""vocab_size"": 30000}"
DCBWoWhsTpA_turn05963,DCBWoWhsTpA_turn05963,DCBWoWhsTpA,https://www.youtube.com/live/DCBWoWhsTpA,LIVE: Lindsay Clancy trial Day 14,full_trial_stream,5,/Users/rajeshpmu/Desktop/LegalMemoCMT/data/phase2/clancy/corpus/raw/live-lindsay-clancy-trial-day-14/live-lindsay-clancy-trial-day-14_DCBWoWhsTpA.en.vtt,/Users/rajeshpmu/Desktop/LegalMemoCMT/data/processed/phase2/clancy/turn_clips/video/DCBWoWhsTpA/DCBWoWhsTpA_turn05963.mp4,/Users/rajeshpmu/Desktop/LegalMemoCMT/data/processed/phase2/clancy/turn_clips/audio/DCBWoWhsTpA/DCBWoWhsTpA_turn05963.wav,DCBWoWhsTpA,group_by_youtube_id,dev,neutral,text_keyword_heuristic,LOW,NO,neutral default,YES,"Uh the actual uh cadence at which the the watch is is checking would depend on what the user is doing. Uh so if you were in the middle of a workout, it would be a lot more consistent than just periodically throughout the day. I actually don't know how often it is throughout the day if you're not doing any particular workout. There doesn't seem to be a set cadence. Every device I've looked at, it's slightly different. I'm","Uh the actual uh cadence at which the the watch is is checking would depend on what the user is doing. Uh so if you were in the middle of a workout, it would be a lot more consistent than just periodically throughout the day. I actually don't know how often it is throughout the day if you're not doing any particular workout. There doesn't seem to be a set cadence. Every device I've looked at, it's slightly different. I'm",00:16:02.690,00:16:26.678,23.988,23.988,marker,MEDIUM,1,25,"DCBWoWhsTpA_utt00705#p02,DCBWoWhsTpA_utt00706#p01,DCBWoWhsTpA_utt00707#p01,DCBWoWhsTpA_utt00708#p01,DCBWoWhsTpA_utt00709#p01,DCBWoWhsTpA_utt00710#p01,DCBWoWhsTpA_utt00711#p01,DCBWoWhsTpA_utt00712#p01,DCBWoWhsTpA_utt00713#p01,DCBWoWhsTpA_utt00714#p01,DCBWoWhsTpA_utt00715#p01,DCBWoWhsTpA_utt00716#p01,DCBWoWhsTpA_utt00717#p01,DCBWoWhsTpA_utt00718#p01,DCBWoWhsTpA_utt00719#p01,DCBWoWhsTpA_utt00720#p01,DCBWoWhsTpA_utt00721#p01,DCBWoWhsTpA_utt00722#p01,DCBWoWhsTpA_utt00723#p01,DCBWoWhsTpA_utt00724#p01,DCBWoWhsTpA_utt00725#p01,DCBWoWhsTpA_utt00726#p01,DCBWoWhsTpA_utt00727#p01,DCBWoWhsTpA_utt00728#p01,DCBWoWhsTpA_utt00729#p01","DCBWoWhsTpA_utt00705,DCBWoWhsTpA_utt00706,DCBWoWhsTpA_utt00707,DCBWoWhsTpA_utt00708,DCBWoWhsTpA_utt00709,DCBWoWhsTpA_utt00710,DCBWoWhsTpA_utt00711,DCBWoWhsTpA_utt00712,DCBWoWhsTpA_utt00713,DCBWoWhsTpA_utt00714,DCBWoWhsTpA_utt00715,DCBWoWhsTpA_utt00716,DCBWoWhsTpA_utt00717,DCBWoWhsTpA_utt00718,DCBWoWhsTpA_utt00719,DCBWoWhsTpA_utt00720,DCBWoWhsTpA_utt00721,DCBWoWhsTpA_utt00722,DCBWoWhsTpA_utt00723,DCBWoWhsTpA_utt00724,DCBWoWhsTpA_utt00725,DCBWoWhsTpA_utt00726,DCBWoWhsTpA_utt00727,DCBWoWhsTpA_utt00728,DCBWoWhsTpA_utt00729",25,/Users/rajeshpmu/Desktop/LegalMemoCMT/data/phase2/clancy/corpus/raw/live-lindsay-clancy-trial-day-14/live-lindsay-clancy-trial-day-14_DCBWoWhsTpA.mp4,/Users/rajeshpmu/Desktop/LegalMemoCMT/data/phase2/clancy/corpus/raw/live-lindsay-clancy-trial-day-14/live-lindsay-clancy-trial-day-14_DCBWoWhsTpA.wav,/Users/rajeshpmu/Desktop/LegalMemoCMT/data/processed/phase2/clancy/turn_clips/video/DCBWoWhsTpA/DCBWoWhsTpA_turn05963.mp4,/Users/rajeshpmu/Desktop/LegalMemoCMT/data/processed/phase2/clancy/turn_clips/audio/DCBWoWhsTpA/DCBWoWhsTpA_turn05963.wav,962.690,986.678,23.988,created,00:16:02.690,00:16:26.678,0.000,default_zero,SPEAKER_18,12.260,pyannote/speaker-diarization-3.1,Witness,manual_verified_diarization,HIGH,YES,SPEAKING,Witness,YES,Witness 15 identified by manual audio/video review,INCLUDE,,YES,speaker_role=Witness,split_dev;usable,"usable because speaker_role=Witness, witness_speaking_status=SPEAKING, clip_status=created, duration=23.988s, and source is not excluded",YES,0.60,HIGH,manual_clip_review,HUMAN_VERIFIED,neutral,0.904253,0.452328,"{""anger"": 0.03376, ""disgust"": 0.006676, ""fear"": 0.005405, ""joy"": 0.03738, ""neutral"": 0.904253, ""sadness"": 0.008888, ""surprise"": 0.003638}",/Users/rajeshpmu/Desktop/LegalMemoCMT/results/paper_aligned_meld_cv/cmt_min/fold_2/best_model.pt,phase1_meld_checkpoint_pseudo_label,"audio,text","audio,text,video","{""audio_dim"": 128, ""audio_model_name"": ""facebook/hubert-base-ls960"", ""dropout"": 0.1, ""encoder_mode"": ""paper"", ""freeze_audio_backbone"": true, ""freeze_text_backbone"": true, ""fusion_dim"": 256, ""fusion_pooling"": ""min"", ""max_audio_len"": 256, ""max_text_len"": 128, ""max_video_len"": 32, ""num_classes"": 7, ""num_heads"": 4, ""num_layers"": 2, ""text_dim"": 256, ""text_model_name"": ""bert-base-uncased"", ""use_video"": false, ""video_dim"": 128, ""vocab_size"": 30000}"
DCBWoWhsTpA_turn05965,DCBWoWhsTpA_turn05965,DCBWoWhsTpA,https://www.youtube.com/live/DCBWoWhsTpA,LIVE: Lindsay Clancy trial Day 14,full_trial_stream,5,/Users/rajeshpmu/Desktop/LegalMemoCMT/data/phase2/clancy/corpus/raw/live-lindsay-clancy-trial-day-14/live-lindsay-clancy-trial-day-14_DCBWoWhsTpA.en.vtt,/Users/rajeshpmu/Desktop/LegalMemoCMT/data/processed/phase2/clancy/turn_clips/video/DCBWoWhsTpA/DCBWoWhsTpA_turn05965.mp4,/Users/rajeshpmu/Desktop/LegalMemoCMT/data/processed/phase2/clancy/turn_clips/audio/DCBWoWhsTpA/DCBWoWhsTpA_turn05965.wav,DCBWoWhsTpA,group_by_youtube_id,dev,neutral,text_keyword_heuristic,LOW,NO,neutral default,YES,"Uh yes, this is is typical from what you see when you look at the the database. uh the time stamps are never consistently at uh a recognizable cadence.","Uh yes, this is is typical from what you see when you look at the the database. uh the time stamps are never consistently at uh a recognizable cadence.",00:16:52.297,00:17:03.119,10.822,10.822,marker,MEDIUM,1,11,"DCBWoWhsTpA_utt00751#p02,DCBWoWhsTpA_utt00752#p01,DCBWoWhsTpA_utt00753#p01,DCBWoWhsTpA_utt00754#p01,DCBWoWhsTpA_utt00755#p01,DCBWoWhsTpA_utt00756#p01,DCBWoWhsTpA_utt00757#p01,DCBWoWhsTpA_utt00758#p01,DCBWoWhsTpA_utt00759#p01,DCBWoWhsTpA_utt00760#p01,DCBWoWhsTpA_utt00761#p01","DCBWoWhsTpA_utt00751,DCBWoWhsTpA_utt00752,DCBWoWhsTpA_utt00753,DCBWoWhsTpA_utt00754,DCBWoWhsTpA_utt00755,DCBWoWhsTpA_utt00756,DCBWoWhsTpA_utt00757,DCBWoWhsTpA_utt00758,DCBWoWhsTpA_utt00759,DCBWoWhsTpA_utt00760,DCBWoWhsTpA_utt00761",11,/Users/rajeshpmu/Desktop/LegalMemoCMT/data/phase2/clancy/corpus/raw/live-lindsay-clancy-trial-day-14/live-lindsay-clancy-trial-day-14_DCBWoWhsTpA.mp4,/Users/rajeshpmu/Desktop/LegalMemoCMT/data/phase2/clancy/corpus/raw/live-lindsay-clancy-trial-day-14/live-lindsay-clancy-trial-day-14_DCBWoWhsTpA.wav,/Users/rajeshpmu/Desktop/LegalMemoCMT/data/processed/phase2/clancy/turn_clips/video/DCBWoWhsTpA/DCBWoWhsTpA_turn05965.mp4,/Users/rajeshpmu/Desktop/LegalMemoCMT/data/processed/phase2/clancy/turn_clips/audio/DCBWoWhsTpA/DCBWoWhsTpA_turn05965.wav,1012.297,1023.119,10.822,created,00:16:52.297,00:17:03.119,0.000,default_zero,SPEAKER_18,6.984,pyannote/speaker-diarization-3.1,Witness,manual_verified_diarization,HIGH,YES,SPEAKING,Witness,YES,Witness 15 identified by manual audio/video review,INCLUDE,,YES,speaker_role=Witness,split_dev;usable,"usable because speaker_role=Witness, witness_speaking_status=SPEAKING, clip_status=created, duration=10.822s, and source is not excluded",YES,0.60,HIGH,manual_clip_review,HUMAN_VERIFIED,neutral,0.946252,0.287474,"{""anger"": 0.01906, ""disgust"": 0.003129, ""fear"": 0.00423, ""joy"": 0.019695, ""neutral"": 0.946252, ""sadness"": 0.005983, ""surprise"": 0.001651}",/Users/rajeshpmu/Desktop/LegalMemoCMT/results/paper_aligned_meld_cv/cmt_min/fold_2/best_model.pt,phase1_meld_checkpoint_pseudo_label,"audio,text","audio,text,video","{""audio_dim"": 128, ""audio_model_name"": ""facebook/hubert-base-ls960"", ""dropout"": 0.1, ""encoder_mode"": ""paper"", ""freeze_audio_backbone"": true, ""freeze_text_backbone"": true, ""fusion_dim"": 256, ""fusion_pooling"": ""min"", ""max_audio_len"": 256, ""max_text_len"": 128, ""max_video_len"": 32, ""num_classes"": 7, ""num_heads"": 4, ""num_layers"": 2, ""text_dim"": 256, ""text_model_name"": ""bert-base-uncased"", ""use_video"": false, ""video_dim"": 128, ""vocab_size"": 30000}"
DCBWoWhsTpA_turn05967,DCBWoWhsTpA_turn05967,DCBWoWhsTpA,https://www.youtube.com/live/DCBWoWhsTpA,LIVE: Lindsay Clancy trial Day 14,full_trial_stream,5,/Users/rajeshpmu/Desktop/LegalMemoCMT/data/phase2/clancy/corpus/raw/live-lindsay-clancy-trial-day-14/live-lindsay-clancy-trial-day-14_DCBWoWhsTpA.en.vtt,/Users/rajeshpmu/Desktop/LegalMemoCMT/data/processed/phase2/clancy/turn_clips/video/DCBWoWhsTpA/DCBWoWhsTpA_turn05967.mp4,/Users/rajeshpmu/Desktop/LegalMemoCMT/data/processed/phase2/clancy/turn_clips/audio/DCBWoWhsTpA/DCBWoWhsTpA_turn05967.wav,DCBWoWhsTpA,group_by_youtube_id,dev,neutral,text_keyword_heuristic,LOW,NO,neutral default,YES,"Uh so I actually tried to just highlight some of the high points for the day. Uh I realized a few days ago while reviewing this, there was uh records uh there that show a a high of 123 and 122 which I'd not highlighted.","Uh so I actually tried to just highlight some of the high points for the day. Uh I realized a few days ago while reviewing this, there was uh records uh there that show a a high of 123 and 122 which I'd not highlighted.",00:17:06.526,00:17:20.615,14.089,14.089,marker,MEDIUM,1,13,"DCBWoWhsTpA_utt00765#p02,DCBWoWhsTpA_utt00766#p01,DCBWoWhsTpA_utt00767#p01,DCBWoWhsTpA_utt00768#p01,DCBWoWhsTpA_utt00769#p01,DCBWoWhsTpA_utt00770#p01,DCBWoWhsTpA_utt00771#p01,DCBWoWhsTpA_utt00772#p01,DCBWoWhsTpA_utt00773#p01,DCBWoWhsTpA_utt00774#p01,DCBWoWhsTpA_utt00775#p01,DCBWoWhsTpA_utt00776#p01,DCBWoWhsTpA_utt00777#p01","DCBWoWhsTpA_utt00765,DCBWoWhsTpA_utt00766,DCBWoWhsTpA_utt00767,DCBWoWhsTpA_utt00768,DCBWoWhsTpA_utt00769,DCBWoWhsTpA_utt00770,DCBWoWhsTpA_utt00771,DCBWoWhsTpA_utt00772,DCBWoWhsTpA_utt00773,DCBWoWhsTpA_utt00774,DCBWoWhsTpA_utt00775,DCBWoWhsTpA_utt00776,DCBWoWhsTpA_utt00777",13,/Users/rajeshpmu/Desktop/LegalMemoCMT/data/phase2/clancy/corpus/raw/live-lindsay-clancy-trial-day-14/live-lindsay-clancy-trial-day-14_DCBWoWhsTpA.mp4,/Users/rajeshpmu/Desktop/LegalMemoCMT/data/phase2/clancy/corpus/raw/live-lindsay-clancy-trial-day-14/live-lindsay-clancy-trial-day-14_DCBWoWhsTpA.wav,/Users/rajeshpmu/Desktop/LegalMemoCMT/data/processed/phase2/clancy/turn_clips/video/DCBWoWhsTpA/DCBWoWhsTpA_turn05967.mp4,/Users/rajeshpmu/Desktop/LegalMemoCMT/data/processed/phase2/clancy/turn_clips/audio/DCBWoWhsTpA/DCBWoWhsTpA_turn05967.wav,1026.526,1040.615,14.089,created,00:17:06.526,00:17:20.615,0.000,default_zero,SPEAKER_18,12.583,pyannote/speaker-diarization-3.1,Witness,manual_verified_diarization,HIGH,YES,SPEAKING,Witness,YES,Witness 15 identified by manual audio/video review,INCLUDE,,YES,speaker_role=Witness,split_dev;usable,"usable because speaker_role=Witness, witness_speaking_status=SPEAKING, clip_status=created, duration=14.089s, and source is not excluded",YES,0.60,HIGH,manual_clip_review,HUMAN_VERIFIED,neutral,0.823662,0.713558,"{""anger"": 0.083986, ""disgust"": 0.011551, ""fear"": 0.015024, ""joy"": 0.021629, ""neutral"": 0.823662, ""sadness"": 0.041337, ""surprise"": 0.00281}",/Users/rajeshpmu/Desktop/LegalMemoCMT/results/paper_aligned_meld_cv/cmt_min/fold_2/best_model.pt,phase1_meld_checkpoint_pseudo_label,"audio,text","audio,text,video","{""audio_dim"": 128, ""audio_model_name"": ""facebook/hubert-base-ls960"", ""dropout"": 0.1, ""encoder_mode"": ""paper"", ""freeze_audio_backbone"": true, ""freeze_text_backbone"": true, ""fusion_dim"": 256, ""fusion_pooling"": ""min"", ""max_audio_len"": 256, ""max_text_len"": 128, ""max_video_len"": 32, ""num_classes"": 7, ""num_heads"": 4, ""num_layers"": 2, ""text_dim"": 256, ""text_model_name"": ""bert-base-uncased"", ""use_video"": false, ""video_dim"": 128, ""vocab_size"": 30000}"
DCBWoWhsTpA_turn05970,DCBWoWhsTpA_turn05970,DCBWoWhsTpA,https://www.youtube.com/live/DCBWoWhsTpA,LIVE: Lindsay Clancy trial Day 14,full_trial_stream,5,/Users/rajeshpmu/Desktop/LegalMemoCMT/data/phase2/clancy/corpus/raw/live-lindsay-clancy-trial-day-14/live-lindsay-clancy-trial-day-14_DCBWoWhsTpA.en.vtt,/Users/rajeshpmu/Desktop/LegalMemoCMT/data/processed/phase2/clancy/turn_clips/video/DCBWoWhsTpA/DCBWoWhsTpA_turn05970.mp4,/Users/rajeshpmu/Desktop/LegalMemoCMT/data/processed/phase2/clancy/turn_clips/audio/DCBWoWhsTpA/DCBWoWhsTpA_turn05970.wav,DCBWoWhsTpA,group_by_youtube_id,dev,neutral,text_keyword_heuristic,LOW,NO,neutral default,YES,Uh so the last heart rate record was at 17 2352. So 23 minutes past 5 uh in the afternoon with a heart rate of 57 beats per minute.,Uh so the last heart rate record was at 17 2352. So 23 minutes past 5 uh in the afternoon with a heart rate of 57 beats per minute.,00:17:31.936,00:17:41.230,9.294,9.294,marker,MEDIUM,1,9,"DCBWoWhsTpA_utt00785#p02,DCBWoWhsTpA_utt00786#p01,DCBWoWhsTpA_utt00787#p01,DCBWoWhsTpA_utt00788#p01,DCBWoWhsTpA_utt00789#p01,DCBWoWhsTpA_utt00790#p01,DCBWoWhsTpA_utt00791#p01,DCBWoWhsTpA_utt00792#p01,DCBWoWhsTpA_utt00793#p01","DCBWoWhsTpA_utt00785,DCBWoWhsTpA_utt00786,DCBWoWhsTpA_utt00787,DCBWoWhsTpA_utt00788,DCBWoWhsTpA_utt00789,DCBWoWhsTpA_utt00790,DCBWoWhsTpA_utt00791,DCBWoWhsTpA_utt00792,DCBWoWhsTpA_utt00793",9,/Users/rajeshpmu/Desktop/LegalMemoCMT/data/phase2/clancy/corpus/raw/live-lindsay-clancy-trial-day-14/live-lindsay-clancy-trial-day-14_DCBWoWhsTpA.mp4,/Users/rajeshpmu/Desktop/LegalMemoCMT/data/phase2/clancy/corpus/raw/live-lindsay-clancy-trial-day-14/live-lindsay-clancy-trial-day-14_DCBWoWhsTpA.wav,/Users/rajeshpmu/Desktop/LegalMemoCMT/data/processed/phase2/clancy/turn_clips/video/DCBWoWhsTpA/DCBWoWhsTpA_turn05970.mp4,/Users/rajeshpmu/Desktop/LegalMemoCMT/data/processed/phase2/clancy/turn_clips/audio/DCBWoWhsTpA/DCBWoWhsTpA_turn05970.wav,1051.936,1061.230,9.294,created,00:17:31.936,00:17:41.230,0.000,default_zero,SPEAKER_18,4.993,pyannote/speaker-diarization-3.1,Witness,manual_verified_diarization,HIGH,YES,SPEAKING,Witness,YES,Witness 15 identified by manual audio/video review,INCLUDE,,YES,speaker_role=Witness,split_dev;usable,"usable because speaker_role=Witness, witness_speaking_status=SPEAKING, clip_status=created, duration=9.294s, and source is not excluded",YES,0.60,HIGH,manual_clip_review,HUMAN_VERIFIED,neutral,0.88997,0.516499,"{""anger"": 0.045738, ""disgust"": 0.009962, ""fear"": 0.011727, ""joy"": 0.011767, ""neutral"": 0.88997, ""sadness"": 0.025594, ""surprise"": 0.005243}",/Users/rajeshpmu/Desktop/LegalMemoCMT/results/paper_aligned_meld_cv/cmt_min/fold_2/best_model.pt,phase1_meld_checkpoint_pseudo_label,"audio,text","audio,text,video","{""audio_dim"": 128, ""audio_model_name"": ""facebook/hubert-base-ls960"", ""dropout"": 0.1, ""encoder_mode"": ""paper"", ""freeze_audio_backbone"": true, ""freeze_text_backbone"": true, ""fusion_dim"": 256, ""fusion_pooling"": ""min"", ""max_audio_len"": 256, ""max_text_len"": 128, ""max_video_len"": 32, ""num_classes"": 7, ""num_heads"": 4, ""num_layers"": 2, ""text_dim"": 256, ""text_model_name"": ""bert-base-uncased"", ""use_video"": false, ""video_dim"": 128, ""vocab_size"": 30000}"
DCBWoWhsTpA_turn05971,DCBWoWhsTpA_turn05971,DCBWoWhsTpA,https://www.youtube.com/live/DCBWoWhsTpA,LIVE: Lindsay Clancy trial Day 14,full_trial_stream,5,/Users/rajeshpmu/Desktop/LegalMemoCMT/data/phase2/clancy/corpus/raw/live-lindsay-clancy-trial-day-14/live-lindsay-clancy-trial-day-14_DCBWoWhsTpA.en.vtt,/Users/rajeshpmu/Desktop/LegalMemoCMT/data/processed/phase2/clancy/turn_clips/video/DCBWoWhsTpA/DCBWoWhsTpA_turn05971.mp4,/Users/rajeshpmu/Desktop/LegalMemoCMT/data/processed/phase2/clancy/turn_clips/audio/DCBWoWhsTpA/DCBWoWhsTpA_turn05971.wav,DCBWoWhsTpA,group_by_youtube_id,dev,neutral,text_keyword_heuristic,LOW,NO,neutral default,YES,"What was the average heart rate for for the day for the defendants um phone? Uh there was a range of heart rates uh going between uh as low as uh I believe around 50 and as high as around 122. On average it was around uh high 80s, early 90s.","What was the average heart rate for for the day for the defendants um phone? Uh there was a range of heart rates uh going between uh as low as uh I believe around 50 and as high as around 122. On average it was around uh high 80s, early 90s.",00:17:41.230,00:18:01.635,20.405,20.405,marker,MEDIUM,1,15,"DCBWoWhsTpA_utt00793#p02,DCBWoWhsTpA_utt00794#p01,DCBWoWhsTpA_utt00795#p01,DCBWoWhsTpA_utt00796#p01,DCBWoWhsTpA_utt00797#p01,DCBWoWhsTpA_utt00798#p01,DCBWoWhsTpA_utt00799#p01,DCBWoWhsTpA_utt00800#p01,DCBWoWhsTpA_utt00801#p01,DCBWoWhsTpA_utt00802#p01,DCBWoWhsTpA_utt00803#p01,DCBWoWhsTpA_utt00804#p01,DCBWoWhsTpA_utt00805#p01,DCBWoWhsTpA_utt00806#p01,DCBWoWhsTpA_utt00807#p01","DCBWoWhsTpA_utt00793,DCBWoWhsTpA_utt00794,DCBWoWhsTpA_utt00795,DCBWoWhsTpA_utt00796,DCBWoWhsTpA_utt00797,DCBWoWhsTpA_utt00798,DCBWoWhsTpA_utt00799,DCBWoWhsTpA_utt00800,DCBWoWhsTpA_utt00801,DCBWoWhsTpA_utt00802,DCBWoWhsTpA_utt00803,DCBWoWhsTpA_utt00804,DCBWoWhsTpA_utt00805,DCBWoWhsTpA_utt00806,DCBWoWhsTpA_utt00807",15,/Users/rajeshpmu/Desktop/LegalMemoCMT/data/phase2/clancy/corpus/raw/live-lindsay-clancy-trial-day-14/live-lindsay-clancy-trial-day-14_DCBWoWhsTpA.mp4,/Users/rajeshpmu/Desktop/LegalMemoCMT/data/phase2/clancy/corpus/raw/live-lindsay-clancy-trial-day-14/live-lindsay-clancy-trial-day-14_DCBWoWhsTpA.wav,/Users/rajeshpmu/Desktop/LegalMemoCMT/data/processed/phase2/clancy/turn_clips/video/DCBWoWhsTpA/DCBWoWhsTpA_turn05971.mp4,/Users/rajeshpmu/Desktop/LegalMemoCMT/data/processed/phase2/clancy/turn_clips/audio/DCBWoWhsTpA/DCBWoWhsTpA_turn05971.wav,1061.230,1081.635,20.405,created,00:17:41.230,00:18:01.635,0.000,default_zero,SPEAKER_18,11.762,pyannote/speaker-diarization-3.1,Witness,manual_verified_diarization,HIGH,YES,SPEAKING,Witness,YES,Witness 15 identified by manual audio/video review,INCLUDE,,YES,speaker_role=Witness,split_dev;usable,"usable because speaker_role=Witness, witness_speaking_status=SPEAKING, clip_status=created, duration=20.405s, and source is not excluded",YES,0.60,HIGH,manual_clip_review,HUMAN_VERIFIED,neutral,0.931022,0.367081,"{""anger"": 0.021812, ""disgust"": 0.007469, ""fear"": 0.009861, ""joy"": 0.01417, ""neutral"": 0.931022, ""sadness"": 0.01099, ""surprise"": 0.004676}",/Users/rajeshpmu/Desktop/LegalMemoCMT/results/paper_aligned_meld_cv/cmt_min/fold_2/best_model.pt,phase1_meld_checkpoint_pseudo_label,"audio,text","audio,text,video","{""audio_dim"": 128, ""audio_model_name"": ""facebook/hubert-base-ls960"", ""dropout"": 0.1, ""encoder_mode"": ""paper"", ""freeze_audio_backbone"": true, ""freeze_text_backbone"": true, ""fusion_dim"": 256, ""fusion_pooling"": ""min"", ""max_audio_len"": 256, ""max_text_len"": 128, ""max_video_len"": 32, ""num_classes"": 7, ""num_heads"": 4, ""num_layers"": 2, ""text_dim"": 256, ""text_model_name"": ""bert-base-uncased"", ""use_video"": false, ""video_dim"": 128, ""vocab_size"": 30000}"
DCBWoWhsTpA_turn05976,DCBWoWhsTpA_turn05976,DCBWoWhsTpA,https://www.youtube.com/live/DCBWoWhsTpA,LIVE: Lindsay Clancy trial Day 14,full_trial_stream,5,/Users/rajeshpmu/Desktop/LegalMemoCMT/data/phase2/clancy/corpus/raw/live-lindsay-clancy-trial-day-14/live-lindsay-clancy-trial-day-14_DCBWoWhsTpA.en.vtt,/Users/rajeshpmu/Desktop/LegalMemoCMT/data/processed/phase2/clancy/turn_clips/video/DCBWoWhsTpA/DCBWoWhsTpA_turn05976.mp4,/Users/rajeshpmu/Desktop/LegalMemoCMT/data/processed/phase2/clancy/turn_clips/audio/DCBWoWhsTpA/DCBWoWhsTpA_turn05976.wav,DCBWoWhsTpA,group_by_youtube_id,dev,neutral,text_keyword_heuristic,LOW,NO,neutral default,YES,"Uh if the watch was taken off, if the watch was turned off, uh","Uh if the watch was taken off, if the watch was turned off, uh",00:18:25.539,00:18:30.141,4.602,4.602,marker,MEDIUM,1,7,"DCBWoWhsTpA_utt00827#p02,DCBWoWhsTpA_utt00828#p01,DCBWoWhsTpA_utt00829#p01,DCBWoWhsTpA_utt00830#p01,DCBWoWhsTpA_utt00831#p01,DCBWoWhsTpA_utt00832#p01,DCBWoWhsTpA_utt00833#p01","DCBWoWhsTpA_utt00827,DCBWoWhsTpA_utt00828,DCBWoWhsTpA_utt00829,DCBWoWhsTpA_utt00830,DCBWoWhsTpA_utt00831,DCBWoWhsTpA_utt00832,DCBWoWhsTpA_utt00833",7,/Users/rajeshpmu/Desktop/LegalMemoCMT/data/phase2/clancy/corpus/raw/live-lindsay-clancy-trial-day-14/live-lindsay-clancy-trial-day-14_DCBWoWhsTpA.mp4,/Users/rajeshpmu/Desktop/LegalMemoCMT/data/phase2/clancy/corpus/raw/live-lindsay-clancy-trial-day-14/live-lindsay-clancy-trial-day-14_DCBWoWhsTpA.wav,/Users/rajeshpmu/Desktop/LegalMemoCMT/data/processed/phase2/clancy/turn_clips/video/DCBWoWhsTpA/DCBWoWhsTpA_turn05976.mp4,/Users/rajeshpmu/Desktop/LegalMemoCMT/data/processed/phase2/clancy/turn_clips/audio/DCBWoWhsTpA/DCBWoWhsTpA_turn05976.wav,1105.539,1110.141,4.602,created,00:18:25.539,00:18:30.141,0.000,default_zero,SPEAKER_18,2.369,pyannote/speaker-diarization-3.1,Witness,manual_verified_diarization,HIGH,YES,SPEAKING,Witness,YES,Witness 15 identified by manual audio/video review,INCLUDE,,YES,speaker_role=Witness,split_dev;usable,"usable because speaker_role=Witness, witness_speaking_status=SPEAKING, clip_status=created, duration=4.602s, and source is not excluded",YES,0.60,HIGH,manual_clip_review,HUMAN_VERIFIED,neutral,0.792911,0.798717,"{""anger"": 0.05404, ""disgust"": 0.010374, ""fear"": 0.01343, ""joy"": 0.035086, ""neutral"": 0.792911, ""sadness"": 0.0916, ""surprise"": 0.002557}",/Users/rajeshpmu/Desktop/LegalMemoCMT/results/paper_aligned_meld_cv/cmt_min/fold_2/best_model.pt,phase1_meld_checkpoint_pseudo_label,"audio,text","audio,text,video","{""audio_dim"": 128, ""audio_model_name"": ""facebook/hubert-base-ls960"", ""dropout"": 0.1, ""encoder_mode"": ""paper"", ""freeze_audio_backbone"": true, ""freeze_text_backbone"": true, ""fusion_dim"": 256, ""fusion_pooling"": ""min"", ""max_audio_len"": 256, ""max_text_len"": 128, ""max_video_len"": 32, ""num_classes"": 7, ""num_heads"": 4, ""num_layers"": 2, ""text_dim"": 256, ""text_model_name"": ""bert-base-uncased"", ""use_video"": false, ""video_dim"": 128, ""vocab_size"": 30000}"
DCBWoWhsTpA_turn05978,DCBWoWhsTpA_turn05978,DCBWoWhsTpA,https://www.youtube.com/live/DCBWoWhsTpA,LIVE: Lindsay Clancy trial Day 14,full_trial_stream,5,/Users/rajeshpmu/Desktop/LegalMemoCMT/data/phase2/clancy/corpus/raw/live-lindsay-clancy-trial-day-14/live-lindsay-clancy-trial-day-14_DCBWoWhsTpA.en.vtt,/Users/rajeshpmu/Desktop/LegalMemoCMT/data/processed/phase2/clancy/turn_clips/video/DCBWoWhsTpA/DCBWoWhsTpA_turn05978.mp4,/Users/rajeshpmu/Desktop/LegalMemoCMT/data/processed/phase2/clancy/turn_clips/audio/DCBWoWhsTpA/DCBWoWhsTpA_turn05978.wav,DCBWoWhsTpA,group_by_youtube_id,dev,neutral,text_keyword_heuristic,LOW,NO,neutral default,YES,Uh flight climb uh is information which the Apple health application uh stores every time it detects that you walk up a flight of stairs. So a flight of stairs would be considered either a 3 m or 10 foot incline over 16 steps. Uh so the the device has detected that both the altitude has changed by 10 ft. Uh and there were steps being walked at the same time.,Uh flight climb uh is information which the Apple health application uh stores every time it detects that you walk up a flight of stairs. So a flight of stairs would be considered either a 3 m or 10 foot incline over 16 steps. Uh so the the device has detected that both the altitude has changed by 10 ft. Uh and there were steps being walked at the same time.,00:18:47.941,00:19:14.938,26.997,26.997,marker,MEDIUM,1,21,"DCBWoWhsTpA_utt00841#p02,DCBWoWhsTpA_utt00842#p01,DCBWoWhsTpA_utt00843#p01,DCBWoWhsTpA_utt00844#p01,DCBWoWhsTpA_utt00845#p01,DCBWoWhsTpA_utt00846#p01,DCBWoWhsTpA_utt00847#p01,DCBWoWhsTpA_utt00848#p01,DCBWoWhsTpA_utt00849#p01,DCBWoWhsTpA_utt00850#p01,DCBWoWhsTpA_utt00851#p01,DCBWoWhsTpA_utt00852#p01,DCBWoWhsTpA_utt00853#p01,DCBWoWhsTpA_utt00854#p01,DCBWoWhsTpA_utt00855#p01,DCBWoWhsTpA_utt00856#p01,DCBWoWhsTpA_utt00857#p01,DCBWoWhsTpA_utt00858#p01,DCBWoWhsTpA_utt00859#p01,DCBWoWhsTpA_utt00860#p01,DCBWoWhsTpA_utt00861#p01","DCBWoWhsTpA_utt00841,DCBWoWhsTpA_utt00842,DCBWoWhsTpA_utt00843,DCBWoWhsTpA_utt00844,DCBWoWhsTpA_utt00845,DCBWoWhsTpA_utt00846,DCBWoWhsTpA_utt00847,DCBWoWhsTpA_utt00848,DCBWoWhsTpA_utt00849,DCBWoWhsTpA_utt00850,DCBWoWhsTpA_utt00851,DCBWoWhsTpA_utt00852,DCBWoWhsTpA_utt00853,DCBWoWhsTpA_utt00854,DCBWoWhsTpA_utt00855,DCBWoWhsTpA_utt00856,DCBWoWhsTpA_utt00857,DCBWoWhsTpA_utt00858,DCBWoWhsTpA_utt00859,DCBWoWhsTpA_utt00860,DCBWoWhsTpA_utt00861",21,/Users/rajeshpmu/Desktop/LegalMemoCMT/data/phase2/clancy/corpus/raw/live-lindsay-clancy-trial-day-14/live-lindsay-clancy-trial-day-14_DCBWoWhsTpA.mp4,/Users/rajeshpmu/Desktop/LegalMemoCMT/data/phase2/clancy/corpus/raw/live-lindsay-clancy-trial-day-14/live-lindsay-clancy-trial-day-14_DCBWoWhsTpA.wav,/Users/rajeshpmu/Desktop/LegalMemoCMT/data/processed/phase2/clancy/turn_clips/video/DCBWoWhsTpA/DCBWoWhsTpA_turn05978.mp4,/Users/rajeshpmu/Desktop/LegalMemoCMT/data/processed/phase2/clancy/turn_clips/audio/DCBWoWhsTpA/DCBWoWhsTpA_turn05978.wav,1127.941,1154.938,26.997,created,00:18:47.941,00:19:14.938,0.000,default_zero,SPEAKER_18,20.334,pyannote/speaker-diarization-3.1,Witness,manual_verified_diarization,HIGH,YES,SPEAKING,Witness,YES,Witness 15 identified by manual audio/video review,INCLUDE,,YES,speaker_role=Witness,split_dev;usable,"usable because speaker_role=Witness, witness_speaking_status=SPEAKING, clip_status=created, duration=26.997s, and source is not excluded",YES,0.60,HIGH,manual_clip_review,HUMAN_VERIFIED,neutral,0.891108,0.508721,"{""anger"": 0.037602, ""disgust"": 0.006866, ""fear"": 0.00409, ""joy"": 0.028781, ""neutral"": 0.891108, ""sadness"": 0.025943, ""surprise"": 0.005609}",/Users/rajeshpmu/Desktop/LegalMemoCMT/results/paper_aligned_meld_cv/cmt_min/fold_2/best_model.pt,phase1_meld_checkpoint_pseudo_label,"audio,text","audio,text,video","{""audio_dim"": 128, ""audio_model_name"": ""facebook/hubert-base-ls960"", ""dropout"": 0.1, ""encoder_mode"": ""paper"", ""freeze_audio_backbone"": true, ""freeze_text_backbone"": true, ""fusion_dim"": 256, ""fusion_pooling"": ""min"", ""max_audio_len"": 256, ""max_text_len"": 128, ""max_video_len"": 32, ""num_classes"": 7, ""num_heads"": 4, ""num_layers"": 2, ""text_dim"": 256, ""text_model_name"": ""bert-base-uncased"", ""use_video"": false, ""video_dim"": 128, ""vocab_size"": 30000}"
DCBWoWhsTpA_turn05981,DCBWoWhsTpA_turn05981,DCBWoWhsTpA,https://www.youtube.com/live/DCBWoWhsTpA,LIVE: Lindsay Clancy trial Day 14,full_trial_stream,5,/Users/rajeshpmu/Desktop/LegalMemoCMT/data/phase2/clancy/corpus/raw/live-lindsay-clancy-trial-day-14/live-lindsay-clancy-trial-day-14_DCBWoWhsTpA.en.vtt,/Users/rajeshpmu/Desktop/LegalMemoCMT/data/processed/phase2/clancy/turn_clips/video/DCBWoWhsTpA/DCBWoWhsTpA_turn05981.mp4,/Users/rajeshpmu/Desktop/LegalMemoCMT/data/processed/phase2/clancy/turn_clips/audio/DCBWoWhsTpA/DCBWoWhsTpA_turn05981.wav,DCBWoWhsTpA,group_by_youtube_id,dev,neutral,text_keyword_heuristic,LOW,NO,neutral default,YES,And what what is it? Is it GPS or something that's keeping track of your altitude? Uh the altitude is being monitored by a barometer or an altimeter which is inside the device just measuring for differences in air pressure.,And what what is it? Is it GPS or something that's keeping track of your altitude? Uh the altitude is being monitored by a barometer or an altimeter which is inside the device just measuring for differences in air pressure.,00:19:22.864,00:19:35.816,12.952,12.952,marker,MEDIUM,1,15,"DCBWoWhsTpA_utt00871#p02,DCBWoWhsTpA_utt00872#p01,DCBWoWhsTpA_utt00873#p01,DCBWoWhsTpA_utt00874#p01,DCBWoWhsTpA_utt00875#p01,DCBWoWhsTpA_utt00876#p01,DCBWoWhsTpA_utt00877#p01,DCBWoWhsTpA_utt00878#p01,DCBWoWhsTpA_utt00879#p01,DCBWoWhsTpA_utt00880#p01,DCBWoWhsTpA_utt00881#p01,DCBWoWhsTpA_utt00882#p01,DCBWoWhsTpA_utt00883#p01,DCBWoWhsTpA_utt00884#p01,DCBWoWhsTpA_utt00885#p01","DCBWoWhsTpA_utt00871,DCBWoWhsTpA_utt00872,DCBWoWhsTpA_utt00873,DCBWoWhsTpA_utt00874,DCBWoWhsTpA_utt00875,DCBWoWhsTpA_utt00876,DCBWoWhsTpA_utt00877,DCBWoWhsTpA_utt00878,DCBWoWhsTpA_utt00879,DCBWoWhsTpA_utt00880,DCBWoWhsTpA_utt00881,DCBWoWhsTpA_utt00882,DCBWoWhsTpA_utt00883,DCBWoWhsTpA_utt00884,DCBWoWhsTpA_utt00885",15,/Users/rajeshpmu/Desktop/LegalMemoCMT/data/phase2/clancy/corpus/raw/live-lindsay-clancy-trial-day-14/live-lindsay-clancy-trial-day-14_DCBWoWhsTpA.mp4,/Users/rajeshpmu/Desktop/LegalMemoCMT/data/phase2/clancy/corpus/raw/live-lindsay-clancy-trial-day-14/live-lindsay-clancy-trial-day-14_DCBWoWhsTpA.wav,/Users/rajeshpmu/Desktop/LegalMemoCMT/data/processed/phase2/clancy/turn_clips/video/DCBWoWhsTpA/DCBWoWhsTpA_turn05981.mp4,/Users/rajeshpmu/Desktop/LegalMemoCMT/data/processed/phase2/clancy/turn_clips/audio/DCBWoWhsTpA/DCBWoWhsTpA_turn05981.wav,1162.864,1175.816,12.952,created,00:19:22.864,00:19:35.816,0.000,default_zero,SPEAKER_18,7.155,pyannote/speaker-diarization-3.1,Witness,manual_verified_diarization,HIGH,YES,SPEAKING,Witness,YES,Witness 15 identified by manual audio/video review,INCLUDE,,YES,speaker_role=Witness,split_dev;usable,"usable because speaker_role=Witness, witness_speaking_status=SPEAKING, clip_status=created, duration=12.952s, and source is not excluded",YES,0.60,HIGH,manual_clip_review,HUMAN_VERIFIED,neutral,0.889347,0.513282,"{""anger"": 0.044345, ""disgust"": 0.025737, ""fear"": 0.00499, ""joy"": 0.020173, ""neutral"": 0.889347, ""sadness"": 0.012715, ""surprise"": 0.002693}",/Users/rajeshpmu/Desktop/LegalMemoCMT/results/paper_aligned_meld_cv/cmt_min/fold_2/best_model.pt,phase1_meld_checkpoint_pseudo_label,"audio,text","audio,text,video","{""audio_dim"": 128, ""audio_model_name"": ""facebook/hubert-base-ls960"", ""dropout"": 0.1, ""encoder_mode"": ""paper"", ""freeze_audio_backbone"": true, ""freeze_text_backbone"": true, ""fusion_dim"": 256, ""fusion_pooling"": ""min"", ""max_audio_len"": 256, ""max_text_len"": 128, ""max_video_len"": 32, ""num_classes"": 7, ""num_heads"": 4, ""num_layers"": 2, ""text_dim"": 256, ""text_model_name"": ""bert-base-uncased"", ""use_video"": false, ""video_dim"": 128, ""vocab_size"": 30000}"
DCBWoWhsTpA_turn05984,DCBWoWhsTpA_turn05984,DCBWoWhsTpA,https://www.youtube.com/live/DCBWoWhsTpA,LIVE: Lindsay Clancy trial Day 14,full_trial_stream,5,/Users/rajeshpmu/Desktop/LegalMemoCMT/data/phase2/clancy/corpus/raw/live-lindsay-clancy-trial-day-14/live-lindsay-clancy-trial-day-14_DCBWoWhsTpA.en.vtt,/Users/rajeshpmu/Desktop/LegalMemoCMT/data/processed/phase2/clancy/turn_clips/video/DCBWoWhsTpA/DCBWoWhsTpA_turn05984.mp4,/Users/rajeshpmu/Desktop/LegalMemoCMT/data/processed/phase2/clancy/turn_clips/audio/DCBWoWhsTpA/DCBWoWhsTpA_turn05984.wav,DCBWoWhsTpA,group_by_youtube_id,dev,neutral,text_keyword_heuristic,LOW,NO,neutral default,YES,"Uh there are some circumstances where that can happen. Um they're typically quite uh quite rare, but it can happen.","Uh there are some circumstances where that can happen. Um they're typically quite uh quite rare, but it can happen.",00:20:04.620,00:20:14.431,9.811,9.811,marker,MEDIUM,1,7,"DCBWoWhsTpA_utt00907#p02,DCBWoWhsTpA_utt00908#p01,DCBWoWhsTpA_utt00909#p01,DCBWoWhsTpA_utt00910#p01,DCBWoWhsTpA_utt00911#p01,DCBWoWhsTpA_utt00912#p01,DCBWoWhsTpA_utt00913#p01","DCBWoWhsTpA_utt00907,DCBWoWhsTpA_utt00908,DCBWoWhsTpA_utt00909,DCBWoWhsTpA_utt00910,DCBWoWhsTpA_utt00911,DCBWoWhsTpA_utt00912,DCBWoWhsTpA_utt00913",7,/Users/rajeshpmu/Desktop/LegalMemoCMT/data/phase2/clancy/corpus/raw/live-lindsay-clancy-trial-day-14/live-lindsay-clancy-trial-day-14_DCBWoWhsTpA.mp4,/Users/rajeshpmu/Desktop/LegalMemoCMT/data/phase2/clancy/corpus/raw/live-lindsay-clancy-trial-day-14/live-lindsay-clancy-trial-day-14_DCBWoWhsTpA.wav,/Users/rajeshpmu/Desktop/LegalMemoCMT/data/processed/phase2/clancy/turn_clips/video/DCBWoWhsTpA/DCBWoWhsTpA_turn05984.mp4,/Users/rajeshpmu/Desktop/LegalMemoCMT/data/processed/phase2/clancy/turn_clips/audio/DCBWoWhsTpA/DCBWoWhsTpA_turn05984.wav,1204.620,1214.431,9.811,created,00:20:04.620,00:20:14.431,0.000,default_zero,SPEAKER_18,2.666,pyannote/speaker-diarization-3.1,Witness,manual_verified_diarization,HIGH,YES,SPEAKING,Witness,YES,Witness 15 identified by manual audio/video review,INCLUDE,,YES,speaker_role=Witness,split_dev;usable,"usable because speaker_role=Witness, witness_speaking_status=SPEAKING, clip_status=created, duration=9.811s, and source is not excluded",YES,0.60,HIGH,manual_clip_review,HUMAN_VERIFIED,neutral,0.479693,1.075443,"{""anger"": 0.0547, ""disgust"": 0.005483, ""fear"": 0.026484, ""joy"": 0.015492, ""neutral"": 0.479693, ""sadness"": 0.416596, ""surprise"": 0.001552}",/Users/rajeshpmu/Desktop/LegalMemoCMT/results/paper_aligned_meld_cv/cmt_min/fold_2/best_model.pt,phase1_meld_checkpoint_pseudo_label,"audio,text","audio,text,video","{""audio_dim"": 128, ""audio_model_name"": ""facebook/hubert-base-ls960"", ""dropout"": 0.1, ""encoder_mode"": ""paper"", ""freeze_audio_backbone"": true, ""freeze_text_backbone"": true, ""fusion_dim"": 256, ""fusion_pooling"": ""min"", ""max_audio_len"": 256, ""max_text_len"": 128, ""max_video_len"": 32, ""num_classes"": 7, ""num_heads"": 4, ""num_layers"": 2, ""text_dim"": 256, ""text_model_name"": ""bert-base-uncased"", ""use_video"": false, ""video_dim"": 128, ""vocab_size"": 30000}"
DCBWoWhsTpA_turn05986,DCBWoWhsTpA_turn05986,DCBWoWhsTpA,https://www.youtube.com/live/DCBWoWhsTpA,LIVE: Lindsay Clancy trial Day 14,full_trial_stream,5,/Users/rajeshpmu/Desktop/LegalMemoCMT/data/phase2/clancy/corpus/raw/live-lindsay-clancy-trial-day-14/live-lindsay-clancy-trial-day-14_DCBWoWhsTpA.en.vtt,/Users/rajeshpmu/Desktop/LegalMemoCMT/data/processed/phase2/clancy/turn_clips/video/DCBWoWhsTpA/DCBWoWhsTpA_turn05986.mp4,/Users/rajeshpmu/Desktop/LegalMemoCMT/data/processed/phase2/clancy/turn_clips/audio/DCBWoWhsTpA/DCBWoWhsTpA_turn05986.wav,DCBWoWhsTpA,group_by_youtube_id,dev,neutral,text_keyword_heuristic,LOW,NO,neutral default,YES,Correct. Yes. Uh if there is uh movement which the device can mistake for steps at the same time as uh the incline is being driven then that could uh could accidentally record a flight plan.,Correct. Yes. Uh if there is uh movement which the device can mistake for steps at the same time as uh the incline is being driven then that could uh could accidentally record a flight plan.,00:20:17.943,00:20:30.326,12.383,12.383,marker,MEDIUM,1,11,"DCBWoWhsTpA_utt00917#p02,DCBWoWhsTpA_utt00918#p01,DCBWoWhsTpA_utt00919#p01,DCBWoWhsTpA_utt00920#p01,DCBWoWhsTpA_utt00921#p01,DCBWoWhsTpA_utt00922#p01,DCBWoWhsTpA_utt00923#p01,DCBWoWhsTpA_utt00924#p01,DCBWoWhsTpA_utt00925#p01,DCBWoWhsTpA_utt00926#p01,DCBWoWhsTpA_utt00927#p01","DCBWoWhsTpA_utt00917,DCBWoWhsTpA_utt00918,DCBWoWhsTpA_utt00919,DCBWoWhsTpA_utt00920,DCBWoWhsTpA_utt00921,DCBWoWhsTpA_utt00922,DCBWoWhsTpA_utt00923,DCBWoWhsTpA_utt00924,DCBWoWhsTpA_utt00925,DCBWoWhsTpA_utt00926,DCBWoWhsTpA_utt00927",11,/Users/rajeshpmu/Desktop/LegalMemoCMT/data/phase2/clancy/corpus/raw/live-lindsay-clancy-trial-day-14/live-lindsay-clancy-trial-day-14_DCBWoWhsTpA.mp4,/Users/rajeshpmu/Desktop/LegalMemoCMT/data/phase2/clancy/corpus/raw/live-lindsay-clancy-trial-day-14/live-lindsay-clancy-trial-day-14_DCBWoWhsTpA.wav,/Users/rajeshpmu/Desktop/LegalMemoCMT/data/processed/phase2/clancy/turn_clips/video/DCBWoWhsTpA/DCBWoWhsTpA_turn05986.mp4,/Users/rajeshpmu/Desktop/LegalMemoCMT/data/processed/phase2/clancy/turn_clips/audio/DCBWoWhsTpA/DCBWoWhsTpA_turn05986.wav,1217.943,1230.326,12.383,created,00:20:17.943,00:20:30.326,0.000,default_zero,SPEAKER_18,11.212,pyannote/speaker-diarization-3.1,Witness,manual_verified_diarization,HIGH,YES,SPEAKING,Witness,YES,Witness 15 identified by manual audio/video review,INCLUDE,,YES,speaker_role=Witness,split_dev;usable,"usable because speaker_role=Witness, witness_speaking_status=SPEAKING, clip_status=created, duration=12.383s, and source is not excluded",YES,0.60,HIGH,manual_clip_review,HUMAN_VERIFIED,neutral,0.904429,0.439241,"{""anger"": 0.038361, ""disgust"": 0.002601, ""fear"": 0.003418, ""joy"": 0.01248, ""neutral"": 0.904429, ""sadness"": 0.036725, ""surprise"": 0.001986}",/Users/rajeshpmu/Desktop/LegalMemoCMT/results/paper_aligned_meld_cv/cmt_min/fold_2/best_model.pt,phase1_meld_checkpoint_pseudo_label,"audio,text","audio,text,video","{""audio_dim"": 128, ""audio_model_name"": ""facebook/hubert-base-ls960"", ""dropout"": 0.1, ""encoder_mode"": ""paper"", ""freeze_audio_backbone"": true, ""freeze_text_backbone"": true, ""fusion_dim"": 256, ""fusion_pooling"": ""min"", ""max_audio_len"": 256, ""max_text_len"": 128, ""max_video_len"": 32, ""num_classes"": 7, ""num_heads"": 4, ""num_layers"": 2, ""text_dim"": 256, ""text_model_name"": ""bert-base-uncased"", ""use_video"": false, ""video_dim"": 128, ""vocab_size"": 30000}"
DCBWoWhsTpA_turn05988,DCBWoWhsTpA_turn05988,DCBWoWhsTpA,https://www.youtube.com/live/DCBWoWhsTpA,LIVE: Lindsay Clancy trial Day 14,full_trial_stream,5,/Users/rajeshpmu/Desktop/LegalMemoCMT/data/phase2/clancy/corpus/raw/live-lindsay-clancy-trial-day-14/live-lindsay-clancy-trial-day-14_DCBWoWhsTpA.en.vtt,/Users/rajeshpmu/Desktop/LegalMemoCMT/data/processed/phase2/clancy/turn_clips/video/DCBWoWhsTpA/DCBWoWhsTpA_turn05988.mp4,/Users/rajeshpmu/Desktop/LegalMemoCMT/data/processed/phase2/clancy/turn_clips/audio/DCBWoWhsTpA/DCBWoWhsTpA_turn05988.wav,DCBWoWhsTpA,group_by_youtube_id,dev,neutral,text_keyword_heuristic,LOW,NO,neutral default,YES,Correct. If if the person is in a house uh and there are flight climbs being recorded then the only rational explanation is that the person was climbing stairs.,Correct. If if the person is in a house uh and there are flight climbs being recorded then the only rational explanation is that the person was climbing stairs.,00:20:39.671,00:20:53.909,14.238,14.238,marker,MEDIUM,1,9,"DCBWoWhsTpA_utt00935#p02,DCBWoWhsTpA_utt00936#p01,DCBWoWhsTpA_utt00937#p01,DCBWoWhsTpA_utt00938#p01,DCBWoWhsTpA_utt00939#p01,DCBWoWhsTpA_utt00940#p01,DCBWoWhsTpA_utt00941#p01,DCBWoWhsTpA_utt00942#p01,DCBWoWhsTpA_utt00943#p01","DCBWoWhsTpA_utt00935,DCBWoWhsTpA_utt00936,DCBWoWhsTpA_utt00937,DCBWoWhsTpA_utt00938,DCBWoWhsTpA_utt00939,DCBWoWhsTpA_utt00940,DCBWoWhsTpA_utt00941,DCBWoWhsTpA_utt00942,DCBWoWhsTpA_utt00943",9,/Users/rajeshpmu/Desktop/LegalMemoCMT/data/phase2/clancy/corpus/raw/live-lindsay-clancy-trial-day-14/live-lindsay-clancy-trial-day-14_DCBWoWhsTpA.mp4,/Users/rajeshpmu/Desktop/LegalMemoCMT/data/phase2/clancy/corpus/raw/live-lindsay-clancy-trial-day-14/live-lindsay-clancy-trial-day-14_DCBWoWhsTpA.wav,/Users/rajeshpmu/Desktop/LegalMemoCMT/data/processed/phase2/clancy/turn_clips/video/DCBWoWhsTpA/DCBWoWhsTpA_turn05988.mp4,/Users/rajeshpmu/Desktop/LegalMemoCMT/data/processed/phase2/clancy/turn_clips/audio/DCBWoWhsTpA/DCBWoWhsTpA_turn05988.wav,1239.671,1253.909,14.238,created,00:20:39.671,00:20:53.909,0.000,default_zero,SPEAKER_18,9.296,pyannote/speaker-diarization-3.1,Witness,manual_verified_diarization,HIGH,YES,SPEAKING,Witness,YES,Witness 15 identified by manual audio/video review,INCLUDE,,YES,speaker_role=Witness,split_dev;usable,"usable because speaker_role=Witness, witness_speaking_status=SPEAKING, clip_status=created, duration=14.238s, and source is not excluded",YES,0.60,HIGH,manual_clip_review,HUMAN_VERIFIED,neutral,0.888017,0.521761,"{""anger"": 0.035457, ""disgust"": 0.037173, ""fear"": 0.010325, ""joy"": 0.018509, ""neutral"": 0.888017, ""sadness"": 0.007221, ""surprise"": 0.003298}",/Users/rajeshpmu/Desktop/LegalMemoCMT/results/paper_aligned_meld_cv/cmt_min/fold_2/best_model.pt,phase1_meld_checkpoint_pseudo_label,"audio,text","audio,text,video","{""audio_dim"": 128, ""audio_model_name"": ""facebook/hubert-base-ls960"", ""dropout"": 0.1, ""encoder_mode"": ""paper"", ""freeze_audio_backbone"": true, ""freeze_text_backbone"": true, ""fusion_dim"": 256, ""fusion_pooling"": ""min"", ""max_audio_len"": 256, ""max_text_len"": 128, ""max_video_len"": 32, ""num_classes"": 7, ""num_heads"": 4, ""num_layers"": 2, ""text_dim"": 256, ""text_model_name"": ""bert-base-uncased"", ""use_video"": false, ""video_dim"": 128, ""vocab_size"": 30000}"
DCBWoWhsTpA_turn05994,DCBWoWhsTpA_turn05994,DCBWoWhsTpA,https://www.youtube.com/live/DCBWoWhsTpA,LIVE: Lindsay Clancy trial Day 14,full_trial_stream,5,/Users/rajeshpmu/Desktop/LegalMemoCMT/data/phase2/clancy/corpus/raw/live-lindsay-clancy-trial-day-14/live-lindsay-clancy-trial-day-14_DCBWoWhsTpA.en.vtt,/Users/rajeshpmu/Desktop/LegalMemoCMT/data/processed/phase2/clancy/turn_clips/video/DCBWoWhsTpA/DCBWoWhsTpA_turn05994.mp4,/Users/rajeshpmu/Desktop/LegalMemoCMT/data/processed/phase2/clancy/turn_clips/audio/DCBWoWhsTpA/DCBWoWhsTpA_turn05994.wav,DCBWoWhsTpA,group_by_youtube_id,dev,neutral,text_keyword_heuristic,LOW,NO,neutral default,YES,"Correct. So this is further down the screen in the uh interface where we can see an actual time of 101727 where there's two flights climbed. Uh and again another record at 101728 where there are two flights climbed and then a further flight climb at 10:49. And then going down to the bottom here, this table, what are we seeing here in this table?","Correct. So this is further down the screen in the uh interface where we can see an actual time of 101727 where there's two flights climbed. Uh and again another record at 101728 where there are two flights climbed and then a further flight climb at 10:49. And then going down to the bottom here, this table, what are we seeing here in this table?",00:22:30.811,00:22:58.682,27.871,27.871,marker,MEDIUM,1,21,"DCBWoWhsTpA_utt01023#p02,DCBWoWhsTpA_utt01024#p01,DCBWoWhsTpA_utt01025#p01,DCBWoWhsTpA_utt01026#p01,DCBWoWhsTpA_utt01027#p01,DCBWoWhsTpA_utt01028#p01,DCBWoWhsTpA_utt01029#p01,DCBWoWhsTpA_utt01030#p01,DCBWoWhsTpA_utt01031#p01,DCBWoWhsTpA_utt01032#p01,DCBWoWhsTpA_utt01033#p01,DCBWoWhsTpA_utt01034#p01,DCBWoWhsTpA_utt01035#p01,DCBWoWhsTpA_utt01036#p01,DCBWoWhsTpA_utt01037#p01,DCBWoWhsTpA_utt01038#p01,DCBWoWhsTpA_utt01039#p01,DCBWoWhsTpA_utt01040#p01,DCBWoWhsTpA_utt01041#p01,DCBWoWhsTpA_utt01042#p01,DCBWoWhsTpA_utt01043#p01","DCBWoWhsTpA_utt01023,DCBWoWhsTpA_utt01024,DCBWoWhsTpA_utt01025,DCBWoWhsTpA_utt01026,DCBWoWhsTpA_utt01027,DCBWoWhsTpA_utt01028,DCBWoWhsTpA_utt01029,DCBWoWhsTpA_utt01030,DCBWoWhsTpA_utt01031,DCBWoWhsTpA_utt01032,DCBWoWhsTpA_utt01033,DCBWoWhsTpA_utt01034,DCBWoWhsTpA_utt01035,DCBWoWhsTpA_utt01036,DCBWoWhsTpA_utt01037,DCBWoWhsTpA_utt01038,DCBWoWhsTpA_utt01039,DCBWoWhsTpA_utt01040,DCBWoWhsTpA_utt01041,DCBWoWhsTpA_utt01042,DCBWoWhsTpA_utt01043",21,/Users/rajeshpmu/Desktop/LegalMemoCMT/data/phase2/clancy/corpus/raw/live-lindsay-clancy-trial-day-14/live-lindsay-clancy-trial-day-14_DCBWoWhsTpA.mp4,/Users/rajeshpmu/Desktop/LegalMemoCMT/data/phase2/clancy/corpus/raw/live-lindsay-clancy-trial-day-14/live-lindsay-clancy-trial-day-14_DCBWoWhsTpA.wav,/Users/rajeshpmu/Desktop/LegalMemoCMT/data/processed/phase2/clancy/turn_clips/video/DCBWoWhsTpA/DCBWoWhsTpA_turn05994.mp4,/Users/rajeshpmu/Desktop/LegalMemoCMT/data/processed/phase2/clancy/turn_clips/audio/DCBWoWhsTpA/DCBWoWhsTpA_turn05994.wav,1350.811,1378.682,27.871,created,00:22:30.811,00:22:58.682,0.000,default_zero,SPEAKER_18,15.120,pyannote/speaker-diarization-3.1,Witness,manual_verified_diarization,HIGH,YES,SPEAKING,Witness,YES,Witness 15 identified by manual audio/video review,INCLUDE,,YES,speaker_role=Witness,split_dev;usable,"usable because speaker_role=Witness, witness_speaking_status=SPEAKING, clip_status=created, duration=27.871s, and source is not excluded",YES,0.60,HIGH,manual_clip_review,HUMAN_VERIFIED,neutral,0.905721,0.456572,"{""anger"": 0.033962, ""disgust"": 0.022073, ""fear"": 0.00744, ""joy"": 0.019422, ""neutral"": 0.905721, ""sadness"": 0.01016, ""surprise"": 0.001221}",/Users/rajeshpmu/Desktop/LegalMemoCMT/results/paper_aligned_meld_cv/cmt_min/fold_2/best_model.pt,phase1_meld_checkpoint_pseudo_label,"audio,text","audio,text,video","{""audio_dim"": 128, ""audio_model_name"": ""facebook/hubert-base-ls960"", ""dropout"": 0.1, ""encoder_mode"": ""paper"", ""freeze_audio_backbone"": true, ""freeze_text_backbone"": true, ""fusion_dim"": 256, ""fusion_pooling"": ""min"", ""max_audio_len"": 256, ""max_text_len"": 128, ""max_video_len"": 32, ""num_classes"": 7, ""num_heads"": 4, ""num_layers"": 2, ""text_dim"": 256, ""text_model_name"": ""bert-base-uncased"", ""use_video"": false, ""video_dim"": 128, ""vocab_size"": 30000}"
DCBWoWhsTpA_turn05999,DCBWoWhsTpA_turn05999,DCBWoWhsTpA,https://www.youtube.com/live/DCBWoWhsTpA,LIVE: Lindsay Clancy trial Day 14,full_trial_stream,5,/Users/rajeshpmu/Desktop/LegalMemoCMT/data/phase2/clancy/corpus/raw/live-lindsay-clancy-trial-day-14/live-lindsay-clancy-trial-day-14_DCBWoWhsTpA.en.vtt,/Users/rajeshpmu/Desktop/LegalMemoCMT/data/processed/phase2/clancy/turn_clips/video/DCBWoWhsTpA/DCBWoWhsTpA_turn05999.mp4,/Users/rajeshpmu/Desktop/LegalMemoCMT/data/processed/phase2/clancy/turn_clips/audio/DCBWoWhsTpA/DCBWoWhsTpA_turn05999.wav,DCBWoWhsTpA,group_by_youtube_id,dev,neutral,text_keyword_heuristic,LOW,NO,neutral default,YES,"I did. I tried to uh correlate and discard all of the duplicate information. So where there was an event of uh a flight climb that was recorded on the watch and the phone uh rather than provide information that said there was two flight climbs, I would ignore one of them uh and limit it to just the ones which we could prove happened.","I did. I tried to uh correlate and discard all of the duplicate information. So where there was an event of uh a flight climb that was recorded on the watch and the phone uh rather than provide information that said there was two flight climbs, I would ignore one of them uh and limit it to just the ones which we could prove happened.",00:24:37.700,00:24:57.293,19.593,19.593,marker,MEDIUM,1,19,"DCBWoWhsTpA_utt01121#p02,DCBWoWhsTpA_utt01122#p01,DCBWoWhsTpA_utt01123#p01,DCBWoWhsTpA_utt01124#p01,DCBWoWhsTpA_utt01125#p01,DCBWoWhsTpA_utt01126#p01,DCBWoWhsTpA_utt01127#p01,DCBWoWhsTpA_utt01128#p01,DCBWoWhsTpA_utt01129#p01,DCBWoWhsTpA_utt01130#p01,DCBWoWhsTpA_utt01131#p01,DCBWoWhsTpA_utt01132#p01,DCBWoWhsTpA_utt01133#p01,DCBWoWhsTpA_utt01134#p01,DCBWoWhsTpA_utt01135#p01,DCBWoWhsTpA_utt01136#p01,DCBWoWhsTpA_utt01137#p01,DCBWoWhsTpA_utt01138#p01,DCBWoWhsTpA_utt01139#p01","DCBWoWhsTpA_utt01121,DCBWoWhsTpA_utt01122,DCBWoWhsTpA_utt01123,DCBWoWhsTpA_utt01124,DCBWoWhsTpA_utt01125,DCBWoWhsTpA_utt01126,DCBWoWhsTpA_utt01127,DCBWoWhsTpA_utt01128,DCBWoWhsTpA_utt01129,DCBWoWhsTpA_utt01130,DCBWoWhsTpA_utt01131,DCBWoWhsTpA_utt01132,DCBWoWhsTpA_utt01133,DCBWoWhsTpA_utt01134,DCBWoWhsTpA_utt01135,DCBWoWhsTpA_utt01136,DCBWoWhsTpA_utt01137,DCBWoWhsTpA_utt01138,DCBWoWhsTpA_utt01139",19,/Users/rajeshpmu/Desktop/LegalMemoCMT/data/phase2/clancy/corpus/raw/live-lindsay-clancy-trial-day-14/live-lindsay-clancy-trial-day-14_DCBWoWhsTpA.mp4,/Users/rajeshpmu/Desktop/LegalMemoCMT/data/phase2/clancy/corpus/raw/live-lindsay-clancy-trial-day-14/live-lindsay-clancy-trial-day-14_DCBWoWhsTpA.wav,/Users/rajeshpmu/Desktop/LegalMemoCMT/data/processed/phase2/clancy/turn_clips/video/DCBWoWhsTpA/DCBWoWhsTpA_turn05999.mp4,/Users/rajeshpmu/Desktop/LegalMemoCMT/data/processed/phase2/clancy/turn_clips/audio/DCBWoWhsTpA/DCBWoWhsTpA_turn05999.wav,1477.700,1497.293,19.593,created,00:24:37.700,00:24:57.293,0.000,default_zero,SPEAKER_18,13.500,pyannote/speaker-diarization-3.1,Witness,manual_verified_diarization,HIGH,YES,SPEAKING,Witness,YES,Witness 15 identified by manual audio/video review,INCLUDE,,YES,speaker_role=Witness,split_dev;usable,"usable because speaker_role=Witness, witness_speaking_status=SPEAKING, clip_status=created, duration=19.593s, and source is not excluded",YES,0.60,HIGH,manual_clip_review,HUMAN_VERIFIED,neutral,0.929592,0.355234,"{""anger"": 0.022353, ""disgust"": 0.003353, ""fear"": 0.004043, ""joy"": 0.027388, ""neutral"": 0.929592, ""sadness"": 0.011547, ""surprise"": 0.001724}",/Users/rajeshpmu/Desktop/LegalMemoCMT/results/paper_aligned_meld_cv/cmt_min/fold_2/best_model.pt,phase1_meld_checkpoint_pseudo_label,"audio,text","audio,text,video","{""audio_dim"": 128, ""audio_model_name"": ""facebook/hubert-base-ls960"", ""dropout"": 0.1, ""encoder_mode"": ""paper"", ""freeze_audio_backbone"": true, ""freeze_text_backbone"": true, ""fusion_dim"": 256, ""fusion_pooling"": ""min"", ""max_audio_len"": 256, ""max_text_len"": 128, ""max_video_len"": 32, ""num_classes"": 7, ""num_heads"": 4, ""num_layers"": 2, ""text_dim"": 256, ""text_model_name"": ""bert-base-uncased"", ""use_video"": false, ""video_dim"": 128, ""vocab_size"": 30000}"
DCBWoWhsTpA_turn06002,DCBWoWhsTpA_turn06002,DCBWoWhsTpA,https://www.youtube.com/live/DCBWoWhsTpA,LIVE: Lindsay Clancy trial Day 14,full_trial_stream,5,/Users/rajeshpmu/Desktop/LegalMemoCMT/data/phase2/clancy/corpus/raw/live-lindsay-clancy-trial-day-14/live-lindsay-clancy-trial-day-14_DCBWoWhsTpA.en.vtt,/Users/rajeshpmu/Desktop/LegalMemoCMT/data/processed/phase2/clancy/turn_clips/video/DCBWoWhsTpA/DCBWoWhsTpA_turn06002.mp4,/Users/rajeshpmu/Desktop/LegalMemoCMT/data/processed/phase2/clancy/turn_clips/audio/DCBWoWhsTpA/DCBWoWhsTpA_turn06002.wav,DCBWoWhsTpA,group_by_youtube_id,dev,neutral,text_keyword_heuristic,LOW,NO,neutral default,YES,It does. It shows that there was additional flight climb events logged by the phone which were not logged by the watch. uh at 1703 and 1733.,It does. It shows that there was additional flight climb events logged by the phone which were not logged by the watch. uh at 1703 and 1733.,00:25:27.776,00:25:39.447,11.671,11.671,marker,MEDIUM,1,9,"DCBWoWhsTpA_utt01159#p02,DCBWoWhsTpA_utt01160#p01,DCBWoWhsTpA_utt01161#p01,DCBWoWhsTpA_utt01162#p01,DCBWoWhsTpA_utt01163#p01,DCBWoWhsTpA_utt01164#p01,DCBWoWhsTpA_utt01165#p01,DCBWoWhsTpA_utt01166#p01,DCBWoWhsTpA_utt01167#p01","DCBWoWhsTpA_utt01159,DCBWoWhsTpA_utt01160,DCBWoWhsTpA_utt01161,DCBWoWhsTpA_utt01162,DCBWoWhsTpA_utt01163,DCBWoWhsTpA_utt01164,DCBWoWhsTpA_utt01165,DCBWoWhsTpA_utt01166,DCBWoWhsTpA_utt01167",9,/Users/rajeshpmu/Desktop/LegalMemoCMT/data/phase2/clancy/corpus/raw/live-lindsay-clancy-trial-day-14/live-lindsay-clancy-trial-day-14_DCBWoWhsTpA.mp4,/Users/rajeshpmu/Desktop/LegalMemoCMT/data/phase2/clancy/corpus/raw/live-lindsay-clancy-trial-day-14/live-lindsay-clancy-trial-day-14_DCBWoWhsTpA.wav,/Users/rajeshpmu/Desktop/LegalMemoCMT/data/processed/phase2/clancy/turn_clips/video/DCBWoWhsTpA/DCBWoWhsTpA_turn06002.mp4,/Users/rajeshpmu/Desktop/LegalMemoCMT/data/processed/phase2/clancy/turn_clips/audio/DCBWoWhsTpA/DCBWoWhsTpA_turn06002.wav,1527.776,1539.447,11.671,created,00:25:27.776,00:25:39.447,0.000,default_zero,SPEAKER_18,9.399,pyannote/speaker-diarization-3.1,Witness,manual_verified_diarization,HIGH,YES,SPEAKING,Witness,YES,Witness 15 identified by manual audio/video review,INCLUDE,,YES,speaker_role=Witness,split_dev;usable,"usable because speaker_role=Witness, witness_speaking_status=SPEAKING, clip_status=created, duration=11.671s, and source is not excluded",YES,0.60,HIGH,manual_clip_review,HUMAN_VERIFIED,neutral,0.885397,0.540574,"{""anger"": 0.027954, ""disgust"": 0.0303, ""fear"": 0.014645, ""joy"": 0.02651, ""neutral"": 0.885397, ""sadness"": 0.013576, ""surprise"": 0.001618}",/Users/rajeshpmu/Desktop/LegalMemoCMT/results/paper_aligned_meld_cv/cmt_min/fold_2/best_model.pt,phase1_meld_checkpoint_pseudo_label,"audio,text","audio,text,video","{""audio_dim"": 128, ""audio_model_name"": ""facebook/hubert-base-ls960"", ""dropout"": 0.1, ""encoder_mode"": ""paper"", ""freeze_audio_backbone"": true, ""freeze_text_backbone"": true, ""fusion_dim"": 256, ""fusion_pooling"": ""min"", ""max_audio_len"": 256, ""max_text_len"": 128, ""max_video_len"": 32, ""num_classes"": 7, ""num_heads"": 4, ""num_layers"": 2, ""text_dim"": 256, ""text_model_name"": ""bert-base-uncased"", ""use_video"": false, ""video_dim"": 128, ""vocab_size"": 30000}"
DCBWoWhsTpA_turn06007,DCBWoWhsTpA_turn06007,DCBWoWhsTpA,https://www.youtube.com/live/DCBWoWhsTpA,LIVE: Lindsay Clancy trial Day 14,full_trial_stream,5,/Users/rajeshpmu/Desktop/LegalMemoCMT/data/phase2/clancy/corpus/raw/live-lindsay-clancy-trial-day-14/live-lindsay-clancy-trial-day-14_DCBWoWhsTpA.en.vtt,/Users/rajeshpmu/Desktop/LegalMemoCMT/data/processed/phase2/clancy/turn_clips/video/DCBWoWhsTpA/DCBWoWhsTpA_turn06007.mp4,/Users/rajeshpmu/Desktop/LegalMemoCMT/data/processed/phase2/clancy/turn_clips/audio/DCBWoWhsTpA/DCBWoWhsTpA_turn06007.wav,DCBWoWhsTpA,group_by_youtube_id,dev,neutral,text_keyword_heuristic,LOW,NO,neutral default,YES,Correct. There tends to be around a 10m minute uh window where it tries to to check every 10 minutes. uh but it can reduce that window uh in a case like this where it sees that there's group data within a smaller time period.,Correct. There tends to be around a 10m minute uh window where it tries to to check every 10 minutes. uh but it can reduce that window uh in a case like this where it sees that there's group data within a smaller time period.,00:26:58.248,00:27:12.830,14.582,14.582,marker,MEDIUM,1,13,"DCBWoWhsTpA_utt01231#p02,DCBWoWhsTpA_utt01232#p01,DCBWoWhsTpA_utt01233#p01,DCBWoWhsTpA_utt01234#p01,DCBWoWhsTpA_utt01235#p01,DCBWoWhsTpA_utt01236#p01,DCBWoWhsTpA_utt01237#p01,DCBWoWhsTpA_utt01238#p01,DCBWoWhsTpA_utt01239#p01,DCBWoWhsTpA_utt01240#p01,DCBWoWhsTpA_utt01241#p01,DCBWoWhsTpA_utt01242#p01,DCBWoWhsTpA_utt01243#p01","DCBWoWhsTpA_utt01231,DCBWoWhsTpA_utt01232,DCBWoWhsTpA_utt01233,DCBWoWhsTpA_utt01234,DCBWoWhsTpA_utt01235,DCBWoWhsTpA_utt01236,DCBWoWhsTpA_utt01237,DCBWoWhsTpA_utt01238,DCBWoWhsTpA_utt01239,DCBWoWhsTpA_utt01240,DCBWoWhsTpA_utt01241,DCBWoWhsTpA_utt01242,DCBWoWhsTpA_utt01243",13,/Users/rajeshpmu/Desktop/LegalMemoCMT/data/phase2/clancy/corpus/raw/live-lindsay-clancy-trial-day-14/live-lindsay-clancy-trial-day-14_DCBWoWhsTpA.mp4,/Users/rajeshpmu/Desktop/LegalMemoCMT/data/phase2/clancy/corpus/raw/live-lindsay-clancy-trial-day-14/live-lindsay-clancy-trial-day-14_DCBWoWhsTpA.wav,/Users/rajeshpmu/Desktop/LegalMemoCMT/data/processed/phase2/clancy/turn_clips/video/DCBWoWhsTpA/DCBWoWhsTpA_turn06007.mp4,/Users/rajeshpmu/Desktop/LegalMemoCMT/data/processed/phase2/clancy/turn_clips/audio/DCBWoWhsTpA/DCBWoWhsTpA_turn06007.wav,1618.248,1632.830,14.582,created,00:26:58.248,00:27:12.830,0.000,default_zero,SPEAKER_18,7.774,pyannote/speaker-diarization-3.1,Witness,manual_verified_diarization,HIGH,YES,SPEAKING,Witness,YES,Witness 15 identified by manual audio/video review,INCLUDE,,YES,speaker_role=Witness,split_dev;usable,"usable because speaker_role=Witness, witness_speaking_status=SPEAKING, clip_status=created, duration=14.582s, and source is not excluded",YES,0.60,HIGH,manual_clip_review,HUMAN_VERIFIED,neutral,0.894762,0.475147,"{""anger"": 0.026264, ""disgust"": 0.00328, ""fear"": 0.00499, ""joy"": 0.054431, ""neutral"": 0.894762, ""sadness"": 0.011975, ""surprise"": 0.004299}",/Users/rajeshpmu/Desktop/LegalMemoCMT/results/paper_aligned_meld_cv/cmt_min/fold_2/best_model.pt,phase1_meld_checkpoint_pseudo_label,"audio,text","audio,text,video","{""audio_dim"": 128, ""audio_model_name"": ""facebook/hubert-base-ls960"", ""dropout"": 0.1, ""encoder_mode"": ""paper"", ""freeze_audio_backbone"": true, ""freeze_text_backbone"": true, ""fusion_dim"": 256, ""fusion_pooling"": ""min"", ""max_audio_len"": 256, ""max_text_len"": 128, ""max_video_len"": 32, ""num_classes"": 7, ""num_heads"": 4, ""num_layers"": 2, ""text_dim"": 256, ""text_model_name"": ""bert-base-uncased"", ""use_video"": false, ""video_dim"": 128, ""vocab_size"": 30000}"
DCBWoWhsTpA_turn06016,DCBWoWhsTpA_turn06016,DCBWoWhsTpA,https://www.youtube.com/live/DCBWoWhsTpA,LIVE: Lindsay Clancy trial Day 14,full_trial_stream,5,/Users/rajeshpmu/Desktop/LegalMemoCMT/data/phase2/clancy/corpus/raw/live-lindsay-clancy-trial-day-14/live-lindsay-clancy-trial-day-14_DCBWoWhsTpA.en.vtt,/Users/rajeshpmu/Desktop/LegalMemoCMT/data/processed/phase2/clancy/turn_clips/video/DCBWoWhsTpA/DCBWoWhsTpA_turn06016.mp4,/Users/rajeshpmu/Desktop/LegalMemoCMT/data/processed/phase2/clancy/turn_clips/audio/DCBWoWhsTpA/DCBWoWhsTpA_turn06016.wav,DCBWoWhsTpA,group_by_youtube_id,dev,neutral,text_keyword_heuristic,LOW,NO,neutral default,YES,"Uh, if I could see the uh the search, please.","Uh, if I could see the uh the search, please.",00:29:51.151,00:29:56.470,5.319,5.319,marker,MEDIUM,1,3,"DCBWoWhsTpA_utt01335#p02,DCBWoWhsTpA_utt01336#p01,DCBWoWhsTpA_utt01337#p01","DCBWoWhsTpA_utt01335,DCBWoWhsTpA_utt01336,DCBWoWhsTpA_utt01337",3,/Users/rajeshpmu/Desktop/LegalMemoCMT/data/phase2/clancy/corpus/raw/live-lindsay-clancy-trial-day-14/live-lindsay-clancy-trial-day-14_DCBWoWhsTpA.mp4,/Users/rajeshpmu/Desktop/LegalMemoCMT/data/phase2/clancy/corpus/raw/live-lindsay-clancy-trial-day-14/live-lindsay-clancy-trial-day-14_DCBWoWhsTpA.wav,/Users/rajeshpmu/Desktop/LegalMemoCMT/data/processed/phase2/clancy/turn_clips/video/DCBWoWhsTpA/DCBWoWhsTpA_turn06016.mp4,/Users/rajeshpmu/Desktop/LegalMemoCMT/data/processed/phase2/clancy/turn_clips/audio/DCBWoWhsTpA/DCBWoWhsTpA_turn06016.wav,1791.151,1796.470,5.319,created,00:29:51.151,00:29:56.470,0.000,default_zero,SPEAKER_18,2.068,pyannote/speaker-diarization-3.1,Witness,manual_verified_diarization,HIGH,YES,SPEAKING,Witness,YES,Witness 15 identified by manual audio/video review,INCLUDE,,YES,speaker_role=Witness,split_dev;usable,"usable because speaker_role=Witness, witness_speaking_status=SPEAKING, clip_status=created, duration=5.319s, and source is not excluded",YES,0.60,HIGH,manual_clip_review,HUMAN_VERIFIED,neutral,0.961263,0.221523,"{""anger"": 0.015648, ""disgust"": 0.001231, ""fear"": 0.004543, ""joy"": 0.009104, ""neutral"": 0.961263, ""sadness"": 0.006945, ""surprise"": 0.001265}",/Users/rajeshpmu/Desktop/LegalMemoCMT/results/paper_aligned_meld_cv/cmt_min/fold_2/best_model.pt,phase1_meld_checkpoint_pseudo_label,"audio,text","audio,text,video","{""audio_dim"": 128, ""audio_model_name"": ""facebook/hubert-base-ls960"", ""dropout"": 0.1, ""encoder_mode"": ""paper"", ""freeze_audio_backbone"": true, ""freeze_text_backbone"": true, ""fusion_dim"": 256, ""fusion_pooling"": ""min"", ""max_audio_len"": 256, ""max_text_len"": 128, ""max_video_len"": 32, ""num_classes"": 7, ""num_heads"": 4, ""num_layers"": 2, ""text_dim"": 256, ""text_model_name"": ""bert-base-uncased"", ""use_video"": false, ""video_dim"": 128, ""vocab_size"": 30000}"
DCBWoWhsTpA_turn06018,DCBWoWhsTpA_turn06018,DCBWoWhsTpA,https://www.youtube.com/live/DCBWoWhsTpA,LIVE: Lindsay Clancy trial Day 14,full_trial_stream,5,/Users/rajeshpmu/Desktop/LegalMemoCMT/data/phase2/clancy/corpus/raw/live-lindsay-clancy-trial-day-14/live-lindsay-clancy-trial-day-14_DCBWoWhsTpA.en.vtt,/Users/rajeshpmu/Desktop/LegalMemoCMT/data/processed/phase2/clancy/turn_clips/video/DCBWoWhsTpA/DCBWoWhsTpA_turn06018.mp4,/Users/rajeshpmu/Desktop/LegalMemoCMT/data/processed/phase2/clancy/turn_clips/audio/DCBWoWhsTpA/DCBWoWhsTpA_turn06018.wav,DCBWoWhsTpA,group_by_youtube_id,dev,neutral,text_keyword_heuristic,LOW,NO,neutral default,YES,"Well, butrin, thank you. Uh, [clears throat] work for depression Google search is the title uh of the page which Google assigns.","Well, butrin, thank you. Uh, [clears throat] work for depression Google search is the title uh of the page which Google assigns.",00:30:57.628,00:31:05.356,7.728,7.728,marker,MEDIUM,1,9,"DCBWoWhsTpA_utt01373#p02,DCBWoWhsTpA_utt01374#p01,DCBWoWhsTpA_utt01375#p01,DCBWoWhsTpA_utt01376#p01,DCBWoWhsTpA_utt01377#p01,DCBWoWhsTpA_utt01378#p01,DCBWoWhsTpA_utt01379#p01,DCBWoWhsTpA_utt01380#p01,DCBWoWhsTpA_utt01381#p01","DCBWoWhsTpA_utt01373,DCBWoWhsTpA_utt01374,DCBWoWhsTpA_utt01375,DCBWoWhsTpA_utt01376,DCBWoWhsTpA_utt01377,DCBWoWhsTpA_utt01378,DCBWoWhsTpA_utt01379,DCBWoWhsTpA_utt01380,DCBWoWhsTpA_utt01381",9,/Users/rajeshpmu/Desktop/LegalMemoCMT/data/phase2/clancy/corpus/raw/live-lindsay-clancy-trial-day-14/live-lindsay-clancy-trial-day-14_DCBWoWhsTpA.mp4,/Users/rajeshpmu/Desktop/LegalMemoCMT/data/phase2/clancy/corpus/raw/live-lindsay-clancy-trial-day-14/live-lindsay-clancy-trial-day-14_DCBWoWhsTpA.wav,/Users/rajeshpmu/Desktop/LegalMemoCMT/data/processed/phase2/clancy/turn_clips/video/DCBWoWhsTpA/DCBWoWhsTpA_turn06018.mp4,/Users/rajeshpmu/Desktop/LegalMemoCMT/data/processed/phase2/clancy/turn_clips/audio/DCBWoWhsTpA/DCBWoWhsTpA_turn06018.wav,1857.628,1865.356,7.728,created,00:30:57.628,00:31:05.356,0.000,default_zero,SPEAKER_18,3.800,pyannote/speaker-diarization-3.1,Witness,manual_verified_diarization,HIGH,YES,SPEAKING,Witness,YES,Witness 15 identified by manual audio/video review,INCLUDE,,YES,speaker_role=Witness,split_dev;usable,"usable because speaker_role=Witness, witness_speaking_status=SPEAKING, clip_status=created, duration=7.728s, and source is not excluded",YES,0.60,HIGH,manual_clip_review,HUMAN_VERIFIED,neutral,0.866274,0.565158,"{""anger"": 0.071581, ""disgust"": 0.004611, ""fear"": 0.010745, ""joy"": 0.034572, ""neutral"": 0.866274, ""sadness"": 0.006794, ""surprise"": 0.005423}",/Users/rajeshpmu/Desktop/LegalMemoCMT/results/paper_aligned_meld_cv/cmt_min/fold_2/best_model.pt,phase1_meld_checkpoint_pseudo_label,"audio,text","audio,text,video","{""audio_dim"": 128, ""audio_model_name"": ""facebook/hubert-base-ls960"", ""dropout"": 0.1, ""encoder_mode"": ""paper"", ""freeze_audio_backbone"": true, ""freeze_text_backbone"": true, ""fusion_dim"": 256, ""fusion_pooling"": ""min"", ""max_audio_len"": 256, ""max_text_len"": 128, ""max_video_len"": 32, ""num_classes"": 7, ""num_heads"": 4, ""num_layers"": 2, ""text_dim"": 256, ""text_model_name"": ""bert-base-uncased"", ""use_video"": false, ""video_dim"": 128, ""vocab_size"": 30000}"
DCBWoWhsTpA_turn06020,DCBWoWhsTpA_turn06020,DCBWoWhsTpA,https://www.youtube.com/live/DCBWoWhsTpA,LIVE: Lindsay Clancy trial Day 14,full_trial_stream,5,/Users/rajeshpmu/Desktop/LegalMemoCMT/data/phase2/clancy/corpus/raw/live-lindsay-clancy-trial-day-14/live-lindsay-clancy-trial-day-14_DCBWoWhsTpA.en.vtt,/Users/rajeshpmu/Desktop/LegalMemoCMT/data/processed/phase2/clancy/turn_clips/video/DCBWoWhsTpA/DCBWoWhsTpA_turn06020.mp4,/Users/rajeshpmu/Desktop/LegalMemoCMT/data/processed/phase2/clancy/turn_clips/audio/DCBWoWhsTpA/DCBWoWhsTpA_turn06020.wav,DCBWoWhsTpA,group_by_youtube_id,dev,neutral,text_keyword_heuristic,LOW,NO,neutral default,YES,"Uh, so that that's part of the attribute. it it's how uh the data is encoded in in a URL or in a a web search. You can't have spaces within this uh address string. So they replace the spaces with the plus s uh plus symbol.","Uh, so that that's part of the attribute. it it's how uh the data is encoded in in a URL or in a a web search. You can't have spaces within this uh address string. So they replace the spaces with the plus s uh plus symbol.",00:31:13.540,00:31:29.518,15.978,15.978,marker,MEDIUM,1,15,"DCBWoWhsTpA_utt01389#p02,DCBWoWhsTpA_utt01390#p01,DCBWoWhsTpA_utt01391#p01,DCBWoWhsTpA_utt01392#p01,DCBWoWhsTpA_utt01393#p01,DCBWoWhsTpA_utt01394#p01,DCBWoWhsTpA_utt01395#p01,DCBWoWhsTpA_utt01396#p01,DCBWoWhsTpA_utt01397#p01,DCBWoWhsTpA_utt01398#p01,DCBWoWhsTpA_utt01399#p01,DCBWoWhsTpA_utt01400#p01,DCBWoWhsTpA_utt01401#p01,DCBWoWhsTpA_utt01402#p01,DCBWoWhsTpA_utt01403#p01","DCBWoWhsTpA_utt01389,DCBWoWhsTpA_utt01390,DCBWoWhsTpA_utt01391,DCBWoWhsTpA_utt01392,DCBWoWhsTpA_utt01393,DCBWoWhsTpA_utt01394,DCBWoWhsTpA_utt01395,DCBWoWhsTpA_utt01396,DCBWoWhsTpA_utt01397,DCBWoWhsTpA_utt01398,DCBWoWhsTpA_utt01399,DCBWoWhsTpA_utt01400,DCBWoWhsTpA_utt01401,DCBWoWhsTpA_utt01402,DCBWoWhsTpA_utt01403",15,/Users/rajeshpmu/Desktop/LegalMemoCMT/data/phase2/clancy/corpus/raw/live-lindsay-clancy-trial-day-14/live-lindsay-clancy-trial-day-14_DCBWoWhsTpA.mp4,/Users/rajeshpmu/Desktop/LegalMemoCMT/data/phase2/clancy/corpus/raw/live-lindsay-clancy-trial-day-14/live-lindsay-clancy-trial-day-14_DCBWoWhsTpA.wav,/Users/rajeshpmu/Desktop/LegalMemoCMT/data/processed/phase2/clancy/turn_clips/video/DCBWoWhsTpA/DCBWoWhsTpA_turn06020.mp4,/Users/rajeshpmu/Desktop/LegalMemoCMT/data/processed/phase2/clancy/turn_clips/audio/DCBWoWhsTpA/DCBWoWhsTpA_turn06020.wav,1873.540,1889.518,15.978,created,00:31:13.540,00:31:29.518,0.000,default_zero,SPEAKER_18,14.483,pyannote/speaker-diarization-3.1,Witness,manual_verified_diarization,HIGH,YES,SPEAKING,Witness,YES,Witness 15 identified by manual audio/video review,INCLUDE,,YES,speaker_role=Witness,split_dev;usable,"usable because speaker_role=Witness, witness_speaking_status=SPEAKING, clip_status=created, duration=15.978s, and source is not excluded",YES,0.60,HIGH,manual_clip_review,HUMAN_VERIFIED,neutral,0.936114,0.330689,"{""anger"": 0.030222, ""disgust"": 0.003823, ""fear"": 0.006913, ""joy"": 0.013471, ""neutral"": 0.936114, ""sadness"": 0.007049, ""surprise"": 0.002409}",/Users/rajeshpmu/Desktop/LegalMemoCMT/results/paper_aligned_meld_cv/cmt_min/fold_2/best_model.pt,phase1_meld_checkpoint_pseudo_label,"audio,text","audio,text,video","{""audio_dim"": 128, ""audio_model_name"": ""facebook/hubert-base-ls960"", ""dropout"": 0.1, ""encoder_mode"": ""paper"", ""freeze_audio_backbone"": true, ""freeze_text_backbone"": true, ""fusion_dim"": 256, ""fusion_pooling"": ""min"", ""max_audio_len"": 256, ""max_text_len"": 128, ""max_video_len"": 32, ""num_classes"": 7, ""num_heads"": 4, ""num_layers"": 2, ""text_dim"": 256, ""text_model_name"": ""bert-base-uncased"", ""use_video"": false, ""video_dim"": 128, ""vocab_size"": 30000}"
DCBWoWhsTpA_turn06023,DCBWoWhsTpA_turn06023,DCBWoWhsTpA,https://www.youtube.com/live/DCBWoWhsTpA,LIVE: Lindsay Clancy trial Day 14,full_trial_stream,5,/Users/rajeshpmu/Desktop/LegalMemoCMT/data/phase2/clancy/corpus/raw/live-lindsay-clancy-trial-day-14/live-lindsay-clancy-trial-day-14_DCBWoWhsTpA.en.vtt,/Users/rajeshpmu/Desktop/LegalMemoCMT/data/processed/phase2/clancy/turn_clips/video/DCBWoWhsTpA/DCBWoWhsTpA_turn06023.mp4,/Users/rajeshpmu/Desktop/LegalMemoCMT/data/processed/phase2/clancy/turn_clips/audio/DCBWoWhsTpA/DCBWoWhsTpA_turn06023.wav,DCBWoWhsTpA,group_by_youtube_id,dev,neutral,text_keyword_heuristic,LOW,NO,neutral default,YES,uh for yes and depression spelled with a a B at the end instead of an N. Uh which demonstrates uh this is what the user typed in rather than a page that was being visited.,uh for yes and depression spelled with a a B at the end instead of an N. Uh which demonstrates uh this is what the user typed in rather than a page that was being visited.,00:31:46.230,00:31:59.651,13.421,13.421,marker,MEDIUM,1,11,"DCBWoWhsTpA_utt01415#p02,DCBWoWhsTpA_utt01416#p01,DCBWoWhsTpA_utt01417#p01,DCBWoWhsTpA_utt01418#p01,DCBWoWhsTpA_utt01419#p01,DCBWoWhsTpA_utt01420#p01,DCBWoWhsTpA_utt01421#p01,DCBWoWhsTpA_utt01422#p01,DCBWoWhsTpA_utt01423#p01,DCBWoWhsTpA_utt01424#p01,DCBWoWhsTpA_utt01425#p01","DCBWoWhsTpA_utt01415,DCBWoWhsTpA_utt01416,DCBWoWhsTpA_utt01417,DCBWoWhsTpA_utt01418,DCBWoWhsTpA_utt01419,DCBWoWhsTpA_utt01420,DCBWoWhsTpA_utt01421,DCBWoWhsTpA_utt01422,DCBWoWhsTpA_utt01423,DCBWoWhsTpA_utt01424,DCBWoWhsTpA_utt01425",11,/Users/rajeshpmu/Desktop/LegalMemoCMT/data/phase2/clancy/corpus/raw/live-lindsay-clancy-trial-day-14/live-lindsay-clancy-trial-day-14_DCBWoWhsTpA.mp4,/Users/rajeshpmu/Desktop/LegalMemoCMT/data/phase2/clancy/corpus/raw/live-lindsay-clancy-trial-day-14/live-lindsay-clancy-trial-day-14_DCBWoWhsTpA.wav,/Users/rajeshpmu/Desktop/LegalMemoCMT/data/processed/phase2/clancy/turn_clips/video/DCBWoWhsTpA/DCBWoWhsTpA_turn06023.mp4,/Users/rajeshpmu/Desktop/LegalMemoCMT/data/processed/phase2/clancy/turn_clips/audio/DCBWoWhsTpA/DCBWoWhsTpA_turn06023.wav,1906.230,1919.651,13.421,created,00:31:46.230,00:31:59.651,0.000,default_zero,SPEAKER_18,4.793,pyannote/speaker-diarization-3.1,Witness,manual_verified_diarization,HIGH,YES,SPEAKING,Witness,YES,Witness 15 identified by manual audio/video review,INCLUDE,,YES,speaker_role=Witness,split_dev;usable,"usable because speaker_role=Witness, witness_speaking_status=SPEAKING, clip_status=created, duration=13.421s, and source is not excluded",YES,0.60,HIGH,manual_clip_review,HUMAN_VERIFIED,neutral,0.921325,0.380437,"{""anger"": 0.020565, ""disgust"": 0.002433, ""fear"": 0.004219, ""joy"": 0.040244, ""neutral"": 0.921325, ""sadness"": 0.006259, ""surprise"": 0.004955}",/Users/rajeshpmu/Desktop/LegalMemoCMT/results/paper_aligned_meld_cv/cmt_min/fold_2/best_model.pt,phase1_meld_checkpoint_pseudo_label,"audio,text","audio,text,video","{""audio_dim"": 128, ""audio_model_name"": ""facebook/hubert-base-ls960"", ""dropout"": 0.1, ""encoder_mode"": ""paper"", ""freeze_audio_backbone"": true, ""freeze_text_backbone"": true, ""fusion_dim"": 256, ""fusion_pooling"": ""min"", ""max_audio_len"": 256, ""max_text_len"": 128, ""max_video_len"": 32, ""num_classes"": 7, ""num_heads"": 4, ""num_layers"": 2, ""text_dim"": 256, ""text_model_name"": ""bert-base-uncased"", ""use_video"": false, ""video_dim"": 128, ""vocab_size"": 30000}"
DCBWoWhsTpA_turn06041,DCBWoWhsTpA_turn06041,DCBWoWhsTpA,https://www.youtube.com/live/DCBWoWhsTpA,LIVE: Lindsay Clancy trial Day 14,full_trial_stream,5,/Users/rajeshpmu/Desktop/LegalMemoCMT/data/phase2/clancy/corpus/raw/live-lindsay-clancy-trial-day-14/live-lindsay-clancy-trial-day-14_DCBWoWhsTpA.en.vtt,/Users/rajeshpmu/Desktop/LegalMemoCMT/data/processed/phase2/clancy/turn_clips/video/DCBWoWhsTpA/DCBWoWhsTpA_turn06041.mp4,/Users/rajeshpmu/Desktop/LegalMemoCMT/data/processed/phase2/clancy/turn_clips/audio/DCBWoWhsTpA/DCBWoWhsTpA_turn06041.wav,DCBWoWhsTpA,group_by_youtube_id,dev,neutral,text_keyword_heuristic,LOW,NO,neutral default,YES,"Um, no. There's no real auditable log to to look back and see how many times it's been modified over uh the course of its life. Uh I was able to do some amount of recovery to see that uh on the day it was created, it started in a very similar way to as it's written uh on the 24th of 23rd of January. Uh but the exact changes between uh when it first was created and the last time it was modified, we don't know. And then you also looked at messages. Correct.","Um, no. There's no real auditable log to to look back and see how many times it's been modified over uh the course of its life. Uh I was able to do some amount of recovery to see that uh on the day it was created, it started in a very similar way to as it's written uh on the 24th of 23rd of January. Uh but the exact changes between uh when it first was created and the last time it was modified, we don't know. And then you also looked at messages. Correct.",00:35:06.310,00:35:35.435,29.125,29.125,marker,MEDIUM,1,26,"DCBWoWhsTpA_utt01520#p01,DCBWoWhsTpA_utt01521#p01,DCBWoWhsTpA_utt01522#p01,DCBWoWhsTpA_utt01523#p01,DCBWoWhsTpA_utt01524#p01,DCBWoWhsTpA_utt01525#p01,DCBWoWhsTpA_utt01526#p01,DCBWoWhsTpA_utt01527#p01,DCBWoWhsTpA_utt01528#p01,DCBWoWhsTpA_utt01529#p01,DCBWoWhsTpA_utt01530#p01,DCBWoWhsTpA_utt01531#p01,DCBWoWhsTpA_utt01532#p01,DCBWoWhsTpA_utt01533#p01,DCBWoWhsTpA_utt01534#p01,DCBWoWhsTpA_utt01535#p01,DCBWoWhsTpA_utt01536#p01,DCBWoWhsTpA_utt01537#p01,DCBWoWhsTpA_utt01538#p01,DCBWoWhsTpA_utt01539#p01,DCBWoWhsTpA_utt01540#p01,DCBWoWhsTpA_utt01541#p01,DCBWoWhsTpA_utt01542#p01,DCBWoWhsTpA_utt01543#p01,DCBWoWhsTpA_utt01544#p01,DCBWoWhsTpA_utt01545#p01","DCBWoWhsTpA_utt01520,DCBWoWhsTpA_utt01521,DCBWoWhsTpA_utt01522,DCBWoWhsTpA_utt01523,DCBWoWhsTpA_utt01524,DCBWoWhsTpA_utt01525,DCBWoWhsTpA_utt01526,DCBWoWhsTpA_utt01527,DCBWoWhsTpA_utt01528,DCBWoWhsTpA_utt01529,DCBWoWhsTpA_utt01530,DCBWoWhsTpA_utt01531,DCBWoWhsTpA_utt01532,DCBWoWhsTpA_utt01533,DCBWoWhsTpA_utt01534,DCBWoWhsTpA_utt01535,DCBWoWhsTpA_utt01536,DCBWoWhsTpA_utt01537,DCBWoWhsTpA_utt01538,DCBWoWhsTpA_utt01539,DCBWoWhsTpA_utt01540,DCBWoWhsTpA_utt01541,DCBWoWhsTpA_utt01542,DCBWoWhsTpA_utt01543,DCBWoWhsTpA_utt01544,DCBWoWhsTpA_utt01545",26,/Users/rajeshpmu/Desktop/LegalMemoCMT/data/phase2/clancy/corpus/raw/live-lindsay-clancy-trial-day-14/live-lindsay-clancy-trial-day-14_DCBWoWhsTpA.mp4,/Users/rajeshpmu/Desktop/LegalMemoCMT/data/phase2/clancy/corpus/raw/live-lindsay-clancy-trial-day-14/live-lindsay-clancy-trial-day-14_DCBWoWhsTpA.wav,/Users/rajeshpmu/Desktop/LegalMemoCMT/data/processed/phase2/clancy/turn_clips/video/DCBWoWhsTpA/DCBWoWhsTpA_turn06041.mp4,/Users/rajeshpmu/Desktop/LegalMemoCMT/data/processed/phase2/clancy/turn_clips/audio/DCBWoWhsTpA/DCBWoWhsTpA_turn06041.wav,2106.310,2135.435,29.125,created,00:35:06.310,00:35:35.435,0.000,default_zero,SPEAKER_18,13.575,pyannote/speaker-diarization-3.1,Witness,manual_verified_diarization,HIGH,YES,SPEAKING,Witness,YES,Witness 15 identified by manual audio/video review,INCLUDE,,YES,speaker_role=Witness,split_dev;usable,"usable because speaker_role=Witness, witness_speaking_status=SPEAKING, clip_status=created, duration=29.125s, and source is not excluded",YES,0.60,HIGH,manual_clip_review,HUMAN_VERIFIED,neutral,0.877406,0.564215,"{""anger"": 0.041893, ""disgust"": 0.009431, ""fear"": 0.014067, ""joy"": 0.018888, ""neutral"": 0.877406, ""sadness"": 0.034401, ""surprise"": 0.003915}",/Users/rajeshpmu/Desktop/LegalMemoCMT/results/paper_aligned_meld_cv/cmt_min/fold_2/best_model.pt,phase1_meld_checkpoint_pseudo_label,"audio,text","audio,text,video","{""audio_dim"": 128, ""audio_model_name"": ""facebook/hubert-base-ls960"", ""dropout"": 0.1, ""encoder_mode"": ""paper"", ""freeze_audio_backbone"": true, ""freeze_text_backbone"": true, ""fusion_dim"": 256, ""fusion_pooling"": ""min"", ""max_audio_len"": 256, ""max_text_len"": 128, ""max_video_len"": 32, ""num_classes"": 7, ""num_heads"": 4, ""num_layers"": 2, ""text_dim"": 256, ""text_model_name"": ""bert-base-uncased"", ""use_video"": false, ""video_dim"": 128, ""vocab_size"": 30000}"
DCBWoWhsTpA_turn06046,DCBWoWhsTpA_turn06046,DCBWoWhsTpA,https://www.youtube.com/live/DCBWoWhsTpA,LIVE: Lindsay Clancy trial Day 14,full_trial_stream,5,/Users/rajeshpmu/Desktop/LegalMemoCMT/data/phase2/clancy/corpus/raw/live-lindsay-clancy-trial-day-14/live-lindsay-clancy-trial-day-14_DCBWoWhsTpA.en.vtt,/Users/rajeshpmu/Desktop/LegalMemoCMT/data/processed/phase2/clancy/turn_clips/video/DCBWoWhsTpA/DCBWoWhsTpA_turn06046.mp4,/Users/rajeshpmu/Desktop/LegalMemoCMT/data/processed/phase2/clancy/turn_clips/audio/DCBWoWhsTpA/DCBWoWhsTpA_turn06046.wav,DCBWoWhsTpA,group_by_youtube_id,dev,neutral,text_keyword_heuristic,LOW,NO,neutral default,YES,"Uh, yeah. I tried to prepare it in a report which would be uh easy for any viewer to understand uh based on their own usage of uh of text messaging.","Uh, yeah. I tried to prepare it in a report which would be uh easy for any viewer to understand uh based on their own usage of uh of text messaging.",00:35:56.855,00:36:10.497,13.642,13.642,marker,MEDIUM,1,9,"DCBWoWhsTpA_utt01567#p02,DCBWoWhsTpA_utt01568#p01,DCBWoWhsTpA_utt01569#p01,DCBWoWhsTpA_utt01570#p01,DCBWoWhsTpA_utt01571#p01,DCBWoWhsTpA_utt01572#p01,DCBWoWhsTpA_utt01573#p01,DCBWoWhsTpA_utt01574#p01,DCBWoWhsTpA_utt01575#p01","DCBWoWhsTpA_utt01567,DCBWoWhsTpA_utt01568,DCBWoWhsTpA_utt01569,DCBWoWhsTpA_utt01570,DCBWoWhsTpA_utt01571,DCBWoWhsTpA_utt01572,DCBWoWhsTpA_utt01573,DCBWoWhsTpA_utt01574,DCBWoWhsTpA_utt01575",9,/Users/rajeshpmu/Desktop/LegalMemoCMT/data/phase2/clancy/corpus/raw/live-lindsay-clancy-trial-day-14/live-lindsay-clancy-trial-day-14_DCBWoWhsTpA.mp4,/Users/rajeshpmu/Desktop/LegalMemoCMT/data/phase2/clancy/corpus/raw/live-lindsay-clancy-trial-day-14/live-lindsay-clancy-trial-day-14_DCBWoWhsTpA.wav,/Users/rajeshpmu/Desktop/LegalMemoCMT/data/processed/phase2/clancy/turn_clips/video/DCBWoWhsTpA/DCBWoWhsTpA_turn06046.mp4,/Users/rajeshpmu/Desktop/LegalMemoCMT/data/processed/phase2/clancy/turn_clips/audio/DCBWoWhsTpA/DCBWoWhsTpA_turn06046.wav,2156.855,2170.497,13.642,created,00:35:56.855,00:36:10.497,0.000,default_zero,SPEAKER_18,3.159,pyannote/speaker-diarization-3.1,Witness,manual_verified_diarization,HIGH,YES,SPEAKING,Witness,YES,Witness 15 identified by manual audio/video review,INCLUDE,,YES,speaker_role=Witness,split_dev;usable,"usable because speaker_role=Witness, witness_speaking_status=SPEAKING, clip_status=created, duration=13.642s, and source is not excluded",YES,0.60,HIGH,manual_clip_review,HUMAN_VERIFIED,neutral,0.911835,0.44196,"{""anger"": 0.029363, ""disgust"": 0.004656, ""fear"": 0.006743, ""joy"": 0.020301, ""neutral"": 0.911835, ""sadness"": 0.015168, ""surprise"": 0.011934}",/Users/rajeshpmu/Desktop/LegalMemoCMT/results/paper_aligned_meld_cv/cmt_min/fold_2/best_model.pt,phase1_meld_checkpoint_pseudo_label,"audio,text","audio,text,video","{""audio_dim"": 128, ""audio_model_name"": ""facebook/hubert-base-ls960"", ""dropout"": 0.1, ""encoder_mode"": ""paper"", ""freeze_audio_backbone"": true, ""freeze_text_backbone"": true, ""fusion_dim"": 256, ""fusion_pooling"": ""min"", ""max_audio_len"": 256, ""max_text_len"": 128, ""max_video_len"": 32, ""num_classes"": 7, ""num_heads"": 4, ""num_layers"": 2, ""text_dim"": 256, ""text_model_name"": ""bert-base-uncased"", ""use_video"": false, ""video_dim"": 128, ""vocab_size"": 30000}"
DCBWoWhsTpA_turn06050,DCBWoWhsTpA_turn06050,DCBWoWhsTpA,https://www.youtube.com/live/DCBWoWhsTpA,LIVE: Lindsay Clancy trial Day 14,full_trial_stream,5,/Users/rajeshpmu/Desktop/LegalMemoCMT/data/phase2/clancy/corpus/raw/live-lindsay-clancy-trial-day-14/live-lindsay-clancy-trial-day-14_DCBWoWhsTpA.en.vtt,/Users/rajeshpmu/Desktop/LegalMemoCMT/data/processed/phase2/clancy/turn_clips/video/DCBWoWhsTpA/DCBWoWhsTpA_turn06050.mp4,/Users/rajeshpmu/Desktop/LegalMemoCMT/data/processed/phase2/clancy/turn_clips/audio/DCBWoWhsTpA/DCBWoWhsTpA_turn06050.wav,DCBWoWhsTpA,group_by_youtube_id,dev,neutral,text_keyword_heuristic,LOW,NO,neutral default,YES,It is. The messages in blue on the right would be outgoing. Uh the messages in gray on the left would be incoming.,It is. The messages in blue on the right would be outgoing. Uh the messages in gray on the left would be incoming.,00:36:24.077,00:36:31.742,7.665,7.665,marker,MEDIUM,1,7,"DCBWoWhsTpA_utt01589#p02,DCBWoWhsTpA_utt01590#p01,DCBWoWhsTpA_utt01591#p01,DCBWoWhsTpA_utt01592#p01,DCBWoWhsTpA_utt01593#p01,DCBWoWhsTpA_utt01594#p01,DCBWoWhsTpA_utt01595#p01","DCBWoWhsTpA_utt01589,DCBWoWhsTpA_utt01590,DCBWoWhsTpA_utt01591,DCBWoWhsTpA_utt01592,DCBWoWhsTpA_utt01593,DCBWoWhsTpA_utt01594,DCBWoWhsTpA_utt01595",7,/Users/rajeshpmu/Desktop/LegalMemoCMT/data/phase2/clancy/corpus/raw/live-lindsay-clancy-trial-day-14/live-lindsay-clancy-trial-day-14_DCBWoWhsTpA.mp4,/Users/rajeshpmu/Desktop/LegalMemoCMT/data/phase2/clancy/corpus/raw/live-lindsay-clancy-trial-day-14/live-lindsay-clancy-trial-day-14_DCBWoWhsTpA.wav,/Users/rajeshpmu/Desktop/LegalMemoCMT/data/processed/phase2/clancy/turn_clips/video/DCBWoWhsTpA/DCBWoWhsTpA_turn06050.mp4,/Users/rajeshpmu/Desktop/LegalMemoCMT/data/processed/phase2/clancy/turn_clips/audio/DCBWoWhsTpA/DCBWoWhsTpA_turn06050.wav,2184.077,2191.742,7.665,created,00:36:24.077,00:36:31.742,0.000,default_zero,SPEAKER_18,2.903,pyannote/speaker-diarization-3.1,Witness,manual_verified_diarization,HIGH,YES,SPEAKING,Witness,YES,Witness 15 identified by manual audio/video review,INCLUDE,,YES,speaker_role=Witness,split_dev;usable,"usable because speaker_role=Witness, witness_speaking_status=SPEAKING, clip_status=created, duration=7.665s, and source is not excluded",YES,0.60,HIGH,manual_clip_review,HUMAN_VERIFIED,neutral,0.956739,0.24593,"{""anger"": 0.015104, ""disgust"": 0.004188, ""fear"": 0.005141, ""joy"": 0.01228, ""neutral"": 0.956739, ""sadness"": 0.005219, ""surprise"": 0.00133}",/Users/rajeshpmu/Desktop/LegalMemoCMT/results/paper_aligned_meld_cv/cmt_min/fold_2/best_model.pt,phase1_meld_checkpoint_pseudo_label,"audio,text","audio,text,video","{""audio_dim"": 128, ""audio_model_name"": ""facebook/hubert-base-ls960"", ""dropout"": 0.1, ""encoder_mode"": ""paper"", ""freeze_audio_backbone"": true, ""freeze_text_backbone"": true, ""fusion_dim"": 256, ""fusion_pooling"": ""min"", ""max_audio_len"": 256, ""max_text_len"": 128, ""max_video_len"": 32, ""num_classes"": 7, ""num_heads"": 4, ""num_layers"": 2, ""text_dim"": 256, ""text_model_name"": ""bert-base-uncased"", ""use_video"": false, ""video_dim"": 128, ""vocab_size"": 30000}"
DCBWoWhsTpA_turn06057,DCBWoWhsTpA_turn06057,DCBWoWhsTpA,https://www.youtube.com/live/DCBWoWhsTpA,LIVE: Lindsay Clancy trial Day 14,full_trial_stream,5,/Users/rajeshpmu/Desktop/LegalMemoCMT/data/phase2/clancy/corpus/raw/live-lindsay-clancy-trial-day-14/live-lindsay-clancy-trial-day-14_DCBWoWhsTpA.en.vtt,/Users/rajeshpmu/Desktop/LegalMemoCMT/data/processed/phase2/clancy/turn_clips/video/DCBWoWhsTpA/DCBWoWhsTpA_turn06057.mp4,/Users/rajeshpmu/Desktop/LegalMemoCMT/data/processed/phase2/clancy/turn_clips/audio/DCBWoWhsTpA/DCBWoWhsTpA_turn06057.wav,DCBWoWhsTpA,group_by_youtube_id,dev,neutral,text_keyword_heuristic,LOW,NO,neutral default,YES,"That's meant to be 2023. Yes, I apologize.","That's meant to be 2023. Yes, I apologize.",00:38:15.555,00:38:17.231,1.676,1.676,marker,MEDIUM,1,5,"DCBWoWhsTpA_utt01649#p02,DCBWoWhsTpA_utt01650#p01,DCBWoWhsTpA_utt01651#p01,DCBWoWhsTpA_utt01652#p01,DCBWoWhsTpA_utt01653#p01","DCBWoWhsTpA_utt01649,DCBWoWhsTpA_utt01650,DCBWoWhsTpA_utt01651,DCBWoWhsTpA_utt01652,DCBWoWhsTpA_utt01653",5,/Users/rajeshpmu/Desktop/LegalMemoCMT/data/phase2/clancy/corpus/raw/live-lindsay-clancy-trial-day-14/live-lindsay-clancy-trial-day-14_DCBWoWhsTpA.mp4,/Users/rajeshpmu/Desktop/LegalMemoCMT/data/phase2/clancy/corpus/raw/live-lindsay-clancy-trial-day-14/live-lindsay-clancy-trial-day-14_DCBWoWhsTpA.wav,/Users/rajeshpmu/Desktop/LegalMemoCMT/data/processed/phase2/clancy/turn_clips/video/DCBWoWhsTpA/DCBWoWhsTpA_turn06057.mp4,/Users/rajeshpmu/Desktop/LegalMemoCMT/data/processed/phase2/clancy/turn_clips/audio/DCBWoWhsTpA/DCBWoWhsTpA_turn06057.wav,2295.555,2297.231,1.676,created,00:38:15.555,00:38:17.231,0.000,default_zero,SPEAKER_18,1.163,pyannote/speaker-diarization-3.1,Witness,manual_verified_diarization,HIGH,YES,SPEAKING,Witness,YES,Witness 15 identified by manual audio/video review,INCLUDE,,YES,speaker_role=Witness,split_dev;usable,"usable because speaker_role=Witness, witness_speaking_status=SPEAKING, clip_status=created, duration=1.676s, and source is not excluded",YES,0.60,HIGH,manual_clip_review,HUMAN_VERIFIED,fear,0.886023,0.450125,"{""anger"": 0.015218, ""disgust"": 0.006205, ""fear"": 0.886023, ""joy"": 0.001202, ""neutral"": 0.086386, ""sadness"": 0.00443, ""surprise"": 0.000535}",/Users/rajeshpmu/Desktop/LegalMemoCMT/results/paper_aligned_meld_cv/cmt_min/fold_2/best_model.pt,phase1_meld_checkpoint_pseudo_label,"audio,text","audio,text,video","{""audio_dim"": 128, ""audio_model_name"": ""facebook/hubert-base-ls960"", ""dropout"": 0.1, ""encoder_mode"": ""paper"", ""freeze_audio_backbone"": true, ""freeze_text_backbone"": true, ""fusion_dim"": 256, ""fusion_pooling"": ""min"", ""max_audio_len"": 256, ""max_text_len"": 128, ""max_video_len"": 32, ""num_classes"": 7, ""num_heads"": 4, ""num_layers"": 2, ""text_dim"": 256, ""text_model_name"": ""bert-base-uncased"", ""use_video"": false, ""video_dim"": 128, ""vocab_size"": 30000}"
DCBWoWhsTpA_turn06072,DCBWoWhsTpA_turn06072,DCBWoWhsTpA,https://www.youtube.com/live/DCBWoWhsTpA,LIVE: Lindsay Clancy trial Day 14,full_trial_stream,5,/Users/rajeshpmu/Desktop/LegalMemoCMT/data/phase2/clancy/corpus/raw/live-lindsay-clancy-trial-day-14/live-lindsay-clancy-trial-day-14_DCBWoWhsTpA.en.vtt,/Users/rajeshpmu/Desktop/LegalMemoCMT/data/processed/phase2/clancy/turn_clips/video/DCBWoWhsTpA/DCBWoWhsTpA_turn06072.mp4,/Users/rajeshpmu/Desktop/LegalMemoCMT/data/processed/phase2/clancy/turn_clips/audio/DCBWoWhsTpA/DCBWoWhsTpA_turn06072.wav,DCBWoWhsTpA,group_by_youtube_id,dev,neutral,text_keyword_heuristic,LOW,NO,neutral default,YES,What is metadata?,What is metadata?,00:40:03.678,00:40:05.703,2.025,2.025,marker,MEDIUM,1,3,"DCBWoWhsTpA_utt01743#p02,DCBWoWhsTpA_utt01744#p01,DCBWoWhsTpA_utt01745#p01","DCBWoWhsTpA_utt01743,DCBWoWhsTpA_utt01744,DCBWoWhsTpA_utt01745",3,/Users/rajeshpmu/Desktop/LegalMemoCMT/data/phase2/clancy/corpus/raw/live-lindsay-clancy-trial-day-14/live-lindsay-clancy-trial-day-14_DCBWoWhsTpA.mp4,/Users/rajeshpmu/Desktop/LegalMemoCMT/data/phase2/clancy/corpus/raw/live-lindsay-clancy-trial-day-14/live-lindsay-clancy-trial-day-14_DCBWoWhsTpA.wav,/Users/rajeshpmu/Desktop/LegalMemoCMT/data/processed/phase2/clancy/turn_clips/video/DCBWoWhsTpA/DCBWoWhsTpA_turn06072.mp4,/Users/rajeshpmu/Desktop/LegalMemoCMT/data/processed/phase2/clancy/turn_clips/audio/DCBWoWhsTpA/DCBWoWhsTpA_turn06072.wav,2403.678,2405.703,2.025,created,00:40:03.678,00:40:05.703,0.000,default_zero,SPEAKER_18,0.833,pyannote/speaker-diarization-3.1,Witness,manual_verified_diarization,HIGH,YES,SPEAKING,Witness,YES,Witness 15 identified by manual audio/video review,INCLUDE,,YES,speaker_role=Witness,split_dev;usable,"usable because speaker_role=Witness, witness_speaking_status=SPEAKING, clip_status=created, duration=2.025s, and source is not excluded",YES,0.60,HIGH,manual_clip_review,HUMAN_VERIFIED,neutral,0.873284,0.534915,"{""anger"": 0.023493, ""disgust"": 0.074938, ""fear"": 0.008625, ""joy"": 0.012909, ""neutral"": 0.873284, ""sadness"": 0.005376, ""surprise"": 0.001373}",/Users/rajeshpmu/Desktop/LegalMemoCMT/results/paper_aligned_meld_cv/cmt_min/fold_2/best_model.pt,phase1_meld_checkpoint_pseudo_label,"audio,text","audio,text,video","{""audio_dim"": 128, ""audio_model_name"": ""facebook/hubert-base-ls960"", ""dropout"": 0.1, ""encoder_mode"": ""paper"", ""freeze_audio_backbone"": true, ""freeze_text_backbone"": true, ""fusion_dim"": 256, ""fusion_pooling"": ""min"", ""max_audio_len"": 256, ""max_text_len"": 128, ""max_video_len"": 32, ""num_classes"": 7, ""num_heads"": 4, ""num_layers"": 2, ""text_dim"": 256, ""text_model_name"": ""bert-base-uncased"", ""use_video"": false, ""video_dim"": 128, ""vocab_size"": 30000}"
DCBWoWhsTpA_turn06073,DCBWoWhsTpA_turn06073,DCBWoWhsTpA,https://www.youtube.com/live/DCBWoWhsTpA,LIVE: Lindsay Clancy trial Day 14,full_trial_stream,5,/Users/rajeshpmu/Desktop/LegalMemoCMT/data/phase2/clancy/corpus/raw/live-lindsay-clancy-trial-day-14/live-lindsay-clancy-trial-day-14_DCBWoWhsTpA.en.vtt,/Users/rajeshpmu/Desktop/LegalMemoCMT/data/processed/phase2/clancy/turn_clips/video/DCBWoWhsTpA/DCBWoWhsTpA_turn06073.mp4,/Users/rajeshpmu/Desktop/LegalMemoCMT/data/processed/phase2/clancy/turn_clips/audio/DCBWoWhsTpA/DCBWoWhsTpA_turn06073.wav,DCBWoWhsTpA,group_by_youtube_id,dev,neutral,text_keyword_heuristic,LOW,NO,neutral default,YES,"Uh metadata is information about that photograph. It could be uh the device that captured it, the time that it was captured, the location, uh information about the lens, the lighting, etc.","Uh metadata is information about that photograph. It could be uh the device that captured it, the time that it was captured, the location, uh information about the lens, the lighting, etc.",00:40:05.703,00:40:17.486,11.783,11.783,marker,MEDIUM,1,13,"DCBWoWhsTpA_utt01745#p02,DCBWoWhsTpA_utt01746#p01,DCBWoWhsTpA_utt01747#p01,DCBWoWhsTpA_utt01748#p01,DCBWoWhsTpA_utt01749#p01,DCBWoWhsTpA_utt01750#p01,DCBWoWhsTpA_utt01751#p01,DCBWoWhsTpA_utt01752#p01,DCBWoWhsTpA_utt01753#p01,DCBWoWhsTpA_utt01754#p01,DCBWoWhsTpA_utt01755#p01,DCBWoWhsTpA_utt01756#p01,DCBWoWhsTpA_utt01757#p01","DCBWoWhsTpA_utt01745,DCBWoWhsTpA_utt01746,DCBWoWhsTpA_utt01747,DCBWoWhsTpA_utt01748,DCBWoWhsTpA_utt01749,DCBWoWhsTpA_utt01750,DCBWoWhsTpA_utt01751,DCBWoWhsTpA_utt01752,DCBWoWhsTpA_utt01753,DCBWoWhsTpA_utt01754,DCBWoWhsTpA_utt01755,DCBWoWhsTpA_utt01756,DCBWoWhsTpA_utt01757",13,/Users/rajeshpmu/Desktop/LegalMemoCMT/data/phase2/clancy/corpus/raw/live-lindsay-clancy-trial-day-14/live-lindsay-clancy-trial-day-14_DCBWoWhsTpA.mp4,/Users/rajeshpmu/Desktop/LegalMemoCMT/data/phase2/clancy/corpus/raw/live-lindsay-clancy-trial-day-14/live-lindsay-clancy-trial-day-14_DCBWoWhsTpA.wav,/Users/rajeshpmu/Desktop/LegalMemoCMT/data/processed/phase2/clancy/turn_clips/video/DCBWoWhsTpA/DCBWoWhsTpA_turn06073.mp4,/Users/rajeshpmu/Desktop/LegalMemoCMT/data/processed/phase2/clancy/turn_clips/audio/DCBWoWhsTpA/DCBWoWhsTpA_turn06073.wav,2405.703,2417.486,11.783,created,00:40:05.703,00:40:17.486,0.000,default_zero,SPEAKER_18,6.559,pyannote/speaker-diarization-3.1,Witness,manual_verified_diarization,HIGH,YES,SPEAKING,Witness,YES,Witness 15 identified by manual audio/video review,INCLUDE,,YES,speaker_role=Witness,split_dev;usable,"usable because speaker_role=Witness, witness_speaking_status=SPEAKING, clip_status=created, duration=11.783s, and source is not excluded",YES,0.60,HIGH,manual_clip_review,HUMAN_VERIFIED,neutral,0.949628,0.272858,"{""anger"": 0.021198, ""disgust"": 0.002929, ""fear"": 0.004239, ""joy"": 0.01387, ""neutral"": 0.949628, ""sadness"": 0.006964, ""surprise"": 0.001173}",/Users/rajeshpmu/Desktop/LegalMemoCMT/results/paper_aligned_meld_cv/cmt_min/fold_2/best_model.pt,phase1_meld_checkpoint_pseudo_label,"audio,text","audio,text,video","{""audio_dim"": 128, ""audio_model_name"": ""facebook/hubert-base-ls960"", ""dropout"": 0.1, ""encoder_mode"": ""paper"", ""freeze_audio_backbone"": true, ""freeze_text_backbone"": true, ""fusion_dim"": 256, ""fusion_pooling"": ""min"", ""max_audio_len"": 256, ""max_text_len"": 128, ""max_video_len"": 32, ""num_classes"": 7, ""num_heads"": 4, ""num_layers"": 2, ""text_dim"": 256, ""text_model_name"": ""bert-base-uncased"", ""use_video"": false, ""video_dim"": 128, ""vocab_size"": 30000}"
DCBWoWhsTpA_turn06078,DCBWoWhsTpA_turn06078,DCBWoWhsTpA,https://www.youtube.com/live/DCBWoWhsTpA,LIVE: Lindsay Clancy trial Day 14,full_trial_stream,5,/Users/rajeshpmu/Desktop/LegalMemoCMT/data/phase2/clancy/corpus/raw/live-lindsay-clancy-trial-day-14/live-lindsay-clancy-trial-day-14_DCBWoWhsTpA.en.vtt,/Users/rajeshpmu/Desktop/LegalMemoCMT/data/processed/phase2/clancy/turn_clips/video/DCBWoWhsTpA/DCBWoWhsTpA_turn06078.mp4,/Users/rajeshpmu/Desktop/LegalMemoCMT/data/processed/phase2/clancy/turn_clips/audio/DCBWoWhsTpA/DCBWoWhsTpA_turn06078.wav,DCBWoWhsTpA,group_by_youtube_id,dev,neutral,text_keyword_heuristic,LOW,NO,neutral default,YES,How were you able to determine that's where that photograph was taken? Uh the metadata of the photo included the latitude and longitude where the image was captured. Uh I took that latitude and longitude and looked on Google Maps to see uh a physical address. Um in this case it came down to the uh Southshore Medical Center.,How were you able to determine that's where that photograph was taken? Uh the metadata of the photo included the latitude and longitude where the image was captured. Uh I took that latitude and longitude and looked on Google Maps to see uh a physical address. Um in this case it came down to the uh Southshore Medical Center.,00:40:34.099,00:40:56.630,22.531,22.531,marker,MEDIUM,1,17,"DCBWoWhsTpA_utt01775#p02,DCBWoWhsTpA_utt01776#p01,DCBWoWhsTpA_utt01777#p01,DCBWoWhsTpA_utt01778#p01,DCBWoWhsTpA_utt01779#p01,DCBWoWhsTpA_utt01780#p01,DCBWoWhsTpA_utt01781#p01,DCBWoWhsTpA_utt01782#p01,DCBWoWhsTpA_utt01783#p01,DCBWoWhsTpA_utt01784#p01,DCBWoWhsTpA_utt01785#p01,DCBWoWhsTpA_utt01786#p01,DCBWoWhsTpA_utt01787#p01,DCBWoWhsTpA_utt01788#p01,DCBWoWhsTpA_utt01789#p01,DCBWoWhsTpA_utt01790#p01,DCBWoWhsTpA_utt01791#p01","DCBWoWhsTpA_utt01775,DCBWoWhsTpA_utt01776,DCBWoWhsTpA_utt01777,DCBWoWhsTpA_utt01778,DCBWoWhsTpA_utt01779,DCBWoWhsTpA_utt01780,DCBWoWhsTpA_utt01781,DCBWoWhsTpA_utt01782,DCBWoWhsTpA_utt01783,DCBWoWhsTpA_utt01784,DCBWoWhsTpA_utt01785,DCBWoWhsTpA_utt01786,DCBWoWhsTpA_utt01787,DCBWoWhsTpA_utt01788,DCBWoWhsTpA_utt01789,DCBWoWhsTpA_utt01790,DCBWoWhsTpA_utt01791",17,/Users/rajeshpmu/Desktop/LegalMemoCMT/data/phase2/clancy/corpus/raw/live-lindsay-clancy-trial-day-14/live-lindsay-clancy-trial-day-14_DCBWoWhsTpA.mp4,/Users/rajeshpmu/Desktop/LegalMemoCMT/data/phase2/clancy/corpus/raw/live-lindsay-clancy-trial-day-14/live-lindsay-clancy-trial-day-14_DCBWoWhsTpA.wav,/Users/rajeshpmu/Desktop/LegalMemoCMT/data/processed/phase2/clancy/turn_clips/video/DCBWoWhsTpA/DCBWoWhsTpA_turn06078.mp4,/Users/rajeshpmu/Desktop/LegalMemoCMT/data/processed/phase2/clancy/turn_clips/audio/DCBWoWhsTpA/DCBWoWhsTpA_turn06078.wav,2434.099,2456.630,22.531,created,00:40:34.099,00:40:56.630,0.000,default_zero,SPEAKER_18,12.353,pyannote/speaker-diarization-3.1,Witness,manual_verified_diarization,HIGH,YES,SPEAKING,Witness,YES,Witness 15 identified by manual audio/video review,INCLUDE,,YES,speaker_role=Witness,split_dev;usable,"usable because speaker_role=Witness, witness_speaking_status=SPEAKING, clip_status=created, duration=22.531s, and source is not excluded",YES,0.60,HIGH,manual_clip_review,HUMAN_VERIFIED,neutral,0.898201,0.483339,"{""anger"": 0.030442, ""disgust"": 0.015727, ""fear"": 0.006253, ""joy"": 0.036477, ""neutral"": 0.898201, ""sadness"": 0.010161, ""surprise"": 0.002738}",/Users/rajeshpmu/Desktop/LegalMemoCMT/results/paper_aligned_meld_cv/cmt_min/fold_2/best_model.pt,phase1_meld_checkpoint_pseudo_label,"audio,text","audio,text,video","{""audio_dim"": 128, ""audio_model_name"": ""facebook/hubert-base-ls960"", ""dropout"": 0.1, ""encoder_mode"": ""paper"", ""freeze_audio_backbone"": true, ""freeze_text_backbone"": true, ""fusion_dim"": 256, ""fusion_pooling"": ""min"", ""max_audio_len"": 256, ""max_text_len"": 128, ""max_video_len"": 32, ""num_classes"": 7, ""num_heads"": 4, ""num_layers"": 2, ""text_dim"": 256, ""text_model_name"": ""bert-base-uncased"", ""use_video"": false, ""video_dim"": 128, ""vocab_size"": 30000}"
DCBWoWhsTpA_turn06081,DCBWoWhsTpA_turn06081,DCBWoWhsTpA,https://www.youtube.com/live/DCBWoWhsTpA,LIVE: Lindsay Clancy trial Day 14,full_trial_stream,5,/Users/rajeshpmu/Desktop/LegalMemoCMT/data/phase2/clancy/corpus/raw/live-lindsay-clancy-trial-day-14/live-lindsay-clancy-trial-day-14_DCBWoWhsTpA.en.vtt,/Users/rajeshpmu/Desktop/LegalMemoCMT/data/processed/phase2/clancy/turn_clips/video/DCBWoWhsTpA/DCBWoWhsTpA_turn06081.mp4,/Users/rajeshpmu/Desktop/LegalMemoCMT/data/processed/phase2/clancy/turn_clips/audio/DCBWoWhsTpA/DCBWoWhsTpA_turn06081.wav,DCBWoWhsTpA,group_by_youtube_id,dev,neutral,text_keyword_heuristic,LOW,NO,neutral default,YES,"Uh device usage would relate to how the user is operating the device. So when they have it unlocked, locked, uh what applications being used any particular time. uh essentially anything which is not a message or or a phone call or results in additional data like that.","Uh device usage would relate to how the user is operating the device. So when they have it unlocked, locked, uh what applications being used any particular time. uh essentially anything which is not a message or or a phone call or results in additional data like that.",00:41:21.969,00:41:40.267,18.298,18.298,marker,MEDIUM,1,17,"DCBWoWhsTpA_utt01807#p02,DCBWoWhsTpA_utt01808#p01,DCBWoWhsTpA_utt01809#p01,DCBWoWhsTpA_utt01810#p01,DCBWoWhsTpA_utt01811#p01,DCBWoWhsTpA_utt01812#p01,DCBWoWhsTpA_utt01813#p01,DCBWoWhsTpA_utt01814#p01,DCBWoWhsTpA_utt01815#p01,DCBWoWhsTpA_utt01816#p01,DCBWoWhsTpA_utt01817#p01,DCBWoWhsTpA_utt01818#p01,DCBWoWhsTpA_utt01819#p01,DCBWoWhsTpA_utt01820#p01,DCBWoWhsTpA_utt01821#p01,DCBWoWhsTpA_utt01822#p01,DCBWoWhsTpA_utt01823#p01","DCBWoWhsTpA_utt01807,DCBWoWhsTpA_utt01808,DCBWoWhsTpA_utt01809,DCBWoWhsTpA_utt01810,DCBWoWhsTpA_utt01811,DCBWoWhsTpA_utt01812,DCBWoWhsTpA_utt01813,DCBWoWhsTpA_utt01814,DCBWoWhsTpA_utt01815,DCBWoWhsTpA_utt01816,DCBWoWhsTpA_utt01817,DCBWoWhsTpA_utt01818,DCBWoWhsTpA_utt01819,DCBWoWhsTpA_utt01820,DCBWoWhsTpA_utt01821,DCBWoWhsTpA_utt01822,DCBWoWhsTpA_utt01823",17,/Users/rajeshpmu/Desktop/LegalMemoCMT/data/phase2/clancy/corpus/raw/live-lindsay-clancy-trial-day-14/live-lindsay-clancy-trial-day-14_DCBWoWhsTpA.mp4,/Users/rajeshpmu/Desktop/LegalMemoCMT/data/phase2/clancy/corpus/raw/live-lindsay-clancy-trial-day-14/live-lindsay-clancy-trial-day-14_DCBWoWhsTpA.wav,/Users/rajeshpmu/Desktop/LegalMemoCMT/data/processed/phase2/clancy/turn_clips/video/DCBWoWhsTpA/DCBWoWhsTpA_turn06081.mp4,/Users/rajeshpmu/Desktop/LegalMemoCMT/data/processed/phase2/clancy/turn_clips/audio/DCBWoWhsTpA/DCBWoWhsTpA_turn06081.wav,2481.969,2500.267,18.298,created,00:41:21.969,00:41:40.267,0.000,default_zero,SPEAKER_18,9.065,pyannote/speaker-diarization-3.1,Witness,manual_verified_diarization,HIGH,YES,SPEAKING,Witness,YES,Witness 15 identified by manual audio/video review,INCLUDE,,YES,speaker_role=Witness,split_dev;usable,"usable because speaker_role=Witness, witness_speaking_status=SPEAKING, clip_status=created, duration=18.298s, and source is not excluded",YES,0.60,HIGH,manual_clip_review,HUMAN_VERIFIED,neutral,0.944143,0.300994,"{""anger"": 0.019828, ""disgust"": 0.004145, ""fear"": 0.006631, ""joy"": 0.017417, ""neutral"": 0.944143, ""sadness"": 0.00584, ""surprise"": 0.001996}",/Users/rajeshpmu/Desktop/LegalMemoCMT/results/paper_aligned_meld_cv/cmt_min/fold_2/best_model.pt,phase1_meld_checkpoint_pseudo_label,"audio,text","audio,text,video","{""audio_dim"": 128, ""audio_model_name"": ""facebook/hubert-base-ls960"", ""dropout"": 0.1, ""encoder_mode"": ""paper"", ""freeze_audio_backbone"": true, ""freeze_text_backbone"": true, ""fusion_dim"": 256, ""fusion_pooling"": ""min"", ""max_audio_len"": 256, ""max_text_len"": 128, ""max_video_len"": 32, ""num_classes"": 7, ""num_heads"": 4, ""num_layers"": 2, ""text_dim"": 256, ""text_model_name"": ""bert-base-uncased"", ""use_video"": false, ""video_dim"": 128, ""vocab_size"": 30000}"
DCBWoWhsTpA_turn06083,DCBWoWhsTpA_turn06083,DCBWoWhsTpA,https://www.youtube.com/live/DCBWoWhsTpA,LIVE: Lindsay Clancy trial Day 14,full_trial_stream,5,/Users/rajeshpmu/Desktop/LegalMemoCMT/data/phase2/clancy/corpus/raw/live-lindsay-clancy-trial-day-14/live-lindsay-clancy-trial-day-14_DCBWoWhsTpA.en.vtt,/Users/rajeshpmu/Desktop/LegalMemoCMT/data/processed/phase2/clancy/turn_clips/video/DCBWoWhsTpA/DCBWoWhsTpA_turn06083.mp4,/Users/rajeshpmu/Desktop/LegalMemoCMT/data/processed/phase2/clancy/turn_clips/audio/DCBWoWhsTpA/DCBWoWhsTpA_turn06083.wav,DCBWoWhsTpA,group_by_youtube_id,dev,neutral,text_keyword_heuristic,LOW,NO,neutral default,YES,Uh so this table relates just to the locking and the unlocking of the device. Uh so the last time the device was unlocked was at 171316. Uh the device was locked again uh around 2 minutes later at 17:1512. Uh and the device was not unlocked again.,Uh so this table relates just to the locking and the unlocking of the device. Uh so the last time the device was unlocked was at 171316. Uh the device was locked again uh around 2 minutes later at 17:1512. Uh and the device was not unlocked again.,00:41:53.584,00:42:10.594,17.010,17.010,marker,MEDIUM,1,17,"DCBWoWhsTpA_utt01831#p02,DCBWoWhsTpA_utt01832#p01,DCBWoWhsTpA_utt01833#p01,DCBWoWhsTpA_utt01834#p01,DCBWoWhsTpA_utt01835#p01,DCBWoWhsTpA_utt01836#p01,DCBWoWhsTpA_utt01837#p01,DCBWoWhsTpA_utt01838#p01,DCBWoWhsTpA_utt01839#p01,DCBWoWhsTpA_utt01840#p01,DCBWoWhsTpA_utt01841#p01,DCBWoWhsTpA_utt01842#p01,DCBWoWhsTpA_utt01843#p01,DCBWoWhsTpA_utt01844#p01,DCBWoWhsTpA_utt01845#p01,DCBWoWhsTpA_utt01846#p01,DCBWoWhsTpA_utt01847#p01","DCBWoWhsTpA_utt01831,DCBWoWhsTpA_utt01832,DCBWoWhsTpA_utt01833,DCBWoWhsTpA_utt01834,DCBWoWhsTpA_utt01835,DCBWoWhsTpA_utt01836,DCBWoWhsTpA_utt01837,DCBWoWhsTpA_utt01838,DCBWoWhsTpA_utt01839,DCBWoWhsTpA_utt01840,DCBWoWhsTpA_utt01841,DCBWoWhsTpA_utt01842,DCBWoWhsTpA_utt01843,DCBWoWhsTpA_utt01844,DCBWoWhsTpA_utt01845,DCBWoWhsTpA_utt01846,DCBWoWhsTpA_utt01847",17,/Users/rajeshpmu/Desktop/LegalMemoCMT/data/phase2/clancy/corpus/raw/live-lindsay-clancy-trial-day-14/live-lindsay-clancy-trial-day-14_DCBWoWhsTpA.mp4,/Users/rajeshpmu/Desktop/LegalMemoCMT/data/phase2/clancy/corpus/raw/live-lindsay-clancy-trial-day-14/live-lindsay-clancy-trial-day-14_DCBWoWhsTpA.wav,/Users/rajeshpmu/Desktop/LegalMemoCMT/data/processed/phase2/clancy/turn_clips/video/DCBWoWhsTpA/DCBWoWhsTpA_turn06083.mp4,/Users/rajeshpmu/Desktop/LegalMemoCMT/data/processed/phase2/clancy/turn_clips/audio/DCBWoWhsTpA/DCBWoWhsTpA_turn06083.wav,2513.584,2530.594,17.010,created,00:41:53.584,00:42:10.594,0.000,default_zero,SPEAKER_18,15.824,pyannote/speaker-diarization-3.1,Witness,manual_verified_diarization,HIGH,YES,SPEAKING,Witness,YES,Witness 15 identified by manual audio/video review,INCLUDE,,YES,speaker_role=Witness,split_dev;usable,"usable because speaker_role=Witness, witness_speaking_status=SPEAKING, clip_status=created, duration=17.010s, and source is not excluded",YES,0.60,HIGH,manual_clip_review,HUMAN_VERIFIED,neutral,0.859094,0.633635,"{""anger"": 0.041491, ""disgust"": 0.030993, ""fear"": 0.0152, ""joy"": 0.033146, ""neutral"": 0.859094, ""sadness"": 0.017096, ""surprise"": 0.00298}",/Users/rajeshpmu/Desktop/LegalMemoCMT/results/paper_aligned_meld_cv/cmt_min/fold_2/best_model.pt,phase1_meld_checkpoint_pseudo_label,"audio,text","audio,text,video","{""audio_dim"": 128, ""audio_model_name"": ""facebook/hubert-base-ls960"", ""dropout"": 0.1, ""encoder_mode"": ""paper"", ""freeze_audio_backbone"": true, ""freeze_text_backbone"": true, ""fusion_dim"": 256, ""fusion_pooling"": ""min"", ""max_audio_len"": 256, ""max_text_len"": 128, ""max_video_len"": 32, ""num_classes"": 7, ""num_heads"": 4, ""num_layers"": 2, ""text_dim"": 256, ""text_model_name"": ""bert-base-uncased"", ""use_video"": false, ""video_dim"": 128, ""vocab_size"": 30000}"
DCBWoWhsTpA_turn06087,DCBWoWhsTpA_turn06087,DCBWoWhsTpA,https://www.youtube.com/live/DCBWoWhsTpA,LIVE: Lindsay Clancy trial Day 14,full_trial_stream,5,/Users/rajeshpmu/Desktop/LegalMemoCMT/data/phase2/clancy/corpus/raw/live-lindsay-clancy-trial-day-14/live-lindsay-clancy-trial-day-14_DCBWoWhsTpA.en.vtt,/Users/rajeshpmu/Desktop/LegalMemoCMT/data/processed/phase2/clancy/turn_clips/video/DCBWoWhsTpA/DCBWoWhsTpA_turn06087.mp4,/Users/rajeshpmu/Desktop/LegalMemoCMT/data/processed/phase2/clancy/turn_clips/audio/DCBWoWhsTpA/DCBWoWhsTpA_turn06087.wav,DCBWoWhsTpA,group_by_youtube_id,dev,neutral,text_keyword_heuristic,LOW,NO,neutral default,YES,application focus is literally the application which is visible on screen at any given time.,application focus is literally the application which is visible on screen at any given time.,00:42:57.968,00:43:05.232,7.264,7.264,marker,MEDIUM,1,7,"DCBWoWhsTpA_utt01883#p02,DCBWoWhsTpA_utt01884#p01,DCBWoWhsTpA_utt01885#p01,DCBWoWhsTpA_utt01886#p01,DCBWoWhsTpA_utt01887#p01,DCBWoWhsTpA_utt01888#p01,DCBWoWhsTpA_utt01889#p01","DCBWoWhsTpA_utt01883,DCBWoWhsTpA_utt01884,DCBWoWhsTpA_utt01885,DCBWoWhsTpA_utt01886,DCBWoWhsTpA_utt01887,DCBWoWhsTpA_utt01888,DCBWoWhsTpA_utt01889",7,/Users/rajeshpmu/Desktop/LegalMemoCMT/data/phase2/clancy/corpus/raw/live-lindsay-clancy-trial-day-14/live-lindsay-clancy-trial-day-14_DCBWoWhsTpA.mp4,/Users/rajeshpmu/Desktop/LegalMemoCMT/data/phase2/clancy/corpus/raw/live-lindsay-clancy-trial-day-14/live-lindsay-clancy-trial-day-14_DCBWoWhsTpA.wav,/Users/rajeshpmu/Desktop/LegalMemoCMT/data/processed/phase2/clancy/turn_clips/video/DCBWoWhsTpA/DCBWoWhsTpA_turn06087.mp4,/Users/rajeshpmu/Desktop/LegalMemoCMT/data/processed/phase2/clancy/turn_clips/audio/DCBWoWhsTpA/DCBWoWhsTpA_turn06087.wav,2577.968,2585.232,7.264,created,00:42:57.968,00:43:05.232,0.000,default_zero,SPEAKER_18,5.085,pyannote/speaker-diarization-3.1,Witness,manual_verified_diarization,HIGH,YES,SPEAKING,Witness,YES,Witness 15 identified by manual audio/video review,INCLUDE,,YES,speaker_role=Witness,split_dev;usable,"usable because speaker_role=Witness, witness_speaking_status=SPEAKING, clip_status=created, duration=7.264s, and source is not excluded",YES,0.60,HIGH,manual_clip_review,HUMAN_VERIFIED,neutral,0.93482,0.33091,"{""anger"": 0.027474, ""disgust"": 0.005413, ""fear"": 0.003227, ""joy"": 0.02258, ""neutral"": 0.93482, ""sadness"": 0.00434, ""surprise"": 0.002146}",/Users/rajeshpmu/Desktop/LegalMemoCMT/results/paper_aligned_meld_cv/cmt_min/fold_2/best_model.pt,phase1_meld_checkpoint_pseudo_label,"audio,text","audio,text,video","{""audio_dim"": 128, ""audio_model_name"": ""facebook/hubert-base-ls960"", ""dropout"": 0.1, ""encoder_mode"": ""paper"", ""freeze_audio_backbone"": true, ""freeze_text_backbone"": true, ""fusion_dim"": 256, ""fusion_pooling"": ""min"", ""max_audio_len"": 256, ""max_text_len"": 128, ""max_video_len"": 32, ""num_classes"": 7, ""num_heads"": 4, ""num_layers"": 2, ""text_dim"": 256, ""text_model_name"": ""bert-base-uncased"", ""use_video"": false, ""video_dim"": 128, ""vocab_size"": 30000}"
DCBWoWhsTpA_turn06089,DCBWoWhsTpA_turn06089,DCBWoWhsTpA,https://www.youtube.com/live/DCBWoWhsTpA,LIVE: Lindsay Clancy trial Day 14,full_trial_stream,5,/Users/rajeshpmu/Desktop/LegalMemoCMT/data/phase2/clancy/corpus/raw/live-lindsay-clancy-trial-day-14/live-lindsay-clancy-trial-day-14_DCBWoWhsTpA.en.vtt,/Users/rajeshpmu/Desktop/LegalMemoCMT/data/processed/phase2/clancy/turn_clips/video/DCBWoWhsTpA/DCBWoWhsTpA_turn06089.mp4,/Users/rajeshpmu/Desktop/LegalMemoCMT/data/processed/phase2/clancy/turn_clips/audio/DCBWoWhsTpA/DCBWoWhsTpA_turn06089.wav,DCBWoWhsTpA,group_by_youtube_id,dev,neutral,text_keyword_heuristic,LOW,NO,neutral default,YES,Is it then used again at 5:13 and 5:14 p.m. or is that a different application? Uh so at 5:13 until 5 14 uh it was mobile Safari. So the mobile uh version of Safari the internet browser was on screen and at 1714 uh 47 until 17158 it was the mobile SMS or messaging application which was on screen.,Is it then used again at 5:13 and 5:14 p.m. or is that a different application? Uh so at 5:13 until 5 14 uh it was mobile Safari. So the mobile uh version of Safari the internet browser was on screen and at 1714 uh 47 until 17158 it was the mobile SMS or messaging application which was on screen.,00:43:39.589,00:44:04.773,25.184,25.184,marker,MEDIUM,1,21,"DCBWoWhsTpA_utt01904#p01,DCBWoWhsTpA_utt01905#p01,DCBWoWhsTpA_utt01906#p01,DCBWoWhsTpA_utt01907#p01,DCBWoWhsTpA_utt01907#p02,DCBWoWhsTpA_utt01908#p01,DCBWoWhsTpA_utt01909#p01,DCBWoWhsTpA_utt01910#p01,DCBWoWhsTpA_utt01911#p01,DCBWoWhsTpA_utt01912#p01,DCBWoWhsTpA_utt01913#p01,DCBWoWhsTpA_utt01914#p01,DCBWoWhsTpA_utt01915#p01,DCBWoWhsTpA_utt01916#p01,DCBWoWhsTpA_utt01917#p01,DCBWoWhsTpA_utt01918#p01,DCBWoWhsTpA_utt01919#p01,DCBWoWhsTpA_utt01920#p01,DCBWoWhsTpA_utt01921#p01,DCBWoWhsTpA_utt01922#p01,DCBWoWhsTpA_utt01923#p01","DCBWoWhsTpA_utt01904,DCBWoWhsTpA_utt01905,DCBWoWhsTpA_utt01906,DCBWoWhsTpA_utt01907,DCBWoWhsTpA_utt01908,DCBWoWhsTpA_utt01909,DCBWoWhsTpA_utt01910,DCBWoWhsTpA_utt01911,DCBWoWhsTpA_utt01912,DCBWoWhsTpA_utt01913,DCBWoWhsTpA_utt01914,DCBWoWhsTpA_utt01915,DCBWoWhsTpA_utt01916,DCBWoWhsTpA_utt01917,DCBWoWhsTpA_utt01918,DCBWoWhsTpA_utt01919,DCBWoWhsTpA_utt01920,DCBWoWhsTpA_utt01921,DCBWoWhsTpA_utt01922,DCBWoWhsTpA_utt01923",20,/Users/rajeshpmu/Desktop/LegalMemoCMT/data/phase2/clancy/corpus/raw/live-lindsay-clancy-trial-day-14/live-lindsay-clancy-trial-day-14_DCBWoWhsTpA.mp4,/Users/rajeshpmu/Desktop/LegalMemoCMT/data/phase2/clancy/corpus/raw/live-lindsay-clancy-trial-day-14/live-lindsay-clancy-trial-day-14_DCBWoWhsTpA.wav,/Users/rajeshpmu/Desktop/LegalMemoCMT/data/processed/phase2/clancy/turn_clips/video/DCBWoWhsTpA/DCBWoWhsTpA_turn06089.mp4,/Users/rajeshpmu/Desktop/LegalMemoCMT/data/processed/phase2/clancy/turn_clips/audio/DCBWoWhsTpA/DCBWoWhsTpA_turn06089.wav,2619.589,2644.773,25.184,created,00:43:39.589,00:44:04.773,0.000,default_zero,SPEAKER_18,12.167,pyannote/speaker-diarization-3.1,Witness,manual_verified_diarization,HIGH,YES,SPEAKING,Witness,YES,Witness 15 identified by manual audio/video review,INCLUDE,,YES,speaker_role=Witness,split_dev;usable,"usable because speaker_role=Witness, witness_speaking_status=SPEAKING, clip_status=created, duration=25.184s, and source is not excluded",YES,0.60,HIGH,manual_clip_review,HUMAN_VERIFIED,neutral,0.924261,0.389384,"{""anger"": 0.019595, ""disgust"": 0.015624, ""fear"": 0.007388, ""joy"": 0.022038, ""neutral"": 0.924261, ""sadness"": 0.009655, ""surprise"": 0.001438}",/Users/rajeshpmu/Desktop/LegalMemoCMT/results/paper_aligned_meld_cv/cmt_min/fold_2/best_model.pt,phase1_meld_checkpoint_pseudo_label,"audio,text","audio,text,video","{""audio_dim"": 128, ""audio_model_name"": ""facebook/hubert-base-ls960"", ""dropout"": 0.1, ""encoder_mode"": ""paper"", ""freeze_audio_backbone"": true, ""freeze_text_backbone"": true, ""fusion_dim"": 256, ""fusion_pooling"": ""min"", ""max_audio_len"": 256, ""max_text_len"": 128, ""max_video_len"": 32, ""num_classes"": 7, ""num_heads"": 4, ""num_layers"": 2, ""text_dim"": 256, ""text_model_name"": ""bert-base-uncased"", ""use_video"": false, ""video_dim"": 128, ""vocab_size"": 30000}"
DCBWoWhsTpA_turn06091,DCBWoWhsTpA_turn06091,DCBWoWhsTpA,https://www.youtube.com/live/DCBWoWhsTpA,LIVE: Lindsay Clancy trial Day 14,full_trial_stream,5,/Users/rajeshpmu/Desktop/LegalMemoCMT/data/phase2/clancy/corpus/raw/live-lindsay-clancy-trial-day-14/live-lindsay-clancy-trial-day-14_DCBWoWhsTpA.en.vtt,/Users/rajeshpmu/Desktop/LegalMemoCMT/data/processed/phase2/clancy/turn_clips/video/DCBWoWhsTpA/DCBWoWhsTpA_turn06091.mp4,/Users/rajeshpmu/Desktop/LegalMemoCMT/data/processed/phase2/clancy/turn_clips/audio/DCBWoWhsTpA/DCBWoWhsTpA_turn06091.wav,DCBWoWhsTpA,group_by_youtube_id,dev,neutral,text_keyword_heuristic,LOW,NO,neutral default,YES,Correct. what application was on screen at the time?,Correct. what application was on screen at the time?,00:44:12.955,00:44:15.313,2.358,2.358,marker,MEDIUM,1,5,"DCBWoWhsTpA_utt01931#p02,DCBWoWhsTpA_utt01932#p01,DCBWoWhsTpA_utt01933#p01,DCBWoWhsTpA_utt01934#p01,DCBWoWhsTpA_utt01935#p01","DCBWoWhsTpA_utt01931,DCBWoWhsTpA_utt01932,DCBWoWhsTpA_utt01933,DCBWoWhsTpA_utt01934,DCBWoWhsTpA_utt01935",5,/Users/rajeshpmu/Desktop/LegalMemoCMT/data/phase2/clancy/corpus/raw/live-lindsay-clancy-trial-day-14/live-lindsay-clancy-trial-day-14_DCBWoWhsTpA.mp4,/Users/rajeshpmu/Desktop/LegalMemoCMT/data/phase2/clancy/corpus/raw/live-lindsay-clancy-trial-day-14/live-lindsay-clancy-trial-day-14_DCBWoWhsTpA.wav,/Users/rajeshpmu/Desktop/LegalMemoCMT/data/processed/phase2/clancy/turn_clips/video/DCBWoWhsTpA/DCBWoWhsTpA_turn06091.mp4,/Users/rajeshpmu/Desktop/LegalMemoCMT/data/processed/phase2/clancy/turn_clips/audio/DCBWoWhsTpA/DCBWoWhsTpA_turn06091.wav,2652.955,2655.313,2.358,created,00:44:12.955,00:44:15.313,0.000,default_zero,SPEAKER_18,1.378,pyannote/speaker-diarization-3.1,Witness,manual_verified_diarization,HIGH,YES,SPEAKING,Witness,YES,Witness 15 identified by manual audio/video review,INCLUDE,,YES,speaker_role=Witness,split_dev;usable,"usable because speaker_role=Witness, witness_speaking_status=SPEAKING, clip_status=created, duration=2.358s, and source is not excluded",YES,0.60,HIGH,manual_clip_review,HUMAN_VERIFIED,neutral,0.918442,0.396493,"{""anger"": 0.02833, ""disgust"": 0.027609, ""fear"": 0.005339, ""joy"": 0.016684, ""neutral"": 0.918442, ""sadness"": 0.002862, ""surprise"": 0.000734}",/Users/rajeshpmu/Desktop/LegalMemoCMT/results/paper_aligned_meld_cv/cmt_min/fold_2/best_model.pt,phase1_meld_checkpoint_pseudo_label,"audio,text","audio,text,video","{""audio_dim"": 128, ""audio_model_name"": ""facebook/hubert-base-ls960"", ""dropout"": 0.1, ""encoder_mode"": ""paper"", ""freeze_audio_backbone"": true, ""freeze_text_backbone"": true, ""fusion_dim"": 256, ""fusion_pooling"": ""min"", ""max_audio_len"": 256, ""max_text_len"": 128, ""max_video_len"": 32, ""num_classes"": 7, ""num_heads"": 4, ""num_layers"": 2, ""text_dim"": 256, ""text_model_name"": ""bert-base-uncased"", ""use_video"": false, ""video_dim"": 128, ""vocab_size"": 30000}"
DCBWoWhsTpA_turn06093,DCBWoWhsTpA_turn06093,DCBWoWhsTpA,https://www.youtube.com/live/DCBWoWhsTpA,LIVE: Lindsay Clancy trial Day 14,full_trial_stream,5,/Users/rajeshpmu/Desktop/LegalMemoCMT/data/phase2/clancy/corpus/raw/live-lindsay-clancy-trial-day-14/live-lindsay-clancy-trial-day-14_DCBWoWhsTpA.en.vtt,/Users/rajeshpmu/Desktop/LegalMemoCMT/data/processed/phase2/clancy/turn_clips/video/DCBWoWhsTpA/DCBWoWhsTpA_turn06093.mp4,/Users/rajeshpmu/Desktop/LegalMemoCMT/data/processed/phase2/clancy/turn_clips/audio/DCBWoWhsTpA/DCBWoWhsTpA_turn06093.wav,DCBWoWhsTpA,group_by_youtube_id,dev,neutral,text_keyword_heuristic,LOW,NO,neutral default,YES,It does. That's the the screen that indicates you're in a phone call.,It does. That's the the screen that indicates you're in a phone call.,00:44:24.042,00:44:30.075,6.033,6.033,marker,MEDIUM,1,5,"DCBWoWhsTpA_utt01943#p02,DCBWoWhsTpA_utt01944#p01,DCBWoWhsTpA_utt01945#p01,DCBWoWhsTpA_utt01946#p01,DCBWoWhsTpA_utt01947#p01","DCBWoWhsTpA_utt01943,DCBWoWhsTpA_utt01944,DCBWoWhsTpA_utt01945,DCBWoWhsTpA_utt01946,DCBWoWhsTpA_utt01947",5,/Users/rajeshpmu/Desktop/LegalMemoCMT/data/phase2/clancy/corpus/raw/live-lindsay-clancy-trial-day-14/live-lindsay-clancy-trial-day-14_DCBWoWhsTpA.mp4,/Users/rajeshpmu/Desktop/LegalMemoCMT/data/phase2/clancy/corpus/raw/live-lindsay-clancy-trial-day-14/live-lindsay-clancy-trial-day-14_DCBWoWhsTpA.wav,/Users/rajeshpmu/Desktop/LegalMemoCMT/data/processed/phase2/clancy/turn_clips/video/DCBWoWhsTpA/DCBWoWhsTpA_turn06093.mp4,/Users/rajeshpmu/Desktop/LegalMemoCMT/data/processed/phase2/clancy/turn_clips/audio/DCBWoWhsTpA/DCBWoWhsTpA_turn06093.wav,2664.042,2670.075,6.033,created,00:44:24.042,00:44:30.075,0.000,default_zero,SPEAKER_18,2.391,pyannote/speaker-diarization-3.1,Witness,manual_verified_diarization,HIGH,YES,SPEAKING,Witness,YES,Witness 15 identified by manual audio/video review,INCLUDE,,YES,speaker_role=Witness,split_dev;usable,"usable because speaker_role=Witness, witness_speaking_status=SPEAKING, clip_status=created, duration=6.033s, and source is not excluded",YES,0.60,HIGH,manual_clip_review,HUMAN_VERIFIED,neutral,0.942357,0.297233,"{""anger"": 0.027199, ""disgust"": 0.003688, ""fear"": 0.002696, ""joy"": 0.017284, ""neutral"": 0.942357, ""sadness"": 0.005878, ""surprise"": 0.000899}",/Users/rajeshpmu/Desktop/LegalMemoCMT/results/paper_aligned_meld_cv/cmt_min/fold_2/best_model.pt,phase1_meld_checkpoint_pseudo_label,"audio,text","audio,text,video","{""audio_dim"": 128, ""audio_model_name"": ""facebook/hubert-base-ls960"", ""dropout"": 0.1, ""encoder_mode"": ""paper"", ""freeze_audio_backbone"": true, ""freeze_text_backbone"": true, ""fusion_dim"": 256, ""fusion_pooling"": ""min"", ""max_audio_len"": 256, ""max_text_len"": 128, ""max_video_len"": 32, ""num_classes"": 7, ""num_heads"": 4, ""num_layers"": 2, ""text_dim"": 256, ""text_model_name"": ""bert-base-uncased"", ""use_video"": false, ""video_dim"": 128, ""vocab_size"": 30000}"
DCBWoWhsTpA_turn06095,DCBWoWhsTpA_turn06095,DCBWoWhsTpA,https://www.youtube.com/live/DCBWoWhsTpA,LIVE: Lindsay Clancy trial Day 14,full_trial_stream,5,/Users/rajeshpmu/Desktop/LegalMemoCMT/data/phase2/clancy/corpus/raw/live-lindsay-clancy-trial-day-14/live-lindsay-clancy-trial-day-14_DCBWoWhsTpA.en.vtt,/Users/rajeshpmu/Desktop/LegalMemoCMT/data/processed/phase2/clancy/turn_clips/video/DCBWoWhsTpA/DCBWoWhsTpA_turn06095.mp4,/Users/rajeshpmu/Desktop/LegalMemoCMT/data/processed/phase2/clancy/turn_clips/audio/DCBWoWhsTpA/DCBWoWhsTpA_turn06095.wav,DCBWoWhsTpA,group_by_youtube_id,dev,neutral,text_keyword_heuristic,LOW,NO,neutral default,YES,"Yeah, Apple Maps was used uh to plan a route from the user's current location uh the home address to a restaurant called 3V","Yeah, Apple Maps was used uh to plan a route from the user's current location uh the home address to a restaurant called 3V",00:44:47.430,00:44:56.221,8.791,8.791,marker,MEDIUM,1,9,"DCBWoWhsTpA_utt01959#p02,DCBWoWhsTpA_utt01960#p01,DCBWoWhsTpA_utt01961#p01,DCBWoWhsTpA_utt01962#p01,DCBWoWhsTpA_utt01963#p01,DCBWoWhsTpA_utt01964#p01,DCBWoWhsTpA_utt01965#p01,DCBWoWhsTpA_utt01966#p01,DCBWoWhsTpA_utt01967#p01","DCBWoWhsTpA_utt01959,DCBWoWhsTpA_utt01960,DCBWoWhsTpA_utt01961,DCBWoWhsTpA_utt01962,DCBWoWhsTpA_utt01963,DCBWoWhsTpA_utt01964,DCBWoWhsTpA_utt01965,DCBWoWhsTpA_utt01966,DCBWoWhsTpA_utt01967",9,/Users/rajeshpmu/Desktop/LegalMemoCMT/data/phase2/clancy/corpus/raw/live-lindsay-clancy-trial-day-14/live-lindsay-clancy-trial-day-14_DCBWoWhsTpA.mp4,/Users/rajeshpmu/Desktop/LegalMemoCMT/data/phase2/clancy/corpus/raw/live-lindsay-clancy-trial-day-14/live-lindsay-clancy-trial-day-14_DCBWoWhsTpA.wav,/Users/rajeshpmu/Desktop/LegalMemoCMT/data/processed/phase2/clancy/turn_clips/video/DCBWoWhsTpA/DCBWoWhsTpA_turn06095.mp4,/Users/rajeshpmu/Desktop/LegalMemoCMT/data/processed/phase2/clancy/turn_clips/audio/DCBWoWhsTpA/DCBWoWhsTpA_turn06095.wav,2687.430,2696.221,8.791,created,00:44:47.430,00:44:56.221,0.000,default_zero,SPEAKER_18,4.130,pyannote/speaker-diarization-3.1,Witness,manual_verified_diarization,HIGH,YES,SPEAKING,Witness,YES,Witness 15 identified by manual audio/video review,INCLUDE,,YES,speaker_role=Witness,split_dev;usable,"usable because speaker_role=Witness, witness_speaking_status=SPEAKING, clip_status=created, duration=8.791s, and source is not excluded",YES,0.60,HIGH,manual_clip_review,HUMAN_VERIFIED,neutral,0.966252,0.194324,"{""anger"": 0.016907, ""disgust"": 0.003068, ""fear"": 0.005284, ""joy"": 0.006135, ""neutral"": 0.966252, ""sadness"": 0.001852, ""surprise"": 0.000502}",/Users/rajeshpmu/Desktop/LegalMemoCMT/results/paper_aligned_meld_cv/cmt_min/fold_2/best_model.pt,phase1_meld_checkpoint_pseudo_label,"audio,text","audio,text,video","{""audio_dim"": 128, ""audio_model_name"": ""facebook/hubert-base-ls960"", ""dropout"": 0.1, ""encoder_mode"": ""paper"", ""freeze_audio_backbone"": true, ""freeze_text_backbone"": true, ""fusion_dim"": 256, ""fusion_pooling"": ""min"", ""max_audio_len"": 256, ""max_text_len"": 128, ""max_video_len"": 32, ""num_classes"": 7, ""num_heads"": 4, ""num_layers"": 2, ""text_dim"": 256, ""text_model_name"": ""bert-base-uncased"", ""use_video"": false, ""video_dim"": 128, ""vocab_size"": 30000}"
DCBWoWhsTpA_turn06099,DCBWoWhsTpA_turn06099,DCBWoWhsTpA,https://www.youtube.com/live/DCBWoWhsTpA,LIVE: Lindsay Clancy trial Day 14,full_trial_stream,5,/Users/rajeshpmu/Desktop/LegalMemoCMT/data/phase2/clancy/corpus/raw/live-lindsay-clancy-trial-day-14/live-lindsay-clancy-trial-day-14_DCBWoWhsTpA.en.vtt,/Users/rajeshpmu/Desktop/LegalMemoCMT/data/processed/phase2/clancy/turn_clips/video/DCBWoWhsTpA/DCBWoWhsTpA_turn06099.mp4,/Users/rajeshpmu/Desktop/LegalMemoCMT/data/processed/phase2/clancy/turn_clips/audio/DCBWoWhsTpA/DCBWoWhsTpA_turn06099.wav,DCBWoWhsTpA,group_by_youtube_id,dev,neutral,text_keyword_heuristic,LOW,NO,neutral default,YES,Uh yes. So the the last unlock of the device was used for the purposes of viewing Safari uh where PDLX was searched using uh Google,Uh yes. So the the last unlock of the device was used for the purposes of viewing Safari uh where PDLX was searched using uh Google,00:45:06.264,00:45:16.690,10.426,10.426,marker,MEDIUM,1,9,"DCBWoWhsTpA_utt01975#p02,DCBWoWhsTpA_utt01976#p01,DCBWoWhsTpA_utt01977#p01,DCBWoWhsTpA_utt01978#p01,DCBWoWhsTpA_utt01979#p01,DCBWoWhsTpA_utt01980#p01,DCBWoWhsTpA_utt01981#p01,DCBWoWhsTpA_utt01982#p01,DCBWoWhsTpA_utt01983#p01","DCBWoWhsTpA_utt01975,DCBWoWhsTpA_utt01976,DCBWoWhsTpA_utt01977,DCBWoWhsTpA_utt01978,DCBWoWhsTpA_utt01979,DCBWoWhsTpA_utt01980,DCBWoWhsTpA_utt01981,DCBWoWhsTpA_utt01982,DCBWoWhsTpA_utt01983",9,/Users/rajeshpmu/Desktop/LegalMemoCMT/data/phase2/clancy/corpus/raw/live-lindsay-clancy-trial-day-14/live-lindsay-clancy-trial-day-14_DCBWoWhsTpA.mp4,/Users/rajeshpmu/Desktop/LegalMemoCMT/data/phase2/clancy/corpus/raw/live-lindsay-clancy-trial-day-14/live-lindsay-clancy-trial-day-14_DCBWoWhsTpA.wav,/Users/rajeshpmu/Desktop/LegalMemoCMT/data/processed/phase2/clancy/turn_clips/video/DCBWoWhsTpA/DCBWoWhsTpA_turn06099.mp4,/Users/rajeshpmu/Desktop/LegalMemoCMT/data/processed/phase2/clancy/turn_clips/audio/DCBWoWhsTpA/DCBWoWhsTpA_turn06099.wav,2706.264,2716.690,10.426,created,00:45:06.264,00:45:16.690,0.000,default_zero,SPEAKER_18,9.028,pyannote/speaker-diarization-3.1,Witness,manual_verified_diarization,HIGH,YES,SPEAKING,Witness,YES,Witness 15 identified by manual audio/video review,INCLUDE,,YES,speaker_role=Witness,split_dev;usable,"usable because speaker_role=Witness, witness_speaking_status=SPEAKING, clip_status=created, duration=10.426s, and source is not excluded",YES,0.60,HIGH,manual_clip_review,HUMAN_VERIFIED,neutral,0.939637,0.309716,"{""anger"": 0.03272, ""disgust"": 0.003377, ""fear"": 0.006138, ""joy"": 0.010419, ""neutral"": 0.939637, ""sadness"": 0.006226, ""surprise"": 0.001483}",/Users/rajeshpmu/Desktop/LegalMemoCMT/results/paper_aligned_meld_cv/cmt_min/fold_2/best_model.pt,phase1_meld_checkpoint_pseudo_label,"audio,text","audio,text,video","{""audio_dim"": 128, ""audio_model_name"": ""facebook/hubert-base-ls960"", ""dropout"": 0.1, ""encoder_mode"": ""paper"", ""freeze_audio_backbone"": true, ""freeze_text_backbone"": true, ""fusion_dim"": 256, ""fusion_pooling"": ""min"", ""max_audio_len"": 256, ""max_text_len"": 128, ""max_video_len"": 32, ""num_classes"": 7, ""num_heads"": 4, ""num_layers"": 2, ""text_dim"": 256, ""text_model_name"": ""bert-base-uncased"", ""use_video"": false, ""video_dim"": 128, ""vocab_size"": 30000}"
DCBWoWhsTpA_turn06101,DCBWoWhsTpA_turn06101,DCBWoWhsTpA,https://www.youtube.com/live/DCBWoWhsTpA,LIVE: Lindsay Clancy trial Day 14,full_trial_stream,5,/Users/rajeshpmu/Desktop/LegalMemoCMT/data/phase2/clancy/corpus/raw/live-lindsay-clancy-trial-day-14/live-lindsay-clancy-trial-day-14_DCBWoWhsTpA.en.vtt,/Users/rajeshpmu/Desktop/LegalMemoCMT/data/processed/phase2/clancy/turn_clips/video/DCBWoWhsTpA/DCBWoWhsTpA_turn06101.mp4,/Users/rajeshpmu/Desktop/LegalMemoCMT/data/processed/phase2/clancy/turn_clips/audio/DCBWoWhsTpA/DCBWoWhsTpA_turn06101.wav,DCBWoWhsTpA,group_by_youtube_id,dev,neutral,text_keyword_heuristic,LOW,NO,neutral default,YES,at the same time uh or in that same device usage uh so the device was unlocked Safari was used to search PLAX and then the messaging application was opened to send a message to to Patrick saying PDLax liquid stool softener And that was at 5:15 p.m.,at the same time uh or in that same device usage uh so the device was unlocked Safari was used to search PLAX and then the messaging application was opened to send a message to to Patrick saying PDLax liquid stool softener And that was at 5:15 p.m.,00:45:20.015,00:45:42.888,22.873,22.873,marker,MEDIUM,1,15,"DCBWoWhsTpA_utt01989#p02,DCBWoWhsTpA_utt01990#p01,DCBWoWhsTpA_utt01991#p01,DCBWoWhsTpA_utt01992#p01,DCBWoWhsTpA_utt01993#p01,DCBWoWhsTpA_utt01994#p01,DCBWoWhsTpA_utt01995#p01,DCBWoWhsTpA_utt01996#p01,DCBWoWhsTpA_utt01997#p01,DCBWoWhsTpA_utt01998#p01,DCBWoWhsTpA_utt01999#p01,DCBWoWhsTpA_utt02000#p01,DCBWoWhsTpA_utt02001#p01,DCBWoWhsTpA_utt02002#p01,DCBWoWhsTpA_utt02003#p01","DCBWoWhsTpA_utt01989,DCBWoWhsTpA_utt01990,DCBWoWhsTpA_utt01991,DCBWoWhsTpA_utt01992,DCBWoWhsTpA_utt01993,DCBWoWhsTpA_utt01994,DCBWoWhsTpA_utt01995,DCBWoWhsTpA_utt01996,DCBWoWhsTpA_utt01997,DCBWoWhsTpA_utt01998,DCBWoWhsTpA_utt01999,DCBWoWhsTpA_utt02000,DCBWoWhsTpA_utt02001,DCBWoWhsTpA_utt02002,DCBWoWhsTpA_utt02003",15,/Users/rajeshpmu/Desktop/LegalMemoCMT/data/phase2/clancy/corpus/raw/live-lindsay-clancy-trial-day-14/live-lindsay-clancy-trial-day-14_DCBWoWhsTpA.mp4,/Users/rajeshpmu/Desktop/LegalMemoCMT/data/phase2/clancy/corpus/raw/live-lindsay-clancy-trial-day-14/live-lindsay-clancy-trial-day-14_DCBWoWhsTpA.wav,/Users/rajeshpmu/Desktop/LegalMemoCMT/data/processed/phase2/clancy/turn_clips/video/DCBWoWhsTpA/DCBWoWhsTpA_turn06101.mp4,/Users/rajeshpmu/Desktop/LegalMemoCMT/data/processed/phase2/clancy/turn_clips/audio/DCBWoWhsTpA/DCBWoWhsTpA_turn06101.wav,2720.015,2742.888,22.873,created,00:45:20.015,00:45:42.888,0.000,default_zero,SPEAKER_18,15.234,pyannote/speaker-diarization-3.1,Witness,manual_verified_diarization,HIGH,YES,SPEAKING,Witness,YES,Witness 15 identified by manual audio/video review,INCLUDE,,YES,speaker_role=Witness,split_dev;usable,"usable because speaker_role=Witness, witness_speaking_status=SPEAKING, clip_status=created, duration=22.873s, and source is not excluded",YES,0.60,HIGH,manual_clip_review,HUMAN_VERIFIED,neutral,0.943138,0.300867,"{""anger"": 0.023307, ""disgust"": 0.003197, ""fear"": 0.007692, ""joy"": 0.016945, ""neutral"": 0.943138, ""sadness"": 0.003878, ""surprise"": 0.001842}",/Users/rajeshpmu/Desktop/LegalMemoCMT/results/paper_aligned_meld_cv/cmt_min/fold_2/best_model.pt,phase1_meld_checkpoint_pseudo_label,"audio,text","audio,text,video","{""audio_dim"": 128, ""audio_model_name"": ""facebook/hubert-base-ls960"", ""dropout"": 0.1, ""encoder_mode"": ""paper"", ""freeze_audio_backbone"": true, ""freeze_text_backbone"": true, ""fusion_dim"": 256, ""fusion_pooling"": ""min"", ""max_audio_len"": 256, ""max_text_len"": 128, ""max_video_len"": 32, ""num_classes"": 7, ""num_heads"": 4, ""num_layers"": 2, ""text_dim"": 256, ""text_model_name"": ""bert-base-uncased"", ""use_video"": false, ""video_dim"": 128, ""vocab_size"": 30000}"
DCBWoWhsTpA_turn06115,DCBWoWhsTpA_turn06115,DCBWoWhsTpA,https://www.youtube.com/live/DCBWoWhsTpA,LIVE: Lindsay Clancy trial Day 14,full_trial_stream,5,/Users/rajeshpmu/Desktop/LegalMemoCMT/data/phase2/clancy/corpus/raw/live-lindsay-clancy-trial-day-14/live-lindsay-clancy-trial-day-14_DCBWoWhsTpA.en.vtt,/Users/rajeshpmu/Desktop/LegalMemoCMT/data/processed/phase2/clancy/turn_clips/video/DCBWoWhsTpA/DCBWoWhsTpA_turn06115.mp4,/Users/rajeshpmu/Desktop/LegalMemoCMT/data/processed/phase2/clancy/turn_clips/audio/DCBWoWhsTpA/DCBWoWhsTpA_turn06115.wav,DCBWoWhsTpA,group_by_youtube_id,dev,neutral,text_keyword_heuristic,LOW,NO,neutral default,YES,Correct. So two flight climbs occurred during that time period.,Correct. So two flight climbs occurred during that time period.,00:48:20.428,00:48:23.843,3.415,3.415,marker,MEDIUM,1,5,"DCBWoWhsTpA_utt02105#p02,DCBWoWhsTpA_utt02106#p01,DCBWoWhsTpA_utt02107#p01,DCBWoWhsTpA_utt02108#p01,DCBWoWhsTpA_utt02109#p01","DCBWoWhsTpA_utt02105,DCBWoWhsTpA_utt02106,DCBWoWhsTpA_utt02107,DCBWoWhsTpA_utt02108,DCBWoWhsTpA_utt02109",5,/Users/rajeshpmu/Desktop/LegalMemoCMT/data/phase2/clancy/corpus/raw/live-lindsay-clancy-trial-day-14/live-lindsay-clancy-trial-day-14_DCBWoWhsTpA.mp4,/Users/rajeshpmu/Desktop/LegalMemoCMT/data/phase2/clancy/corpus/raw/live-lindsay-clancy-trial-day-14/live-lindsay-clancy-trial-day-14_DCBWoWhsTpA.wav,/Users/rajeshpmu/Desktop/LegalMemoCMT/data/processed/phase2/clancy/turn_clips/video/DCBWoWhsTpA/DCBWoWhsTpA_turn06115.mp4,/Users/rajeshpmu/Desktop/LegalMemoCMT/data/processed/phase2/clancy/turn_clips/audio/DCBWoWhsTpA/DCBWoWhsTpA_turn06115.wav,2900.428,2903.843,3.415,created,00:48:20.428,00:48:23.843,0.000,default_zero,SPEAKER_18,2.170,pyannote/speaker-diarization-3.1,Witness,manual_verified_diarization,HIGH,YES,SPEAKING,Witness,YES,Witness 15 identified by manual audio/video review,INCLUDE,,YES,speaker_role=Witness,split_dev;usable,"usable because speaker_role=Witness, witness_speaking_status=SPEAKING, clip_status=created, duration=3.415s, and source is not excluded",YES,0.60,HIGH,manual_clip_review,HUMAN_VERIFIED,neutral,0.899044,0.468261,"{""anger"": 0.027149, ""disgust"": 0.040648, ""fear"": 0.003964, ""joy"": 0.022565, ""neutral"": 0.899044, ""sadness"": 0.004954, ""surprise"": 0.001676}",/Users/rajeshpmu/Desktop/LegalMemoCMT/results/paper_aligned_meld_cv/cmt_min/fold_2/best_model.pt,phase1_meld_checkpoint_pseudo_label,"audio,text","audio,text,video","{""audio_dim"": 128, ""audio_model_name"": ""facebook/hubert-base-ls960"", ""dropout"": 0.1, ""encoder_mode"": ""paper"", ""freeze_audio_backbone"": true, ""freeze_text_backbone"": true, ""fusion_dim"": 256, ""fusion_pooling"": ""min"", ""max_audio_len"": 256, ""max_text_len"": 128, ""max_video_len"": 32, ""num_classes"": 7, ""num_heads"": 4, ""num_layers"": 2, ""text_dim"": 256, ""text_model_name"": ""bert-base-uncased"", ""use_video"": false, ""video_dim"": 128, ""vocab_size"": 30000}"
DCBWoWhsTpA_turn06119,DCBWoWhsTpA_turn06119,DCBWoWhsTpA,https://www.youtube.com/live/DCBWoWhsTpA,LIVE: Lindsay Clancy trial Day 14,full_trial_stream,5,/Users/rajeshpmu/Desktop/LegalMemoCMT/data/phase2/clancy/corpus/raw/live-lindsay-clancy-trial-day-14/live-lindsay-clancy-trial-day-14_DCBWoWhsTpA.en.vtt,/Users/rajeshpmu/Desktop/LegalMemoCMT/data/processed/phase2/clancy/turn_clips/video/DCBWoWhsTpA/DCBWoWhsTpA_turn06119.mp4,/Users/rajeshpmu/Desktop/LegalMemoCMT/data/processed/phase2/clancy/turn_clips/audio/DCBWoWhsTpA/DCBWoWhsTpA_turn06119.wav,DCBWoWhsTpA,group_by_youtube_id,dev,neutral,text_keyword_heuristic,LOW,NO,neutral default,YES,"Uh so flight climb started uh is how it's listed within the database and within the software. Uh but it actually the flight climb time is when the flight climb has been recognized by the device as the device has already uh climbed up those stairs. So even though it says flight climb started, that's that's technically the time that the flight climb uh or the first flight climb had ended.","Uh so flight climb started uh is how it's listed within the database and within the software. Uh but it actually the flight climb time is when the flight climb has been recognized by the device as the device has already uh climbed up those stairs. So even though it says flight climb started, that's that's technically the time that the flight climb uh or the first flight climb had ended.",00:48:47.182,00:49:12.492,25.310,25.310,marker,MEDIUM,1,23,"DCBWoWhsTpA_utt02131#p02,DCBWoWhsTpA_utt02132#p01,DCBWoWhsTpA_utt02133#p01,DCBWoWhsTpA_utt02134#p01,DCBWoWhsTpA_utt02135#p01,DCBWoWhsTpA_utt02136#p01,DCBWoWhsTpA_utt02137#p01,DCBWoWhsTpA_utt02138#p01,DCBWoWhsTpA_utt02139#p01,DCBWoWhsTpA_utt02140#p01,DCBWoWhsTpA_utt02141#p01,DCBWoWhsTpA_utt02142#p01,DCBWoWhsTpA_utt02143#p01,DCBWoWhsTpA_utt02144#p01,DCBWoWhsTpA_utt02145#p01,DCBWoWhsTpA_utt02146#p01,DCBWoWhsTpA_utt02147#p01,DCBWoWhsTpA_utt02148#p01,DCBWoWhsTpA_utt02149#p01,DCBWoWhsTpA_utt02150#p01,DCBWoWhsTpA_utt02151#p01,DCBWoWhsTpA_utt02152#p01,DCBWoWhsTpA_utt02153#p01","DCBWoWhsTpA_utt02131,DCBWoWhsTpA_utt02132,DCBWoWhsTpA_utt02133,DCBWoWhsTpA_utt02134,DCBWoWhsTpA_utt02135,DCBWoWhsTpA_utt02136,DCBWoWhsTpA_utt02137,DCBWoWhsTpA_utt02138,DCBWoWhsTpA_utt02139,DCBWoWhsTpA_utt02140,DCBWoWhsTpA_utt02141,DCBWoWhsTpA_utt02142,DCBWoWhsTpA_utt02143,DCBWoWhsTpA_utt02144,DCBWoWhsTpA_utt02145,DCBWoWhsTpA_utt02146,DCBWoWhsTpA_utt02147,DCBWoWhsTpA_utt02148,DCBWoWhsTpA_utt02149,DCBWoWhsTpA_utt02150,DCBWoWhsTpA_utt02151,DCBWoWhsTpA_utt02152,DCBWoWhsTpA_utt02153",23,/Users/rajeshpmu/Desktop/LegalMemoCMT/data/phase2/clancy/corpus/raw/live-lindsay-clancy-trial-day-14/live-lindsay-clancy-trial-day-14_DCBWoWhsTpA.mp4,/Users/rajeshpmu/Desktop/LegalMemoCMT/data/phase2/clancy/corpus/raw/live-lindsay-clancy-trial-day-14/live-lindsay-clancy-trial-day-14_DCBWoWhsTpA.wav,/Users/rajeshpmu/Desktop/LegalMemoCMT/data/processed/phase2/clancy/turn_clips/video/DCBWoWhsTpA/DCBWoWhsTpA_turn06119.mp4,/Users/rajeshpmu/Desktop/LegalMemoCMT/data/processed/phase2/clancy/turn_clips/audio/DCBWoWhsTpA/DCBWoWhsTpA_turn06119.wav,2927.182,2952.492,25.310,created,00:48:47.182,00:49:12.492,0.000,default_zero,SPEAKER_18,20.908,pyannote/speaker-diarization-3.1,Witness,manual_verified_diarization,HIGH,YES,SPEAKING,Witness,YES,Witness 15 identified by manual audio/video review,INCLUDE,,YES,speaker_role=Witness,split_dev;usable,"usable because speaker_role=Witness, witness_speaking_status=SPEAKING, clip_status=created, duration=25.310s, and source is not excluded",YES,0.60,HIGH,manual_clip_review,HUMAN_VERIFIED,neutral,0.903244,0.46874,"{""anger"": 0.030589, ""disgust"": 0.013173, ""fear"": 0.007923, ""joy"": 0.030895, ""neutral"": 0.903244, ""sadness"": 0.011388, ""surprise"": 0.002788}",/Users/rajeshpmu/Desktop/LegalMemoCMT/results/paper_aligned_meld_cv/cmt_min/fold_2/best_model.pt,phase1_meld_checkpoint_pseudo_label,"audio,text","audio,text,video","{""audio_dim"": 128, ""audio_model_name"": ""facebook/hubert-base-ls960"", ""dropout"": 0.1, ""encoder_mode"": ""paper"", ""freeze_audio_backbone"": true, ""freeze_text_backbone"": true, ""fusion_dim"": 256, ""fusion_pooling"": ""min"", ""max_audio_len"": 256, ""max_text_len"": 128, ""max_video_len"": 32, ""num_classes"": 7, ""num_heads"": 4, ""num_layers"": 2, ""text_dim"": 256, ""text_model_name"": ""bert-base-uncased"", ""use_video"": false, ""video_dim"": 128, ""vocab_size"": 30000}"
DCBWoWhsTpA_turn06121,DCBWoWhsTpA_turn06121,DCBWoWhsTpA,https://www.youtube.com/live/DCBWoWhsTpA,LIVE: Lindsay Clancy trial Day 14,full_trial_stream,5,/Users/rajeshpmu/Desktop/LegalMemoCMT/data/phase2/clancy/corpus/raw/live-lindsay-clancy-trial-day-14/live-lindsay-clancy-trial-day-14_DCBWoWhsTpA.en.vtt,/Users/rajeshpmu/Desktop/LegalMemoCMT/data/processed/phase2/clancy/turn_clips/video/DCBWoWhsTpA/DCBWoWhsTpA_turn06121.mp4,/Users/rajeshpmu/Desktop/LegalMemoCMT/data/processed/phase2/clancy/turn_clips/audio/DCBWoWhsTpA/DCBWoWhsTpA_turn06121.wav,DCBWoWhsTpA,group_by_youtube_id,dev,neutral,text_keyword_heuristic,LOW,NO,neutral default,YES,"Yes, that that indicates the phone has now realized I'm 3 m higher than I was the last time I checked. Uh therefore a flight climb has already been completed at that point","Yes, that that indicates the phone has now realized I'm 3 m higher than I was the last time I checked. Uh therefore a flight climb has already been completed at that point",00:49:23.896,00:49:34.375,10.479,10.479,marker,MEDIUM,1,11,"DCBWoWhsTpA_utt02163#p02,DCBWoWhsTpA_utt02164#p01,DCBWoWhsTpA_utt02165#p01,DCBWoWhsTpA_utt02166#p01,DCBWoWhsTpA_utt02167#p01,DCBWoWhsTpA_utt02168#p01,DCBWoWhsTpA_utt02169#p01,DCBWoWhsTpA_utt02170#p01,DCBWoWhsTpA_utt02171#p01,DCBWoWhsTpA_utt02172#p01,DCBWoWhsTpA_utt02173#p01","DCBWoWhsTpA_utt02163,DCBWoWhsTpA_utt02164,DCBWoWhsTpA_utt02165,DCBWoWhsTpA_utt02166,DCBWoWhsTpA_utt02167,DCBWoWhsTpA_utt02168,DCBWoWhsTpA_utt02169,DCBWoWhsTpA_utt02170,DCBWoWhsTpA_utt02171,DCBWoWhsTpA_utt02172,DCBWoWhsTpA_utt02173",11,/Users/rajeshpmu/Desktop/LegalMemoCMT/data/phase2/clancy/corpus/raw/live-lindsay-clancy-trial-day-14/live-lindsay-clancy-trial-day-14_DCBWoWhsTpA.mp4,/Users/rajeshpmu/Desktop/LegalMemoCMT/data/phase2/clancy/corpus/raw/live-lindsay-clancy-trial-day-14/live-lindsay-clancy-trial-day-14_DCBWoWhsTpA.wav,/Users/rajeshpmu/Desktop/LegalMemoCMT/data/processed/phase2/clancy/turn_clips/video/DCBWoWhsTpA/DCBWoWhsTpA_turn06121.mp4,/Users/rajeshpmu/Desktop/LegalMemoCMT/data/processed/phase2/clancy/turn_clips/audio/DCBWoWhsTpA/DCBWoWhsTpA_turn06121.wav,2963.896,2974.375,10.479,created,00:49:23.896,00:49:34.375,0.000,default_zero,SPEAKER_18,3.460,pyannote/speaker-diarization-3.1,Witness,manual_verified_diarization,HIGH,YES,SPEAKING,Witness,YES,Witness 15 identified by manual audio/video review,INCLUDE,,YES,speaker_role=Witness,split_dev;usable,"usable because speaker_role=Witness, witness_speaking_status=SPEAKING, clip_status=created, duration=10.479s, and source is not excluded",YES,0.60,HIGH,manual_clip_review,HUMAN_VERIFIED,neutral,0.871323,0.576552,"{""anger"": 0.049735, ""disgust"": 0.012994, ""fear"": 0.007374, ""joy"": 0.03493, ""neutral"": 0.871323, ""sadness"": 0.020679, ""surprise"": 0.002965}",/Users/rajeshpmu/Desktop/LegalMemoCMT/results/paper_aligned_meld_cv/cmt_min/fold_2/best_model.pt,phase1_meld_checkpoint_pseudo_label,"audio,text","audio,text,video","{""audio_dim"": 128, ""audio_model_name"": ""facebook/hubert-base-ls960"", ""dropout"": 0.1, ""encoder_mode"": ""paper"", ""freeze_audio_backbone"": true, ""freeze_text_backbone"": true, ""fusion_dim"": 256, ""fusion_pooling"": ""min"", ""max_audio_len"": 256, ""max_text_len"": 128, ""max_video_len"": 32, ""num_classes"": 7, ""num_heads"": 4, ""num_layers"": 2, ""text_dim"": 256, ""text_model_name"": ""bert-base-uncased"", ""use_video"": false, ""video_dim"": 128, ""vocab_size"": 30000}"
DCBWoWhsTpA_turn06148,DCBWoWhsTpA_turn06148,DCBWoWhsTpA,https://www.youtube.com/live/DCBWoWhsTpA,LIVE: Lindsay Clancy trial Day 14,full_trial_stream,5,/Users/rajeshpmu/Desktop/LegalMemoCMT/data/phase2/clancy/corpus/raw/live-lindsay-clancy-trial-day-14/live-lindsay-clancy-trial-day-14_DCBWoWhsTpA.en.vtt,/Users/rajeshpmu/Desktop/LegalMemoCMT/data/processed/phase2/clancy/turn_clips/video/DCBWoWhsTpA/DCBWoWhsTpA_turn06148.mp4,/Users/rajeshpmu/Desktop/LegalMemoCMT/data/processed/phase2/clancy/turn_clips/audio/DCBWoWhsTpA/DCBWoWhsTpA_turn06148.wav,DCBWoWhsTpA,group_by_youtube_id,dev,neutral,text_keyword_heuristic,LOW,NO,neutral default,YES,"Okay. Now, if you have an Apple Watch and you and you test it or you examine it, would you be able to determine what information was actually recorded by the watch while the person was wearing it? Yes, the information that's recorded within the Apple Health database does specify whether it uh whether the information comes from the watch uh the phone or from a different device.","Okay. Now, if you have an Apple Watch and you and you test it or you examine it, would you be able to determine what information was actually recorded by the watch while the person was wearing it? Yes, the information that's recorded within the Apple Health database does specify whether it uh whether the information comes from the watch uh the phone or from a different device.",00:54:51.595,00:55:16.235,24.640,24.640,marker,MEDIUM,1,21,"DCBWoWhsTpA_utt02333#p02,DCBWoWhsTpA_utt02334#p01,DCBWoWhsTpA_utt02335#p01,DCBWoWhsTpA_utt02336#p01,DCBWoWhsTpA_utt02337#p01,DCBWoWhsTpA_utt02338#p01,DCBWoWhsTpA_utt02339#p01,DCBWoWhsTpA_utt02340#p01,DCBWoWhsTpA_utt02341#p01,DCBWoWhsTpA_utt02342#p01,DCBWoWhsTpA_utt02343#p01,DCBWoWhsTpA_utt02344#p01,DCBWoWhsTpA_utt02345#p01,DCBWoWhsTpA_utt02346#p01,DCBWoWhsTpA_utt02347#p01,DCBWoWhsTpA_utt02348#p01,DCBWoWhsTpA_utt02349#p01,DCBWoWhsTpA_utt02350#p01,DCBWoWhsTpA_utt02351#p01,DCBWoWhsTpA_utt02352#p01,DCBWoWhsTpA_utt02353#p01","DCBWoWhsTpA_utt02333,DCBWoWhsTpA_utt02334,DCBWoWhsTpA_utt02335,DCBWoWhsTpA_utt02336,DCBWoWhsTpA_utt02337,DCBWoWhsTpA_utt02338,DCBWoWhsTpA_utt02339,DCBWoWhsTpA_utt02340,DCBWoWhsTpA_utt02341,DCBWoWhsTpA_utt02342,DCBWoWhsTpA_utt02343,DCBWoWhsTpA_utt02344,DCBWoWhsTpA_utt02345,DCBWoWhsTpA_utt02346,DCBWoWhsTpA_utt02347,DCBWoWhsTpA_utt02348,DCBWoWhsTpA_utt02349,DCBWoWhsTpA_utt02350,DCBWoWhsTpA_utt02351,DCBWoWhsTpA_utt02352,DCBWoWhsTpA_utt02353",21,/Users/rajeshpmu/Desktop/LegalMemoCMT/data/phase2/clancy/corpus/raw/live-lindsay-clancy-trial-day-14/live-lindsay-clancy-trial-day-14_DCBWoWhsTpA.mp4,/Users/rajeshpmu/Desktop/LegalMemoCMT/data/phase2/clancy/corpus/raw/live-lindsay-clancy-trial-day-14/live-lindsay-clancy-trial-day-14_DCBWoWhsTpA.wav,/Users/rajeshpmu/Desktop/LegalMemoCMT/data/processed/phase2/clancy/turn_clips/video/DCBWoWhsTpA/DCBWoWhsTpA_turn06148.mp4,/Users/rajeshpmu/Desktop/LegalMemoCMT/data/processed/phase2/clancy/turn_clips/audio/DCBWoWhsTpA/DCBWoWhsTpA_turn06148.wav,3291.595,3316.235,24.640,created,00:54:51.595,00:55:16.235,0.000,default_zero,SPEAKER_18,9.433,pyannote/speaker-diarization-3.1,Witness,manual_verified_diarization,HIGH,YES,SPEAKING,Witness,YES,Witness 15 identified by manual audio/video review,INCLUDE,,YES,speaker_role=Witness,split_dev;usable,"usable because speaker_role=Witness, witness_speaking_status=SPEAKING, clip_status=created, duration=24.640s, and source is not excluded",YES,0.60,HIGH,manual_clip_review,HUMAN_VERIFIED,neutral,0.949294,0.281743,"{""anger"": 0.017747, ""disgust"": 0.008165, ""fear"": 0.003816, ""joy"": 0.012986, ""neutral"": 0.949294, ""sadness"": 0.005002, ""surprise"": 0.002991}",/Users/rajeshpmu/Desktop/LegalMemoCMT/results/paper_aligned_meld_cv/cmt_min/fold_2/best_model.pt,phase1_meld_checkpoint_pseudo_label,"audio,text","audio,text,video","{""audio_dim"": 128, ""audio_model_name"": ""facebook/hubert-base-ls960"", ""dropout"": 0.1, ""encoder_mode"": ""paper"", ""freeze_audio_backbone"": true, ""freeze_text_backbone"": true, ""fusion_dim"": 256, ""fusion_pooling"": ""min"", ""max_audio_len"": 256, ""max_text_len"": 128, ""max_video_len"": 32, ""num_classes"": 7, ""num_heads"": 4, ""num_layers"": 2, ""text_dim"": 256, ""text_model_name"": ""bert-base-uncased"", ""use_video"": false, ""video_dim"": 128, ""vocab_size"": 30000}"
DCBWoWhsTpA_turn06155,DCBWoWhsTpA_turn06155,DCBWoWhsTpA,https://www.youtube.com/live/DCBWoWhsTpA,LIVE: Lindsay Clancy trial Day 14,full_trial_stream,5,/Users/rajeshpmu/Desktop/LegalMemoCMT/data/phase2/clancy/corpus/raw/live-lindsay-clancy-trial-day-14/live-lindsay-clancy-trial-day-14_DCBWoWhsTpA.en.vtt,/Users/rajeshpmu/Desktop/LegalMemoCMT/data/processed/phase2/clancy/turn_clips/video/DCBWoWhsTpA/DCBWoWhsTpA_turn06155.mp4,/Users/rajeshpmu/Desktop/LegalMemoCMT/data/processed/phase2/clancy/turn_clips/audio/DCBWoWhsTpA/DCBWoWhsTpA_turn06155.wav,DCBWoWhsTpA,group_by_youtube_id,dev,neutral,text_keyword_heuristic,LOW,NO,neutral default,YES,Yes. The the last heart rate was uh 52352.,Yes. The the last heart rate was uh 52352.,00:55:53.006,00:55:57.074,4.068,4.068,marker,MEDIUM,1,5,"DCBWoWhsTpA_utt02381#p02,DCBWoWhsTpA_utt02382#p01,DCBWoWhsTpA_utt02383#p01,DCBWoWhsTpA_utt02384#p01,DCBWoWhsTpA_utt02385#p01","DCBWoWhsTpA_utt02381,DCBWoWhsTpA_utt02382,DCBWoWhsTpA_utt02383,DCBWoWhsTpA_utt02384,DCBWoWhsTpA_utt02385",5,/Users/rajeshpmu/Desktop/LegalMemoCMT/data/phase2/clancy/corpus/raw/live-lindsay-clancy-trial-day-14/live-lindsay-clancy-trial-day-14_DCBWoWhsTpA.mp4,/Users/rajeshpmu/Desktop/LegalMemoCMT/data/phase2/clancy/corpus/raw/live-lindsay-clancy-trial-day-14/live-lindsay-clancy-trial-day-14_DCBWoWhsTpA.wav,/Users/rajeshpmu/Desktop/LegalMemoCMT/data/processed/phase2/clancy/turn_clips/video/DCBWoWhsTpA/DCBWoWhsTpA_turn06155.mp4,/Users/rajeshpmu/Desktop/LegalMemoCMT/data/processed/phase2/clancy/turn_clips/audio/DCBWoWhsTpA/DCBWoWhsTpA_turn06155.wav,3353.006,3357.074,4.068,created,00:55:53.006,00:55:57.074,0.000,default_zero,SPEAKER_18,3.041,pyannote/speaker-diarization-3.1,Witness,manual_verified_diarization,HIGH,YES,SPEAKING,Witness,YES,Witness 15 identified by manual audio/video review,INCLUDE,,YES,speaker_role=Witness,split_dev;usable,"usable because speaker_role=Witness, witness_speaking_status=SPEAKING, clip_status=created, duration=4.068s, and source is not excluded",YES,0.60,HIGH,manual_clip_review,HUMAN_VERIFIED,neutral,0.896002,0.49922,"{""anger"": 0.033974, ""disgust"": 0.009593, ""fear"": 0.009789, ""joy"": 0.013761, ""neutral"": 0.896002, ""sadness"": 0.031474, ""surprise"": 0.005407}",/Users/rajeshpmu/Desktop/LegalMemoCMT/results/paper_aligned_meld_cv/cmt_min/fold_2/best_model.pt,phase1_meld_checkpoint_pseudo_label,"audio,text","audio,text,video","{""audio_dim"": 128, ""audio_model_name"": ""facebook/hubert-base-ls960"", ""dropout"": 0.1, ""encoder_mode"": ""paper"", ""freeze_audio_backbone"": true, ""freeze_text_backbone"": true, ""fusion_dim"": 256, ""fusion_pooling"": ""min"", ""max_audio_len"": 256, ""max_text_len"": 128, ""max_video_len"": 32, ""num_classes"": 7, ""num_heads"": 4, ""num_layers"": 2, ""text_dim"": 256, ""text_model_name"": ""bert-base-uncased"", ""use_video"": false, ""video_dim"": 128, ""vocab_size"": 30000}"
DCBWoWhsTpA_turn06158,DCBWoWhsTpA_turn06158,DCBWoWhsTpA,https://www.youtube.com/live/DCBWoWhsTpA,LIVE: Lindsay Clancy trial Day 14,full_trial_stream,5,/Users/rajeshpmu/Desktop/LegalMemoCMT/data/phase2/clancy/corpus/raw/live-lindsay-clancy-trial-day-14/live-lindsay-clancy-trial-day-14_DCBWoWhsTpA.en.vtt,/Users/rajeshpmu/Desktop/LegalMemoCMT/data/processed/phase2/clancy/turn_clips/video/DCBWoWhsTpA/DCBWoWhsTpA_turn06158.mp4,/Users/rajeshpmu/Desktop/LegalMemoCMT/data/processed/phase2/clancy/turn_clips/audio/DCBWoWhsTpA/DCBWoWhsTpA_turn06158.wav,DCBWoWhsTpA,group_by_youtube_id,dev,neutral,text_keyword_heuristic,LOW,NO,neutral default,YES,"Uh yes, not until um like the phone was seized by police, I believe.","Uh yes, not until um like the phone was seized by police, I believe.",00:56:32.769,00:56:39.021,6.252,6.252,marker,MEDIUM,1,5,"DCBWoWhsTpA_utt02409#p02,DCBWoWhsTpA_utt02410#p01,DCBWoWhsTpA_utt02411#p01,DCBWoWhsTpA_utt02412#p01,DCBWoWhsTpA_utt02413#p01","DCBWoWhsTpA_utt02409,DCBWoWhsTpA_utt02410,DCBWoWhsTpA_utt02411,DCBWoWhsTpA_utt02412,DCBWoWhsTpA_utt02413",5,/Users/rajeshpmu/Desktop/LegalMemoCMT/data/phase2/clancy/corpus/raw/live-lindsay-clancy-trial-day-14/live-lindsay-clancy-trial-day-14_DCBWoWhsTpA.mp4,/Users/rajeshpmu/Desktop/LegalMemoCMT/data/phase2/clancy/corpus/raw/live-lindsay-clancy-trial-day-14/live-lindsay-clancy-trial-day-14_DCBWoWhsTpA.wav,/Users/rajeshpmu/Desktop/LegalMemoCMT/data/processed/phase2/clancy/turn_clips/video/DCBWoWhsTpA/DCBWoWhsTpA_turn06158.mp4,/Users/rajeshpmu/Desktop/LegalMemoCMT/data/processed/phase2/clancy/turn_clips/audio/DCBWoWhsTpA/DCBWoWhsTpA_turn06158.wav,3392.769,3399.021,6.252,created,00:56:32.769,00:56:39.021,0.000,default_zero,SPEAKER_18,2.667,pyannote/speaker-diarization-3.1,Witness,manual_verified_diarization,HIGH,YES,SPEAKING,Witness,YES,Witness 15 identified by manual audio/video review,INCLUDE,,YES,speaker_role=Witness,split_dev;usable,"usable because speaker_role=Witness, witness_speaking_status=SPEAKING, clip_status=created, duration=6.252s, and source is not excluded",YES,0.60,HIGH,manual_clip_review,HUMAN_VERIFIED,neutral,0.786014,0.828578,"{""anger"": 0.043098, ""disgust"": 0.013847, ""fear"": 0.010279, ""joy"": 0.049846, ""neutral"": 0.786014, ""sadness"": 0.091165, ""surprise"": 0.005751}",/Users/rajeshpmu/Desktop/LegalMemoCMT/results/paper_aligned_meld_cv/cmt_min/fold_2/best_model.pt,phase1_meld_checkpoint_pseudo_label,"audio,text","audio,text,video","{""audio_dim"": 128, ""audio_model_name"": ""facebook/hubert-base-ls960"", ""dropout"": 0.1, ""encoder_mode"": ""paper"", ""freeze_audio_backbone"": true, ""freeze_text_backbone"": true, ""fusion_dim"": 256, ""fusion_pooling"": ""min"", ""max_audio_len"": 256, ""max_text_len"": 128, ""max_video_len"": 32, ""num_classes"": 7, ""num_heads"": 4, ""num_layers"": 2, ""text_dim"": 256, ""text_model_name"": ""bert-base-uncased"", ""use_video"": false, ""video_dim"": 128, ""vocab_size"": 30000}"
DCBWoWhsTpA_turn06159,DCBWoWhsTpA_turn06159,DCBWoWhsTpA,https://www.youtube.com/live/DCBWoWhsTpA,LIVE: Lindsay Clancy trial Day 14,full_trial_stream,5,/Users/rajeshpmu/Desktop/LegalMemoCMT/data/phase2/clancy/corpus/raw/live-lindsay-clancy-trial-day-14/live-lindsay-clancy-trial-day-14_DCBWoWhsTpA.en.vtt,/Users/rajeshpmu/Desktop/LegalMemoCMT/data/processed/phase2/clancy/turn_clips/video/DCBWoWhsTpA/DCBWoWhsTpA_turn06159.mp4,/Users/rajeshpmu/Desktop/LegalMemoCMT/data/processed/phase2/clancy/turn_clips/audio/DCBWoWhsTpA/DCBWoWhsTpA_turn06159.wav,DCBWoWhsTpA,group_by_youtube_id,dev,neutral,text_keyword_heuristic,LOW,NO,neutral default,YES,"But there's other activity, but appeared to be after the incident.","But there's other activity, but appeared to be after the incident.",00:56:39.021,00:56:44.162,5.141,5.141,marker,MEDIUM,1,5,"DCBWoWhsTpA_utt02413#p02,DCBWoWhsTpA_utt02414#p01,DCBWoWhsTpA_utt02415#p01,DCBWoWhsTpA_utt02416#p01,DCBWoWhsTpA_utt02417#p01","DCBWoWhsTpA_utt02413,DCBWoWhsTpA_utt02414,DCBWoWhsTpA_utt02415,DCBWoWhsTpA_utt02416,DCBWoWhsTpA_utt02417",5,/Users/rajeshpmu/Desktop/LegalMemoCMT/data/phase2/clancy/corpus/raw/live-lindsay-clancy-trial-day-14/live-lindsay-clancy-trial-day-14_DCBWoWhsTpA.mp4,/Users/rajeshpmu/Desktop/LegalMemoCMT/data/phase2/clancy/corpus/raw/live-lindsay-clancy-trial-day-14/live-lindsay-clancy-trial-day-14_DCBWoWhsTpA.wav,/Users/rajeshpmu/Desktop/LegalMemoCMT/data/processed/phase2/clancy/turn_clips/video/DCBWoWhsTpA/DCBWoWhsTpA_turn06159.mp4,/Users/rajeshpmu/Desktop/LegalMemoCMT/data/processed/phase2/clancy/turn_clips/audio/DCBWoWhsTpA/DCBWoWhsTpA_turn06159.wav,3399.021,3404.162,5.141,created,00:56:39.021,00:56:44.162,0.000,default_zero,SPEAKER_18,3.212,pyannote/speaker-diarization-3.1,Witness,manual_verified_diarization,HIGH,YES,SPEAKING,Witness,YES,Witness 15 identified by manual audio/video review,INCLUDE,,YES,speaker_role=Witness,split_dev;usable,"usable because speaker_role=Witness, witness_speaking_status=SPEAKING, clip_status=created, duration=5.141s, and source is not excluded",YES,0.60,HIGH,manual_clip_review,HUMAN_VERIFIED,neutral,0.939108,0.326585,"{""anger"": 0.015876, ""disgust"": 0.00561, ""fear"": 0.011346, ""joy"": 0.017188, ""neutral"": 0.939108, ""sadness"": 0.01005, ""surprise"": 0.000823}",/Users/rajeshpmu/Desktop/LegalMemoCMT/results/paper_aligned_meld_cv/cmt_min/fold_2/best_model.pt,phase1_meld_checkpoint_pseudo_label,"audio,text","audio,text,video","{""audio_dim"": 128, ""audio_model_name"": ""facebook/hubert-base-ls960"", ""dropout"": 0.1, ""encoder_mode"": ""paper"", ""freeze_audio_backbone"": true, ""freeze_text_backbone"": true, ""fusion_dim"": 256, ""fusion_pooling"": ""min"", ""max_audio_len"": 256, ""max_text_len"": 128, ""max_video_len"": 32, ""num_classes"": 7, ""num_heads"": 4, ""num_layers"": 2, ""text_dim"": 256, ""text_model_name"": ""bert-base-uncased"", ""use_video"": false, ""video_dim"": 128, ""vocab_size"": 30000}"
DCBWoWhsTpA_turn06161,DCBWoWhsTpA_turn06161,DCBWoWhsTpA,https://www.youtube.com/live/DCBWoWhsTpA,LIVE: Lindsay Clancy trial Day 14,full_trial_stream,5,/Users/rajeshpmu/Desktop/LegalMemoCMT/data/phase2/clancy/corpus/raw/live-lindsay-clancy-trial-day-14/live-lindsay-clancy-trial-day-14_DCBWoWhsTpA.en.vtt,/Users/rajeshpmu/Desktop/LegalMemoCMT/data/processed/phase2/clancy/turn_clips/video/DCBWoWhsTpA/DCBWoWhsTpA_turn06161.mp4,/Users/rajeshpmu/Desktop/LegalMemoCMT/data/processed/phase2/clancy/turn_clips/audio/DCBWoWhsTpA/DCBWoWhsTpA_turn06161.wav,DCBWoWhsTpA,group_by_youtube_id,dev,neutral,text_keyword_heuristic,LOW,NO,neutral default,YES,Uh I ended my analysis on the 24th.,Uh I ended my analysis on the 24th.,00:56:53.732,00:56:58.844,5.112,5.112,marker,MEDIUM,1,3,"DCBWoWhsTpA_utt02425#p02,DCBWoWhsTpA_utt02426#p01,DCBWoWhsTpA_utt02427#p01","DCBWoWhsTpA_utt02425,DCBWoWhsTpA_utt02426,DCBWoWhsTpA_utt02427",3,/Users/rajeshpmu/Desktop/LegalMemoCMT/data/phase2/clancy/corpus/raw/live-lindsay-clancy-trial-day-14/live-lindsay-clancy-trial-day-14_DCBWoWhsTpA.mp4,/Users/rajeshpmu/Desktop/LegalMemoCMT/data/phase2/clancy/corpus/raw/live-lindsay-clancy-trial-day-14/live-lindsay-clancy-trial-day-14_DCBWoWhsTpA.wav,/Users/rajeshpmu/Desktop/LegalMemoCMT/data/processed/phase2/clancy/turn_clips/video/DCBWoWhsTpA/DCBWoWhsTpA_turn06161.mp4,/Users/rajeshpmu/Desktop/LegalMemoCMT/data/processed/phase2/clancy/turn_clips/audio/DCBWoWhsTpA/DCBWoWhsTpA_turn06161.wav,3413.732,3418.844,5.112,created,00:56:53.732,00:56:58.844,0.000,default_zero,SPEAKER_18,2.582,pyannote/speaker-diarization-3.1,Witness,manual_verified_diarization,HIGH,YES,SPEAKING,Witness,YES,Witness 15 identified by manual audio/video review,INCLUDE,,YES,speaker_role=Witness,split_dev;usable,"usable because speaker_role=Witness, witness_speaking_status=SPEAKING, clip_status=created, duration=5.112s, and source is not excluded",YES,0.60,HIGH,manual_clip_review,HUMAN_VERIFIED,neutral,0.901348,0.449124,"{""anger"": 0.021244, ""disgust"": 0.009585, ""fear"": 0.009289, ""joy"": 0.053655, ""neutral"": 0.901348, ""sadness"": 0.003653, ""surprise"": 0.001226}",/Users/rajeshpmu/Desktop/LegalMemoCMT/results/paper_aligned_meld_cv/cmt_min/fold_2/best_model.pt,phase1_meld_checkpoint_pseudo_label,"audio,text","audio,text,video","{""audio_dim"": 128, ""audio_model_name"": ""facebook/hubert-base-ls960"", ""dropout"": 0.1, ""encoder_mode"": ""paper"", ""freeze_audio_backbone"": true, ""freeze_text_backbone"": true, ""fusion_dim"": 256, ""fusion_pooling"": ""min"", ""max_audio_len"": 256, ""max_text_len"": 128, ""max_video_len"": 32, ""num_classes"": 7, ""num_heads"": 4, ""num_layers"": 2, ""text_dim"": 256, ""text_model_name"": ""bert-base-uncased"", ""use_video"": false, ""video_dim"": 128, ""vocab_size"": 30000}"
DCBWoWhsTpA_turn06163,DCBWoWhsTpA_turn06163,DCBWoWhsTpA,https://www.youtube.com/live/DCBWoWhsTpA,LIVE: Lindsay Clancy trial Day 14,full_trial_stream,5,/Users/rajeshpmu/Desktop/LegalMemoCMT/data/phase2/clancy/corpus/raw/live-lindsay-clancy-trial-day-14/live-lindsay-clancy-trial-day-14_DCBWoWhsTpA.en.vtt,/Users/rajeshpmu/Desktop/LegalMemoCMT/data/processed/phase2/clancy/turn_clips/video/DCBWoWhsTpA/DCBWoWhsTpA_turn06163.mp4,/Users/rajeshpmu/Desktop/LegalMemoCMT/data/processed/phase2/clancy/turn_clips/audio/DCBWoWhsTpA/DCBWoWhsTpA_turn06163.wav,DCBWoWhsTpA,group_by_youtube_id,dev,neutral,text_keyword_heuristic,LOW,NO,neutral default,YES,"Uh, again, there would have been activity uh later on, but it wasn't usage. It wasn't health data. Uh it would have been things like incoming calls if there were any.","Uh, again, there would have been activity uh later on, but it wasn't usage. It wasn't health data. Uh it would have been things like incoming calls if there were any.",00:57:14.977,00:57:26.435,11.458,11.458,marker,MEDIUM,1,11,"DCBWoWhsTpA_utt02441#p02,DCBWoWhsTpA_utt02442#p01,DCBWoWhsTpA_utt02443#p01,DCBWoWhsTpA_utt02444#p01,DCBWoWhsTpA_utt02445#p01,DCBWoWhsTpA_utt02446#p01,DCBWoWhsTpA_utt02447#p01,DCBWoWhsTpA_utt02448#p01,DCBWoWhsTpA_utt02449#p01,DCBWoWhsTpA_utt02450#p01,DCBWoWhsTpA_utt02451#p01","DCBWoWhsTpA_utt02441,DCBWoWhsTpA_utt02442,DCBWoWhsTpA_utt02443,DCBWoWhsTpA_utt02444,DCBWoWhsTpA_utt02445,DCBWoWhsTpA_utt02446,DCBWoWhsTpA_utt02447,DCBWoWhsTpA_utt02448,DCBWoWhsTpA_utt02449,DCBWoWhsTpA_utt02450,DCBWoWhsTpA_utt02451",11,/Users/rajeshpmu/Desktop/LegalMemoCMT/data/phase2/clancy/corpus/raw/live-lindsay-clancy-trial-day-14/live-lindsay-clancy-trial-day-14_DCBWoWhsTpA.mp4,/Users/rajeshpmu/Desktop/LegalMemoCMT/data/phase2/clancy/corpus/raw/live-lindsay-clancy-trial-day-14/live-lindsay-clancy-trial-day-14_DCBWoWhsTpA.wav,/Users/rajeshpmu/Desktop/LegalMemoCMT/data/processed/phase2/clancy/turn_clips/video/DCBWoWhsTpA/DCBWoWhsTpA_turn06163.mp4,/Users/rajeshpmu/Desktop/LegalMemoCMT/data/processed/phase2/clancy/turn_clips/audio/DCBWoWhsTpA/DCBWoWhsTpA_turn06163.wav,3434.977,3446.435,11.458,created,00:57:14.977,00:57:26.435,0.000,default_zero,SPEAKER_18,9.241,pyannote/speaker-diarization-3.1,Witness,manual_verified_diarization,HIGH,YES,SPEAKING,Witness,YES,Witness 15 identified by manual audio/video review,INCLUDE,,YES,speaker_role=Witness,split_dev;usable,"usable because speaker_role=Witness, witness_speaking_status=SPEAKING, clip_status=created, duration=11.458s, and source is not excluded",YES,0.60,HIGH,manual_clip_review,HUMAN_VERIFIED,neutral,0.909223,0.448865,"{""anger"": 0.034011, ""disgust"": 0.007552, ""fear"": 0.00953, ""joy"": 0.021829, ""neutral"": 0.909223, ""sadness"": 0.012691, ""surprise"": 0.005165}",/Users/rajeshpmu/Desktop/LegalMemoCMT/results/paper_aligned_meld_cv/cmt_min/fold_2/best_model.pt,phase1_meld_checkpoint_pseudo_label,"audio,text","audio,text,video","{""audio_dim"": 128, ""audio_model_name"": ""facebook/hubert-base-ls960"", ""dropout"": 0.1, ""encoder_mode"": ""paper"", ""freeze_audio_backbone"": true, ""freeze_text_backbone"": true, ""fusion_dim"": 256, ""fusion_pooling"": ""min"", ""max_audio_len"": 256, ""max_text_len"": 128, ""max_video_len"": 32, ""num_classes"": 7, ""num_heads"": 4, ""num_layers"": 2, ""text_dim"": 256, ""text_model_name"": ""bert-base-uncased"", ""use_video"": false, ""video_dim"": 128, ""vocab_size"": 30000}"
DCBWoWhsTpA_turn06177,DCBWoWhsTpA_turn06177,DCBWoWhsTpA,https://www.youtube.com/live/DCBWoWhsTpA,LIVE: Lindsay Clancy trial Day 14,full_trial_stream,5,/Users/rajeshpmu/Desktop/LegalMemoCMT/data/phase2/clancy/corpus/raw/live-lindsay-clancy-trial-day-14/live-lindsay-clancy-trial-day-14_DCBWoWhsTpA.en.vtt,/Users/rajeshpmu/Desktop/LegalMemoCMT/data/processed/phase2/clancy/turn_clips/video/DCBWoWhsTpA/DCBWoWhsTpA_turn06177.mp4,/Users/rajeshpmu/Desktop/LegalMemoCMT/data/processed/phase2/clancy/turn_clips/audio/DCBWoWhsTpA/DCBWoWhsTpA_turn06177.wav,DCBWoWhsTpA,group_by_youtube_id,dev,neutral,text_keyword_heuristic,LOW,NO,neutral default,YES,"Uh, I didn't go back.","Uh, I didn't go back.",00:58:48.104,00:58:49.964,1.860,1.860,marker,MEDIUM,1,3,"DCBWoWhsTpA_utt02523#p02,DCBWoWhsTpA_utt02524#p01,DCBWoWhsTpA_utt02525#p01","DCBWoWhsTpA_utt02523,DCBWoWhsTpA_utt02524,DCBWoWhsTpA_utt02525",3,/Users/rajeshpmu/Desktop/LegalMemoCMT/data/phase2/clancy/corpus/raw/live-lindsay-clancy-trial-day-14/live-lindsay-clancy-trial-day-14_DCBWoWhsTpA.mp4,/Users/rajeshpmu/Desktop/LegalMemoCMT/data/phase2/clancy/corpus/raw/live-lindsay-clancy-trial-day-14/live-lindsay-clancy-trial-day-14_DCBWoWhsTpA.wav,/Users/rajeshpmu/Desktop/LegalMemoCMT/data/processed/phase2/clancy/turn_clips/video/DCBWoWhsTpA/DCBWoWhsTpA_turn06177.mp4,/Users/rajeshpmu/Desktop/LegalMemoCMT/data/processed/phase2/clancy/turn_clips/audio/DCBWoWhsTpA/DCBWoWhsTpA_turn06177.wav,3528.104,3529.964,1.860,created,00:58:48.104,00:58:49.964,0.000,default_zero,SPEAKER_18,0.844,pyannote/speaker-diarization-3.1,Witness,manual_verified_diarization,HIGH,YES,SPEAKING,Witness,YES,Witness 15 identified by manual audio/video review,INCLUDE,,YES,speaker_role=Witness,split_dev;usable,"usable because speaker_role=Witness, witness_speaking_status=SPEAKING, clip_status=created, duration=1.860s, and source is not excluded",YES,0.60,HIGH,manual_clip_review,HUMAN_VERIFIED,neutral,0.671412,1.117499,"{""anger"": 0.049356, ""disgust"": 0.015749, ""fear"": 0.114442, ""joy"": 0.056546, ""neutral"": 0.671412, ""sadness"": 0.091511, ""surprise"": 0.000984}",/Users/rajeshpmu/Desktop/LegalMemoCMT/results/paper_aligned_meld_cv/cmt_min/fold_2/best_model.pt,phase1_meld_checkpoint_pseudo_label,"audio,text","audio,text,video","{""audio_dim"": 128, ""audio_model_name"": ""facebook/hubert-base-ls960"", ""dropout"": 0.1, ""encoder_mode"": ""paper"", ""freeze_audio_backbone"": true, ""freeze_text_backbone"": true, ""fusion_dim"": 256, ""fusion_pooling"": ""min"", ""max_audio_len"": 256, ""max_text_len"": 128, ""max_video_len"": 32, ""num_classes"": 7, ""num_heads"": 4, ""num_layers"": 2, ""text_dim"": 256, ""text_model_name"": ""bert-base-uncased"", ""use_video"": false, ""video_dim"": 128, ""vocab_size"": 30000}"
DCBWoWhsTpA_turn06184,DCBWoWhsTpA_turn06184,DCBWoWhsTpA,https://www.youtube.com/live/DCBWoWhsTpA,LIVE: Lindsay Clancy trial Day 14,full_trial_stream,5,/Users/rajeshpmu/Desktop/LegalMemoCMT/data/phase2/clancy/corpus/raw/live-lindsay-clancy-trial-day-14/live-lindsay-clancy-trial-day-14_DCBWoWhsTpA.en.vtt,/Users/rajeshpmu/Desktop/LegalMemoCMT/data/processed/phase2/clancy/turn_clips/video/DCBWoWhsTpA/DCBWoWhsTpA_turn06184.mp4,/Users/rajeshpmu/Desktop/LegalMemoCMT/data/processed/phase2/clancy/turn_clips/audio/DCBWoWhsTpA/DCBWoWhsTpA_turn06184.wav,DCBWoWhsTpA,group_by_youtube_id,dev,confidence,text_keyword_heuristic,HIGH,YES,keyword match,YES,It certainly can. Yes.,It certainly can. Yes.,00:59:18.115,00:59:19.711,1.596,1.596,marker,MEDIUM,1,3,"DCBWoWhsTpA_utt02557#p02,DCBWoWhsTpA_utt02558#p01,DCBWoWhsTpA_utt02559#p01","DCBWoWhsTpA_utt02557,DCBWoWhsTpA_utt02558,DCBWoWhsTpA_utt02559",3,/Users/rajeshpmu/Desktop/LegalMemoCMT/data/phase2/clancy/corpus/raw/live-lindsay-clancy-trial-day-14/live-lindsay-clancy-trial-day-14_DCBWoWhsTpA.mp4,/Users/rajeshpmu/Desktop/LegalMemoCMT/data/phase2/clancy/corpus/raw/live-lindsay-clancy-trial-day-14/live-lindsay-clancy-trial-day-14_DCBWoWhsTpA.wav,/Users/rajeshpmu/Desktop/LegalMemoCMT/data/processed/phase2/clancy/turn_clips/video/DCBWoWhsTpA/DCBWoWhsTpA_turn06184.mp4,/Users/rajeshpmu/Desktop/LegalMemoCMT/data/processed/phase2/clancy/turn_clips/audio/DCBWoWhsTpA/DCBWoWhsTpA_turn06184.wav,3558.115,3559.711,1.596,created,00:59:18.115,00:59:19.711,0.000,default_zero,SPEAKER_18,0.583,pyannote/speaker-diarization-3.1,Witness,manual_verified_diarization,HIGH,YES,SPEAKING,Witness,YES,Witness 15 identified by manual audio/video review,INCLUDE,,YES,speaker_role=Witness,split_dev;usable,"usable because speaker_role=Witness, witness_speaking_status=SPEAKING, clip_status=created, duration=1.596s, and source is not excluded",YES,0.60,HIGH,manual_clip_review,HUMAN_VERIFIED,neutral,0.931173,0.337088,"{""anger"": 0.04069, ""disgust"": 0.005395, ""fear"": 0.007311, ""joy"": 0.010796, ""neutral"": 0.931173, ""sadness"": 0.003592, ""surprise"": 0.001044}",/Users/rajeshpmu/Desktop/LegalMemoCMT/results/paper_aligned_meld_cv/cmt_min/fold_2/best_model.pt,phase1_meld_checkpoint_pseudo_label,"audio,text","audio,text,video","{""audio_dim"": 128, ""audio_model_name"": ""facebook/hubert-base-ls960"", ""dropout"": 0.1, ""encoder_mode"": ""paper"", ""freeze_audio_backbone"": true, ""freeze_text_backbone"": true, ""fusion_dim"": 256, ""fusion_pooling"": ""min"", ""max_audio_len"": 256, ""max_text_len"": 128, ""max_video_len"": 32, ""num_classes"": 7, ""num_heads"": 4, ""num_layers"": 2, ""text_dim"": 256, ""text_model_name"": ""bert-base-uncased"", ""use_video"": false, ""video_dim"": 128, ""vocab_size"": 30000}"
DCBWoWhsTpA_turn06192,DCBWoWhsTpA_turn06192,DCBWoWhsTpA,https://www.youtube.com/live/DCBWoWhsTpA,LIVE: Lindsay Clancy trial Day 14,full_trial_stream,5,/Users/rajeshpmu/Desktop/LegalMemoCMT/data/phase2/clancy/corpus/raw/live-lindsay-clancy-trial-day-14/live-lindsay-clancy-trial-day-14_DCBWoWhsTpA.en.vtt,/Users/rajeshpmu/Desktop/LegalMemoCMT/data/processed/phase2/clancy/turn_clips/video/DCBWoWhsTpA/DCBWoWhsTpA_turn06192.mp4,/Users/rajeshpmu/Desktop/LegalMemoCMT/data/processed/phase2/clancy/turn_clips/audio/DCBWoWhsTpA/DCBWoWhsTpA_turn06192.wav,DCBWoWhsTpA,group_by_youtube_id,dev,neutral,text_keyword_heuristic,LOW,NO,neutral default,YES,of 9:30 34 that be when the device decided that the uh device had visited this location enough to consider it a visit.,of 9:30 34 that be when the device decided that the uh device had visited this location enough to consider it a visit.,01:00:09.679,01:00:21.362,11.683,11.683,marker,MEDIUM,1,9,"DCBWoWhsTpA_utt02589#p02,DCBWoWhsTpA_utt02590#p01,DCBWoWhsTpA_utt02591#p01,DCBWoWhsTpA_utt02592#p01,DCBWoWhsTpA_utt02593#p01,DCBWoWhsTpA_utt02594#p01,DCBWoWhsTpA_utt02595#p01,DCBWoWhsTpA_utt02596#p01,DCBWoWhsTpA_utt02597#p01","DCBWoWhsTpA_utt02589,DCBWoWhsTpA_utt02590,DCBWoWhsTpA_utt02591,DCBWoWhsTpA_utt02592,DCBWoWhsTpA_utt02593,DCBWoWhsTpA_utt02594,DCBWoWhsTpA_utt02595,DCBWoWhsTpA_utt02596,DCBWoWhsTpA_utt02597",9,/Users/rajeshpmu/Desktop/LegalMemoCMT/data/phase2/clancy/corpus/raw/live-lindsay-clancy-trial-day-14/live-lindsay-clancy-trial-day-14_DCBWoWhsTpA.mp4,/Users/rajeshpmu/Desktop/LegalMemoCMT/data/phase2/clancy/corpus/raw/live-lindsay-clancy-trial-day-14/live-lindsay-clancy-trial-day-14_DCBWoWhsTpA.wav,/Users/rajeshpmu/Desktop/LegalMemoCMT/data/processed/phase2/clancy/turn_clips/video/DCBWoWhsTpA/DCBWoWhsTpA_turn06192.mp4,/Users/rajeshpmu/Desktop/LegalMemoCMT/data/processed/phase2/clancy/turn_clips/audio/DCBWoWhsTpA/DCBWoWhsTpA_turn06192.wav,3609.679,3621.362,11.683,created,01:00:09.679,01:00:21.362,0.000,default_zero,SPEAKER_18,3.696,pyannote/speaker-diarization-3.1,Witness,manual_verified_diarization,HIGH,YES,SPEAKING,Witness,YES,Witness 15 identified by manual audio/video review,INCLUDE,,YES,speaker_role=Witness,split_dev;usable,"usable because speaker_role=Witness, witness_speaking_status=SPEAKING, clip_status=created, duration=11.683s, and source is not excluded",YES,0.60,HIGH,manual_clip_review,HUMAN_VERIFIED,neutral,0.947663,0.283777,"{""anger"": 0.020354, ""disgust"": 0.007024, ""fear"": 0.005516, ""joy"": 0.014858, ""neutral"": 0.947663, ""sadness"": 0.003179, ""surprise"": 0.001406}",/Users/rajeshpmu/Desktop/LegalMemoCMT/results/paper_aligned_meld_cv/cmt_min/fold_2/best_model.pt,phase1_meld_checkpoint_pseudo_label,"audio,text","audio,text,video","{""audio_dim"": 128, ""audio_model_name"": ""facebook/hubert-base-ls960"", ""dropout"": 0.1, ""encoder_mode"": ""paper"", ""freeze_audio_backbone"": true, ""freeze_text_backbone"": true, ""fusion_dim"": 256, ""fusion_pooling"": ""min"", ""max_audio_len"": 256, ""max_text_len"": 128, ""max_video_len"": 32, ""num_classes"": 7, ""num_heads"": 4, ""num_layers"": 2, ""text_dim"": 256, ""text_model_name"": ""bert-base-uncased"", ""use_video"": false, ""video_dim"": 128, ""vocab_size"": 30000}"
DCBWoWhsTpA_turn06194,DCBWoWhsTpA_turn06194,DCBWoWhsTpA,https://www.youtube.com/live/DCBWoWhsTpA,LIVE: Lindsay Clancy trial Day 14,full_trial_stream,5,/Users/rajeshpmu/Desktop/LegalMemoCMT/data/phase2/clancy/corpus/raw/live-lindsay-clancy-trial-day-14/live-lindsay-clancy-trial-day-14_DCBWoWhsTpA.en.vtt,/Users/rajeshpmu/Desktop/LegalMemoCMT/data/processed/phase2/clancy/turn_clips/video/DCBWoWhsTpA/DCBWoWhsTpA_turn06194.mp4,/Users/rajeshpmu/Desktop/LegalMemoCMT/data/processed/phase2/clancy/turn_clips/audio/DCBWoWhsTpA/DCBWoWhsTpA_turn06194.wav,DCBWoWhsTpA,group_by_youtube_id,dev,neutral,text_keyword_heuristic,LOW,NO,neutral default,YES,Uh I I don't recognize it from the the coordinates.,Uh I I don't recognize it from the the coordinates.,01:00:26.745,01:00:33.117,6.372,6.372,marker,MEDIUM,1,5,"DCBWoWhsTpA_utt02603#p02,DCBWoWhsTpA_utt02604#p01,DCBWoWhsTpA_utt02605#p01,DCBWoWhsTpA_utt02606#p01,DCBWoWhsTpA_utt02607#p01","DCBWoWhsTpA_utt02603,DCBWoWhsTpA_utt02604,DCBWoWhsTpA_utt02605,DCBWoWhsTpA_utt02606,DCBWoWhsTpA_utt02607",5,/Users/rajeshpmu/Desktop/LegalMemoCMT/data/phase2/clancy/corpus/raw/live-lindsay-clancy-trial-day-14/live-lindsay-clancy-trial-day-14_DCBWoWhsTpA.mp4,/Users/rajeshpmu/Desktop/LegalMemoCMT/data/phase2/clancy/corpus/raw/live-lindsay-clancy-trial-day-14/live-lindsay-clancy-trial-day-14_DCBWoWhsTpA.wav,/Users/rajeshpmu/Desktop/LegalMemoCMT/data/processed/phase2/clancy/turn_clips/video/DCBWoWhsTpA/DCBWoWhsTpA_turn06194.mp4,/Users/rajeshpmu/Desktop/LegalMemoCMT/data/processed/phase2/clancy/turn_clips/audio/DCBWoWhsTpA/DCBWoWhsTpA_turn06194.wav,3626.745,3633.117,6.372,created,01:00:26.745,01:00:33.117,0.000,default_zero,SPEAKER_18,1.816,pyannote/speaker-diarization-3.1,Witness,manual_verified_diarization,HIGH,YES,SPEAKING,Witness,YES,Witness 15 identified by manual audio/video review,INCLUDE,,YES,speaker_role=Witness,split_dev;usable,"usable because speaker_role=Witness, witness_speaking_status=SPEAKING, clip_status=created, duration=6.372s, and source is not excluded",YES,0.60,HIGH,manual_clip_review,HUMAN_VERIFIED,neutral,0.875344,0.557293,"{""anger"": 0.032442, ""disgust"": 0.022257, ""fear"": 0.006737, ""joy"": 0.01087, ""neutral"": 0.875344, ""sadness"": 0.050626, ""surprise"": 0.001724}",/Users/rajeshpmu/Desktop/LegalMemoCMT/results/paper_aligned_meld_cv/cmt_min/fold_2/best_model.pt,phase1_meld_checkpoint_pseudo_label,"audio,text","audio,text,video","{""audio_dim"": 128, ""audio_model_name"": ""facebook/hubert-base-ls960"", ""dropout"": 0.1, ""encoder_mode"": ""paper"", ""freeze_audio_backbone"": true, ""freeze_text_backbone"": true, ""fusion_dim"": 256, ""fusion_pooling"": ""min"", ""max_audio_len"": 256, ""max_text_len"": 128, ""max_video_len"": 32, ""num_classes"": 7, ""num_heads"": 4, ""num_layers"": 2, ""text_dim"": 256, ""text_model_name"": ""bert-base-uncased"", ""use_video"": false, ""video_dim"": 128, ""vocab_size"": 30000}"
DCBWoWhsTpA_turn06212,DCBWoWhsTpA_turn06212,DCBWoWhsTpA,https://www.youtube.com/live/DCBWoWhsTpA,LIVE: Lindsay Clancy trial Day 14,full_trial_stream,5,/Users/rajeshpmu/Desktop/LegalMemoCMT/data/phase2/clancy/corpus/raw/live-lindsay-clancy-trial-day-14/live-lindsay-clancy-trial-day-14_DCBWoWhsTpA.en.vtt,/Users/rajeshpmu/Desktop/LegalMemoCMT/data/processed/phase2/clancy/turn_clips/video/DCBWoWhsTpA/DCBWoWhsTpA_turn06212.mp4,/Users/rajeshpmu/Desktop/LegalMemoCMT/data/processed/phase2/clancy/turn_clips/audio/DCBWoWhsTpA/DCBWoWhsTpA_turn06212.wav,DCBWoWhsTpA,group_by_youtube_id,dev,neutral,text_keyword_heuristic,LOW,NO,neutral default,YES,Different page. Uh that looks like this page 12.,Different page. Uh that looks like this page 12.,01:02:12.210,01:02:17.776,5.566,5.566,marker,MEDIUM,1,5,"DCBWoWhsTpA_utt02693#p02,DCBWoWhsTpA_utt02694#p01,DCBWoWhsTpA_utt02695#p01,DCBWoWhsTpA_utt02696#p01,DCBWoWhsTpA_utt02697#p01","DCBWoWhsTpA_utt02693,DCBWoWhsTpA_utt02694,DCBWoWhsTpA_utt02695,DCBWoWhsTpA_utt02696,DCBWoWhsTpA_utt02697",5,/Users/rajeshpmu/Desktop/LegalMemoCMT/data/phase2/clancy/corpus/raw/live-lindsay-clancy-trial-day-14/live-lindsay-clancy-trial-day-14_DCBWoWhsTpA.mp4,/Users/rajeshpmu/Desktop/LegalMemoCMT/data/phase2/clancy/corpus/raw/live-lindsay-clancy-trial-day-14/live-lindsay-clancy-trial-day-14_DCBWoWhsTpA.wav,/Users/rajeshpmu/Desktop/LegalMemoCMT/data/processed/phase2/clancy/turn_clips/video/DCBWoWhsTpA/DCBWoWhsTpA_turn06212.mp4,/Users/rajeshpmu/Desktop/LegalMemoCMT/data/processed/phase2/clancy/turn_clips/audio/DCBWoWhsTpA/DCBWoWhsTpA_turn06212.wav,3732.210,3737.776,5.566,created,01:02:12.210,01:02:17.776,0.000,default_zero,SPEAKER_18,0.995,pyannote/speaker-diarization-3.1,Witness,manual_verified_diarization,HIGH,YES,SPEAKING,Witness,YES,Witness 15 identified by manual audio/video review,INCLUDE,,YES,speaker_role=Witness,split_dev;usable,"usable because speaker_role=Witness, witness_speaking_status=SPEAKING, clip_status=created, duration=5.566s, and source is not excluded",YES,0.60,HIGH,manual_clip_review,HUMAN_VERIFIED,neutral,0.917072,0.415618,"{""anger"": 0.01908, ""disgust"": 0.009021, ""fear"": 0.011273, ""joy"": 0.011444, ""neutral"": 0.917072, ""sadness"": 0.030602, ""surprise"": 0.001507}",/Users/rajeshpmu/Desktop/LegalMemoCMT/results/paper_aligned_meld_cv/cmt_min/fold_2/best_model.pt,phase1_meld_checkpoint_pseudo_label,"audio,text","audio,text,video","{""audio_dim"": 128, ""audio_model_name"": ""facebook/hubert-base-ls960"", ""dropout"": 0.1, ""encoder_mode"": ""paper"", ""freeze_audio_backbone"": true, ""freeze_text_backbone"": true, ""fusion_dim"": 256, ""fusion_pooling"": ""min"", ""max_audio_len"": 256, ""max_text_len"": 128, ""max_video_len"": 32, ""num_classes"": 7, ""num_heads"": 4, ""num_layers"": 2, ""text_dim"": 256, ""text_model_name"": ""bert-base-uncased"", ""use_video"": false, ""video_dim"": 128, ""vocab_size"": 30000}"
DCBWoWhsTpA_turn06216,DCBWoWhsTpA_turn06216,DCBWoWhsTpA,https://www.youtube.com/live/DCBWoWhsTpA,LIVE: Lindsay Clancy trial Day 14,full_trial_stream,5,/Users/rajeshpmu/Desktop/LegalMemoCMT/data/phase2/clancy/corpus/raw/live-lindsay-clancy-trial-day-14/live-lindsay-clancy-trial-day-14_DCBWoWhsTpA.en.vtt,/Users/rajeshpmu/Desktop/LegalMemoCMT/data/processed/phase2/clancy/turn_clips/video/DCBWoWhsTpA/DCBWoWhsTpA_turn06216.mp4,/Users/rajeshpmu/Desktop/LegalMemoCMT/data/processed/phase2/clancy/turn_clips/audio/DCBWoWhsTpA/DCBWoWhsTpA_turn06216.wav,DCBWoWhsTpA,group_by_youtube_id,dev,neutral,text_keyword_heuristic,LOW,NO,neutral default,YES,"So, this is a revision. uh the revision submitted in February that just had uh a different record highlighted.","So, this is a revision. uh the revision submitted in February that just had uh a different record highlighted.",01:02:27.704,01:02:36.929,9.225,9.225,marker,MEDIUM,1,13,"DCBWoWhsTpA_utt02707#p02,DCBWoWhsTpA_utt02708#p01,DCBWoWhsTpA_utt02709#p01,DCBWoWhsTpA_utt02709#p02,DCBWoWhsTpA_utt02710#p01,DCBWoWhsTpA_utt02711#p01,DCBWoWhsTpA_utt02711#p02,DCBWoWhsTpA_utt02712#p01,DCBWoWhsTpA_utt02713#p01,DCBWoWhsTpA_utt02714#p01,DCBWoWhsTpA_utt02715#p01,DCBWoWhsTpA_utt02716#p01,DCBWoWhsTpA_utt02717#p01","DCBWoWhsTpA_utt02707,DCBWoWhsTpA_utt02708,DCBWoWhsTpA_utt02709,DCBWoWhsTpA_utt02710,DCBWoWhsTpA_utt02711,DCBWoWhsTpA_utt02712,DCBWoWhsTpA_utt02713,DCBWoWhsTpA_utt02714,DCBWoWhsTpA_utt02715,DCBWoWhsTpA_utt02716,DCBWoWhsTpA_utt02717",11,/Users/rajeshpmu/Desktop/LegalMemoCMT/data/phase2/clancy/corpus/raw/live-lindsay-clancy-trial-day-14/live-lindsay-clancy-trial-day-14_DCBWoWhsTpA.mp4,/Users/rajeshpmu/Desktop/LegalMemoCMT/data/phase2/clancy/corpus/raw/live-lindsay-clancy-trial-day-14/live-lindsay-clancy-trial-day-14_DCBWoWhsTpA.wav,/Users/rajeshpmu/Desktop/LegalMemoCMT/data/processed/phase2/clancy/turn_clips/video/DCBWoWhsTpA/DCBWoWhsTpA_turn06216.mp4,/Users/rajeshpmu/Desktop/LegalMemoCMT/data/processed/phase2/clancy/turn_clips/audio/DCBWoWhsTpA/DCBWoWhsTpA_turn06216.wav,3747.704,3756.929,9.225,created,01:02:27.704,01:02:36.929,0.000,default_zero,SPEAKER_18,3.392,pyannote/speaker-diarization-3.1,Witness,manual_verified_diarization,HIGH,YES,SPEAKING,Witness,YES,Witness 15 identified by manual audio/video review,INCLUDE,,YES,speaker_role=Witness,split_dev;usable,"usable because speaker_role=Witness, witness_speaking_status=SPEAKING, clip_status=created, duration=9.225s, and source is not excluded",YES,0.60,HIGH,manual_clip_review,HUMAN_VERIFIED,neutral,0.942263,0.299145,"{""anger"": 0.016451, ""disgust"": 0.004339, ""fear"": 0.024711, ""joy"": 0.010273, ""neutral"": 0.942263, ""sadness"": 0.001345, ""surprise"": 0.000617}",/Users/rajeshpmu/Desktop/LegalMemoCMT/results/paper_aligned_meld_cv/cmt_min/fold_2/best_model.pt,phase1_meld_checkpoint_pseudo_label,"audio,text","audio,text,video","{""audio_dim"": 128, ""audio_model_name"": ""facebook/hubert-base-ls960"", ""dropout"": 0.1, ""encoder_mode"": ""paper"", ""freeze_audio_backbone"": true, ""freeze_text_backbone"": true, ""fusion_dim"": 256, ""fusion_pooling"": ""min"", ""max_audio_len"": 256, ""max_text_len"": 128, ""max_video_len"": 32, ""num_classes"": 7, ""num_heads"": 4, ""num_layers"": 2, ""text_dim"": 256, ""text_model_name"": ""bert-base-uncased"", ""use_video"": false, ""video_dim"": 128, ""vocab_size"": 30000}"
DCBWoWhsTpA_turn06246,DCBWoWhsTpA_turn06246,DCBWoWhsTpA,https://www.youtube.com/live/DCBWoWhsTpA,LIVE: Lindsay Clancy trial Day 14,full_trial_stream,5,/Users/rajeshpmu/Desktop/LegalMemoCMT/data/phase2/clancy/corpus/raw/live-lindsay-clancy-trial-day-14/live-lindsay-clancy-trial-day-14_DCBWoWhsTpA.en.vtt,/Users/rajeshpmu/Desktop/LegalMemoCMT/data/processed/phase2/clancy/turn_clips/video/DCBWoWhsTpA/DCBWoWhsTpA_turn06246.mp4,/Users/rajeshpmu/Desktop/LegalMemoCMT/data/processed/phase2/clancy/turn_clips/audio/DCBWoWhsTpA/DCBWoWhsTpA_turn06246.wav,DCBWoWhsTpA,group_by_youtube_id,dev,neutral,text_keyword_heuristic,LOW,NO,neutral default,YES,"So, what was modified in this, if you know, because council asked you if there was modifications and things of that nature, and I'm just asking if you know, what was modified in it? um exactly at the moment I don't have all of that in front of me. It's possible to see snippets uh going back over time. Uh I do recall","So, what was modified in this, if you know, because council asked you if there was modifications and things of that nature, and I'm just asking if you know, what was modified in it? um exactly at the moment I don't have all of that in front of me. It's possible to see snippets uh going back over time. Uh I do recall",01:05:24.673,01:05:46.403,21.730,21.730,marker,MEDIUM,1,20,"DCBWoWhsTpA_utt02881#p02,DCBWoWhsTpA_utt02882#p01,DCBWoWhsTpA_utt02883#p01,DCBWoWhsTpA_utt02883#p02,DCBWoWhsTpA_utt02884#p01,DCBWoWhsTpA_utt02885#p01,DCBWoWhsTpA_utt02886#p01,DCBWoWhsTpA_utt02887#p01,DCBWoWhsTpA_utt02888#p01,DCBWoWhsTpA_utt02889#p01,DCBWoWhsTpA_utt02890#p01,DCBWoWhsTpA_utt02891#p01,DCBWoWhsTpA_utt02892#p01,DCBWoWhsTpA_utt02893#p01,DCBWoWhsTpA_utt02894#p01,DCBWoWhsTpA_utt02895#p01,DCBWoWhsTpA_utt02896#p01,DCBWoWhsTpA_utt02897#p01,DCBWoWhsTpA_utt02898#p01,DCBWoWhsTpA_utt02899#p01","DCBWoWhsTpA_utt02881,DCBWoWhsTpA_utt02882,DCBWoWhsTpA_utt02883,DCBWoWhsTpA_utt02884,DCBWoWhsTpA_utt02885,DCBWoWhsTpA_utt02886,DCBWoWhsTpA_utt02887,DCBWoWhsTpA_utt02888,DCBWoWhsTpA_utt02889,DCBWoWhsTpA_utt02890,DCBWoWhsTpA_utt02891,DCBWoWhsTpA_utt02892,DCBWoWhsTpA_utt02893,DCBWoWhsTpA_utt02894,DCBWoWhsTpA_utt02895,DCBWoWhsTpA_utt02896,DCBWoWhsTpA_utt02897,DCBWoWhsTpA_utt02898,DCBWoWhsTpA_utt02899",19,/Users/rajeshpmu/Desktop/LegalMemoCMT/data/phase2/clancy/corpus/raw/live-lindsay-clancy-trial-day-14/live-lindsay-clancy-trial-day-14_DCBWoWhsTpA.mp4,/Users/rajeshpmu/Desktop/LegalMemoCMT/data/phase2/clancy/corpus/raw/live-lindsay-clancy-trial-day-14/live-lindsay-clancy-trial-day-14_DCBWoWhsTpA.wav,/Users/rajeshpmu/Desktop/LegalMemoCMT/data/processed/phase2/clancy/turn_clips/video/DCBWoWhsTpA/DCBWoWhsTpA_turn06246.mp4,/Users/rajeshpmu/Desktop/LegalMemoCMT/data/processed/phase2/clancy/turn_clips/audio/DCBWoWhsTpA/DCBWoWhsTpA_turn06246.wav,3924.673,3946.403,21.730,created,01:05:24.673,01:05:46.403,0.000,default_zero,SPEAKER_18,6.582,pyannote/speaker-diarization-3.1,Witness,manual_verified_diarization,HIGH,YES,SPEAKING,Witness,YES,Witness 15 identified by manual audio/video review,INCLUDE,,YES,speaker_role=Witness,split_dev;usable,"usable because speaker_role=Witness, witness_speaking_status=SPEAKING, clip_status=created, duration=21.730s, and source is not excluded",YES,0.60,HIGH,manual_clip_review,HUMAN_VERIFIED,neutral,0.745131,0.965596,"{""anger"": 0.042947, ""disgust"": 0.044776, ""fear"": 0.020161, ""joy"": 0.102418, ""neutral"": 0.745131, ""sadness"": 0.036288, ""surprise"": 0.008278}",/Users/rajeshpmu/Desktop/LegalMemoCMT/results/paper_aligned_meld_cv/cmt_min/fold_2/best_model.pt,phase1_meld_checkpoint_pseudo_label,"audio,text","audio,text,video","{""audio_dim"": 128, ""audio_model_name"": ""facebook/hubert-base-ls960"", ""dropout"": 0.1, ""encoder_mode"": ""paper"", ""freeze_audio_backbone"": true, ""freeze_text_backbone"": true, ""fusion_dim"": 256, ""fusion_pooling"": ""min"", ""max_audio_len"": 256, ""max_text_len"": 128, ""max_video_len"": 32, ""num_classes"": 7, ""num_heads"": 4, ""num_layers"": 2, ""text_dim"": 256, ""text_model_name"": ""bert-base-uncased"", ""use_video"": false, ""video_dim"": 128, ""vocab_size"": 30000}"
DCBWoWhsTpA_turn06248,DCBWoWhsTpA_turn06248,DCBWoWhsTpA,https://www.youtube.com/live/DCBWoWhsTpA,LIVE: Lindsay Clancy trial Day 14,full_trial_stream,5,/Users/rajeshpmu/Desktop/LegalMemoCMT/data/phase2/clancy/corpus/raw/live-lindsay-clancy-trial-day-14/live-lindsay-clancy-trial-day-14_DCBWoWhsTpA.en.vtt,/Users/rajeshpmu/Desktop/LegalMemoCMT/data/processed/phase2/clancy/turn_clips/video/DCBWoWhsTpA/DCBWoWhsTpA_turn06248.mp4,/Users/rajeshpmu/Desktop/LegalMemoCMT/data/processed/phase2/clancy/turn_clips/audio/DCBWoWhsTpA/DCBWoWhsTpA_turn06248.wav,DCBWoWhsTpA,group_by_youtube_id,dev,neutral,text_keyword_heuristic,LOW,NO,neutral default,YES,on the 22nd of December when this was created it started with the same sentence.,on the 22nd of December when this was created it started with the same sentence.,01:05:46.719,01:05:51.114,4.395,4.395,marker,MEDIUM,1,7,"DCBWoWhsTpA_utt02901#p02,DCBWoWhsTpA_utt02902#p01,DCBWoWhsTpA_utt02903#p01,DCBWoWhsTpA_utt02904#p01,DCBWoWhsTpA_utt02905#p01,DCBWoWhsTpA_utt02906#p01,DCBWoWhsTpA_utt02907#p01","DCBWoWhsTpA_utt02901,DCBWoWhsTpA_utt02902,DCBWoWhsTpA_utt02903,DCBWoWhsTpA_utt02904,DCBWoWhsTpA_utt02905,DCBWoWhsTpA_utt02906,DCBWoWhsTpA_utt02907",7,/Users/rajeshpmu/Desktop/LegalMemoCMT/data/phase2/clancy/corpus/raw/live-lindsay-clancy-trial-day-14/live-lindsay-clancy-trial-day-14_DCBWoWhsTpA.mp4,/Users/rajeshpmu/Desktop/LegalMemoCMT/data/phase2/clancy/corpus/raw/live-lindsay-clancy-trial-day-14/live-lindsay-clancy-trial-day-14_DCBWoWhsTpA.wav,/Users/rajeshpmu/Desktop/LegalMemoCMT/data/processed/phase2/clancy/turn_clips/video/DCBWoWhsTpA/DCBWoWhsTpA_turn06248.mp4,/Users/rajeshpmu/Desktop/LegalMemoCMT/data/processed/phase2/clancy/turn_clips/audio/DCBWoWhsTpA/DCBWoWhsTpA_turn06248.wav,3946.719,3951.114,4.395,created,01:05:46.719,01:05:51.114,0.000,default_zero,SPEAKER_18,4.087,pyannote/speaker-diarization-3.1,Witness,manual_verified_diarization,HIGH,YES,SPEAKING,Witness,YES,Witness 15 identified by manual audio/video review,INCLUDE,,YES,speaker_role=Witness,split_dev;usable,"usable because speaker_role=Witness, witness_speaking_status=SPEAKING, clip_status=created, duration=4.395s, and source is not excluded",YES,0.60,HIGH,manual_clip_review,HUMAN_VERIFIED,neutral,0.911851,0.419191,"{""anger"": 0.024644, ""disgust"": 0.012386, ""fear"": 0.011017, ""joy"": 0.037636, ""neutral"": 0.911851, ""sadness"": 0.000708, ""surprise"": 0.001758}",/Users/rajeshpmu/Desktop/LegalMemoCMT/results/paper_aligned_meld_cv/cmt_min/fold_2/best_model.pt,phase1_meld_checkpoint_pseudo_label,"audio,text","audio,text,video","{""audio_dim"": 128, ""audio_model_name"": ""facebook/hubert-base-ls960"", ""dropout"": 0.1, ""encoder_mode"": ""paper"", ""freeze_audio_backbone"": true, ""freeze_text_backbone"": true, ""fusion_dim"": 256, ""fusion_pooling"": ""min"", ""max_audio_len"": 256, ""max_text_len"": 128, ""max_video_len"": 32, ""num_classes"": 7, ""num_heads"": 4, ""num_layers"": 2, ""text_dim"": 256, ""text_model_name"": ""bert-base-uncased"", ""use_video"": false, ""video_dim"": 128, ""vocab_size"": 30000}"
DCBWoWhsTpA_turn06250,DCBWoWhsTpA_turn06250,DCBWoWhsTpA,https://www.youtube.com/live/DCBWoWhsTpA,LIVE: Lindsay Clancy trial Day 14,full_trial_stream,5,/Users/rajeshpmu/Desktop/LegalMemoCMT/data/phase2/clancy/corpus/raw/live-lindsay-clancy-trial-day-14/live-lindsay-clancy-trial-day-14_DCBWoWhsTpA.en.vtt,/Users/rajeshpmu/Desktop/LegalMemoCMT/data/processed/phase2/clancy/turn_clips/video/DCBWoWhsTpA/DCBWoWhsTpA_turn06250.mp4,/Users/rajeshpmu/Desktop/LegalMemoCMT/data/processed/phase2/clancy/turn_clips/audio/DCBWoWhsTpA/DCBWoWhsTpA_turn06250.wav,DCBWoWhsTpA,group_by_youtube_id,dev,neutral,text_keyword_heuristic,LOW,NO,neutral default,YES,uh and there was a few uh essentially spell check or spelling differences.,uh and there was a few uh essentially spell check or spelling differences.,01:05:51.839,01:05:57.618,5.779,5.779,marker,MEDIUM,1,5,"DCBWoWhsTpA_utt02909#p02,DCBWoWhsTpA_utt02910#p01,DCBWoWhsTpA_utt02911#p01,DCBWoWhsTpA_utt02912#p01,DCBWoWhsTpA_utt02913#p01","DCBWoWhsTpA_utt02909,DCBWoWhsTpA_utt02910,DCBWoWhsTpA_utt02911,DCBWoWhsTpA_utt02912,DCBWoWhsTpA_utt02913",5,/Users/rajeshpmu/Desktop/LegalMemoCMT/data/phase2/clancy/corpus/raw/live-lindsay-clancy-trial-day-14/live-lindsay-clancy-trial-day-14_DCBWoWhsTpA.mp4,/Users/rajeshpmu/Desktop/LegalMemoCMT/data/phase2/clancy/corpus/raw/live-lindsay-clancy-trial-day-14/live-lindsay-clancy-trial-day-14_DCBWoWhsTpA.wav,/Users/rajeshpmu/Desktop/LegalMemoCMT/data/processed/phase2/clancy/turn_clips/video/DCBWoWhsTpA/DCBWoWhsTpA_turn06250.mp4,/Users/rajeshpmu/Desktop/LegalMemoCMT/data/processed/phase2/clancy/turn_clips/audio/DCBWoWhsTpA/DCBWoWhsTpA_turn06250.wav,3951.839,3957.618,5.779,created,01:05:51.839,01:05:57.618,0.000,default_zero,SPEAKER_18,5.616,pyannote/speaker-diarization-3.1,Witness,manual_verified_diarization,HIGH,YES,SPEAKING,Witness,YES,Witness 15 identified by manual audio/video review,INCLUDE,,YES,speaker_role=Witness,split_dev;usable,"usable because speaker_role=Witness, witness_speaking_status=SPEAKING, clip_status=created, duration=5.779s, and source is not excluded",YES,0.60,HIGH,manual_clip_review,HUMAN_VERIFIED,neutral,0.887575,0.539008,"{""anger"": 0.036865, ""disgust"": 0.010586, ""fear"": 0.014656, ""joy"": 0.022707, ""neutral"": 0.887575, ""sadness"": 0.019871, ""surprise"": 0.007741}",/Users/rajeshpmu/Desktop/LegalMemoCMT/results/paper_aligned_meld_cv/cmt_min/fold_2/best_model.pt,phase1_meld_checkpoint_pseudo_label,"audio,text","audio,text,video","{""audio_dim"": 128, ""audio_model_name"": ""facebook/hubert-base-ls960"", ""dropout"": 0.1, ""encoder_mode"": ""paper"", ""freeze_audio_backbone"": true, ""freeze_text_backbone"": true, ""fusion_dim"": 256, ""fusion_pooling"": ""min"", ""max_audio_len"": 256, ""max_text_len"": 128, ""max_video_len"": 32, ""num_classes"": 7, ""num_heads"": 4, ""num_layers"": 2, ""text_dim"": 256, ""text_model_name"": ""bert-base-uncased"", ""use_video"": false, ""video_dim"": 128, ""vocab_size"": 30000}"
DCBWoWhsTpA_turn06252,DCBWoWhsTpA_turn06252,DCBWoWhsTpA,https://www.youtube.com/live/DCBWoWhsTpA,LIVE: Lindsay Clancy trial Day 14,full_trial_stream,5,/Users/rajeshpmu/Desktop/LegalMemoCMT/data/phase2/clancy/corpus/raw/live-lindsay-clancy-trial-day-14/live-lindsay-clancy-trial-day-14_DCBWoWhsTpA.en.vtt,/Users/rajeshpmu/Desktop/LegalMemoCMT/data/processed/phase2/clancy/turn_clips/video/DCBWoWhsTpA/DCBWoWhsTpA_turn06252.mp4,/Users/rajeshpmu/Desktop/LegalMemoCMT/data/processed/phase2/clancy/turn_clips/audio/DCBWoWhsTpA/DCBWoWhsTpA_turn06252.wav,DCBWoWhsTpA,group_by_youtube_id,dev,neutral,text_keyword_heuristic,LOW,NO,neutral default,YES,"As time went on. Uh but as much as you can recover from the earlier versions of the note, it's a snippet. It's essentially two sentences and the rest of it is essentially the same note.","As time went on. Uh but as much as you can recover from the earlier versions of the note, it's a snippet. It's essentially two sentences and the rest of it is essentially the same note.",01:05:58.028,01:06:11.075,13.047,13.047,marker,MEDIUM,1,11,"DCBWoWhsTpA_utt02915#p02,DCBWoWhsTpA_utt02916#p01,DCBWoWhsTpA_utt02917#p01,DCBWoWhsTpA_utt02918#p01,DCBWoWhsTpA_utt02919#p01,DCBWoWhsTpA_utt02920#p01,DCBWoWhsTpA_utt02921#p01,DCBWoWhsTpA_utt02922#p01,DCBWoWhsTpA_utt02923#p01,DCBWoWhsTpA_utt02924#p01,DCBWoWhsTpA_utt02925#p01","DCBWoWhsTpA_utt02915,DCBWoWhsTpA_utt02916,DCBWoWhsTpA_utt02917,DCBWoWhsTpA_utt02918,DCBWoWhsTpA_utt02919,DCBWoWhsTpA_utt02920,DCBWoWhsTpA_utt02921,DCBWoWhsTpA_utt02922,DCBWoWhsTpA_utt02923,DCBWoWhsTpA_utt02924,DCBWoWhsTpA_utt02925",11,/Users/rajeshpmu/Desktop/LegalMemoCMT/data/phase2/clancy/corpus/raw/live-lindsay-clancy-trial-day-14/live-lindsay-clancy-trial-day-14_DCBWoWhsTpA.mp4,/Users/rajeshpmu/Desktop/LegalMemoCMT/data/phase2/clancy/corpus/raw/live-lindsay-clancy-trial-day-14/live-lindsay-clancy-trial-day-14_DCBWoWhsTpA.wav,/Users/rajeshpmu/Desktop/LegalMemoCMT/data/processed/phase2/clancy/turn_clips/video/DCBWoWhsTpA/DCBWoWhsTpA_turn06252.mp4,/Users/rajeshpmu/Desktop/LegalMemoCMT/data/processed/phase2/clancy/turn_clips/audio/DCBWoWhsTpA/DCBWoWhsTpA_turn06252.wav,3958.028,3971.075,13.047,created,01:05:58.028,01:06:11.075,0.000,default_zero,SPEAKER_18,8.673,pyannote/speaker-diarization-3.1,Witness,manual_verified_diarization,HIGH,YES,SPEAKING,Witness,YES,Witness 15 identified by manual audio/video review,INCLUDE,,YES,speaker_role=Witness,split_dev;usable,"usable because speaker_role=Witness, witness_speaking_status=SPEAKING, clip_status=created, duration=13.047s, and source is not excluded",YES,0.60,HIGH,manual_clip_review,HUMAN_VERIFIED,neutral,0.911811,0.430802,"{""anger"": 0.025527, ""disgust"": 0.0121, ""fear"": 0.01007, ""joy"": 0.033215, ""neutral"": 0.911811, ""sadness"": 0.005196, ""surprise"": 0.002082}",/Users/rajeshpmu/Desktop/LegalMemoCMT/results/paper_aligned_meld_cv/cmt_min/fold_2/best_model.pt,phase1_meld_checkpoint_pseudo_label,"audio,text","audio,text,video","{""audio_dim"": 128, ""audio_model_name"": ""facebook/hubert-base-ls960"", ""dropout"": 0.1, ""encoder_mode"": ""paper"", ""freeze_audio_backbone"": true, ""freeze_text_backbone"": true, ""fusion_dim"": 256, ""fusion_pooling"": ""min"", ""max_audio_len"": 256, ""max_text_len"": 128, ""max_video_len"": 32, ""num_classes"": 7, ""num_heads"": 4, ""num_layers"": 2, ""text_dim"": 256, ""text_model_name"": ""bert-base-uncased"", ""use_video"": false, ""video_dim"": 128, ""vocab_size"": 30000}"
DCBWoWhsTpA_turn06253,DCBWoWhsTpA_turn06253,DCBWoWhsTpA,https://www.youtube.com/live/DCBWoWhsTpA,LIVE: Lindsay Clancy trial Day 14,full_trial_stream,5,/Users/rajeshpmu/Desktop/LegalMemoCMT/data/phase2/clancy/corpus/raw/live-lindsay-clancy-trial-day-14/live-lindsay-clancy-trial-day-14_DCBWoWhsTpA.en.vtt,/Users/rajeshpmu/Desktop/LegalMemoCMT/data/processed/phase2/clancy/turn_clips/video/DCBWoWhsTpA/DCBWoWhsTpA_turn06253.mp4,/Users/rajeshpmu/Desktop/LegalMemoCMT/data/processed/phase2/clancy/turn_clips/audio/DCBWoWhsTpA/DCBWoWhsTpA_turn06253.wav,DCBWoWhsTpA,group_by_youtube_id,dev,neutral,text_keyword_heuristic,LOW,NO,neutral default,YES,"Okay. Thank you, sir. Um, going forward on to page 18, page 19, uh, and 20. Would you agree with me that, well, actually in 21, they basically contain photographs that were sent from Lindsay's phone to looks like Patrick's phone. Would you agree with that? Um, I believe the first few pages are sent to mommy.","Okay. Thank you, sir. Um, going forward on to page 18, page 19, uh, and 20. Would you agree with me that, well, actually in 21, they basically contain photographs that were sent from Lindsay's phone to looks like Patrick's phone. Would you agree with that? Um, I believe the first few pages are sent to mommy.",01:06:11.075,01:06:40.154,29.079,29.079,marker,MEDIUM,1,21,"DCBWoWhsTpA_utt02925#p02,DCBWoWhsTpA_utt02926#p01,DCBWoWhsTpA_utt02927#p01,DCBWoWhsTpA_utt02928#p01,DCBWoWhsTpA_utt02929#p01,DCBWoWhsTpA_utt02930#p01,DCBWoWhsTpA_utt02931#p01,DCBWoWhsTpA_utt02932#p01,DCBWoWhsTpA_utt02933#p01,DCBWoWhsTpA_utt02934#p01,DCBWoWhsTpA_utt02935#p01,DCBWoWhsTpA_utt02936#p01,DCBWoWhsTpA_utt02937#p01,DCBWoWhsTpA_utt02938#p01,DCBWoWhsTpA_utt02939#p01,DCBWoWhsTpA_utt02940#p01,DCBWoWhsTpA_utt02941#p01,DCBWoWhsTpA_utt02942#p01,DCBWoWhsTpA_utt02943#p01,DCBWoWhsTpA_utt02944#p01,DCBWoWhsTpA_utt02945#p01","DCBWoWhsTpA_utt02925,DCBWoWhsTpA_utt02926,DCBWoWhsTpA_utt02927,DCBWoWhsTpA_utt02928,DCBWoWhsTpA_utt02929,DCBWoWhsTpA_utt02930,DCBWoWhsTpA_utt02931,DCBWoWhsTpA_utt02932,DCBWoWhsTpA_utt02933,DCBWoWhsTpA_utt02934,DCBWoWhsTpA_utt02935,DCBWoWhsTpA_utt02936,DCBWoWhsTpA_utt02937,DCBWoWhsTpA_utt02938,DCBWoWhsTpA_utt02939,DCBWoWhsTpA_utt02940,DCBWoWhsTpA_utt02941,DCBWoWhsTpA_utt02942,DCBWoWhsTpA_utt02943,DCBWoWhsTpA_utt02944,DCBWoWhsTpA_utt02945",21,/Users/rajeshpmu/Desktop/LegalMemoCMT/data/phase2/clancy/corpus/raw/live-lindsay-clancy-trial-day-14/live-lindsay-clancy-trial-day-14_DCBWoWhsTpA.mp4,/Users/rajeshpmu/Desktop/LegalMemoCMT/data/phase2/clancy/corpus/raw/live-lindsay-clancy-trial-day-14/live-lindsay-clancy-trial-day-14_DCBWoWhsTpA.wav,/Users/rajeshpmu/Desktop/LegalMemoCMT/data/processed/phase2/clancy/turn_clips/video/DCBWoWhsTpA/DCBWoWhsTpA_turn06253.mp4,/Users/rajeshpmu/Desktop/LegalMemoCMT/data/processed/phase2/clancy/turn_clips/audio/DCBWoWhsTpA/DCBWoWhsTpA_turn06253.wav,3971.075,4000.154,29.079,created,01:06:11.075,01:06:40.154,0.000,default_zero,SPEAKER_18,4.185,pyannote/speaker-diarization-3.1,Witness,manual_verified_diarization,HIGH,YES,SPEAKING,Witness,YES,Witness 15 identified by manual audio/video review,INCLUDE,,YES,speaker_role=Witness,split_dev;usable,"usable because speaker_role=Witness, witness_speaking_status=SPEAKING, clip_status=created, duration=29.079s, and source is not excluded",YES,0.60,HIGH,manual_clip_review,HUMAN_VERIFIED,neutral,0.900995,0.432733,"{""anger"": 0.066755, ""disgust"": 0.007873, ""fear"": 0.007823, ""joy"": 0.01114, ""neutral"": 0.900995, ""sadness"": 0.00318, ""surprise"": 0.002234}",/Users/rajeshpmu/Desktop/LegalMemoCMT/results/paper_aligned_meld_cv/cmt_min/fold_2/best_model.pt,phase1_meld_checkpoint_pseudo_label,"audio,text","audio,text,video","{""audio_dim"": 128, ""audio_model_name"": ""facebook/hubert-base-ls960"", ""dropout"": 0.1, ""encoder_mode"": ""paper"", ""freeze_audio_backbone"": true, ""freeze_text_backbone"": true, ""fusion_dim"": 256, ""fusion_pooling"": ""min"", ""max_audio_len"": 256, ""max_text_len"": 128, ""max_video_len"": 32, ""num_classes"": 7, ""num_heads"": 4, ""num_layers"": 2, ""text_dim"": 256, ""text_model_name"": ""bert-base-uncased"", ""use_video"": false, ""video_dim"": 128, ""vocab_size"": 30000}"
DCBWoWhsTpA_turn06260,DCBWoWhsTpA_turn06260,DCBWoWhsTpA,https://www.youtube.com/live/DCBWoWhsTpA,LIVE: Lindsay Clancy trial Day 14,full_trial_stream,5,/Users/rajeshpmu/Desktop/LegalMemoCMT/data/phase2/clancy/corpus/raw/live-lindsay-clancy-trial-day-14/live-lindsay-clancy-trial-day-14_DCBWoWhsTpA.en.vtt,/Users/rajeshpmu/Desktop/LegalMemoCMT/data/processed/phase2/clancy/turn_clips/video/DCBWoWhsTpA/DCBWoWhsTpA_turn06260.mp4,/Users/rajeshpmu/Desktop/LegalMemoCMT/data/processed/phase2/clancy/turn_clips/audio/DCBWoWhsTpA/DCBWoWhsTpA_turn06260.wav,DCBWoWhsTpA,group_by_youtube_id,dev,neutral,text_keyword_heuristic,LOW,NO,neutral default,YES,"And can you tell me what the response is? Uh, the one on screen at the moment is the response sent from mommy to Lindsay's phone saying, ""That's a big roll of snow. I was wondering if you got enough for the kids to play in, and it's pretty nice day, too. Gives them something to do on a day without school.""","And can you tell me what the response is? Uh, the one on screen at the moment is the response sent from mommy to Lindsay's phone saying, ""That's a big roll of snow. I was wondering if you got enough for the kids to play in, and it's pretty nice day, too. Gives them something to do on a day without school.""",01:06:58.434,01:07:16.922,18.488,18.488,marker,MEDIUM,1,21,"DCBWoWhsTpA_utt02965#p02,DCBWoWhsTpA_utt02966#p01,DCBWoWhsTpA_utt02967#p01,DCBWoWhsTpA_utt02968#p01,DCBWoWhsTpA_utt02969#p01,DCBWoWhsTpA_utt02970#p01,DCBWoWhsTpA_utt02971#p01,DCBWoWhsTpA_utt02972#p01,DCBWoWhsTpA_utt02973#p01,DCBWoWhsTpA_utt02974#p01,DCBWoWhsTpA_utt02975#p01,DCBWoWhsTpA_utt02976#p01,DCBWoWhsTpA_utt02977#p01,DCBWoWhsTpA_utt02978#p01,DCBWoWhsTpA_utt02979#p01,DCBWoWhsTpA_utt02980#p01,DCBWoWhsTpA_utt02981#p01,DCBWoWhsTpA_utt02982#p01,DCBWoWhsTpA_utt02983#p01,DCBWoWhsTpA_utt02984#p01,DCBWoWhsTpA_utt02985#p01","DCBWoWhsTpA_utt02965,DCBWoWhsTpA_utt02966,DCBWoWhsTpA_utt02967,DCBWoWhsTpA_utt02968,DCBWoWhsTpA_utt02969,DCBWoWhsTpA_utt02970,DCBWoWhsTpA_utt02971,DCBWoWhsTpA_utt02972,DCBWoWhsTpA_utt02973,DCBWoWhsTpA_utt02974,DCBWoWhsTpA_utt02975,DCBWoWhsTpA_utt02976,DCBWoWhsTpA_utt02977,DCBWoWhsTpA_utt02978,DCBWoWhsTpA_utt02979,DCBWoWhsTpA_utt02980,DCBWoWhsTpA_utt02981,DCBWoWhsTpA_utt02982,DCBWoWhsTpA_utt02983,DCBWoWhsTpA_utt02984,DCBWoWhsTpA_utt02985",21,/Users/rajeshpmu/Desktop/LegalMemoCMT/data/phase2/clancy/corpus/raw/live-lindsay-clancy-trial-day-14/live-lindsay-clancy-trial-day-14_DCBWoWhsTpA.mp4,/Users/rajeshpmu/Desktop/LegalMemoCMT/data/phase2/clancy/corpus/raw/live-lindsay-clancy-trial-day-14/live-lindsay-clancy-trial-day-14_DCBWoWhsTpA.wav,/Users/rajeshpmu/Desktop/LegalMemoCMT/data/processed/phase2/clancy/turn_clips/video/DCBWoWhsTpA/DCBWoWhsTpA_turn06260.mp4,/Users/rajeshpmu/Desktop/LegalMemoCMT/data/processed/phase2/clancy/turn_clips/audio/DCBWoWhsTpA/DCBWoWhsTpA_turn06260.wav,4018.434,4036.922,18.488,created,01:06:58.434,01:07:16.922,0.000,default_zero,SPEAKER_18,13.938,pyannote/speaker-diarization-3.1,Witness,manual_verified_diarization,HIGH,YES,SPEAKING,Witness,YES,Witness 15 identified by manual audio/video review,INCLUDE,,YES,speaker_role=Witness,split_dev;usable,"usable because speaker_role=Witness, witness_speaking_status=SPEAKING, clip_status=created, duration=18.488s, and source is not excluded",YES,0.60,HIGH,manual_clip_review,HUMAN_VERIFIED,neutral,0.781246,0.7042,"{""anger"": 0.171968, ""disgust"": 0.013699, ""fear"": 0.008826, ""joy"": 0.018087, ""neutral"": 0.781246, ""sadness"": 0.003844, ""surprise"": 0.00233}",/Users/rajeshpmu/Desktop/LegalMemoCMT/results/paper_aligned_meld_cv/cmt_min/fold_2/best_model.pt,phase1_meld_checkpoint_pseudo_label,"audio,text","audio,text,video","{""audio_dim"": 128, ""audio_model_name"": ""facebook/hubert-base-ls960"", ""dropout"": 0.1, ""encoder_mode"": ""paper"", ""freeze_audio_backbone"": true, ""freeze_text_backbone"": true, ""fusion_dim"": 256, ""fusion_pooling"": ""min"", ""max_audio_len"": 256, ""max_text_len"": 128, ""max_video_len"": 32, ""num_classes"": 7, ""num_heads"": 4, ""num_layers"": 2, ""text_dim"": 256, ""text_model_name"": ""bert-base-uncased"", ""use_video"": false, ""video_dim"": 128, ""vocab_size"": 30000}"
DCBWoWhsTpA_turn06262,DCBWoWhsTpA_turn06262,DCBWoWhsTpA,https://www.youtube.com/live/DCBWoWhsTpA,LIVE: Lindsay Clancy trial Day 14,full_trial_stream,5,/Users/rajeshpmu/Desktop/LegalMemoCMT/data/phase2/clancy/corpus/raw/live-lindsay-clancy-trial-day-14/live-lindsay-clancy-trial-day-14_DCBWoWhsTpA.en.vtt,/Users/rajeshpmu/Desktop/LegalMemoCMT/data/processed/phase2/clancy/turn_clips/video/DCBWoWhsTpA/DCBWoWhsTpA_turn06262.mp4,/Users/rajeshpmu/Desktop/LegalMemoCMT/data/processed/phase2/clancy/turn_clips/audio/DCBWoWhsTpA/DCBWoWhsTpA_turn06262.wav,DCBWoWhsTpA,group_by_youtube_id,dev,neutral,text_keyword_heuristic,LOW,NO,neutral default,YES,Correct. And this is a conversation with Patrick.,Correct. And this is a conversation with Patrick.,01:07:46.424,01:07:48.914,2.490,2.490,marker,MEDIUM,1,5,"DCBWoWhsTpA_utt03007#p02,DCBWoWhsTpA_utt03008#p01,DCBWoWhsTpA_utt03009#p01,DCBWoWhsTpA_utt03010#p01,DCBWoWhsTpA_utt03011#p01","DCBWoWhsTpA_utt03007,DCBWoWhsTpA_utt03008,DCBWoWhsTpA_utt03009,DCBWoWhsTpA_utt03010,DCBWoWhsTpA_utt03011",5,/Users/rajeshpmu/Desktop/LegalMemoCMT/data/phase2/clancy/corpus/raw/live-lindsay-clancy-trial-day-14/live-lindsay-clancy-trial-day-14_DCBWoWhsTpA.mp4,/Users/rajeshpmu/Desktop/LegalMemoCMT/data/phase2/clancy/corpus/raw/live-lindsay-clancy-trial-day-14/live-lindsay-clancy-trial-day-14_DCBWoWhsTpA.wav,/Users/rajeshpmu/Desktop/LegalMemoCMT/data/processed/phase2/clancy/turn_clips/video/DCBWoWhsTpA/DCBWoWhsTpA_turn06262.mp4,/Users/rajeshpmu/Desktop/LegalMemoCMT/data/processed/phase2/clancy/turn_clips/audio/DCBWoWhsTpA/DCBWoWhsTpA_turn06262.wav,4066.424,4068.914,2.490,created,01:07:46.424,01:07:48.914,0.000,default_zero,SPEAKER_18,1.883,pyannote/speaker-diarization-3.1,Witness,manual_verified_diarization,HIGH,YES,SPEAKING,Witness,YES,Witness 15 identified by manual audio/video review,INCLUDE,,YES,speaker_role=Witness,split_dev;usable,"usable because speaker_role=Witness, witness_speaking_status=SPEAKING, clip_status=created, duration=2.490s, and source is not excluded",YES,0.60,HIGH,manual_clip_review,HUMAN_VERIFIED,neutral,0.948703,0.270799,"{""anger"": 0.009753, ""disgust"": 0.007129, ""fear"": 0.004263, ""joy"": 0.027235, ""neutral"": 0.948703, ""sadness"": 0.001555, ""surprise"": 0.001361}",/Users/rajeshpmu/Desktop/LegalMemoCMT/results/paper_aligned_meld_cv/cmt_min/fold_2/best_model.pt,phase1_meld_checkpoint_pseudo_label,"audio,text","audio,text,video","{""audio_dim"": 128, ""audio_model_name"": ""facebook/hubert-base-ls960"", ""dropout"": 0.1, ""encoder_mode"": ""paper"", ""freeze_audio_backbone"": true, ""freeze_text_backbone"": true, ""fusion_dim"": 256, ""fusion_pooling"": ""min"", ""max_audio_len"": 256, ""max_text_len"": 128, ""max_video_len"": 32, ""num_classes"": 7, ""num_heads"": 4, ""num_layers"": 2, ""text_dim"": 256, ""text_model_name"": ""bert-base-uncased"", ""use_video"": false, ""video_dim"": 128, ""vocab_size"": 30000}"
DCBWoWhsTpA_turn06263,DCBWoWhsTpA_turn06263,DCBWoWhsTpA,https://www.youtube.com/live/DCBWoWhsTpA,LIVE: Lindsay Clancy trial Day 14,full_trial_stream,5,/Users/rajeshpmu/Desktop/LegalMemoCMT/data/phase2/clancy/corpus/raw/live-lindsay-clancy-trial-day-14/live-lindsay-clancy-trial-day-14_DCBWoWhsTpA.en.vtt,/Users/rajeshpmu/Desktop/LegalMemoCMT/data/processed/phase2/clancy/turn_clips/video/DCBWoWhsTpA/DCBWoWhsTpA_turn06263.mp4,/Users/rajeshpmu/Desktop/LegalMemoCMT/data/processed/phase2/clancy/turn_clips/audio/DCBWoWhsTpA/DCBWoWhsTpA_turn06263.wav,DCBWoWhsTpA,group_by_youtube_id,dev,neutral,text_keyword_heuristic,LOW,NO,neutral default,YES,"Patrick. Okay. So, are you able to tell what Patrick said, if anything, when he sent the picture of the little boy with his arms up in the air? Uh so at the very top of that uh message above the photograph it says uh got himself dressed and that would have be the message that was sent alongside the photograph.","Patrick. Okay. So, are you able to tell what Patrick said, if anything, when he sent the picture of the little boy with his arms up in the air? Uh so at the very top of that uh message above the photograph it says uh got himself dressed and that would have be the message that was sent alongside the photograph.",01:07:48.914,01:08:04.978,16.064,16.064,marker,MEDIUM,1,19,"DCBWoWhsTpA_utt03011#p02,DCBWoWhsTpA_utt03012#p01,DCBWoWhsTpA_utt03013#p01,DCBWoWhsTpA_utt03014#p01,DCBWoWhsTpA_utt03015#p01,DCBWoWhsTpA_utt03016#p01,DCBWoWhsTpA_utt03017#p01,DCBWoWhsTpA_utt03018#p01,DCBWoWhsTpA_utt03019#p01,DCBWoWhsTpA_utt03020#p01,DCBWoWhsTpA_utt03021#p01,DCBWoWhsTpA_utt03022#p01,DCBWoWhsTpA_utt03023#p01,DCBWoWhsTpA_utt03024#p01,DCBWoWhsTpA_utt03025#p01,DCBWoWhsTpA_utt03026#p01,DCBWoWhsTpA_utt03027#p01,DCBWoWhsTpA_utt03028#p01,DCBWoWhsTpA_utt03029#p01","DCBWoWhsTpA_utt03011,DCBWoWhsTpA_utt03012,DCBWoWhsTpA_utt03013,DCBWoWhsTpA_utt03014,DCBWoWhsTpA_utt03015,DCBWoWhsTpA_utt03016,DCBWoWhsTpA_utt03017,DCBWoWhsTpA_utt03018,DCBWoWhsTpA_utt03019,DCBWoWhsTpA_utt03020,DCBWoWhsTpA_utt03021,DCBWoWhsTpA_utt03022,DCBWoWhsTpA_utt03023,DCBWoWhsTpA_utt03024,DCBWoWhsTpA_utt03025,DCBWoWhsTpA_utt03026,DCBWoWhsTpA_utt03027,DCBWoWhsTpA_utt03028,DCBWoWhsTpA_utt03029",19,/Users/rajeshpmu/Desktop/LegalMemoCMT/data/phase2/clancy/corpus/raw/live-lindsay-clancy-trial-day-14/live-lindsay-clancy-trial-day-14_DCBWoWhsTpA.mp4,/Users/rajeshpmu/Desktop/LegalMemoCMT/data/phase2/clancy/corpus/raw/live-lindsay-clancy-trial-day-14/live-lindsay-clancy-trial-day-14_DCBWoWhsTpA.wav,/Users/rajeshpmu/Desktop/LegalMemoCMT/data/processed/phase2/clancy/turn_clips/video/DCBWoWhsTpA/DCBWoWhsTpA_turn06263.mp4,/Users/rajeshpmu/Desktop/LegalMemoCMT/data/processed/phase2/clancy/turn_clips/audio/DCBWoWhsTpA/DCBWoWhsTpA_turn06263.wav,4068.914,4084.978,16.064,created,01:07:48.914,01:08:04.978,0.000,default_zero,SPEAKER_18,8.809,pyannote/speaker-diarization-3.1,Witness,manual_verified_diarization,HIGH,YES,SPEAKING,Witness,YES,Witness 15 identified by manual audio/video review,INCLUDE,,YES,speaker_role=Witness,split_dev;usable,"usable because speaker_role=Witness, witness_speaking_status=SPEAKING, clip_status=created, duration=16.064s, and source is not excluded",YES,0.60,HIGH,manual_clip_review,HUMAN_VERIFIED,neutral,0.836197,0.682619,"{""anger"": 0.058177, ""disgust"": 0.039192, ""fear"": 0.008204, ""joy"": 0.047314, ""neutral"": 0.836197, ""sadness"": 0.005869, ""surprise"": 0.005046}",/Users/rajeshpmu/Desktop/LegalMemoCMT/results/paper_aligned_meld_cv/cmt_min/fold_2/best_model.pt,phase1_meld_checkpoint_pseudo_label,"audio,text","audio,text,video","{""audio_dim"": 128, ""audio_model_name"": ""facebook/hubert-base-ls960"", ""dropout"": 0.1, ""encoder_mode"": ""paper"", ""freeze_audio_backbone"": true, ""freeze_text_backbone"": true, ""fusion_dim"": 256, ""fusion_pooling"": ""min"", ""max_audio_len"": 256, ""max_text_len"": 128, ""max_video_len"": 32, ""num_classes"": 7, ""num_heads"": 4, ""num_layers"": 2, ""text_dim"": 256, ""text_model_name"": ""bert-base-uncased"", ""use_video"": false, ""video_dim"": 128, ""vocab_size"": 30000}"
DCBWoWhsTpA_turn06264,DCBWoWhsTpA_turn06264,DCBWoWhsTpA,https://www.youtube.com/live/DCBWoWhsTpA,LIVE: Lindsay Clancy trial Day 14,full_trial_stream,5,/Users/rajeshpmu/Desktop/LegalMemoCMT/data/phase2/clancy/corpus/raw/live-lindsay-clancy-trial-day-14/live-lindsay-clancy-trial-day-14_DCBWoWhsTpA.en.vtt,/Users/rajeshpmu/Desktop/LegalMemoCMT/data/processed/phase2/clancy/turn_clips/video/DCBWoWhsTpA/DCBWoWhsTpA_turn06264.mp4,/Users/rajeshpmu/Desktop/LegalMemoCMT/data/processed/phase2/clancy/turn_clips/audio/DCBWoWhsTpA/DCBWoWhsTpA_turn06264.wav,DCBWoWhsTpA,group_by_youtube_id,dev,neutral,text_keyword_heuristic,LOW,NO,neutral default,YES,Okay. And then what was her response?,Okay. And then what was her response?,01:08:04.978,01:08:09.555,4.577,4.577,marker,MEDIUM,1,3,"DCBWoWhsTpA_utt03029#p02,DCBWoWhsTpA_utt03030#p01,DCBWoWhsTpA_utt03031#p01","DCBWoWhsTpA_utt03029,DCBWoWhsTpA_utt03030,DCBWoWhsTpA_utt03031",3,/Users/rajeshpmu/Desktop/LegalMemoCMT/data/phase2/clancy/corpus/raw/live-lindsay-clancy-trial-day-14/live-lindsay-clancy-trial-day-14_DCBWoWhsTpA.mp4,/Users/rajeshpmu/Desktop/LegalMemoCMT/data/phase2/clancy/corpus/raw/live-lindsay-clancy-trial-day-14/live-lindsay-clancy-trial-day-14_DCBWoWhsTpA.wav,/Users/rajeshpmu/Desktop/LegalMemoCMT/data/processed/phase2/clancy/turn_clips/video/DCBWoWhsTpA/DCBWoWhsTpA_turn06264.mp4,/Users/rajeshpmu/Desktop/LegalMemoCMT/data/processed/phase2/clancy/turn_clips/audio/DCBWoWhsTpA/DCBWoWhsTpA_turn06264.wav,4084.978,4089.555,4.577,created,01:08:04.978,01:08:09.555,0.000,default_zero,SPEAKER_18,1.606,pyannote/speaker-diarization-3.1,Witness,manual_verified_diarization,HIGH,YES,SPEAKING,Witness,YES,Witness 15 identified by manual audio/video review,INCLUDE,,YES,speaker_role=Witness,split_dev;usable,"usable because speaker_role=Witness, witness_speaking_status=SPEAKING, clip_status=created, duration=4.577s, and source is not excluded",YES,0.60,HIGH,manual_clip_review,HUMAN_VERIFIED,neutral,0.865117,0.599489,"{""anger"": 0.029982, ""disgust"": 0.032027, ""fear"": 0.04035, ""joy"": 0.02734, ""neutral"": 0.865117, ""sadness"": 0.00286, ""surprise"": 0.002324}",/Users/rajeshpmu/Desktop/LegalMemoCMT/results/paper_aligned_meld_cv/cmt_min/fold_2/best_model.pt,phase1_meld_checkpoint_pseudo_label,"audio,text","audio,text,video","{""audio_dim"": 128, ""audio_model_name"": ""facebook/hubert-base-ls960"", ""dropout"": 0.1, ""encoder_mode"": ""paper"", ""freeze_audio_backbone"": true, ""freeze_text_backbone"": true, ""fusion_dim"": 256, ""fusion_pooling"": ""min"", ""max_audio_len"": 256, ""max_text_len"": 128, ""max_video_len"": 32, ""num_classes"": 7, ""num_heads"": 4, ""num_layers"": 2, ""text_dim"": 256, ""text_model_name"": ""bert-base-uncased"", ""use_video"": false, ""video_dim"": 128, ""vocab_size"": 30000}"
DCBWoWhsTpA_turn06275,DCBWoWhsTpA_turn06275,DCBWoWhsTpA,https://www.youtube.com/live/DCBWoWhsTpA,LIVE: Lindsay Clancy trial Day 14,full_trial_stream,5,/Users/rajeshpmu/Desktop/LegalMemoCMT/data/phase2/clancy/corpus/raw/live-lindsay-clancy-trial-day-14/live-lindsay-clancy-trial-day-14_DCBWoWhsTpA.en.vtt,/Users/rajeshpmu/Desktop/LegalMemoCMT/data/processed/phase2/clancy/turn_clips/video/DCBWoWhsTpA/DCBWoWhsTpA_turn06275.mp4,/Users/rajeshpmu/Desktop/LegalMemoCMT/data/processed/phase2/clancy/turn_clips/audio/DCBWoWhsTpA/DCBWoWhsTpA_turn06275.wav,DCBWoWhsTpA,group_by_youtube_id,dev,neutral,text_keyword_heuristic,LOW,NO,neutral default,YES,"Um, the message at 8:19 a.m. that says cutie was sent by Patrick in different thread to the snowman photographs.","Um, the message at 8:19 a.m. that says cutie was sent by Patrick in different thread to the snowman photographs.",01:09:02.283,01:09:11.867,9.584,9.584,marker,MEDIUM,1,7,"DCBWoWhsTpA_utt03081#p02,DCBWoWhsTpA_utt03082#p01,DCBWoWhsTpA_utt03083#p01,DCBWoWhsTpA_utt03084#p01,DCBWoWhsTpA_utt03085#p01,DCBWoWhsTpA_utt03086#p01,DCBWoWhsTpA_utt03087#p01","DCBWoWhsTpA_utt03081,DCBWoWhsTpA_utt03082,DCBWoWhsTpA_utt03083,DCBWoWhsTpA_utt03084,DCBWoWhsTpA_utt03085,DCBWoWhsTpA_utt03086,DCBWoWhsTpA_utt03087",7,/Users/rajeshpmu/Desktop/LegalMemoCMT/data/phase2/clancy/corpus/raw/live-lindsay-clancy-trial-day-14/live-lindsay-clancy-trial-day-14_DCBWoWhsTpA.mp4,/Users/rajeshpmu/Desktop/LegalMemoCMT/data/phase2/clancy/corpus/raw/live-lindsay-clancy-trial-day-14/live-lindsay-clancy-trial-day-14_DCBWoWhsTpA.wav,/Users/rajeshpmu/Desktop/LegalMemoCMT/data/processed/phase2/clancy/turn_clips/video/DCBWoWhsTpA/DCBWoWhsTpA_turn06275.mp4,/Users/rajeshpmu/Desktop/LegalMemoCMT/data/processed/phase2/clancy/turn_clips/audio/DCBWoWhsTpA/DCBWoWhsTpA_turn06275.wav,4142.283,4151.867,9.584,created,01:09:02.283,01:09:11.867,0.000,default_zero,SPEAKER_18,4.256,pyannote/speaker-diarization-3.1,Witness,manual_verified_diarization,HIGH,YES,SPEAKING,Witness,YES,Witness 15 identified by manual audio/video review,INCLUDE,,YES,speaker_role=Witness,split_dev;usable,"usable because speaker_role=Witness, witness_speaking_status=SPEAKING, clip_status=created, duration=9.584s, and source is not excluded",YES,0.60,HIGH,manual_clip_review,HUMAN_VERIFIED,neutral,0.928375,0.375383,"{""anger"": 0.018761, ""disgust"": 0.013666, ""fear"": 0.011201, ""joy"": 0.018364, ""neutral"": 0.928375, ""sadness"": 0.007803, ""surprise"": 0.001831}",/Users/rajeshpmu/Desktop/LegalMemoCMT/results/paper_aligned_meld_cv/cmt_min/fold_2/best_model.pt,phase1_meld_checkpoint_pseudo_label,"audio,text","audio,text,video","{""audio_dim"": 128, ""audio_model_name"": ""facebook/hubert-base-ls960"", ""dropout"": 0.1, ""encoder_mode"": ""paper"", ""freeze_audio_backbone"": true, ""freeze_text_backbone"": true, ""fusion_dim"": 256, ""fusion_pooling"": ""min"", ""max_audio_len"": 256, ""max_text_len"": 128, ""max_video_len"": 32, ""num_classes"": 7, ""num_heads"": 4, ""num_layers"": 2, ""text_dim"": 256, ""text_model_name"": ""bert-base-uncased"", ""use_video"": false, ""video_dim"": 128, ""vocab_size"": 30000}"
DCBWoWhsTpA_turn06282,DCBWoWhsTpA_turn06282,DCBWoWhsTpA,https://www.youtube.com/live/DCBWoWhsTpA,LIVE: Lindsay Clancy trial Day 14,full_trial_stream,5,/Users/rajeshpmu/Desktop/LegalMemoCMT/data/phase2/clancy/corpus/raw/live-lindsay-clancy-trial-day-14/live-lindsay-clancy-trial-day-14_DCBWoWhsTpA.en.vtt,/Users/rajeshpmu/Desktop/LegalMemoCMT/data/processed/phase2/clancy/turn_clips/video/DCBWoWhsTpA/DCBWoWhsTpA_turn06282.mp4,/Users/rajeshpmu/Desktop/LegalMemoCMT/data/processed/phase2/clancy/turn_clips/audio/DCBWoWhsTpA/DCBWoWhsTpA_turn06282.wav,DCBWoWhsTpA,group_by_youtube_id,dev,neutral,text_keyword_heuristic,LOW,NO,neutral default,YES,"Yes, that would be the phone stored as Patrick uh sending a message to Lindsay's phone.","Yes, that would be the phone stored as Patrick uh sending a message to Lindsay's phone.",01:09:50.943,01:09:55.470,4.527,4.527,marker,MEDIUM,1,7,"DCBWoWhsTpA_utt03123#p02,DCBWoWhsTpA_utt03124#p01,DCBWoWhsTpA_utt03125#p01,DCBWoWhsTpA_utt03126#p01,DCBWoWhsTpA_utt03127#p01,DCBWoWhsTpA_utt03128#p01,DCBWoWhsTpA_utt03129#p01","DCBWoWhsTpA_utt03123,DCBWoWhsTpA_utt03124,DCBWoWhsTpA_utt03125,DCBWoWhsTpA_utt03126,DCBWoWhsTpA_utt03127,DCBWoWhsTpA_utt03128,DCBWoWhsTpA_utt03129",7,/Users/rajeshpmu/Desktop/LegalMemoCMT/data/phase2/clancy/corpus/raw/live-lindsay-clancy-trial-day-14/live-lindsay-clancy-trial-day-14_DCBWoWhsTpA.mp4,/Users/rajeshpmu/Desktop/LegalMemoCMT/data/phase2/clancy/corpus/raw/live-lindsay-clancy-trial-day-14/live-lindsay-clancy-trial-day-14_DCBWoWhsTpA.wav,/Users/rajeshpmu/Desktop/LegalMemoCMT/data/processed/phase2/clancy/turn_clips/video/DCBWoWhsTpA/DCBWoWhsTpA_turn06282.mp4,/Users/rajeshpmu/Desktop/LegalMemoCMT/data/processed/phase2/clancy/turn_clips/audio/DCBWoWhsTpA/DCBWoWhsTpA_turn06282.wav,4190.943,4195.470,4.527,created,01:09:50.943,01:09:55.470,0.000,default_zero,SPEAKER_18,4.129,pyannote/speaker-diarization-3.1,Witness,manual_verified_diarization,HIGH,YES,SPEAKING,Witness,YES,Witness 15 identified by manual audio/video review,INCLUDE,,YES,speaker_role=Witness,split_dev;usable,"usable because speaker_role=Witness, witness_speaking_status=SPEAKING, clip_status=created, duration=4.527s, and source is not excluded",YES,0.60,HIGH,manual_clip_review,HUMAN_VERIFIED,neutral,0.957502,0.24168,"{""anger"": 0.010044, ""disgust"": 0.005118, ""fear"": 0.006692, ""joy"": 0.015645, ""neutral"": 0.957502, ""sadness"": 0.004389, ""surprise"": 0.00061}",/Users/rajeshpmu/Desktop/LegalMemoCMT/results/paper_aligned_meld_cv/cmt_min/fold_2/best_model.pt,phase1_meld_checkpoint_pseudo_label,"audio,text","audio,text,video","{""audio_dim"": 128, ""audio_model_name"": ""facebook/hubert-base-ls960"", ""dropout"": 0.1, ""encoder_mode"": ""paper"", ""freeze_audio_backbone"": true, ""freeze_text_backbone"": true, ""fusion_dim"": 256, ""fusion_pooling"": ""min"", ""max_audio_len"": 256, ""max_text_len"": 128, ""max_video_len"": 32, ""num_classes"": 7, ""num_heads"": 4, ""num_layers"": 2, ""text_dim"": 256, ""text_model_name"": ""bert-base-uncased"", ""use_video"": false, ""video_dim"": 128, ""vocab_size"": 30000}"
DCBWoWhsTpA_turn06284,DCBWoWhsTpA_turn06284,DCBWoWhsTpA,https://www.youtube.com/live/DCBWoWhsTpA,LIVE: Lindsay Clancy trial Day 14,full_trial_stream,5,/Users/rajeshpmu/Desktop/LegalMemoCMT/data/phase2/clancy/corpus/raw/live-lindsay-clancy-trial-day-14/live-lindsay-clancy-trial-day-14_DCBWoWhsTpA.en.vtt,/Users/rajeshpmu/Desktop/LegalMemoCMT/data/processed/phase2/clancy/turn_clips/video/DCBWoWhsTpA/DCBWoWhsTpA_turn06284.mp4,/Users/rajeshpmu/Desktop/LegalMemoCMT/data/processed/phase2/clancy/turn_clips/audio/DCBWoWhsTpA/DCBWoWhsTpA_turn06284.wav,DCBWoWhsTpA,group_by_youtube_id,dev,neutral,text_keyword_heuristic,LOW,NO,neutral default,YES,"Uh it appears that Lindsay uh reacted to an image uh with the love emoji,","Uh it appears that Lindsay uh reacted to an image uh with the love emoji,",01:09:59.532,01:10:04.727,5.195,5.195,marker,MEDIUM,1,5,"DCBWoWhsTpA_utt03133#p02,DCBWoWhsTpA_utt03134#p01,DCBWoWhsTpA_utt03135#p01,DCBWoWhsTpA_utt03136#p01,DCBWoWhsTpA_utt03137#p01","DCBWoWhsTpA_utt03133,DCBWoWhsTpA_utt03134,DCBWoWhsTpA_utt03135,DCBWoWhsTpA_utt03136,DCBWoWhsTpA_utt03137",5,/Users/rajeshpmu/Desktop/LegalMemoCMT/data/phase2/clancy/corpus/raw/live-lindsay-clancy-trial-day-14/live-lindsay-clancy-trial-day-14_DCBWoWhsTpA.mp4,/Users/rajeshpmu/Desktop/LegalMemoCMT/data/phase2/clancy/corpus/raw/live-lindsay-clancy-trial-day-14/live-lindsay-clancy-trial-day-14_DCBWoWhsTpA.wav,/Users/rajeshpmu/Desktop/LegalMemoCMT/data/processed/phase2/clancy/turn_clips/video/DCBWoWhsTpA/DCBWoWhsTpA_turn06284.mp4,/Users/rajeshpmu/Desktop/LegalMemoCMT/data/processed/phase2/clancy/turn_clips/audio/DCBWoWhsTpA/DCBWoWhsTpA_turn06284.wav,4199.532,4204.727,5.195,created,01:09:59.532,01:10:04.727,0.000,default_zero,SPEAKER_18,4.517,pyannote/speaker-diarization-3.1,Witness,manual_verified_diarization,HIGH,YES,SPEAKING,Witness,YES,Witness 15 identified by manual audio/video review,INCLUDE,,YES,speaker_role=Witness,split_dev;usable,"usable because speaker_role=Witness, witness_speaking_status=SPEAKING, clip_status=created, duration=5.195s, and source is not excluded",YES,0.60,HIGH,manual_clip_review,HUMAN_VERIFIED,neutral,0.735692,0.950179,"{""anger"": 0.135048, ""disgust"": 0.016256, ""fear"": 0.01706, ""joy"": 0.052308, ""neutral"": 0.735692, ""sadness"": 0.012981, ""surprise"": 0.030656}",/Users/rajeshpmu/Desktop/LegalMemoCMT/results/paper_aligned_meld_cv/cmt_min/fold_2/best_model.pt,phase1_meld_checkpoint_pseudo_label,"audio,text","audio,text,video","{""audio_dim"": 128, ""audio_model_name"": ""facebook/hubert-base-ls960"", ""dropout"": 0.1, ""encoder_mode"": ""paper"", ""freeze_audio_backbone"": true, ""freeze_text_backbone"": true, ""fusion_dim"": 256, ""fusion_pooling"": ""min"", ""max_audio_len"": 256, ""max_text_len"": 128, ""max_video_len"": 32, ""num_classes"": 7, ""num_heads"": 4, ""num_layers"": 2, ""text_dim"": 256, ""text_model_name"": ""bert-base-uncased"", ""use_video"": false, ""video_dim"": 128, ""vocab_size"": 30000}"
DCBWoWhsTpA_turn06287,DCBWoWhsTpA_turn06287,DCBWoWhsTpA,https://www.youtube.com/live/DCBWoWhsTpA,LIVE: Lindsay Clancy trial Day 14,full_trial_stream,5,/Users/rajeshpmu/Desktop/LegalMemoCMT/data/phase2/clancy/corpus/raw/live-lindsay-clancy-trial-day-14/live-lindsay-clancy-trial-day-14_DCBWoWhsTpA.en.vtt,/Users/rajeshpmu/Desktop/LegalMemoCMT/data/processed/phase2/clancy/turn_clips/video/DCBWoWhsTpA/DCBWoWhsTpA_turn06287.mp4,/Users/rajeshpmu/Desktop/LegalMemoCMT/data/processed/phase2/clancy/turn_clips/audio/DCBWoWhsTpA/DCBWoWhsTpA_turn06287.wav,DCBWoWhsTpA,group_by_youtube_id,dev,neutral,text_keyword_heuristic,LOW,NO,neutral default,YES,And then what did Patrick say? Uh Patrick asked how's it going?,And then what did Patrick say? Uh Patrick asked how's it going?,01:10:05.879,01:10:09.807,3.928,3.928,marker,MEDIUM,1,5,"DCBWoWhsTpA_utt03141#p02,DCBWoWhsTpA_utt03142#p01,DCBWoWhsTpA_utt03143#p01,DCBWoWhsTpA_utt03144#p01,DCBWoWhsTpA_utt03145#p01","DCBWoWhsTpA_utt03141,DCBWoWhsTpA_utt03142,DCBWoWhsTpA_utt03143,DCBWoWhsTpA_utt03144,DCBWoWhsTpA_utt03145",5,/Users/rajeshpmu/Desktop/LegalMemoCMT/data/phase2/clancy/corpus/raw/live-lindsay-clancy-trial-day-14/live-lindsay-clancy-trial-day-14_DCBWoWhsTpA.mp4,/Users/rajeshpmu/Desktop/LegalMemoCMT/data/phase2/clancy/corpus/raw/live-lindsay-clancy-trial-day-14/live-lindsay-clancy-trial-day-14_DCBWoWhsTpA.wav,/Users/rajeshpmu/Desktop/LegalMemoCMT/data/processed/phase2/clancy/turn_clips/video/DCBWoWhsTpA/DCBWoWhsTpA_turn06287.mp4,/Users/rajeshpmu/Desktop/LegalMemoCMT/data/processed/phase2/clancy/turn_clips/audio/DCBWoWhsTpA/DCBWoWhsTpA_turn06287.wav,4205.879,4209.807,3.928,created,01:10:05.879,01:10:09.807,0.000,default_zero,SPEAKER_18,1.553,pyannote/speaker-diarization-3.1,Witness,manual_verified_diarization,HIGH,YES,SPEAKING,Witness,YES,Witness 15 identified by manual audio/video review,INCLUDE,,YES,speaker_role=Witness,split_dev;usable,"usable because speaker_role=Witness, witness_speaking_status=SPEAKING, clip_status=created, duration=3.928s, and source is not excluded",YES,0.60,HIGH,manual_clip_review,HUMAN_VERIFIED,neutral,0.913711,0.411118,"{""anger"": 0.047457, ""disgust"": 0.01101, ""fear"": 0.009989, ""joy"": 0.008978, ""neutral"": 0.913711, ""sadness"": 0.007247, ""surprise"": 0.001608}",/Users/rajeshpmu/Desktop/LegalMemoCMT/results/paper_aligned_meld_cv/cmt_min/fold_2/best_model.pt,phase1_meld_checkpoint_pseudo_label,"audio,text","audio,text,video","{""audio_dim"": 128, ""audio_model_name"": ""facebook/hubert-base-ls960"", ""dropout"": 0.1, ""encoder_mode"": ""paper"", ""freeze_audio_backbone"": true, ""freeze_text_backbone"": true, ""fusion_dim"": 256, ""fusion_pooling"": ""min"", ""max_audio_len"": 256, ""max_text_len"": 128, ""max_video_len"": 32, ""num_classes"": 7, ""num_heads"": 4, ""num_layers"": 2, ""text_dim"": 256, ""text_model_name"": ""bert-base-uncased"", ""use_video"": false, ""video_dim"": 128, ""vocab_size"": 30000}"
DCBWoWhsTpA_turn06291,DCBWoWhsTpA_turn06291,DCBWoWhsTpA,https://www.youtube.com/live/DCBWoWhsTpA,LIVE: Lindsay Clancy trial Day 14,full_trial_stream,5,/Users/rajeshpmu/Desktop/LegalMemoCMT/data/phase2/clancy/corpus/raw/live-lindsay-clancy-trial-day-14/live-lindsay-clancy-trial-day-14_DCBWoWhsTpA.en.vtt,/Users/rajeshpmu/Desktop/LegalMemoCMT/data/processed/phase2/clancy/turn_clips/video/DCBWoWhsTpA/DCBWoWhsTpA_turn06291.mp4,/Users/rajeshpmu/Desktop/LegalMemoCMT/data/processed/phase2/clancy/turn_clips/audio/DCBWoWhsTpA/DCBWoWhsTpA_turn06291.wav,DCBWoWhsTpA,group_by_youtube_id,dev,neutral,text_keyword_heuristic,LOW,NO,neutral default,YES,"Uh yeah, she also responded okay her urine looked good. So nothing going wrong with her kidneys. A few","Uh yeah, she also responded okay her urine looked good. So nothing going wrong with her kidneys. A few",01:10:14.155,01:10:19.909,5.754,5.754,marker,MEDIUM,1,7,"DCBWoWhsTpA_utt03151#p02,DCBWoWhsTpA_utt03152#p01,DCBWoWhsTpA_utt03153#p01,DCBWoWhsTpA_utt03154#p01,DCBWoWhsTpA_utt03155#p01,DCBWoWhsTpA_utt03156#p01,DCBWoWhsTpA_utt03157#p01","DCBWoWhsTpA_utt03151,DCBWoWhsTpA_utt03152,DCBWoWhsTpA_utt03153,DCBWoWhsTpA_utt03154,DCBWoWhsTpA_utt03155,DCBWoWhsTpA_utt03156,DCBWoWhsTpA_utt03157",7,/Users/rajeshpmu/Desktop/LegalMemoCMT/data/phase2/clancy/corpus/raw/live-lindsay-clancy-trial-day-14/live-lindsay-clancy-trial-day-14_DCBWoWhsTpA.mp4,/Users/rajeshpmu/Desktop/LegalMemoCMT/data/phase2/clancy/corpus/raw/live-lindsay-clancy-trial-day-14/live-lindsay-clancy-trial-day-14_DCBWoWhsTpA.wav,/Users/rajeshpmu/Desktop/LegalMemoCMT/data/processed/phase2/clancy/turn_clips/video/DCBWoWhsTpA/DCBWoWhsTpA_turn06291.mp4,/Users/rajeshpmu/Desktop/LegalMemoCMT/data/processed/phase2/clancy/turn_clips/audio/DCBWoWhsTpA/DCBWoWhsTpA_turn06291.wav,4214.155,4219.909,5.754,created,01:10:14.155,01:10:19.909,0.000,default_zero,SPEAKER_18,4.305,pyannote/speaker-diarization-3.1,Witness,manual_verified_diarization,HIGH,YES,SPEAKING,Witness,YES,Witness 15 identified by manual audio/video review,INCLUDE,,YES,speaker_role=Witness,split_dev;usable,"usable because speaker_role=Witness, witness_speaking_status=SPEAKING, clip_status=created, duration=5.754s, and source is not excluded",YES,0.60,HIGH,manual_clip_review,HUMAN_VERIFIED,anger,0.557708,0.967458,"{""anger"": 0.557708, ""disgust"": 0.00915, ""fear"": 0.010607, ""joy"": 0.0263, ""neutral"": 0.376766, ""sadness"": 0.004464, ""surprise"": 0.015005}",/Users/rajeshpmu/Desktop/LegalMemoCMT/results/paper_aligned_meld_cv/cmt_min/fold_2/best_model.pt,phase1_meld_checkpoint_pseudo_label,"audio,text","audio,text,video","{""audio_dim"": 128, ""audio_model_name"": ""facebook/hubert-base-ls960"", ""dropout"": 0.1, ""encoder_mode"": ""paper"", ""freeze_audio_backbone"": true, ""freeze_text_backbone"": true, ""fusion_dim"": 256, ""fusion_pooling"": ""min"", ""max_audio_len"": 256, ""max_text_len"": 128, ""max_video_len"": 32, ""num_classes"": 7, ""num_heads"": 4, ""num_layers"": 2, ""text_dim"": 256, ""text_model_name"": ""bert-base-uncased"", ""use_video"": false, ""video_dim"": 128, ""vocab_size"": 30000}"
DCBWoWhsTpA_turn06299,DCBWoWhsTpA_turn06299,DCBWoWhsTpA,https://www.youtube.com/live/DCBWoWhsTpA,LIVE: Lindsay Clancy trial Day 14,full_trial_stream,5,/Users/rajeshpmu/Desktop/LegalMemoCMT/data/phase2/clancy/corpus/raw/live-lindsay-clancy-trial-day-14/live-lindsay-clancy-trial-day-14_DCBWoWhsTpA.en.vtt,/Users/rajeshpmu/Desktop/LegalMemoCMT/data/processed/phase2/clancy/turn_clips/video/DCBWoWhsTpA/DCBWoWhsTpA_turn06299.mp4,/Users/rajeshpmu/Desktop/LegalMemoCMT/data/processed/phase2/clancy/turn_clips/audio/DCBWoWhsTpA/DCBWoWhsTpA_turn06299.wav,DCBWoWhsTpA,group_by_youtube_id,dev,neutral,text_keyword_heuristic,LOW,NO,neutral default,YES,What does he say to her?,What does he say to her?,01:10:45.490,01:10:47.338,1.848,1.848,marker,MEDIUM,1,3,"DCBWoWhsTpA_utt03185#p02,DCBWoWhsTpA_utt03186#p01,DCBWoWhsTpA_utt03187#p01","DCBWoWhsTpA_utt03185,DCBWoWhsTpA_utt03186,DCBWoWhsTpA_utt03187",3,/Users/rajeshpmu/Desktop/LegalMemoCMT/data/phase2/clancy/corpus/raw/live-lindsay-clancy-trial-day-14/live-lindsay-clancy-trial-day-14_DCBWoWhsTpA.mp4,/Users/rajeshpmu/Desktop/LegalMemoCMT/data/phase2/clancy/corpus/raw/live-lindsay-clancy-trial-day-14/live-lindsay-clancy-trial-day-14_DCBWoWhsTpA.wav,/Users/rajeshpmu/Desktop/LegalMemoCMT/data/processed/phase2/clancy/turn_clips/video/DCBWoWhsTpA/DCBWoWhsTpA_turn06299.mp4,/Users/rajeshpmu/Desktop/LegalMemoCMT/data/processed/phase2/clancy/turn_clips/audio/DCBWoWhsTpA/DCBWoWhsTpA_turn06299.wav,4245.490,4247.338,1.848,created,01:10:45.490,01:10:47.338,0.000,default_zero,SPEAKER_18,0.726,pyannote/speaker-diarization-3.1,Witness,manual_verified_diarization,HIGH,YES,SPEAKING,Witness,YES,Witness 15 identified by manual audio/video review,INCLUDE,,YES,speaker_role=Witness,split_dev;usable,"usable because speaker_role=Witness, witness_speaking_status=SPEAKING, clip_status=created, duration=1.848s, and source is not excluded",YES,0.60,HIGH,manual_clip_review,HUMAN_VERIFIED,neutral,0.480175,1.425223,"{""anger"": 0.034977, ""disgust"": 0.279797, ""fear"": 0.066252, ""joy"": 0.056199, ""neutral"": 0.480175, ""sadness"": 0.056262, ""surprise"": 0.026339}",/Users/rajeshpmu/Desktop/LegalMemoCMT/results/paper_aligned_meld_cv/cmt_min/fold_2/best_model.pt,phase1_meld_checkpoint_pseudo_label,"audio,text","audio,text,video","{""audio_dim"": 128, ""audio_model_name"": ""facebook/hubert-base-ls960"", ""dropout"": 0.1, ""encoder_mode"": ""paper"", ""freeze_audio_backbone"": true, ""freeze_text_backbone"": true, ""fusion_dim"": 256, ""fusion_pooling"": ""min"", ""max_audio_len"": 256, ""max_text_len"": 128, ""max_video_len"": 32, ""num_classes"": 7, ""num_heads"": 4, ""num_layers"": 2, ""text_dim"": 256, ""text_model_name"": ""bert-base-uncased"", ""use_video"": false, ""video_dim"": 128, ""vocab_size"": 30000}"
DCBWoWhsTpA_turn06300,DCBWoWhsTpA_turn06300,DCBWoWhsTpA,https://www.youtube.com/live/DCBWoWhsTpA,LIVE: Lindsay Clancy trial Day 14,full_trial_stream,5,/Users/rajeshpmu/Desktop/LegalMemoCMT/data/phase2/clancy/corpus/raw/live-lindsay-clancy-trial-day-14/live-lindsay-clancy-trial-day-14_DCBWoWhsTpA.en.vtt,/Users/rajeshpmu/Desktop/LegalMemoCMT/data/processed/phase2/clancy/turn_clips/video/DCBWoWhsTpA/DCBWoWhsTpA_turn06300.mp4,/Users/rajeshpmu/Desktop/LegalMemoCMT/data/processed/phase2/clancy/turn_clips/audio/DCBWoWhsTpA/DCBWoWhsTpA_turn06300.wav,DCBWoWhsTpA,group_by_youtube_id,dev,neutral,text_keyword_heuristic,LOW,NO,neutral default,YES,You're a good mama.,You're a good mama.,01:10:47.338,01:10:48.835,1.497,1.497,marker,MEDIUM,1,3,"DCBWoWhsTpA_utt03187#p02,DCBWoWhsTpA_utt03188#p01,DCBWoWhsTpA_utt03189#p01","DCBWoWhsTpA_utt03187,DCBWoWhsTpA_utt03188,DCBWoWhsTpA_utt03189",3,/Users/rajeshpmu/Desktop/LegalMemoCMT/data/phase2/clancy/corpus/raw/live-lindsay-clancy-trial-day-14/live-lindsay-clancy-trial-day-14_DCBWoWhsTpA.mp4,/Users/rajeshpmu/Desktop/LegalMemoCMT/data/phase2/clancy/corpus/raw/live-lindsay-clancy-trial-day-14/live-lindsay-clancy-trial-day-14_DCBWoWhsTpA.wav,/Users/rajeshpmu/Desktop/LegalMemoCMT/data/processed/phase2/clancy/turn_clips/video/DCBWoWhsTpA/DCBWoWhsTpA_turn06300.mp4,/Users/rajeshpmu/Desktop/LegalMemoCMT/data/processed/phase2/clancy/turn_clips/audio/DCBWoWhsTpA/DCBWoWhsTpA_turn06300.wav,4247.338,4248.835,1.497,created,01:10:47.338,01:10:48.835,0.000,default_zero,SPEAKER_18,0.725,pyannote/speaker-diarization-3.1,Witness,manual_verified_diarization,HIGH,YES,SPEAKING,Witness,YES,Witness 15 identified by manual audio/video review,INCLUDE,,YES,speaker_role=Witness,split_dev;usable,"usable because speaker_role=Witness, witness_speaking_status=SPEAKING, clip_status=created, duration=1.497s, and source is not excluded",YES,0.60,HIGH,manual_clip_review,HUMAN_VERIFIED,anger,0.799789,0.656188,"{""anger"": 0.799789, ""disgust"": 0.007317, ""fear"": 0.018895, ""joy"": 0.009678, ""neutral"": 0.159484, ""sadness"": 0.003226, ""surprise"": 0.001611}",/Users/rajeshpmu/Desktop/LegalMemoCMT/results/paper_aligned_meld_cv/cmt_min/fold_2/best_model.pt,phase1_meld_checkpoint_pseudo_label,"audio,text","audio,text,video","{""audio_dim"": 128, ""audio_model_name"": ""facebook/hubert-base-ls960"", ""dropout"": 0.1, ""encoder_mode"": ""paper"", ""freeze_audio_backbone"": true, ""freeze_text_backbone"": true, ""fusion_dim"": 256, ""fusion_pooling"": ""min"", ""max_audio_len"": 256, ""max_text_len"": 128, ""max_video_len"": 32, ""num_classes"": 7, ""num_heads"": 4, ""num_layers"": 2, ""text_dim"": 256, ""text_model_name"": ""bert-base-uncased"", ""use_video"": false, ""video_dim"": 128, ""vocab_size"": 30000}"
DCBWoWhsTpA_turn06301,DCBWoWhsTpA_turn06301,DCBWoWhsTpA,https://www.youtube.com/live/DCBWoWhsTpA,LIVE: Lindsay Clancy trial Day 14,full_trial_stream,5,/Users/rajeshpmu/Desktop/LegalMemoCMT/data/phase2/clancy/corpus/raw/live-lindsay-clancy-trial-day-14/live-lindsay-clancy-trial-day-14_DCBWoWhsTpA.en.vtt,/Users/rajeshpmu/Desktop/LegalMemoCMT/data/processed/phase2/clancy/turn_clips/video/DCBWoWhsTpA/DCBWoWhsTpA_turn06301.mp4,/Users/rajeshpmu/Desktop/LegalMemoCMT/data/processed/phase2/clancy/turn_clips/audio/DCBWoWhsTpA/DCBWoWhsTpA_turn06301.wav,DCBWoWhsTpA,group_by_youtube_id,dev,neutral,text_keyword_heuristic,LOW,NO,neutral default,YES,And does she respond?,And does she respond?,01:10:48.835,01:10:50.423,1.588,1.588,marker,MEDIUM,1,3,"DCBWoWhsTpA_utt03189#p02,DCBWoWhsTpA_utt03190#p01,DCBWoWhsTpA_utt03191#p01","DCBWoWhsTpA_utt03189,DCBWoWhsTpA_utt03190,DCBWoWhsTpA_utt03191",3,/Users/rajeshpmu/Desktop/LegalMemoCMT/data/phase2/clancy/corpus/raw/live-lindsay-clancy-trial-day-14/live-lindsay-clancy-trial-day-14_DCBWoWhsTpA.mp4,/Users/rajeshpmu/Desktop/LegalMemoCMT/data/phase2/clancy/corpus/raw/live-lindsay-clancy-trial-day-14/live-lindsay-clancy-trial-day-14_DCBWoWhsTpA.wav,/Users/rajeshpmu/Desktop/LegalMemoCMT/data/processed/phase2/clancy/turn_clips/video/DCBWoWhsTpA/DCBWoWhsTpA_turn06301.mp4,/Users/rajeshpmu/Desktop/LegalMemoCMT/data/processed/phase2/clancy/turn_clips/audio/DCBWoWhsTpA/DCBWoWhsTpA_turn06301.wav,4248.835,4250.423,1.588,created,01:10:48.835,01:10:50.423,0.000,default_zero,SPEAKER_18,0.795,pyannote/speaker-diarization-3.1,Witness,manual_verified_diarization,HIGH,YES,SPEAKING,Witness,YES,Witness 15 identified by manual audio/video review,INCLUDE,,YES,speaker_role=Witness,split_dev;usable,"usable because speaker_role=Witness, witness_speaking_status=SPEAKING, clip_status=created, duration=1.588s, and source is not excluded",YES,0.60,HIGH,manual_clip_review,HUMAN_VERIFIED,neutral,0.819242,0.737215,"{""anger"": 0.030035, ""disgust"": 0.08136, ""fear"": 0.027783, ""joy"": 0.029196, ""neutral"": 0.819242, ""sadness"": 0.008892, ""surprise"": 0.003491}",/Users/rajeshpmu/Desktop/LegalMemoCMT/results/paper_aligned_meld_cv/cmt_min/fold_2/best_model.pt,phase1_meld_checkpoint_pseudo_label,"audio,text","audio,text,video","{""audio_dim"": 128, ""audio_model_name"": ""facebook/hubert-base-ls960"", ""dropout"": 0.1, ""encoder_mode"": ""paper"", ""freeze_audio_backbone"": true, ""freeze_text_backbone"": true, ""fusion_dim"": 256, ""fusion_pooling"": ""min"", ""max_audio_len"": 256, ""max_text_len"": 128, ""max_video_len"": 32, ""num_classes"": 7, ""num_heads"": 4, ""num_layers"": 2, ""text_dim"": 256, ""text_model_name"": ""bert-base-uncased"", ""use_video"": false, ""video_dim"": 128, ""vocab_size"": 30000}"
DCBWoWhsTpA_turn06302,DCBWoWhsTpA_turn06302,DCBWoWhsTpA,https://www.youtube.com/live/DCBWoWhsTpA,LIVE: Lindsay Clancy trial Day 14,full_trial_stream,5,/Users/rajeshpmu/Desktop/LegalMemoCMT/data/phase2/clancy/corpus/raw/live-lindsay-clancy-trial-day-14/live-lindsay-clancy-trial-day-14_DCBWoWhsTpA.en.vtt,/Users/rajeshpmu/Desktop/LegalMemoCMT/data/processed/phase2/clancy/turn_clips/video/DCBWoWhsTpA/DCBWoWhsTpA_turn06302.mp4,/Users/rajeshpmu/Desktop/LegalMemoCMT/data/processed/phase2/clancy/turn_clips/audio/DCBWoWhsTpA/DCBWoWhsTpA_turn06302.wav,DCBWoWhsTpA,group_by_youtube_id,dev,neutral,text_keyword_heuristic,LOW,NO,neutral default,YES,Uh she responds with an emoji uh which is the face covered in hearts.,Uh she responds with an emoji uh which is the face covered in hearts.,01:10:50.423,01:10:54.998,4.575,4.575,marker,MEDIUM,1,5,"DCBWoWhsTpA_utt03191#p02,DCBWoWhsTpA_utt03192#p01,DCBWoWhsTpA_utt03193#p01,DCBWoWhsTpA_utt03194#p01,DCBWoWhsTpA_utt03195#p01","DCBWoWhsTpA_utt03191,DCBWoWhsTpA_utt03192,DCBWoWhsTpA_utt03193,DCBWoWhsTpA_utt03194,DCBWoWhsTpA_utt03195",5,/Users/rajeshpmu/Desktop/LegalMemoCMT/data/phase2/clancy/corpus/raw/live-lindsay-clancy-trial-day-14/live-lindsay-clancy-trial-day-14_DCBWoWhsTpA.mp4,/Users/rajeshpmu/Desktop/LegalMemoCMT/data/phase2/clancy/corpus/raw/live-lindsay-clancy-trial-day-14/live-lindsay-clancy-trial-day-14_DCBWoWhsTpA.wav,/Users/rajeshpmu/Desktop/LegalMemoCMT/data/processed/phase2/clancy/turn_clips/video/DCBWoWhsTpA/DCBWoWhsTpA_turn06302.mp4,/Users/rajeshpmu/Desktop/LegalMemoCMT/data/processed/phase2/clancy/turn_clips/audio/DCBWoWhsTpA/DCBWoWhsTpA_turn06302.wav,4250.423,4254.998,4.575,created,01:10:50.423,01:10:54.998,0.000,default_zero,SPEAKER_18,4.575,pyannote/speaker-diarization-3.1,Witness,manual_verified_diarization,HIGH,YES,SPEAKING,Witness,YES,Witness 15 identified by manual audio/video review,INCLUDE,,YES,speaker_role=Witness,split_dev;usable,"usable because speaker_role=Witness, witness_speaking_status=SPEAKING, clip_status=created, duration=4.575s, and source is not excluded",YES,0.60,HIGH,manual_clip_review,HUMAN_VERIFIED,neutral,0.74492,0.952971,"{""anger"": 0.106318, ""disgust"": 0.01641, ""fear"": 0.019183, ""joy"": 0.031953, ""neutral"": 0.74492, ""sadness"": 0.066721, ""surprise"": 0.014494}",/Users/rajeshpmu/Desktop/LegalMemoCMT/results/paper_aligned_meld_cv/cmt_min/fold_2/best_model.pt,phase1_meld_checkpoint_pseudo_label,"audio,text","audio,text,video","{""audio_dim"": 128, ""audio_model_name"": ""facebook/hubert-base-ls960"", ""dropout"": 0.1, ""encoder_mode"": ""paper"", ""freeze_audio_backbone"": true, ""freeze_text_backbone"": true, ""fusion_dim"": 256, ""fusion_pooling"": ""min"", ""max_audio_len"": 256, ""max_text_len"": 128, ""max_video_len"": 32, ""num_classes"": 7, ""num_heads"": 4, ""num_layers"": 2, ""text_dim"": 256, ""text_model_name"": ""bert-base-uncased"", ""use_video"": false, ""video_dim"": 128, ""vocab_size"": 30000}"
DCBWoWhsTpA_turn06311,DCBWoWhsTpA_turn06311,DCBWoWhsTpA,https://www.youtube.com/live/DCBWoWhsTpA,LIVE: Lindsay Clancy trial Day 14,full_trial_stream,5,/Users/rajeshpmu/Desktop/LegalMemoCMT/data/phase2/clancy/corpus/raw/live-lindsay-clancy-trial-day-14/live-lindsay-clancy-trial-day-14_DCBWoWhsTpA.en.vtt,/Users/rajeshpmu/Desktop/LegalMemoCMT/data/processed/phase2/clancy/turn_clips/video/DCBWoWhsTpA/DCBWoWhsTpA_turn06311.mp4,/Users/rajeshpmu/Desktop/LegalMemoCMT/data/processed/phase2/clancy/turn_clips/audio/DCBWoWhsTpA/DCBWoWhsTpA_turn06311.wav,DCBWoWhsTpA,group_by_youtube_id,dev,neutral,text_keyword_heuristic,LOW,NO,neutral default,YES,"That would be what you refer to as your appendix. Um, the appendix one of the Lindsy Clansancy phone is 1,300 and some uh, web search visits. Okay. So, I'm going to hand you what says report number one, iPhone belonging to Lindsay Clancy and ask if you can recognize that.","That would be what you refer to as your appendix. Um, the appendix one of the Lindsy Clansancy phone is 1,300 and some uh, web search visits. Okay. So, I'm going to hand you what says report number one, iPhone belonging to Lindsay Clancy and ask if you can recognize that.",01:11:59.503,01:12:24.310,24.807,24.807,marker,MEDIUM,1,15,"DCBWoWhsTpA_utt03251#p02,DCBWoWhsTpA_utt03252#p01,DCBWoWhsTpA_utt03253#p01,DCBWoWhsTpA_utt03254#p01,DCBWoWhsTpA_utt03255#p01,DCBWoWhsTpA_utt03256#p01,DCBWoWhsTpA_utt03257#p01,DCBWoWhsTpA_utt03258#p01,DCBWoWhsTpA_utt03259#p01,DCBWoWhsTpA_utt03260#p01,DCBWoWhsTpA_utt03261#p01,DCBWoWhsTpA_utt03262#p01,DCBWoWhsTpA_utt03263#p01,DCBWoWhsTpA_utt03264#p01,DCBWoWhsTpA_utt03265#p01","DCBWoWhsTpA_utt03251,DCBWoWhsTpA_utt03252,DCBWoWhsTpA_utt03253,DCBWoWhsTpA_utt03254,DCBWoWhsTpA_utt03255,DCBWoWhsTpA_utt03256,DCBWoWhsTpA_utt03257,DCBWoWhsTpA_utt03258,DCBWoWhsTpA_utt03259,DCBWoWhsTpA_utt03260,DCBWoWhsTpA_utt03261,DCBWoWhsTpA_utt03262,DCBWoWhsTpA_utt03263,DCBWoWhsTpA_utt03264,DCBWoWhsTpA_utt03265",15,/Users/rajeshpmu/Desktop/LegalMemoCMT/data/phase2/clancy/corpus/raw/live-lindsay-clancy-trial-day-14/live-lindsay-clancy-trial-day-14_DCBWoWhsTpA.mp4,/Users/rajeshpmu/Desktop/LegalMemoCMT/data/phase2/clancy/corpus/raw/live-lindsay-clancy-trial-day-14/live-lindsay-clancy-trial-day-14_DCBWoWhsTpA.wav,/Users/rajeshpmu/Desktop/LegalMemoCMT/data/processed/phase2/clancy/turn_clips/video/DCBWoWhsTpA/DCBWoWhsTpA_turn06311.mp4,/Users/rajeshpmu/Desktop/LegalMemoCMT/data/processed/phase2/clancy/turn_clips/audio/DCBWoWhsTpA/DCBWoWhsTpA_turn06311.wav,4319.503,4344.310,24.807,created,01:11:59.503,01:12:24.310,0.000,default_zero,SPEAKER_18,8.522,pyannote/speaker-diarization-3.1,Witness,manual_verified_diarization,HIGH,YES,SPEAKING,Witness,YES,Witness 15 identified by manual audio/video review,INCLUDE,,YES,speaker_role=Witness,split_dev;usable,"usable because speaker_role=Witness, witness_speaking_status=SPEAKING, clip_status=created, duration=24.807s, and source is not excluded",YES,0.60,HIGH,manual_clip_review,HUMAN_VERIFIED,neutral,0.961793,0.21414,"{""anger"": 0.013345, ""disgust"": 0.002448, ""fear"": 0.002313, ""joy"": 0.016558, ""neutral"": 0.961793, ""sadness"": 0.002049, ""surprise"": 0.001494}",/Users/rajeshpmu/Desktop/LegalMemoCMT/results/paper_aligned_meld_cv/cmt_min/fold_2/best_model.pt,phase1_meld_checkpoint_pseudo_label,"audio,text","audio,text,video","{""audio_dim"": 128, ""audio_model_name"": ""facebook/hubert-base-ls960"", ""dropout"": 0.1, ""encoder_mode"": ""paper"", ""freeze_audio_backbone"": true, ""freeze_text_backbone"": true, ""fusion_dim"": 256, ""fusion_pooling"": ""min"", ""max_audio_len"": 256, ""max_text_len"": 128, ""max_video_len"": 32, ""num_classes"": 7, ""num_heads"": 4, ""num_layers"": 2, ""text_dim"": 256, ""text_model_name"": ""bert-base-uncased"", ""use_video"": false, ""video_dim"": 128, ""vocab_size"": 30000}"
DCBWoWhsTpA_turn06312,DCBWoWhsTpA_turn06312,DCBWoWhsTpA,https://www.youtube.com/live/DCBWoWhsTpA,LIVE: Lindsay Clancy trial Day 14,full_trial_stream,5,/Users/rajeshpmu/Desktop/LegalMemoCMT/data/phase2/clancy/corpus/raw/live-lindsay-clancy-trial-day-14/live-lindsay-clancy-trial-day-14_DCBWoWhsTpA.en.vtt,/Users/rajeshpmu/Desktop/LegalMemoCMT/data/processed/phase2/clancy/turn_clips/video/DCBWoWhsTpA/DCBWoWhsTpA_turn06312.mp4,/Users/rajeshpmu/Desktop/LegalMemoCMT/data/processed/phase2/clancy/turn_clips/audio/DCBWoWhsTpA/DCBWoWhsTpA_turn06312.wav,DCBWoWhsTpA,group_by_youtube_id,dev,neutral,text_keyword_heuristic,LOW,NO,neutral default,YES,"Uh, yes. This appears to be the just the web history from Lindsay's phone.","Uh, yes. This appears to be the just the web history from Lindsay's phone.",01:12:27.189,01:12:29.229,2.040,2.040,marker,MEDIUM,1,6,"DCBWoWhsTpA_utt03268#p01,DCBWoWhsTpA_utt03269#p01,DCBWoWhsTpA_utt03270#p01,DCBWoWhsTpA_utt03271#p01,DCBWoWhsTpA_utt03272#p01,DCBWoWhsTpA_utt03273#p01","DCBWoWhsTpA_utt03268,DCBWoWhsTpA_utt03269,DCBWoWhsTpA_utt03270,DCBWoWhsTpA_utt03271,DCBWoWhsTpA_utt03272,DCBWoWhsTpA_utt03273",6,/Users/rajeshpmu/Desktop/LegalMemoCMT/data/phase2/clancy/corpus/raw/live-lindsay-clancy-trial-day-14/live-lindsay-clancy-trial-day-14_DCBWoWhsTpA.mp4,/Users/rajeshpmu/Desktop/LegalMemoCMT/data/phase2/clancy/corpus/raw/live-lindsay-clancy-trial-day-14/live-lindsay-clancy-trial-day-14_DCBWoWhsTpA.wav,/Users/rajeshpmu/Desktop/LegalMemoCMT/data/processed/phase2/clancy/turn_clips/video/DCBWoWhsTpA/DCBWoWhsTpA_turn06312.mp4,/Users/rajeshpmu/Desktop/LegalMemoCMT/data/processed/phase2/clancy/turn_clips/audio/DCBWoWhsTpA/DCBWoWhsTpA_turn06312.wav,4347.189,4349.229,2.040,created,01:12:27.189,01:12:29.229,0.000,default_zero,SPEAKER_18,1.597,pyannote/speaker-diarization-3.1,Witness,manual_verified_diarization,HIGH,YES,SPEAKING,Witness,YES,Witness 15 identified by manual audio/video review,INCLUDE,,YES,speaker_role=Witness,split_dev;usable,"usable because speaker_role=Witness, witness_speaking_status=SPEAKING, clip_status=created, duration=2.040s, and source is not excluded",YES,0.60,HIGH,manual_clip_review,HUMAN_VERIFIED,neutral,0.93511,0.341009,"{""anger"": 0.01546, ""disgust"": 0.005021, ""fear"": 0.008436, ""joy"": 0.014288, ""neutral"": 0.93511, ""sadness"": 0.020962, ""surprise"": 0.000722}",/Users/rajeshpmu/Desktop/LegalMemoCMT/results/paper_aligned_meld_cv/cmt_min/fold_2/best_model.pt,phase1_meld_checkpoint_pseudo_label,"audio,text","audio,text,video","{""audio_dim"": 128, ""audio_model_name"": ""facebook/hubert-base-ls960"", ""dropout"": 0.1, ""encoder_mode"": ""paper"", ""freeze_audio_backbone"": true, ""freeze_text_backbone"": true, ""fusion_dim"": 256, ""fusion_pooling"": ""min"", ""max_audio_len"": 256, ""max_text_len"": 128, ""max_video_len"": 32, ""num_classes"": 7, ""num_heads"": 4, ""num_layers"": 2, ""text_dim"": 256, ""text_model_name"": ""bert-base-uncased"", ""use_video"": false, ""video_dim"": 128, ""vocab_size"": 30000}"
DCBWoWhsTpA_turn06333,DCBWoWhsTpA_turn06333,DCBWoWhsTpA,https://www.youtube.com/live/DCBWoWhsTpA,LIVE: Lindsay Clancy trial Day 14,full_trial_stream,5,/Users/rajeshpmu/Desktop/LegalMemoCMT/data/phase2/clancy/corpus/raw/live-lindsay-clancy-trial-day-14/live-lindsay-clancy-trial-day-14_DCBWoWhsTpA.en.vtt,/Users/rajeshpmu/Desktop/LegalMemoCMT/data/processed/phase2/clancy/turn_clips/video/DCBWoWhsTpA/DCBWoWhsTpA_turn06333.mp4,/Users/rajeshpmu/Desktop/LegalMemoCMT/data/processed/phase2/clancy/turn_clips/audio/DCBWoWhsTpA/DCBWoWhsTpA_turn06333.wav,DCBWoWhsTpA,group_by_youtube_id,dev,neutral,text_keyword_heuristic,LOW,NO,neutral default,YES,"Um, yes. I'm creative. I recognize the report.","Um, yes. I'm creative. I recognize the report.",01:14:01.830,01:14:04.620,2.790,2.790,marker,MEDIUM,1,6,"DCBWoWhsTpA_utt03342#p01,DCBWoWhsTpA_utt03343#p01,DCBWoWhsTpA_utt03344#p01,DCBWoWhsTpA_utt03345#p01,DCBWoWhsTpA_utt03346#p01,DCBWoWhsTpA_utt03347#p01","DCBWoWhsTpA_utt03342,DCBWoWhsTpA_utt03343,DCBWoWhsTpA_utt03344,DCBWoWhsTpA_utt03345,DCBWoWhsTpA_utt03346,DCBWoWhsTpA_utt03347",6,/Users/rajeshpmu/Desktop/LegalMemoCMT/data/phase2/clancy/corpus/raw/live-lindsay-clancy-trial-day-14/live-lindsay-clancy-trial-day-14_DCBWoWhsTpA.mp4,/Users/rajeshpmu/Desktop/LegalMemoCMT/data/phase2/clancy/corpus/raw/live-lindsay-clancy-trial-day-14/live-lindsay-clancy-trial-day-14_DCBWoWhsTpA.wav,/Users/rajeshpmu/Desktop/LegalMemoCMT/data/processed/phase2/clancy/turn_clips/video/DCBWoWhsTpA/DCBWoWhsTpA_turn06333.mp4,/Users/rajeshpmu/Desktop/LegalMemoCMT/data/processed/phase2/clancy/turn_clips/audio/DCBWoWhsTpA/DCBWoWhsTpA_turn06333.wav,4441.830,4444.620,2.790,created,01:14:01.830,01:14:04.620,0.000,default_zero,SPEAKER_18,2.042,pyannote/speaker-diarization-3.1,Witness,manual_verified_diarization,HIGH,YES,SPEAKING,Witness,YES,Witness 15 identified by manual audio/video review,INCLUDE,,YES,speaker_role=Witness,split_dev;usable,"usable because speaker_role=Witness, witness_speaking_status=SPEAKING, clip_status=created, duration=2.790s, and source is not excluded",YES,0.60,HIGH,manual_clip_review,HUMAN_VERIFIED,neutral,0.858215,0.548615,"{""anger"": 0.091171, ""disgust"": 0.004629, ""fear"": 0.003042, ""joy"": 0.036827, ""neutral"": 0.858215, ""sadness"": 0.004247, ""surprise"": 0.00187}",/Users/rajeshpmu/Desktop/LegalMemoCMT/results/paper_aligned_meld_cv/cmt_min/fold_2/best_model.pt,phase1_meld_checkpoint_pseudo_label,"audio,text","audio,text,video","{""audio_dim"": 128, ""audio_model_name"": ""facebook/hubert-base-ls960"", ""dropout"": 0.1, ""encoder_mode"": ""paper"", ""freeze_audio_backbone"": true, ""freeze_text_backbone"": true, ""fusion_dim"": 256, ""fusion_pooling"": ""min"", ""max_audio_len"": 256, ""max_text_len"": 128, ""max_video_len"": 32, ""num_classes"": 7, ""num_heads"": 4, ""num_layers"": 2, ""text_dim"": 256, ""text_model_name"": ""bert-base-uncased"", ""use_video"": false, ""video_dim"": 128, ""vocab_size"": 30000}"
DCBWoWhsTpA_turn06335,DCBWoWhsTpA_turn06335,DCBWoWhsTpA,https://www.youtube.com/live/DCBWoWhsTpA,LIVE: Lindsay Clancy trial Day 14,full_trial_stream,5,/Users/rajeshpmu/Desktop/LegalMemoCMT/data/phase2/clancy/corpus/raw/live-lindsay-clancy-trial-day-14/live-lindsay-clancy-trial-day-14_DCBWoWhsTpA.en.vtt,/Users/rajeshpmu/Desktop/LegalMemoCMT/data/processed/phase2/clancy/turn_clips/video/DCBWoWhsTpA/DCBWoWhsTpA_turn06335.mp4,/Users/rajeshpmu/Desktop/LegalMemoCMT/data/processed/phase2/clancy/turn_clips/audio/DCBWoWhsTpA/DCBWoWhsTpA_turn06335.wav,DCBWoWhsTpA,group_by_youtube_id,dev,neutral,text_keyword_heuristic,LOW,NO,neutral default,YES,"Um, may look at you. Yeah. Close it.","Um, may look at you. Yeah. Close it.",01:14:11.083,01:14:17.045,5.962,5.962,marker,MEDIUM,1,3,"DCBWoWhsTpA_utt03353#p02,DCBWoWhsTpA_utt03354#p01,DCBWoWhsTpA_utt03355#p01","DCBWoWhsTpA_utt03353,DCBWoWhsTpA_utt03354,DCBWoWhsTpA_utt03355",3,/Users/rajeshpmu/Desktop/LegalMemoCMT/data/phase2/clancy/corpus/raw/live-lindsay-clancy-trial-day-14/live-lindsay-clancy-trial-day-14_DCBWoWhsTpA.mp4,/Users/rajeshpmu/Desktop/LegalMemoCMT/data/phase2/clancy/corpus/raw/live-lindsay-clancy-trial-day-14/live-lindsay-clancy-trial-day-14_DCBWoWhsTpA.wav,/Users/rajeshpmu/Desktop/LegalMemoCMT/data/processed/phase2/clancy/turn_clips/video/DCBWoWhsTpA/DCBWoWhsTpA_turn06335.mp4,/Users/rajeshpmu/Desktop/LegalMemoCMT/data/processed/phase2/clancy/turn_clips/audio/DCBWoWhsTpA/DCBWoWhsTpA_turn06335.wav,4451.083,4457.045,5.962,created,01:14:11.083,01:14:17.045,0.000,default_zero,SPEAKER_18,1.795,pyannote/speaker-diarization-3.1,Witness,manual_verified_diarization,HIGH,YES,SPEAKING,Witness,YES,Witness 15 identified by manual audio/video review,INCLUDE,,YES,speaker_role=Witness,split_dev;usable,"usable because speaker_role=Witness, witness_speaking_status=SPEAKING, clip_status=created, duration=5.962s, and source is not excluded",YES,0.60,HIGH,manual_clip_review,HUMAN_VERIFIED,neutral,0.861113,0.601109,"{""anger"": 0.037518, ""disgust"": 0.003686, ""fear"": 0.007364, ""joy"": 0.029207, ""neutral"": 0.861113, ""sadness"": 0.055672, ""surprise"": 0.005439}",/Users/rajeshpmu/Desktop/LegalMemoCMT/results/paper_aligned_meld_cv/cmt_min/fold_2/best_model.pt,phase1_meld_checkpoint_pseudo_label,"audio,text","audio,text,video","{""audio_dim"": 128, ""audio_model_name"": ""facebook/hubert-base-ls960"", ""dropout"": 0.1, ""encoder_mode"": ""paper"", ""freeze_audio_backbone"": true, ""freeze_text_backbone"": true, ""fusion_dim"": 256, ""fusion_pooling"": ""min"", ""max_audio_len"": 256, ""max_text_len"": 128, ""max_video_len"": 32, ""num_classes"": 7, ""num_heads"": 4, ""num_layers"": 2, ""text_dim"": 256, ""text_model_name"": ""bert-base-uncased"", ""use_video"": false, ""video_dim"": 128, ""vocab_size"": 30000}"
DCBWoWhsTpA_turn06336,DCBWoWhsTpA_turn06336,DCBWoWhsTpA,https://www.youtube.com/live/DCBWoWhsTpA,LIVE: Lindsay Clancy trial Day 14,full_trial_stream,5,/Users/rajeshpmu/Desktop/LegalMemoCMT/data/phase2/clancy/corpus/raw/live-lindsay-clancy-trial-day-14/live-lindsay-clancy-trial-day-14_DCBWoWhsTpA.en.vtt,/Users/rajeshpmu/Desktop/LegalMemoCMT/data/processed/phase2/clancy/turn_clips/video/DCBWoWhsTpA/DCBWoWhsTpA_turn06336.mp4,/Users/rajeshpmu/Desktop/LegalMemoCMT/data/processed/phase2/clancy/turn_clips/audio/DCBWoWhsTpA/DCBWoWhsTpA_turn06336.wav,DCBWoWhsTpA,group_by_youtube_id,dev,neutral,text_keyword_heuristic,LOW,NO,neutral default,YES,"Uh, yes. This is a a report generated by uh physical analyzer a self right tool of the device.","Uh, yes. This is a a report generated by uh physical analyzer a self right tool of the device.",01:14:17.045,01:14:23.925,6.880,6.880,marker,MEDIUM,1,7,"DCBWoWhsTpA_utt03355#p02,DCBWoWhsTpA_utt03356#p01,DCBWoWhsTpA_utt03357#p01,DCBWoWhsTpA_utt03358#p01,DCBWoWhsTpA_utt03359#p01,DCBWoWhsTpA_utt03360#p01,DCBWoWhsTpA_utt03361#p01","DCBWoWhsTpA_utt03355,DCBWoWhsTpA_utt03356,DCBWoWhsTpA_utt03357,DCBWoWhsTpA_utt03358,DCBWoWhsTpA_utt03359,DCBWoWhsTpA_utt03360,DCBWoWhsTpA_utt03361",7,/Users/rajeshpmu/Desktop/LegalMemoCMT/data/phase2/clancy/corpus/raw/live-lindsay-clancy-trial-day-14/live-lindsay-clancy-trial-day-14_DCBWoWhsTpA.mp4,/Users/rajeshpmu/Desktop/LegalMemoCMT/data/phase2/clancy/corpus/raw/live-lindsay-clancy-trial-day-14/live-lindsay-clancy-trial-day-14_DCBWoWhsTpA.wav,/Users/rajeshpmu/Desktop/LegalMemoCMT/data/processed/phase2/clancy/turn_clips/video/DCBWoWhsTpA/DCBWoWhsTpA_turn06336.mp4,/Users/rajeshpmu/Desktop/LegalMemoCMT/data/processed/phase2/clancy/turn_clips/audio/DCBWoWhsTpA/DCBWoWhsTpA_turn06336.wav,4457.045,4463.925,6.880,created,01:14:17.045,01:14:23.925,0.000,default_zero,SPEAKER_18,4.922,pyannote/speaker-diarization-3.1,Witness,manual_verified_diarization,HIGH,YES,SPEAKING,Witness,YES,Witness 15 identified by manual audio/video review,INCLUDE,,YES,speaker_role=Witness,split_dev;usable,"usable because speaker_role=Witness, witness_speaking_status=SPEAKING, clip_status=created, duration=6.880s, and source is not excluded",YES,0.60,HIGH,manual_clip_review,HUMAN_VERIFIED,neutral,0.931529,0.342058,"{""anger"": 0.029419, ""disgust"": 0.002352, ""fear"": 0.002389, ""joy"": 0.01607, ""neutral"": 0.931529, ""sadness"": 0.017134, ""surprise"": 0.001106}",/Users/rajeshpmu/Desktop/LegalMemoCMT/results/paper_aligned_meld_cv/cmt_min/fold_2/best_model.pt,phase1_meld_checkpoint_pseudo_label,"audio,text","audio,text,video","{""audio_dim"": 128, ""audio_model_name"": ""facebook/hubert-base-ls960"", ""dropout"": 0.1, ""encoder_mode"": ""paper"", ""freeze_audio_backbone"": true, ""freeze_text_backbone"": true, ""fusion_dim"": 256, ""fusion_pooling"": ""min"", ""max_audio_len"": 256, ""max_text_len"": 128, ""max_video_len"": 32, ""num_classes"": 7, ""num_heads"": 4, ""num_layers"": 2, ""text_dim"": 256, ""text_model_name"": ""bert-base-uncased"", ""use_video"": false, ""video_dim"": 128, ""vocab_size"": 30000}"
DCBWoWhsTpA_turn06345,DCBWoWhsTpA_turn06345,DCBWoWhsTpA,https://www.youtube.com/live/DCBWoWhsTpA,LIVE: Lindsay Clancy trial Day 14,full_trial_stream,5,/Users/rajeshpmu/Desktop/LegalMemoCMT/data/phase2/clancy/corpus/raw/live-lindsay-clancy-trial-day-14/live-lindsay-clancy-trial-day-14_DCBWoWhsTpA.en.vtt,/Users/rajeshpmu/Desktop/LegalMemoCMT/data/processed/phase2/clancy/turn_clips/video/DCBWoWhsTpA/DCBWoWhsTpA_turn06345.mp4,/Users/rajeshpmu/Desktop/LegalMemoCMT/data/processed/phase2/clancy/turn_clips/audio/DCBWoWhsTpA/DCBWoWhsTpA_turn06345.wav,DCBWoWhsTpA,group_by_youtube_id,dev,neutral,text_keyword_heuristic,LOW,NO,neutral default,YES,"So, this is for the hour of health data. So, it's been aggregated and it shows uh between 7 a.m. and 8 a.m. uh 47 m traveled.","So, this is for the hour of health data. So, it's been aggregated and it shows uh between 7 a.m. and 8 a.m. uh 47 m traveled.",01:15:20.915,01:15:35.337,14.422,14.422,marker,MEDIUM,1,9,"DCBWoWhsTpA_utt03405#p02,DCBWoWhsTpA_utt03406#p01,DCBWoWhsTpA_utt03407#p01,DCBWoWhsTpA_utt03408#p01,DCBWoWhsTpA_utt03409#p01,DCBWoWhsTpA_utt03410#p01,DCBWoWhsTpA_utt03411#p01,DCBWoWhsTpA_utt03412#p01,DCBWoWhsTpA_utt03413#p01","DCBWoWhsTpA_utt03405,DCBWoWhsTpA_utt03406,DCBWoWhsTpA_utt03407,DCBWoWhsTpA_utt03408,DCBWoWhsTpA_utt03409,DCBWoWhsTpA_utt03410,DCBWoWhsTpA_utt03411,DCBWoWhsTpA_utt03412,DCBWoWhsTpA_utt03413",9,/Users/rajeshpmu/Desktop/LegalMemoCMT/data/phase2/clancy/corpus/raw/live-lindsay-clancy-trial-day-14/live-lindsay-clancy-trial-day-14_DCBWoWhsTpA.mp4,/Users/rajeshpmu/Desktop/LegalMemoCMT/data/phase2/clancy/corpus/raw/live-lindsay-clancy-trial-day-14/live-lindsay-clancy-trial-day-14_DCBWoWhsTpA.wav,/Users/rajeshpmu/Desktop/LegalMemoCMT/data/processed/phase2/clancy/turn_clips/video/DCBWoWhsTpA/DCBWoWhsTpA_turn06345.mp4,/Users/rajeshpmu/Desktop/LegalMemoCMT/data/processed/phase2/clancy/turn_clips/audio/DCBWoWhsTpA/DCBWoWhsTpA_turn06345.wav,4520.915,4535.337,14.422,created,01:15:20.915,01:15:35.337,0.000,default_zero,SPEAKER_18,9.750,pyannote/speaker-diarization-3.1,Witness,manual_verified_diarization,HIGH,YES,SPEAKING,Witness,YES,Witness 15 identified by manual audio/video review,INCLUDE,,YES,speaker_role=Witness,split_dev;usable,"usable because speaker_role=Witness, witness_speaking_status=SPEAKING, clip_status=created, duration=14.422s, and source is not excluded",YES,0.60,HIGH,manual_clip_review,HUMAN_VERIFIED,neutral,0.948888,0.283103,"{""anger"": 0.017382, ""disgust"": 0.005827, ""fear"": 0.004561, ""joy"": 0.014137, ""neutral"": 0.948888, ""sadness"": 0.007093, ""surprise"": 0.002111}",/Users/rajeshpmu/Desktop/LegalMemoCMT/results/paper_aligned_meld_cv/cmt_min/fold_2/best_model.pt,phase1_meld_checkpoint_pseudo_label,"audio,text","audio,text,video","{""audio_dim"": 128, ""audio_model_name"": ""facebook/hubert-base-ls960"", ""dropout"": 0.1, ""encoder_mode"": ""paper"", ""freeze_audio_backbone"": true, ""freeze_text_backbone"": true, ""fusion_dim"": 256, ""fusion_pooling"": ""min"", ""max_audio_len"": 256, ""max_text_len"": 128, ""max_video_len"": 32, ""num_classes"": 7, ""num_heads"": 4, ""num_layers"": 2, ""text_dim"": 256, ""text_model_name"": ""bert-base-uncased"", ""use_video"": false, ""video_dim"": 128, ""vocab_size"": 30000}"
DCBWoWhsTpA_turn06353,DCBWoWhsTpA_turn06353,DCBWoWhsTpA,https://www.youtube.com/live/DCBWoWhsTpA,LIVE: Lindsay Clancy trial Day 14,full_trial_stream,5,/Users/rajeshpmu/Desktop/LegalMemoCMT/data/phase2/clancy/corpus/raw/live-lindsay-clancy-trial-day-14/live-lindsay-clancy-trial-day-14_DCBWoWhsTpA.en.vtt,/Users/rajeshpmu/Desktop/LegalMemoCMT/data/processed/phase2/clancy/turn_clips/video/DCBWoWhsTpA/DCBWoWhsTpA_turn06353.mp4,/Users/rajeshpmu/Desktop/LegalMemoCMT/data/processed/phase2/clancy/turn_clips/audio/DCBWoWhsTpA/DCBWoWhsTpA_turn06353.wav,DCBWoWhsTpA,group_by_youtube_id,dev,neutral,text_keyword_heuristic,LOW,NO,neutral default,YES,"Uh that's coming from the watch and the the phone and being displayed as one amount of information. It's coming from the watch, right?","Uh that's coming from the watch and the the phone and being displayed as one amount of information. It's coming from the watch, right?",01:16:07.554,01:16:17.604,10.050,10.050,marker,MEDIUM,1,9,"DCBWoWhsTpA_utt03443#p02,DCBWoWhsTpA_utt03444#p01,DCBWoWhsTpA_utt03445#p01,DCBWoWhsTpA_utt03446#p01,DCBWoWhsTpA_utt03447#p01,DCBWoWhsTpA_utt03448#p01,DCBWoWhsTpA_utt03449#p01,DCBWoWhsTpA_utt03450#p01,DCBWoWhsTpA_utt03451#p01","DCBWoWhsTpA_utt03443,DCBWoWhsTpA_utt03444,DCBWoWhsTpA_utt03445,DCBWoWhsTpA_utt03446,DCBWoWhsTpA_utt03447,DCBWoWhsTpA_utt03448,DCBWoWhsTpA_utt03449,DCBWoWhsTpA_utt03450,DCBWoWhsTpA_utt03451",9,/Users/rajeshpmu/Desktop/LegalMemoCMT/data/phase2/clancy/corpus/raw/live-lindsay-clancy-trial-day-14/live-lindsay-clancy-trial-day-14_DCBWoWhsTpA.mp4,/Users/rajeshpmu/Desktop/LegalMemoCMT/data/phase2/clancy/corpus/raw/live-lindsay-clancy-trial-day-14/live-lindsay-clancy-trial-day-14_DCBWoWhsTpA.wav,/Users/rajeshpmu/Desktop/LegalMemoCMT/data/processed/phase2/clancy/turn_clips/video/DCBWoWhsTpA/DCBWoWhsTpA_turn06353.mp4,/Users/rajeshpmu/Desktop/LegalMemoCMT/data/processed/phase2/clancy/turn_clips/audio/DCBWoWhsTpA/DCBWoWhsTpA_turn06353.wav,4567.554,4577.604,10.050,created,01:16:07.554,01:16:17.604,0.000,default_zero,SPEAKER_18,5.484,pyannote/speaker-diarization-3.1,Witness,manual_verified_diarization,HIGH,YES,SPEAKING,Witness,YES,Witness 15 identified by manual audio/video review,INCLUDE,,YES,speaker_role=Witness,split_dev;usable,"usable because speaker_role=Witness, witness_speaking_status=SPEAKING, clip_status=created, duration=10.050s, and source is not excluded",YES,0.60,HIGH,manual_clip_review,HUMAN_VERIFIED,neutral,0.902785,0.457345,"{""anger"": 0.014868, ""disgust"": 0.034803, ""fear"": 0.007236, ""joy"": 0.034028, ""neutral"": 0.902785, ""sadness"": 0.0051, ""surprise"": 0.00118}",/Users/rajeshpmu/Desktop/LegalMemoCMT/results/paper_aligned_meld_cv/cmt_min/fold_2/best_model.pt,phase1_meld_checkpoint_pseudo_label,"audio,text","audio,text,video","{""audio_dim"": 128, ""audio_model_name"": ""facebook/hubert-base-ls960"", ""dropout"": 0.1, ""encoder_mode"": ""paper"", ""freeze_audio_backbone"": true, ""freeze_text_backbone"": true, ""fusion_dim"": 256, ""fusion_pooling"": ""min"", ""max_audio_len"": 256, ""max_text_len"": 128, ""max_video_len"": 32, ""num_classes"": 7, ""num_heads"": 4, ""num_layers"": 2, ""text_dim"": 256, ""text_model_name"": ""bert-base-uncased"", ""use_video"": false, ""video_dim"": 128, ""vocab_size"": 30000}"
DCBWoWhsTpA_turn06354,DCBWoWhsTpA_turn06354,DCBWoWhsTpA,https://www.youtube.com/live/DCBWoWhsTpA,LIVE: Lindsay Clancy trial Day 14,full_trial_stream,5,/Users/rajeshpmu/Desktop/LegalMemoCMT/data/phase2/clancy/corpus/raw/live-lindsay-clancy-trial-day-14/live-lindsay-clancy-trial-day-14_DCBWoWhsTpA.en.vtt,/Users/rajeshpmu/Desktop/LegalMemoCMT/data/processed/phase2/clancy/turn_clips/video/DCBWoWhsTpA/DCBWoWhsTpA_turn06354.mp4,/Users/rajeshpmu/Desktop/LegalMemoCMT/data/processed/phase2/clancy/turn_clips/audio/DCBWoWhsTpA/DCBWoWhsTpA_turn06354.wav,DCBWoWhsTpA,group_by_youtube_id,dev,neutral,text_keyword_heuristic,LOW,NO,neutral default,YES,"The way that the data is presented there, it's coming from the watch or the phone.","The way that the data is presented there, it's coming from the watch or the phone.",01:16:17.604,01:16:20.577,2.973,2.973,marker,MEDIUM,1,7,"DCBWoWhsTpA_utt03451#p02,DCBWoWhsTpA_utt03452#p01,DCBWoWhsTpA_utt03453#p01,DCBWoWhsTpA_utt03454#p01,DCBWoWhsTpA_utt03455#p01,DCBWoWhsTpA_utt03456#p01,DCBWoWhsTpA_utt03457#p01","DCBWoWhsTpA_utt03451,DCBWoWhsTpA_utt03452,DCBWoWhsTpA_utt03453,DCBWoWhsTpA_utt03454,DCBWoWhsTpA_utt03455,DCBWoWhsTpA_utt03456,DCBWoWhsTpA_utt03457",7,/Users/rajeshpmu/Desktop/LegalMemoCMT/data/phase2/clancy/corpus/raw/live-lindsay-clancy-trial-day-14/live-lindsay-clancy-trial-day-14_DCBWoWhsTpA.mp4,/Users/rajeshpmu/Desktop/LegalMemoCMT/data/phase2/clancy/corpus/raw/live-lindsay-clancy-trial-day-14/live-lindsay-clancy-trial-day-14_DCBWoWhsTpA.wav,/Users/rajeshpmu/Desktop/LegalMemoCMT/data/processed/phase2/clancy/turn_clips/video/DCBWoWhsTpA/DCBWoWhsTpA_turn06354.mp4,/Users/rajeshpmu/Desktop/LegalMemoCMT/data/processed/phase2/clancy/turn_clips/audio/DCBWoWhsTpA/DCBWoWhsTpA_turn06354.wav,4577.604,4580.577,2.973,created,01:16:17.604,01:16:20.577,0.000,default_zero,SPEAKER_18,2.454,pyannote/speaker-diarization-3.1,Witness,manual_verified_diarization,HIGH,YES,SPEAKING,Witness,YES,Witness 15 identified by manual audio/video review,INCLUDE,,YES,speaker_role=Witness,split_dev;usable,"usable because speaker_role=Witness, witness_speaking_status=SPEAKING, clip_status=created, duration=2.973s, and source is not excluded",YES,0.60,HIGH,manual_clip_review,HUMAN_VERIFIED,neutral,0.943145,0.300667,"{""anger"": 0.020914, ""disgust"": 0.004337, ""fear"": 0.003868, ""joy"": 0.020127, ""neutral"": 0.943145, ""sadness"": 0.006114, ""surprise"": 0.001494}",/Users/rajeshpmu/Desktop/LegalMemoCMT/results/paper_aligned_meld_cv/cmt_min/fold_2/best_model.pt,phase1_meld_checkpoint_pseudo_label,"audio,text","audio,text,video","{""audio_dim"": 128, ""audio_model_name"": ""facebook/hubert-base-ls960"", ""dropout"": 0.1, ""encoder_mode"": ""paper"", ""freeze_audio_backbone"": true, ""freeze_text_backbone"": true, ""fusion_dim"": 256, ""fusion_pooling"": ""min"", ""max_audio_len"": 256, ""max_text_len"": 128, ""max_video_len"": 32, ""num_classes"": 7, ""num_heads"": 4, ""num_layers"": 2, ""text_dim"": 256, ""text_model_name"": ""bert-base-uncased"", ""use_video"": false, ""video_dim"": 128, ""vocab_size"": 30000}"
DCBWoWhsTpA_turn06358,DCBWoWhsTpA_turn06358,DCBWoWhsTpA,https://www.youtube.com/live/DCBWoWhsTpA,LIVE: Lindsay Clancy trial Day 14,full_trial_stream,5,/Users/rajeshpmu/Desktop/LegalMemoCMT/data/phase2/clancy/corpus/raw/live-lindsay-clancy-trial-day-14/live-lindsay-clancy-trial-day-14_DCBWoWhsTpA.en.vtt,/Users/rajeshpmu/Desktop/LegalMemoCMT/data/processed/phase2/clancy/turn_clips/video/DCBWoWhsTpA/DCBWoWhsTpA_turn06358.mp4,/Users/rajeshpmu/Desktop/LegalMemoCMT/data/processed/phase2/clancy/turn_clips/audio/DCBWoWhsTpA/DCBWoWhsTpA_turn06358.wav,DCBWoWhsTpA,group_by_youtube_id,dev,neutral,text_keyword_heuristic,LOW,NO,neutral default,YES,I like to think so.,I like to think so.,01:16:29.692,01:16:31.079,1.387,1.387,marker,MEDIUM,1,3,"DCBWoWhsTpA_utt03469#p02,DCBWoWhsTpA_utt03470#p01,DCBWoWhsTpA_utt03471#p01","DCBWoWhsTpA_utt03469,DCBWoWhsTpA_utt03470,DCBWoWhsTpA_utt03471",3,/Users/rajeshpmu/Desktop/LegalMemoCMT/data/phase2/clancy/corpus/raw/live-lindsay-clancy-trial-day-14/live-lindsay-clancy-trial-day-14_DCBWoWhsTpA.mp4,/Users/rajeshpmu/Desktop/LegalMemoCMT/data/phase2/clancy/corpus/raw/live-lindsay-clancy-trial-day-14/live-lindsay-clancy-trial-day-14_DCBWoWhsTpA.wav,/Users/rajeshpmu/Desktop/LegalMemoCMT/data/processed/phase2/clancy/turn_clips/video/DCBWoWhsTpA/DCBWoWhsTpA_turn06358.mp4,/Users/rajeshpmu/Desktop/LegalMemoCMT/data/processed/phase2/clancy/turn_clips/audio/DCBWoWhsTpA/DCBWoWhsTpA_turn06358.wav,4589.692,4591.079,1.387,created,01:16:29.692,01:16:31.079,0.000,default_zero,SPEAKER_18,0.541,pyannote/speaker-diarization-3.1,Witness,manual_verified_diarization,HIGH,YES,SPEAKING,Witness,YES,Witness 15 identified by manual audio/video review,INCLUDE,,YES,speaker_role=Witness,split_dev;usable,"usable because speaker_role=Witness, witness_speaking_status=SPEAKING, clip_status=created, duration=1.387s, and source is not excluded",YES,0.60,HIGH,manual_clip_review,HUMAN_VERIFIED,neutral,0.811898,0.643031,"{""anger"": 0.136296, ""disgust"": 0.004049, ""fear"": 0.005633, ""joy"": 0.037631, ""neutral"": 0.811898, ""sadness"": 0.002688, ""surprise"": 0.001804}",/Users/rajeshpmu/Desktop/LegalMemoCMT/results/paper_aligned_meld_cv/cmt_min/fold_2/best_model.pt,phase1_meld_checkpoint_pseudo_label,"audio,text","audio,text,video","{""audio_dim"": 128, ""audio_model_name"": ""facebook/hubert-base-ls960"", ""dropout"": 0.1, ""encoder_mode"": ""paper"", ""freeze_audio_backbone"": true, ""freeze_text_backbone"": true, ""fusion_dim"": 256, ""fusion_pooling"": ""min"", ""max_audio_len"": 256, ""max_text_len"": 128, ""max_video_len"": 32, ""num_classes"": 7, ""num_heads"": 4, ""num_layers"": 2, ""text_dim"": 256, ""text_model_name"": ""bert-base-uncased"", ""use_video"": false, ""video_dim"": 128, ""vocab_size"": 30000}"
DCBWoWhsTpA_turn06360,DCBWoWhsTpA_turn06360,DCBWoWhsTpA,https://www.youtube.com/live/DCBWoWhsTpA,LIVE: Lindsay Clancy trial Day 14,full_trial_stream,5,/Users/rajeshpmu/Desktop/LegalMemoCMT/data/phase2/clancy/corpus/raw/live-lindsay-clancy-trial-day-14/live-lindsay-clancy-trial-day-14_DCBWoWhsTpA.en.vtt,/Users/rajeshpmu/Desktop/LegalMemoCMT/data/processed/phase2/clancy/turn_clips/video/DCBWoWhsTpA/DCBWoWhsTpA_turn06360.mp4,/Users/rajeshpmu/Desktop/LegalMemoCMT/data/processed/phase2/clancy/turn_clips/audio/DCBWoWhsTpA/DCBWoWhsTpA_turn06360.wav,DCBWoWhsTpA,group_by_youtube_id,dev,neutral,text_keyword_heuristic,LOW,NO,neutral default,YES,I've created some other tools. Yes.,I've created some other tools. Yes.,01:16:35.884,01:16:38.030,2.146,2.146,marker,MEDIUM,1,3,"DCBWoWhsTpA_utt03477#p02,DCBWoWhsTpA_utt03478#p01,DCBWoWhsTpA_utt03479#p01","DCBWoWhsTpA_utt03477,DCBWoWhsTpA_utt03478,DCBWoWhsTpA_utt03479",3,/Users/rajeshpmu/Desktop/LegalMemoCMT/data/phase2/clancy/corpus/raw/live-lindsay-clancy-trial-day-14/live-lindsay-clancy-trial-day-14_DCBWoWhsTpA.mp4,/Users/rajeshpmu/Desktop/LegalMemoCMT/data/phase2/clancy/corpus/raw/live-lindsay-clancy-trial-day-14/live-lindsay-clancy-trial-day-14_DCBWoWhsTpA.wav,/Users/rajeshpmu/Desktop/LegalMemoCMT/data/processed/phase2/clancy/turn_clips/video/DCBWoWhsTpA/DCBWoWhsTpA_turn06360.mp4,/Users/rajeshpmu/Desktop/LegalMemoCMT/data/processed/phase2/clancy/turn_clips/audio/DCBWoWhsTpA/DCBWoWhsTpA_turn06360.wav,4595.884,4598.030,2.146,created,01:16:35.884,01:16:38.030,0.000,default_zero,SPEAKER_18,0.661,pyannote/speaker-diarization-3.1,Witness,manual_verified_diarization,HIGH,YES,SPEAKING,Witness,YES,Witness 15 identified by manual audio/video review,INCLUDE,,YES,speaker_role=Witness,split_dev;usable,"usable because speaker_role=Witness, witness_speaking_status=SPEAKING, clip_status=created, duration=2.146s, and source is not excluded",YES,0.60,HIGH,manual_clip_review,HUMAN_VERIFIED,neutral,0.954468,0.253937,"{""anger"": 0.017634, ""disgust"": 0.005945, ""fear"": 0.005961, ""joy"": 0.011587, ""neutral"": 0.954468, ""sadness"": 0.003836, ""surprise"": 0.000569}",/Users/rajeshpmu/Desktop/LegalMemoCMT/results/paper_aligned_meld_cv/cmt_min/fold_2/best_model.pt,phase1_meld_checkpoint_pseudo_label,"audio,text","audio,text,video","{""audio_dim"": 128, ""audio_model_name"": ""facebook/hubert-base-ls960"", ""dropout"": 0.1, ""encoder_mode"": ""paper"", ""freeze_audio_backbone"": true, ""freeze_text_backbone"": true, ""fusion_dim"": 256, ""fusion_pooling"": ""min"", ""max_audio_len"": 256, ""max_text_len"": 128, ""max_video_len"": 32, ""num_classes"": 7, ""num_heads"": 4, ""num_layers"": 2, ""text_dim"": 256, ""text_model_name"": ""bert-base-uncased"", ""use_video"": false, ""video_dim"": 128, ""vocab_size"": 30000}"
DCBWoWhsTpA_turn06362,DCBWoWhsTpA_turn06362,DCBWoWhsTpA,https://www.youtube.com/live/DCBWoWhsTpA,LIVE: Lindsay Clancy trial Day 14,full_trial_stream,5,/Users/rajeshpmu/Desktop/LegalMemoCMT/data/phase2/clancy/corpus/raw/live-lindsay-clancy-trial-day-14/live-lindsay-clancy-trial-day-14_DCBWoWhsTpA.en.vtt,/Users/rajeshpmu/Desktop/LegalMemoCMT/data/processed/phase2/clancy/turn_clips/video/DCBWoWhsTpA/DCBWoWhsTpA_turn06362.mp4,/Users/rajeshpmu/Desktop/LegalMemoCMT/data/processed/phase2/clancy/turn_clips/audio/DCBWoWhsTpA/DCBWoWhsTpA_turn06362.wav,DCBWoWhsTpA,group_by_youtube_id,dev,neutral,text_keyword_heuristic,LOW,NO,neutral default,YES,"Based purely on the the report there, I'd suggest the data came from the phone rather than the watch.","Based purely on the the report there, I'd suggest the data came from the phone rather than the watch.",01:16:55.017,01:17:00.538,5.521,5.521,marker,MEDIUM,1,7,"DCBWoWhsTpA_utt03491#p02,DCBWoWhsTpA_utt03492#p01,DCBWoWhsTpA_utt03493#p01,DCBWoWhsTpA_utt03494#p01,DCBWoWhsTpA_utt03495#p01,DCBWoWhsTpA_utt03496#p01,DCBWoWhsTpA_utt03497#p01","DCBWoWhsTpA_utt03491,DCBWoWhsTpA_utt03492,DCBWoWhsTpA_utt03493,DCBWoWhsTpA_utt03494,DCBWoWhsTpA_utt03495,DCBWoWhsTpA_utt03496,DCBWoWhsTpA_utt03497",7,/Users/rajeshpmu/Desktop/LegalMemoCMT/data/phase2/clancy/corpus/raw/live-lindsay-clancy-trial-day-14/live-lindsay-clancy-trial-day-14_DCBWoWhsTpA.mp4,/Users/rajeshpmu/Desktop/LegalMemoCMT/data/phase2/clancy/corpus/raw/live-lindsay-clancy-trial-day-14/live-lindsay-clancy-trial-day-14_DCBWoWhsTpA.wav,/Users/rajeshpmu/Desktop/LegalMemoCMT/data/processed/phase2/clancy/turn_clips/video/DCBWoWhsTpA/DCBWoWhsTpA_turn06362.mp4,/Users/rajeshpmu/Desktop/LegalMemoCMT/data/processed/phase2/clancy/turn_clips/audio/DCBWoWhsTpA/DCBWoWhsTpA_turn06362.wav,4615.017,4620.538,5.521,created,01:16:55.017,01:17:00.538,0.000,default_zero,SPEAKER_18,4.528,pyannote/speaker-diarization-3.1,Witness,manual_verified_diarization,HIGH,YES,SPEAKING,Witness,YES,Witness 15 identified by manual audio/video review,INCLUDE,,YES,speaker_role=Witness,split_dev;usable,"usable because speaker_role=Witness, witness_speaking_status=SPEAKING, clip_status=created, duration=5.521s, and source is not excluded",YES,0.60,HIGH,manual_clip_review,HUMAN_VERIFIED,neutral,0.947248,0.285934,"{""anger"": 0.01393, ""disgust"": 0.004855, ""fear"": 0.003692, ""joy"": 0.021659, ""neutral"": 0.947248, ""sadness"": 0.006714, ""surprise"": 0.001904}",/Users/rajeshpmu/Desktop/LegalMemoCMT/results/paper_aligned_meld_cv/cmt_min/fold_2/best_model.pt,phase1_meld_checkpoint_pseudo_label,"audio,text","audio,text,video","{""audio_dim"": 128, ""audio_model_name"": ""facebook/hubert-base-ls960"", ""dropout"": 0.1, ""encoder_mode"": ""paper"", ""freeze_audio_backbone"": true, ""freeze_text_backbone"": true, ""fusion_dim"": 256, ""fusion_pooling"": ""min"", ""max_audio_len"": 256, ""max_text_len"": 128, ""max_video_len"": 32, ""num_classes"": 7, ""num_heads"": 4, ""num_layers"": 2, ""text_dim"": 256, ""text_model_name"": ""bert-base-uncased"", ""use_video"": false, ""video_dim"": 128, ""vocab_size"": 30000}"
DCBWoWhsTpA_turn06363,DCBWoWhsTpA_turn06363,DCBWoWhsTpA,https://www.youtube.com/live/DCBWoWhsTpA,LIVE: Lindsay Clancy trial Day 14,full_trial_stream,5,/Users/rajeshpmu/Desktop/LegalMemoCMT/data/phase2/clancy/corpus/raw/live-lindsay-clancy-trial-day-14/live-lindsay-clancy-trial-day-14_DCBWoWhsTpA.en.vtt,/Users/rajeshpmu/Desktop/LegalMemoCMT/data/processed/phase2/clancy/turn_clips/video/DCBWoWhsTpA/DCBWoWhsTpA_turn06363.mp4,/Users/rajeshpmu/Desktop/LegalMemoCMT/data/processed/phase2/clancy/turn_clips/audio/DCBWoWhsTpA/DCBWoWhsTpA_turn06363.wav,DCBWoWhsTpA,group_by_youtube_id,dev,neutral,text_keyword_heuristic,LOW,NO,neutral default,YES,"Ah, I I just told you about the watch. Did you ever look at this watch? No, we can't actually pull data directly from the watch. We pull it from the phone.","Ah, I I just told you about the watch. Did you ever look at this watch? No, we can't actually pull data directly from the watch. We pull it from the phone.",01:17:00.538,01:17:09.200,8.662,8.662,marker,MEDIUM,1,9,"DCBWoWhsTpA_utt03497#p02,DCBWoWhsTpA_utt03498#p01,DCBWoWhsTpA_utt03499#p01,DCBWoWhsTpA_utt03500#p01,DCBWoWhsTpA_utt03501#p01,DCBWoWhsTpA_utt03502#p01,DCBWoWhsTpA_utt03503#p01,DCBWoWhsTpA_utt03504#p01,DCBWoWhsTpA_utt03505#p01","DCBWoWhsTpA_utt03497,DCBWoWhsTpA_utt03498,DCBWoWhsTpA_utt03499,DCBWoWhsTpA_utt03500,DCBWoWhsTpA_utt03501,DCBWoWhsTpA_utt03502,DCBWoWhsTpA_utt03503,DCBWoWhsTpA_utt03504,DCBWoWhsTpA_utt03505",9,/Users/rajeshpmu/Desktop/LegalMemoCMT/data/phase2/clancy/corpus/raw/live-lindsay-clancy-trial-day-14/live-lindsay-clancy-trial-day-14_DCBWoWhsTpA.mp4,/Users/rajeshpmu/Desktop/LegalMemoCMT/data/phase2/clancy/corpus/raw/live-lindsay-clancy-trial-day-14/live-lindsay-clancy-trial-day-14_DCBWoWhsTpA.wav,/Users/rajeshpmu/Desktop/LegalMemoCMT/data/processed/phase2/clancy/turn_clips/video/DCBWoWhsTpA/DCBWoWhsTpA_turn06363.mp4,/Users/rajeshpmu/Desktop/LegalMemoCMT/data/processed/phase2/clancy/turn_clips/audio/DCBWoWhsTpA/DCBWoWhsTpA_turn06363.wav,4620.538,4629.200,8.662,created,01:17:00.538,01:17:09.200,0.000,default_zero,SPEAKER_18,4.928,pyannote/speaker-diarization-3.1,Witness,manual_verified_diarization,HIGH,YES,SPEAKING,Witness,YES,Witness 15 identified by manual audio/video review,INCLUDE,,YES,speaker_role=Witness,split_dev;usable,"usable because speaker_role=Witness, witness_speaking_status=SPEAKING, clip_status=created, duration=8.662s, and source is not excluded",YES,0.60,HIGH,manual_clip_review,HUMAN_VERIFIED,neutral,0.848043,0.652301,"{""anger"": 0.032586, ""disgust"": 0.035813, ""fear"": 0.007741, ""joy"": 0.057943, ""neutral"": 0.848043, ""sadness"": 0.01544, ""surprise"": 0.002434}",/Users/rajeshpmu/Desktop/LegalMemoCMT/results/paper_aligned_meld_cv/cmt_min/fold_2/best_model.pt,phase1_meld_checkpoint_pseudo_label,"audio,text","audio,text,video","{""audio_dim"": 128, ""audio_model_name"": ""facebook/hubert-base-ls960"", ""dropout"": 0.1, ""encoder_mode"": ""paper"", ""freeze_audio_backbone"": true, ""freeze_text_backbone"": true, ""fusion_dim"": 256, ""fusion_pooling"": ""min"", ""max_audio_len"": 256, ""max_text_len"": 128, ""max_video_len"": 32, ""num_classes"": 7, ""num_heads"": 4, ""num_layers"": 2, ""text_dim"": 256, ""text_model_name"": ""bert-base-uncased"", ""use_video"": false, ""video_dim"": 128, ""vocab_size"": 30000}"
DCBWoWhsTpA_turn06364,DCBWoWhsTpA_turn06364,DCBWoWhsTpA,https://www.youtube.com/live/DCBWoWhsTpA,LIVE: Lindsay Clancy trial Day 14,full_trial_stream,5,/Users/rajeshpmu/Desktop/LegalMemoCMT/data/phase2/clancy/corpus/raw/live-lindsay-clancy-trial-day-14/live-lindsay-clancy-trial-day-14_DCBWoWhsTpA.en.vtt,/Users/rajeshpmu/Desktop/LegalMemoCMT/data/processed/phase2/clancy/turn_clips/video/DCBWoWhsTpA/DCBWoWhsTpA_turn06364.mp4,/Users/rajeshpmu/Desktop/LegalMemoCMT/data/processed/phase2/clancy/turn_clips/audio/DCBWoWhsTpA/DCBWoWhsTpA_turn06364.wav,DCBWoWhsTpA,group_by_youtube_id,dev,neutral,text_keyword_heuristic,LOW,NO,neutral default,YES,How do you look at a watch?,How do you look at a watch?,01:17:09.200,01:17:11.254,2.054,2.054,marker,MEDIUM,1,3,"DCBWoWhsTpA_utt03505#p02,DCBWoWhsTpA_utt03506#p01,DCBWoWhsTpA_utt03507#p01","DCBWoWhsTpA_utt03505,DCBWoWhsTpA_utt03506,DCBWoWhsTpA_utt03507",3,/Users/rajeshpmu/Desktop/LegalMemoCMT/data/phase2/clancy/corpus/raw/live-lindsay-clancy-trial-day-14/live-lindsay-clancy-trial-day-14_DCBWoWhsTpA.mp4,/Users/rajeshpmu/Desktop/LegalMemoCMT/data/phase2/clancy/corpus/raw/live-lindsay-clancy-trial-day-14/live-lindsay-clancy-trial-day-14_DCBWoWhsTpA.wav,/Users/rajeshpmu/Desktop/LegalMemoCMT/data/processed/phase2/clancy/turn_clips/video/DCBWoWhsTpA/DCBWoWhsTpA_turn06364.mp4,/Users/rajeshpmu/Desktop/LegalMemoCMT/data/processed/phase2/clancy/turn_clips/audio/DCBWoWhsTpA/DCBWoWhsTpA_turn06364.wav,4629.200,4631.254,2.054,created,01:17:09.200,01:17:11.254,0.000,default_zero,SPEAKER_18,1.128,pyannote/speaker-diarization-3.1,Witness,manual_verified_diarization,HIGH,YES,SPEAKING,Witness,YES,Witness 15 identified by manual audio/video review,INCLUDE,,YES,speaker_role=Witness,split_dev;usable,"usable because speaker_role=Witness, witness_speaking_status=SPEAKING, clip_status=created, duration=2.054s, and source is not excluded",YES,0.60,HIGH,manual_clip_review,HUMAN_VERIFIED,disgust,0.505645,1.231653,"{""anger"": 0.062684, ""disgust"": 0.505645, ""fear"": 0.021908, ""joy"": 0.044668, ""neutral"": 0.333778, ""sadness"": 0.024847, ""surprise"": 0.00647}",/Users/rajeshpmu/Desktop/LegalMemoCMT/results/paper_aligned_meld_cv/cmt_min/fold_2/best_model.pt,phase1_meld_checkpoint_pseudo_label,"audio,text","audio,text,video","{""audio_dim"": 128, ""audio_model_name"": ""facebook/hubert-base-ls960"", ""dropout"": 0.1, ""encoder_mode"": ""paper"", ""freeze_audio_backbone"": true, ""freeze_text_backbone"": true, ""fusion_dim"": 256, ""fusion_pooling"": ""min"", ""max_audio_len"": 256, ""max_text_len"": 128, ""max_video_len"": 32, ""num_classes"": 7, ""num_heads"": 4, ""num_layers"": 2, ""text_dim"": 256, ""text_model_name"": ""bert-base-uncased"", ""use_video"": false, ""video_dim"": 128, ""vocab_size"": 30000}"
DCBWoWhsTpA_turn06365,DCBWoWhsTpA_turn06365,DCBWoWhsTpA,https://www.youtube.com/live/DCBWoWhsTpA,LIVE: Lindsay Clancy trial Day 14,full_trial_stream,5,/Users/rajeshpmu/Desktop/LegalMemoCMT/data/phase2/clancy/corpus/raw/live-lindsay-clancy-trial-day-14/live-lindsay-clancy-trial-day-14_DCBWoWhsTpA.en.vtt,/Users/rajeshpmu/Desktop/LegalMemoCMT/data/processed/phase2/clancy/turn_clips/video/DCBWoWhsTpA/DCBWoWhsTpA_turn06365.mp4,/Users/rajeshpmu/Desktop/LegalMemoCMT/data/processed/phase2/clancy/turn_clips/audio/DCBWoWhsTpA/DCBWoWhsTpA_turn06365.wav,DCBWoWhsTpA,group_by_youtube_id,dev,neutral,text_keyword_heuristic,LOW,NO,neutral default,YES,We extract the data from the phone which is synchronized to the from the watch to the phone.,We extract the data from the phone which is synchronized to the from the watch to the phone.,01:17:11.254,01:17:15.521,4.267,4.267,marker,MEDIUM,1,7,"DCBWoWhsTpA_utt03507#p02,DCBWoWhsTpA_utt03508#p01,DCBWoWhsTpA_utt03509#p01,DCBWoWhsTpA_utt03510#p01,DCBWoWhsTpA_utt03511#p01,DCBWoWhsTpA_utt03512#p01,DCBWoWhsTpA_utt03513#p01","DCBWoWhsTpA_utt03507,DCBWoWhsTpA_utt03508,DCBWoWhsTpA_utt03509,DCBWoWhsTpA_utt03510,DCBWoWhsTpA_utt03511,DCBWoWhsTpA_utt03512,DCBWoWhsTpA_utt03513",7,/Users/rajeshpmu/Desktop/LegalMemoCMT/data/phase2/clancy/corpus/raw/live-lindsay-clancy-trial-day-14/live-lindsay-clancy-trial-day-14_DCBWoWhsTpA.mp4,/Users/rajeshpmu/Desktop/LegalMemoCMT/data/phase2/clancy/corpus/raw/live-lindsay-clancy-trial-day-14/live-lindsay-clancy-trial-day-14_DCBWoWhsTpA.wav,/Users/rajeshpmu/Desktop/LegalMemoCMT/data/processed/phase2/clancy/turn_clips/video/DCBWoWhsTpA/DCBWoWhsTpA_turn06365.mp4,/Users/rajeshpmu/Desktop/LegalMemoCMT/data/processed/phase2/clancy/turn_clips/audio/DCBWoWhsTpA/DCBWoWhsTpA_turn06365.wav,4631.254,4635.521,4.267,created,01:17:11.254,01:17:15.521,0.000,default_zero,SPEAKER_18,3.462,pyannote/speaker-diarization-3.1,Witness,manual_verified_diarization,HIGH,YES,SPEAKING,Witness,YES,Witness 15 identified by manual audio/video review,INCLUDE,,YES,speaker_role=Witness,split_dev;usable,"usable because speaker_role=Witness, witness_speaking_status=SPEAKING, clip_status=created, duration=4.267s, and source is not excluded",YES,0.60,HIGH,manual_clip_review,HUMAN_VERIFIED,neutral,0.960157,0.222283,"{""anger"": 0.014616, ""disgust"": 0.00208, ""fear"": 0.001653, ""joy"": 0.014715, ""neutral"": 0.960157, ""sadness"": 0.006142, ""surprise"": 0.000638}",/Users/rajeshpmu/Desktop/LegalMemoCMT/results/paper_aligned_meld_cv/cmt_min/fold_2/best_model.pt,phase1_meld_checkpoint_pseudo_label,"audio,text","audio,text,video","{""audio_dim"": 128, ""audio_model_name"": ""facebook/hubert-base-ls960"", ""dropout"": 0.1, ""encoder_mode"": ""paper"", ""freeze_audio_backbone"": true, ""freeze_text_backbone"": true, ""fusion_dim"": 256, ""fusion_pooling"": ""min"", ""max_audio_len"": 256, ""max_text_len"": 128, ""max_video_len"": 32, ""num_classes"": 7, ""num_heads"": 4, ""num_layers"": 2, ""text_dim"": 256, ""text_model_name"": ""bert-base-uncased"", ""use_video"": false, ""video_dim"": 128, ""vocab_size"": 30000}"
DCBWoWhsTpA_turn06367,DCBWoWhsTpA_turn06367,DCBWoWhsTpA,https://www.youtube.com/live/DCBWoWhsTpA,LIVE: Lindsay Clancy trial Day 14,full_trial_stream,5,/Users/rajeshpmu/Desktop/LegalMemoCMT/data/phase2/clancy/corpus/raw/live-lindsay-clancy-trial-day-14/live-lindsay-clancy-trial-day-14_DCBWoWhsTpA.en.vtt,/Users/rajeshpmu/Desktop/LegalMemoCMT/data/processed/phase2/clancy/turn_clips/video/DCBWoWhsTpA/DCBWoWhsTpA_turn06367.mp4,/Users/rajeshpmu/Desktop/LegalMemoCMT/data/processed/phase2/clancy/turn_clips/audio/DCBWoWhsTpA/DCBWoWhsTpA_turn06367.wav,DCBWoWhsTpA,group_by_youtube_id,dev,confidence,text_keyword_heuristic,HIGH,YES,keyword match,YES,It appears to be. Yes.,It appears to be. Yes.,01:17:19.362,01:17:21.008,1.646,1.646,marker,MEDIUM,1,3,"DCBWoWhsTpA_utt03517#p02,DCBWoWhsTpA_utt03518#p01,DCBWoWhsTpA_utt03519#p01","DCBWoWhsTpA_utt03517,DCBWoWhsTpA_utt03518,DCBWoWhsTpA_utt03519",3,/Users/rajeshpmu/Desktop/LegalMemoCMT/data/phase2/clancy/corpus/raw/live-lindsay-clancy-trial-day-14/live-lindsay-clancy-trial-day-14_DCBWoWhsTpA.mp4,/Users/rajeshpmu/Desktop/LegalMemoCMT/data/phase2/clancy/corpus/raw/live-lindsay-clancy-trial-day-14/live-lindsay-clancy-trial-day-14_DCBWoWhsTpA.wav,/Users/rajeshpmu/Desktop/LegalMemoCMT/data/processed/phase2/clancy/turn_clips/video/DCBWoWhsTpA/DCBWoWhsTpA_turn06367.mp4,/Users/rajeshpmu/Desktop/LegalMemoCMT/data/processed/phase2/clancy/turn_clips/audio/DCBWoWhsTpA/DCBWoWhsTpA_turn06367.wav,4639.362,4641.008,1.646,created,01:17:19.362,01:17:21.008,0.000,default_zero,SPEAKER_18,0.653,pyannote/speaker-diarization-3.1,Witness,manual_verified_diarization,HIGH,YES,SPEAKING,Witness,YES,Witness 15 identified by manual audio/video review,INCLUDE,,YES,speaker_role=Witness,split_dev;usable,"usable because speaker_role=Witness, witness_speaking_status=SPEAKING, clip_status=created, duration=1.646s, and source is not excluded",YES,0.60,HIGH,manual_clip_review,HUMAN_VERIFIED,neutral,0.952295,0.26409,"{""anger"": 0.020229, ""disgust"": 0.005034, ""fear"": 0.007208, ""joy"": 0.009303, ""neutral"": 0.952295, ""sadness"": 0.005034, ""surprise"": 0.000897}",/Users/rajeshpmu/Desktop/LegalMemoCMT/results/paper_aligned_meld_cv/cmt_min/fold_2/best_model.pt,phase1_meld_checkpoint_pseudo_label,"audio,text","audio,text,video","{""audio_dim"": 128, ""audio_model_name"": ""facebook/hubert-base-ls960"", ""dropout"": 0.1, ""encoder_mode"": ""paper"", ""freeze_audio_backbone"": true, ""freeze_text_backbone"": true, ""fusion_dim"": 256, ""fusion_pooling"": ""min"", ""max_audio_len"": 256, ""max_text_len"": 128, ""max_video_len"": 32, ""num_classes"": 7, ""num_heads"": 4, ""num_layers"": 2, ""text_dim"": 256, ""text_model_name"": ""bert-base-uncased"", ""use_video"": false, ""video_dim"": 128, ""vocab_size"": 30000}"
DCBWoWhsTpA_turn06371,DCBWoWhsTpA_turn06371,DCBWoWhsTpA,https://www.youtube.com/live/DCBWoWhsTpA,LIVE: Lindsay Clancy trial Day 14,full_trial_stream,5,/Users/rajeshpmu/Desktop/LegalMemoCMT/data/phase2/clancy/corpus/raw/live-lindsay-clancy-trial-day-14/live-lindsay-clancy-trial-day-14_DCBWoWhsTpA.en.vtt,/Users/rajeshpmu/Desktop/LegalMemoCMT/data/processed/phase2/clancy/turn_clips/video/DCBWoWhsTpA/DCBWoWhsTpA_turn06371.mp4,/Users/rajeshpmu/Desktop/LegalMemoCMT/data/processed/phase2/clancy/turn_clips/audio/DCBWoWhsTpA/DCBWoWhsTpA_turn06371.wav,DCBWoWhsTpA,group_by_youtube_id,dev,neutral,text_keyword_heuristic,LOW,NO,neutral default,YES,Uh I started looking at this case uh in November last year.,Uh I started looking at this case uh in November last year.,01:17:39.498,01:17:44.629,5.131,5.131,marker,MEDIUM,1,5,"DCBWoWhsTpA_utt03535#p02,DCBWoWhsTpA_utt03536#p01,DCBWoWhsTpA_utt03537#p01,DCBWoWhsTpA_utt03538#p01,DCBWoWhsTpA_utt03539#p01","DCBWoWhsTpA_utt03535,DCBWoWhsTpA_utt03536,DCBWoWhsTpA_utt03537,DCBWoWhsTpA_utt03538,DCBWoWhsTpA_utt03539",5,/Users/rajeshpmu/Desktop/LegalMemoCMT/data/phase2/clancy/corpus/raw/live-lindsay-clancy-trial-day-14/live-lindsay-clancy-trial-day-14_DCBWoWhsTpA.mp4,/Users/rajeshpmu/Desktop/LegalMemoCMT/data/phase2/clancy/corpus/raw/live-lindsay-clancy-trial-day-14/live-lindsay-clancy-trial-day-14_DCBWoWhsTpA.wav,/Users/rajeshpmu/Desktop/LegalMemoCMT/data/processed/phase2/clancy/turn_clips/video/DCBWoWhsTpA/DCBWoWhsTpA_turn06371.mp4,/Users/rajeshpmu/Desktop/LegalMemoCMT/data/processed/phase2/clancy/turn_clips/audio/DCBWoWhsTpA/DCBWoWhsTpA_turn06371.wav,4659.498,4664.629,5.131,created,01:17:39.498,01:17:44.629,0.000,default_zero,SPEAKER_18,1.239,pyannote/speaker-diarization-3.1,Witness,manual_verified_diarization,HIGH,YES,SPEAKING,Witness,YES,Witness 15 identified by manual audio/video review,INCLUDE,,YES,speaker_role=Witness,split_dev;usable,"usable because speaker_role=Witness, witness_speaking_status=SPEAKING, clip_status=created, duration=5.131s, and source is not excluded",YES,0.60,HIGH,manual_clip_review,HUMAN_VERIFIED,neutral,0.863061,0.603052,"{""anger"": 0.051981, ""disgust"": 0.00847, ""fear"": 0.016704, ""joy"": 0.02088, ""neutral"": 0.863061, ""sadness"": 0.037391, ""surprise"": 0.001511}",/Users/rajeshpmu/Desktop/LegalMemoCMT/results/paper_aligned_meld_cv/cmt_min/fold_2/best_model.pt,phase1_meld_checkpoint_pseudo_label,"audio,text","audio,text,video","{""audio_dim"": 128, ""audio_model_name"": ""facebook/hubert-base-ls960"", ""dropout"": 0.1, ""encoder_mode"": ""paper"", ""freeze_audio_backbone"": true, ""freeze_text_backbone"": true, ""fusion_dim"": 256, ""fusion_pooling"": ""min"", ""max_audio_len"": 256, ""max_text_len"": 128, ""max_video_len"": 32, ""num_classes"": 7, ""num_heads"": 4, ""num_layers"": 2, ""text_dim"": 256, ""text_model_name"": ""bert-base-uncased"", ""use_video"": false, ""video_dim"": 128, ""vocab_size"": 30000}"
DCBWoWhsTpA_turn06377,DCBWoWhsTpA_turn06377,DCBWoWhsTpA,https://www.youtube.com/live/DCBWoWhsTpA,LIVE: Lindsay Clancy trial Day 14,full_trial_stream,5,/Users/rajeshpmu/Desktop/LegalMemoCMT/data/phase2/clancy/corpus/raw/live-lindsay-clancy-trial-day-14/live-lindsay-clancy-trial-day-14_DCBWoWhsTpA.en.vtt,/Users/rajeshpmu/Desktop/LegalMemoCMT/data/processed/phase2/clancy/turn_clips/video/DCBWoWhsTpA/DCBWoWhsTpA_turn06377.mp4,/Users/rajeshpmu/Desktop/LegalMemoCMT/data/processed/phase2/clancy/turn_clips/audio/DCBWoWhsTpA/DCBWoWhsTpA_turn06377.wav,DCBWoWhsTpA,group_by_youtube_id,dev,neutral,text_keyword_heuristic,LOW,NO,neutral default,YES,"No, I I'd need to take a look at the database itself and see where that information came from.","No, I I'd need to take a look at the database itself and see where that information came from.",01:18:14.329,01:18:20.237,5.908,5.908,marker,MEDIUM,1,7,"DCBWoWhsTpA_utt03565#p02,DCBWoWhsTpA_utt03566#p01,DCBWoWhsTpA_utt03567#p01,DCBWoWhsTpA_utt03568#p01,DCBWoWhsTpA_utt03569#p01,DCBWoWhsTpA_utt03570#p01,DCBWoWhsTpA_utt03571#p01","DCBWoWhsTpA_utt03565,DCBWoWhsTpA_utt03566,DCBWoWhsTpA_utt03567,DCBWoWhsTpA_utt03568,DCBWoWhsTpA_utt03569,DCBWoWhsTpA_utt03570,DCBWoWhsTpA_utt03571",7,/Users/rajeshpmu/Desktop/LegalMemoCMT/data/phase2/clancy/corpus/raw/live-lindsay-clancy-trial-day-14/live-lindsay-clancy-trial-day-14_DCBWoWhsTpA.mp4,/Users/rajeshpmu/Desktop/LegalMemoCMT/data/phase2/clancy/corpus/raw/live-lindsay-clancy-trial-day-14/live-lindsay-clancy-trial-day-14_DCBWoWhsTpA.wav,/Users/rajeshpmu/Desktop/LegalMemoCMT/data/processed/phase2/clancy/turn_clips/video/DCBWoWhsTpA/DCBWoWhsTpA_turn06377.mp4,/Users/rajeshpmu/Desktop/LegalMemoCMT/data/processed/phase2/clancy/turn_clips/audio/DCBWoWhsTpA/DCBWoWhsTpA_turn06377.wav,4694.329,4700.237,5.908,created,01:18:14.329,01:18:20.237,0.000,default_zero,SPEAKER_18,4.056,pyannote/speaker-diarization-3.1,Witness,manual_verified_diarization,HIGH,YES,SPEAKING,Witness,YES,Witness 15 identified by manual audio/video review,INCLUDE,,YES,speaker_role=Witness,split_dev;usable,"usable because speaker_role=Witness, witness_speaking_status=SPEAKING, clip_status=created, duration=5.908s, and source is not excluded",YES,0.60,HIGH,manual_clip_review,HUMAN_VERIFIED,neutral,0.95531,0.244555,"{""anger"": 0.015565, ""disgust"": 0.003542, ""fear"": 0.00448, ""joy"": 0.01802, ""neutral"": 0.95531, ""sadness"": 0.002368, ""surprise"": 0.000715}",/Users/rajeshpmu/Desktop/LegalMemoCMT/results/paper_aligned_meld_cv/cmt_min/fold_2/best_model.pt,phase1_meld_checkpoint_pseudo_label,"audio,text","audio,text,video","{""audio_dim"": 128, ""audio_model_name"": ""facebook/hubert-base-ls960"", ""dropout"": 0.1, ""encoder_mode"": ""paper"", ""freeze_audio_backbone"": true, ""freeze_text_backbone"": true, ""fusion_dim"": 256, ""fusion_pooling"": ""min"", ""max_audio_len"": 256, ""max_text_len"": 128, ""max_video_len"": 32, ""num_classes"": 7, ""num_heads"": 4, ""num_layers"": 2, ""text_dim"": 256, ""text_model_name"": ""bert-base-uncased"", ""use_video"": false, ""video_dim"": 128, ""vocab_size"": 30000}"
DCBWoWhsTpA_turn06379,DCBWoWhsTpA_turn06379,DCBWoWhsTpA,https://www.youtube.com/live/DCBWoWhsTpA,LIVE: Lindsay Clancy trial Day 14,full_trial_stream,5,/Users/rajeshpmu/Desktop/LegalMemoCMT/data/phase2/clancy/corpus/raw/live-lindsay-clancy-trial-day-14/live-lindsay-clancy-trial-day-14_DCBWoWhsTpA.en.vtt,/Users/rajeshpmu/Desktop/LegalMemoCMT/data/processed/phase2/clancy/turn_clips/video/DCBWoWhsTpA/DCBWoWhsTpA_turn06379.mp4,/Users/rajeshpmu/Desktop/LegalMemoCMT/data/processed/phase2/clancy/turn_clips/audio/DCBWoWhsTpA/DCBWoWhsTpA_turn06379.wav,DCBWoWhsTpA,group_by_youtube_id,dev,neutral,text_keyword_heuristic,LOW,NO,neutral default,YES,Correct. We we don't extract the uh the memory from the watch itself. We extract data from the phone uh which is synchronized to the the watch. So we ultimately get the watch data from the phone.,Correct. We we don't extract the uh the memory from the watch itself. We extract data from the phone uh which is synchronized to the the watch. So we ultimately get the watch data from the phone.,01:18:26.390,01:18:38.231,11.841,11.841,marker,MEDIUM,1,13,"DCBWoWhsTpA_utt03577#p02,DCBWoWhsTpA_utt03578#p01,DCBWoWhsTpA_utt03579#p01,DCBWoWhsTpA_utt03580#p01,DCBWoWhsTpA_utt03581#p01,DCBWoWhsTpA_utt03582#p01,DCBWoWhsTpA_utt03583#p01,DCBWoWhsTpA_utt03584#p01,DCBWoWhsTpA_utt03585#p01,DCBWoWhsTpA_utt03586#p01,DCBWoWhsTpA_utt03587#p01,DCBWoWhsTpA_utt03588#p01,DCBWoWhsTpA_utt03589#p01","DCBWoWhsTpA_utt03577,DCBWoWhsTpA_utt03578,DCBWoWhsTpA_utt03579,DCBWoWhsTpA_utt03580,DCBWoWhsTpA_utt03581,DCBWoWhsTpA_utt03582,DCBWoWhsTpA_utt03583,DCBWoWhsTpA_utt03584,DCBWoWhsTpA_utt03585,DCBWoWhsTpA_utt03586,DCBWoWhsTpA_utt03587,DCBWoWhsTpA_utt03588,DCBWoWhsTpA_utt03589",13,/Users/rajeshpmu/Desktop/LegalMemoCMT/data/phase2/clancy/corpus/raw/live-lindsay-clancy-trial-day-14/live-lindsay-clancy-trial-day-14_DCBWoWhsTpA.mp4,/Users/rajeshpmu/Desktop/LegalMemoCMT/data/phase2/clancy/corpus/raw/live-lindsay-clancy-trial-day-14/live-lindsay-clancy-trial-day-14_DCBWoWhsTpA.wav,/Users/rajeshpmu/Desktop/LegalMemoCMT/data/processed/phase2/clancy/turn_clips/video/DCBWoWhsTpA/DCBWoWhsTpA_turn06379.mp4,/Users/rajeshpmu/Desktop/LegalMemoCMT/data/processed/phase2/clancy/turn_clips/audio/DCBWoWhsTpA/DCBWoWhsTpA_turn06379.wav,4706.390,4718.231,11.841,created,01:18:26.390,01:18:38.231,0.000,default_zero,SPEAKER_18,11.283,pyannote/speaker-diarization-3.1,Witness,manual_verified_diarization,HIGH,YES,SPEAKING,Witness,YES,Witness 15 identified by manual audio/video review,INCLUDE,,YES,speaker_role=Witness,split_dev;usable,"usable because speaker_role=Witness, witness_speaking_status=SPEAKING, clip_status=created, duration=11.841s, and source is not excluded",YES,0.60,HIGH,manual_clip_review,HUMAN_VERIFIED,neutral,0.931581,0.351396,"{""anger"": 0.02644, ""disgust"": 0.004501, ""fear"": 0.00647, ""joy"": 0.018622, ""neutral"": 0.931581, ""sadness"": 0.011239, ""surprise"": 0.001146}",/Users/rajeshpmu/Desktop/LegalMemoCMT/results/paper_aligned_meld_cv/cmt_min/fold_2/best_model.pt,phase1_meld_checkpoint_pseudo_label,"audio,text","audio,text,video","{""audio_dim"": 128, ""audio_model_name"": ""facebook/hubert-base-ls960"", ""dropout"": 0.1, ""encoder_mode"": ""paper"", ""freeze_audio_backbone"": true, ""freeze_text_backbone"": true, ""fusion_dim"": 256, ""fusion_pooling"": ""min"", ""max_audio_len"": 256, ""max_text_len"": 128, ""max_video_len"": 32, ""num_classes"": 7, ""num_heads"": 4, ""num_layers"": 2, ""text_dim"": 256, ""text_model_name"": ""bert-base-uncased"", ""use_video"": false, ""video_dim"": 128, ""vocab_size"": 30000}"
DCBWoWhsTpA_turn06381,DCBWoWhsTpA_turn06381,DCBWoWhsTpA,https://www.youtube.com/live/DCBWoWhsTpA,LIVE: Lindsay Clancy trial Day 14,full_trial_stream,5,/Users/rajeshpmu/Desktop/LegalMemoCMT/data/phase2/clancy/corpus/raw/live-lindsay-clancy-trial-day-14/live-lindsay-clancy-trial-day-14_DCBWoWhsTpA.en.vtt,/Users/rajeshpmu/Desktop/LegalMemoCMT/data/processed/phase2/clancy/turn_clips/video/DCBWoWhsTpA/DCBWoWhsTpA_turn06381.mp4,/Users/rajeshpmu/Desktop/LegalMemoCMT/data/processed/phase2/clancy/turn_clips/audio/DCBWoWhsTpA/DCBWoWhsTpA_turn06381.wav,DCBWoWhsTpA,group_by_youtube_id,dev,neutral,text_keyword_heuristic,LOW,NO,neutral default,YES,"Um Apple's proprietary connections uh the encryption that they use on the device uh complicates extraction. Uh and essentially considering we get everything from the watch via the phone, uh it's just additional um work required to pull data from the watch, which would just be a duplicate of what we already have.","Um Apple's proprietary connections uh the encryption that they use on the device uh complicates extraction. Uh and essentially considering we get everything from the watch via the phone, uh it's just additional um work required to pull data from the watch, which would just be a duplicate of what we already have.",01:18:43.863,01:19:08.221,24.358,24.358,marker,MEDIUM,1,21,"DCBWoWhsTpA_utt03593#p02,DCBWoWhsTpA_utt03594#p01,DCBWoWhsTpA_utt03595#p01,DCBWoWhsTpA_utt03596#p01,DCBWoWhsTpA_utt03597#p01,DCBWoWhsTpA_utt03598#p01,DCBWoWhsTpA_utt03599#p01,DCBWoWhsTpA_utt03600#p01,DCBWoWhsTpA_utt03601#p01,DCBWoWhsTpA_utt03602#p01,DCBWoWhsTpA_utt03603#p01,DCBWoWhsTpA_utt03604#p01,DCBWoWhsTpA_utt03605#p01,DCBWoWhsTpA_utt03606#p01,DCBWoWhsTpA_utt03607#p01,DCBWoWhsTpA_utt03608#p01,DCBWoWhsTpA_utt03609#p01,DCBWoWhsTpA_utt03610#p01,DCBWoWhsTpA_utt03611#p01,DCBWoWhsTpA_utt03612#p01,DCBWoWhsTpA_utt03613#p01","DCBWoWhsTpA_utt03593,DCBWoWhsTpA_utt03594,DCBWoWhsTpA_utt03595,DCBWoWhsTpA_utt03596,DCBWoWhsTpA_utt03597,DCBWoWhsTpA_utt03598,DCBWoWhsTpA_utt03599,DCBWoWhsTpA_utt03600,DCBWoWhsTpA_utt03601,DCBWoWhsTpA_utt03602,DCBWoWhsTpA_utt03603,DCBWoWhsTpA_utt03604,DCBWoWhsTpA_utt03605,DCBWoWhsTpA_utt03606,DCBWoWhsTpA_utt03607,DCBWoWhsTpA_utt03608,DCBWoWhsTpA_utt03609,DCBWoWhsTpA_utt03610,DCBWoWhsTpA_utt03611,DCBWoWhsTpA_utt03612,DCBWoWhsTpA_utt03613",21,/Users/rajeshpmu/Desktop/LegalMemoCMT/data/phase2/clancy/corpus/raw/live-lindsay-clancy-trial-day-14/live-lindsay-clancy-trial-day-14_DCBWoWhsTpA.mp4,/Users/rajeshpmu/Desktop/LegalMemoCMT/data/phase2/clancy/corpus/raw/live-lindsay-clancy-trial-day-14/live-lindsay-clancy-trial-day-14_DCBWoWhsTpA.wav,/Users/rajeshpmu/Desktop/LegalMemoCMT/data/processed/phase2/clancy/turn_clips/video/DCBWoWhsTpA/DCBWoWhsTpA_turn06381.mp4,/Users/rajeshpmu/Desktop/LegalMemoCMT/data/processed/phase2/clancy/turn_clips/audio/DCBWoWhsTpA/DCBWoWhsTpA_turn06381.wav,4723.863,4748.221,24.358,created,01:18:43.863,01:19:08.221,0.000,default_zero,SPEAKER_18,5.349,pyannote/speaker-diarization-3.1,Witness,manual_verified_diarization,HIGH,YES,SPEAKING,Witness,YES,Witness 15 identified by manual audio/video review,INCLUDE,,YES,speaker_role=Witness,split_dev;usable,"usable because speaker_role=Witness, witness_speaking_status=SPEAKING, clip_status=created, duration=24.358s, and source is not excluded",YES,0.60,HIGH,manual_clip_review,HUMAN_VERIFIED,neutral,0.935577,0.340723,"{""anger"": 0.019833, ""disgust"": 0.003425, ""fear"": 0.012624, ""joy"": 0.01732, ""neutral"": 0.935577, ""sadness"": 0.009129, ""surprise"": 0.002093}",/Users/rajeshpmu/Desktop/LegalMemoCMT/results/paper_aligned_meld_cv/cmt_min/fold_2/best_model.pt,phase1_meld_checkpoint_pseudo_label,"audio,text","audio,text,video","{""audio_dim"": 128, ""audio_model_name"": ""facebook/hubert-base-ls960"", ""dropout"": 0.1, ""encoder_mode"": ""paper"", ""freeze_audio_backbone"": true, ""freeze_text_backbone"": true, ""fusion_dim"": 256, ""fusion_pooling"": ""min"", ""max_audio_len"": 256, ""max_text_len"": 128, ""max_video_len"": 32, ""num_classes"": 7, ""num_heads"": 4, ""num_layers"": 2, ""text_dim"": 256, ""text_model_name"": ""bert-base-uncased"", ""use_video"": false, ""video_dim"": 128, ""vocab_size"": 30000}"
DCBWoWhsTpA_turn06389,DCBWoWhsTpA_turn06389,DCBWoWhsTpA,https://www.youtube.com/live/DCBWoWhsTpA,LIVE: Lindsay Clancy trial Day 14,full_trial_stream,5,/Users/rajeshpmu/Desktop/LegalMemoCMT/data/phase2/clancy/corpus/raw/live-lindsay-clancy-trial-day-14/live-lindsay-clancy-trial-day-14_DCBWoWhsTpA.en.vtt,/Users/rajeshpmu/Desktop/LegalMemoCMT/data/processed/phase2/clancy/turn_clips/video/DCBWoWhsTpA/DCBWoWhsTpA_turn06389.mp4,/Users/rajeshpmu/Desktop/LegalMemoCMT/data/processed/phase2/clancy/turn_clips/audio/DCBWoWhsTpA/DCBWoWhsTpA_turn06389.wav,DCBWoWhsTpA,group_by_youtube_id,dev,neutral,text_keyword_heuristic,LOW,NO,neutral default,YES,"Yeah. Whileever the device is turned, whileever the phone is turned on, it will consistently record steps walked regardless of who's carrying it. It will consistently record flights climbed regardless of who's carrying it. And so if the watch is is turned off in a drawer somewhere, um the phone would be what's relaying uh or or not relaying, but the phone would be what's recording the distance traveled in the steps taken, not the watch. Correct.","Yeah. Whileever the device is turned, whileever the phone is turned on, it will consistently record steps walked regardless of who's carrying it. It will consistently record flights climbed regardless of who's carrying it. And so if the watch is is turned off in a drawer somewhere, um the phone would be what's relaying uh or or not relaying, but the phone would be what's recording the distance traveled in the steps taken, not the watch. Correct.",01:19:52.148,01:20:19.749,27.601,27.601,marker,MEDIUM,1,25,"DCBWoWhsTpA_utt03661#p02,DCBWoWhsTpA_utt03662#p01,DCBWoWhsTpA_utt03663#p01,DCBWoWhsTpA_utt03664#p01,DCBWoWhsTpA_utt03665#p01,DCBWoWhsTpA_utt03666#p01,DCBWoWhsTpA_utt03667#p01,DCBWoWhsTpA_utt03668#p01,DCBWoWhsTpA_utt03669#p01,DCBWoWhsTpA_utt03670#p01,DCBWoWhsTpA_utt03671#p01,DCBWoWhsTpA_utt03672#p01,DCBWoWhsTpA_utt03673#p01,DCBWoWhsTpA_utt03674#p01,DCBWoWhsTpA_utt03675#p01,DCBWoWhsTpA_utt03676#p01,DCBWoWhsTpA_utt03677#p01,DCBWoWhsTpA_utt03678#p01,DCBWoWhsTpA_utt03679#p01,DCBWoWhsTpA_utt03680#p01,DCBWoWhsTpA_utt03681#p01,DCBWoWhsTpA_utt03682#p01,DCBWoWhsTpA_utt03683#p01,DCBWoWhsTpA_utt03684#p01,DCBWoWhsTpA_utt03685#p01","DCBWoWhsTpA_utt03661,DCBWoWhsTpA_utt03662,DCBWoWhsTpA_utt03663,DCBWoWhsTpA_utt03664,DCBWoWhsTpA_utt03665,DCBWoWhsTpA_utt03666,DCBWoWhsTpA_utt03667,DCBWoWhsTpA_utt03668,DCBWoWhsTpA_utt03669,DCBWoWhsTpA_utt03670,DCBWoWhsTpA_utt03671,DCBWoWhsTpA_utt03672,DCBWoWhsTpA_utt03673,DCBWoWhsTpA_utt03674,DCBWoWhsTpA_utt03675,DCBWoWhsTpA_utt03676,DCBWoWhsTpA_utt03677,DCBWoWhsTpA_utt03678,DCBWoWhsTpA_utt03679,DCBWoWhsTpA_utt03680,DCBWoWhsTpA_utt03681,DCBWoWhsTpA_utt03682,DCBWoWhsTpA_utt03683,DCBWoWhsTpA_utt03684,DCBWoWhsTpA_utt03685",25,/Users/rajeshpmu/Desktop/LegalMemoCMT/data/phase2/clancy/corpus/raw/live-lindsay-clancy-trial-day-14/live-lindsay-clancy-trial-day-14_DCBWoWhsTpA.mp4,/Users/rajeshpmu/Desktop/LegalMemoCMT/data/phase2/clancy/corpus/raw/live-lindsay-clancy-trial-day-14/live-lindsay-clancy-trial-day-14_DCBWoWhsTpA.wav,/Users/rajeshpmu/Desktop/LegalMemoCMT/data/processed/phase2/clancy/turn_clips/video/DCBWoWhsTpA/DCBWoWhsTpA_turn06389.mp4,/Users/rajeshpmu/Desktop/LegalMemoCMT/data/processed/phase2/clancy/turn_clips/audio/DCBWoWhsTpA/DCBWoWhsTpA_turn06389.wav,4792.148,4819.749,27.601,created,01:19:52.148,01:20:19.749,0.000,default_zero,SPEAKER_18,10.305,pyannote/speaker-diarization-3.1,Witness,manual_verified_diarization,HIGH,YES,SPEAKING,Witness,YES,Witness 15 identified by manual audio/video review,INCLUDE,,YES,speaker_role=Witness,split_dev;usable,"usable because speaker_role=Witness, witness_speaking_status=SPEAKING, clip_status=created, duration=27.601s, and source is not excluded",YES,0.60,HIGH,manual_clip_review,HUMAN_VERIFIED,neutral,0.934456,0.341274,"{""anger"": 0.027288, ""disgust"": 0.005231, ""fear"": 0.005725, ""joy"": 0.016446, ""neutral"": 0.934456, ""sadness"": 0.008262, ""surprise"": 0.002593}",/Users/rajeshpmu/Desktop/LegalMemoCMT/results/paper_aligned_meld_cv/cmt_min/fold_2/best_model.pt,phase1_meld_checkpoint_pseudo_label,"audio,text","audio,text,video","{""audio_dim"": 128, ""audio_model_name"": ""facebook/hubert-base-ls960"", ""dropout"": 0.1, ""encoder_mode"": ""paper"", ""freeze_audio_backbone"": true, ""freeze_text_backbone"": true, ""fusion_dim"": 256, ""fusion_pooling"": ""min"", ""max_audio_len"": 256, ""max_text_len"": 128, ""max_video_len"": 32, ""num_classes"": 7, ""num_heads"": 4, ""num_layers"": 2, ""text_dim"": 256, ""text_model_name"": ""bert-base-uncased"", ""use_video"": false, ""video_dim"": 128, ""vocab_size"": 30000}"
DCBWoWhsTpA_turn06393,DCBWoWhsTpA_turn06393,DCBWoWhsTpA,https://www.youtube.com/live/DCBWoWhsTpA,LIVE: Lindsay Clancy trial Day 14,full_trial_stream,5,/Users/rajeshpmu/Desktop/LegalMemoCMT/data/phase2/clancy/corpus/raw/live-lindsay-clancy-trial-day-14/live-lindsay-clancy-trial-day-14_DCBWoWhsTpA.en.vtt,/Users/rajeshpmu/Desktop/LegalMemoCMT/data/processed/phase2/clancy/turn_clips/video/DCBWoWhsTpA/DCBWoWhsTpA_turn06393.mp4,/Users/rajeshpmu/Desktop/LegalMemoCMT/data/processed/phase2/clancy/turn_clips/audio/DCBWoWhsTpA/DCBWoWhsTpA_turn06393.wav,DCBWoWhsTpA,group_by_youtube_id,dev,neutral,text_keyword_heuristic,LOW,NO,neutral default,YES,"Uh, no, they were focused reports or focused searches. Uh so for my reports they were focused to essentially the internet history on those devices. Um the the large Cellbrite report I don't know who created that. I don't know what um options were selected by that user. Uh but there will be data on the device which is not covered in that report by virtue of that's how decoding works.","Uh, no, they were focused reports or focused searches. Uh so for my reports they were focused to essentially the internet history on those devices. Um the the large Cellbrite report I don't know who created that. I don't know what um options were selected by that user. Uh but there will be data on the device which is not covered in that report by virtue of that's how decoding works.",01:20:52.581,01:21:18.666,26.085,26.085,marker,MEDIUM,1,21,"DCBWoWhsTpA_utt03715#p02,DCBWoWhsTpA_utt03716#p01,DCBWoWhsTpA_utt03717#p01,DCBWoWhsTpA_utt03718#p01,DCBWoWhsTpA_utt03719#p01,DCBWoWhsTpA_utt03720#p01,DCBWoWhsTpA_utt03721#p01,DCBWoWhsTpA_utt03722#p01,DCBWoWhsTpA_utt03723#p01,DCBWoWhsTpA_utt03724#p01,DCBWoWhsTpA_utt03725#p01,DCBWoWhsTpA_utt03726#p01,DCBWoWhsTpA_utt03727#p01,DCBWoWhsTpA_utt03728#p01,DCBWoWhsTpA_utt03729#p01,DCBWoWhsTpA_utt03730#p01,DCBWoWhsTpA_utt03731#p01,DCBWoWhsTpA_utt03732#p01,DCBWoWhsTpA_utt03733#p01,DCBWoWhsTpA_utt03734#p01,DCBWoWhsTpA_utt03735#p01","DCBWoWhsTpA_utt03715,DCBWoWhsTpA_utt03716,DCBWoWhsTpA_utt03717,DCBWoWhsTpA_utt03718,DCBWoWhsTpA_utt03719,DCBWoWhsTpA_utt03720,DCBWoWhsTpA_utt03721,DCBWoWhsTpA_utt03722,DCBWoWhsTpA_utt03723,DCBWoWhsTpA_utt03724,DCBWoWhsTpA_utt03725,DCBWoWhsTpA_utt03726,DCBWoWhsTpA_utt03727,DCBWoWhsTpA_utt03728,DCBWoWhsTpA_utt03729,DCBWoWhsTpA_utt03730,DCBWoWhsTpA_utt03731,DCBWoWhsTpA_utt03732,DCBWoWhsTpA_utt03733,DCBWoWhsTpA_utt03734,DCBWoWhsTpA_utt03735",21,/Users/rajeshpmu/Desktop/LegalMemoCMT/data/phase2/clancy/corpus/raw/live-lindsay-clancy-trial-day-14/live-lindsay-clancy-trial-day-14_DCBWoWhsTpA.mp4,/Users/rajeshpmu/Desktop/LegalMemoCMT/data/phase2/clancy/corpus/raw/live-lindsay-clancy-trial-day-14/live-lindsay-clancy-trial-day-14_DCBWoWhsTpA.wav,/Users/rajeshpmu/Desktop/LegalMemoCMT/data/processed/phase2/clancy/turn_clips/video/DCBWoWhsTpA/DCBWoWhsTpA_turn06393.mp4,/Users/rajeshpmu/Desktop/LegalMemoCMT/data/processed/phase2/clancy/turn_clips/audio/DCBWoWhsTpA/DCBWoWhsTpA_turn06393.wav,4852.581,4878.666,26.085,created,01:20:52.581,01:21:18.666,0.000,default_zero,SPEAKER_18,7.619,pyannote/speaker-diarization-3.1,Witness,manual_verified_diarization,HIGH,YES,SPEAKING,Witness,YES,Witness 15 identified by manual audio/video review,INCLUDE,,YES,speaker_role=Witness,split_dev;usable,"usable because speaker_role=Witness, witness_speaking_status=SPEAKING, clip_status=created, duration=26.085s, and source is not excluded",YES,0.60,HIGH,manual_clip_review,HUMAN_VERIFIED,neutral,0.911608,0.448982,"{""anger"": 0.01797, ""disgust"": 0.00938, ""fear"": 0.020761, ""joy"": 0.021193, ""neutral"": 0.911608, ""sadness"": 0.014148, ""surprise"": 0.00494}",/Users/rajeshpmu/Desktop/LegalMemoCMT/results/paper_aligned_meld_cv/cmt_min/fold_2/best_model.pt,phase1_meld_checkpoint_pseudo_label,"audio,text","audio,text,video","{""audio_dim"": 128, ""audio_model_name"": ""facebook/hubert-base-ls960"", ""dropout"": 0.1, ""encoder_mode"": ""paper"", ""freeze_audio_backbone"": true, ""freeze_text_backbone"": true, ""fusion_dim"": 256, ""fusion_pooling"": ""min"", ""max_audio_len"": 256, ""max_text_len"": 128, ""max_video_len"": 32, ""num_classes"": 7, ""num_heads"": 4, ""num_layers"": 2, ""text_dim"": 256, ""text_model_name"": ""bert-base-uncased"", ""use_video"": false, ""video_dim"": 128, ""vocab_size"": 30000}"
DCBWoWhsTpA_turn06404,DCBWoWhsTpA_turn06404,DCBWoWhsTpA,https://www.youtube.com/live/DCBWoWhsTpA,LIVE: Lindsay Clancy trial Day 14,full_trial_stream,5,/Users/rajeshpmu/Desktop/LegalMemoCMT/data/phase2/clancy/corpus/raw/live-lindsay-clancy-trial-day-14/live-lindsay-clancy-trial-day-14_DCBWoWhsTpA.en.vtt,/Users/rajeshpmu/Desktop/LegalMemoCMT/data/processed/phase2/clancy/turn_clips/video/DCBWoWhsTpA/DCBWoWhsTpA_turn06404.mp4,/Users/rajeshpmu/Desktop/LegalMemoCMT/data/processed/phase2/clancy/turn_clips/audio/DCBWoWhsTpA/DCBWoWhsTpA_turn06404.wav,DCBWoWhsTpA,group_by_youtube_id,dev,neutral,text_keyword_heuristic,LOW,NO,neutral default,YES,Yeah. The phone did not detect any anything regard or I don't know why the phone didn't detect anything whether it was uh,Yeah. The phone did not detect any anything regard or I don't know why the phone didn't detect anything whether it was uh,01:22:17.175,01:22:24.136,6.961,6.961,marker,MEDIUM,1,9,"DCBWoWhsTpA_utt03793#p02,DCBWoWhsTpA_utt03794#p01,DCBWoWhsTpA_utt03795#p01,DCBWoWhsTpA_utt03796#p01,DCBWoWhsTpA_utt03797#p01,DCBWoWhsTpA_utt03798#p01,DCBWoWhsTpA_utt03799#p01,DCBWoWhsTpA_utt03800#p01,DCBWoWhsTpA_utt03801#p01","DCBWoWhsTpA_utt03793,DCBWoWhsTpA_utt03794,DCBWoWhsTpA_utt03795,DCBWoWhsTpA_utt03796,DCBWoWhsTpA_utt03797,DCBWoWhsTpA_utt03798,DCBWoWhsTpA_utt03799,DCBWoWhsTpA_utt03800,DCBWoWhsTpA_utt03801",9,/Users/rajeshpmu/Desktop/LegalMemoCMT/data/phase2/clancy/corpus/raw/live-lindsay-clancy-trial-day-14/live-lindsay-clancy-trial-day-14_DCBWoWhsTpA.mp4,/Users/rajeshpmu/Desktop/LegalMemoCMT/data/phase2/clancy/corpus/raw/live-lindsay-clancy-trial-day-14/live-lindsay-clancy-trial-day-14_DCBWoWhsTpA.wav,/Users/rajeshpmu/Desktop/LegalMemoCMT/data/processed/phase2/clancy/turn_clips/video/DCBWoWhsTpA/DCBWoWhsTpA_turn06404.mp4,/Users/rajeshpmu/Desktop/LegalMemoCMT/data/processed/phase2/clancy/turn_clips/audio/DCBWoWhsTpA/DCBWoWhsTpA_turn06404.wav,4937.175,4944.136,6.961,created,01:22:17.175,01:22:24.136,0.000,default_zero,SPEAKER_18,3.586,pyannote/speaker-diarization-3.1,Witness,manual_verified_diarization,HIGH,YES,SPEAKING,Witness,YES,Witness 15 identified by manual audio/video review,INCLUDE,,YES,speaker_role=Witness,split_dev;usable,"usable because speaker_role=Witness, witness_speaking_status=SPEAKING, clip_status=created, duration=6.961s, and source is not excluded",YES,0.60,HIGH,manual_clip_review,HUMAN_VERIFIED,neutral,0.82878,0.715768,"{""anger"": 0.058465, ""disgust"": 0.022101, ""fear"": 0.012886, ""joy"": 0.05854, ""neutral"": 0.82878, ""sadness"": 0.013534, ""surprise"": 0.005692}",/Users/rajeshpmu/Desktop/LegalMemoCMT/results/paper_aligned_meld_cv/cmt_min/fold_2/best_model.pt,phase1_meld_checkpoint_pseudo_label,"audio,text","audio,text,video","{""audio_dim"": 128, ""audio_model_name"": ""facebook/hubert-base-ls960"", ""dropout"": 0.1, ""encoder_mode"": ""paper"", ""freeze_audio_backbone"": true, ""freeze_text_backbone"": true, ""fusion_dim"": 256, ""fusion_pooling"": ""min"", ""max_audio_len"": 256, ""max_text_len"": 128, ""max_video_len"": 32, ""num_classes"": 7, ""num_heads"": 4, ""num_layers"": 2, ""text_dim"": 256, ""text_model_name"": ""bert-base-uncased"", ""use_video"": false, ""video_dim"": 128, ""vocab_size"": 30000}"
DCBWoWhsTpA_turn06406,DCBWoWhsTpA_turn06406,DCBWoWhsTpA,https://www.youtube.com/live/DCBWoWhsTpA,LIVE: Lindsay Clancy trial Day 14,full_trial_stream,5,/Users/rajeshpmu/Desktop/LegalMemoCMT/data/phase2/clancy/corpus/raw/live-lindsay-clancy-trial-day-14/live-lindsay-clancy-trial-day-14_DCBWoWhsTpA.en.vtt,/Users/rajeshpmu/Desktop/LegalMemoCMT/data/processed/phase2/clancy/turn_clips/video/DCBWoWhsTpA/DCBWoWhsTpA_turn06406.mp4,/Users/rajeshpmu/Desktop/LegalMemoCMT/data/processed/phase2/clancy/turn_clips/audio/DCBWoWhsTpA/DCBWoWhsTpA_turn06406.wav,DCBWoWhsTpA,group_by_youtube_id,dev,neutral,text_keyword_heuristic,LOW,NO,neutral default,YES,exactly I I don't know why it wouldn't record,exactly I I don't know why it wouldn't record,01:22:28.651,01:22:30.929,2.278,2.278,marker,MEDIUM,1,5,"DCBWoWhsTpA_utt03807#p02,DCBWoWhsTpA_utt03808#p01,DCBWoWhsTpA_utt03809#p01,DCBWoWhsTpA_utt03810#p01,DCBWoWhsTpA_utt03811#p01","DCBWoWhsTpA_utt03807,DCBWoWhsTpA_utt03808,DCBWoWhsTpA_utt03809,DCBWoWhsTpA_utt03810,DCBWoWhsTpA_utt03811",5,/Users/rajeshpmu/Desktop/LegalMemoCMT/data/phase2/clancy/corpus/raw/live-lindsay-clancy-trial-day-14/live-lindsay-clancy-trial-day-14_DCBWoWhsTpA.mp4,/Users/rajeshpmu/Desktop/LegalMemoCMT/data/phase2/clancy/corpus/raw/live-lindsay-clancy-trial-day-14/live-lindsay-clancy-trial-day-14_DCBWoWhsTpA.wav,/Users/rajeshpmu/Desktop/LegalMemoCMT/data/processed/phase2/clancy/turn_clips/video/DCBWoWhsTpA/DCBWoWhsTpA_turn06406.mp4,/Users/rajeshpmu/Desktop/LegalMemoCMT/data/processed/phase2/clancy/turn_clips/audio/DCBWoWhsTpA/DCBWoWhsTpA_turn06406.wav,4948.651,4950.929,2.278,created,01:22:28.651,01:22:30.929,0.000,default_zero,SPEAKER_18,1.408,pyannote/speaker-diarization-3.1,Witness,manual_verified_diarization,HIGH,YES,SPEAKING,Witness,YES,Witness 15 identified by manual audio/video review,INCLUDE,,YES,speaker_role=Witness,split_dev;usable,"usable because speaker_role=Witness, witness_speaking_status=SPEAKING, clip_status=created, duration=2.278s, and source is not excluded",YES,0.60,HIGH,manual_clip_review,HUMAN_VERIFIED,neutral,0.748466,0.920729,"{""anger"": 0.058149, ""disgust"": 0.112364, ""fear"": 0.017007, ""joy"": 0.046704, ""neutral"": 0.748466, ""sadness"": 0.012503, ""surprise"": 0.004806}",/Users/rajeshpmu/Desktop/LegalMemoCMT/results/paper_aligned_meld_cv/cmt_min/fold_2/best_model.pt,phase1_meld_checkpoint_pseudo_label,"audio,text","audio,text,video","{""audio_dim"": 128, ""audio_model_name"": ""facebook/hubert-base-ls960"", ""dropout"": 0.1, ""encoder_mode"": ""paper"", ""freeze_audio_backbone"": true, ""freeze_text_backbone"": true, ""fusion_dim"": 256, ""fusion_pooling"": ""min"", ""max_audio_len"": 256, ""max_text_len"": 128, ""max_video_len"": 32, ""num_classes"": 7, ""num_heads"": 4, ""num_layers"": 2, ""text_dim"": 256, ""text_model_name"": ""bert-base-uncased"", ""use_video"": false, ""video_dim"": 128, ""vocab_size"": 30000}"
DCBWoWhsTpA_turn06451,DCBWoWhsTpA_turn06451,DCBWoWhsTpA,https://www.youtube.com/live/DCBWoWhsTpA,LIVE: Lindsay Clancy trial Day 14,full_trial_stream,5,/Users/rajeshpmu/Desktop/LegalMemoCMT/data/phase2/clancy/corpus/raw/live-lindsay-clancy-trial-day-14/live-lindsay-clancy-trial-day-14_DCBWoWhsTpA.en.vtt,/Users/rajeshpmu/Desktop/LegalMemoCMT/data/processed/phase2/clancy/turn_clips/video/DCBWoWhsTpA/DCBWoWhsTpA_turn06451.mp4,/Users/rajeshpmu/Desktop/LegalMemoCMT/data/processed/phase2/clancy/turn_clips/audio/DCBWoWhsTpA/DCBWoWhsTpA_turn06451.wav,DCBWoWhsTpA,group_by_youtube_id,dev,neutral,text_keyword_heuristic,LOW,NO,neutral default,YES,Tell us your name.,Tell us your name.,01:36:31.422,01:36:33.411,1.989,1.989,marker,MEDIUM,1,3,"DCBWoWhsTpA_utt04341#p02,DCBWoWhsTpA_utt04342#p01,DCBWoWhsTpA_utt04343#p01","DCBWoWhsTpA_utt04341,DCBWoWhsTpA_utt04342,DCBWoWhsTpA_utt04343",3,/Users/rajeshpmu/Desktop/LegalMemoCMT/data/phase2/clancy/corpus/raw/live-lindsay-clancy-trial-day-14/live-lindsay-clancy-trial-day-14_DCBWoWhsTpA.mp4,/Users/rajeshpmu/Desktop/LegalMemoCMT/data/phase2/clancy/corpus/raw/live-lindsay-clancy-trial-day-14/live-lindsay-clancy-trial-day-14_DCBWoWhsTpA.wav,/Users/rajeshpmu/Desktop/LegalMemoCMT/data/processed/phase2/clancy/turn_clips/video/DCBWoWhsTpA/DCBWoWhsTpA_turn06451.mp4,/Users/rajeshpmu/Desktop/LegalMemoCMT/data/processed/phase2/clancy/turn_clips/audio/DCBWoWhsTpA/DCBWoWhsTpA_turn06451.wav,5791.422,5793.411,1.989,created,01:36:31.422,01:36:33.411,0.000,default_zero,SPEAKER_01,0.793,pyannote/speaker-diarization-3.1,Witness,manual_verified_diarization,HIGH,YES,SPEAKING,Witness,YES,Witness 19 identified by manual audio/video review,INCLUDE,,YES,speaker_role=Witness,split_dev;usable,"usable because speaker_role=Witness, witness_speaking_status=SPEAKING, clip_status=created, duration=1.989s, and source is not excluded",YES,0.60,HIGH,manual_clip_review,HUMAN_VERIFIED,neutral,0.876255,0.466324,"{""anger"": 0.099065, ""disgust"": 0.004022, ""fear"": 0.001825, ""joy"": 0.014232, ""neutral"": 0.876255, ""sadness"": 0.003472, ""surprise"": 0.001129}",/Users/rajeshpmu/Desktop/LegalMemoCMT/results/paper_aligned_meld_cv/cmt_min/fold_2/best_model.pt,phase1_meld_checkpoint_pseudo_label,"audio,text","audio,text,video","{""audio_dim"": 128, ""audio_model_name"": ""facebook/hubert-base-ls960"", ""dropout"": 0.1, ""encoder_mode"": ""paper"", ""freeze_audio_backbone"": true, ""freeze_text_backbone"": true, ""fusion_dim"": 256, ""fusion_pooling"": ""min"", ""max_audio_len"": 256, ""max_text_len"": 128, ""max_video_len"": 32, ""num_classes"": 7, ""num_heads"": 4, ""num_layers"": 2, ""text_dim"": 256, ""text_model_name"": ""bert-base-uncased"", ""use_video"": false, ""video_dim"": 128, ""vocab_size"": 30000}"
DCBWoWhsTpA_turn06456,DCBWoWhsTpA_turn06456,DCBWoWhsTpA,https://www.youtube.com/live/DCBWoWhsTpA,LIVE: Lindsay Clancy trial Day 14,full_trial_stream,5,/Users/rajeshpmu/Desktop/LegalMemoCMT/data/phase2/clancy/corpus/raw/live-lindsay-clancy-trial-day-14/live-lindsay-clancy-trial-day-14_DCBWoWhsTpA.en.vtt,/Users/rajeshpmu/Desktop/LegalMemoCMT/data/processed/phase2/clancy/turn_clips/video/DCBWoWhsTpA/DCBWoWhsTpA_turn06456.mp4,/Users/rajeshpmu/Desktop/LegalMemoCMT/data/processed/phase2/clancy/turn_clips/audio/DCBWoWhsTpA/DCBWoWhsTpA_turn06456.wav,DCBWoWhsTpA,group_by_youtube_id,dev,neutral,text_keyword_heuristic,LOW,NO,neutral default,YES,I'm a labor and delivery nurse.,I'm a labor and delivery nurse.,01:36:40.099,01:36:41.283,1.184,1.184,marker,MEDIUM,1,3,"DCBWoWhsTpA_utt04351#p02,DCBWoWhsTpA_utt04352#p01,DCBWoWhsTpA_utt04353#p01","DCBWoWhsTpA_utt04351,DCBWoWhsTpA_utt04352,DCBWoWhsTpA_utt04353",3,/Users/rajeshpmu/Desktop/LegalMemoCMT/data/phase2/clancy/corpus/raw/live-lindsay-clancy-trial-day-14/live-lindsay-clancy-trial-day-14_DCBWoWhsTpA.mp4,/Users/rajeshpmu/Desktop/LegalMemoCMT/data/phase2/clancy/corpus/raw/live-lindsay-clancy-trial-day-14/live-lindsay-clancy-trial-day-14_DCBWoWhsTpA.wav,/Users/rajeshpmu/Desktop/LegalMemoCMT/data/processed/phase2/clancy/turn_clips/video/DCBWoWhsTpA/DCBWoWhsTpA_turn06456.mp4,/Users/rajeshpmu/Desktop/LegalMemoCMT/data/processed/phase2/clancy/turn_clips/audio/DCBWoWhsTpA/DCBWoWhsTpA_turn06456.wav,5800.099,5801.283,1.184,created,01:36:40.099,01:36:41.283,0.000,default_zero,SPEAKER_01,0.646,pyannote/speaker-diarization-3.1,Witness,manual_verified_diarization,HIGH,YES,SPEAKING,Witness,YES,Witness 19 identified by manual audio/video review,INCLUDE,,YES,speaker_role=Witness,split_dev;usable,"usable because speaker_role=Witness, witness_speaking_status=SPEAKING, clip_status=created, duration=1.184s, and source is not excluded",YES,0.60,HIGH,manual_clip_review,HUMAN_VERIFIED,neutral,0.886229,0.507811,"{""anger"": 0.021373, ""disgust"": 0.015255, ""fear"": 0.059795, ""joy"": 0.010784, ""neutral"": 0.886229, ""sadness"": 0.003707, ""surprise"": 0.002857}",/Users/rajeshpmu/Desktop/LegalMemoCMT/results/paper_aligned_meld_cv/cmt_min/fold_2/best_model.pt,phase1_meld_checkpoint_pseudo_label,"audio,text","audio,text,video","{""audio_dim"": 128, ""audio_model_name"": ""facebook/hubert-base-ls960"", ""dropout"": 0.1, ""encoder_mode"": ""paper"", ""freeze_audio_backbone"": true, ""freeze_text_backbone"": true, ""fusion_dim"": 256, ""fusion_pooling"": ""min"", ""max_audio_len"": 256, ""max_text_len"": 128, ""max_video_len"": 32, ""num_classes"": 7, ""num_heads"": 4, ""num_layers"": 2, ""text_dim"": 256, ""text_model_name"": ""bert-base-uncased"", ""use_video"": false, ""video_dim"": 128, ""vocab_size"": 30000}"
DCBWoWhsTpA_turn06460,DCBWoWhsTpA_turn06460,DCBWoWhsTpA,https://www.youtube.com/live/DCBWoWhsTpA,LIVE: Lindsay Clancy trial Day 14,full_trial_stream,5,/Users/rajeshpmu/Desktop/LegalMemoCMT/data/phase2/clancy/corpus/raw/live-lindsay-clancy-trial-day-14/live-lindsay-clancy-trial-day-14_DCBWoWhsTpA.en.vtt,/Users/rajeshpmu/Desktop/LegalMemoCMT/data/processed/phase2/clancy/turn_clips/video/DCBWoWhsTpA/DCBWoWhsTpA_turn06460.mp4,/Users/rajeshpmu/Desktop/LegalMemoCMT/data/processed/phase2/clancy/turn_clips/audio/DCBWoWhsTpA/DCBWoWhsTpA_turn06460.wav,DCBWoWhsTpA,group_by_youtube_id,dev,neutral,text_keyword_heuristic,LOW,NO,neutral default,YES,Um I started on our labor and delivery unit in 2012.,Um I started on our labor and delivery unit in 2012.,01:36:47.943,01:36:53.452,5.509,5.509,marker,MEDIUM,1,5,"DCBWoWhsTpA_utt04361#p02,DCBWoWhsTpA_utt04362#p01,DCBWoWhsTpA_utt04363#p01,DCBWoWhsTpA_utt04364#p01,DCBWoWhsTpA_utt04365#p01","DCBWoWhsTpA_utt04361,DCBWoWhsTpA_utt04362,DCBWoWhsTpA_utt04363,DCBWoWhsTpA_utt04364,DCBWoWhsTpA_utt04365",5,/Users/rajeshpmu/Desktop/LegalMemoCMT/data/phase2/clancy/corpus/raw/live-lindsay-clancy-trial-day-14/live-lindsay-clancy-trial-day-14_DCBWoWhsTpA.mp4,/Users/rajeshpmu/Desktop/LegalMemoCMT/data/phase2/clancy/corpus/raw/live-lindsay-clancy-trial-day-14/live-lindsay-clancy-trial-day-14_DCBWoWhsTpA.wav,/Users/rajeshpmu/Desktop/LegalMemoCMT/data/processed/phase2/clancy/turn_clips/video/DCBWoWhsTpA/DCBWoWhsTpA_turn06460.mp4,/Users/rajeshpmu/Desktop/LegalMemoCMT/data/processed/phase2/clancy/turn_clips/audio/DCBWoWhsTpA/DCBWoWhsTpA_turn06460.wav,5807.943,5813.452,5.509,created,01:36:47.943,01:36:53.452,0.000,default_zero,SPEAKER_01,3.855,pyannote/speaker-diarization-3.1,Witness,manual_verified_diarization,HIGH,YES,SPEAKING,Witness,YES,Witness 19 identified by manual audio/video review,INCLUDE,,YES,speaker_role=Witness,split_dev;usable,"usable because speaker_role=Witness, witness_speaking_status=SPEAKING, clip_status=created, duration=5.509s, and source is not excluded",YES,0.60,HIGH,manual_clip_review,HUMAN_VERIFIED,neutral,0.916757,0.382275,"{""anger"": 0.053389, ""disgust"": 0.009026, ""fear"": 0.011263, ""joy"": 0.005918, ""neutral"": 0.916757, ""sadness"": 0.002452, ""surprise"": 0.001195}",/Users/rajeshpmu/Desktop/LegalMemoCMT/results/paper_aligned_meld_cv/cmt_min/fold_2/best_model.pt,phase1_meld_checkpoint_pseudo_label,"audio,text","audio,text,video","{""audio_dim"": 128, ""audio_model_name"": ""facebook/hubert-base-ls960"", ""dropout"": 0.1, ""encoder_mode"": ""paper"", ""freeze_audio_backbone"": true, ""freeze_text_backbone"": true, ""fusion_dim"": 256, ""fusion_pooling"": ""min"", ""max_audio_len"": 256, ""max_text_len"": 128, ""max_video_len"": 32, ""num_classes"": 7, ""num_heads"": 4, ""num_layers"": 2, ""text_dim"": 256, ""text_model_name"": ""bert-base-uncased"", ""use_video"": false, ""video_dim"": 128, ""vocab_size"": 30000}"
DCBWoWhsTpA_turn06462,DCBWoWhsTpA_turn06462,DCBWoWhsTpA,https://www.youtube.com/live/DCBWoWhsTpA,LIVE: Lindsay Clancy trial Day 14,full_trial_stream,5,/Users/rajeshpmu/Desktop/LegalMemoCMT/data/phase2/clancy/corpus/raw/live-lindsay-clancy-trial-day-14/live-lindsay-clancy-trial-day-14_DCBWoWhsTpA.en.vtt,/Users/rajeshpmu/Desktop/LegalMemoCMT/data/processed/phase2/clancy/turn_clips/video/DCBWoWhsTpA/DCBWoWhsTpA_turn06462.mp4,/Users/rajeshpmu/Desktop/LegalMemoCMT/data/processed/phase2/clancy/turn_clips/audio/DCBWoWhsTpA/DCBWoWhsTpA_turn06462.wav,DCBWoWhsTpA,group_by_youtube_id,dev,neutral,text_keyword_heuristic,LOW,NO,neutral default,YES,I started for the abstetrics department in 2006.,I started for the abstetrics department in 2006.,01:36:56.931,01:36:59.847,2.916,2.916,marker,MEDIUM,1,5,"DCBWoWhsTpA_utt04367#p02,DCBWoWhsTpA_utt04368#p01,DCBWoWhsTpA_utt04369#p01,DCBWoWhsTpA_utt04370#p01,DCBWoWhsTpA_utt04371#p01","DCBWoWhsTpA_utt04367,DCBWoWhsTpA_utt04368,DCBWoWhsTpA_utt04369,DCBWoWhsTpA_utt04370,DCBWoWhsTpA_utt04371",5,/Users/rajeshpmu/Desktop/LegalMemoCMT/data/phase2/clancy/corpus/raw/live-lindsay-clancy-trial-day-14/live-lindsay-clancy-trial-day-14_DCBWoWhsTpA.mp4,/Users/rajeshpmu/Desktop/LegalMemoCMT/data/phase2/clancy/corpus/raw/live-lindsay-clancy-trial-day-14/live-lindsay-clancy-trial-day-14_DCBWoWhsTpA.wav,/Users/rajeshpmu/Desktop/LegalMemoCMT/data/processed/phase2/clancy/turn_clips/video/DCBWoWhsTpA/DCBWoWhsTpA_turn06462.mp4,/Users/rajeshpmu/Desktop/LegalMemoCMT/data/processed/phase2/clancy/turn_clips/audio/DCBWoWhsTpA/DCBWoWhsTpA_turn06462.wav,5816.931,5819.847,2.916,created,01:36:56.931,01:36:59.847,0.000,default_zero,SPEAKER_01,2.157,pyannote/speaker-diarization-3.1,Witness,manual_verified_diarization,HIGH,YES,SPEAKING,Witness,YES,Witness 19 identified by manual audio/video review,INCLUDE,,YES,speaker_role=Witness,split_dev;usable,"usable because speaker_role=Witness, witness_speaking_status=SPEAKING, clip_status=created, duration=2.916s, and source is not excluded",YES,0.60,HIGH,manual_clip_review,HUMAN_VERIFIED,neutral,0.922714,0.377778,"{""anger"": 0.03814, ""disgust"": 0.013269, ""fear"": 0.013472, ""joy"": 0.009102, ""neutral"": 0.922714, ""sadness"": 0.002386, ""surprise"": 0.000917}",/Users/rajeshpmu/Desktop/LegalMemoCMT/results/paper_aligned_meld_cv/cmt_min/fold_2/best_model.pt,phase1_meld_checkpoint_pseudo_label,"audio,text","audio,text,video","{""audio_dim"": 128, ""audio_model_name"": ""facebook/hubert-base-ls960"", ""dropout"": 0.1, ""encoder_mode"": ""paper"", ""freeze_audio_backbone"": true, ""freeze_text_backbone"": true, ""fusion_dim"": 256, ""fusion_pooling"": ""min"", ""max_audio_len"": 256, ""max_text_len"": 128, ""max_video_len"": 32, ""num_classes"": 7, ""num_heads"": 4, ""num_layers"": 2, ""text_dim"": 256, ""text_model_name"": ""bert-base-uncased"", ""use_video"": false, ""video_dim"": 128, ""vocab_size"": 30000}"
DCBWoWhsTpA_turn06467,DCBWoWhsTpA_turn06467,DCBWoWhsTpA,https://www.youtube.com/live/DCBWoWhsTpA,LIVE: Lindsay Clancy trial Day 14,full_trial_stream,5,/Users/rajeshpmu/Desktop/LegalMemoCMT/data/phase2/clancy/corpus/raw/live-lindsay-clancy-trial-day-14/live-lindsay-clancy-trial-day-14_DCBWoWhsTpA.en.vtt,/Users/rajeshpmu/Desktop/LegalMemoCMT/data/processed/phase2/clancy/turn_clips/video/DCBWoWhsTpA/DCBWoWhsTpA_turn06467.mp4,/Users/rajeshpmu/Desktop/LegalMemoCMT/data/processed/phase2/clancy/turn_clips/audio/DCBWoWhsTpA/DCBWoWhsTpA_turn06467.wav,DCBWoWhsTpA,group_by_youtube_id,dev,neutral,text_keyword_heuristic,LOW,NO,neutral default,YES,How do you know her?,How do you know her?,01:37:09.403,01:37:11.577,2.174,2.174,marker,MEDIUM,1,3,"DCBWoWhsTpA_utt04383#p02,DCBWoWhsTpA_utt04384#p01,DCBWoWhsTpA_utt04385#p01","DCBWoWhsTpA_utt04383,DCBWoWhsTpA_utt04384,DCBWoWhsTpA_utt04385",3,/Users/rajeshpmu/Desktop/LegalMemoCMT/data/phase2/clancy/corpus/raw/live-lindsay-clancy-trial-day-14/live-lindsay-clancy-trial-day-14_DCBWoWhsTpA.mp4,/Users/rajeshpmu/Desktop/LegalMemoCMT/data/phase2/clancy/corpus/raw/live-lindsay-clancy-trial-day-14/live-lindsay-clancy-trial-day-14_DCBWoWhsTpA.wav,/Users/rajeshpmu/Desktop/LegalMemoCMT/data/processed/phase2/clancy/turn_clips/video/DCBWoWhsTpA/DCBWoWhsTpA_turn06467.mp4,/Users/rajeshpmu/Desktop/LegalMemoCMT/data/processed/phase2/clancy/turn_clips/audio/DCBWoWhsTpA/DCBWoWhsTpA_turn06467.wav,5829.403,5831.577,2.174,created,01:37:09.403,01:37:11.577,0.000,default_zero,SPEAKER_01,0.964,pyannote/speaker-diarization-3.1,Witness,manual_verified_diarization,HIGH,YES,SPEAKING,Witness,YES,Witness 19 identified by manual audio/video review,INCLUDE,,YES,speaker_role=Witness,split_dev;usable,"usable because speaker_role=Witness, witness_speaking_status=SPEAKING, clip_status=created, duration=2.174s, and source is not excluded",YES,0.60,HIGH,manual_clip_review,HUMAN_VERIFIED,disgust,0.489667,1.157234,"{""anger"": 0.041031, ""disgust"": 0.489667, ""fear"": 0.033956, ""joy"": 0.026614, ""neutral"": 0.38695, ""sadness"": 0.013533, ""surprise"": 0.008248}",/Users/rajeshpmu/Desktop/LegalMemoCMT/results/paper_aligned_meld_cv/cmt_min/fold_2/best_model.pt,phase1_meld_checkpoint_pseudo_label,"audio,text","audio,text,video","{""audio_dim"": 128, ""audio_model_name"": ""facebook/hubert-base-ls960"", ""dropout"": 0.1, ""encoder_mode"": ""paper"", ""freeze_audio_backbone"": true, ""freeze_text_backbone"": true, ""fusion_dim"": 256, ""fusion_pooling"": ""min"", ""max_audio_len"": 256, ""max_text_len"": 128, ""max_video_len"": 32, ""num_classes"": 7, ""num_heads"": 4, ""num_layers"": 2, ""text_dim"": 256, ""text_model_name"": ""bert-base-uncased"", ""use_video"": false, ""video_dim"": 128, ""vocab_size"": 30000}"
DCBWoWhsTpA_turn06468,DCBWoWhsTpA_turn06468,DCBWoWhsTpA,https://www.youtube.com/live/DCBWoWhsTpA,LIVE: Lindsay Clancy trial Day 14,full_trial_stream,5,/Users/rajeshpmu/Desktop/LegalMemoCMT/data/phase2/clancy/corpus/raw/live-lindsay-clancy-trial-day-14/live-lindsay-clancy-trial-day-14_DCBWoWhsTpA.en.vtt,/Users/rajeshpmu/Desktop/LegalMemoCMT/data/processed/phase2/clancy/turn_clips/video/DCBWoWhsTpA/DCBWoWhsTpA_turn06468.mp4,/Users/rajeshpmu/Desktop/LegalMemoCMT/data/processed/phase2/clancy/turn_clips/audio/DCBWoWhsTpA/DCBWoWhsTpA_turn06468.wav,DCBWoWhsTpA,group_by_youtube_id,dev,neutral,text_keyword_heuristic,LOW,NO,neutral default,YES,I was working on the labor floor when Lindsay first started with us.,I was working on the labor floor when Lindsay first started with us.,01:37:11.577,01:37:15.768,4.191,4.191,marker,MEDIUM,1,5,"DCBWoWhsTpA_utt04385#p02,DCBWoWhsTpA_utt04386#p01,DCBWoWhsTpA_utt04387#p01,DCBWoWhsTpA_utt04388#p01,DCBWoWhsTpA_utt04389#p01","DCBWoWhsTpA_utt04385,DCBWoWhsTpA_utt04386,DCBWoWhsTpA_utt04387,DCBWoWhsTpA_utt04388,DCBWoWhsTpA_utt04389",5,/Users/rajeshpmu/Desktop/LegalMemoCMT/data/phase2/clancy/corpus/raw/live-lindsay-clancy-trial-day-14/live-lindsay-clancy-trial-day-14_DCBWoWhsTpA.mp4,/Users/rajeshpmu/Desktop/LegalMemoCMT/data/phase2/clancy/corpus/raw/live-lindsay-clancy-trial-day-14/live-lindsay-clancy-trial-day-14_DCBWoWhsTpA.wav,/Users/rajeshpmu/Desktop/LegalMemoCMT/data/processed/phase2/clancy/turn_clips/video/DCBWoWhsTpA/DCBWoWhsTpA_turn06468.mp4,/Users/rajeshpmu/Desktop/LegalMemoCMT/data/processed/phase2/clancy/turn_clips/audio/DCBWoWhsTpA/DCBWoWhsTpA_turn06468.wav,5831.577,5835.768,4.191,created,01:37:11.577,01:37:15.768,0.000,default_zero,SPEAKER_01,2.850,pyannote/speaker-diarization-3.1,Witness,manual_verified_diarization,HIGH,YES,SPEAKING,Witness,YES,Witness 19 identified by manual audio/video review,INCLUDE,,YES,speaker_role=Witness,split_dev;usable,"usable because speaker_role=Witness, witness_speaking_status=SPEAKING, clip_status=created, duration=4.191s, and source is not excluded",YES,0.60,HIGH,manual_clip_review,HUMAN_VERIFIED,neutral,0.809044,0.750306,"{""anger"": 0.079932, ""disgust"": 0.018794, ""fear"": 0.051772, ""joy"": 0.035242, ""neutral"": 0.809044, ""sadness"": 0.002463, ""surprise"": 0.002754}",/Users/rajeshpmu/Desktop/LegalMemoCMT/results/paper_aligned_meld_cv/cmt_min/fold_2/best_model.pt,phase1_meld_checkpoint_pseudo_label,"audio,text","audio,text,video","{""audio_dim"": 128, ""audio_model_name"": ""facebook/hubert-base-ls960"", ""dropout"": 0.1, ""encoder_mode"": ""paper"", ""freeze_audio_backbone"": true, ""freeze_text_backbone"": true, ""fusion_dim"": 256, ""fusion_pooling"": ""min"", ""max_audio_len"": 256, ""max_text_len"": 128, ""max_video_len"": 32, ""num_classes"": 7, ""num_heads"": 4, ""num_layers"": 2, ""text_dim"": 256, ""text_model_name"": ""bert-base-uncased"", ""use_video"": false, ""video_dim"": 128, ""vocab_size"": 30000}"
DCBWoWhsTpA_turn06477,DCBWoWhsTpA_turn06477,DCBWoWhsTpA,https://www.youtube.com/live/DCBWoWhsTpA,LIVE: Lindsay Clancy trial Day 14,full_trial_stream,5,/Users/rajeshpmu/Desktop/LegalMemoCMT/data/phase2/clancy/corpus/raw/live-lindsay-clancy-trial-day-14/live-lindsay-clancy-trial-day-14_DCBWoWhsTpA.en.vtt,/Users/rajeshpmu/Desktop/LegalMemoCMT/data/processed/phase2/clancy/turn_clips/video/DCBWoWhsTpA/DCBWoWhsTpA_turn06477.mp4,/Users/rajeshpmu/Desktop/LegalMemoCMT/data/processed/phase2/clancy/turn_clips/audio/DCBWoWhsTpA/DCBWoWhsTpA_turn06477.wav,DCBWoWhsTpA,group_by_youtube_id,dev,neutral,text_keyword_heuristic,LOW,NO,neutral default,YES,She started I believe in 2015 and I worked until 2002 when she went out with Kellen.,She started I believe in 2015 and I worked until 2002 when she went out with Kellen.,01:37:37.870,01:37:47.635,9.765,9.765,marker,MEDIUM,1,7,"DCBWoWhsTpA_utt04417#p02,DCBWoWhsTpA_utt04418#p01,DCBWoWhsTpA_utt04419#p01,DCBWoWhsTpA_utt04420#p01,DCBWoWhsTpA_utt04421#p01,DCBWoWhsTpA_utt04422#p01,DCBWoWhsTpA_utt04423#p01","DCBWoWhsTpA_utt04417,DCBWoWhsTpA_utt04418,DCBWoWhsTpA_utt04419,DCBWoWhsTpA_utt04420,DCBWoWhsTpA_utt04421,DCBWoWhsTpA_utt04422,DCBWoWhsTpA_utt04423",7,/Users/rajeshpmu/Desktop/LegalMemoCMT/data/phase2/clancy/corpus/raw/live-lindsay-clancy-trial-day-14/live-lindsay-clancy-trial-day-14_DCBWoWhsTpA.mp4,/Users/rajeshpmu/Desktop/LegalMemoCMT/data/phase2/clancy/corpus/raw/live-lindsay-clancy-trial-day-14/live-lindsay-clancy-trial-day-14_DCBWoWhsTpA.wav,/Users/rajeshpmu/Desktop/LegalMemoCMT/data/processed/phase2/clancy/turn_clips/video/DCBWoWhsTpA/DCBWoWhsTpA_turn06477.mp4,/Users/rajeshpmu/Desktop/LegalMemoCMT/data/processed/phase2/clancy/turn_clips/audio/DCBWoWhsTpA/DCBWoWhsTpA_turn06477.wav,5857.870,5867.635,9.765,created,01:37:37.870,01:37:47.635,0.000,default_zero,SPEAKER_01,4.873,pyannote/speaker-diarization-3.1,Witness,manual_verified_diarization,HIGH,YES,SPEAKING,Witness,YES,Witness 19 identified by manual audio/video review,INCLUDE,,YES,speaker_role=Witness,split_dev;usable,"usable because speaker_role=Witness, witness_speaking_status=SPEAKING, clip_status=created, duration=9.765s, and source is not excluded",YES,0.60,HIGH,manual_clip_review,HUMAN_VERIFIED,neutral,0.469773,1.424968,"{""anger"": 0.166296, ""disgust"": 0.084841, ""fear"": 0.212249, ""joy"": 0.042921, ""neutral"": 0.469773, ""sadness"": 0.002987, ""surprise"": 0.020934}",/Users/rajeshpmu/Desktop/LegalMemoCMT/results/paper_aligned_meld_cv/cmt_min/fold_2/best_model.pt,phase1_meld_checkpoint_pseudo_label,"audio,text","audio,text,video","{""audio_dim"": 128, ""audio_model_name"": ""facebook/hubert-base-ls960"", ""dropout"": 0.1, ""encoder_mode"": ""paper"", ""freeze_audio_backbone"": true, ""freeze_text_backbone"": true, ""fusion_dim"": 256, ""fusion_pooling"": ""min"", ""max_audio_len"": 256, ""max_text_len"": 128, ""max_video_len"": 32, ""num_classes"": 7, ""num_heads"": 4, ""num_layers"": 2, ""text_dim"": 256, ""text_model_name"": ""bert-base-uncased"", ""use_video"": false, ""video_dim"": 128, ""vocab_size"": 30000}"
DCBWoWhsTpA_turn06485,DCBWoWhsTpA_turn06485,DCBWoWhsTpA,https://www.youtube.com/live/DCBWoWhsTpA,LIVE: Lindsay Clancy trial Day 14,full_trial_stream,5,/Users/rajeshpmu/Desktop/LegalMemoCMT/data/phase2/clancy/corpus/raw/live-lindsay-clancy-trial-day-14/live-lindsay-clancy-trial-day-14_DCBWoWhsTpA.en.vtt,/Users/rajeshpmu/Desktop/LegalMemoCMT/data/processed/phase2/clancy/turn_clips/video/DCBWoWhsTpA/DCBWoWhsTpA_turn06485.mp4,/Users/rajeshpmu/Desktop/LegalMemoCMT/data/processed/phase2/clancy/turn_clips/audio/DCBWoWhsTpA/DCBWoWhsTpA_turn06485.wav,DCBWoWhsTpA,group_by_youtube_id,dev,neutral,text_keyword_heuristic,LOW,NO,neutral default,YES,"Lindsay loved being a nurse. Um, she was really good at being a nurse. She was compassionate. She was kind. She was a patient advocate. She was the type of nurse that you wanted taking care of you um or your loved one when you walked onto our unit.","Lindsay loved being a nurse. Um, she was really good at being a nurse. She was compassionate. She was kind. She was a patient advocate. She was the type of nurse that you wanted taking care of you um or your loved one when you walked onto our unit.",01:38:18.690,01:38:37.349,18.659,18.659,marker,MEDIUM,1,15,"DCBWoWhsTpA_utt04453#p02,DCBWoWhsTpA_utt04454#p01,DCBWoWhsTpA_utt04455#p01,DCBWoWhsTpA_utt04456#p01,DCBWoWhsTpA_utt04457#p01,DCBWoWhsTpA_utt04458#p01,DCBWoWhsTpA_utt04459#p01,DCBWoWhsTpA_utt04460#p01,DCBWoWhsTpA_utt04461#p01,DCBWoWhsTpA_utt04462#p01,DCBWoWhsTpA_utt04463#p01,DCBWoWhsTpA_utt04464#p01,DCBWoWhsTpA_utt04465#p01,DCBWoWhsTpA_utt04466#p01,DCBWoWhsTpA_utt04467#p01","DCBWoWhsTpA_utt04453,DCBWoWhsTpA_utt04454,DCBWoWhsTpA_utt04455,DCBWoWhsTpA_utt04456,DCBWoWhsTpA_utt04457,DCBWoWhsTpA_utt04458,DCBWoWhsTpA_utt04459,DCBWoWhsTpA_utt04460,DCBWoWhsTpA_utt04461,DCBWoWhsTpA_utt04462,DCBWoWhsTpA_utt04463,DCBWoWhsTpA_utt04464,DCBWoWhsTpA_utt04465,DCBWoWhsTpA_utt04466,DCBWoWhsTpA_utt04467",15,/Users/rajeshpmu/Desktop/LegalMemoCMT/data/phase2/clancy/corpus/raw/live-lindsay-clancy-trial-day-14/live-lindsay-clancy-trial-day-14_DCBWoWhsTpA.mp4,/Users/rajeshpmu/Desktop/LegalMemoCMT/data/phase2/clancy/corpus/raw/live-lindsay-clancy-trial-day-14/live-lindsay-clancy-trial-day-14_DCBWoWhsTpA.wav,/Users/rajeshpmu/Desktop/LegalMemoCMT/data/processed/phase2/clancy/turn_clips/video/DCBWoWhsTpA/DCBWoWhsTpA_turn06485.mp4,/Users/rajeshpmu/Desktop/LegalMemoCMT/data/processed/phase2/clancy/turn_clips/audio/DCBWoWhsTpA/DCBWoWhsTpA_turn06485.wav,5898.690,5917.349,18.659,created,01:38:18.690,01:38:37.349,0.000,default_zero,SPEAKER_01,8.978,pyannote/speaker-diarization-3.1,Witness,manual_verified_diarization,HIGH,YES,SPEAKING,Witness,YES,Witness 19 identified by manual audio/video review,INCLUDE,,YES,speaker_role=Witness,split_dev;usable,"usable because speaker_role=Witness, witness_speaking_status=SPEAKING, clip_status=created, duration=18.659s, and source is not excluded",YES,0.60,HIGH,manual_clip_review,HUMAN_VERIFIED,anger,0.643791,0.969807,"{""anger"": 0.643791, ""disgust"": 0.007858, ""fear"": 0.023409, ""joy"": 0.03252, ""neutral"": 0.271463, ""sadness"": 0.007992, ""surprise"": 0.012966}",/Users/rajeshpmu/Desktop/LegalMemoCMT/results/paper_aligned_meld_cv/cmt_min/fold_2/best_model.pt,phase1_meld_checkpoint_pseudo_label,"audio,text","audio,text,video","{""audio_dim"": 128, ""audio_model_name"": ""facebook/hubert-base-ls960"", ""dropout"": 0.1, ""encoder_mode"": ""paper"", ""freeze_audio_backbone"": true, ""freeze_text_backbone"": true, ""fusion_dim"": 256, ""fusion_pooling"": ""min"", ""max_audio_len"": 256, ""max_text_len"": 128, ""max_video_len"": 32, ""num_classes"": 7, ""num_heads"": 4, ""num_layers"": 2, ""text_dim"": 256, ""text_model_name"": ""bert-base-uncased"", ""use_video"": false, ""video_dim"": 128, ""vocab_size"": 30000}"
DCBWoWhsTpA_turn06486,DCBWoWhsTpA_turn06486,DCBWoWhsTpA,https://www.youtube.com/live/DCBWoWhsTpA,LIVE: Lindsay Clancy trial Day 14,full_trial_stream,5,/Users/rajeshpmu/Desktop/LegalMemoCMT/data/phase2/clancy/corpus/raw/live-lindsay-clancy-trial-day-14/live-lindsay-clancy-trial-day-14_DCBWoWhsTpA.en.vtt,/Users/rajeshpmu/Desktop/LegalMemoCMT/data/processed/phase2/clancy/turn_clips/video/DCBWoWhsTpA/DCBWoWhsTpA_turn06486.mp4,/Users/rajeshpmu/Desktop/LegalMemoCMT/data/processed/phase2/clancy/turn_clips/audio/DCBWoWhsTpA/DCBWoWhsTpA_turn06486.wav,DCBWoWhsTpA,group_by_youtube_id,dev,neutral,text_keyword_heuristic,LOW,NO,neutral default,YES,"Um, did you observe, for example, that on occasion when she would be involved with the delivery of a baby that she would become emotional? Lindsay was often emotional during um birth um of complete strangers. She would she would cry and she would just say that was so beautiful. Um you could just tell that she really loved being in that setting","Um, did you observe, for example, that on occasion when she would be involved with the delivery of a baby that she would become emotional? Lindsay was often emotional during um birth um of complete strangers. She would she would cry and she would just say that was so beautiful. Um you could just tell that she really loved being in that setting",01:38:37.349,01:39:04.990,27.641,27.641,marker,MEDIUM,1,21,"DCBWoWhsTpA_utt04467#p02,DCBWoWhsTpA_utt04468#p01,DCBWoWhsTpA_utt04469#p01,DCBWoWhsTpA_utt04470#p01,DCBWoWhsTpA_utt04471#p01,DCBWoWhsTpA_utt04472#p01,DCBWoWhsTpA_utt04473#p01,DCBWoWhsTpA_utt04474#p01,DCBWoWhsTpA_utt04475#p01,DCBWoWhsTpA_utt04476#p01,DCBWoWhsTpA_utt04477#p01,DCBWoWhsTpA_utt04478#p01,DCBWoWhsTpA_utt04479#p01,DCBWoWhsTpA_utt04480#p01,DCBWoWhsTpA_utt04481#p01,DCBWoWhsTpA_utt04482#p01,DCBWoWhsTpA_utt04483#p01,DCBWoWhsTpA_utt04484#p01,DCBWoWhsTpA_utt04485#p01,DCBWoWhsTpA_utt04486#p01,DCBWoWhsTpA_utt04487#p01","DCBWoWhsTpA_utt04467,DCBWoWhsTpA_utt04468,DCBWoWhsTpA_utt04469,DCBWoWhsTpA_utt04470,DCBWoWhsTpA_utt04471,DCBWoWhsTpA_utt04472,DCBWoWhsTpA_utt04473,DCBWoWhsTpA_utt04474,DCBWoWhsTpA_utt04475,DCBWoWhsTpA_utt04476,DCBWoWhsTpA_utt04477,DCBWoWhsTpA_utt04478,DCBWoWhsTpA_utt04479,DCBWoWhsTpA_utt04480,DCBWoWhsTpA_utt04481,DCBWoWhsTpA_utt04482,DCBWoWhsTpA_utt04483,DCBWoWhsTpA_utt04484,DCBWoWhsTpA_utt04485,DCBWoWhsTpA_utt04486,DCBWoWhsTpA_utt04487",21,/Users/rajeshpmu/Desktop/LegalMemoCMT/data/phase2/clancy/corpus/raw/live-lindsay-clancy-trial-day-14/live-lindsay-clancy-trial-day-14_DCBWoWhsTpA.mp4,/Users/rajeshpmu/Desktop/LegalMemoCMT/data/phase2/clancy/corpus/raw/live-lindsay-clancy-trial-day-14/live-lindsay-clancy-trial-day-14_DCBWoWhsTpA.wav,/Users/rajeshpmu/Desktop/LegalMemoCMT/data/processed/phase2/clancy/turn_clips/video/DCBWoWhsTpA/DCBWoWhsTpA_turn06486.mp4,/Users/rajeshpmu/Desktop/LegalMemoCMT/data/processed/phase2/clancy/turn_clips/audio/DCBWoWhsTpA/DCBWoWhsTpA_turn06486.wav,5917.349,5944.990,27.641,created,01:38:37.349,01:39:04.990,0.000,default_zero,SPEAKER_01,11.441,pyannote/speaker-diarization-3.1,Witness,manual_verified_diarization,HIGH,YES,SPEAKING,Witness,YES,Witness 19 identified by manual audio/video review,INCLUDE,,YES,speaker_role=Witness,split_dev;usable,"usable because speaker_role=Witness, witness_speaking_status=SPEAKING, clip_status=created, duration=27.641s, and source is not excluded",YES,0.60,HIGH,manual_clip_review,HUMAN_VERIFIED,anger,0.483089,1.231931,"{""anger"": 0.483089, ""disgust"": 0.047508, ""fear"": 0.040272, ""joy"": 0.037025, ""neutral"": 0.365034, ""sadness"": 0.012851, ""surprise"": 0.014222}",/Users/rajeshpmu/Desktop/LegalMemoCMT/results/paper_aligned_meld_cv/cmt_min/fold_2/best_model.pt,phase1_meld_checkpoint_pseudo_label,"audio,text","audio,text,video","{""audio_dim"": 128, ""audio_model_name"": ""facebook/hubert-base-ls960"", ""dropout"": 0.1, ""encoder_mode"": ""paper"", ""freeze_audio_backbone"": true, ""freeze_text_backbone"": true, ""fusion_dim"": 256, ""fusion_pooling"": ""min"", ""max_audio_len"": 256, ""max_text_len"": 128, ""max_video_len"": 32, ""num_classes"": 7, ""num_heads"": 4, ""num_layers"": 2, ""text_dim"": 256, ""text_model_name"": ""bert-base-uncased"", ""use_video"": false, ""video_dim"": 128, ""vocab_size"": 30000}"
DCBWoWhsTpA_turn06499,DCBWoWhsTpA_turn06499,DCBWoWhsTpA,https://www.youtube.com/live/DCBWoWhsTpA,LIVE: Lindsay Clancy trial Day 14,full_trial_stream,5,/Users/rajeshpmu/Desktop/LegalMemoCMT/data/phase2/clancy/corpus/raw/live-lindsay-clancy-trial-day-14/live-lindsay-clancy-trial-day-14_DCBWoWhsTpA.en.vtt,/Users/rajeshpmu/Desktop/LegalMemoCMT/data/processed/phase2/clancy/turn_clips/video/DCBWoWhsTpA/DCBWoWhsTpA_turn06499.mp4,/Users/rajeshpmu/Desktop/LegalMemoCMT/data/processed/phase2/clancy/turn_clips/audio/DCBWoWhsTpA/DCBWoWhsTpA_turn06499.wav,DCBWoWhsTpA,group_by_youtube_id,dev,neutral,text_keyword_heuristic,LOW,NO,neutral default,YES,Tell us about that.,Tell us about that.,01:41:10.670,01:41:12.263,1.593,1.593,marker,MEDIUM,1,3,"DCBWoWhsTpA_utt04591#p02,DCBWoWhsTpA_utt04592#p01,DCBWoWhsTpA_utt04593#p01","DCBWoWhsTpA_utt04591,DCBWoWhsTpA_utt04592,DCBWoWhsTpA_utt04593",3,/Users/rajeshpmu/Desktop/LegalMemoCMT/data/phase2/clancy/corpus/raw/live-lindsay-clancy-trial-day-14/live-lindsay-clancy-trial-day-14_DCBWoWhsTpA.mp4,/Users/rajeshpmu/Desktop/LegalMemoCMT/data/phase2/clancy/corpus/raw/live-lindsay-clancy-trial-day-14/live-lindsay-clancy-trial-day-14_DCBWoWhsTpA.wav,/Users/rajeshpmu/Desktop/LegalMemoCMT/data/processed/phase2/clancy/turn_clips/video/DCBWoWhsTpA/DCBWoWhsTpA_turn06499.mp4,/Users/rajeshpmu/Desktop/LegalMemoCMT/data/processed/phase2/clancy/turn_clips/audio/DCBWoWhsTpA/DCBWoWhsTpA_turn06499.wav,6070.670,6072.263,1.593,created,01:41:10.670,01:41:12.263,0.000,default_zero,SPEAKER_01,0.894,pyannote/speaker-diarization-3.1,Witness,manual_verified_diarization,HIGH,YES,SPEAKING,Witness,YES,Witness 19 identified by manual audio/video review,INCLUDE,,YES,speaker_role=Witness,split_dev;usable,"usable because speaker_role=Witness, witness_speaking_status=SPEAKING, clip_status=created, duration=1.593s, and source is not excluded",YES,0.60,HIGH,manual_clip_review,HUMAN_VERIFIED,neutral,0.930772,0.341849,"{""anger"": 0.037806, ""disgust"": 0.012376, ""fear"": 0.00759, ""joy"": 0.008463, ""neutral"": 0.930772, ""sadness"": 0.001543, ""surprise"": 0.001449}",/Users/rajeshpmu/Desktop/LegalMemoCMT/results/paper_aligned_meld_cv/cmt_min/fold_2/best_model.pt,phase1_meld_checkpoint_pseudo_label,"audio,text","audio,text,video","{""audio_dim"": 128, ""audio_model_name"": ""facebook/hubert-base-ls960"", ""dropout"": 0.1, ""encoder_mode"": ""paper"", ""freeze_audio_backbone"": true, ""freeze_text_backbone"": true, ""fusion_dim"": 256, ""fusion_pooling"": ""min"", ""max_audio_len"": 256, ""max_text_len"": 128, ""max_video_len"": 32, ""num_classes"": 7, ""num_heads"": 4, ""num_layers"": 2, ""text_dim"": 256, ""text_model_name"": ""bert-base-uncased"", ""use_video"": false, ""video_dim"": 128, ""vocab_size"": 30000}"
DCBWoWhsTpA_turn06504,DCBWoWhsTpA_turn06504,DCBWoWhsTpA,https://www.youtube.com/live/DCBWoWhsTpA,LIVE: Lindsay Clancy trial Day 14,full_trial_stream,5,/Users/rajeshpmu/Desktop/LegalMemoCMT/data/phase2/clancy/corpus/raw/live-lindsay-clancy-trial-day-14/live-lindsay-clancy-trial-day-14_DCBWoWhsTpA.en.vtt,/Users/rajeshpmu/Desktop/LegalMemoCMT/data/processed/phase2/clancy/turn_clips/video/DCBWoWhsTpA/DCBWoWhsTpA_turn06504.mp4,/Users/rajeshpmu/Desktop/LegalMemoCMT/data/processed/phase2/clancy/turn_clips/audio/DCBWoWhsTpA/DCBWoWhsTpA_turn06504.wav,DCBWoWhsTpA,group_by_youtube_id,dev,neutral,text_keyword_heuristic,LOW,NO,neutral default,YES,Of of course it was a very challenging time as a healthcare provider.,Of of course it was a very challenging time as a healthcare provider.,01:42:30.978,01:42:36.381,5.403,5.403,marker,MEDIUM,1,5,"DCBWoWhsTpA_utt04657#p02,DCBWoWhsTpA_utt04658#p01,DCBWoWhsTpA_utt04659#p01,DCBWoWhsTpA_utt04660#p01,DCBWoWhsTpA_utt04661#p01","DCBWoWhsTpA_utt04657,DCBWoWhsTpA_utt04658,DCBWoWhsTpA_utt04659,DCBWoWhsTpA_utt04660,DCBWoWhsTpA_utt04661",5,/Users/rajeshpmu/Desktop/LegalMemoCMT/data/phase2/clancy/corpus/raw/live-lindsay-clancy-trial-day-14/live-lindsay-clancy-trial-day-14_DCBWoWhsTpA.mp4,/Users/rajeshpmu/Desktop/LegalMemoCMT/data/phase2/clancy/corpus/raw/live-lindsay-clancy-trial-day-14/live-lindsay-clancy-trial-day-14_DCBWoWhsTpA.wav,/Users/rajeshpmu/Desktop/LegalMemoCMT/data/processed/phase2/clancy/turn_clips/video/DCBWoWhsTpA/DCBWoWhsTpA_turn06504.mp4,/Users/rajeshpmu/Desktop/LegalMemoCMT/data/processed/phase2/clancy/turn_clips/audio/DCBWoWhsTpA/DCBWoWhsTpA_turn06504.wav,6150.978,6156.381,5.403,created,01:42:30.978,01:42:36.381,0.000,default_zero,SPEAKER_01,2.420,pyannote/speaker-diarization-3.1,Witness,manual_verified_diarization,HIGH,YES,SPEAKING,Witness,YES,Witness 19 identified by manual audio/video review,INCLUDE,,YES,speaker_role=Witness,split_dev;usable,"usable because speaker_role=Witness, witness_speaking_status=SPEAKING, clip_status=created, duration=5.403s, and source is not excluded",YES,0.60,HIGH,manual_clip_review,HUMAN_VERIFIED,neutral,0.579708,1.119342,"{""anger"": 0.137346, ""disgust"": 0.014047, ""fear"": 0.238815, ""joy"": 0.0048, ""neutral"": 0.579708, ""sadness"": 0.021834, ""surprise"": 0.00345}",/Users/rajeshpmu/Desktop/LegalMemoCMT/results/paper_aligned_meld_cv/cmt_min/fold_2/best_model.pt,phase1_meld_checkpoint_pseudo_label,"audio,text","audio,text,video","{""audio_dim"": 128, ""audio_model_name"": ""facebook/hubert-base-ls960"", ""dropout"": 0.1, ""encoder_mode"": ""paper"", ""freeze_audio_backbone"": true, ""freeze_text_backbone"": true, ""fusion_dim"": 256, ""fusion_pooling"": ""min"", ""max_audio_len"": 256, ""max_text_len"": 128, ""max_video_len"": 32, ""num_classes"": 7, ""num_heads"": 4, ""num_layers"": 2, ""text_dim"": 256, ""text_model_name"": ""bert-base-uncased"", ""use_video"": false, ""video_dim"": 128, ""vocab_size"": 30000}"
DCBWoWhsTpA_turn06519,DCBWoWhsTpA_turn06519,DCBWoWhsTpA,https://www.youtube.com/live/DCBWoWhsTpA,LIVE: Lindsay Clancy trial Day 14,full_trial_stream,5,/Users/rajeshpmu/Desktop/LegalMemoCMT/data/phase2/clancy/corpus/raw/live-lindsay-clancy-trial-day-14/live-lindsay-clancy-trial-day-14_DCBWoWhsTpA.en.vtt,/Users/rajeshpmu/Desktop/LegalMemoCMT/data/processed/phase2/clancy/turn_clips/video/DCBWoWhsTpA/DCBWoWhsTpA_turn06519.mp4,/Users/rajeshpmu/Desktop/LegalMemoCMT/data/processed/phase2/clancy/turn_clips/audio/DCBWoWhsTpA/DCBWoWhsTpA_turn06519.wav,DCBWoWhsTpA,group_by_youtube_id,dev,neutral,text_keyword_heuristic,LOW,NO,neutral default,YES,Limited training. Yes.,Limited training. Yes.,01:43:57.084,01:43:58.543,1.459,1.459,marker,MEDIUM,1,3,"DCBWoWhsTpA_utt04737#p02,DCBWoWhsTpA_utt04738#p01,DCBWoWhsTpA_utt04739#p01","DCBWoWhsTpA_utt04737,DCBWoWhsTpA_utt04738,DCBWoWhsTpA_utt04739",3,/Users/rajeshpmu/Desktop/LegalMemoCMT/data/phase2/clancy/corpus/raw/live-lindsay-clancy-trial-day-14/live-lindsay-clancy-trial-day-14_DCBWoWhsTpA.mp4,/Users/rajeshpmu/Desktop/LegalMemoCMT/data/phase2/clancy/corpus/raw/live-lindsay-clancy-trial-day-14/live-lindsay-clancy-trial-day-14_DCBWoWhsTpA.wav,/Users/rajeshpmu/Desktop/LegalMemoCMT/data/processed/phase2/clancy/turn_clips/video/DCBWoWhsTpA/DCBWoWhsTpA_turn06519.mp4,/Users/rajeshpmu/Desktop/LegalMemoCMT/data/processed/phase2/clancy/turn_clips/audio/DCBWoWhsTpA/DCBWoWhsTpA_turn06519.wav,6237.084,6238.543,1.459,created,01:43:57.084,01:43:58.543,0.000,default_zero,SPEAKER_01,0.689,pyannote/speaker-diarization-3.1,Witness,manual_verified_diarization,HIGH,YES,SPEAKING,Witness,YES,Witness 19 identified by manual audio/video review,INCLUDE,,YES,speaker_role=Witness,split_dev;usable,"usable because speaker_role=Witness, witness_speaking_status=SPEAKING, clip_status=created, duration=1.459s, and source is not excluded",YES,0.60,HIGH,manual_clip_review,HUMAN_VERIFIED,neutral,0.945785,0.291252,"{""anger"": 0.021722, ""disgust"": 0.009464, ""fear"": 0.008856, ""joy"": 0.011196, ""neutral"": 0.945785, ""sadness"": 0.002127, ""surprise"": 0.000849}",/Users/rajeshpmu/Desktop/LegalMemoCMT/results/paper_aligned_meld_cv/cmt_min/fold_2/best_model.pt,phase1_meld_checkpoint_pseudo_label,"audio,text","audio,text,video","{""audio_dim"": 128, ""audio_model_name"": ""facebook/hubert-base-ls960"", ""dropout"": 0.1, ""encoder_mode"": ""paper"", ""freeze_audio_backbone"": true, ""freeze_text_backbone"": true, ""fusion_dim"": 256, ""fusion_pooling"": ""min"", ""max_audio_len"": 256, ""max_text_len"": 128, ""max_video_len"": 32, ""num_classes"": 7, ""num_heads"": 4, ""num_layers"": 2, ""text_dim"": 256, ""text_model_name"": ""bert-base-uncased"", ""use_video"": false, ""video_dim"": 128, ""vocab_size"": 30000}"
DCBWoWhsTpA_turn06530,DCBWoWhsTpA_turn06530,DCBWoWhsTpA,https://www.youtube.com/live/DCBWoWhsTpA,LIVE: Lindsay Clancy trial Day 14,full_trial_stream,5,/Users/rajeshpmu/Desktop/LegalMemoCMT/data/phase2/clancy/corpus/raw/live-lindsay-clancy-trial-day-14/live-lindsay-clancy-trial-day-14_DCBWoWhsTpA.en.vtt,/Users/rajeshpmu/Desktop/LegalMemoCMT/data/processed/phase2/clancy/turn_clips/video/DCBWoWhsTpA/DCBWoWhsTpA_turn06530.mp4,/Users/rajeshpmu/Desktop/LegalMemoCMT/data/processed/phase2/clancy/turn_clips/audio/DCBWoWhsTpA/DCBWoWhsTpA_turn06530.wav,DCBWoWhsTpA,group_by_youtube_id,dev,neutral,text_keyword_heuristic,LOW,NO,neutral default,YES,All set.,All set.,01:45:39.955,01:45:41.475,1.520,1.520,marker,MEDIUM,1,3,"DCBWoWhsTpA_utt04823#p02,DCBWoWhsTpA_utt04824#p01,DCBWoWhsTpA_utt04825#p01","DCBWoWhsTpA_utt04823,DCBWoWhsTpA_utt04824,DCBWoWhsTpA_utt04825",3,/Users/rajeshpmu/Desktop/LegalMemoCMT/data/phase2/clancy/corpus/raw/live-lindsay-clancy-trial-day-14/live-lindsay-clancy-trial-day-14_DCBWoWhsTpA.mp4,/Users/rajeshpmu/Desktop/LegalMemoCMT/data/phase2/clancy/corpus/raw/live-lindsay-clancy-trial-day-14/live-lindsay-clancy-trial-day-14_DCBWoWhsTpA.wav,/Users/rajeshpmu/Desktop/LegalMemoCMT/data/processed/phase2/clancy/turn_clips/video/DCBWoWhsTpA/DCBWoWhsTpA_turn06530.mp4,/Users/rajeshpmu/Desktop/LegalMemoCMT/data/processed/phase2/clancy/turn_clips/audio/DCBWoWhsTpA/DCBWoWhsTpA_turn06530.wav,6339.955,6341.475,1.520,created,01:45:39.955,01:45:41.475,0.000,default_zero,SPEAKER_01,0.472,pyannote/speaker-diarization-3.1,Witness,manual_verified_diarization,HIGH,YES,SPEAKING,Witness,YES,Witness 19 identified by manual audio/video review,INCLUDE,,YES,speaker_role=Witness,split_dev;usable,"usable because speaker_role=Witness, witness_speaking_status=SPEAKING, clip_status=created, duration=1.520s, and source is not excluded",YES,0.60,HIGH,manual_clip_review,HUMAN_VERIFIED,neutral,0.887871,0.438774,"{""anger"": 0.087386, ""disgust"": 0.002741, ""fear"": 0.002572, ""joy"": 0.015584, ""neutral"": 0.887871, ""sadness"": 0.002583, ""surprise"": 0.001265}",/Users/rajeshpmu/Desktop/LegalMemoCMT/results/paper_aligned_meld_cv/cmt_min/fold_2/best_model.pt,phase1_meld_checkpoint_pseudo_label,"audio,text","audio,text,video","{""audio_dim"": 128, ""audio_model_name"": ""facebook/hubert-base-ls960"", ""dropout"": 0.1, ""encoder_mode"": ""paper"", ""freeze_audio_backbone"": true, ""freeze_text_backbone"": true, ""fusion_dim"": 256, ""fusion_pooling"": ""min"", ""max_audio_len"": 256, ""max_text_len"": 128, ""max_video_len"": 32, ""num_classes"": 7, ""num_heads"": 4, ""num_layers"": 2, ""text_dim"": 256, ""text_model_name"": ""bert-base-uncased"", ""use_video"": false, ""video_dim"": 128, ""vocab_size"": 30000}"
DCBWoWhsTpA_turn06538,DCBWoWhsTpA_turn06538,DCBWoWhsTpA,https://www.youtube.com/live/DCBWoWhsTpA,LIVE: Lindsay Clancy trial Day 14,full_trial_stream,5,/Users/rajeshpmu/Desktop/LegalMemoCMT/data/phase2/clancy/corpus/raw/live-lindsay-clancy-trial-day-14/live-lindsay-clancy-trial-day-14_DCBWoWhsTpA.en.vtt,/Users/rajeshpmu/Desktop/LegalMemoCMT/data/processed/phase2/clancy/turn_clips/video/DCBWoWhsTpA/DCBWoWhsTpA_turn06538.mp4,/Users/rajeshpmu/Desktop/LegalMemoCMT/data/processed/phase2/clancy/turn_clips/audio/DCBWoWhsTpA/DCBWoWhsTpA_turn06538.wav,DCBWoWhsTpA,group_by_youtube_id,dev,neutral,text_keyword_heuristic,LOW,NO,neutral default,YES,It's Allison Oza. A L L I S O N. Last name is O Z G A.,It's Allison Oza. A L L I S O N. Last name is O Z G A.,01:47:09.026,01:47:16.482,7.456,7.456,marker,MEDIUM,1,5,"DCBWoWhsTpA_utt04855#p02,DCBWoWhsTpA_utt04856#p01,DCBWoWhsTpA_utt04857#p01,DCBWoWhsTpA_utt04858#p01,DCBWoWhsTpA_utt04859#p01","DCBWoWhsTpA_utt04855,DCBWoWhsTpA_utt04856,DCBWoWhsTpA_utt04857,DCBWoWhsTpA_utt04858,DCBWoWhsTpA_utt04859",5,/Users/rajeshpmu/Desktop/LegalMemoCMT/data/phase2/clancy/corpus/raw/live-lindsay-clancy-trial-day-14/live-lindsay-clancy-trial-day-14_DCBWoWhsTpA.mp4,/Users/rajeshpmu/Desktop/LegalMemoCMT/data/phase2/clancy/corpus/raw/live-lindsay-clancy-trial-day-14/live-lindsay-clancy-trial-day-14_DCBWoWhsTpA.wav,/Users/rajeshpmu/Desktop/LegalMemoCMT/data/processed/phase2/clancy/turn_clips/video/DCBWoWhsTpA/DCBWoWhsTpA_turn06538.mp4,/Users/rajeshpmu/Desktop/LegalMemoCMT/data/processed/phase2/clancy/turn_clips/audio/DCBWoWhsTpA/DCBWoWhsTpA_turn06538.wav,6429.026,6436.482,7.456,created,01:47:09.026,01:47:16.482,0.000,default_zero,SPEAKER_07,5.071,pyannote/speaker-diarization-3.1,Witness,manual_verified_diarization,HIGH,YES,SPEAKING,Witness,YES,Witness 18 identified by manual audio/video review,INCLUDE,,YES,speaker_role=Witness,split_dev;usable,"usable because speaker_role=Witness, witness_speaking_status=SPEAKING, clip_status=created, duration=7.456s, and source is not excluded",YES,0.60,HIGH,manual_clip_review,HUMAN_VERIFIED,neutral,0.896526,0.488755,"{""anger"": 0.034489, ""disgust"": 0.007219, ""fear"": 0.035993, ""joy"": 0.013493, ""neutral"": 0.896526, ""sadness"": 0.008798, ""surprise"": 0.003483}",/Users/rajeshpmu/Desktop/LegalMemoCMT/results/paper_aligned_meld_cv/cmt_min/fold_2/best_model.pt,phase1_meld_checkpoint_pseudo_label,"audio,text","audio,text,video","{""audio_dim"": 128, ""audio_model_name"": ""facebook/hubert-base-ls960"", ""dropout"": 0.1, ""encoder_mode"": ""paper"", ""freeze_audio_backbone"": true, ""freeze_text_backbone"": true, ""fusion_dim"": 256, ""fusion_pooling"": ""min"", ""max_audio_len"": 256, ""max_text_len"": 128, ""max_video_len"": 32, ""num_classes"": 7, ""num_heads"": 4, ""num_layers"": 2, ""text_dim"": 256, ""text_model_name"": ""bert-base-uncased"", ""use_video"": false, ""video_dim"": 128, ""vocab_size"": 30000}"
DCBWoWhsTpA_turn06541,DCBWoWhsTpA_turn06541,DCBWoWhsTpA,https://www.youtube.com/live/DCBWoWhsTpA,LIVE: Lindsay Clancy trial Day 14,full_trial_stream,5,/Users/rajeshpmu/Desktop/LegalMemoCMT/data/phase2/clancy/corpus/raw/live-lindsay-clancy-trial-day-14/live-lindsay-clancy-trial-day-14_DCBWoWhsTpA.en.vtt,/Users/rajeshpmu/Desktop/LegalMemoCMT/data/processed/phase2/clancy/turn_clips/video/DCBWoWhsTpA/DCBWoWhsTpA_turn06541.mp4,/Users/rajeshpmu/Desktop/LegalMemoCMT/data/processed/phase2/clancy/turn_clips/audio/DCBWoWhsTpA/DCBWoWhsTpA_turn06541.wav,DCBWoWhsTpA,group_by_youtube_id,dev,neutral,text_keyword_heuristic,LOW,NO,neutral default,YES,How you know?,How you know?,01:47:18.891,01:47:19.961,1.070,1.070,marker,MEDIUM,1,3,"DCBWoWhsTpA_utt04865#p02,DCBWoWhsTpA_utt04866#p01,DCBWoWhsTpA_utt04867#p01","DCBWoWhsTpA_utt04865,DCBWoWhsTpA_utt04866,DCBWoWhsTpA_utt04867",3,/Users/rajeshpmu/Desktop/LegalMemoCMT/data/phase2/clancy/corpus/raw/live-lindsay-clancy-trial-day-14/live-lindsay-clancy-trial-day-14_DCBWoWhsTpA.mp4,/Users/rajeshpmu/Desktop/LegalMemoCMT/data/phase2/clancy/corpus/raw/live-lindsay-clancy-trial-day-14/live-lindsay-clancy-trial-day-14_DCBWoWhsTpA.wav,/Users/rajeshpmu/Desktop/LegalMemoCMT/data/processed/phase2/clancy/turn_clips/video/DCBWoWhsTpA/DCBWoWhsTpA_turn06541.mp4,/Users/rajeshpmu/Desktop/LegalMemoCMT/data/processed/phase2/clancy/turn_clips/audio/DCBWoWhsTpA/DCBWoWhsTpA_turn06541.wav,6438.891,6439.961,1.070,created,01:47:18.891,01:47:19.961,0.000,default_zero,SPEAKER_07,0.768,pyannote/speaker-diarization-3.1,Witness,manual_verified_diarization,HIGH,YES,SPEAKING,Witness,YES,Witness 18 identified by manual audio/video review,INCLUDE,,YES,speaker_role=Witness,split_dev;usable,"usable because speaker_role=Witness, witness_speaking_status=SPEAKING, clip_status=created, duration=1.070s, and source is not excluded",YES,0.60,HIGH,manual_clip_review,HUMAN_VERIFIED,neutral,0.460358,1.055712,"{""anger"": 0.042186, ""disgust"": 0.449448, ""fear"": 0.017083, ""joy"": 0.012616, ""neutral"": 0.460358, ""sadness"": 0.015602, ""surprise"": 0.002707}",/Users/rajeshpmu/Desktop/LegalMemoCMT/results/paper_aligned_meld_cv/cmt_min/fold_2/best_model.pt,phase1_meld_checkpoint_pseudo_label,"audio,text","audio,text,video","{""audio_dim"": 128, ""audio_model_name"": ""facebook/hubert-base-ls960"", ""dropout"": 0.1, ""encoder_mode"": ""paper"", ""freeze_audio_backbone"": true, ""freeze_text_backbone"": true, ""fusion_dim"": 256, ""fusion_pooling"": ""min"", ""max_audio_len"": 256, ""max_text_len"": 128, ""max_video_len"": 32, ""num_classes"": 7, ""num_heads"": 4, ""num_layers"": 2, ""text_dim"": 256, ""text_model_name"": ""bert-base-uncased"", ""use_video"": false, ""video_dim"": 128, ""vocab_size"": 30000}"
DCBWoWhsTpA_turn06544,DCBWoWhsTpA_turn06544,DCBWoWhsTpA,https://www.youtube.com/live/DCBWoWhsTpA,LIVE: Lindsay Clancy trial Day 14,full_trial_stream,5,/Users/rajeshpmu/Desktop/LegalMemoCMT/data/phase2/clancy/corpus/raw/live-lindsay-clancy-trial-day-14/live-lindsay-clancy-trial-day-14_DCBWoWhsTpA.en.vtt,/Users/rajeshpmu/Desktop/LegalMemoCMT/data/processed/phase2/clancy/turn_clips/video/DCBWoWhsTpA/DCBWoWhsTpA_turn06544.mp4,/Users/rajeshpmu/Desktop/LegalMemoCMT/data/processed/phase2/clancy/turn_clips/audio/DCBWoWhsTpA/DCBWoWhsTpA_turn06544.wav,DCBWoWhsTpA,group_by_youtube_id,dev,neutral,text_keyword_heuristic,LOW,NO,neutral default,YES,Uh we're very close. We have not lived in the same state for about 10 years now. Um but we do communicate and I do think we're very close.,Uh we're very close. We have not lived in the same state for about 10 years now. Um but we do communicate and I do think we're very close.,01:47:33.969,01:47:42.778,8.809,8.809,marker,MEDIUM,1,9,"DCBWoWhsTpA_utt04879#p02,DCBWoWhsTpA_utt04880#p01,DCBWoWhsTpA_utt04881#p01,DCBWoWhsTpA_utt04882#p01,DCBWoWhsTpA_utt04883#p01,DCBWoWhsTpA_utt04884#p01,DCBWoWhsTpA_utt04885#p01,DCBWoWhsTpA_utt04886#p01,DCBWoWhsTpA_utt04887#p01","DCBWoWhsTpA_utt04879,DCBWoWhsTpA_utt04880,DCBWoWhsTpA_utt04881,DCBWoWhsTpA_utt04882,DCBWoWhsTpA_utt04883,DCBWoWhsTpA_utt04884,DCBWoWhsTpA_utt04885,DCBWoWhsTpA_utt04886,DCBWoWhsTpA_utt04887",9,/Users/rajeshpmu/Desktop/LegalMemoCMT/data/phase2/clancy/corpus/raw/live-lindsay-clancy-trial-day-14/live-lindsay-clancy-trial-day-14_DCBWoWhsTpA.mp4,/Users/rajeshpmu/Desktop/LegalMemoCMT/data/phase2/clancy/corpus/raw/live-lindsay-clancy-trial-day-14/live-lindsay-clancy-trial-day-14_DCBWoWhsTpA.wav,/Users/rajeshpmu/Desktop/LegalMemoCMT/data/processed/phase2/clancy/turn_clips/video/DCBWoWhsTpA/DCBWoWhsTpA_turn06544.mp4,/Users/rajeshpmu/Desktop/LegalMemoCMT/data/processed/phase2/clancy/turn_clips/audio/DCBWoWhsTpA/DCBWoWhsTpA_turn06544.wav,6453.969,6462.778,8.809,created,01:47:33.969,01:47:42.778,0.000,default_zero,SPEAKER_07,7.803,pyannote/speaker-diarization-3.1,Witness,manual_verified_diarization,HIGH,YES,SPEAKING,Witness,YES,Witness 18 identified by manual audio/video review,INCLUDE,,YES,speaker_role=Witness,split_dev;usable,"usable because speaker_role=Witness, witness_speaking_status=SPEAKING, clip_status=created, duration=8.809s, and source is not excluded",YES,0.60,HIGH,manual_clip_review,HUMAN_VERIFIED,neutral,0.601841,0.862499,"{""anger"": 0.358094, ""disgust"": 0.00523, ""fear"": 0.00956, ""joy"": 0.014546, ""neutral"": 0.601841, ""sadness"": 0.003914, ""surprise"": 0.006815}",/Users/rajeshpmu/Desktop/LegalMemoCMT/results/paper_aligned_meld_cv/cmt_min/fold_2/best_model.pt,phase1_meld_checkpoint_pseudo_label,"audio,text","audio,text,video","{""audio_dim"": 128, ""audio_model_name"": ""facebook/hubert-base-ls960"", ""dropout"": 0.1, ""encoder_mode"": ""paper"", ""freeze_audio_backbone"": true, ""freeze_text_backbone"": true, ""fusion_dim"": 256, ""fusion_pooling"": ""min"", ""max_audio_len"": 256, ""max_text_len"": 128, ""max_video_len"": 32, ""num_classes"": 7, ""num_heads"": 4, ""num_layers"": 2, ""text_dim"": 256, ""text_model_name"": ""bert-base-uncased"", ""use_video"": false, ""video_dim"": 128, ""vocab_size"": 30000}"
DCBWoWhsTpA_turn06555,DCBWoWhsTpA_turn06555,DCBWoWhsTpA,https://www.youtube.com/live/DCBWoWhsTpA,LIVE: Lindsay Clancy trial Day 14,full_trial_stream,5,/Users/rajeshpmu/Desktop/LegalMemoCMT/data/phase2/clancy/corpus/raw/live-lindsay-clancy-trial-day-14/live-lindsay-clancy-trial-day-14_DCBWoWhsTpA.en.vtt,/Users/rajeshpmu/Desktop/LegalMemoCMT/data/processed/phase2/clancy/turn_clips/video/DCBWoWhsTpA/DCBWoWhsTpA_turn06555.mp4,/Users/rajeshpmu/Desktop/LegalMemoCMT/data/processed/phase2/clancy/turn_clips/audio/DCBWoWhsTpA/DCBWoWhsTpA_turn06555.wav,DCBWoWhsTpA,group_by_youtube_id,dev,neutral,text_keyword_heuristic,LOW,NO,neutral default,YES,"Um the beginning of December, it seemed like she very much decompensated. Um I do remember her saying at one point at the beginning of December, um something along the lines of I'm in a really tough spot. Um, and knowing what she had shared with me previously about um, how her mental health had been struggling, um, I had this gut feeling that something was off and that she was really struggling and I asked her if she was safe.","Um the beginning of December, it seemed like she very much decompensated. Um I do remember her saying at one point at the beginning of December, um something along the lines of I'm in a really tough spot. Um, and knowing what she had shared with me previously about um, how her mental health had been struggling, um, I had this gut feeling that something was off and that she was really struggling and I asked her if she was safe.",01:49:12.383,01:49:37.890,25.507,25.507,marker,MEDIUM,1,27,"DCBWoWhsTpA_utt04965#p02,DCBWoWhsTpA_utt04966#p01,DCBWoWhsTpA_utt04967#p01,DCBWoWhsTpA_utt04968#p01,DCBWoWhsTpA_utt04969#p01,DCBWoWhsTpA_utt04970#p01,DCBWoWhsTpA_utt04971#p01,DCBWoWhsTpA_utt04972#p01,DCBWoWhsTpA_utt04973#p01,DCBWoWhsTpA_utt04974#p01,DCBWoWhsTpA_utt04975#p01,DCBWoWhsTpA_utt04976#p01,DCBWoWhsTpA_utt04977#p01,DCBWoWhsTpA_utt04978#p01,DCBWoWhsTpA_utt04979#p01,DCBWoWhsTpA_utt04980#p01,DCBWoWhsTpA_utt04981#p01,DCBWoWhsTpA_utt04982#p01,DCBWoWhsTpA_utt04983#p01,DCBWoWhsTpA_utt04984#p01,DCBWoWhsTpA_utt04985#p01,DCBWoWhsTpA_utt04986#p01,DCBWoWhsTpA_utt04987#p01,DCBWoWhsTpA_utt04988#p01,DCBWoWhsTpA_utt04989#p01,DCBWoWhsTpA_utt04990#p01,DCBWoWhsTpA_utt04991#p01","DCBWoWhsTpA_utt04965,DCBWoWhsTpA_utt04966,DCBWoWhsTpA_utt04967,DCBWoWhsTpA_utt04968,DCBWoWhsTpA_utt04969,DCBWoWhsTpA_utt04970,DCBWoWhsTpA_utt04971,DCBWoWhsTpA_utt04972,DCBWoWhsTpA_utt04973,DCBWoWhsTpA_utt04974,DCBWoWhsTpA_utt04975,DCBWoWhsTpA_utt04976,DCBWoWhsTpA_utt04977,DCBWoWhsTpA_utt04978,DCBWoWhsTpA_utt04979,DCBWoWhsTpA_utt04980,DCBWoWhsTpA_utt04981,DCBWoWhsTpA_utt04982,DCBWoWhsTpA_utt04983,DCBWoWhsTpA_utt04984,DCBWoWhsTpA_utt04985,DCBWoWhsTpA_utt04986,DCBWoWhsTpA_utt04987,DCBWoWhsTpA_utt04988,DCBWoWhsTpA_utt04989,DCBWoWhsTpA_utt04990,DCBWoWhsTpA_utt04991",27,/Users/rajeshpmu/Desktop/LegalMemoCMT/data/phase2/clancy/corpus/raw/live-lindsay-clancy-trial-day-14/live-lindsay-clancy-trial-day-14_DCBWoWhsTpA.mp4,/Users/rajeshpmu/Desktop/LegalMemoCMT/data/phase2/clancy/corpus/raw/live-lindsay-clancy-trial-day-14/live-lindsay-clancy-trial-day-14_DCBWoWhsTpA.wav,/Users/rajeshpmu/Desktop/LegalMemoCMT/data/processed/phase2/clancy/turn_clips/video/DCBWoWhsTpA/DCBWoWhsTpA_turn06555.mp4,/Users/rajeshpmu/Desktop/LegalMemoCMT/data/processed/phase2/clancy/turn_clips/audio/DCBWoWhsTpA/DCBWoWhsTpA_turn06555.wav,6552.383,6577.890,25.507,created,01:49:12.383,01:49:37.890,0.000,default_zero,SPEAKER_07,20.132,pyannote/speaker-diarization-3.1,Witness,manual_verified_diarization,HIGH,YES,SPEAKING,Witness,YES,Witness 18 identified by manual audio/video review,INCLUDE,,YES,speaker_role=Witness,split_dev;usable,"usable because speaker_role=Witness, witness_speaking_status=SPEAKING, clip_status=created, duration=25.507s, and source is not excluded",YES,0.60,HIGH,manual_clip_review,HUMAN_VERIFIED,neutral,0.477031,1.40247,"{""anger"": 0.081089, ""disgust"": 0.006848, ""fear"": 0.187182, ""joy"": 0.052733, ""neutral"": 0.477031, ""sadness"": 0.189948, ""surprise"": 0.005169}",/Users/rajeshpmu/Desktop/LegalMemoCMT/results/paper_aligned_meld_cv/cmt_min/fold_2/best_model.pt,phase1_meld_checkpoint_pseudo_label,"audio,text","audio,text,video","{""audio_dim"": 128, ""audio_model_name"": ""facebook/hubert-base-ls960"", ""dropout"": 0.1, ""encoder_mode"": ""paper"", ""freeze_audio_backbone"": true, ""freeze_text_backbone"": true, ""fusion_dim"": 256, ""fusion_pooling"": ""min"", ""max_audio_len"": 256, ""max_text_len"": 128, ""max_video_len"": 32, ""num_classes"": 7, ""num_heads"": 4, ""num_layers"": 2, ""text_dim"": 256, ""text_model_name"": ""bert-base-uncased"", ""use_video"": false, ""video_dim"": 128, ""vocab_size"": 30000}"
DCBWoWhsTpA_turn06565,DCBWoWhsTpA_turn06565,DCBWoWhsTpA,https://www.youtube.com/live/DCBWoWhsTpA,LIVE: Lindsay Clancy trial Day 14,full_trial_stream,5,/Users/rajeshpmu/Desktop/LegalMemoCMT/data/phase2/clancy/corpus/raw/live-lindsay-clancy-trial-day-14/live-lindsay-clancy-trial-day-14_DCBWoWhsTpA.en.vtt,/Users/rajeshpmu/Desktop/LegalMemoCMT/data/processed/phase2/clancy/turn_clips/video/DCBWoWhsTpA/DCBWoWhsTpA_turn06565.mp4,/Users/rajeshpmu/Desktop/LegalMemoCMT/data/processed/phase2/clancy/turn_clips/audio/DCBWoWhsTpA/DCBWoWhsTpA_turn06565.wav,DCBWoWhsTpA,group_by_youtube_id,dev,neutral,text_keyword_heuristic,LOW,NO,neutral default,YES,Um based on communication with Lindsay and I started communicating with Pat directly at that time. Um she was reporting her mood was worsening um as she described as depression. um her she was having more suicidal thoughts. Um she was insomnia continued to be an issue. Um she was really not feeling like herself.,Um based on communication with Lindsay and I started communicating with Pat directly at that time. Um she was reporting her mood was worsening um as she described as depression. um her she was having more suicidal thoughts. Um she was insomnia continued to be an issue. Um she was really not feeling like herself.,01:50:09.043,01:50:32.621,23.578,23.578,marker,MEDIUM,1,19,"DCBWoWhsTpA_utt05025#p02,DCBWoWhsTpA_utt05026#p01,DCBWoWhsTpA_utt05027#p01,DCBWoWhsTpA_utt05028#p01,DCBWoWhsTpA_utt05029#p01,DCBWoWhsTpA_utt05030#p01,DCBWoWhsTpA_utt05031#p01,DCBWoWhsTpA_utt05032#p01,DCBWoWhsTpA_utt05033#p01,DCBWoWhsTpA_utt05034#p01,DCBWoWhsTpA_utt05035#p01,DCBWoWhsTpA_utt05036#p01,DCBWoWhsTpA_utt05037#p01,DCBWoWhsTpA_utt05038#p01,DCBWoWhsTpA_utt05039#p01,DCBWoWhsTpA_utt05040#p01,DCBWoWhsTpA_utt05041#p01,DCBWoWhsTpA_utt05042#p01,DCBWoWhsTpA_utt05043#p01","DCBWoWhsTpA_utt05025,DCBWoWhsTpA_utt05026,DCBWoWhsTpA_utt05027,DCBWoWhsTpA_utt05028,DCBWoWhsTpA_utt05029,DCBWoWhsTpA_utt05030,DCBWoWhsTpA_utt05031,DCBWoWhsTpA_utt05032,DCBWoWhsTpA_utt05033,DCBWoWhsTpA_utt05034,DCBWoWhsTpA_utt05035,DCBWoWhsTpA_utt05036,DCBWoWhsTpA_utt05037,DCBWoWhsTpA_utt05038,DCBWoWhsTpA_utt05039,DCBWoWhsTpA_utt05040,DCBWoWhsTpA_utt05041,DCBWoWhsTpA_utt05042,DCBWoWhsTpA_utt05043",19,/Users/rajeshpmu/Desktop/LegalMemoCMT/data/phase2/clancy/corpus/raw/live-lindsay-clancy-trial-day-14/live-lindsay-clancy-trial-day-14_DCBWoWhsTpA.mp4,/Users/rajeshpmu/Desktop/LegalMemoCMT/data/phase2/clancy/corpus/raw/live-lindsay-clancy-trial-day-14/live-lindsay-clancy-trial-day-14_DCBWoWhsTpA.wav,/Users/rajeshpmu/Desktop/LegalMemoCMT/data/processed/phase2/clancy/turn_clips/video/DCBWoWhsTpA/DCBWoWhsTpA_turn06565.mp4,/Users/rajeshpmu/Desktop/LegalMemoCMT/data/processed/phase2/clancy/turn_clips/audio/DCBWoWhsTpA/DCBWoWhsTpA_turn06565.wav,6609.043,6632.621,23.578,created,01:50:09.043,01:50:32.621,0.000,default_zero,SPEAKER_07,9.653,pyannote/speaker-diarization-3.1,Witness,manual_verified_diarization,HIGH,YES,SPEAKING,Witness,YES,Witness 18 identified by manual audio/video review,INCLUDE,,YES,speaker_role=Witness,split_dev;usable,"usable because speaker_role=Witness, witness_speaking_status=SPEAKING, clip_status=created, duration=23.578s, and source is not excluded",YES,0.60,HIGH,manual_clip_review,HUMAN_VERIFIED,neutral,0.534487,1.463779,"{""anger"": 0.104724, ""disgust"": 0.019021, ""fear"": 0.142827, ""joy"": 0.070027, ""neutral"": 0.534487, ""sadness"": 0.068993, ""surprise"": 0.059922}",/Users/rajeshpmu/Desktop/LegalMemoCMT/results/paper_aligned_meld_cv/cmt_min/fold_2/best_model.pt,phase1_meld_checkpoint_pseudo_label,"audio,text","audio,text,video","{""audio_dim"": 128, ""audio_model_name"": ""facebook/hubert-base-ls960"", ""dropout"": 0.1, ""encoder_mode"": ""paper"", ""freeze_audio_backbone"": true, ""freeze_text_backbone"": true, ""fusion_dim"": 256, ""fusion_pooling"": ""min"", ""max_audio_len"": 256, ""max_text_len"": 128, ""max_video_len"": 32, ""num_classes"": 7, ""num_heads"": 4, ""num_layers"": 2, ""text_dim"": 256, ""text_model_name"": ""bert-base-uncased"", ""use_video"": false, ""video_dim"": 128, ""vocab_size"": 30000}"
DCBWoWhsTpA_turn06568,DCBWoWhsTpA_turn06568,DCBWoWhsTpA,https://www.youtube.com/live/DCBWoWhsTpA,LIVE: Lindsay Clancy trial Day 14,full_trial_stream,5,/Users/rajeshpmu/Desktop/LegalMemoCMT/data/phase2/clancy/corpus/raw/live-lindsay-clancy-trial-day-14/live-lindsay-clancy-trial-day-14_DCBWoWhsTpA.en.vtt,/Users/rajeshpmu/Desktop/LegalMemoCMT/data/processed/phase2/clancy/turn_clips/video/DCBWoWhsTpA/DCBWoWhsTpA_turn06568.mp4,/Users/rajeshpmu/Desktop/LegalMemoCMT/data/processed/phase2/clancy/turn_clips/audio/DCBWoWhsTpA/DCBWoWhsTpA_turn06568.wav,DCBWoWhsTpA,group_by_youtube_id,dev,neutral,text_keyword_heuristic,LOW,NO,neutral default,YES,"And and what did she tell you about seeing the doctors and if she was on any medication and if so what effect did they have on her? So, the first thing she said about the doctors was back in October when she said that she saw a doctor for Zoloft and had a very awful uh reaction to that Zoloft.","And and what did she tell you about seeing the doctors and if she was on any medication and if so what effect did they have on her? So, the first thing she said about the doctors was back in October when she said that she saw a doctor for Zoloft and had a very awful uh reaction to that Zoloft.",01:50:41.492,01:50:58.915,17.423,17.423,marker,MEDIUM,1,17,"DCBWoWhsTpA_utt05053#p02,DCBWoWhsTpA_utt05054#p01,DCBWoWhsTpA_utt05055#p01,DCBWoWhsTpA_utt05056#p01,DCBWoWhsTpA_utt05057#p01,DCBWoWhsTpA_utt05058#p01,DCBWoWhsTpA_utt05059#p01,DCBWoWhsTpA_utt05060#p01,DCBWoWhsTpA_utt05061#p01,DCBWoWhsTpA_utt05062#p01,DCBWoWhsTpA_utt05063#p01,DCBWoWhsTpA_utt05064#p01,DCBWoWhsTpA_utt05065#p01,DCBWoWhsTpA_utt05066#p01,DCBWoWhsTpA_utt05067#p01,DCBWoWhsTpA_utt05068#p01,DCBWoWhsTpA_utt05069#p01","DCBWoWhsTpA_utt05053,DCBWoWhsTpA_utt05054,DCBWoWhsTpA_utt05055,DCBWoWhsTpA_utt05056,DCBWoWhsTpA_utt05057,DCBWoWhsTpA_utt05058,DCBWoWhsTpA_utt05059,DCBWoWhsTpA_utt05060,DCBWoWhsTpA_utt05061,DCBWoWhsTpA_utt05062,DCBWoWhsTpA_utt05063,DCBWoWhsTpA_utt05064,DCBWoWhsTpA_utt05065,DCBWoWhsTpA_utt05066,DCBWoWhsTpA_utt05067,DCBWoWhsTpA_utt05068,DCBWoWhsTpA_utt05069",17,/Users/rajeshpmu/Desktop/LegalMemoCMT/data/phase2/clancy/corpus/raw/live-lindsay-clancy-trial-day-14/live-lindsay-clancy-trial-day-14_DCBWoWhsTpA.mp4,/Users/rajeshpmu/Desktop/LegalMemoCMT/data/phase2/clancy/corpus/raw/live-lindsay-clancy-trial-day-14/live-lindsay-clancy-trial-day-14_DCBWoWhsTpA.wav,/Users/rajeshpmu/Desktop/LegalMemoCMT/data/processed/phase2/clancy/turn_clips/video/DCBWoWhsTpA/DCBWoWhsTpA_turn06568.mp4,/Users/rajeshpmu/Desktop/LegalMemoCMT/data/processed/phase2/clancy/turn_clips/audio/DCBWoWhsTpA/DCBWoWhsTpA_turn06568.wav,6641.492,6658.915,17.423,created,01:50:41.492,01:50:58.915,0.000,default_zero,SPEAKER_07,8.894,pyannote/speaker-diarization-3.1,Witness,manual_verified_diarization,HIGH,YES,SPEAKING,Witness,YES,Witness 18 identified by manual audio/video review,INCLUDE,,YES,speaker_role=Witness,split_dev;usable,"usable because speaker_role=Witness, witness_speaking_status=SPEAKING, clip_status=created, duration=17.423s, and source is not excluded",YES,0.60,HIGH,manual_clip_review,HUMAN_VERIFIED,neutral,0.577971,1.401623,"{""anger"": 0.111918, ""disgust"": 0.045111, ""fear"": 0.04312, ""joy"": 0.101612, ""neutral"": 0.577971, ""sadness"": 0.041113, ""surprise"": 0.079156}",/Users/rajeshpmu/Desktop/LegalMemoCMT/results/paper_aligned_meld_cv/cmt_min/fold_2/best_model.pt,phase1_meld_checkpoint_pseudo_label,"audio,text","audio,text,video","{""audio_dim"": 128, ""audio_model_name"": ""facebook/hubert-base-ls960"", ""dropout"": 0.1, ""encoder_mode"": ""paper"", ""freeze_audio_backbone"": true, ""freeze_text_backbone"": true, ""fusion_dim"": 256, ""fusion_pooling"": ""min"", ""max_audio_len"": 256, ""max_text_len"": 128, ""max_video_len"": 32, ""num_classes"": 7, ""num_heads"": 4, ""num_layers"": 2, ""text_dim"": 256, ""text_model_name"": ""bert-base-uncased"", ""use_video"": false, ""video_dim"": 128, ""vocab_size"": 30000}"
DCBWoWhsTpA_turn06569,DCBWoWhsTpA_turn06569,DCBWoWhsTpA,https://www.youtube.com/live/DCBWoWhsTpA,LIVE: Lindsay Clancy trial Day 14,full_trial_stream,5,/Users/rajeshpmu/Desktop/LegalMemoCMT/data/phase2/clancy/corpus/raw/live-lindsay-clancy-trial-day-14/live-lindsay-clancy-trial-day-14_DCBWoWhsTpA.en.vtt,/Users/rajeshpmu/Desktop/LegalMemoCMT/data/processed/phase2/clancy/turn_clips/video/DCBWoWhsTpA/DCBWoWhsTpA_turn06569.mp4,/Users/rajeshpmu/Desktop/LegalMemoCMT/data/processed/phase2/clancy/turn_clips/audio/DCBWoWhsTpA/DCBWoWhsTpA_turn06569.wav,DCBWoWhsTpA,group_by_youtube_id,dev,neutral,text_keyword_heuristic,LOW,NO,neutral default,YES,Would that be Dr. Tus?,Would that be Dr. Tus?,01:50:58.915,01:51:00.842,1.927,1.927,marker,MEDIUM,1,3,"DCBWoWhsTpA_utt05069#p02,DCBWoWhsTpA_utt05070#p01,DCBWoWhsTpA_utt05071#p01","DCBWoWhsTpA_utt05069,DCBWoWhsTpA_utt05070,DCBWoWhsTpA_utt05071",3,/Users/rajeshpmu/Desktop/LegalMemoCMT/data/phase2/clancy/corpus/raw/live-lindsay-clancy-trial-day-14/live-lindsay-clancy-trial-day-14_DCBWoWhsTpA.mp4,/Users/rajeshpmu/Desktop/LegalMemoCMT/data/phase2/clancy/corpus/raw/live-lindsay-clancy-trial-day-14/live-lindsay-clancy-trial-day-14_DCBWoWhsTpA.wav,/Users/rajeshpmu/Desktop/LegalMemoCMT/data/processed/phase2/clancy/turn_clips/video/DCBWoWhsTpA/DCBWoWhsTpA_turn06569.mp4,/Users/rajeshpmu/Desktop/LegalMemoCMT/data/processed/phase2/clancy/turn_clips/audio/DCBWoWhsTpA/DCBWoWhsTpA_turn06569.wav,6658.915,6660.842,1.927,created,01:50:58.915,01:51:00.842,0.000,default_zero,SPEAKER_07,0.856,pyannote/speaker-diarization-3.1,Witness,manual_verified_diarization,HIGH,YES,SPEAKING,Witness,YES,Witness 18 identified by manual audio/video review,INCLUDE,,YES,speaker_role=Witness,split_dev;usable,"usable because speaker_role=Witness, witness_speaking_status=SPEAKING, clip_status=created, duration=1.927s, and source is not excluded",YES,0.60,HIGH,manual_clip_review,HUMAN_VERIFIED,neutral,0.897562,0.493214,"{""anger"": 0.025066, ""disgust"": 0.025843, ""fear"": 0.012836, ""joy"": 0.028488, ""neutral"": 0.897562, ""sadness"": 0.008039, ""surprise"": 0.002166}",/Users/rajeshpmu/Desktop/LegalMemoCMT/results/paper_aligned_meld_cv/cmt_min/fold_2/best_model.pt,phase1_meld_checkpoint_pseudo_label,"audio,text","audio,text,video","{""audio_dim"": 128, ""audio_model_name"": ""facebook/hubert-base-ls960"", ""dropout"": 0.1, ""encoder_mode"": ""paper"", ""freeze_audio_backbone"": true, ""freeze_text_backbone"": true, ""fusion_dim"": 256, ""fusion_pooling"": ""min"", ""max_audio_len"": 256, ""max_text_len"": 128, ""max_video_len"": 32, ""num_classes"": 7, ""num_heads"": 4, ""num_layers"": 2, ""text_dim"": 256, ""text_model_name"": ""bert-base-uncased"", ""use_video"": false, ""video_dim"": 128, ""vocab_size"": 30000}"
DCBWoWhsTpA_turn06570,DCBWoWhsTpA_turn06570,DCBWoWhsTpA,https://www.youtube.com/live/DCBWoWhsTpA,LIVE: Lindsay Clancy trial Day 14,full_trial_stream,5,/Users/rajeshpmu/Desktop/LegalMemoCMT/data/phase2/clancy/corpus/raw/live-lindsay-clancy-trial-day-14/live-lindsay-clancy-trial-day-14_DCBWoWhsTpA.en.vtt,/Users/rajeshpmu/Desktop/LegalMemoCMT/data/processed/phase2/clancy/turn_clips/video/DCBWoWhsTpA/DCBWoWhsTpA_turn06570.mp4,/Users/rajeshpmu/Desktop/LegalMemoCMT/data/processed/phase2/clancy/turn_clips/audio/DCBWoWhsTpA/DCBWoWhsTpA_turn06570.wav,DCBWoWhsTpA,group_by_youtube_id,dev,neutral,text_keyword_heuristic,LOW,NO,neutral default,YES,"Um, [snorts] I don't believe she shared that specific with me.","Um, [snorts] I don't believe she shared that specific with me.",01:51:00.842,01:51:03.954,3.112,3.112,marker,MEDIUM,1,5,"DCBWoWhsTpA_utt05071#p02,DCBWoWhsTpA_utt05072#p01,DCBWoWhsTpA_utt05073#p01,DCBWoWhsTpA_utt05074#p01,DCBWoWhsTpA_utt05075#p01","DCBWoWhsTpA_utt05071,DCBWoWhsTpA_utt05072,DCBWoWhsTpA_utt05073,DCBWoWhsTpA_utt05074,DCBWoWhsTpA_utt05075",5,/Users/rajeshpmu/Desktop/LegalMemoCMT/data/phase2/clancy/corpus/raw/live-lindsay-clancy-trial-day-14/live-lindsay-clancy-trial-day-14_DCBWoWhsTpA.mp4,/Users/rajeshpmu/Desktop/LegalMemoCMT/data/phase2/clancy/corpus/raw/live-lindsay-clancy-trial-day-14/live-lindsay-clancy-trial-day-14_DCBWoWhsTpA.wav,/Users/rajeshpmu/Desktop/LegalMemoCMT/data/processed/phase2/clancy/turn_clips/video/DCBWoWhsTpA/DCBWoWhsTpA_turn06570.mp4,/Users/rajeshpmu/Desktop/LegalMemoCMT/data/processed/phase2/clancy/turn_clips/audio/DCBWoWhsTpA/DCBWoWhsTpA_turn06570.wav,6660.842,6663.954,3.112,created,01:51:00.842,01:51:03.954,0.000,default_zero,SPEAKER_07,3.112,pyannote/speaker-diarization-3.1,Witness,manual_verified_diarization,HIGH,YES,SPEAKING,Witness,YES,Witness 18 identified by manual audio/video review,INCLUDE,,YES,speaker_role=Witness,split_dev;usable,"usable because speaker_role=Witness, witness_speaking_status=SPEAKING, clip_status=created, duration=3.112s, and source is not excluded",YES,0.60,HIGH,manual_clip_review,HUMAN_VERIFIED,disgust,0.554163,1.413862,"{""anger"": 0.037081, ""disgust"": 0.554163, ""fear"": 0.047367, ""joy"": 0.120163, ""neutral"": 0.145492, ""sadness"": 0.031203, ""surprise"": 0.064532}",/Users/rajeshpmu/Desktop/LegalMemoCMT/results/paper_aligned_meld_cv/cmt_min/fold_2/best_model.pt,phase1_meld_checkpoint_pseudo_label,"audio,text","audio,text,video","{""audio_dim"": 128, ""audio_model_name"": ""facebook/hubert-base-ls960"", ""dropout"": 0.1, ""encoder_mode"": ""paper"", ""freeze_audio_backbone"": true, ""freeze_text_backbone"": true, ""fusion_dim"": 256, ""fusion_pooling"": ""min"", ""max_audio_len"": 256, ""max_text_len"": 128, ""max_video_len"": 32, ""num_classes"": 7, ""num_heads"": 4, ""num_layers"": 2, ""text_dim"": 256, ""text_model_name"": ""bert-base-uncased"", ""use_video"": false, ""video_dim"": 128, ""vocab_size"": 30000}"
DCBWoWhsTpA_turn06571,DCBWoWhsTpA_turn06571,DCBWoWhsTpA,https://www.youtube.com/live/DCBWoWhsTpA,LIVE: Lindsay Clancy trial Day 14,full_trial_stream,5,/Users/rajeshpmu/Desktop/LegalMemoCMT/data/phase2/clancy/corpus/raw/live-lindsay-clancy-trial-day-14/live-lindsay-clancy-trial-day-14_DCBWoWhsTpA.en.vtt,/Users/rajeshpmu/Desktop/LegalMemoCMT/data/processed/phase2/clancy/turn_clips/video/DCBWoWhsTpA/DCBWoWhsTpA_turn06571.mp4,/Users/rajeshpmu/Desktop/LegalMemoCMT/data/processed/phase2/clancy/turn_clips/audio/DCBWoWhsTpA/DCBWoWhsTpA_turn06571.wav,DCBWoWhsTpA,group_by_youtube_id,dev,neutral,text_keyword_heuristic,LOW,NO,neutral default,YES,Share the name. Okay.,Share the name. Okay.,01:51:03.954,01:51:05.698,1.744,1.744,marker,MEDIUM,1,3,"DCBWoWhsTpA_utt05075#p02,DCBWoWhsTpA_utt05076#p01,DCBWoWhsTpA_utt05077#p01","DCBWoWhsTpA_utt05075,DCBWoWhsTpA_utt05076,DCBWoWhsTpA_utt05077",3,/Users/rajeshpmu/Desktop/LegalMemoCMT/data/phase2/clancy/corpus/raw/live-lindsay-clancy-trial-day-14/live-lindsay-clancy-trial-day-14_DCBWoWhsTpA.mp4,/Users/rajeshpmu/Desktop/LegalMemoCMT/data/phase2/clancy/corpus/raw/live-lindsay-clancy-trial-day-14/live-lindsay-clancy-trial-day-14_DCBWoWhsTpA.wav,/Users/rajeshpmu/Desktop/LegalMemoCMT/data/processed/phase2/clancy/turn_clips/video/DCBWoWhsTpA/DCBWoWhsTpA_turn06571.mp4,/Users/rajeshpmu/Desktop/LegalMemoCMT/data/processed/phase2/clancy/turn_clips/audio/DCBWoWhsTpA/DCBWoWhsTpA_turn06571.wav,6663.954,6665.698,1.744,created,01:51:03.954,01:51:05.698,0.000,default_zero,SPEAKER_07,0.895,pyannote/speaker-diarization-3.1,Witness,manual_verified_diarization,HIGH,YES,SPEAKING,Witness,YES,Witness 18 identified by manual audio/video review,INCLUDE,,YES,speaker_role=Witness,split_dev;usable,"usable because speaker_role=Witness, witness_speaking_status=SPEAKING, clip_status=created, duration=1.744s, and source is not excluded",YES,0.60,HIGH,manual_clip_review,HUMAN_VERIFIED,neutral,0.94497,0.286657,"{""anger"": 0.026659, ""disgust"": 0.00682, ""fear"": 0.006173, ""joy"": 0.013505, ""neutral"": 0.94497, ""sadness"": 0.000674, ""surprise"": 0.001198}",/Users/rajeshpmu/Desktop/LegalMemoCMT/results/paper_aligned_meld_cv/cmt_min/fold_2/best_model.pt,phase1_meld_checkpoint_pseudo_label,"audio,text","audio,text,video","{""audio_dim"": 128, ""audio_model_name"": ""facebook/hubert-base-ls960"", ""dropout"": 0.1, ""encoder_mode"": ""paper"", ""freeze_audio_backbone"": true, ""freeze_text_backbone"": true, ""fusion_dim"": 256, ""fusion_pooling"": ""min"", ""max_audio_len"": 256, ""max_text_len"": 128, ""max_video_len"": 32, ""num_classes"": 7, ""num_heads"": 4, ""num_layers"": 2, ""text_dim"": 256, ""text_model_name"": ""bert-base-uncased"", ""use_video"": false, ""video_dim"": 128, ""vocab_size"": 30000}"
DCBWoWhsTpA_turn06575,DCBWoWhsTpA_turn06575,DCBWoWhsTpA,https://www.youtube.com/live/DCBWoWhsTpA,LIVE: Lindsay Clancy trial Day 14,full_trial_stream,5,/Users/rajeshpmu/Desktop/LegalMemoCMT/data/phase2/clancy/corpus/raw/live-lindsay-clancy-trial-day-14/live-lindsay-clancy-trial-day-14_DCBWoWhsTpA.en.vtt,/Users/rajeshpmu/Desktop/LegalMemoCMT/data/processed/phase2/clancy/turn_clips/video/DCBWoWhsTpA/DCBWoWhsTpA_turn06575.mp4,/Users/rajeshpmu/Desktop/LegalMemoCMT/data/processed/phase2/clancy/turn_clips/audio/DCBWoWhsTpA/DCBWoWhsTpA_turn06575.wav,DCBWoWhsTpA,group_by_youtube_id,dev,neutral,text_keyword_heuristic,LOW,NO,neutral default,YES,"Um at the end of December, so I think it was more along the same of you know that she is really not feeling well, her mood is down. Um, she's feeling numb. She's feeling hopeless. Um, I believe the very end of the month she told me she had had suicidal ideation every day for a month.","Um at the end of December, so I think it was more along the same of you know that she is really not feeling well, her mood is down. Um, she's feeling numb. She's feeling hopeless. Um, I believe the very end of the month she told me she had had suicidal ideation every day for a month.",01:51:39.345,01:51:56.656,17.311,17.311,marker,MEDIUM,1,15,"DCBWoWhsTpA_utt05113#p02,DCBWoWhsTpA_utt05114#p01,DCBWoWhsTpA_utt05115#p01,DCBWoWhsTpA_utt05116#p01,DCBWoWhsTpA_utt05117#p01,DCBWoWhsTpA_utt05118#p01,DCBWoWhsTpA_utt05119#p01,DCBWoWhsTpA_utt05120#p01,DCBWoWhsTpA_utt05121#p01,DCBWoWhsTpA_utt05122#p01,DCBWoWhsTpA_utt05123#p01,DCBWoWhsTpA_utt05124#p01,DCBWoWhsTpA_utt05125#p01,DCBWoWhsTpA_utt05126#p01,DCBWoWhsTpA_utt05127#p01","DCBWoWhsTpA_utt05113,DCBWoWhsTpA_utt05114,DCBWoWhsTpA_utt05115,DCBWoWhsTpA_utt05116,DCBWoWhsTpA_utt05117,DCBWoWhsTpA_utt05118,DCBWoWhsTpA_utt05119,DCBWoWhsTpA_utt05120,DCBWoWhsTpA_utt05121,DCBWoWhsTpA_utt05122,DCBWoWhsTpA_utt05123,DCBWoWhsTpA_utt05124,DCBWoWhsTpA_utt05125,DCBWoWhsTpA_utt05126,DCBWoWhsTpA_utt05127",15,/Users/rajeshpmu/Desktop/LegalMemoCMT/data/phase2/clancy/corpus/raw/live-lindsay-clancy-trial-day-14/live-lindsay-clancy-trial-day-14_DCBWoWhsTpA.mp4,/Users/rajeshpmu/Desktop/LegalMemoCMT/data/phase2/clancy/corpus/raw/live-lindsay-clancy-trial-day-14/live-lindsay-clancy-trial-day-14_DCBWoWhsTpA.wav,/Users/rajeshpmu/Desktop/LegalMemoCMT/data/processed/phase2/clancy/turn_clips/video/DCBWoWhsTpA/DCBWoWhsTpA_turn06575.mp4,/Users/rajeshpmu/Desktop/LegalMemoCMT/data/processed/phase2/clancy/turn_clips/audio/DCBWoWhsTpA/DCBWoWhsTpA_turn06575.wav,6699.345,6716.656,17.311,created,01:51:39.345,01:51:56.656,0.000,default_zero,SPEAKER_07,10.445,pyannote/speaker-diarization-3.1,Witness,manual_verified_diarization,HIGH,YES,SPEAKING,Witness,YES,Witness 18 identified by manual audio/video review,INCLUDE,,YES,speaker_role=Witness,split_dev;usable,"usable because speaker_role=Witness, witness_speaking_status=SPEAKING, clip_status=created, duration=17.311s, and source is not excluded",YES,0.60,HIGH,manual_clip_review,HUMAN_VERIFIED,neutral,0.615664,1.238677,"{""anger"": 0.088491, ""disgust"": 0.015456, ""fear"": 0.068116, ""joy"": 0.162565, ""neutral"": 0.615664, ""sadness"": 0.019985, ""surprise"": 0.029722}",/Users/rajeshpmu/Desktop/LegalMemoCMT/results/paper_aligned_meld_cv/cmt_min/fold_2/best_model.pt,phase1_meld_checkpoint_pseudo_label,"audio,text","audio,text,video","{""audio_dim"": 128, ""audio_model_name"": ""facebook/hubert-base-ls960"", ""dropout"": 0.1, ""encoder_mode"": ""paper"", ""freeze_audio_backbone"": true, ""freeze_text_backbone"": true, ""fusion_dim"": 256, ""fusion_pooling"": ""min"", ""max_audio_len"": 256, ""max_text_len"": 128, ""max_video_len"": 32, ""num_classes"": 7, ""num_heads"": 4, ""num_layers"": 2, ""text_dim"": 256, ""text_model_name"": ""bert-base-uncased"", ""use_video"": false, ""video_dim"": 128, ""vocab_size"": 30000}"
DCBWoWhsTpA_turn06578,DCBWoWhsTpA_turn06578,DCBWoWhsTpA,https://www.youtube.com/live/DCBWoWhsTpA,LIVE: Lindsay Clancy trial Day 14,full_trial_stream,5,/Users/rajeshpmu/Desktop/LegalMemoCMT/data/phase2/clancy/corpus/raw/live-lindsay-clancy-trial-day-14/live-lindsay-clancy-trial-day-14_DCBWoWhsTpA.en.vtt,/Users/rajeshpmu/Desktop/LegalMemoCMT/data/processed/phase2/clancy/turn_clips/video/DCBWoWhsTpA/DCBWoWhsTpA_turn06578.mp4,/Users/rajeshpmu/Desktop/LegalMemoCMT/data/processed/phase2/clancy/turn_clips/audio/DCBWoWhsTpA/DCBWoWhsTpA_turn06578.wav,DCBWoWhsTpA,group_by_youtube_id,dev,neutral,text_keyword_heuristic,LOW,NO,neutral default,YES,Do you know where she admitted herself?,Do you know where she admitted herself?,01:52:02.699,01:52:06.241,3.542,3.542,marker,MEDIUM,1,3,"DCBWoWhsTpA_utt05135#p02,DCBWoWhsTpA_utt05136#p01,DCBWoWhsTpA_utt05137#p01","DCBWoWhsTpA_utt05135,DCBWoWhsTpA_utt05136,DCBWoWhsTpA_utt05137",3,/Users/rajeshpmu/Desktop/LegalMemoCMT/data/phase2/clancy/corpus/raw/live-lindsay-clancy-trial-day-14/live-lindsay-clancy-trial-day-14_DCBWoWhsTpA.mp4,/Users/rajeshpmu/Desktop/LegalMemoCMT/data/phase2/clancy/corpus/raw/live-lindsay-clancy-trial-day-14/live-lindsay-clancy-trial-day-14_DCBWoWhsTpA.wav,/Users/rajeshpmu/Desktop/LegalMemoCMT/data/processed/phase2/clancy/turn_clips/video/DCBWoWhsTpA/DCBWoWhsTpA_turn06578.mp4,/Users/rajeshpmu/Desktop/LegalMemoCMT/data/processed/phase2/clancy/turn_clips/audio/DCBWoWhsTpA/DCBWoWhsTpA_turn06578.wav,6722.699,6726.241,3.542,created,01:52:02.699,01:52:06.241,0.000,default_zero,SPEAKER_07,1.455,pyannote/speaker-diarization-3.1,Witness,manual_verified_diarization,HIGH,YES,SPEAKING,Witness,YES,Witness 18 identified by manual audio/video review,INCLUDE,,YES,speaker_role=Witness,split_dev;usable,"usable because speaker_role=Witness, witness_speaking_status=SPEAKING, clip_status=created, duration=3.542s, and source is not excluded",YES,0.60,HIGH,manual_clip_review,HUMAN_VERIFIED,neutral,0.668418,1.05434,"{""anger"": 0.033404, ""disgust"": 0.175005, ""fear"": 0.025802, ""joy"": 0.085042, ""neutral"": 0.668418, ""sadness"": 0.007261, ""surprise"": 0.005068}",/Users/rajeshpmu/Desktop/LegalMemoCMT/results/paper_aligned_meld_cv/cmt_min/fold_2/best_model.pt,phase1_meld_checkpoint_pseudo_label,"audio,text","audio,text,video","{""audio_dim"": 128, ""audio_model_name"": ""facebook/hubert-base-ls960"", ""dropout"": 0.1, ""encoder_mode"": ""paper"", ""freeze_audio_backbone"": true, ""freeze_text_backbone"": true, ""fusion_dim"": 256, ""fusion_pooling"": ""min"", ""max_audio_len"": 256, ""max_text_len"": 128, ""max_video_len"": 32, ""num_classes"": 7, ""num_heads"": 4, ""num_layers"": 2, ""text_dim"": 256, ""text_model_name"": ""bert-base-uncased"", ""use_video"": false, ""video_dim"": 128, ""vocab_size"": 30000}"
DCBWoWhsTpA_turn06580,DCBWoWhsTpA_turn06580,DCBWoWhsTpA,https://www.youtube.com/live/DCBWoWhsTpA,LIVE: Lindsay Clancy trial Day 14,full_trial_stream,5,/Users/rajeshpmu/Desktop/LegalMemoCMT/data/phase2/clancy/corpus/raw/live-lindsay-clancy-trial-day-14/live-lindsay-clancy-trial-day-14_DCBWoWhsTpA.en.vtt,/Users/rajeshpmu/Desktop/LegalMemoCMT/data/processed/phase2/clancy/turn_clips/video/DCBWoWhsTpA/DCBWoWhsTpA_turn06580.mp4,/Users/rajeshpmu/Desktop/LegalMemoCMT/data/processed/phase2/clancy/turn_clips/audio/DCBWoWhsTpA/DCBWoWhsTpA_turn06580.wav,DCBWoWhsTpA,group_by_youtube_id,dev,neutral,text_keyword_heuristic,LOW,NO,neutral default,YES,"And while she was at MLAN hospital, um, ultimately do you know how she got out of MLAN hospital? Uh it was my understanding that she was weaning off of some medication that she was on um and then was eventually discharged 5 days later.","And while she was at MLAN hospital, um, ultimately do you know how she got out of MLAN hospital? Uh it was my understanding that she was weaning off of some medication that she was on um and then was eventually discharged 5 days later.",01:52:08.322,01:52:27.080,18.758,18.758,marker,MEDIUM,1,15,"DCBWoWhsTpA_utt05139#p02,DCBWoWhsTpA_utt05140#p01,DCBWoWhsTpA_utt05141#p01,DCBWoWhsTpA_utt05142#p01,DCBWoWhsTpA_utt05143#p01,DCBWoWhsTpA_utt05144#p01,DCBWoWhsTpA_utt05145#p01,DCBWoWhsTpA_utt05146#p01,DCBWoWhsTpA_utt05147#p01,DCBWoWhsTpA_utt05148#p01,DCBWoWhsTpA_utt05149#p01,DCBWoWhsTpA_utt05150#p01,DCBWoWhsTpA_utt05151#p01,DCBWoWhsTpA_utt05152#p01,DCBWoWhsTpA_utt05153#p01","DCBWoWhsTpA_utt05139,DCBWoWhsTpA_utt05140,DCBWoWhsTpA_utt05141,DCBWoWhsTpA_utt05142,DCBWoWhsTpA_utt05143,DCBWoWhsTpA_utt05144,DCBWoWhsTpA_utt05145,DCBWoWhsTpA_utt05146,DCBWoWhsTpA_utt05147,DCBWoWhsTpA_utt05148,DCBWoWhsTpA_utt05149,DCBWoWhsTpA_utt05150,DCBWoWhsTpA_utt05151,DCBWoWhsTpA_utt05152,DCBWoWhsTpA_utt05153",15,/Users/rajeshpmu/Desktop/LegalMemoCMT/data/phase2/clancy/corpus/raw/live-lindsay-clancy-trial-day-14/live-lindsay-clancy-trial-day-14_DCBWoWhsTpA.mp4,/Users/rajeshpmu/Desktop/LegalMemoCMT/data/phase2/clancy/corpus/raw/live-lindsay-clancy-trial-day-14/live-lindsay-clancy-trial-day-14_DCBWoWhsTpA.wav,/Users/rajeshpmu/Desktop/LegalMemoCMT/data/processed/phase2/clancy/turn_clips/video/DCBWoWhsTpA/DCBWoWhsTpA_turn06580.mp4,/Users/rajeshpmu/Desktop/LegalMemoCMT/data/processed/phase2/clancy/turn_clips/audio/DCBWoWhsTpA/DCBWoWhsTpA_turn06580.wav,6728.322,6747.080,18.758,created,01:52:08.322,01:52:27.080,0.000,default_zero,SPEAKER_07,10.817,pyannote/speaker-diarization-3.1,Witness,manual_verified_diarization,HIGH,YES,SPEAKING,Witness,YES,Witness 18 identified by manual audio/video review,INCLUDE,,YES,speaker_role=Witness,split_dev;usable,"usable because speaker_role=Witness, witness_speaking_status=SPEAKING, clip_status=created, duration=18.758s, and source is not excluded",YES,0.60,HIGH,manual_clip_review,HUMAN_VERIFIED,neutral,0.801874,0.770039,"{""anger"": 0.034587, ""disgust"": 0.010506, ""fear"": 0.018474, ""joy"": 0.107984, ""neutral"": 0.801874, ""sadness"": 0.014716, ""surprise"": 0.011859}",/Users/rajeshpmu/Desktop/LegalMemoCMT/results/paper_aligned_meld_cv/cmt_min/fold_2/best_model.pt,phase1_meld_checkpoint_pseudo_label,"audio,text","audio,text,video","{""audio_dim"": 128, ""audio_model_name"": ""facebook/hubert-base-ls960"", ""dropout"": 0.1, ""encoder_mode"": ""paper"", ""freeze_audio_backbone"": true, ""freeze_text_backbone"": true, ""fusion_dim"": 256, ""fusion_pooling"": ""min"", ""max_audio_len"": 256, ""max_text_len"": 128, ""max_video_len"": 32, ""num_classes"": 7, ""num_heads"": 4, ""num_layers"": 2, ""text_dim"": 256, ""text_model_name"": ""bert-base-uncased"", ""use_video"": false, ""video_dim"": 128, ""vocab_size"": 30000}"
DCBWoWhsTpA_turn06582,DCBWoWhsTpA_turn06582,DCBWoWhsTpA,https://www.youtube.com/live/DCBWoWhsTpA,LIVE: Lindsay Clancy trial Day 14,full_trial_stream,5,/Users/rajeshpmu/Desktop/LegalMemoCMT/data/phase2/clancy/corpus/raw/live-lindsay-clancy-trial-day-14/live-lindsay-clancy-trial-day-14_DCBWoWhsTpA.en.vtt,/Users/rajeshpmu/Desktop/LegalMemoCMT/data/processed/phase2/clancy/turn_clips/video/DCBWoWhsTpA/DCBWoWhsTpA_turn06582.mp4,/Users/rajeshpmu/Desktop/LegalMemoCMT/data/processed/phase2/clancy/turn_clips/audio/DCBWoWhsTpA/DCBWoWhsTpA_turn06582.wav,DCBWoWhsTpA,group_by_youtube_id,dev,neutral,text_keyword_heuristic,LOW,NO,neutral default,YES,I believe it was cerakool.,I believe it was cerakool.,01:52:37.456,01:52:38.617,1.161,1.161,marker,MEDIUM,1,3,"DCBWoWhsTpA_utt05163#p02,DCBWoWhsTpA_utt05164#p01,DCBWoWhsTpA_utt05165#p01","DCBWoWhsTpA_utt05163,DCBWoWhsTpA_utt05164,DCBWoWhsTpA_utt05165",3,/Users/rajeshpmu/Desktop/LegalMemoCMT/data/phase2/clancy/corpus/raw/live-lindsay-clancy-trial-day-14/live-lindsay-clancy-trial-day-14_DCBWoWhsTpA.mp4,/Users/rajeshpmu/Desktop/LegalMemoCMT/data/phase2/clancy/corpus/raw/live-lindsay-clancy-trial-day-14/live-lindsay-clancy-trial-day-14_DCBWoWhsTpA.wav,/Users/rajeshpmu/Desktop/LegalMemoCMT/data/processed/phase2/clancy/turn_clips/video/DCBWoWhsTpA/DCBWoWhsTpA_turn06582.mp4,/Users/rajeshpmu/Desktop/LegalMemoCMT/data/processed/phase2/clancy/turn_clips/audio/DCBWoWhsTpA/DCBWoWhsTpA_turn06582.wav,6757.456,6758.617,1.161,created,01:52:37.456,01:52:38.617,0.000,default_zero,SPEAKER_07,0.759,pyannote/speaker-diarization-3.1,Witness,manual_verified_diarization,HIGH,YES,SPEAKING,Witness,YES,Witness 18 identified by manual audio/video review,INCLUDE,,YES,speaker_role=Witness,split_dev;usable,"usable because speaker_role=Witness, witness_speaking_status=SPEAKING, clip_status=created, duration=1.161s, and source is not excluded",YES,0.60,HIGH,manual_clip_review,HUMAN_VERIFIED,neutral,0.936727,0.314161,"{""anger"": 0.037836, ""disgust"": 0.008195, ""fear"": 0.004426, ""joy"": 0.00905, ""neutral"": 0.936727, ""sadness"": 0.002859, ""surprise"": 0.000906}",/Users/rajeshpmu/Desktop/LegalMemoCMT/results/paper_aligned_meld_cv/cmt_min/fold_2/best_model.pt,phase1_meld_checkpoint_pseudo_label,"audio,text","audio,text,video","{""audio_dim"": 128, ""audio_model_name"": ""facebook/hubert-base-ls960"", ""dropout"": 0.1, ""encoder_mode"": ""paper"", ""freeze_audio_backbone"": true, ""freeze_text_backbone"": true, ""fusion_dim"": 256, ""fusion_pooling"": ""min"", ""max_audio_len"": 256, ""max_text_len"": 128, ""max_video_len"": 32, ""num_classes"": 7, ""num_heads"": 4, ""num_layers"": 2, ""text_dim"": 256, ""text_model_name"": ""bert-base-uncased"", ""use_video"": false, ""video_dim"": 128, ""vocab_size"": 30000}"
DCBWoWhsTpA_turn06588,DCBWoWhsTpA_turn06588,DCBWoWhsTpA,https://www.youtube.com/live/DCBWoWhsTpA,LIVE: Lindsay Clancy trial Day 14,full_trial_stream,5,/Users/rajeshpmu/Desktop/LegalMemoCMT/data/phase2/clancy/corpus/raw/live-lindsay-clancy-trial-day-14/live-lindsay-clancy-trial-day-14_DCBWoWhsTpA.en.vtt,/Users/rajeshpmu/Desktop/LegalMemoCMT/data/processed/phase2/clancy/turn_clips/video/DCBWoWhsTpA/DCBWoWhsTpA_turn06588.mp4,/Users/rajeshpmu/Desktop/LegalMemoCMT/data/processed/phase2/clancy/turn_clips/audio/DCBWoWhsTpA/DCBWoWhsTpA_turn06588.wav,DCBWoWhsTpA,group_by_youtube_id,dev,neutral,text_keyword_heuristic,LOW,NO,neutral default,YES,Would she get out of MLAN? What did she appear to you and what did she say to you? She I believe she said she felt that that was a good plan and that she was starting to feel better.,Would she get out of MLAN? What did she appear to you and what did she say to you? She I believe she said she felt that that was a good plan and that she was starting to feel better.,01:53:04.497,01:53:17.843,13.346,13.346,marker,MEDIUM,1,13,"DCBWoWhsTpA_utt05195#p02,DCBWoWhsTpA_utt05196#p01,DCBWoWhsTpA_utt05197#p01,DCBWoWhsTpA_utt05198#p01,DCBWoWhsTpA_utt05199#p01,DCBWoWhsTpA_utt05200#p01,DCBWoWhsTpA_utt05201#p01,DCBWoWhsTpA_utt05202#p01,DCBWoWhsTpA_utt05203#p01,DCBWoWhsTpA_utt05204#p01,DCBWoWhsTpA_utt05205#p01,DCBWoWhsTpA_utt05206#p01,DCBWoWhsTpA_utt05207#p01","DCBWoWhsTpA_utt05195,DCBWoWhsTpA_utt05196,DCBWoWhsTpA_utt05197,DCBWoWhsTpA_utt05198,DCBWoWhsTpA_utt05199,DCBWoWhsTpA_utt05200,DCBWoWhsTpA_utt05201,DCBWoWhsTpA_utt05202,DCBWoWhsTpA_utt05203,DCBWoWhsTpA_utt05204,DCBWoWhsTpA_utt05205,DCBWoWhsTpA_utt05206,DCBWoWhsTpA_utt05207",13,/Users/rajeshpmu/Desktop/LegalMemoCMT/data/phase2/clancy/corpus/raw/live-lindsay-clancy-trial-day-14/live-lindsay-clancy-trial-day-14_DCBWoWhsTpA.mp4,/Users/rajeshpmu/Desktop/LegalMemoCMT/data/phase2/clancy/corpus/raw/live-lindsay-clancy-trial-day-14/live-lindsay-clancy-trial-day-14_DCBWoWhsTpA.wav,/Users/rajeshpmu/Desktop/LegalMemoCMT/data/processed/phase2/clancy/turn_clips/video/DCBWoWhsTpA/DCBWoWhsTpA_turn06588.mp4,/Users/rajeshpmu/Desktop/LegalMemoCMT/data/processed/phase2/clancy/turn_clips/audio/DCBWoWhsTpA/DCBWoWhsTpA_turn06588.wav,6784.497,6797.843,13.346,created,01:53:04.497,01:53:17.843,0.000,default_zero,SPEAKER_07,6.716,pyannote/speaker-diarization-3.1,Witness,manual_verified_diarization,HIGH,YES,SPEAKING,Witness,YES,Witness 18 identified by manual audio/video review,INCLUDE,,YES,speaker_role=Witness,split_dev;usable,"usable because speaker_role=Witness, witness_speaking_status=SPEAKING, clip_status=created, duration=13.346s, and source is not excluded",YES,0.60,HIGH,manual_clip_review,HUMAN_VERIFIED,neutral,0.521446,1.473535,"{""anger"": 0.127021, ""disgust"": 0.068582, ""fear"": 0.052855, ""joy"": 0.149341, ""neutral"": 0.521446, ""sadness"": 0.060455, ""surprise"": 0.020299}",/Users/rajeshpmu/Desktop/LegalMemoCMT/results/paper_aligned_meld_cv/cmt_min/fold_2/best_model.pt,phase1_meld_checkpoint_pseudo_label,"audio,text","audio,text,video","{""audio_dim"": 128, ""audio_model_name"": ""facebook/hubert-base-ls960"", ""dropout"": 0.1, ""encoder_mode"": ""paper"", ""freeze_audio_backbone"": true, ""freeze_text_backbone"": true, ""fusion_dim"": 256, ""fusion_pooling"": ""min"", ""max_audio_len"": 256, ""max_text_len"": 128, ""max_video_len"": 32, ""num_classes"": 7, ""num_heads"": 4, ""num_layers"": 2, ""text_dim"": 256, ""text_model_name"": ""bert-base-uncased"", ""use_video"": false, ""video_dim"": 128, ""vocab_size"": 30000}"
DCBWoWhsTpA_turn06595,DCBWoWhsTpA_turn06595,DCBWoWhsTpA,https://www.youtube.com/live/DCBWoWhsTpA,LIVE: Lindsay Clancy trial Day 14,full_trial_stream,5,/Users/rajeshpmu/Desktop/LegalMemoCMT/data/phase2/clancy/corpus/raw/live-lindsay-clancy-trial-day-14/live-lindsay-clancy-trial-day-14_DCBWoWhsTpA.en.vtt,/Users/rajeshpmu/Desktop/LegalMemoCMT/data/processed/phase2/clancy/turn_clips/video/DCBWoWhsTpA/DCBWoWhsTpA_turn06595.mp4,/Users/rajeshpmu/Desktop/LegalMemoCMT/data/processed/phase2/clancy/turn_clips/audio/DCBWoWhsTpA/DCBWoWhsTpA_turn06595.wav,DCBWoWhsTpA,group_by_youtube_id,dev,neutral,text_keyword_heuristic,LOW,NO,neutral default,YES,"Yes, I did have an occasion to see her in January.","Yes, I did have an occasion to see her in January.",01:53:49.312,01:53:52.713,3.401,3.401,marker,MEDIUM,1,8,"DCBWoWhsTpA_utt05239#p02,DCBWoWhsTpA_utt05240#p01,DCBWoWhsTpA_utt05241#p01,DCBWoWhsTpA_utt05241#p02,DCBWoWhsTpA_utt05242#p01,DCBWoWhsTpA_utt05243#p01,DCBWoWhsTpA_utt05244#p01,DCBWoWhsTpA_utt05245#p01","DCBWoWhsTpA_utt05239,DCBWoWhsTpA_utt05240,DCBWoWhsTpA_utt05241,DCBWoWhsTpA_utt05242,DCBWoWhsTpA_utt05243,DCBWoWhsTpA_utt05244,DCBWoWhsTpA_utt05245",7,/Users/rajeshpmu/Desktop/LegalMemoCMT/data/phase2/clancy/corpus/raw/live-lindsay-clancy-trial-day-14/live-lindsay-clancy-trial-day-14_DCBWoWhsTpA.mp4,/Users/rajeshpmu/Desktop/LegalMemoCMT/data/phase2/clancy/corpus/raw/live-lindsay-clancy-trial-day-14/live-lindsay-clancy-trial-day-14_DCBWoWhsTpA.wav,/Users/rajeshpmu/Desktop/LegalMemoCMT/data/processed/phase2/clancy/turn_clips/video/DCBWoWhsTpA/DCBWoWhsTpA_turn06595.mp4,/Users/rajeshpmu/Desktop/LegalMemoCMT/data/processed/phase2/clancy/turn_clips/audio/DCBWoWhsTpA/DCBWoWhsTpA_turn06595.wav,6829.312,6832.713,3.401,created,01:53:49.312,01:53:52.713,0.000,default_zero,SPEAKER_07,2.160,pyannote/speaker-diarization-3.1,Witness,manual_verified_diarization,HIGH,YES,SPEAKING,Witness,YES,Witness 18 identified by manual audio/video review,INCLUDE,,YES,speaker_role=Witness,split_dev;usable,"usable because speaker_role=Witness, witness_speaking_status=SPEAKING, clip_status=created, duration=3.401s, and source is not excluded",YES,0.60,HIGH,manual_clip_review,HUMAN_VERIFIED,neutral,0.756734,0.897345,"{""anger"": 0.062434, ""disgust"": 0.04403, ""fear"": 0.103542, ""joy"": 0.022316, ""neutral"": 0.756734, ""sadness"": 0.00769, ""surprise"": 0.003254}",/Users/rajeshpmu/Desktop/LegalMemoCMT/results/paper_aligned_meld_cv/cmt_min/fold_2/best_model.pt,phase1_meld_checkpoint_pseudo_label,"audio,text","audio,text,video","{""audio_dim"": 128, ""audio_model_name"": ""facebook/hubert-base-ls960"", ""dropout"": 0.1, ""encoder_mode"": ""paper"", ""freeze_audio_backbone"": true, ""freeze_text_backbone"": true, ""fusion_dim"": 256, ""fusion_pooling"": ""min"", ""max_audio_len"": 256, ""max_text_len"": 128, ""max_video_len"": 32, ""num_classes"": 7, ""num_heads"": 4, ""num_layers"": 2, ""text_dim"": 256, ""text_model_name"": ""bert-base-uncased"", ""use_video"": false, ""video_dim"": 128, ""vocab_size"": 30000}"
DCBWoWhsTpA_turn06599,DCBWoWhsTpA_turn06599,DCBWoWhsTpA,https://www.youtube.com/live/DCBWoWhsTpA,LIVE: Lindsay Clancy trial Day 14,full_trial_stream,5,/Users/rajeshpmu/Desktop/LegalMemoCMT/data/phase2/clancy/corpus/raw/live-lindsay-clancy-trial-day-14/live-lindsay-clancy-trial-day-14_DCBWoWhsTpA.en.vtt,/Users/rajeshpmu/Desktop/LegalMemoCMT/data/processed/phase2/clancy/turn_clips/video/DCBWoWhsTpA/DCBWoWhsTpA_turn06599.mp4,/Users/rajeshpmu/Desktop/LegalMemoCMT/data/processed/phase2/clancy/turn_clips/audio/DCBWoWhsTpA/DCBWoWhsTpA_turn06599.wav,DCBWoWhsTpA,group_by_youtube_id,dev,neutral,text_keyword_heuristic,LOW,NO,neutral default,YES,"How did she appear at that? I think she looked like she was going through the motions of putting together a birthday party for her daughter. Um, but she looked tired. She looked like she was still struggling.","How did she appear at that? I think she looked like she was going through the motions of putting together a birthday party for her daughter. Um, but she looked tired. She looked like she was still struggling.",01:53:58.810,01:54:15.210,16.400,16.400,marker,MEDIUM,1,11,"DCBWoWhsTpA_utt05253#p02,DCBWoWhsTpA_utt05256#p01,DCBWoWhsTpA_utt05257#p01,DCBWoWhsTpA_utt05258#p01,DCBWoWhsTpA_utt05259#p01,DCBWoWhsTpA_utt05260#p01,DCBWoWhsTpA_utt05261#p01,DCBWoWhsTpA_utt05262#p01,DCBWoWhsTpA_utt05263#p01,DCBWoWhsTpA_utt05264#p01,DCBWoWhsTpA_utt05265#p01","DCBWoWhsTpA_utt05253,DCBWoWhsTpA_utt05256,DCBWoWhsTpA_utt05257,DCBWoWhsTpA_utt05258,DCBWoWhsTpA_utt05259,DCBWoWhsTpA_utt05260,DCBWoWhsTpA_utt05261,DCBWoWhsTpA_utt05262,DCBWoWhsTpA_utt05263,DCBWoWhsTpA_utt05264,DCBWoWhsTpA_utt05265",11,/Users/rajeshpmu/Desktop/LegalMemoCMT/data/phase2/clancy/corpus/raw/live-lindsay-clancy-trial-day-14/live-lindsay-clancy-trial-day-14_DCBWoWhsTpA.mp4,/Users/rajeshpmu/Desktop/LegalMemoCMT/data/phase2/clancy/corpus/raw/live-lindsay-clancy-trial-day-14/live-lindsay-clancy-trial-day-14_DCBWoWhsTpA.wav,/Users/rajeshpmu/Desktop/LegalMemoCMT/data/processed/phase2/clancy/turn_clips/video/DCBWoWhsTpA/DCBWoWhsTpA_turn06599.mp4,/Users/rajeshpmu/Desktop/LegalMemoCMT/data/processed/phase2/clancy/turn_clips/audio/DCBWoWhsTpA/DCBWoWhsTpA_turn06599.wav,6838.810,6855.210,16.400,created,01:53:58.810,01:54:15.210,0.000,default_zero,SPEAKER_07,6.514,pyannote/speaker-diarization-3.1,Witness,manual_verified_diarization,HIGH,YES,SPEAKING,Witness,YES,Witness 18 identified by manual audio/video review,INCLUDE,,YES,speaker_role=Witness,split_dev;usable,"usable because speaker_role=Witness, witness_speaking_status=SPEAKING, clip_status=created, duration=16.400s, and source is not excluded",YES,0.60,HIGH,manual_clip_review,HUMAN_VERIFIED,neutral,0.512886,1.346803,"{""anger"": 0.102479, ""disgust"": 0.261895, ""fear"": 0.035452, ""joy"": 0.046211, ""neutral"": 0.512886, ""sadness"": 0.021774, ""surprise"": 0.019303}",/Users/rajeshpmu/Desktop/LegalMemoCMT/results/paper_aligned_meld_cv/cmt_min/fold_2/best_model.pt,phase1_meld_checkpoint_pseudo_label,"audio,text","audio,text,video","{""audio_dim"": 128, ""audio_model_name"": ""facebook/hubert-base-ls960"", ""dropout"": 0.1, ""encoder_mode"": ""paper"", ""freeze_audio_backbone"": true, ""freeze_text_backbone"": true, ""fusion_dim"": 256, ""fusion_pooling"": ""min"", ""max_audio_len"": 256, ""max_text_len"": 128, ""max_video_len"": 32, ""num_classes"": 7, ""num_heads"": 4, ""num_layers"": 2, ""text_dim"": 256, ""text_model_name"": ""bert-base-uncased"", ""use_video"": false, ""video_dim"": 128, ""vocab_size"": 30000}"
DCBWoWhsTpA_turn06628,DCBWoWhsTpA_turn06628,DCBWoWhsTpA,https://www.youtube.com/live/DCBWoWhsTpA,LIVE: Lindsay Clancy trial Day 14,full_trial_stream,5,/Users/rajeshpmu/Desktop/LegalMemoCMT/data/phase2/clancy/corpus/raw/live-lindsay-clancy-trial-day-14/live-lindsay-clancy-trial-day-14_DCBWoWhsTpA.en.vtt,/Users/rajeshpmu/Desktop/LegalMemoCMT/data/processed/phase2/clancy/turn_clips/video/DCBWoWhsTpA/DCBWoWhsTpA_turn06628.mp4,/Users/rajeshpmu/Desktop/LegalMemoCMT/data/processed/phase2/clancy/turn_clips/audio/DCBWoWhsTpA/DCBWoWhsTpA_turn06628.wav,DCBWoWhsTpA,group_by_youtube_id,dev,neutral,text_keyword_heuristic,LOW,NO,neutral default,YES,Uh my parents have been spending the majority of their time up here in Massachusetts.,Uh my parents have been spending the majority of their time up here in Massachusetts.,01:55:42.638,01:55:47.594,4.956,4.956,marker,MEDIUM,1,7,"DCBWoWhsTpA_utt05363#p02,DCBWoWhsTpA_utt05364#p01,DCBWoWhsTpA_utt05365#p01,DCBWoWhsTpA_utt05366#p01,DCBWoWhsTpA_utt05367#p01,DCBWoWhsTpA_utt05368#p01,DCBWoWhsTpA_utt05369#p01","DCBWoWhsTpA_utt05363,DCBWoWhsTpA_utt05364,DCBWoWhsTpA_utt05365,DCBWoWhsTpA_utt05366,DCBWoWhsTpA_utt05367,DCBWoWhsTpA_utt05368,DCBWoWhsTpA_utt05369",7,/Users/rajeshpmu/Desktop/LegalMemoCMT/data/phase2/clancy/corpus/raw/live-lindsay-clancy-trial-day-14/live-lindsay-clancy-trial-day-14_DCBWoWhsTpA.mp4,/Users/rajeshpmu/Desktop/LegalMemoCMT/data/phase2/clancy/corpus/raw/live-lindsay-clancy-trial-day-14/live-lindsay-clancy-trial-day-14_DCBWoWhsTpA.wav,/Users/rajeshpmu/Desktop/LegalMemoCMT/data/processed/phase2/clancy/turn_clips/video/DCBWoWhsTpA/DCBWoWhsTpA_turn06628.mp4,/Users/rajeshpmu/Desktop/LegalMemoCMT/data/processed/phase2/clancy/turn_clips/audio/DCBWoWhsTpA/DCBWoWhsTpA_turn06628.wav,6942.638,6947.594,4.956,created,01:55:42.638,01:55:47.594,0.000,default_zero,SPEAKER_07,3.632,pyannote/speaker-diarization-3.1,Witness,manual_verified_diarization,HIGH,YES,SPEAKING,Witness,YES,Witness 18 identified by manual audio/video review,INCLUDE,,YES,speaker_role=Witness,split_dev;usable,"usable because speaker_role=Witness, witness_speaking_status=SPEAKING, clip_status=created, duration=4.956s, and source is not excluded",YES,0.60,HIGH,manual_clip_review,HUMAN_VERIFIED,neutral,0.947778,0.282564,"{""anger"": 0.012538, ""disgust"": 0.009388, ""fear"": 0.018424, ""joy"": 0.009795, ""neutral"": 0.947778, ""sadness"": 0.001446, ""surprise"": 0.000631}",/Users/rajeshpmu/Desktop/LegalMemoCMT/results/paper_aligned_meld_cv/cmt_min/fold_2/best_model.pt,phase1_meld_checkpoint_pseudo_label,"audio,text","audio,text,video","{""audio_dim"": 128, ""audio_model_name"": ""facebook/hubert-base-ls960"", ""dropout"": 0.1, ""encoder_mode"": ""paper"", ""freeze_audio_backbone"": true, ""freeze_text_backbone"": true, ""fusion_dim"": 256, ""fusion_pooling"": ""min"", ""max_audio_len"": 256, ""max_text_len"": 128, ""max_video_len"": 32, ""num_classes"": 7, ""num_heads"": 4, ""num_layers"": 2, ""text_dim"": 256, ""text_model_name"": ""bert-base-uncased"", ""use_video"": false, ""video_dim"": 128, ""vocab_size"": 30000}"
DCBWoWhsTpA_turn06630,DCBWoWhsTpA_turn06630,DCBWoWhsTpA,https://www.youtube.com/live/DCBWoWhsTpA,LIVE: Lindsay Clancy trial Day 14,full_trial_stream,5,/Users/rajeshpmu/Desktop/LegalMemoCMT/data/phase2/clancy/corpus/raw/live-lindsay-clancy-trial-day-14/live-lindsay-clancy-trial-day-14_DCBWoWhsTpA.en.vtt,/Users/rajeshpmu/Desktop/LegalMemoCMT/data/processed/phase2/clancy/turn_clips/video/DCBWoWhsTpA/DCBWoWhsTpA_turn06630.mp4,/Users/rajeshpmu/Desktop/LegalMemoCMT/data/processed/phase2/clancy/turn_clips/audio/DCBWoWhsTpA/DCBWoWhsTpA_turn06630.wav,DCBWoWhsTpA,group_by_youtube_id,dev,neutral,text_keyword_heuristic,LOW,NO,neutral default,YES,So that they could visit Lindsay as much as possible.,So that they could visit Lindsay as much as possible.,01:55:48.257,01:55:51.311,3.054,3.054,marker,MEDIUM,1,5,"DCBWoWhsTpA_utt05371#p02,DCBWoWhsTpA_utt05372#p01,DCBWoWhsTpA_utt05373#p01,DCBWoWhsTpA_utt05374#p01,DCBWoWhsTpA_utt05375#p01","DCBWoWhsTpA_utt05371,DCBWoWhsTpA_utt05372,DCBWoWhsTpA_utt05373,DCBWoWhsTpA_utt05374,DCBWoWhsTpA_utt05375",5,/Users/rajeshpmu/Desktop/LegalMemoCMT/data/phase2/clancy/corpus/raw/live-lindsay-clancy-trial-day-14/live-lindsay-clancy-trial-day-14_DCBWoWhsTpA.mp4,/Users/rajeshpmu/Desktop/LegalMemoCMT/data/phase2/clancy/corpus/raw/live-lindsay-clancy-trial-day-14/live-lindsay-clancy-trial-day-14_DCBWoWhsTpA.wav,/Users/rajeshpmu/Desktop/LegalMemoCMT/data/processed/phase2/clancy/turn_clips/video/DCBWoWhsTpA/DCBWoWhsTpA_turn06630.mp4,/Users/rajeshpmu/Desktop/LegalMemoCMT/data/processed/phase2/clancy/turn_clips/audio/DCBWoWhsTpA/DCBWoWhsTpA_turn06630.wav,6948.257,6951.311,3.054,created,01:55:48.257,01:55:51.311,0.000,default_zero,SPEAKER_07,1.996,pyannote/speaker-diarization-3.1,Witness,manual_verified_diarization,HIGH,YES,SPEAKING,Witness,YES,Witness 18 identified by manual audio/video review,INCLUDE,,YES,speaker_role=Witness,split_dev;usable,"usable because speaker_role=Witness, witness_speaking_status=SPEAKING, clip_status=created, duration=3.054s, and source is not excluded",YES,0.60,HIGH,manual_clip_review,HUMAN_VERIFIED,neutral,0.941355,0.30346,"{""anger"": 0.027617, ""disgust"": 0.001936, ""fear"": 0.00896, ""joy"": 0.01509, ""neutral"": 0.941355, ""sadness"": 0.003443, ""surprise"": 0.001598}",/Users/rajeshpmu/Desktop/LegalMemoCMT/results/paper_aligned_meld_cv/cmt_min/fold_2/best_model.pt,phase1_meld_checkpoint_pseudo_label,"audio,text","audio,text,video","{""audio_dim"": 128, ""audio_model_name"": ""facebook/hubert-base-ls960"", ""dropout"": 0.1, ""encoder_mode"": ""paper"", ""freeze_audio_backbone"": true, ""freeze_text_backbone"": true, ""fusion_dim"": 256, ""fusion_pooling"": ""min"", ""max_audio_len"": 256, ""max_text_len"": 128, ""max_video_len"": 32, ""num_classes"": 7, ""num_heads"": 4, ""num_layers"": 2, ""text_dim"": 256, ""text_model_name"": ""bert-base-uncased"", ""use_video"": false, ""video_dim"": 128, ""vocab_size"": 30000}"
DCBWoWhsTpA_turn06643,DCBWoWhsTpA_turn06643,DCBWoWhsTpA,https://www.youtube.com/live/DCBWoWhsTpA,LIVE: Lindsay Clancy trial Day 14,full_trial_stream,5,/Users/rajeshpmu/Desktop/LegalMemoCMT/data/phase2/clancy/corpus/raw/live-lindsay-clancy-trial-day-14/live-lindsay-clancy-trial-day-14_DCBWoWhsTpA.en.vtt,/Users/rajeshpmu/Desktop/LegalMemoCMT/data/processed/phase2/clancy/turn_clips/video/DCBWoWhsTpA/DCBWoWhsTpA_turn06643.mp4,/Users/rajeshpmu/Desktop/LegalMemoCMT/data/processed/phase2/clancy/turn_clips/audio/DCBWoWhsTpA/DCBWoWhsTpA_turn06643.wav,DCBWoWhsTpA,group_by_youtube_id,dev,neutral,text_keyword_heuristic,LOW,NO,neutral default,YES,I did not speak to her on the phone. Most of our communication was via text.,I did not speak to her on the phone. Most of our communication was via text.,01:56:56.784,01:57:01.542,4.758,4.758,marker,MEDIUM,1,5,"DCBWoWhsTpA_utt05435#p02,DCBWoWhsTpA_utt05436#p01,DCBWoWhsTpA_utt05437#p01,DCBWoWhsTpA_utt05438#p01,DCBWoWhsTpA_utt05439#p01","DCBWoWhsTpA_utt05435,DCBWoWhsTpA_utt05436,DCBWoWhsTpA_utt05437,DCBWoWhsTpA_utt05438,DCBWoWhsTpA_utt05439",5,/Users/rajeshpmu/Desktop/LegalMemoCMT/data/phase2/clancy/corpus/raw/live-lindsay-clancy-trial-day-14/live-lindsay-clancy-trial-day-14_DCBWoWhsTpA.mp4,/Users/rajeshpmu/Desktop/LegalMemoCMT/data/phase2/clancy/corpus/raw/live-lindsay-clancy-trial-day-14/live-lindsay-clancy-trial-day-14_DCBWoWhsTpA.wav,/Users/rajeshpmu/Desktop/LegalMemoCMT/data/processed/phase2/clancy/turn_clips/video/DCBWoWhsTpA/DCBWoWhsTpA_turn06643.mp4,/Users/rajeshpmu/Desktop/LegalMemoCMT/data/processed/phase2/clancy/turn_clips/audio/DCBWoWhsTpA/DCBWoWhsTpA_turn06643.wav,7016.784,7021.542,4.758,created,01:56:56.784,01:57:01.542,0.000,default_zero,SPEAKER_07,2.977,pyannote/speaker-diarization-3.1,Witness,manual_verified_diarization,HIGH,YES,SPEAKING,Witness,YES,Witness 18 identified by manual audio/video review,INCLUDE,,YES,speaker_role=Witness,split_dev;usable,"usable because speaker_role=Witness, witness_speaking_status=SPEAKING, clip_status=created, duration=4.758s, and source is not excluded",YES,0.60,HIGH,manual_clip_review,HUMAN_VERIFIED,neutral,0.819317,0.746125,"{""anger"": 0.040422, ""disgust"": 0.011534, ""fear"": 0.045054, ""joy"": 0.06614, ""neutral"": 0.819317, ""sadness"": 0.006376, ""surprise"": 0.011156}",/Users/rajeshpmu/Desktop/LegalMemoCMT/results/paper_aligned_meld_cv/cmt_min/fold_2/best_model.pt,phase1_meld_checkpoint_pseudo_label,"audio,text","audio,text,video","{""audio_dim"": 128, ""audio_model_name"": ""facebook/hubert-base-ls960"", ""dropout"": 0.1, ""encoder_mode"": ""paper"", ""freeze_audio_backbone"": true, ""freeze_text_backbone"": true, ""fusion_dim"": 256, ""fusion_pooling"": ""min"", ""max_audio_len"": 256, ""max_text_len"": 128, ""max_video_len"": 32, ""num_classes"": 7, ""num_heads"": 4, ""num_layers"": 2, ""text_dim"": 256, ""text_model_name"": ""bert-base-uncased"", ""use_video"": false, ""video_dim"": 128, ""vocab_size"": 30000}"
DCBWoWhsTpA_turn06660,DCBWoWhsTpA_turn06660,DCBWoWhsTpA,https://www.youtube.com/live/DCBWoWhsTpA,LIVE: Lindsay Clancy trial Day 14,full_trial_stream,5,/Users/rajeshpmu/Desktop/LegalMemoCMT/data/phase2/clancy/corpus/raw/live-lindsay-clancy-trial-day-14/live-lindsay-clancy-trial-day-14_DCBWoWhsTpA.en.vtt,/Users/rajeshpmu/Desktop/LegalMemoCMT/data/processed/phase2/clancy/turn_clips/video/DCBWoWhsTpA/DCBWoWhsTpA_turn06660.mp4,/Users/rajeshpmu/Desktop/LegalMemoCMT/data/processed/phase2/clancy/turn_clips/audio/DCBWoWhsTpA/DCBWoWhsTpA_turn06660.wav,DCBWoWhsTpA,group_by_youtube_id,dev,neutral,text_keyword_heuristic,LOW,NO,neutral default,YES,I reached out and called? Yes. I did not visit her at her home. No.,I reached out and called? Yes. I did not visit her at her home. No.,01:58:18.777,01:58:22.413,3.636,3.636,marker,MEDIUM,1,5,"DCBWoWhsTpA_utt05519#p02,DCBWoWhsTpA_utt05520#p01,DCBWoWhsTpA_utt05521#p01,DCBWoWhsTpA_utt05522#p01,DCBWoWhsTpA_utt05523#p01","DCBWoWhsTpA_utt05519,DCBWoWhsTpA_utt05520,DCBWoWhsTpA_utt05521,DCBWoWhsTpA_utt05522,DCBWoWhsTpA_utt05523",5,/Users/rajeshpmu/Desktop/LegalMemoCMT/data/phase2/clancy/corpus/raw/live-lindsay-clancy-trial-day-14/live-lindsay-clancy-trial-day-14_DCBWoWhsTpA.mp4,/Users/rajeshpmu/Desktop/LegalMemoCMT/data/phase2/clancy/corpus/raw/live-lindsay-clancy-trial-day-14/live-lindsay-clancy-trial-day-14_DCBWoWhsTpA.wav,/Users/rajeshpmu/Desktop/LegalMemoCMT/data/processed/phase2/clancy/turn_clips/video/DCBWoWhsTpA/DCBWoWhsTpA_turn06660.mp4,/Users/rajeshpmu/Desktop/LegalMemoCMT/data/processed/phase2/clancy/turn_clips/audio/DCBWoWhsTpA/DCBWoWhsTpA_turn06660.wav,7098.777,7102.413,3.636,created,01:58:18.777,01:58:22.413,0.000,default_zero,SPEAKER_07,2.507,pyannote/speaker-diarization-3.1,Witness,manual_verified_diarization,HIGH,YES,SPEAKING,Witness,YES,Witness 18 identified by manual audio/video review,INCLUDE,,YES,speaker_role=Witness,split_dev;usable,"usable because speaker_role=Witness, witness_speaking_status=SPEAKING, clip_status=created, duration=3.636s, and source is not excluded",YES,0.60,HIGH,manual_clip_review,HUMAN_VERIFIED,neutral,0.307527,1.640067,"{""anger"": 0.071637, ""disgust"": 0.277379, ""fear"": 0.098304, ""joy"": 0.186191, ""neutral"": 0.307527, ""sadness"": 0.050099, ""surprise"": 0.008862}",/Users/rajeshpmu/Desktop/LegalMemoCMT/results/paper_aligned_meld_cv/cmt_min/fold_2/best_model.pt,phase1_meld_checkpoint_pseudo_label,"audio,text","audio,text,video","{""audio_dim"": 128, ""audio_model_name"": ""facebook/hubert-base-ls960"", ""dropout"": 0.1, ""encoder_mode"": ""paper"", ""freeze_audio_backbone"": true, ""freeze_text_backbone"": true, ""fusion_dim"": 256, ""fusion_pooling"": ""min"", ""max_audio_len"": 256, ""max_text_len"": 128, ""max_video_len"": 32, ""num_classes"": 7, ""num_heads"": 4, ""num_layers"": 2, ""text_dim"": 256, ""text_model_name"": ""bert-base-uncased"", ""use_video"": false, ""video_dim"": 128, ""vocab_size"": 30000}"
DCBWoWhsTpA_turn06661,DCBWoWhsTpA_turn06661,DCBWoWhsTpA,https://www.youtube.com/live/DCBWoWhsTpA,LIVE: Lindsay Clancy trial Day 14,full_trial_stream,5,/Users/rajeshpmu/Desktop/LegalMemoCMT/data/phase2/clancy/corpus/raw/live-lindsay-clancy-trial-day-14/live-lindsay-clancy-trial-day-14_DCBWoWhsTpA.en.vtt,/Users/rajeshpmu/Desktop/LegalMemoCMT/data/processed/phase2/clancy/turn_clips/video/DCBWoWhsTpA/DCBWoWhsTpA_turn06661.mp4,/Users/rajeshpmu/Desktop/LegalMemoCMT/data/processed/phase2/clancy/turn_clips/audio/DCBWoWhsTpA/DCBWoWhsTpA_turn06661.wav,DCBWoWhsTpA,group_by_youtube_id,dev,neutral,text_keyword_heuristic,LOW,NO,neutral default,YES,"When you called, did she respond? Did she answer the phone?","When you called, did she respond? Did she answer the phone?",01:58:22.413,01:58:26.428,4.015,4.015,marker,MEDIUM,1,5,"DCBWoWhsTpA_utt05523#p02,DCBWoWhsTpA_utt05524#p01,DCBWoWhsTpA_utt05525#p01,DCBWoWhsTpA_utt05526#p01,DCBWoWhsTpA_utt05527#p01","DCBWoWhsTpA_utt05523,DCBWoWhsTpA_utt05524,DCBWoWhsTpA_utt05525,DCBWoWhsTpA_utt05526,DCBWoWhsTpA_utt05527",5,/Users/rajeshpmu/Desktop/LegalMemoCMT/data/phase2/clancy/corpus/raw/live-lindsay-clancy-trial-day-14/live-lindsay-clancy-trial-day-14_DCBWoWhsTpA.mp4,/Users/rajeshpmu/Desktop/LegalMemoCMT/data/phase2/clancy/corpus/raw/live-lindsay-clancy-trial-day-14/live-lindsay-clancy-trial-day-14_DCBWoWhsTpA.wav,/Users/rajeshpmu/Desktop/LegalMemoCMT/data/processed/phase2/clancy/turn_clips/video/DCBWoWhsTpA/DCBWoWhsTpA_turn06661.mp4,/Users/rajeshpmu/Desktop/LegalMemoCMT/data/processed/phase2/clancy/turn_clips/audio/DCBWoWhsTpA/DCBWoWhsTpA_turn06661.wav,7102.413,7106.428,4.015,created,01:58:22.413,01:58:26.428,0.000,default_zero,SPEAKER_07,1.499,pyannote/speaker-diarization-3.1,Witness,manual_verified_diarization,HIGH,YES,SPEAKING,Witness,YES,Witness 18 identified by manual audio/video review,INCLUDE,,YES,speaker_role=Witness,split_dev;usable,"usable because speaker_role=Witness, witness_speaking_status=SPEAKING, clip_status=created, duration=4.015s, and source is not excluded",YES,0.60,HIGH,manual_clip_review,HUMAN_VERIFIED,neutral,0.848375,0.65135,"{""anger"": 0.035422, ""disgust"": 0.057961, ""fear"": 0.01976, ""joy"": 0.029638, ""neutral"": 0.848375, ""sadness"": 0.006777, ""surprise"": 0.002068}",/Users/rajeshpmu/Desktop/LegalMemoCMT/results/paper_aligned_meld_cv/cmt_min/fold_2/best_model.pt,phase1_meld_checkpoint_pseudo_label,"audio,text","audio,text,video","{""audio_dim"": 128, ""audio_model_name"": ""facebook/hubert-base-ls960"", ""dropout"": 0.1, ""encoder_mode"": ""paper"", ""freeze_audio_backbone"": true, ""freeze_text_backbone"": true, ""fusion_dim"": 256, ""fusion_pooling"": ""min"", ""max_audio_len"": 256, ""max_text_len"": 128, ""max_video_len"": 32, ""num_classes"": 7, ""num_heads"": 4, ""num_layers"": 2, ""text_dim"": 256, ""text_model_name"": ""bert-base-uncased"", ""use_video"": false, ""video_dim"": 128, ""vocab_size"": 30000}"
DCBWoWhsTpA_turn06662,DCBWoWhsTpA_turn06662,DCBWoWhsTpA,https://www.youtube.com/live/DCBWoWhsTpA,LIVE: Lindsay Clancy trial Day 14,full_trial_stream,5,/Users/rajeshpmu/Desktop/LegalMemoCMT/data/phase2/clancy/corpus/raw/live-lindsay-clancy-trial-day-14/live-lindsay-clancy-trial-day-14_DCBWoWhsTpA.en.vtt,/Users/rajeshpmu/Desktop/LegalMemoCMT/data/processed/phase2/clancy/turn_clips/video/DCBWoWhsTpA/DCBWoWhsTpA_turn06662.mp4,/Users/rajeshpmu/Desktop/LegalMemoCMT/data/processed/phase2/clancy/turn_clips/audio/DCBWoWhsTpA/DCBWoWhsTpA_turn06662.wav,DCBWoWhsTpA,group_by_youtube_id,dev,neutral,text_keyword_heuristic,LOW,NO,neutral default,YES,I'm sorry. Let me backtrack. I I can't recall whether I made a phone call. I can recall the majority of our communication between January 1st and January 24th was via text message.,I'm sorry. Let me backtrack. I I can't recall whether I made a phone call. I can recall the majority of our communication between January 1st and January 24th was via text message.,01:58:26.428,01:58:38.111,11.683,11.683,marker,MEDIUM,1,11,"DCBWoWhsTpA_utt05527#p02,DCBWoWhsTpA_utt05528#p01,DCBWoWhsTpA_utt05529#p01,DCBWoWhsTpA_utt05530#p01,DCBWoWhsTpA_utt05531#p01,DCBWoWhsTpA_utt05532#p01,DCBWoWhsTpA_utt05533#p01,DCBWoWhsTpA_utt05534#p01,DCBWoWhsTpA_utt05535#p01,DCBWoWhsTpA_utt05536#p01,DCBWoWhsTpA_utt05537#p01","DCBWoWhsTpA_utt05527,DCBWoWhsTpA_utt05528,DCBWoWhsTpA_utt05529,DCBWoWhsTpA_utt05530,DCBWoWhsTpA_utt05531,DCBWoWhsTpA_utt05532,DCBWoWhsTpA_utt05533,DCBWoWhsTpA_utt05534,DCBWoWhsTpA_utt05535,DCBWoWhsTpA_utt05536,DCBWoWhsTpA_utt05537",11,/Users/rajeshpmu/Desktop/LegalMemoCMT/data/phase2/clancy/corpus/raw/live-lindsay-clancy-trial-day-14/live-lindsay-clancy-trial-day-14_DCBWoWhsTpA.mp4,/Users/rajeshpmu/Desktop/LegalMemoCMT/data/phase2/clancy/corpus/raw/live-lindsay-clancy-trial-day-14/live-lindsay-clancy-trial-day-14_DCBWoWhsTpA.wav,/Users/rajeshpmu/Desktop/LegalMemoCMT/data/processed/phase2/clancy/turn_clips/video/DCBWoWhsTpA/DCBWoWhsTpA_turn06662.mp4,/Users/rajeshpmu/Desktop/LegalMemoCMT/data/processed/phase2/clancy/turn_clips/audio/DCBWoWhsTpA/DCBWoWhsTpA_turn06662.wav,7106.428,7118.111,11.683,created,01:58:26.428,01:58:38.111,0.000,default_zero,SPEAKER_07,9.790,pyannote/speaker-diarization-3.1,Witness,manual_verified_diarization,HIGH,YES,SPEAKING,Witness,YES,Witness 18 identified by manual audio/video review,INCLUDE,,YES,speaker_role=Witness,split_dev;usable,"usable because speaker_role=Witness, witness_speaking_status=SPEAKING, clip_status=created, duration=11.683s, and source is not excluded",YES,0.60,HIGH,manual_clip_review,HUMAN_VERIFIED,neutral,0.734918,0.918846,"{""anger"": 0.03106, ""disgust"": 0.014825, ""fear"": 0.154053, ""joy"": 0.027146, ""neutral"": 0.734918, ""sadness"": 0.034398, ""surprise"": 0.0036}",/Users/rajeshpmu/Desktop/LegalMemoCMT/results/paper_aligned_meld_cv/cmt_min/fold_2/best_model.pt,phase1_meld_checkpoint_pseudo_label,"audio,text","audio,text,video","{""audio_dim"": 128, ""audio_model_name"": ""facebook/hubert-base-ls960"", ""dropout"": 0.1, ""encoder_mode"": ""paper"", ""freeze_audio_backbone"": true, ""freeze_text_backbone"": true, ""fusion_dim"": 256, ""fusion_pooling"": ""min"", ""max_audio_len"": 256, ""max_text_len"": 128, ""max_video_len"": 32, ""num_classes"": 7, ""num_heads"": 4, ""num_layers"": 2, ""text_dim"": 256, ""text_model_name"": ""bert-base-uncased"", ""use_video"": false, ""video_dim"": 128, ""vocab_size"": 30000}"
DCBWoWhsTpA_turn06663,DCBWoWhsTpA_turn06663,DCBWoWhsTpA,https://www.youtube.com/live/DCBWoWhsTpA,LIVE: Lindsay Clancy trial Day 14,full_trial_stream,5,/Users/rajeshpmu/Desktop/LegalMemoCMT/data/phase2/clancy/corpus/raw/live-lindsay-clancy-trial-day-14/live-lindsay-clancy-trial-day-14_DCBWoWhsTpA.en.vtt,/Users/rajeshpmu/Desktop/LegalMemoCMT/data/processed/phase2/clancy/turn_clips/video/DCBWoWhsTpA/DCBWoWhsTpA_turn06663.mp4,/Users/rajeshpmu/Desktop/LegalMemoCMT/data/processed/phase2/clancy/turn_clips/audio/DCBWoWhsTpA/DCBWoWhsTpA_turn06663.wav,DCBWoWhsTpA,group_by_youtube_id,dev,neutral,text_keyword_heuristic,LOW,NO,neutral default,YES,So there could have been some phone calls.,So there could have been some phone calls.,01:58:38.111,01:58:41.152,3.041,3.041,marker,MEDIUM,1,5,"DCBWoWhsTpA_utt05537#p02,DCBWoWhsTpA_utt05538#p01,DCBWoWhsTpA_utt05539#p01,DCBWoWhsTpA_utt05540#p01,DCBWoWhsTpA_utt05541#p01","DCBWoWhsTpA_utt05537,DCBWoWhsTpA_utt05538,DCBWoWhsTpA_utt05539,DCBWoWhsTpA_utt05540,DCBWoWhsTpA_utt05541",5,/Users/rajeshpmu/Desktop/LegalMemoCMT/data/phase2/clancy/corpus/raw/live-lindsay-clancy-trial-day-14/live-lindsay-clancy-trial-day-14_DCBWoWhsTpA.mp4,/Users/rajeshpmu/Desktop/LegalMemoCMT/data/phase2/clancy/corpus/raw/live-lindsay-clancy-trial-day-14/live-lindsay-clancy-trial-day-14_DCBWoWhsTpA.wav,/Users/rajeshpmu/Desktop/LegalMemoCMT/data/processed/phase2/clancy/turn_clips/video/DCBWoWhsTpA/DCBWoWhsTpA_turn06663.mp4,/Users/rajeshpmu/Desktop/LegalMemoCMT/data/processed/phase2/clancy/turn_clips/audio/DCBWoWhsTpA/DCBWoWhsTpA_turn06663.wav,7118.111,7121.152,3.041,created,01:58:38.111,01:58:41.152,0.000,default_zero,SPEAKER_07,0.909,pyannote/speaker-diarization-3.1,Witness,manual_verified_diarization,HIGH,YES,SPEAKING,Witness,YES,Witness 18 identified by manual audio/video review,INCLUDE,,YES,speaker_role=Witness,split_dev;usable,"usable because speaker_role=Witness, witness_speaking_status=SPEAKING, clip_status=created, duration=3.041s, and source is not excluded",YES,0.60,HIGH,manual_clip_review,HUMAN_VERIFIED,neutral,0.882496,0.539941,"{""anger"": 0.039401, ""disgust"": 0.007505, ""fear"": 0.03144, ""joy"": 0.025353, ""neutral"": 0.882496, ""sadness"": 0.012454, ""surprise"": 0.001352}",/Users/rajeshpmu/Desktop/LegalMemoCMT/results/paper_aligned_meld_cv/cmt_min/fold_2/best_model.pt,phase1_meld_checkpoint_pseudo_label,"audio,text","audio,text,video","{""audio_dim"": 128, ""audio_model_name"": ""facebook/hubert-base-ls960"", ""dropout"": 0.1, ""encoder_mode"": ""paper"", ""freeze_audio_backbone"": true, ""freeze_text_backbone"": true, ""fusion_dim"": 256, ""fusion_pooling"": ""min"", ""max_audio_len"": 256, ""max_text_len"": 128, ""max_video_len"": 32, ""num_classes"": 7, ""num_heads"": 4, ""num_layers"": 2, ""text_dim"": 256, ""text_model_name"": ""bert-base-uncased"", ""use_video"": false, ""video_dim"": 128, ""vocab_size"": 30000}"
DCBWoWhsTpA_turn06664,DCBWoWhsTpA_turn06664,DCBWoWhsTpA,https://www.youtube.com/live/DCBWoWhsTpA,LIVE: Lindsay Clancy trial Day 14,full_trial_stream,5,/Users/rajeshpmu/Desktop/LegalMemoCMT/data/phase2/clancy/corpus/raw/live-lindsay-clancy-trial-day-14/live-lindsay-clancy-trial-day-14_DCBWoWhsTpA.en.vtt,/Users/rajeshpmu/Desktop/LegalMemoCMT/data/processed/phase2/clancy/turn_clips/video/DCBWoWhsTpA/DCBWoWhsTpA_turn06664.mp4,/Users/rajeshpmu/Desktop/LegalMemoCMT/data/processed/phase2/clancy/turn_clips/audio/DCBWoWhsTpA/DCBWoWhsTpA_turn06664.wav,DCBWoWhsTpA,group_by_youtube_id,dev,neutral,text_keyword_heuristic,LOW,NO,neutral default,YES,I cannot recall any phone calls.,I cannot recall any phone calls.,01:58:41.152,01:58:47.109,5.957,5.957,marker,HIGH,1,1,DCBWoWhsTpA_utt05541#p02,DCBWoWhsTpA_utt05541,1,/Users/rajeshpmu/Desktop/LegalMemoCMT/data/phase2/clancy/corpus/raw/live-lindsay-clancy-trial-day-14/live-lindsay-clancy-trial-day-14_DCBWoWhsTpA.mp4,/Users/rajeshpmu/Desktop/LegalMemoCMT/data/phase2/clancy/corpus/raw/live-lindsay-clancy-trial-day-14/live-lindsay-clancy-trial-day-14_DCBWoWhsTpA.wav,/Users/rajeshpmu/Desktop/LegalMemoCMT/data/processed/phase2/clancy/turn_clips/video/DCBWoWhsTpA/DCBWoWhsTpA_turn06664.mp4,/Users/rajeshpmu/Desktop/LegalMemoCMT/data/processed/phase2/clancy/turn_clips/audio/DCBWoWhsTpA/DCBWoWhsTpA_turn06664.wav,7121.152,7127.109,5.957,created,01:58:41.152,01:58:47.109,0.000,default_zero,SPEAKER_07,0.720,pyannote/speaker-diarization-3.1,Witness,manual_verified_diarization,HIGH,YES,SPEAKING,Witness,YES,Witness 18 identified by manual audio/video review,INCLUDE,,YES,speaker_role=Witness,split_dev;usable,"usable because speaker_role=Witness, witness_speaking_status=SPEAKING, clip_status=created, duration=5.957s, and source is not excluded",YES,0.60,HIGH,manual_clip_review,HUMAN_VERIFIED,neutral,0.932928,0.340791,"{""anger"": 0.015842, ""disgust"": 0.003669, ""fear"": 0.030377, ""joy"": 0.007127, ""neutral"": 0.932928, ""sadness"": 0.009501, ""surprise"": 0.000555}",/Users/rajeshpmu/Desktop/LegalMemoCMT/results/paper_aligned_meld_cv/cmt_min/fold_2/best_model.pt,phase1_meld_checkpoint_pseudo_label,"audio,text","audio,text,video","{""audio_dim"": 128, ""audio_model_name"": ""facebook/hubert-base-ls960"", ""dropout"": 0.1, ""encoder_mode"": ""paper"", ""freeze_audio_backbone"": true, ""freeze_text_backbone"": true, ""fusion_dim"": 256, ""fusion_pooling"": ""min"", ""max_audio_len"": 256, ""max_text_len"": 128, ""max_video_len"": 32, ""num_classes"": 7, ""num_heads"": 4, ""num_layers"": 2, ""text_dim"": 256, ""text_model_name"": ""bert-base-uncased"", ""use_video"": false, ""video_dim"": 128, ""vocab_size"": 30000}"
DCBWoWhsTpA_turn06677,DCBWoWhsTpA_turn06677,DCBWoWhsTpA,https://www.youtube.com/live/DCBWoWhsTpA,LIVE: Lindsay Clancy trial Day 14,full_trial_stream,5,/Users/rajeshpmu/Desktop/LegalMemoCMT/data/phase2/clancy/corpus/raw/live-lindsay-clancy-trial-day-14/live-lindsay-clancy-trial-day-14_DCBWoWhsTpA.en.vtt,/Users/rajeshpmu/Desktop/LegalMemoCMT/data/processed/phase2/clancy/turn_clips/video/DCBWoWhsTpA/DCBWoWhsTpA_turn06677.mp4,/Users/rajeshpmu/Desktop/LegalMemoCMT/data/processed/phase2/clancy/turn_clips/audio/DCBWoWhsTpA/DCBWoWhsTpA_turn06677.wav,DCBWoWhsTpA,group_by_youtube_id,dev,neutral,text_keyword_heuristic,LOW,NO,neutral default,YES,"Uh, my name is Paula Musgrove. P A U L A M U S G R O V E.","Uh, my name is Paula Musgrove. P A U L A M U S G R O V E.",02:00:36.649,02:00:45.155,8.506,8.506,marker,MEDIUM,1,5,"DCBWoWhsTpA_utt05597#p02,DCBWoWhsTpA_utt05598#p01,DCBWoWhsTpA_utt05599#p01,DCBWoWhsTpA_utt05600#p01,DCBWoWhsTpA_utt05601#p01","DCBWoWhsTpA_utt05597,DCBWoWhsTpA_utt05598,DCBWoWhsTpA_utt05599,DCBWoWhsTpA_utt05600,DCBWoWhsTpA_utt05601",5,/Users/rajeshpmu/Desktop/LegalMemoCMT/data/phase2/clancy/corpus/raw/live-lindsay-clancy-trial-day-14/live-lindsay-clancy-trial-day-14_DCBWoWhsTpA.mp4,/Users/rajeshpmu/Desktop/LegalMemoCMT/data/phase2/clancy/corpus/raw/live-lindsay-clancy-trial-day-14/live-lindsay-clancy-trial-day-14_DCBWoWhsTpA.wav,/Users/rajeshpmu/Desktop/LegalMemoCMT/data/processed/phase2/clancy/turn_clips/video/DCBWoWhsTpA/DCBWoWhsTpA_turn06677.mp4,/Users/rajeshpmu/Desktop/LegalMemoCMT/data/processed/phase2/clancy/turn_clips/audio/DCBWoWhsTpA/DCBWoWhsTpA_turn06677.wav,7236.649,7245.155,8.506,created,02:00:36.649,02:00:45.155,0.000,default_zero,SPEAKER_02,3.595,pyannote/speaker-diarization-3.1,Witness,manual_verified_diarization,HIGH,YES,SPEAKING,Witness,YES,Witness 16 identified by manual audio/video review,INCLUDE,,YES,speaker_role=Witness,split_dev;usable,"usable because speaker_role=Witness, witness_speaking_status=SPEAKING, clip_status=created, duration=8.506s, and source is not excluded",YES,0.60,HIGH,manual_clip_review,HUMAN_VERIFIED,neutral,0.728978,0.959385,"{""anger"": 0.079677, ""disgust"": 0.011319, ""fear"": 0.015192, ""joy"": 0.045201, ""neutral"": 0.728978, ""sadness"": 0.115169, ""surprise"": 0.004464}",/Users/rajeshpmu/Desktop/LegalMemoCMT/results/paper_aligned_meld_cv/cmt_min/fold_2/best_model.pt,phase1_meld_checkpoint_pseudo_label,"audio,text","audio,text,video","{""audio_dim"": 128, ""audio_model_name"": ""facebook/hubert-base-ls960"", ""dropout"": 0.1, ""encoder_mode"": ""paper"", ""freeze_audio_backbone"": true, ""freeze_text_backbone"": true, ""fusion_dim"": 256, ""fusion_pooling"": ""min"", ""max_audio_len"": 256, ""max_text_len"": 128, ""max_video_len"": 32, ""num_classes"": 7, ""num_heads"": 4, ""num_layers"": 2, ""text_dim"": 256, ""text_model_name"": ""bert-base-uncased"", ""use_video"": false, ""video_dim"": 128, ""vocab_size"": 30000}"
DCBWoWhsTpA_turn06685,DCBWoWhsTpA_turn06685,DCBWoWhsTpA,https://www.youtube.com/live/DCBWoWhsTpA,LIVE: Lindsay Clancy trial Day 14,full_trial_stream,5,/Users/rajeshpmu/Desktop/LegalMemoCMT/data/phase2/clancy/corpus/raw/live-lindsay-clancy-trial-day-14/live-lindsay-clancy-trial-day-14_DCBWoWhsTpA.en.vtt,/Users/rajeshpmu/Desktop/LegalMemoCMT/data/processed/phase2/clancy/turn_clips/video/DCBWoWhsTpA/DCBWoWhsTpA_turn06685.mp4,/Users/rajeshpmu/Desktop/LegalMemoCMT/data/processed/phase2/clancy/turn_clips/audio/DCBWoWhsTpA/DCBWoWhsTpA_turn06685.wav,DCBWoWhsTpA,group_by_youtube_id,dev,neutral,text_keyword_heuristic,LOW,NO,neutral default,YES,"She was a very good kid and an excellent student. Very excellent student all through all through school, through high school, college? Yes. Excellent.","She was a very good kid and an excellent student. Very excellent student all through all through school, through high school, college? Yes. Excellent.",02:01:10.103,02:01:19.829,9.726,9.726,marker,MEDIUM,1,9,"DCBWoWhsTpA_utt05629#p02,DCBWoWhsTpA_utt05630#p01,DCBWoWhsTpA_utt05631#p01,DCBWoWhsTpA_utt05632#p01,DCBWoWhsTpA_utt05633#p01,DCBWoWhsTpA_utt05634#p01,DCBWoWhsTpA_utt05635#p01,DCBWoWhsTpA_utt05636#p01,DCBWoWhsTpA_utt05637#p01","DCBWoWhsTpA_utt05629,DCBWoWhsTpA_utt05630,DCBWoWhsTpA_utt05631,DCBWoWhsTpA_utt05632,DCBWoWhsTpA_utt05633,DCBWoWhsTpA_utt05634,DCBWoWhsTpA_utt05635,DCBWoWhsTpA_utt05636,DCBWoWhsTpA_utt05637",9,/Users/rajeshpmu/Desktop/LegalMemoCMT/data/phase2/clancy/corpus/raw/live-lindsay-clancy-trial-day-14/live-lindsay-clancy-trial-day-14_DCBWoWhsTpA.mp4,/Users/rajeshpmu/Desktop/LegalMemoCMT/data/phase2/clancy/corpus/raw/live-lindsay-clancy-trial-day-14/live-lindsay-clancy-trial-day-14_DCBWoWhsTpA.wav,/Users/rajeshpmu/Desktop/LegalMemoCMT/data/processed/phase2/clancy/turn_clips/video/DCBWoWhsTpA/DCBWoWhsTpA_turn06685.mp4,/Users/rajeshpmu/Desktop/LegalMemoCMT/data/processed/phase2/clancy/turn_clips/audio/DCBWoWhsTpA/DCBWoWhsTpA_turn06685.wav,7270.103,7279.829,9.726,created,02:01:10.103,02:01:19.829,0.000,default_zero,SPEAKER_02,5.314,pyannote/speaker-diarization-3.1,Witness,manual_verified_diarization,HIGH,YES,SPEAKING,Witness,YES,Witness 16 identified by manual audio/video review,INCLUDE,,YES,speaker_role=Witness,split_dev;usable,"usable because speaker_role=Witness, witness_speaking_status=SPEAKING, clip_status=created, duration=9.726s, and source is not excluded",YES,0.60,HIGH,manual_clip_review,HUMAN_VERIFIED,anger,0.809975,0.664113,"{""anger"": 0.809975, ""disgust"": 0.011115, ""fear"": 0.009297, ""joy"": 0.014412, ""neutral"": 0.143386, ""sadness"": 0.007264, ""surprise"": 0.004552}",/Users/rajeshpmu/Desktop/LegalMemoCMT/results/paper_aligned_meld_cv/cmt_min/fold_2/best_model.pt,phase1_meld_checkpoint_pseudo_label,"audio,text","audio,text,video","{""audio_dim"": 128, ""audio_model_name"": ""facebook/hubert-base-ls960"", ""dropout"": 0.1, ""encoder_mode"": ""paper"", ""freeze_audio_backbone"": true, ""freeze_text_backbone"": true, ""fusion_dim"": 256, ""fusion_pooling"": ""min"", ""max_audio_len"": 256, ""max_text_len"": 128, ""max_video_len"": 32, ""num_classes"": 7, ""num_heads"": 4, ""num_layers"": 2, ""text_dim"": 256, ""text_model_name"": ""bert-base-uncased"", ""use_video"": false, ""video_dim"": 128, ""vocab_size"": 30000}"
DCBWoWhsTpA_turn06696,DCBWoWhsTpA_turn06696,DCBWoWhsTpA,https://www.youtube.com/live/DCBWoWhsTpA,LIVE: Lindsay Clancy trial Day 14,full_trial_stream,5,/Users/rajeshpmu/Desktop/LegalMemoCMT/data/phase2/clancy/corpus/raw/live-lindsay-clancy-trial-day-14/live-lindsay-clancy-trial-day-14_DCBWoWhsTpA.en.vtt,/Users/rajeshpmu/Desktop/LegalMemoCMT/data/processed/phase2/clancy/turn_clips/video/DCBWoWhsTpA/DCBWoWhsTpA_turn06696.mp4,/Users/rajeshpmu/Desktop/LegalMemoCMT/data/processed/phase2/clancy/turn_clips/audio/DCBWoWhsTpA/DCBWoWhsTpA_turn06696.wav,DCBWoWhsTpA,group_by_youtube_id,dev,neutral,text_keyword_heuristic,LOW,NO,neutral default,YES,I loved my grandchildren with all my heart. You never know what it's like to love a grandchild until you become a grandmother. and it was the most beautiful thing. [gasps] I love them with all my heart.,I loved my grandchildren with all my heart. You never know what it's like to love a grandchild until you become a grandmother. and it was the most beautiful thing. [gasps] I love them with all my heart.,02:01:55.204,02:02:12.414,17.210,17.210,marker,MEDIUM,1,15,"DCBWoWhsTpA_utt05675#p02,DCBWoWhsTpA_utt05676#p01,DCBWoWhsTpA_utt05677#p01,DCBWoWhsTpA_utt05678#p01,DCBWoWhsTpA_utt05679#p01,DCBWoWhsTpA_utt05680#p01,DCBWoWhsTpA_utt05681#p01,DCBWoWhsTpA_utt05682#p01,DCBWoWhsTpA_utt05683#p01,DCBWoWhsTpA_utt05684#p01,DCBWoWhsTpA_utt05685#p01,DCBWoWhsTpA_utt05686#p01,DCBWoWhsTpA_utt05687#p01,DCBWoWhsTpA_utt05688#p01,DCBWoWhsTpA_utt05689#p01","DCBWoWhsTpA_utt05675,DCBWoWhsTpA_utt05676,DCBWoWhsTpA_utt05677,DCBWoWhsTpA_utt05678,DCBWoWhsTpA_utt05679,DCBWoWhsTpA_utt05680,DCBWoWhsTpA_utt05681,DCBWoWhsTpA_utt05682,DCBWoWhsTpA_utt05683,DCBWoWhsTpA_utt05684,DCBWoWhsTpA_utt05685,DCBWoWhsTpA_utt05686,DCBWoWhsTpA_utt05687,DCBWoWhsTpA_utt05688,DCBWoWhsTpA_utt05689",15,/Users/rajeshpmu/Desktop/LegalMemoCMT/data/phase2/clancy/corpus/raw/live-lindsay-clancy-trial-day-14/live-lindsay-clancy-trial-day-14_DCBWoWhsTpA.mp4,/Users/rajeshpmu/Desktop/LegalMemoCMT/data/phase2/clancy/corpus/raw/live-lindsay-clancy-trial-day-14/live-lindsay-clancy-trial-day-14_DCBWoWhsTpA.wav,/Users/rajeshpmu/Desktop/LegalMemoCMT/data/processed/phase2/clancy/turn_clips/video/DCBWoWhsTpA/DCBWoWhsTpA_turn06696.mp4,/Users/rajeshpmu/Desktop/LegalMemoCMT/data/processed/phase2/clancy/turn_clips/audio/DCBWoWhsTpA/DCBWoWhsTpA_turn06696.wav,7315.204,7332.414,17.210,created,02:01:55.204,02:02:12.414,0.000,default_zero,SPEAKER_02,5.518,pyannote/speaker-diarization-3.1,Witness,manual_verified_diarization,HIGH,YES,SPEAKING,Witness,YES,Witness 16 identified by manual audio/video review,INCLUDE,,YES,speaker_role=Witness,split_dev;usable,"usable because speaker_role=Witness, witness_speaking_status=SPEAKING, clip_status=created, duration=17.210s, and source is not excluded",YES,0.60,HIGH,manual_clip_review,HUMAN_VERIFIED,anger,0.979307,0.130785,"{""anger"": 0.979307, ""disgust"": 0.005606, ""fear"": 0.006904, ""joy"": 0.001084, ""neutral"": 0.005757, ""sadness"": 0.000692, ""surprise"": 0.000649}",/Users/rajeshpmu/Desktop/LegalMemoCMT/results/paper_aligned_meld_cv/cmt_min/fold_2/best_model.pt,phase1_meld_checkpoint_pseudo_label,"audio,text","audio,text,video","{""audio_dim"": 128, ""audio_model_name"": ""facebook/hubert-base-ls960"", ""dropout"": 0.1, ""encoder_mode"": ""paper"", ""freeze_audio_backbone"": true, ""freeze_text_backbone"": true, ""fusion_dim"": 256, ""fusion_pooling"": ""min"", ""max_audio_len"": 256, ""max_text_len"": 128, ""max_video_len"": 32, ""num_classes"": 7, ""num_heads"": 4, ""num_layers"": 2, ""text_dim"": 256, ""text_model_name"": ""bert-base-uncased"", ""use_video"": false, ""video_dim"": 128, ""vocab_size"": 30000}"
DCBWoWhsTpA_turn06703,DCBWoWhsTpA_turn06703,DCBWoWhsTpA,https://www.youtube.com/live/DCBWoWhsTpA,LIVE: Lindsay Clancy trial Day 14,full_trial_stream,5,/Users/rajeshpmu/Desktop/LegalMemoCMT/data/phase2/clancy/corpus/raw/live-lindsay-clancy-trial-day-14/live-lindsay-clancy-trial-day-14_DCBWoWhsTpA.en.vtt,/Users/rajeshpmu/Desktop/LegalMemoCMT/data/processed/phase2/clancy/turn_clips/video/DCBWoWhsTpA/DCBWoWhsTpA_turn06703.mp4,/Users/rajeshpmu/Desktop/LegalMemoCMT/data/processed/phase2/clancy/turn_clips/audio/DCBWoWhsTpA/DCBWoWhsTpA_turn06703.wav,DCBWoWhsTpA,group_by_youtube_id,dev,neutral,text_keyword_heuristic,LOW,NO,neutral default,YES,And how how often would you see them or talk to them or what would you do? You go to cookouts or you have parties or how would you socialize? um myself and [clears throat] my husband would travel from Connecticut to Ducks um at least two or three times a month as well as them coming to Connecticut to visit us.,And how how often would you see them or talk to them or what would you do? You go to cookouts or you have parties or how would you socialize? um myself and [clears throat] my husband would travel from Connecticut to Ducks um at least two or three times a month as well as them coming to Connecticut to visit us.,02:03:17.583,02:03:39.040,21.457,21.457,marker,MEDIUM,1,21,"DCBWoWhsTpA_utt05741#p02,DCBWoWhsTpA_utt05742#p01,DCBWoWhsTpA_utt05743#p01,DCBWoWhsTpA_utt05744#p01,DCBWoWhsTpA_utt05745#p01,DCBWoWhsTpA_utt05746#p01,DCBWoWhsTpA_utt05747#p01,DCBWoWhsTpA_utt05748#p01,DCBWoWhsTpA_utt05749#p01,DCBWoWhsTpA_utt05750#p01,DCBWoWhsTpA_utt05751#p01,DCBWoWhsTpA_utt05752#p01,DCBWoWhsTpA_utt05753#p01,DCBWoWhsTpA_utt05754#p01,DCBWoWhsTpA_utt05755#p01,DCBWoWhsTpA_utt05756#p01,DCBWoWhsTpA_utt05757#p01,DCBWoWhsTpA_utt05758#p01,DCBWoWhsTpA_utt05759#p01,DCBWoWhsTpA_utt05759#p02,DCBWoWhsTpA_utt05760#p01","DCBWoWhsTpA_utt05741,DCBWoWhsTpA_utt05742,DCBWoWhsTpA_utt05743,DCBWoWhsTpA_utt05744,DCBWoWhsTpA_utt05745,DCBWoWhsTpA_utt05746,DCBWoWhsTpA_utt05747,DCBWoWhsTpA_utt05748,DCBWoWhsTpA_utt05749,DCBWoWhsTpA_utt05750,DCBWoWhsTpA_utt05751,DCBWoWhsTpA_utt05752,DCBWoWhsTpA_utt05753,DCBWoWhsTpA_utt05754,DCBWoWhsTpA_utt05755,DCBWoWhsTpA_utt05756,DCBWoWhsTpA_utt05757,DCBWoWhsTpA_utt05758,DCBWoWhsTpA_utt05759,DCBWoWhsTpA_utt05760",20,/Users/rajeshpmu/Desktop/LegalMemoCMT/data/phase2/clancy/corpus/raw/live-lindsay-clancy-trial-day-14/live-lindsay-clancy-trial-day-14_DCBWoWhsTpA.mp4,/Users/rajeshpmu/Desktop/LegalMemoCMT/data/phase2/clancy/corpus/raw/live-lindsay-clancy-trial-day-14/live-lindsay-clancy-trial-day-14_DCBWoWhsTpA.wav,/Users/rajeshpmu/Desktop/LegalMemoCMT/data/processed/phase2/clancy/turn_clips/video/DCBWoWhsTpA/DCBWoWhsTpA_turn06703.mp4,/Users/rajeshpmu/Desktop/LegalMemoCMT/data/processed/phase2/clancy/turn_clips/audio/DCBWoWhsTpA/DCBWoWhsTpA_turn06703.wav,7397.583,7419.040,21.457,created,02:03:17.583,02:03:39.040,0.000,default_zero,SPEAKER_02,11.205,pyannote/speaker-diarization-3.1,Witness,manual_verified_diarization,HIGH,YES,SPEAKING,Witness,YES,Witness 16 identified by manual audio/video review,INCLUDE,,YES,speaker_role=Witness,split_dev;usable,"usable because speaker_role=Witness, witness_speaking_status=SPEAKING, clip_status=created, duration=21.457s, and source is not excluded",YES,0.60,HIGH,manual_clip_review,HUMAN_VERIFIED,neutral,0.917899,0.410964,"{""anger"": 0.035787, ""disgust"": 0.012706, ""fear"": 0.0089, ""joy"": 0.013749, ""neutral"": 0.917899, ""sadness"": 0.00684, ""surprise"": 0.004119}",/Users/rajeshpmu/Desktop/LegalMemoCMT/results/paper_aligned_meld_cv/cmt_min/fold_2/best_model.pt,phase1_meld_checkpoint_pseudo_label,"audio,text","audio,text,video","{""audio_dim"": 128, ""audio_model_name"": ""facebook/hubert-base-ls960"", ""dropout"": 0.1, ""encoder_mode"": ""paper"", ""freeze_audio_backbone"": true, ""freeze_text_backbone"": true, ""fusion_dim"": 256, ""fusion_pooling"": ""min"", ""max_audio_len"": 256, ""max_text_len"": 128, ""max_video_len"": 32, ""num_classes"": 7, ""num_heads"": 4, ""num_layers"": 2, ""text_dim"": 256, ""text_model_name"": ""bert-base-uncased"", ""use_video"": false, ""video_dim"": 128, ""vocab_size"": 30000}"
DCBWoWhsTpA_turn06711,DCBWoWhsTpA_turn06711,DCBWoWhsTpA,https://www.youtube.com/live/DCBWoWhsTpA,LIVE: Lindsay Clancy trial Day 14,full_trial_stream,5,/Users/rajeshpmu/Desktop/LegalMemoCMT/data/phase2/clancy/corpus/raw/live-lindsay-clancy-trial-day-14/live-lindsay-clancy-trial-day-14_DCBWoWhsTpA.en.vtt,/Users/rajeshpmu/Desktop/LegalMemoCMT/data/processed/phase2/clancy/turn_clips/video/DCBWoWhsTpA/DCBWoWhsTpA_turn06711.mp4,/Users/rajeshpmu/Desktop/LegalMemoCMT/data/processed/phase2/clancy/turn_clips/audio/DCBWoWhsTpA/DCBWoWhsTpA_turn06711.wav,DCBWoWhsTpA,group_by_youtube_id,dev,neutral,text_keyword_heuristic,LOW,NO,neutral default,YES,Tell the jury when that was. Um it was sometime probably around the second week of October.,Tell the jury when that was. Um it was sometime probably around the second week of October.,02:04:13.690,02:04:21.123,7.433,7.433,marker,MEDIUM,1,7,"DCBWoWhsTpA_utt05793#p02,DCBWoWhsTpA_utt05794#p01,DCBWoWhsTpA_utt05795#p01,DCBWoWhsTpA_utt05796#p01,DCBWoWhsTpA_utt05797#p01,DCBWoWhsTpA_utt05798#p01,DCBWoWhsTpA_utt05799#p01","DCBWoWhsTpA_utt05793,DCBWoWhsTpA_utt05794,DCBWoWhsTpA_utt05795,DCBWoWhsTpA_utt05796,DCBWoWhsTpA_utt05797,DCBWoWhsTpA_utt05798,DCBWoWhsTpA_utt05799",7,/Users/rajeshpmu/Desktop/LegalMemoCMT/data/phase2/clancy/corpus/raw/live-lindsay-clancy-trial-day-14/live-lindsay-clancy-trial-day-14_DCBWoWhsTpA.mp4,/Users/rajeshpmu/Desktop/LegalMemoCMT/data/phase2/clancy/corpus/raw/live-lindsay-clancy-trial-day-14/live-lindsay-clancy-trial-day-14_DCBWoWhsTpA.wav,/Users/rajeshpmu/Desktop/LegalMemoCMT/data/processed/phase2/clancy/turn_clips/video/DCBWoWhsTpA/DCBWoWhsTpA_turn06711.mp4,/Users/rajeshpmu/Desktop/LegalMemoCMT/data/processed/phase2/clancy/turn_clips/audio/DCBWoWhsTpA/DCBWoWhsTpA_turn06711.wav,7453.690,7461.123,7.433,created,02:04:13.690,02:04:21.123,0.000,default_zero,SPEAKER_02,4.421,pyannote/speaker-diarization-3.1,Witness,manual_verified_diarization,HIGH,YES,SPEAKING,Witness,YES,Witness 16 identified by manual audio/video review,INCLUDE,,YES,speaker_role=Witness,split_dev;usable,"usable because speaker_role=Witness, witness_speaking_status=SPEAKING, clip_status=created, duration=7.433s, and source is not excluded",YES,0.60,HIGH,manual_clip_review,HUMAN_VERIFIED,neutral,0.945465,0.296113,"{""anger"": 0.019058, ""disgust"": 0.003194, ""fear"": 0.006566, ""joy"": 0.013869, ""neutral"": 0.945465, ""sadness"": 0.010411, ""surprise"": 0.001437}",/Users/rajeshpmu/Desktop/LegalMemoCMT/results/paper_aligned_meld_cv/cmt_min/fold_2/best_model.pt,phase1_meld_checkpoint_pseudo_label,"audio,text","audio,text,video","{""audio_dim"": 128, ""audio_model_name"": ""facebook/hubert-base-ls960"", ""dropout"": 0.1, ""encoder_mode"": ""paper"", ""freeze_audio_backbone"": true, ""freeze_text_backbone"": true, ""fusion_dim"": 256, ""fusion_pooling"": ""min"", ""max_audio_len"": 256, ""max_text_len"": 128, ""max_video_len"": 32, ""num_classes"": 7, ""num_heads"": 4, ""num_layers"": 2, ""text_dim"": 256, ""text_model_name"": ""bert-base-uncased"", ""use_video"": false, ""video_dim"": 128, ""vocab_size"": 30000}"
DCBWoWhsTpA_turn06712,DCBWoWhsTpA_turn06712,DCBWoWhsTpA,https://www.youtube.com/live/DCBWoWhsTpA,LIVE: Lindsay Clancy trial Day 14,full_trial_stream,5,/Users/rajeshpmu/Desktop/LegalMemoCMT/data/phase2/clancy/corpus/raw/live-lindsay-clancy-trial-day-14/live-lindsay-clancy-trial-day-14_DCBWoWhsTpA.en.vtt,/Users/rajeshpmu/Desktop/LegalMemoCMT/data/processed/phase2/clancy/turn_clips/video/DCBWoWhsTpA/DCBWoWhsTpA_turn06712.mp4,/Users/rajeshpmu/Desktop/LegalMemoCMT/data/processed/phase2/clancy/turn_clips/audio/DCBWoWhsTpA/DCBWoWhsTpA_turn06712.wav,DCBWoWhsTpA,group_by_youtube_id,dev,neutral,text_keyword_heuristic,LOW,NO,neutral default,YES,What happened that you noticed?,What happened that you noticed?,02:04:21.123,02:04:23.651,2.528,2.528,marker,MEDIUM,1,3,"DCBWoWhsTpA_utt05799#p02,DCBWoWhsTpA_utt05800#p01,DCBWoWhsTpA_utt05801#p01","DCBWoWhsTpA_utt05799,DCBWoWhsTpA_utt05800,DCBWoWhsTpA_utt05801",3,/Users/rajeshpmu/Desktop/LegalMemoCMT/data/phase2/clancy/corpus/raw/live-lindsay-clancy-trial-day-14/live-lindsay-clancy-trial-day-14_DCBWoWhsTpA.mp4,/Users/rajeshpmu/Desktop/LegalMemoCMT/data/phase2/clancy/corpus/raw/live-lindsay-clancy-trial-day-14/live-lindsay-clancy-trial-day-14_DCBWoWhsTpA.wav,/Users/rajeshpmu/Desktop/LegalMemoCMT/data/processed/phase2/clancy/turn_clips/video/DCBWoWhsTpA/DCBWoWhsTpA_turn06712.mp4,/Users/rajeshpmu/Desktop/LegalMemoCMT/data/processed/phase2/clancy/turn_clips/audio/DCBWoWhsTpA/DCBWoWhsTpA_turn06712.wav,7461.123,7463.651,2.528,created,02:04:21.123,02:04:23.651,0.000,default_zero,SPEAKER_02,1.411,pyannote/speaker-diarization-3.1,Witness,manual_verified_diarization,HIGH,YES,SPEAKING,Witness,YES,Witness 16 identified by manual audio/video review,INCLUDE,,YES,speaker_role=Witness,split_dev;usable,"usable because speaker_role=Witness, witness_speaking_status=SPEAKING, clip_status=created, duration=2.528s, and source is not excluded",YES,0.60,HIGH,manual_clip_review,HUMAN_VERIFIED,disgust,0.447116,1.144915,"{""anger"": 0.039251, ""disgust"": 0.447116, ""fear"": 0.024064, ""joy"": 0.035956, ""neutral"": 0.434731, ""sadness"": 0.013167, ""surprise"": 0.005714}",/Users/rajeshpmu/Desktop/LegalMemoCMT/results/paper_aligned_meld_cv/cmt_min/fold_2/best_model.pt,phase1_meld_checkpoint_pseudo_label,"audio,text","audio,text,video","{""audio_dim"": 128, ""audio_model_name"": ""facebook/hubert-base-ls960"", ""dropout"": 0.1, ""encoder_mode"": ""paper"", ""freeze_audio_backbone"": true, ""freeze_text_backbone"": true, ""fusion_dim"": 256, ""fusion_pooling"": ""min"", ""max_audio_len"": 256, ""max_text_len"": 128, ""max_video_len"": 32, ""num_classes"": 7, ""num_heads"": 4, ""num_layers"": 2, ""text_dim"": 256, ""text_model_name"": ""bert-base-uncased"", ""use_video"": false, ""video_dim"": 128, ""vocab_size"": 30000}"
DCBWoWhsTpA_turn06713,DCBWoWhsTpA_turn06713,DCBWoWhsTpA,https://www.youtube.com/live/DCBWoWhsTpA,LIVE: Lindsay Clancy trial Day 14,full_trial_stream,5,/Users/rajeshpmu/Desktop/LegalMemoCMT/data/phase2/clancy/corpus/raw/live-lindsay-clancy-trial-day-14/live-lindsay-clancy-trial-day-14_DCBWoWhsTpA.en.vtt,/Users/rajeshpmu/Desktop/LegalMemoCMT/data/processed/phase2/clancy/turn_clips/video/DCBWoWhsTpA/DCBWoWhsTpA_turn06713.mp4,/Users/rajeshpmu/Desktop/LegalMemoCMT/data/processed/phase2/clancy/turn_clips/audio/DCBWoWhsTpA/DCBWoWhsTpA_turn06713.wav,DCBWoWhsTpA,group_by_youtube_id,dev,neutral,text_keyword_heuristic,LOW,NO,neutral default,YES,"I noticed that she was had become very anxious. She was uh she told me she was anxious about going back to work because Ken was having trouble taking a bottle and she didn't feel right about leaving him. And as a result of that, did she tell you that she was going to put off going back to work? [snorts]","I noticed that she was had become very anxious. She was uh she told me she was anxious about going back to work because Ken was having trouble taking a bottle and she didn't feel right about leaving him. And as a result of that, did she tell you that she was going to put off going back to work? [snorts]",02:04:23.651,02:04:45.911,22.260,22.260,marker,MEDIUM,1,19,"DCBWoWhsTpA_utt05801#p02,DCBWoWhsTpA_utt05802#p01,DCBWoWhsTpA_utt05803#p01,DCBWoWhsTpA_utt05804#p01,DCBWoWhsTpA_utt05805#p01,DCBWoWhsTpA_utt05806#p01,DCBWoWhsTpA_utt05807#p01,DCBWoWhsTpA_utt05808#p01,DCBWoWhsTpA_utt05809#p01,DCBWoWhsTpA_utt05810#p01,DCBWoWhsTpA_utt05811#p01,DCBWoWhsTpA_utt05812#p01,DCBWoWhsTpA_utt05813#p01,DCBWoWhsTpA_utt05814#p01,DCBWoWhsTpA_utt05815#p01,DCBWoWhsTpA_utt05816#p01,DCBWoWhsTpA_utt05817#p01,DCBWoWhsTpA_utt05818#p01,DCBWoWhsTpA_utt05819#p01","DCBWoWhsTpA_utt05801,DCBWoWhsTpA_utt05802,DCBWoWhsTpA_utt05803,DCBWoWhsTpA_utt05804,DCBWoWhsTpA_utt05805,DCBWoWhsTpA_utt05806,DCBWoWhsTpA_utt05807,DCBWoWhsTpA_utt05808,DCBWoWhsTpA_utt05809,DCBWoWhsTpA_utt05810,DCBWoWhsTpA_utt05811,DCBWoWhsTpA_utt05812,DCBWoWhsTpA_utt05813,DCBWoWhsTpA_utt05814,DCBWoWhsTpA_utt05815,DCBWoWhsTpA_utt05816,DCBWoWhsTpA_utt05817,DCBWoWhsTpA_utt05818,DCBWoWhsTpA_utt05819",19,/Users/rajeshpmu/Desktop/LegalMemoCMT/data/phase2/clancy/corpus/raw/live-lindsay-clancy-trial-day-14/live-lindsay-clancy-trial-day-14_DCBWoWhsTpA.mp4,/Users/rajeshpmu/Desktop/LegalMemoCMT/data/phase2/clancy/corpus/raw/live-lindsay-clancy-trial-day-14/live-lindsay-clancy-trial-day-14_DCBWoWhsTpA.wav,/Users/rajeshpmu/Desktop/LegalMemoCMT/data/processed/phase2/clancy/turn_clips/video/DCBWoWhsTpA/DCBWoWhsTpA_turn06713.mp4,/Users/rajeshpmu/Desktop/LegalMemoCMT/data/processed/phase2/clancy/turn_clips/audio/DCBWoWhsTpA/DCBWoWhsTpA_turn06713.wav,7463.651,7485.911,22.260,created,02:04:23.651,02:04:45.911,0.000,default_zero,SPEAKER_02,8.326,pyannote/speaker-diarization-3.1,Witness,manual_verified_diarization,HIGH,YES,SPEAKING,Witness,YES,Witness 16 identified by manual audio/video review,INCLUDE,,YES,speaker_role=Witness,split_dev;usable,"usable because speaker_role=Witness, witness_speaking_status=SPEAKING, clip_status=created, duration=22.260s, and source is not excluded",YES,0.60,HIGH,manual_clip_review,HUMAN_VERIFIED,neutral,0.371711,1.741906,"{""anger"": 0.104318, ""disgust"": 0.102046, ""fear"": 0.182079, ""joy"": 0.107699, ""neutral"": 0.371711, ""sadness"": 0.081892, ""surprise"": 0.050254}",/Users/rajeshpmu/Desktop/LegalMemoCMT/results/paper_aligned_meld_cv/cmt_min/fold_2/best_model.pt,phase1_meld_checkpoint_pseudo_label,"audio,text","audio,text,video","{""audio_dim"": 128, ""audio_model_name"": ""facebook/hubert-base-ls960"", ""dropout"": 0.1, ""encoder_mode"": ""paper"", ""freeze_audio_backbone"": true, ""freeze_text_backbone"": true, ""fusion_dim"": 256, ""fusion_pooling"": ""min"", ""max_audio_len"": 256, ""max_text_len"": 128, ""max_video_len"": 32, ""num_classes"": 7, ""num_heads"": 4, ""num_layers"": 2, ""text_dim"": 256, ""text_model_name"": ""bert-base-uncased"", ""use_video"": false, ""video_dim"": 128, ""vocab_size"": 30000}"
DCBWoWhsTpA_turn06714,DCBWoWhsTpA_turn06714,DCBWoWhsTpA,https://www.youtube.com/live/DCBWoWhsTpA,LIVE: Lindsay Clancy trial Day 14,full_trial_stream,5,/Users/rajeshpmu/Desktop/LegalMemoCMT/data/phase2/clancy/corpus/raw/live-lindsay-clancy-trial-day-14/live-lindsay-clancy-trial-day-14_DCBWoWhsTpA.en.vtt,/Users/rajeshpmu/Desktop/LegalMemoCMT/data/processed/phase2/clancy/turn_clips/video/DCBWoWhsTpA/DCBWoWhsTpA_turn06714.mp4,/Users/rajeshpmu/Desktop/LegalMemoCMT/data/processed/phase2/clancy/turn_clips/audio/DCBWoWhsTpA/DCBWoWhsTpA_turn06714.wav,DCBWoWhsTpA,group_by_youtube_id,dev,neutral,text_keyword_heuristic,LOW,NO,neutral default,YES,Yes. She told me she was applying for an extension.,Yes. She told me she was applying for an extension.,02:04:45.911,02:04:47.951,2.040,2.040,marker,MEDIUM,1,5,"DCBWoWhsTpA_utt05819#p02,DCBWoWhsTpA_utt05820#p01,DCBWoWhsTpA_utt05821#p01,DCBWoWhsTpA_utt05822#p01,DCBWoWhsTpA_utt05823#p01","DCBWoWhsTpA_utt05819,DCBWoWhsTpA_utt05820,DCBWoWhsTpA_utt05821,DCBWoWhsTpA_utt05822,DCBWoWhsTpA_utt05823",5,/Users/rajeshpmu/Desktop/LegalMemoCMT/data/phase2/clancy/corpus/raw/live-lindsay-clancy-trial-day-14/live-lindsay-clancy-trial-day-14_DCBWoWhsTpA.mp4,/Users/rajeshpmu/Desktop/LegalMemoCMT/data/phase2/clancy/corpus/raw/live-lindsay-clancy-trial-day-14/live-lindsay-clancy-trial-day-14_DCBWoWhsTpA.wav,/Users/rajeshpmu/Desktop/LegalMemoCMT/data/processed/phase2/clancy/turn_clips/video/DCBWoWhsTpA/DCBWoWhsTpA_turn06714.mp4,/Users/rajeshpmu/Desktop/LegalMemoCMT/data/processed/phase2/clancy/turn_clips/audio/DCBWoWhsTpA/DCBWoWhsTpA_turn06714.wav,7485.911,7487.951,2.040,created,02:04:45.911,02:04:47.951,0.000,default_zero,SPEAKER_02,1.726,pyannote/speaker-diarization-3.1,Witness,manual_verified_diarization,HIGH,YES,SPEAKING,Witness,YES,Witness 16 identified by manual audio/video review,INCLUDE,,YES,speaker_role=Witness,split_dev;usable,"usable because speaker_role=Witness, witness_speaking_status=SPEAKING, clip_status=created, duration=2.040s, and source is not excluded",YES,0.60,HIGH,manual_clip_review,HUMAN_VERIFIED,neutral,0.81315,0.736178,"{""anger"": 0.089087, ""disgust"": 0.034892, ""fear"": 0.030808, ""joy"": 0.026606, ""neutral"": 0.81315, ""sadness"": 0.003807, ""surprise"": 0.00165}",/Users/rajeshpmu/Desktop/LegalMemoCMT/results/paper_aligned_meld_cv/cmt_min/fold_2/best_model.pt,phase1_meld_checkpoint_pseudo_label,"audio,text","audio,text,video","{""audio_dim"": 128, ""audio_model_name"": ""facebook/hubert-base-ls960"", ""dropout"": 0.1, ""encoder_mode"": ""paper"", ""freeze_audio_backbone"": true, ""freeze_text_backbone"": true, ""fusion_dim"": 256, ""fusion_pooling"": ""min"", ""max_audio_len"": 256, ""max_text_len"": 128, ""max_video_len"": 32, ""num_classes"": 7, ""num_heads"": 4, ""num_layers"": 2, ""text_dim"": 256, ""text_model_name"": ""bert-base-uncased"", ""use_video"": false, ""video_dim"": 128, ""vocab_size"": 30000}"
DCBWoWhsTpA_turn06719,DCBWoWhsTpA_turn06719,DCBWoWhsTpA,https://www.youtube.com/live/DCBWoWhsTpA,LIVE: Lindsay Clancy trial Day 14,full_trial_stream,5,/Users/rajeshpmu/Desktop/LegalMemoCMT/data/phase2/clancy/corpus/raw/live-lindsay-clancy-trial-day-14/live-lindsay-clancy-trial-day-14_DCBWoWhsTpA.en.vtt,/Users/rajeshpmu/Desktop/LegalMemoCMT/data/processed/phase2/clancy/turn_clips/video/DCBWoWhsTpA/DCBWoWhsTpA_turn06719.mp4,/Users/rajeshpmu/Desktop/LegalMemoCMT/data/processed/phase2/clancy/turn_clips/audio/DCBWoWhsTpA/DCBWoWhsTpA_turn06719.wav,DCBWoWhsTpA,group_by_youtube_id,dev,neutral,text_keyword_heuristic,LOW,NO,neutral default,YES,She sent me a text message.,She sent me a text message.,02:05:10.618,02:05:13.103,2.485,2.485,marker,MEDIUM,1,3,"DCBWoWhsTpA_utt05843#p02,DCBWoWhsTpA_utt05844#p01,DCBWoWhsTpA_utt05845#p01","DCBWoWhsTpA_utt05843,DCBWoWhsTpA_utt05844,DCBWoWhsTpA_utt05845",3,/Users/rajeshpmu/Desktop/LegalMemoCMT/data/phase2/clancy/corpus/raw/live-lindsay-clancy-trial-day-14/live-lindsay-clancy-trial-day-14_DCBWoWhsTpA.mp4,/Users/rajeshpmu/Desktop/LegalMemoCMT/data/phase2/clancy/corpus/raw/live-lindsay-clancy-trial-day-14/live-lindsay-clancy-trial-day-14_DCBWoWhsTpA.wav,/Users/rajeshpmu/Desktop/LegalMemoCMT/data/processed/phase2/clancy/turn_clips/video/DCBWoWhsTpA/DCBWoWhsTpA_turn06719.mp4,/Users/rajeshpmu/Desktop/LegalMemoCMT/data/processed/phase2/clancy/turn_clips/audio/DCBWoWhsTpA/DCBWoWhsTpA_turn06719.wav,7510.618,7513.103,2.485,created,02:05:10.618,02:05:13.103,0.000,default_zero,SPEAKER_02,1.285,pyannote/speaker-diarization-3.1,Witness,manual_verified_diarization,HIGH,YES,SPEAKING,Witness,YES,Witness 16 identified by manual audio/video review,INCLUDE,,YES,speaker_role=Witness,split_dev;usable,"usable because speaker_role=Witness, witness_speaking_status=SPEAKING, clip_status=created, duration=2.485s, and source is not excluded",YES,0.60,HIGH,manual_clip_review,HUMAN_VERIFIED,neutral,0.614848,1.230144,"{""anger"": 0.155034, ""disgust"": 0.073748, ""fear"": 0.068491, ""joy"": 0.071832, ""neutral"": 0.614848, ""sadness"": 0.009805, ""surprise"": 0.006242}",/Users/rajeshpmu/Desktop/LegalMemoCMT/results/paper_aligned_meld_cv/cmt_min/fold_2/best_model.pt,phase1_meld_checkpoint_pseudo_label,"audio,text","audio,text,video","{""audio_dim"": 128, ""audio_model_name"": ""facebook/hubert-base-ls960"", ""dropout"": 0.1, ""encoder_mode"": ""paper"", ""freeze_audio_backbone"": true, ""freeze_text_backbone"": true, ""fusion_dim"": 256, ""fusion_pooling"": ""min"", ""max_audio_len"": 256, ""max_text_len"": 128, ""max_video_len"": 32, ""num_classes"": 7, ""num_heads"": 4, ""num_layers"": 2, ""text_dim"": 256, ""text_model_name"": ""bert-base-uncased"", ""use_video"": false, ""video_dim"": 128, ""vocab_size"": 30000}"
DCBWoWhsTpA_turn06721,DCBWoWhsTpA_turn06721,DCBWoWhsTpA,https://www.youtube.com/live/DCBWoWhsTpA,LIVE: Lindsay Clancy trial Day 14,full_trial_stream,5,/Users/rajeshpmu/Desktop/LegalMemoCMT/data/phase2/clancy/corpus/raw/live-lindsay-clancy-trial-day-14/live-lindsay-clancy-trial-day-14_DCBWoWhsTpA.en.vtt,/Users/rajeshpmu/Desktop/LegalMemoCMT/data/processed/phase2/clancy/turn_clips/video/DCBWoWhsTpA/DCBWoWhsTpA_turn06721.mp4,/Users/rajeshpmu/Desktop/LegalMemoCMT/data/processed/phase2/clancy/turn_clips/audio/DCBWoWhsTpA/DCBWoWhsTpA_turn06721.wav,DCBWoWhsTpA,group_by_youtube_id,dev,neutral,text_keyword_heuristic,LOW,NO,neutral default,YES,"Yes, that was on October 20th.","Yes, that was on October 20th.",02:05:14.924,02:05:17.914,2.990,2.990,marker,MEDIUM,1,3,"DCBWoWhsTpA_utt05849#p02,DCBWoWhsTpA_utt05850#p01,DCBWoWhsTpA_utt05851#p01","DCBWoWhsTpA_utt05849,DCBWoWhsTpA_utt05850,DCBWoWhsTpA_utt05851",3,/Users/rajeshpmu/Desktop/LegalMemoCMT/data/phase2/clancy/corpus/raw/live-lindsay-clancy-trial-day-14/live-lindsay-clancy-trial-day-14_DCBWoWhsTpA.mp4,/Users/rajeshpmu/Desktop/LegalMemoCMT/data/phase2/clancy/corpus/raw/live-lindsay-clancy-trial-day-14/live-lindsay-clancy-trial-day-14_DCBWoWhsTpA.wav,/Users/rajeshpmu/Desktop/LegalMemoCMT/data/processed/phase2/clancy/turn_clips/video/DCBWoWhsTpA/DCBWoWhsTpA_turn06721.mp4,/Users/rajeshpmu/Desktop/LegalMemoCMT/data/processed/phase2/clancy/turn_clips/audio/DCBWoWhsTpA/DCBWoWhsTpA_turn06721.wav,7514.924,7517.914,2.990,created,02:05:14.924,02:05:17.914,0.000,default_zero,SPEAKER_02,1.721,pyannote/speaker-diarization-3.1,Witness,manual_verified_diarization,HIGH,YES,SPEAKING,Witness,YES,Witness 16 identified by manual audio/video review,INCLUDE,,YES,speaker_role=Witness,split_dev;usable,"usable because speaker_role=Witness, witness_speaking_status=SPEAKING, clip_status=created, duration=2.990s, and source is not excluded",YES,0.60,HIGH,manual_clip_review,HUMAN_VERIFIED,neutral,0.890512,0.500134,"{""anger"": 0.031886, ""disgust"": 0.010362, ""fear"": 0.007523, ""joy"": 0.049079, ""neutral"": 0.890512, ""sadness"": 0.00733, ""surprise"": 0.003309}",/Users/rajeshpmu/Desktop/LegalMemoCMT/results/paper_aligned_meld_cv/cmt_min/fold_2/best_model.pt,phase1_meld_checkpoint_pseudo_label,"audio,text","audio,text,video","{""audio_dim"": 128, ""audio_model_name"": ""facebook/hubert-base-ls960"", ""dropout"": 0.1, ""encoder_mode"": ""paper"", ""freeze_audio_backbone"": true, ""freeze_text_backbone"": true, ""fusion_dim"": 256, ""fusion_pooling"": ""min"", ""max_audio_len"": 256, ""max_text_len"": 128, ""max_video_len"": 32, ""num_classes"": 7, ""num_heads"": 4, ""num_layers"": 2, ""text_dim"": 256, ""text_model_name"": ""bert-base-uncased"", ""use_video"": false, ""video_dim"": 128, ""vocab_size"": 30000}"
DCBWoWhsTpA_turn06735,DCBWoWhsTpA_turn06735,DCBWoWhsTpA,https://www.youtube.com/live/DCBWoWhsTpA,LIVE: Lindsay Clancy trial Day 14,full_trial_stream,5,/Users/rajeshpmu/Desktop/LegalMemoCMT/data/phase2/clancy/corpus/raw/live-lindsay-clancy-trial-day-14/live-lindsay-clancy-trial-day-14_DCBWoWhsTpA.en.vtt,/Users/rajeshpmu/Desktop/LegalMemoCMT/data/processed/phase2/clancy/turn_clips/video/DCBWoWhsTpA/DCBWoWhsTpA_turn06735.mp4,/Users/rajeshpmu/Desktop/LegalMemoCMT/data/processed/phase2/clancy/turn_clips/audio/DCBWoWhsTpA/DCBWoWhsTpA_turn06735.wav,DCBWoWhsTpA,group_by_youtube_id,dev,neutral,text_keyword_heuristic,LOW,NO,neutral default,YES,"Yes, it is. Would you read that for the jury?","Yes, it is. Would you read that for the jury?",02:06:55.097,02:06:58.746,3.649,3.649,marker,MEDIUM,1,5,"DCBWoWhsTpA_utt05917#p02,DCBWoWhsTpA_utt05918#p01,DCBWoWhsTpA_utt05919#p01,DCBWoWhsTpA_utt05920#p01,DCBWoWhsTpA_utt05921#p01","DCBWoWhsTpA_utt05917,DCBWoWhsTpA_utt05918,DCBWoWhsTpA_utt05919,DCBWoWhsTpA_utt05920,DCBWoWhsTpA_utt05921",5,/Users/rajeshpmu/Desktop/LegalMemoCMT/data/phase2/clancy/corpus/raw/live-lindsay-clancy-trial-day-14/live-lindsay-clancy-trial-day-14_DCBWoWhsTpA.mp4,/Users/rajeshpmu/Desktop/LegalMemoCMT/data/phase2/clancy/corpus/raw/live-lindsay-clancy-trial-day-14/live-lindsay-clancy-trial-day-14_DCBWoWhsTpA.wav,/Users/rajeshpmu/Desktop/LegalMemoCMT/data/processed/phase2/clancy/turn_clips/video/DCBWoWhsTpA/DCBWoWhsTpA_turn06735.mp4,/Users/rajeshpmu/Desktop/LegalMemoCMT/data/processed/phase2/clancy/turn_clips/audio/DCBWoWhsTpA/DCBWoWhsTpA_turn06735.wav,7615.097,7618.746,3.649,created,02:06:55.097,02:06:58.746,0.000,default_zero,SPEAKER_02,0.942,pyannote/speaker-diarization-3.1,Witness,manual_verified_diarization,HIGH,YES,SPEAKING,Witness,YES,Witness 16 identified by manual audio/video review,INCLUDE,,YES,speaker_role=Witness,split_dev;usable,"usable because speaker_role=Witness, witness_speaking_status=SPEAKING, clip_status=created, duration=3.649s, and source is not excluded",YES,0.60,HIGH,manual_clip_review,HUMAN_VERIFIED,neutral,0.941528,0.30003,"{""anger"": 0.031027, ""disgust"": 0.005511, ""fear"": 0.007022, ""joy"": 0.01192, ""neutral"": 0.941528, ""sadness"": 0.002032, ""surprise"": 0.00096}",/Users/rajeshpmu/Desktop/LegalMemoCMT/results/paper_aligned_meld_cv/cmt_min/fold_2/best_model.pt,phase1_meld_checkpoint_pseudo_label,"audio,text","audio,text,video","{""audio_dim"": 128, ""audio_model_name"": ""facebook/hubert-base-ls960"", ""dropout"": 0.1, ""encoder_mode"": ""paper"", ""freeze_audio_backbone"": true, ""freeze_text_backbone"": true, ""fusion_dim"": 256, ""fusion_pooling"": ""min"", ""max_audio_len"": 256, ""max_text_len"": 128, ""max_video_len"": 32, ""num_classes"": 7, ""num_heads"": 4, ""num_layers"": 2, ""text_dim"": 256, ""text_model_name"": ""bert-base-uncased"", ""use_video"": false, ""video_dim"": 128, ""vocab_size"": 30000}"
DCBWoWhsTpA_turn06736,DCBWoWhsTpA_turn06736,DCBWoWhsTpA,https://www.youtube.com/live/DCBWoWhsTpA,LIVE: Lindsay Clancy trial Day 14,full_trial_stream,5,/Users/rajeshpmu/Desktop/LegalMemoCMT/data/phase2/clancy/corpus/raw/live-lindsay-clancy-trial-day-14/live-lindsay-clancy-trial-day-14_DCBWoWhsTpA.en.vtt,/Users/rajeshpmu/Desktop/LegalMemoCMT/data/processed/phase2/clancy/turn_clips/video/DCBWoWhsTpA/DCBWoWhsTpA_turn06736.mp4,/Users/rajeshpmu/Desktop/LegalMemoCMT/data/processed/phase2/clancy/turn_clips/audio/DCBWoWhsTpA/DCBWoWhsTpA_turn06736.wav,DCBWoWhsTpA,group_by_youtube_id,dev,neutral,text_keyword_heuristic,LOW,NO,neutral default,YES,"Mom, will you please come up and stay with me for a bit? I'm really sick. Something is wrong. I had horrible insomnia all night, and I just don't know how I'm going to get through the day. I started taking the medicine my doctor prescribed for anxiety, and I think it's made things worse. It's just really scary, and I don't want to be alone. Sorry about this","Mom, will you please come up and stay with me for a bit? I'm really sick. Something is wrong. I had horrible insomnia all night, and I just don't know how I'm going to get through the day. I started taking the medicine my doctor prescribed for anxiety, and I think it's made things worse. It's just really scary, and I don't want to be alone. Sorry about this",02:06:58.746,02:07:28.036,29.290,29.290,marker,MEDIUM,1,21,"DCBWoWhsTpA_utt05921#p02,DCBWoWhsTpA_utt05922#p01,DCBWoWhsTpA_utt05923#p01,DCBWoWhsTpA_utt05924#p01,DCBWoWhsTpA_utt05925#p01,DCBWoWhsTpA_utt05926#p01,DCBWoWhsTpA_utt05927#p01,DCBWoWhsTpA_utt05928#p01,DCBWoWhsTpA_utt05929#p01,DCBWoWhsTpA_utt05930#p01,DCBWoWhsTpA_utt05931#p01,DCBWoWhsTpA_utt05932#p01,DCBWoWhsTpA_utt05933#p01,DCBWoWhsTpA_utt05934#p01,DCBWoWhsTpA_utt05935#p01,DCBWoWhsTpA_utt05936#p01,DCBWoWhsTpA_utt05937#p01,DCBWoWhsTpA_utt05938#p01,DCBWoWhsTpA_utt05939#p01,DCBWoWhsTpA_utt05942#p01,DCBWoWhsTpA_utt05943#p01","DCBWoWhsTpA_utt05921,DCBWoWhsTpA_utt05922,DCBWoWhsTpA_utt05923,DCBWoWhsTpA_utt05924,DCBWoWhsTpA_utt05925,DCBWoWhsTpA_utt05926,DCBWoWhsTpA_utt05927,DCBWoWhsTpA_utt05928,DCBWoWhsTpA_utt05929,DCBWoWhsTpA_utt05930,DCBWoWhsTpA_utt05931,DCBWoWhsTpA_utt05932,DCBWoWhsTpA_utt05933,DCBWoWhsTpA_utt05934,DCBWoWhsTpA_utt05935,DCBWoWhsTpA_utt05936,DCBWoWhsTpA_utt05937,DCBWoWhsTpA_utt05938,DCBWoWhsTpA_utt05939,DCBWoWhsTpA_utt05942,DCBWoWhsTpA_utt05943",21,/Users/rajeshpmu/Desktop/LegalMemoCMT/data/phase2/clancy/corpus/raw/live-lindsay-clancy-trial-day-14/live-lindsay-clancy-trial-day-14_DCBWoWhsTpA.mp4,/Users/rajeshpmu/Desktop/LegalMemoCMT/data/phase2/clancy/corpus/raw/live-lindsay-clancy-trial-day-14/live-lindsay-clancy-trial-day-14_DCBWoWhsTpA.wav,/Users/rajeshpmu/Desktop/LegalMemoCMT/data/processed/phase2/clancy/turn_clips/video/DCBWoWhsTpA/DCBWoWhsTpA_turn06736.mp4,/Users/rajeshpmu/Desktop/LegalMemoCMT/data/processed/phase2/clancy/turn_clips/audio/DCBWoWhsTpA/DCBWoWhsTpA_turn06736.wav,7618.746,7648.036,29.290,created,02:06:58.746,02:07:28.036,0.000,default_zero,SPEAKER_02,3.915,pyannote/speaker-diarization-3.1,Witness,manual_verified_diarization,HIGH,YES,SPEAKING,Witness,YES,Witness 16 identified by manual audio/video review,INCLUDE,,YES,speaker_role=Witness,split_dev;usable,"usable because speaker_role=Witness, witness_speaking_status=SPEAKING, clip_status=created, duration=29.290s, and source is not excluded",YES,0.60,HIGH,manual_clip_review,HUMAN_VERIFIED,fear,0.584137,1.261894,"{""anger"": 0.070559, ""disgust"": 0.007924, ""fear"": 0.584137, ""joy"": 0.055053, ""neutral"": 0.211119, ""sadness"": 0.045937, ""surprise"": 0.025271}",/Users/rajeshpmu/Desktop/LegalMemoCMT/results/paper_aligned_meld_cv/cmt_min/fold_2/best_model.pt,phase1_meld_checkpoint_pseudo_label,"audio,text","audio,text,video","{""audio_dim"": 128, ""audio_model_name"": ""facebook/hubert-base-ls960"", ""dropout"": 0.1, ""encoder_mode"": ""paper"", ""freeze_audio_backbone"": true, ""freeze_text_backbone"": true, ""fusion_dim"": 256, ""fusion_pooling"": ""min"", ""max_audio_len"": 256, ""max_text_len"": 128, ""max_video_len"": 32, ""num_classes"": 7, ""num_heads"": 4, ""num_layers"": 2, ""text_dim"": 256, ""text_model_name"": ""bert-base-uncased"", ""use_video"": false, ""video_dim"": 128, ""vocab_size"": 30000}"
DCBWoWhsTpA_turn06752,DCBWoWhsTpA_turn06752,DCBWoWhsTpA,https://www.youtube.com/live/DCBWoWhsTpA,LIVE: Lindsay Clancy trial Day 14,full_trial_stream,5,/Users/rajeshpmu/Desktop/LegalMemoCMT/data/phase2/clancy/corpus/raw/live-lindsay-clancy-trial-day-14/live-lindsay-clancy-trial-day-14_DCBWoWhsTpA.en.vtt,/Users/rajeshpmu/Desktop/LegalMemoCMT/data/processed/phase2/clancy/turn_clips/video/DCBWoWhsTpA/DCBWoWhsTpA_turn06752.mp4,/Users/rajeshpmu/Desktop/LegalMemoCMT/data/processed/phase2/clancy/turn_clips/audio/DCBWoWhsTpA/DCBWoWhsTpA_turn06752.wav,DCBWoWhsTpA,group_by_youtube_id,dev,neutral,text_keyword_heuristic,LOW,NO,neutral default,YES,"Lindsay had been I believe she went to the emergency room that day and she had come home. She was feeling a bit better. Um, she told me that she couldn't sleep, she was very anxious, and she was afraid.","Lindsay had been I believe she went to the emergency room that day and she had come home. She was feeling a bit better. Um, she told me that she couldn't sleep, she was very anxious, and she was afraid.",02:08:34.481,02:08:51.221,16.740,16.740,marker,MEDIUM,1,13,"DCBWoWhsTpA_utt06001#p02,DCBWoWhsTpA_utt06002#p01,DCBWoWhsTpA_utt06003#p01,DCBWoWhsTpA_utt06004#p01,DCBWoWhsTpA_utt06005#p01,DCBWoWhsTpA_utt06006#p01,DCBWoWhsTpA_utt06007#p01,DCBWoWhsTpA_utt06008#p01,DCBWoWhsTpA_utt06009#p01,DCBWoWhsTpA_utt06010#p01,DCBWoWhsTpA_utt06011#p01,DCBWoWhsTpA_utt06012#p01,DCBWoWhsTpA_utt06013#p01","DCBWoWhsTpA_utt06001,DCBWoWhsTpA_utt06002,DCBWoWhsTpA_utt06003,DCBWoWhsTpA_utt06004,DCBWoWhsTpA_utt06005,DCBWoWhsTpA_utt06006,DCBWoWhsTpA_utt06007,DCBWoWhsTpA_utt06008,DCBWoWhsTpA_utt06009,DCBWoWhsTpA_utt06010,DCBWoWhsTpA_utt06011,DCBWoWhsTpA_utt06012,DCBWoWhsTpA_utt06013",13,/Users/rajeshpmu/Desktop/LegalMemoCMT/data/phase2/clancy/corpus/raw/live-lindsay-clancy-trial-day-14/live-lindsay-clancy-trial-day-14_DCBWoWhsTpA.mp4,/Users/rajeshpmu/Desktop/LegalMemoCMT/data/phase2/clancy/corpus/raw/live-lindsay-clancy-trial-day-14/live-lindsay-clancy-trial-day-14_DCBWoWhsTpA.wav,/Users/rajeshpmu/Desktop/LegalMemoCMT/data/processed/phase2/clancy/turn_clips/video/DCBWoWhsTpA/DCBWoWhsTpA_turn06752.mp4,/Users/rajeshpmu/Desktop/LegalMemoCMT/data/processed/phase2/clancy/turn_clips/audio/DCBWoWhsTpA/DCBWoWhsTpA_turn06752.wav,7714.481,7731.221,16.740,created,02:08:34.481,02:08:51.221,0.000,default_zero,SPEAKER_02,7.780,pyannote/speaker-diarization-3.1,Witness,manual_verified_diarization,HIGH,YES,SPEAKING,Witness,YES,Witness 16 identified by manual audio/video review,INCLUDE,,YES,speaker_role=Witness,split_dev;usable,"usable because speaker_role=Witness, witness_speaking_status=SPEAKING, clip_status=created, duration=16.740s, and source is not excluded",YES,0.60,HIGH,manual_clip_review,HUMAN_VERIFIED,neutral,0.555876,1.29472,"{""anger"": 0.100315, ""disgust"": 0.013715, ""fear"": 0.081549, ""joy"": 0.029252, ""neutral"": 0.555876, ""sadness"": 0.210039, ""surprise"": 0.009253}",/Users/rajeshpmu/Desktop/LegalMemoCMT/results/paper_aligned_meld_cv/cmt_min/fold_2/best_model.pt,phase1_meld_checkpoint_pseudo_label,"audio,text","audio,text,video","{""audio_dim"": 128, ""audio_model_name"": ""facebook/hubert-base-ls960"", ""dropout"": 0.1, ""encoder_mode"": ""paper"", ""freeze_audio_backbone"": true, ""freeze_text_backbone"": true, ""fusion_dim"": 256, ""fusion_pooling"": ""min"", ""max_audio_len"": 256, ""max_text_len"": 128, ""max_video_len"": 32, ""num_classes"": 7, ""num_heads"": 4, ""num_layers"": 2, ""text_dim"": 256, ""text_model_name"": ""bert-base-uncased"", ""use_video"": false, ""video_dim"": 128, ""vocab_size"": 30000}"
DCBWoWhsTpA_turn06756,DCBWoWhsTpA_turn06756,DCBWoWhsTpA,https://www.youtube.com/live/DCBWoWhsTpA,LIVE: Lindsay Clancy trial Day 14,full_trial_stream,5,/Users/rajeshpmu/Desktop/LegalMemoCMT/data/phase2/clancy/corpus/raw/live-lindsay-clancy-trial-day-14/live-lindsay-clancy-trial-day-14_DCBWoWhsTpA.en.vtt,/Users/rajeshpmu/Desktop/LegalMemoCMT/data/processed/phase2/clancy/turn_clips/video/DCBWoWhsTpA/DCBWoWhsTpA_turn06756.mp4,/Users/rajeshpmu/Desktop/LegalMemoCMT/data/processed/phase2/clancy/turn_clips/audio/DCBWoWhsTpA/DCBWoWhsTpA_turn06756.wav,DCBWoWhsTpA,group_by_youtube_id,dev,neutral,text_keyword_heuristic,LOW,NO,neutral default,YES,"Um, I believe at that point I stayed for about a week. [clears throat]","Um, I believe at that point I stayed for about a week. [clears throat]",02:08:55.647,02:09:01.805,6.158,6.158,marker,MEDIUM,1,5,"DCBWoWhsTpA_utt06019#p02,DCBWoWhsTpA_utt06020#p01,DCBWoWhsTpA_utt06021#p01,DCBWoWhsTpA_utt06022#p01,DCBWoWhsTpA_utt06023#p01","DCBWoWhsTpA_utt06019,DCBWoWhsTpA_utt06020,DCBWoWhsTpA_utt06021,DCBWoWhsTpA_utt06022,DCBWoWhsTpA_utt06023",5,/Users/rajeshpmu/Desktop/LegalMemoCMT/data/phase2/clancy/corpus/raw/live-lindsay-clancy-trial-day-14/live-lindsay-clancy-trial-day-14_DCBWoWhsTpA.mp4,/Users/rajeshpmu/Desktop/LegalMemoCMT/data/phase2/clancy/corpus/raw/live-lindsay-clancy-trial-day-14/live-lindsay-clancy-trial-day-14_DCBWoWhsTpA.wav,/Users/rajeshpmu/Desktop/LegalMemoCMT/data/processed/phase2/clancy/turn_clips/video/DCBWoWhsTpA/DCBWoWhsTpA_turn06756.mp4,/Users/rajeshpmu/Desktop/LegalMemoCMT/data/processed/phase2/clancy/turn_clips/audio/DCBWoWhsTpA/DCBWoWhsTpA_turn06756.wav,7735.647,7741.805,6.158,created,02:08:55.647,02:09:01.805,0.000,default_zero,SPEAKER_02,4.221,pyannote/speaker-diarization-3.1,Witness,manual_verified_diarization,HIGH,YES,SPEAKING,Witness,YES,Witness 16 identified by manual audio/video review,INCLUDE,,YES,speaker_role=Witness,split_dev;usable,"usable because speaker_role=Witness, witness_speaking_status=SPEAKING, clip_status=created, duration=6.158s, and source is not excluded",YES,0.60,HIGH,manual_clip_review,HUMAN_VERIFIED,neutral,0.895541,0.479094,"{""anger"": 0.054517, ""disgust"": 0.007801, ""fear"": 0.011552, ""joy"": 0.021005, ""neutral"": 0.895541, ""sadness"": 0.005199, ""surprise"": 0.004385}",/Users/rajeshpmu/Desktop/LegalMemoCMT/results/paper_aligned_meld_cv/cmt_min/fold_2/best_model.pt,phase1_meld_checkpoint_pseudo_label,"audio,text","audio,text,video","{""audio_dim"": 128, ""audio_model_name"": ""facebook/hubert-base-ls960"", ""dropout"": 0.1, ""encoder_mode"": ""paper"", ""freeze_audio_backbone"": true, ""freeze_text_backbone"": true, ""fusion_dim"": 256, ""fusion_pooling"": ""min"", ""max_audio_len"": 256, ""max_text_len"": 128, ""max_video_len"": 32, ""num_classes"": 7, ""num_heads"": 4, ""num_layers"": 2, ""text_dim"": 256, ""text_model_name"": ""bert-base-uncased"", ""use_video"": false, ""video_dim"": 128, ""vocab_size"": 30000}"
DCBWoWhsTpA_turn06757,DCBWoWhsTpA_turn06757,DCBWoWhsTpA,https://www.youtube.com/live/DCBWoWhsTpA,LIVE: Lindsay Clancy trial Day 14,full_trial_stream,5,/Users/rajeshpmu/Desktop/LegalMemoCMT/data/phase2/clancy/corpus/raw/live-lindsay-clancy-trial-day-14/live-lindsay-clancy-trial-day-14_DCBWoWhsTpA.en.vtt,/Users/rajeshpmu/Desktop/LegalMemoCMT/data/processed/phase2/clancy/turn_clips/video/DCBWoWhsTpA/DCBWoWhsTpA_turn06757.mp4,/Users/rajeshpmu/Desktop/LegalMemoCMT/data/processed/phase2/clancy/turn_clips/audio/DCBWoWhsTpA/DCBWoWhsTpA_turn06757.wav,DCBWoWhsTpA,group_by_youtube_id,dev,confidence,text_keyword_heuristic,HIGH,YES,keyword match,YES,And was your husband with you?,And was your husband with you?,02:09:01.805,02:09:03.927,2.122,2.122,marker,MEDIUM,1,3,"DCBWoWhsTpA_utt06023#p02,DCBWoWhsTpA_utt06024#p01,DCBWoWhsTpA_utt06025#p01","DCBWoWhsTpA_utt06023,DCBWoWhsTpA_utt06024,DCBWoWhsTpA_utt06025",3,/Users/rajeshpmu/Desktop/LegalMemoCMT/data/phase2/clancy/corpus/raw/live-lindsay-clancy-trial-day-14/live-lindsay-clancy-trial-day-14_DCBWoWhsTpA.mp4,/Users/rajeshpmu/Desktop/LegalMemoCMT/data/phase2/clancy/corpus/raw/live-lindsay-clancy-trial-day-14/live-lindsay-clancy-trial-day-14_DCBWoWhsTpA.wav,/Users/rajeshpmu/Desktop/LegalMemoCMT/data/processed/phase2/clancy/turn_clips/video/DCBWoWhsTpA/DCBWoWhsTpA_turn06757.mp4,/Users/rajeshpmu/Desktop/LegalMemoCMT/data/processed/phase2/clancy/turn_clips/audio/DCBWoWhsTpA/DCBWoWhsTpA_turn06757.wav,7741.805,7743.927,2.122,created,02:09:01.805,02:09:03.927,0.000,default_zero,SPEAKER_02,1.444,pyannote/speaker-diarization-3.1,Witness,manual_verified_diarization,HIGH,YES,SPEAKING,Witness,YES,Witness 16 identified by manual audio/video review,INCLUDE,,YES,speaker_role=Witness,split_dev;usable,"usable because speaker_role=Witness, witness_speaking_status=SPEAKING, clip_status=created, duration=2.122s, and source is not excluded",YES,0.60,HIGH,manual_clip_review,HUMAN_VERIFIED,neutral,0.650671,1.002328,"{""anger"": 0.032524, ""disgust"": 0.24219, ""fear"": 0.043702, ""joy"": 0.022707, ""neutral"": 0.650671, ""sadness"": 0.004097, ""surprise"": 0.004108}",/Users/rajeshpmu/Desktop/LegalMemoCMT/results/paper_aligned_meld_cv/cmt_min/fold_2/best_model.pt,phase1_meld_checkpoint_pseudo_label,"audio,text","audio,text,video","{""audio_dim"": 128, ""audio_model_name"": ""facebook/hubert-base-ls960"", ""dropout"": 0.1, ""encoder_mode"": ""paper"", ""freeze_audio_backbone"": true, ""freeze_text_backbone"": true, ""fusion_dim"": 256, ""fusion_pooling"": ""min"", ""max_audio_len"": 256, ""max_text_len"": 128, ""max_video_len"": 32, ""num_classes"": 7, ""num_heads"": 4, ""num_layers"": 2, ""text_dim"": 256, ""text_model_name"": ""bert-base-uncased"", ""use_video"": false, ""video_dim"": 128, ""vocab_size"": 30000}"
DCBWoWhsTpA_turn06758,DCBWoWhsTpA_turn06758,DCBWoWhsTpA,https://www.youtube.com/live/DCBWoWhsTpA,LIVE: Lindsay Clancy trial Day 14,full_trial_stream,5,/Users/rajeshpmu/Desktop/LegalMemoCMT/data/phase2/clancy/corpus/raw/live-lindsay-clancy-trial-day-14/live-lindsay-clancy-trial-day-14_DCBWoWhsTpA.en.vtt,/Users/rajeshpmu/Desktop/LegalMemoCMT/data/processed/phase2/clancy/turn_clips/video/DCBWoWhsTpA/DCBWoWhsTpA_turn06758.mp4,/Users/rajeshpmu/Desktop/LegalMemoCMT/data/processed/phase2/clancy/turn_clips/audio/DCBWoWhsTpA/DCBWoWhsTpA_turn06758.wav,DCBWoWhsTpA,group_by_youtube_id,dev,neutral,text_keyword_heuristic,LOW,NO,neutral default,YES,"Um, he came later. He didn't come directly with me then because he was still working. So, he came later.","Um, he came later. He didn't come directly with me then because he was still working. So, he came later.",02:09:03.927,02:09:09.420,5.493,5.493,marker,MEDIUM,1,7,"DCBWoWhsTpA_utt06025#p02,DCBWoWhsTpA_utt06026#p01,DCBWoWhsTpA_utt06027#p01,DCBWoWhsTpA_utt06028#p01,DCBWoWhsTpA_utt06029#p01,DCBWoWhsTpA_utt06030#p01,DCBWoWhsTpA_utt06031#p01","DCBWoWhsTpA_utt06025,DCBWoWhsTpA_utt06026,DCBWoWhsTpA_utt06027,DCBWoWhsTpA_utt06028,DCBWoWhsTpA_utt06029,DCBWoWhsTpA_utt06030,DCBWoWhsTpA_utt06031",7,/Users/rajeshpmu/Desktop/LegalMemoCMT/data/phase2/clancy/corpus/raw/live-lindsay-clancy-trial-day-14/live-lindsay-clancy-trial-day-14_DCBWoWhsTpA.mp4,/Users/rajeshpmu/Desktop/LegalMemoCMT/data/phase2/clancy/corpus/raw/live-lindsay-clancy-trial-day-14/live-lindsay-clancy-trial-day-14_DCBWoWhsTpA.wav,/Users/rajeshpmu/Desktop/LegalMemoCMT/data/processed/phase2/clancy/turn_clips/video/DCBWoWhsTpA/DCBWoWhsTpA_turn06758.mp4,/Users/rajeshpmu/Desktop/LegalMemoCMT/data/processed/phase2/clancy/turn_clips/audio/DCBWoWhsTpA/DCBWoWhsTpA_turn06758.wav,7743.927,7749.420,5.493,created,02:09:03.927,02:09:09.420,0.000,default_zero,SPEAKER_02,3.712,pyannote/speaker-diarization-3.1,Witness,manual_verified_diarization,HIGH,YES,SPEAKING,Witness,YES,Witness 16 identified by manual audio/video review,INCLUDE,,YES,speaker_role=Witness,split_dev;usable,"usable because speaker_role=Witness, witness_speaking_status=SPEAKING, clip_status=created, duration=5.493s, and source is not excluded",YES,0.60,HIGH,manual_clip_review,HUMAN_VERIFIED,neutral,0.868455,0.575331,"{""anger"": 0.028814, ""disgust"": 0.013658, ""fear"": 0.061853, ""joy"": 0.018642, ""neutral"": 0.868455, ""sadness"": 0.006443, ""surprise"": 0.002134}",/Users/rajeshpmu/Desktop/LegalMemoCMT/results/paper_aligned_meld_cv/cmt_min/fold_2/best_model.pt,phase1_meld_checkpoint_pseudo_label,"audio,text","audio,text,video","{""audio_dim"": 128, ""audio_model_name"": ""facebook/hubert-base-ls960"", ""dropout"": 0.1, ""encoder_mode"": ""paper"", ""freeze_audio_backbone"": true, ""freeze_text_backbone"": true, ""fusion_dim"": 256, ""fusion_pooling"": ""min"", ""max_audio_len"": 256, ""max_text_len"": 128, ""max_video_len"": 32, ""num_classes"": 7, ""num_heads"": 4, ""num_layers"": 2, ""text_dim"": 256, ""text_model_name"": ""bert-base-uncased"", ""use_video"": false, ""video_dim"": 128, ""vocab_size"": 30000}"
DCBWoWhsTpA_turn06759,DCBWoWhsTpA_turn06759,DCBWoWhsTpA,https://www.youtube.com/live/DCBWoWhsTpA,LIVE: Lindsay Clancy trial Day 14,full_trial_stream,5,/Users/rajeshpmu/Desktop/LegalMemoCMT/data/phase2/clancy/corpus/raw/live-lindsay-clancy-trial-day-14/live-lindsay-clancy-trial-day-14_DCBWoWhsTpA.en.vtt,/Users/rajeshpmu/Desktop/LegalMemoCMT/data/processed/phase2/clancy/turn_clips/video/DCBWoWhsTpA/DCBWoWhsTpA_turn06759.mp4,/Users/rajeshpmu/Desktop/LegalMemoCMT/data/processed/phase2/clancy/turn_clips/audio/DCBWoWhsTpA/DCBWoWhsTpA_turn06759.wav,DCBWoWhsTpA,group_by_youtube_id,dev,neutral,text_keyword_heuristic,LOW,NO,neutral default,YES,"I never asked. What did you do for work? Um, I worked for a Weight Watchers.","I never asked. What did you do for work? Um, I worked for a Weight Watchers.",02:09:09.420,02:09:13.761,4.341,4.341,marker,MEDIUM,1,5,"DCBWoWhsTpA_utt06031#p02,DCBWoWhsTpA_utt06032#p01,DCBWoWhsTpA_utt06033#p01,DCBWoWhsTpA_utt06034#p01,DCBWoWhsTpA_utt06035#p01","DCBWoWhsTpA_utt06031,DCBWoWhsTpA_utt06032,DCBWoWhsTpA_utt06033,DCBWoWhsTpA_utt06034,DCBWoWhsTpA_utt06035",5,/Users/rajeshpmu/Desktop/LegalMemoCMT/data/phase2/clancy/corpus/raw/live-lindsay-clancy-trial-day-14/live-lindsay-clancy-trial-day-14_DCBWoWhsTpA.mp4,/Users/rajeshpmu/Desktop/LegalMemoCMT/data/phase2/clancy/corpus/raw/live-lindsay-clancy-trial-day-14/live-lindsay-clancy-trial-day-14_DCBWoWhsTpA.wav,/Users/rajeshpmu/Desktop/LegalMemoCMT/data/processed/phase2/clancy/turn_clips/video/DCBWoWhsTpA/DCBWoWhsTpA_turn06759.mp4,/Users/rajeshpmu/Desktop/LegalMemoCMT/data/processed/phase2/clancy/turn_clips/audio/DCBWoWhsTpA/DCBWoWhsTpA_turn06759.wav,7749.420,7753.761,4.341,created,02:09:09.420,02:09:13.761,0.000,default_zero,SPEAKER_02,1.873,pyannote/speaker-diarization-3.1,Witness,manual_verified_diarization,HIGH,YES,SPEAKING,Witness,YES,Witness 16 identified by manual audio/video review,INCLUDE,,YES,speaker_role=Witness,split_dev;usable,"usable because speaker_role=Witness, witness_speaking_status=SPEAKING, clip_status=created, duration=4.341s, and source is not excluded",YES,0.60,HIGH,manual_clip_review,HUMAN_VERIFIED,neutral,0.825479,0.724015,"{""anger"": 0.052723, ""disgust"": 0.061692, ""fear"": 0.015082, ""joy"": 0.030482, ""neutral"": 0.825479, ""sadness"": 0.011456, ""surprise"": 0.003086}",/Users/rajeshpmu/Desktop/LegalMemoCMT/results/paper_aligned_meld_cv/cmt_min/fold_2/best_model.pt,phase1_meld_checkpoint_pseudo_label,"audio,text","audio,text,video","{""audio_dim"": 128, ""audio_model_name"": ""facebook/hubert-base-ls960"", ""dropout"": 0.1, ""encoder_mode"": ""paper"", ""freeze_audio_backbone"": true, ""freeze_text_backbone"": true, ""fusion_dim"": 256, ""fusion_pooling"": ""min"", ""max_audio_len"": 256, ""max_text_len"": 128, ""max_video_len"": 32, ""num_classes"": 7, ""num_heads"": 4, ""num_layers"": 2, ""text_dim"": 256, ""text_model_name"": ""bert-base-uncased"", ""use_video"": false, ""video_dim"": 128, ""vocab_size"": 30000}"
DCBWoWhsTpA_turn06760,DCBWoWhsTpA_turn06760,DCBWoWhsTpA,https://www.youtube.com/live/DCBWoWhsTpA,LIVE: Lindsay Clancy trial Day 14,full_trial_stream,5,/Users/rajeshpmu/Desktop/LegalMemoCMT/data/phase2/clancy/corpus/raw/live-lindsay-clancy-trial-day-14/live-lindsay-clancy-trial-day-14_DCBWoWhsTpA.en.vtt,/Users/rajeshpmu/Desktop/LegalMemoCMT/data/processed/phase2/clancy/turn_clips/video/DCBWoWhsTpA/DCBWoWhsTpA_turn06760.mp4,/Users/rajeshpmu/Desktop/LegalMemoCMT/data/processed/phase2/clancy/turn_clips/audio/DCBWoWhsTpA/DCBWoWhsTpA_turn06760.wav,DCBWoWhsTpA,group_by_youtube_id,dev,stress,text_keyword_heuristic,HIGH,YES,keyword match,YES,And And you're retired?,And And you're retired?,02:09:13.761,02:09:14.824,1.063,1.063,marker,MEDIUM,1,3,"DCBWoWhsTpA_utt06035#p02,DCBWoWhsTpA_utt06036#p01,DCBWoWhsTpA_utt06037#p01","DCBWoWhsTpA_utt06035,DCBWoWhsTpA_utt06036,DCBWoWhsTpA_utt06037",3,/Users/rajeshpmu/Desktop/LegalMemoCMT/data/phase2/clancy/corpus/raw/live-lindsay-clancy-trial-day-14/live-lindsay-clancy-trial-day-14_DCBWoWhsTpA.mp4,/Users/rajeshpmu/Desktop/LegalMemoCMT/data/phase2/clancy/corpus/raw/live-lindsay-clancy-trial-day-14/live-lindsay-clancy-trial-day-14_DCBWoWhsTpA.wav,/Users/rajeshpmu/Desktop/LegalMemoCMT/data/processed/phase2/clancy/turn_clips/video/DCBWoWhsTpA/DCBWoWhsTpA_turn06760.mp4,/Users/rajeshpmu/Desktop/LegalMemoCMT/data/processed/phase2/clancy/turn_clips/audio/DCBWoWhsTpA/DCBWoWhsTpA_turn06760.wav,7753.761,7754.824,1.063,created,02:09:13.761,02:09:14.824,0.000,default_zero,SPEAKER_02,0.625,pyannote/speaker-diarization-3.1,Witness,manual_verified_diarization,HIGH,YES,SPEAKING,Witness,YES,Witness 16 identified by manual audio/video review,INCLUDE,,YES,speaker_role=Witness,split_dev;usable,"usable because speaker_role=Witness, witness_speaking_status=SPEAKING, clip_status=created, duration=1.063s, and source is not excluded",YES,0.60,HIGH,manual_clip_review,HUMAN_VERIFIED,disgust,0.680498,0.919552,"{""anger"": 0.021424, ""disgust"": 0.680498, ""fear"": 0.02748, ""joy"": 0.028548, ""neutral"": 0.236192, ""sadness"": 0.002565, ""surprise"": 0.003294}",/Users/rajeshpmu/Desktop/LegalMemoCMT/results/paper_aligned_meld_cv/cmt_min/fold_2/best_model.pt,phase1_meld_checkpoint_pseudo_label,"audio,text","audio,text,video","{""audio_dim"": 128, ""audio_model_name"": ""facebook/hubert-base-ls960"", ""dropout"": 0.1, ""encoder_mode"": ""paper"", ""freeze_audio_backbone"": true, ""freeze_text_backbone"": true, ""fusion_dim"": 256, ""fusion_pooling"": ""min"", ""max_audio_len"": 256, ""max_text_len"": 128, ""max_video_len"": 32, ""num_classes"": 7, ""num_heads"": 4, ""num_layers"": 2, ""text_dim"": 256, ""text_model_name"": ""bert-base-uncased"", ""use_video"": false, ""video_dim"": 128, ""vocab_size"": 30000}"
DCBWoWhsTpA_turn06763,DCBWoWhsTpA_turn06763,DCBWoWhsTpA,https://www.youtube.com/live/DCBWoWhsTpA,LIVE: Lindsay Clancy trial Day 14,full_trial_stream,5,/Users/rajeshpmu/Desktop/LegalMemoCMT/data/phase2/clancy/corpus/raw/live-lindsay-clancy-trial-day-14/live-lindsay-clancy-trial-day-14_DCBWoWhsTpA.en.vtt,/Users/rajeshpmu/Desktop/LegalMemoCMT/data/processed/phase2/clancy/turn_clips/video/DCBWoWhsTpA/DCBWoWhsTpA_turn06763.mp4,/Users/rajeshpmu/Desktop/LegalMemoCMT/data/processed/phase2/clancy/turn_clips/audio/DCBWoWhsTpA/DCBWoWhsTpA_turn06763.wav,DCBWoWhsTpA,group_by_youtube_id,dev,stress,text_keyword_heuristic,HIGH,YES,keyword match,YES,He recently retired.,He recently retired.,02:09:17.877,02:09:19.829,1.952,1.952,marker,MEDIUM,1,3,"DCBWoWhsTpA_utt06043#p02,DCBWoWhsTpA_utt06044#p01,DCBWoWhsTpA_utt06045#p01","DCBWoWhsTpA_utt06043,DCBWoWhsTpA_utt06044,DCBWoWhsTpA_utt06045",3,/Users/rajeshpmu/Desktop/LegalMemoCMT/data/phase2/clancy/corpus/raw/live-lindsay-clancy-trial-day-14/live-lindsay-clancy-trial-day-14_DCBWoWhsTpA.mp4,/Users/rajeshpmu/Desktop/LegalMemoCMT/data/phase2/clancy/corpus/raw/live-lindsay-clancy-trial-day-14/live-lindsay-clancy-trial-day-14_DCBWoWhsTpA.wav,/Users/rajeshpmu/Desktop/LegalMemoCMT/data/processed/phase2/clancy/turn_clips/video/DCBWoWhsTpA/DCBWoWhsTpA_turn06763.mp4,/Users/rajeshpmu/Desktop/LegalMemoCMT/data/processed/phase2/clancy/turn_clips/audio/DCBWoWhsTpA/DCBWoWhsTpA_turn06763.wav,7757.877,7759.829,1.952,created,02:09:17.877,02:09:19.829,0.000,default_zero,SPEAKER_02,1.245,pyannote/speaker-diarization-3.1,Witness,manual_verified_diarization,HIGH,YES,SPEAKING,Witness,YES,Witness 16 identified by manual audio/video review,INCLUDE,,YES,speaker_role=Witness,split_dev;usable,"usable because speaker_role=Witness, witness_speaking_status=SPEAKING, clip_status=created, duration=1.952s, and source is not excluded",YES,0.60,HIGH,manual_clip_review,HUMAN_VERIFIED,neutral,0.82297,0.721428,"{""anger"": 0.042859, ""disgust"": 0.020439, ""fear"": 0.068278, ""joy"": 0.038575, ""neutral"": 0.82297, ""sadness"": 0.001404, ""surprise"": 0.005474}",/Users/rajeshpmu/Desktop/LegalMemoCMT/results/paper_aligned_meld_cv/cmt_min/fold_2/best_model.pt,phase1_meld_checkpoint_pseudo_label,"audio,text","audio,text,video","{""audio_dim"": 128, ""audio_model_name"": ""facebook/hubert-base-ls960"", ""dropout"": 0.1, ""encoder_mode"": ""paper"", ""freeze_audio_backbone"": true, ""freeze_text_backbone"": true, ""fusion_dim"": 256, ""fusion_pooling"": ""min"", ""max_audio_len"": 256, ""max_text_len"": 128, ""max_video_len"": 32, ""num_classes"": 7, ""num_heads"": 4, ""num_layers"": 2, ""text_dim"": 256, ""text_model_name"": ""bert-base-uncased"", ""use_video"": false, ""video_dim"": 128, ""vocab_size"": 30000}"
DCBWoWhsTpA_turn06764,DCBWoWhsTpA_turn06764,DCBWoWhsTpA,https://www.youtube.com/live/DCBWoWhsTpA,LIVE: Lindsay Clancy trial Day 14,full_trial_stream,5,/Users/rajeshpmu/Desktop/LegalMemoCMT/data/phase2/clancy/corpus/raw/live-lindsay-clancy-trial-day-14/live-lindsay-clancy-trial-day-14_DCBWoWhsTpA.en.vtt,/Users/rajeshpmu/Desktop/LegalMemoCMT/data/processed/phase2/clancy/turn_clips/video/DCBWoWhsTpA/DCBWoWhsTpA_turn06764.mp4,/Users/rajeshpmu/Desktop/LegalMemoCMT/data/processed/phase2/clancy/turn_clips/audio/DCBWoWhsTpA/DCBWoWhsTpA_turn06764.wav,DCBWoWhsTpA,group_by_youtube_id,dev,stress,text_keyword_heuristic,HIGH,YES,keyword match,YES,And what was the nature of his work?,And what was the nature of his work?,02:09:19.829,02:09:22.847,3.018,3.018,marker,MEDIUM,1,3,"DCBWoWhsTpA_utt06045#p02,DCBWoWhsTpA_utt06046#p01,DCBWoWhsTpA_utt06047#p01","DCBWoWhsTpA_utt06045,DCBWoWhsTpA_utt06046,DCBWoWhsTpA_utt06047",3,/Users/rajeshpmu/Desktop/LegalMemoCMT/data/phase2/clancy/corpus/raw/live-lindsay-clancy-trial-day-14/live-lindsay-clancy-trial-day-14_DCBWoWhsTpA.mp4,/Users/rajeshpmu/Desktop/LegalMemoCMT/data/phase2/clancy/corpus/raw/live-lindsay-clancy-trial-day-14/live-lindsay-clancy-trial-day-14_DCBWoWhsTpA.wav,/Users/rajeshpmu/Desktop/LegalMemoCMT/data/processed/phase2/clancy/turn_clips/video/DCBWoWhsTpA/DCBWoWhsTpA_turn06764.mp4,/Users/rajeshpmu/Desktop/LegalMemoCMT/data/processed/phase2/clancy/turn_clips/audio/DCBWoWhsTpA/DCBWoWhsTpA_turn06764.wav,7759.829,7762.847,3.018,created,02:09:19.829,02:09:22.847,0.000,default_zero,SPEAKER_02,1.413,pyannote/speaker-diarization-3.1,Witness,manual_verified_diarization,HIGH,YES,SPEAKING,Witness,YES,Witness 16 identified by manual audio/video review,INCLUDE,,YES,speaker_role=Witness,split_dev;usable,"usable because speaker_role=Witness, witness_speaking_status=SPEAKING, clip_status=created, duration=3.018s, and source is not excluded",YES,0.60,HIGH,manual_clip_review,HUMAN_VERIFIED,neutral,0.873216,0.568357,"{""anger"": 0.025998, ""disgust"": 0.047388, ""fear"": 0.018854, ""joy"": 0.028828, ""neutral"": 0.873216, ""sadness"": 0.002957, ""surprise"": 0.002759}",/Users/rajeshpmu/Desktop/LegalMemoCMT/results/paper_aligned_meld_cv/cmt_min/fold_2/best_model.pt,phase1_meld_checkpoint_pseudo_label,"audio,text","audio,text,video","{""audio_dim"": 128, ""audio_model_name"": ""facebook/hubert-base-ls960"", ""dropout"": 0.1, ""encoder_mode"": ""paper"", ""freeze_audio_backbone"": true, ""freeze_text_backbone"": true, ""fusion_dim"": 256, ""fusion_pooling"": ""min"", ""max_audio_len"": 256, ""max_text_len"": 128, ""max_video_len"": 32, ""num_classes"": 7, ""num_heads"": 4, ""num_layers"": 2, ""text_dim"": 256, ""text_model_name"": ""bert-base-uncased"", ""use_video"": false, ""video_dim"": 128, ""vocab_size"": 30000}"
DCBWoWhsTpA_turn06766,DCBWoWhsTpA_turn06766,DCBWoWhsTpA,https://www.youtube.com/live/DCBWoWhsTpA,LIVE: Lindsay Clancy trial Day 14,full_trial_stream,5,/Users/rajeshpmu/Desktop/LegalMemoCMT/data/phase2/clancy/corpus/raw/live-lindsay-clancy-trial-day-14/live-lindsay-clancy-trial-day-14_DCBWoWhsTpA.en.vtt,/Users/rajeshpmu/Desktop/LegalMemoCMT/data/processed/phase2/clancy/turn_clips/video/DCBWoWhsTpA/DCBWoWhsTpA_turn06766.mp4,/Users/rajeshpmu/Desktop/LegalMemoCMT/data/processed/phase2/clancy/turn_clips/audio/DCBWoWhsTpA/DCBWoWhsTpA_turn06766.wav,DCBWoWhsTpA,group_by_youtube_id,dev,neutral,text_keyword_heuristic,LOW,NO,neutral default,YES,What kind of photography?,What kind of photography?,02:09:24.155,02:09:25.709,1.554,1.554,marker,MEDIUM,1,3,"DCBWoWhsTpA_utt06049#p02,DCBWoWhsTpA_utt06050#p01,DCBWoWhsTpA_utt06051#p01","DCBWoWhsTpA_utt06049,DCBWoWhsTpA_utt06050,DCBWoWhsTpA_utt06051",3,/Users/rajeshpmu/Desktop/LegalMemoCMT/data/phase2/clancy/corpus/raw/live-lindsay-clancy-trial-day-14/live-lindsay-clancy-trial-day-14_DCBWoWhsTpA.mp4,/Users/rajeshpmu/Desktop/LegalMemoCMT/data/phase2/clancy/corpus/raw/live-lindsay-clancy-trial-day-14/live-lindsay-clancy-trial-day-14_DCBWoWhsTpA.wav,/Users/rajeshpmu/Desktop/LegalMemoCMT/data/processed/phase2/clancy/turn_clips/video/DCBWoWhsTpA/DCBWoWhsTpA_turn06766.mp4,/Users/rajeshpmu/Desktop/LegalMemoCMT/data/processed/phase2/clancy/turn_clips/audio/DCBWoWhsTpA/DCBWoWhsTpA_turn06766.wav,7764.155,7765.709,1.554,created,02:09:24.155,02:09:25.709,0.000,default_zero,SPEAKER_02,1.052,pyannote/speaker-diarization-3.1,Witness,manual_verified_diarization,HIGH,YES,SPEAKING,Witness,YES,Witness 16 identified by manual audio/video review,INCLUDE,,YES,speaker_role=Witness,split_dev;usable,"usable because speaker_role=Witness, witness_speaking_status=SPEAKING, clip_status=created, duration=1.554s, and source is not excluded",YES,0.60,HIGH,manual_clip_review,HUMAN_VERIFIED,neutral,0.688085,0.860234,"{""anger"": 0.020681, ""disgust"": 0.251776, ""fear"": 0.015002, ""joy"": 0.014508, ""neutral"": 0.688085, ""sadness"": 0.007749, ""surprise"": 0.002199}",/Users/rajeshpmu/Desktop/LegalMemoCMT/results/paper_aligned_meld_cv/cmt_min/fold_2/best_model.pt,phase1_meld_checkpoint_pseudo_label,"audio,text","audio,text,video","{""audio_dim"": 128, ""audio_model_name"": ""facebook/hubert-base-ls960"", ""dropout"": 0.1, ""encoder_mode"": ""paper"", ""freeze_audio_backbone"": true, ""freeze_text_backbone"": true, ""fusion_dim"": 256, ""fusion_pooling"": ""min"", ""max_audio_len"": 256, ""max_text_len"": 128, ""max_video_len"": 32, ""num_classes"": 7, ""num_heads"": 4, ""num_layers"": 2, ""text_dim"": 256, ""text_model_name"": ""bert-base-uncased"", ""use_video"": false, ""video_dim"": 128, ""vocab_size"": 30000}"
DCBWoWhsTpA_turn06768,DCBWoWhsTpA_turn06768,DCBWoWhsTpA,https://www.youtube.com/live/DCBWoWhsTpA,LIVE: Lindsay Clancy trial Day 14,full_trial_stream,5,/Users/rajeshpmu/Desktop/LegalMemoCMT/data/phase2/clancy/corpus/raw/live-lindsay-clancy-trial-day-14/live-lindsay-clancy-trial-day-14_DCBWoWhsTpA.en.vtt,/Users/rajeshpmu/Desktop/LegalMemoCMT/data/processed/phase2/clancy/turn_clips/video/DCBWoWhsTpA/DCBWoWhsTpA_turn06768.mp4,/Users/rajeshpmu/Desktop/LegalMemoCMT/data/processed/phase2/clancy/turn_clips/audio/DCBWoWhsTpA/DCBWoWhsTpA_turn06768.wav,DCBWoWhsTpA,group_by_youtube_id,dev,neutral,text_keyword_heuristic,LOW,NO,neutral default,YES,Yeah. And school pictures. And you had your kids pictures taken.,Yeah. And school pictures. And you had your kids pictures taken.,02:09:28.813,02:09:32.191,3.378,3.378,marker,MEDIUM,1,5,"DCBWoWhsTpA_utt06055#p02,DCBWoWhsTpA_utt06056#p01,DCBWoWhsTpA_utt06057#p01,DCBWoWhsTpA_utt06058#p01,DCBWoWhsTpA_utt06059#p01","DCBWoWhsTpA_utt06055,DCBWoWhsTpA_utt06056,DCBWoWhsTpA_utt06057,DCBWoWhsTpA_utt06058,DCBWoWhsTpA_utt06059",5,/Users/rajeshpmu/Desktop/LegalMemoCMT/data/phase2/clancy/corpus/raw/live-lindsay-clancy-trial-day-14/live-lindsay-clancy-trial-day-14_DCBWoWhsTpA.mp4,/Users/rajeshpmu/Desktop/LegalMemoCMT/data/phase2/clancy/corpus/raw/live-lindsay-clancy-trial-day-14/live-lindsay-clancy-trial-day-14_DCBWoWhsTpA.wav,/Users/rajeshpmu/Desktop/LegalMemoCMT/data/processed/phase2/clancy/turn_clips/video/DCBWoWhsTpA/DCBWoWhsTpA_turn06768.mp4,/Users/rajeshpmu/Desktop/LegalMemoCMT/data/processed/phase2/clancy/turn_clips/audio/DCBWoWhsTpA/DCBWoWhsTpA_turn06768.wav,7768.813,7772.191,3.378,created,02:09:28.813,02:09:32.191,0.000,default_zero,SPEAKER_02,1.114,pyannote/speaker-diarization-3.1,Witness,manual_verified_diarization,HIGH,YES,SPEAKING,Witness,YES,Witness 16 identified by manual audio/video review,INCLUDE,,YES,speaker_role=Witness,split_dev;usable,"usable because speaker_role=Witness, witness_speaking_status=SPEAKING, clip_status=created, duration=3.378s, and source is not excluded",YES,0.60,HIGH,manual_clip_review,HUMAN_VERIFIED,neutral,0.78661,0.798646,"{""anger"": 0.119588, ""disgust"": 0.030512, ""fear"": 0.028319, ""joy"": 0.021609, ""neutral"": 0.78661, ""sadness"": 0.003758, ""surprise"": 0.009603}",/Users/rajeshpmu/Desktop/LegalMemoCMT/results/paper_aligned_meld_cv/cmt_min/fold_2/best_model.pt,phase1_meld_checkpoint_pseudo_label,"audio,text","audio,text,video","{""audio_dim"": 128, ""audio_model_name"": ""facebook/hubert-base-ls960"", ""dropout"": 0.1, ""encoder_mode"": ""paper"", ""freeze_audio_backbone"": true, ""freeze_text_backbone"": true, ""fusion_dim"": 256, ""fusion_pooling"": ""min"", ""max_audio_len"": 256, ""max_text_len"": 128, ""max_video_len"": 32, ""num_classes"": 7, ""num_heads"": 4, ""num_layers"": 2, ""text_dim"": 256, ""text_model_name"": ""bert-base-uncased"", ""use_video"": false, ""video_dim"": 128, ""vocab_size"": 30000}"
DCBWoWhsTpA_turn06771,DCBWoWhsTpA_turn06771,DCBWoWhsTpA,https://www.youtube.com/live/DCBWoWhsTpA,LIVE: Lindsay Clancy trial Day 14,full_trial_stream,5,/Users/rajeshpmu/Desktop/LegalMemoCMT/data/phase2/clancy/corpus/raw/live-lindsay-clancy-trial-day-14/live-lindsay-clancy-trial-day-14_DCBWoWhsTpA.en.vtt,/Users/rajeshpmu/Desktop/LegalMemoCMT/data/processed/phase2/clancy/turn_clips/video/DCBWoWhsTpA/DCBWoWhsTpA_turn06771.mp4,/Users/rajeshpmu/Desktop/LegalMemoCMT/data/processed/phase2/clancy/turn_clips/audio/DCBWoWhsTpA/DCBWoWhsTpA_turn06771.wav,DCBWoWhsTpA,group_by_youtube_id,dev,neutral,text_keyword_heuristic,LOW,NO,neutral default,YES,"Yes, I stayed more than my husband because he needed to go back home to work.","Yes, I stayed more than my husband because he needed to go back home to work.",02:09:43.882,02:09:48.866,4.984,4.984,marker,MEDIUM,1,7,"DCBWoWhsTpA_utt06071#p02,DCBWoWhsTpA_utt06072#p01,DCBWoWhsTpA_utt06073#p01,DCBWoWhsTpA_utt06074#p01,DCBWoWhsTpA_utt06075#p01,DCBWoWhsTpA_utt06076#p01,DCBWoWhsTpA_utt06077#p01","DCBWoWhsTpA_utt06071,DCBWoWhsTpA_utt06072,DCBWoWhsTpA_utt06073,DCBWoWhsTpA_utt06074,DCBWoWhsTpA_utt06075,DCBWoWhsTpA_utt06076,DCBWoWhsTpA_utt06077",7,/Users/rajeshpmu/Desktop/LegalMemoCMT/data/phase2/clancy/corpus/raw/live-lindsay-clancy-trial-day-14/live-lindsay-clancy-trial-day-14_DCBWoWhsTpA.mp4,/Users/rajeshpmu/Desktop/LegalMemoCMT/data/phase2/clancy/corpus/raw/live-lindsay-clancy-trial-day-14/live-lindsay-clancy-trial-day-14_DCBWoWhsTpA.wav,/Users/rajeshpmu/Desktop/LegalMemoCMT/data/processed/phase2/clancy/turn_clips/video/DCBWoWhsTpA/DCBWoWhsTpA_turn06771.mp4,/Users/rajeshpmu/Desktop/LegalMemoCMT/data/processed/phase2/clancy/turn_clips/audio/DCBWoWhsTpA/DCBWoWhsTpA_turn06771.wav,7783.882,7788.866,4.984,created,02:09:43.882,02:09:48.866,0.000,default_zero,SPEAKER_02,4.569,pyannote/speaker-diarization-3.1,Witness,manual_verified_diarization,HIGH,YES,SPEAKING,Witness,YES,Witness 16 identified by manual audio/video review,INCLUDE,,YES,speaker_role=Witness,split_dev;usable,"usable because speaker_role=Witness, witness_speaking_status=SPEAKING, clip_status=created, duration=4.984s, and source is not excluded",YES,0.60,HIGH,manual_clip_review,HUMAN_VERIFIED,neutral,0.857182,0.610489,"{""anger"": 0.041708, ""disgust"": 0.014694, ""fear"": 0.050739, ""joy"": 0.032239, ""neutral"": 0.857182, ""sadness"": 0.00164, ""surprise"": 0.001799}",/Users/rajeshpmu/Desktop/LegalMemoCMT/results/paper_aligned_meld_cv/cmt_min/fold_2/best_model.pt,phase1_meld_checkpoint_pseudo_label,"audio,text","audio,text,video","{""audio_dim"": 128, ""audio_model_name"": ""facebook/hubert-base-ls960"", ""dropout"": 0.1, ""encoder_mode"": ""paper"", ""freeze_audio_backbone"": true, ""freeze_text_backbone"": true, ""fusion_dim"": 256, ""fusion_pooling"": ""min"", ""max_audio_len"": 256, ""max_text_len"": 128, ""max_video_len"": 32, ""num_classes"": 7, ""num_heads"": 4, ""num_layers"": 2, ""text_dim"": 256, ""text_model_name"": ""bert-base-uncased"", ""use_video"": false, ""video_dim"": 128, ""vocab_size"": 30000}"
DCBWoWhsTpA_turn06777,DCBWoWhsTpA_turn06777,DCBWoWhsTpA,https://www.youtube.com/live/DCBWoWhsTpA,LIVE: Lindsay Clancy trial Day 14,full_trial_stream,5,/Users/rajeshpmu/Desktop/LegalMemoCMT/data/phase2/clancy/corpus/raw/live-lindsay-clancy-trial-day-14/live-lindsay-clancy-trial-day-14_DCBWoWhsTpA.en.vtt,/Users/rajeshpmu/Desktop/LegalMemoCMT/data/processed/phase2/clancy/turn_clips/video/DCBWoWhsTpA/DCBWoWhsTpA_turn06777.mp4,/Users/rajeshpmu/Desktop/LegalMemoCMT/data/processed/phase2/clancy/turn_clips/audio/DCBWoWhsTpA/DCBWoWhsTpA_turn06777.wav,DCBWoWhsTpA,group_by_youtube_id,dev,neutral,text_keyword_heuristic,LOW,NO,neutral default,YES,So tell us uh is there an incident that came to your mind that you recall that uh occurred on one evening that indicated to you how seriously she was suffering? Um there were many um one particular evening that was disturbing to me was that I mean she was afraid. She was afraid to be alone and she actually asked if she could sleep with me.,So tell us uh is there an incident that came to your mind that you recall that uh occurred on one evening that indicated to you how seriously she was suffering? Um there were many um one particular evening that was disturbing to me was that I mean she was afraid. She was afraid to be alone and she actually asked if she could sleep with me.,02:10:13.175,02:10:42.699,29.524,29.524,marker,MEDIUM,1,23,"DCBWoWhsTpA_utt06107#p02,DCBWoWhsTpA_utt06108#p01,DCBWoWhsTpA_utt06109#p01,DCBWoWhsTpA_utt06110#p01,DCBWoWhsTpA_utt06111#p01,DCBWoWhsTpA_utt06112#p01,DCBWoWhsTpA_utt06113#p01,DCBWoWhsTpA_utt06114#p01,DCBWoWhsTpA_utt06115#p01,DCBWoWhsTpA_utt06116#p01,DCBWoWhsTpA_utt06117#p01,DCBWoWhsTpA_utt06118#p01,DCBWoWhsTpA_utt06119#p01,DCBWoWhsTpA_utt06120#p01,DCBWoWhsTpA_utt06121#p01,DCBWoWhsTpA_utt06122#p01,DCBWoWhsTpA_utt06123#p01,DCBWoWhsTpA_utt06124#p01,DCBWoWhsTpA_utt06125#p01,DCBWoWhsTpA_utt06126#p01,DCBWoWhsTpA_utt06127#p01,DCBWoWhsTpA_utt06128#p01,DCBWoWhsTpA_utt06129#p01","DCBWoWhsTpA_utt06107,DCBWoWhsTpA_utt06108,DCBWoWhsTpA_utt06109,DCBWoWhsTpA_utt06110,DCBWoWhsTpA_utt06111,DCBWoWhsTpA_utt06112,DCBWoWhsTpA_utt06113,DCBWoWhsTpA_utt06114,DCBWoWhsTpA_utt06115,DCBWoWhsTpA_utt06116,DCBWoWhsTpA_utt06117,DCBWoWhsTpA_utt06118,DCBWoWhsTpA_utt06119,DCBWoWhsTpA_utt06120,DCBWoWhsTpA_utt06121,DCBWoWhsTpA_utt06122,DCBWoWhsTpA_utt06123,DCBWoWhsTpA_utt06124,DCBWoWhsTpA_utt06125,DCBWoWhsTpA_utt06126,DCBWoWhsTpA_utt06127,DCBWoWhsTpA_utt06128,DCBWoWhsTpA_utt06129",23,/Users/rajeshpmu/Desktop/LegalMemoCMT/data/phase2/clancy/corpus/raw/live-lindsay-clancy-trial-day-14/live-lindsay-clancy-trial-day-14_DCBWoWhsTpA.mp4,/Users/rajeshpmu/Desktop/LegalMemoCMT/data/phase2/clancy/corpus/raw/live-lindsay-clancy-trial-day-14/live-lindsay-clancy-trial-day-14_DCBWoWhsTpA.wav,/Users/rajeshpmu/Desktop/LegalMemoCMT/data/processed/phase2/clancy/turn_clips/video/DCBWoWhsTpA/DCBWoWhsTpA_turn06777.mp4,/Users/rajeshpmu/Desktop/LegalMemoCMT/data/processed/phase2/clancy/turn_clips/audio/DCBWoWhsTpA/DCBWoWhsTpA_turn06777.wav,7813.175,7842.699,29.524,created,02:10:13.175,02:10:42.699,0.000,default_zero,SPEAKER_02,7.003,pyannote/speaker-diarization-3.1,Witness,manual_verified_diarization,HIGH,YES,SPEAKING,Witness,YES,Witness 16 identified by manual audio/video review,INCLUDE,,YES,speaker_role=Witness,split_dev;usable,"usable because speaker_role=Witness, witness_speaking_status=SPEAKING, clip_status=created, duration=29.524s, and source is not excluded",YES,0.60,HIGH,manual_clip_review,HUMAN_VERIFIED,neutral,0.416963,1.551292,"{""anger"": 0.099368, ""disgust"": 0.036151, ""fear"": 0.037923, ""joy"": 0.102518, ""neutral"": 0.416963, ""sadness"": 0.268049, ""surprise"": 0.039027}",/Users/rajeshpmu/Desktop/LegalMemoCMT/results/paper_aligned_meld_cv/cmt_min/fold_2/best_model.pt,phase1_meld_checkpoint_pseudo_label,"audio,text","audio,text,video","{""audio_dim"": 128, ""audio_model_name"": ""facebook/hubert-base-ls960"", ""dropout"": 0.1, ""encoder_mode"": ""paper"", ""freeze_audio_backbone"": true, ""freeze_text_backbone"": true, ""fusion_dim"": 256, ""fusion_pooling"": ""min"", ""max_audio_len"": 256, ""max_text_len"": 128, ""max_video_len"": 32, ""num_classes"": 7, ""num_heads"": 4, ""num_layers"": 2, ""text_dim"": 256, ""text_model_name"": ""bert-base-uncased"", ""use_video"": false, ""video_dim"": 128, ""vocab_size"": 30000}"
DCBWoWhsTpA_turn06778,DCBWoWhsTpA_turn06778,DCBWoWhsTpA,https://www.youtube.com/live/DCBWoWhsTpA,LIVE: Lindsay Clancy trial Day 14,full_trial_stream,5,/Users/rajeshpmu/Desktop/LegalMemoCMT/data/phase2/clancy/corpus/raw/live-lindsay-clancy-trial-day-14/live-lindsay-clancy-trial-day-14_DCBWoWhsTpA.en.vtt,/Users/rajeshpmu/Desktop/LegalMemoCMT/data/processed/phase2/clancy/turn_clips/video/DCBWoWhsTpA/DCBWoWhsTpA_turn06778.mp4,/Users/rajeshpmu/Desktop/LegalMemoCMT/data/processed/phase2/clancy/turn_clips/audio/DCBWoWhsTpA/DCBWoWhsTpA_turn06778.wav,DCBWoWhsTpA,group_by_youtube_id,dev,neutral,text_keyword_heuristic,LOW,NO,neutral default,YES,When was that?,When was that?,02:10:42.699,02:10:44.663,1.964,1.964,marker,MEDIUM,1,3,"DCBWoWhsTpA_utt06129#p02,DCBWoWhsTpA_utt06130#p01,DCBWoWhsTpA_utt06131#p01","DCBWoWhsTpA_utt06129,DCBWoWhsTpA_utt06130,DCBWoWhsTpA_utt06131",3,/Users/rajeshpmu/Desktop/LegalMemoCMT/data/phase2/clancy/corpus/raw/live-lindsay-clancy-trial-day-14/live-lindsay-clancy-trial-day-14_DCBWoWhsTpA.mp4,/Users/rajeshpmu/Desktop/LegalMemoCMT/data/phase2/clancy/corpus/raw/live-lindsay-clancy-trial-day-14/live-lindsay-clancy-trial-day-14_DCBWoWhsTpA.wav,/Users/rajeshpmu/Desktop/LegalMemoCMT/data/processed/phase2/clancy/turn_clips/video/DCBWoWhsTpA/DCBWoWhsTpA_turn06778.mp4,/Users/rajeshpmu/Desktop/LegalMemoCMT/data/processed/phase2/clancy/turn_clips/audio/DCBWoWhsTpA/DCBWoWhsTpA_turn06778.wav,7842.699,7844.663,1.964,created,02:10:42.699,02:10:44.663,0.000,default_zero,SPEAKER_02,1.318,pyannote/speaker-diarization-3.1,Witness,manual_verified_diarization,HIGH,YES,SPEAKING,Witness,YES,Witness 16 identified by manual audio/video review,INCLUDE,,YES,speaker_role=Witness,split_dev;usable,"usable because speaker_role=Witness, witness_speaking_status=SPEAKING, clip_status=created, duration=1.964s, and source is not excluded",YES,0.60,HIGH,manual_clip_review,HUMAN_VERIFIED,neutral,0.679425,1.021601,"{""anger"": 0.030178, ""disgust"": 0.18786, ""fear"": 0.039873, ""joy"": 0.05095, ""neutral"": 0.679425, ""sadness"": 0.008374, ""surprise"": 0.003341}",/Users/rajeshpmu/Desktop/LegalMemoCMT/results/paper_aligned_meld_cv/cmt_min/fold_2/best_model.pt,phase1_meld_checkpoint_pseudo_label,"audio,text","audio,text,video","{""audio_dim"": 128, ""audio_model_name"": ""facebook/hubert-base-ls960"", ""dropout"": 0.1, ""encoder_mode"": ""paper"", ""freeze_audio_backbone"": true, ""freeze_text_backbone"": true, ""fusion_dim"": 256, ""fusion_pooling"": ""min"", ""max_audio_len"": 256, ""max_text_len"": 128, ""max_video_len"": 32, ""num_classes"": 7, ""num_heads"": 4, ""num_layers"": 2, ""text_dim"": 256, ""text_model_name"": ""bert-base-uncased"", ""use_video"": false, ""video_dim"": 128, ""vocab_size"": 30000}"
DCBWoWhsTpA_turn06779,DCBWoWhsTpA_turn06779,DCBWoWhsTpA,https://www.youtube.com/live/DCBWoWhsTpA,LIVE: Lindsay Clancy trial Day 14,full_trial_stream,5,/Users/rajeshpmu/Desktop/LegalMemoCMT/data/phase2/clancy/corpus/raw/live-lindsay-clancy-trial-day-14/live-lindsay-clancy-trial-day-14_DCBWoWhsTpA.en.vtt,/Users/rajeshpmu/Desktop/LegalMemoCMT/data/processed/phase2/clancy/turn_clips/video/DCBWoWhsTpA/DCBWoWhsTpA_turn06779.mp4,/Users/rajeshpmu/Desktop/LegalMemoCMT/data/processed/phase2/clancy/turn_clips/audio/DCBWoWhsTpA/DCBWoWhsTpA_turn06779.wav,DCBWoWhsTpA,group_by_youtube_id,dev,neutral,text_keyword_heuristic,LOW,NO,neutral default,YES,"That was late November, early December.","That was late November, early December.",02:10:44.663,02:10:47.881,3.218,3.218,marker,MEDIUM,1,3,"DCBWoWhsTpA_utt06131#p02,DCBWoWhsTpA_utt06132#p01,DCBWoWhsTpA_utt06133#p01","DCBWoWhsTpA_utt06131,DCBWoWhsTpA_utt06132,DCBWoWhsTpA_utt06133",3,/Users/rajeshpmu/Desktop/LegalMemoCMT/data/phase2/clancy/corpus/raw/live-lindsay-clancy-trial-day-14/live-lindsay-clancy-trial-day-14_DCBWoWhsTpA.mp4,/Users/rajeshpmu/Desktop/LegalMemoCMT/data/phase2/clancy/corpus/raw/live-lindsay-clancy-trial-day-14/live-lindsay-clancy-trial-day-14_DCBWoWhsTpA.wav,/Users/rajeshpmu/Desktop/LegalMemoCMT/data/processed/phase2/clancy/turn_clips/video/DCBWoWhsTpA/DCBWoWhsTpA_turn06779.mp4,/Users/rajeshpmu/Desktop/LegalMemoCMT/data/processed/phase2/clancy/turn_clips/audio/DCBWoWhsTpA/DCBWoWhsTpA_turn06779.wav,7844.663,7847.881,3.218,created,02:10:44.663,02:10:47.881,0.000,default_zero,SPEAKER_02,1.922,pyannote/speaker-diarization-3.1,Witness,manual_verified_diarization,HIGH,YES,SPEAKING,Witness,YES,Witness 16 identified by manual audio/video review,INCLUDE,,YES,speaker_role=Witness,split_dev;usable,"usable because speaker_role=Witness, witness_speaking_status=SPEAKING, clip_status=created, duration=3.218s, and source is not excluded",YES,0.60,HIGH,manual_clip_review,HUMAN_VERIFIED,neutral,0.917955,0.403526,"{""anger"": 0.018918, ""disgust"": 0.008826, ""fear"": 0.034807, ""joy"": 0.014468, ""neutral"": 0.917955, ""sadness"": 0.003052, ""surprise"": 0.001974}",/Users/rajeshpmu/Desktop/LegalMemoCMT/results/paper_aligned_meld_cv/cmt_min/fold_2/best_model.pt,phase1_meld_checkpoint_pseudo_label,"audio,text","audio,text,video","{""audio_dim"": 128, ""audio_model_name"": ""facebook/hubert-base-ls960"", ""dropout"": 0.1, ""encoder_mode"": ""paper"", ""freeze_audio_backbone"": true, ""freeze_text_backbone"": true, ""fusion_dim"": 256, ""fusion_pooling"": ""min"", ""max_audio_len"": 256, ""max_text_len"": 128, ""max_video_len"": 32, ""num_classes"": 7, ""num_heads"": 4, ""num_layers"": 2, ""text_dim"": 256, ""text_model_name"": ""bert-base-uncased"", ""use_video"": false, ""video_dim"": 128, ""vocab_size"": 30000}"
DCBWoWhsTpA_turn06782,DCBWoWhsTpA_turn06782,DCBWoWhsTpA,https://www.youtube.com/live/DCBWoWhsTpA,LIVE: Lindsay Clancy trial Day 14,full_trial_stream,5,/Users/rajeshpmu/Desktop/LegalMemoCMT/data/phase2/clancy/corpus/raw/live-lindsay-clancy-trial-day-14/live-lindsay-clancy-trial-day-14_DCBWoWhsTpA.en.vtt,/Users/rajeshpmu/Desktop/LegalMemoCMT/data/processed/phase2/clancy/turn_clips/video/DCBWoWhsTpA/DCBWoWhsTpA_turn06782.mp4,/Users/rajeshpmu/Desktop/LegalMemoCMT/data/processed/phase2/clancy/turn_clips/audio/DCBWoWhsTpA/DCBWoWhsTpA_turn06782.wav,DCBWoWhsTpA,group_by_youtube_id,dev,neutral,text_keyword_heuristic,LOW,NO,neutral default,YES,"Yes. Um, I was down there probably most of December through um Christmas Eve and then I left on Christmas Eve to come home to see my other daughter and her family and then Lindsay actually came to my house later the day on Christmas Day. Was she with Pat?","Yes. Um, I was down there probably most of December through um Christmas Eve and then I left on Christmas Eve to come home to see my other daughter and her family and then Lindsay actually came to my house later the day on Christmas Day. Was she with Pat?",02:11:02.382,02:11:22.604,20.222,20.222,marker,MEDIUM,1,20,"DCBWoWhsTpA_utt06147#p02,DCBWoWhsTpA_utt06148#p01,DCBWoWhsTpA_utt06149#p01,DCBWoWhsTpA_utt06150#p01,DCBWoWhsTpA_utt06151#p01,DCBWoWhsTpA_utt06152#p01,DCBWoWhsTpA_utt06153#p01,DCBWoWhsTpA_utt06154#p01,DCBWoWhsTpA_utt06155#p01,DCBWoWhsTpA_utt06156#p01,DCBWoWhsTpA_utt06157#p01,DCBWoWhsTpA_utt06158#p01,DCBWoWhsTpA_utt06159#p01,DCBWoWhsTpA_utt06160#p01,DCBWoWhsTpA_utt06161#p01,DCBWoWhsTpA_utt06162#p01,DCBWoWhsTpA_utt06163#p01,DCBWoWhsTpA_utt06163#p02,DCBWoWhsTpA_utt06164#p01,DCBWoWhsTpA_utt06165#p01","DCBWoWhsTpA_utt06147,DCBWoWhsTpA_utt06148,DCBWoWhsTpA_utt06149,DCBWoWhsTpA_utt06150,DCBWoWhsTpA_utt06151,DCBWoWhsTpA_utt06152,DCBWoWhsTpA_utt06153,DCBWoWhsTpA_utt06154,DCBWoWhsTpA_utt06155,DCBWoWhsTpA_utt06156,DCBWoWhsTpA_utt06157,DCBWoWhsTpA_utt06158,DCBWoWhsTpA_utt06159,DCBWoWhsTpA_utt06160,DCBWoWhsTpA_utt06161,DCBWoWhsTpA_utt06162,DCBWoWhsTpA_utt06163,DCBWoWhsTpA_utt06164,DCBWoWhsTpA_utt06165",19,/Users/rajeshpmu/Desktop/LegalMemoCMT/data/phase2/clancy/corpus/raw/live-lindsay-clancy-trial-day-14/live-lindsay-clancy-trial-day-14_DCBWoWhsTpA.mp4,/Users/rajeshpmu/Desktop/LegalMemoCMT/data/phase2/clancy/corpus/raw/live-lindsay-clancy-trial-day-14/live-lindsay-clancy-trial-day-14_DCBWoWhsTpA.wav,/Users/rajeshpmu/Desktop/LegalMemoCMT/data/processed/phase2/clancy/turn_clips/video/DCBWoWhsTpA/DCBWoWhsTpA_turn06782.mp4,/Users/rajeshpmu/Desktop/LegalMemoCMT/data/processed/phase2/clancy/turn_clips/audio/DCBWoWhsTpA/DCBWoWhsTpA_turn06782.wav,7862.382,7882.604,20.222,created,02:11:02.382,02:11:22.604,0.000,default_zero,SPEAKER_02,7.797,pyannote/speaker-diarization-3.1,Witness,manual_verified_diarization,HIGH,YES,SPEAKING,Witness,YES,Witness 16 identified by manual audio/video review,INCLUDE,,YES,speaker_role=Witness,split_dev;usable,"usable because speaker_role=Witness, witness_speaking_status=SPEAKING, clip_status=created, duration=20.222s, and source is not excluded",YES,0.60,HIGH,manual_clip_review,HUMAN_VERIFIED,neutral,0.785303,0.856268,"{""anger"": 0.041588, ""disgust"": 0.044158, ""fear"": 0.078124, ""joy"": 0.029308, ""neutral"": 0.785303, ""sadness"": 0.016879, ""surprise"": 0.004639}",/Users/rajeshpmu/Desktop/LegalMemoCMT/results/paper_aligned_meld_cv/cmt_min/fold_2/best_model.pt,phase1_meld_checkpoint_pseudo_label,"audio,text","audio,text,video","{""audio_dim"": 128, ""audio_model_name"": ""facebook/hubert-base-ls960"", ""dropout"": 0.1, ""encoder_mode"": ""paper"", ""freeze_audio_backbone"": true, ""freeze_text_backbone"": true, ""fusion_dim"": 256, ""fusion_pooling"": ""min"", ""max_audio_len"": 256, ""max_text_len"": 128, ""max_video_len"": 32, ""num_classes"": 7, ""num_heads"": 4, ""num_layers"": 2, ""text_dim"": 256, ""text_model_name"": ""bert-base-uncased"", ""use_video"": false, ""video_dim"": 128, ""vocab_size"": 30000}"
DCBWoWhsTpA_turn06789,DCBWoWhsTpA_turn06789,DCBWoWhsTpA,https://www.youtube.com/live/DCBWoWhsTpA,LIVE: Lindsay Clancy trial Day 14,full_trial_stream,5,/Users/rajeshpmu/Desktop/LegalMemoCMT/data/phase2/clancy/corpus/raw/live-lindsay-clancy-trial-day-14/live-lindsay-clancy-trial-day-14_DCBWoWhsTpA.en.vtt,/Users/rajeshpmu/Desktop/LegalMemoCMT/data/processed/phase2/clancy/turn_clips/video/DCBWoWhsTpA/DCBWoWhsTpA_turn06789.mp4,/Users/rajeshpmu/Desktop/LegalMemoCMT/data/processed/phase2/clancy/turn_clips/audio/DCBWoWhsTpA/DCBWoWhsTpA_turn06789.wav,DCBWoWhsTpA,group_by_youtube_id,dev,neutral,text_keyword_heuristic,LOW,NO,neutral default,YES,How did you know that?,How did you know that?,02:11:42.637,02:11:44.084,1.447,1.447,marker,MEDIUM,1,3,"DCBWoWhsTpA_utt06185#p02,DCBWoWhsTpA_utt06186#p01,DCBWoWhsTpA_utt06187#p01","DCBWoWhsTpA_utt06185,DCBWoWhsTpA_utt06186,DCBWoWhsTpA_utt06187",3,/Users/rajeshpmu/Desktop/LegalMemoCMT/data/phase2/clancy/corpus/raw/live-lindsay-clancy-trial-day-14/live-lindsay-clancy-trial-day-14_DCBWoWhsTpA.mp4,/Users/rajeshpmu/Desktop/LegalMemoCMT/data/phase2/clancy/corpus/raw/live-lindsay-clancy-trial-day-14/live-lindsay-clancy-trial-day-14_DCBWoWhsTpA.wav,/Users/rajeshpmu/Desktop/LegalMemoCMT/data/processed/phase2/clancy/turn_clips/video/DCBWoWhsTpA/DCBWoWhsTpA_turn06789.mp4,/Users/rajeshpmu/Desktop/LegalMemoCMT/data/processed/phase2/clancy/turn_clips/audio/DCBWoWhsTpA/DCBWoWhsTpA_turn06789.wav,7902.637,7904.084,1.447,created,02:11:42.637,02:11:44.084,0.000,default_zero,SPEAKER_02,0.658,pyannote/speaker-diarization-3.1,Witness,manual_verified_diarization,HIGH,YES,SPEAKING,Witness,YES,Witness 16 identified by manual audio/video review,INCLUDE,,YES,speaker_role=Witness,split_dev;usable,"usable because speaker_role=Witness, witness_speaking_status=SPEAKING, clip_status=created, duration=1.447s, and source is not excluded",YES,0.60,HIGH,manual_clip_review,HUMAN_VERIFIED,disgust,0.792184,0.750712,"{""anger"": 0.037745, ""disgust"": 0.792184, ""fear"": 0.012712, ""joy"": 0.014447, ""neutral"": 0.131245, ""sadness"": 0.007919, ""surprise"": 0.003747}",/Users/rajeshpmu/Desktop/LegalMemoCMT/results/paper_aligned_meld_cv/cmt_min/fold_2/best_model.pt,phase1_meld_checkpoint_pseudo_label,"audio,text","audio,text,video","{""audio_dim"": 128, ""audio_model_name"": ""facebook/hubert-base-ls960"", ""dropout"": 0.1, ""encoder_mode"": ""paper"", ""freeze_audio_backbone"": true, ""freeze_text_backbone"": true, ""fusion_dim"": 256, ""fusion_pooling"": ""min"", ""max_audio_len"": 256, ""max_text_len"": 128, ""max_video_len"": 32, ""num_classes"": 7, ""num_heads"": 4, ""num_layers"": 2, ""text_dim"": 256, ""text_model_name"": ""bert-base-uncased"", ""use_video"": false, ""video_dim"": 128, ""vocab_size"": 30000}"
DCBWoWhsTpA_turn06791,DCBWoWhsTpA_turn06791,DCBWoWhsTpA,https://www.youtube.com/live/DCBWoWhsTpA,LIVE: Lindsay Clancy trial Day 14,full_trial_stream,5,/Users/rajeshpmu/Desktop/LegalMemoCMT/data/phase2/clancy/corpus/raw/live-lindsay-clancy-trial-day-14/live-lindsay-clancy-trial-day-14_DCBWoWhsTpA.en.vtt,/Users/rajeshpmu/Desktop/LegalMemoCMT/data/processed/phase2/clancy/turn_clips/video/DCBWoWhsTpA/DCBWoWhsTpA_turn06791.mp4,/Users/rajeshpmu/Desktop/LegalMemoCMT/data/processed/phase2/clancy/turn_clips/audio/DCBWoWhsTpA/DCBWoWhsTpA_turn06791.wav,DCBWoWhsTpA,group_by_youtube_id,dev,neutral,text_keyword_heuristic,LOW,NO,neutral default,YES,What do you mean you were there?,What do you mean you were there?,02:11:44.837,02:11:46.595,1.758,1.758,marker,MEDIUM,1,3,"DCBWoWhsTpA_utt06189#p02,DCBWoWhsTpA_utt06190#p01,DCBWoWhsTpA_utt06191#p01","DCBWoWhsTpA_utt06189,DCBWoWhsTpA_utt06190,DCBWoWhsTpA_utt06191",3,/Users/rajeshpmu/Desktop/LegalMemoCMT/data/phase2/clancy/corpus/raw/live-lindsay-clancy-trial-day-14/live-lindsay-clancy-trial-day-14_DCBWoWhsTpA.mp4,/Users/rajeshpmu/Desktop/LegalMemoCMT/data/phase2/clancy/corpus/raw/live-lindsay-clancy-trial-day-14/live-lindsay-clancy-trial-day-14_DCBWoWhsTpA.wav,/Users/rajeshpmu/Desktop/LegalMemoCMT/data/processed/phase2/clancy/turn_clips/video/DCBWoWhsTpA/DCBWoWhsTpA_turn06791.mp4,/Users/rajeshpmu/Desktop/LegalMemoCMT/data/processed/phase2/clancy/turn_clips/audio/DCBWoWhsTpA/DCBWoWhsTpA_turn06791.wav,7904.837,7906.595,1.758,created,02:11:44.837,02:11:46.595,0.000,default_zero,SPEAKER_02,0.930,pyannote/speaker-diarization-3.1,Witness,manual_verified_diarization,HIGH,YES,SPEAKING,Witness,YES,Witness 16 identified by manual audio/video review,INCLUDE,,YES,speaker_role=Witness,split_dev;usable,"usable because speaker_role=Witness, witness_speaking_status=SPEAKING, clip_status=created, duration=1.758s, and source is not excluded",YES,0.60,HIGH,manual_clip_review,HUMAN_VERIFIED,disgust,0.498982,1.091085,"{""anger"": 0.030281, ""disgust"": 0.498982, ""fear"": 0.026058, ""joy"": 0.030434, ""neutral"": 0.3993, ""sadness"": 0.011882, ""surprise"": 0.003063}",/Users/rajeshpmu/Desktop/LegalMemoCMT/results/paper_aligned_meld_cv/cmt_min/fold_2/best_model.pt,phase1_meld_checkpoint_pseudo_label,"audio,text","audio,text,video","{""audio_dim"": 128, ""audio_model_name"": ""facebook/hubert-base-ls960"", ""dropout"": 0.1, ""encoder_mode"": ""paper"", ""freeze_audio_backbone"": true, ""freeze_text_backbone"": true, ""fusion_dim"": 256, ""fusion_pooling"": ""min"", ""max_audio_len"": 256, ""max_text_len"": 128, ""max_video_len"": 32, ""num_classes"": 7, ""num_heads"": 4, ""num_layers"": 2, ""text_dim"": 256, ""text_model_name"": ""bert-base-uncased"", ""use_video"": false, ""video_dim"": 128, ""vocab_size"": 30000}"
DCBWoWhsTpA_turn06792,DCBWoWhsTpA_turn06792,DCBWoWhsTpA,https://www.youtube.com/live/DCBWoWhsTpA,LIVE: Lindsay Clancy trial Day 14,full_trial_stream,5,/Users/rajeshpmu/Desktop/LegalMemoCMT/data/phase2/clancy/corpus/raw/live-lindsay-clancy-trial-day-14/live-lindsay-clancy-trial-day-14_DCBWoWhsTpA.en.vtt,/Users/rajeshpmu/Desktop/LegalMemoCMT/data/processed/phase2/clancy/turn_clips/video/DCBWoWhsTpA/DCBWoWhsTpA_turn06792.mp4,/Users/rajeshpmu/Desktop/LegalMemoCMT/data/processed/phase2/clancy/turn_clips/audio/DCBWoWhsTpA/DCBWoWhsTpA_turn06792.wav,DCBWoWhsTpA,group_by_youtube_id,dev,neutral,text_keyword_heuristic,LOW,NO,neutral default,YES,I was at Lindsay's house staying with them.,I was at Lindsay's house staying with them.,02:11:46.595,02:11:48.789,2.194,2.194,marker,MEDIUM,1,5,"DCBWoWhsTpA_utt06191#p02,DCBWoWhsTpA_utt06192#p01,DCBWoWhsTpA_utt06193#p01,DCBWoWhsTpA_utt06194#p01,DCBWoWhsTpA_utt06195#p01","DCBWoWhsTpA_utt06191,DCBWoWhsTpA_utt06192,DCBWoWhsTpA_utt06193,DCBWoWhsTpA_utt06194,DCBWoWhsTpA_utt06195",5,/Users/rajeshpmu/Desktop/LegalMemoCMT/data/phase2/clancy/corpus/raw/live-lindsay-clancy-trial-day-14/live-lindsay-clancy-trial-day-14_DCBWoWhsTpA.mp4,/Users/rajeshpmu/Desktop/LegalMemoCMT/data/phase2/clancy/corpus/raw/live-lindsay-clancy-trial-day-14/live-lindsay-clancy-trial-day-14_DCBWoWhsTpA.wav,/Users/rajeshpmu/Desktop/LegalMemoCMT/data/processed/phase2/clancy/turn_clips/video/DCBWoWhsTpA/DCBWoWhsTpA_turn06792.mp4,/Users/rajeshpmu/Desktop/LegalMemoCMT/data/processed/phase2/clancy/turn_clips/audio/DCBWoWhsTpA/DCBWoWhsTpA_turn06792.wav,7906.595,7908.789,2.194,created,02:11:46.595,02:11:48.789,0.000,default_zero,SPEAKER_02,1.145,pyannote/speaker-diarization-3.1,Witness,manual_verified_diarization,HIGH,YES,SPEAKING,Witness,YES,Witness 16 identified by manual audio/video review,INCLUDE,,YES,speaker_role=Witness,split_dev;usable,"usable because speaker_role=Witness, witness_speaking_status=SPEAKING, clip_status=created, duration=2.194s, and source is not excluded",YES,0.60,HIGH,manual_clip_review,HUMAN_VERIFIED,neutral,0.895665,0.476905,"{""anger"": 0.025997, ""disgust"": 0.011467, ""fear"": 0.046559, ""joy"": 0.01746, ""neutral"": 0.895665, ""sadness"": 0.001115, ""surprise"": 0.001736}",/Users/rajeshpmu/Desktop/LegalMemoCMT/results/paper_aligned_meld_cv/cmt_min/fold_2/best_model.pt,phase1_meld_checkpoint_pseudo_label,"audio,text","audio,text,video","{""audio_dim"": 128, ""audio_model_name"": ""facebook/hubert-base-ls960"", ""dropout"": 0.1, ""encoder_mode"": ""paper"", ""freeze_audio_backbone"": true, ""freeze_text_backbone"": true, ""fusion_dim"": 256, ""fusion_pooling"": ""min"", ""max_audio_len"": 256, ""max_text_len"": 128, ""max_video_len"": 32, ""num_classes"": 7, ""num_heads"": 4, ""num_layers"": 2, ""text_dim"": 256, ""text_model_name"": ""bert-base-uncased"", ""use_video"": false, ""video_dim"": 128, ""vocab_size"": 30000}"
DCBWoWhsTpA_turn06795,DCBWoWhsTpA_turn06795,DCBWoWhsTpA,https://www.youtube.com/live/DCBWoWhsTpA,LIVE: Lindsay Clancy trial Day 14,full_trial_stream,5,/Users/rajeshpmu/Desktop/LegalMemoCMT/data/phase2/clancy/corpus/raw/live-lindsay-clancy-trial-day-14/live-lindsay-clancy-trial-day-14_DCBWoWhsTpA.en.vtt,/Users/rajeshpmu/Desktop/LegalMemoCMT/data/processed/phase2/clancy/turn_clips/video/DCBWoWhsTpA/DCBWoWhsTpA_turn06795.mp4,/Users/rajeshpmu/Desktop/LegalMemoCMT/data/processed/phase2/clancy/turn_clips/audio/DCBWoWhsTpA/DCBWoWhsTpA_turn06795.wav,DCBWoWhsTpA,group_by_youtube_id,dev,neutral,text_keyword_heuristic,LOW,NO,neutral default,YES,"They were there, I guess, when we weren't there. I didn't really see them, but","They were there, I guess, when we weren't there. I didn't really see them, but",02:12:00.956,02:12:04.749,3.793,3.793,marker,MEDIUM,1,7,"DCBWoWhsTpA_utt06205#p02,DCBWoWhsTpA_utt06206#p01,DCBWoWhsTpA_utt06207#p01,DCBWoWhsTpA_utt06208#p01,DCBWoWhsTpA_utt06209#p01,DCBWoWhsTpA_utt06210#p01,DCBWoWhsTpA_utt06211#p01","DCBWoWhsTpA_utt06205,DCBWoWhsTpA_utt06206,DCBWoWhsTpA_utt06207,DCBWoWhsTpA_utt06208,DCBWoWhsTpA_utt06209,DCBWoWhsTpA_utt06210,DCBWoWhsTpA_utt06211",7,/Users/rajeshpmu/Desktop/LegalMemoCMT/data/phase2/clancy/corpus/raw/live-lindsay-clancy-trial-day-14/live-lindsay-clancy-trial-day-14_DCBWoWhsTpA.mp4,/Users/rajeshpmu/Desktop/LegalMemoCMT/data/phase2/clancy/corpus/raw/live-lindsay-clancy-trial-day-14/live-lindsay-clancy-trial-day-14_DCBWoWhsTpA.wav,/Users/rajeshpmu/Desktop/LegalMemoCMT/data/processed/phase2/clancy/turn_clips/video/DCBWoWhsTpA/DCBWoWhsTpA_turn06795.mp4,/Users/rajeshpmu/Desktop/LegalMemoCMT/data/processed/phase2/clancy/turn_clips/audio/DCBWoWhsTpA/DCBWoWhsTpA_turn06795.wav,7920.956,7924.749,3.793,created,02:12:00.956,02:12:04.749,0.000,default_zero,SPEAKER_02,3.406,pyannote/speaker-diarization-3.1,Witness,manual_verified_diarization,HIGH,YES,SPEAKING,Witness,YES,Witness 16 identified by manual audio/video review,INCLUDE,,YES,speaker_role=Witness,split_dev;usable,"usable because speaker_role=Witness, witness_speaking_status=SPEAKING, clip_status=created, duration=3.793s, and source is not excluded",YES,0.60,HIGH,manual_clip_review,HUMAN_VERIFIED,neutral,0.694923,1.092181,"{""anger"": 0.098962, ""disgust"": 0.029792, ""fear"": 0.076125, ""joy"": 0.032533, ""neutral"": 0.694923, ""sadness"": 0.063384, ""surprise"": 0.004281}",/Users/rajeshpmu/Desktop/LegalMemoCMT/results/paper_aligned_meld_cv/cmt_min/fold_2/best_model.pt,phase1_meld_checkpoint_pseudo_label,"audio,text","audio,text,video","{""audio_dim"": 128, ""audio_model_name"": ""facebook/hubert-base-ls960"", ""dropout"": 0.1, ""encoder_mode"": ""paper"", ""freeze_audio_backbone"": true, ""freeze_text_backbone"": true, ""fusion_dim"": 256, ""fusion_pooling"": ""min"", ""max_audio_len"": 256, ""max_text_len"": 128, ""max_video_len"": 32, ""num_classes"": 7, ""num_heads"": 4, ""num_layers"": 2, ""text_dim"": 256, ""text_model_name"": ""bert-base-uncased"", ""use_video"": false, ""video_dim"": 128, ""vocab_size"": 30000}"
DCBWoWhsTpA_turn06801,DCBWoWhsTpA_turn06801,DCBWoWhsTpA,https://www.youtube.com/live/DCBWoWhsTpA,LIVE: Lindsay Clancy trial Day 14,full_trial_stream,5,/Users/rajeshpmu/Desktop/LegalMemoCMT/data/phase2/clancy/corpus/raw/live-lindsay-clancy-trial-day-14/live-lindsay-clancy-trial-day-14_DCBWoWhsTpA.en.vtt,/Users/rajeshpmu/Desktop/LegalMemoCMT/data/processed/phase2/clancy/turn_clips/video/DCBWoWhsTpA/DCBWoWhsTpA_turn06801.mp4,/Users/rajeshpmu/Desktop/LegalMemoCMT/data/processed/phase2/clancy/turn_clips/audio/DCBWoWhsTpA/DCBWoWhsTpA_turn06801.wav,DCBWoWhsTpA,group_by_youtube_id,dev,neutral,text_keyword_heuristic,LOW,NO,neutral default,YES,"Yes. She said, ""The school knows some something's going on because I'm not driving my car to, you know, they see that I'm not driving my car to pick the kids up.""","Yes. She said, ""The school knows some something's going on because I'm not driving my car to, you know, they see that I'm not driving my car to pick the kids up.""",02:13:32.562,02:13:42.685,10.123,10.123,marker,MEDIUM,1,11,"DCBWoWhsTpA_utt06283#p02,DCBWoWhsTpA_utt06284#p01,DCBWoWhsTpA_utt06285#p01,DCBWoWhsTpA_utt06286#p01,DCBWoWhsTpA_utt06287#p01,DCBWoWhsTpA_utt06288#p01,DCBWoWhsTpA_utt06289#p01,DCBWoWhsTpA_utt06290#p01,DCBWoWhsTpA_utt06291#p01,DCBWoWhsTpA_utt06292#p01,DCBWoWhsTpA_utt06293#p01","DCBWoWhsTpA_utt06283,DCBWoWhsTpA_utt06284,DCBWoWhsTpA_utt06285,DCBWoWhsTpA_utt06286,DCBWoWhsTpA_utt06287,DCBWoWhsTpA_utt06288,DCBWoWhsTpA_utt06289,DCBWoWhsTpA_utt06290,DCBWoWhsTpA_utt06291,DCBWoWhsTpA_utt06292,DCBWoWhsTpA_utt06293",11,/Users/rajeshpmu/Desktop/LegalMemoCMT/data/phase2/clancy/corpus/raw/live-lindsay-clancy-trial-day-14/live-lindsay-clancy-trial-day-14_DCBWoWhsTpA.mp4,/Users/rajeshpmu/Desktop/LegalMemoCMT/data/phase2/clancy/corpus/raw/live-lindsay-clancy-trial-day-14/live-lindsay-clancy-trial-day-14_DCBWoWhsTpA.wav,/Users/rajeshpmu/Desktop/LegalMemoCMT/data/processed/phase2/clancy/turn_clips/video/DCBWoWhsTpA/DCBWoWhsTpA_turn06801.mp4,/Users/rajeshpmu/Desktop/LegalMemoCMT/data/processed/phase2/clancy/turn_clips/audio/DCBWoWhsTpA/DCBWoWhsTpA_turn06801.wav,8012.562,8022.685,10.123,created,02:13:32.562,02:13:42.685,0.000,default_zero,SPEAKER_02,8.393,pyannote/speaker-diarization-3.1,Witness,manual_verified_diarization,HIGH,YES,SPEAKING,Witness,YES,Witness 16 identified by manual audio/video review,INCLUDE,,YES,speaker_role=Witness,split_dev;usable,"usable because speaker_role=Witness, witness_speaking_status=SPEAKING, clip_status=created, duration=10.123s, and source is not excluded",YES,0.60,HIGH,manual_clip_review,HUMAN_VERIFIED,neutral,0.550178,1.334875,"{""anger"": 0.061356, ""disgust"": 0.020536, ""fear"": 0.047654, ""joy"": 0.09314, ""neutral"": 0.550178, ""sadness"": 0.213234, ""surprise"": 0.013901}",/Users/rajeshpmu/Desktop/LegalMemoCMT/results/paper_aligned_meld_cv/cmt_min/fold_2/best_model.pt,phase1_meld_checkpoint_pseudo_label,"audio,text","audio,text,video","{""audio_dim"": 128, ""audio_model_name"": ""facebook/hubert-base-ls960"", ""dropout"": 0.1, ""encoder_mode"": ""paper"", ""freeze_audio_backbone"": true, ""freeze_text_backbone"": true, ""fusion_dim"": 256, ""fusion_pooling"": ""min"", ""max_audio_len"": 256, ""max_text_len"": 128, ""max_video_len"": 32, ""num_classes"": 7, ""num_heads"": 4, ""num_layers"": 2, ""text_dim"": 256, ""text_model_name"": ""bert-base-uncased"", ""use_video"": false, ""video_dim"": 128, ""vocab_size"": 30000}"
DCBWoWhsTpA_turn06804,DCBWoWhsTpA_turn06804,DCBWoWhsTpA,https://www.youtube.com/live/DCBWoWhsTpA,LIVE: Lindsay Clancy trial Day 14,full_trial_stream,5,/Users/rajeshpmu/Desktop/LegalMemoCMT/data/phase2/clancy/corpus/raw/live-lindsay-clancy-trial-day-14/live-lindsay-clancy-trial-day-14_DCBWoWhsTpA.en.vtt,/Users/rajeshpmu/Desktop/LegalMemoCMT/data/processed/phase2/clancy/turn_clips/video/DCBWoWhsTpA/DCBWoWhsTpA_turn06804.mp4,/Users/rajeshpmu/Desktop/LegalMemoCMT/data/processed/phase2/clancy/turn_clips/audio/DCBWoWhsTpA/DCBWoWhsTpA_turn06804.wav,DCBWoWhsTpA,group_by_youtube_id,dev,neutral,text_keyword_heuristic,LOW,NO,neutral default,YES,What did she say?,What did she say?,02:13:50.750,02:13:52.891,2.141,2.141,marker,MEDIUM,1,3,"DCBWoWhsTpA_utt06303#p02,DCBWoWhsTpA_utt06304#p01,DCBWoWhsTpA_utt06305#p01","DCBWoWhsTpA_utt06303,DCBWoWhsTpA_utt06304,DCBWoWhsTpA_utt06305",3,/Users/rajeshpmu/Desktop/LegalMemoCMT/data/phase2/clancy/corpus/raw/live-lindsay-clancy-trial-day-14/live-lindsay-clancy-trial-day-14_DCBWoWhsTpA.mp4,/Users/rajeshpmu/Desktop/LegalMemoCMT/data/phase2/clancy/corpus/raw/live-lindsay-clancy-trial-day-14/live-lindsay-clancy-trial-day-14_DCBWoWhsTpA.wav,/Users/rajeshpmu/Desktop/LegalMemoCMT/data/processed/phase2/clancy/turn_clips/video/DCBWoWhsTpA/DCBWoWhsTpA_turn06804.mp4,/Users/rajeshpmu/Desktop/LegalMemoCMT/data/processed/phase2/clancy/turn_clips/audio/DCBWoWhsTpA/DCBWoWhsTpA_turn06804.wav,8030.750,8032.891,2.141,created,02:13:50.750,02:13:52.891,0.000,default_zero,SPEAKER_02,0.900,pyannote/speaker-diarization-3.1,Witness,manual_verified_diarization,HIGH,YES,SPEAKING,Witness,YES,Witness 16 identified by manual audio/video review,INCLUDE,,YES,speaker_role=Witness,split_dev;usable,"usable because speaker_role=Witness, witness_speaking_status=SPEAKING, clip_status=created, duration=2.141s, and source is not excluded",YES,0.60,HIGH,manual_clip_review,HUMAN_VERIFIED,neutral,0.542602,1.080624,"{""anger"": 0.024497, ""disgust"": 0.354011, ""fear"": 0.03797, ""joy"": 0.012616, ""neutral"": 0.542602, ""sadness"": 0.025026, ""surprise"": 0.003278}",/Users/rajeshpmu/Desktop/LegalMemoCMT/results/paper_aligned_meld_cv/cmt_min/fold_2/best_model.pt,phase1_meld_checkpoint_pseudo_label,"audio,text","audio,text,video","{""audio_dim"": 128, ""audio_model_name"": ""facebook/hubert-base-ls960"", ""dropout"": 0.1, ""encoder_mode"": ""paper"", ""freeze_audio_backbone"": true, ""freeze_text_backbone"": true, ""fusion_dim"": 256, ""fusion_pooling"": ""min"", ""max_audio_len"": 256, ""max_text_len"": 128, ""max_video_len"": 32, ""num_classes"": 7, ""num_heads"": 4, ""num_layers"": 2, ""text_dim"": 256, ""text_model_name"": ""bert-base-uncased"", ""use_video"": false, ""video_dim"": 128, ""vocab_size"": 30000}"
DCBWoWhsTpA_turn06805,DCBWoWhsTpA_turn06805,DCBWoWhsTpA,https://www.youtube.com/live/DCBWoWhsTpA,LIVE: Lindsay Clancy trial Day 14,full_trial_stream,5,/Users/rajeshpmu/Desktop/LegalMemoCMT/data/phase2/clancy/corpus/raw/live-lindsay-clancy-trial-day-14/live-lindsay-clancy-trial-day-14_DCBWoWhsTpA.en.vtt,/Users/rajeshpmu/Desktop/LegalMemoCMT/data/processed/phase2/clancy/turn_clips/video/DCBWoWhsTpA/DCBWoWhsTpA_turn06805.mp4,/Users/rajeshpmu/Desktop/LegalMemoCMT/data/processed/phase2/clancy/turn_clips/audio/DCBWoWhsTpA/DCBWoWhsTpA_turn06805.wav,DCBWoWhsTpA,group_by_youtube_id,dev,neutral,text_keyword_heuristic,LOW,NO,neutral default,YES,"She said that she couldn't remember anything. The medication was pretty much just destroying her mind and it wasn't her. She said, ""This isn't me. I I just want to feel better and enjoy my kids again.","She said that she couldn't remember anything. The medication was pretty much just destroying her mind and it wasn't her. She said, ""This isn't me. I I just want to feel better and enjoy my kids again.",02:13:52.891,02:14:06.555,13.664,13.664,marker,MEDIUM,1,13,"DCBWoWhsTpA_utt06305#p02,DCBWoWhsTpA_utt06306#p01,DCBWoWhsTpA_utt06307#p01,DCBWoWhsTpA_utt06308#p01,DCBWoWhsTpA_utt06309#p01,DCBWoWhsTpA_utt06310#p01,DCBWoWhsTpA_utt06311#p01,DCBWoWhsTpA_utt06312#p01,DCBWoWhsTpA_utt06313#p01,DCBWoWhsTpA_utt06314#p01,DCBWoWhsTpA_utt06315#p01,DCBWoWhsTpA_utt06316#p01,DCBWoWhsTpA_utt06317#p01","DCBWoWhsTpA_utt06305,DCBWoWhsTpA_utt06306,DCBWoWhsTpA_utt06307,DCBWoWhsTpA_utt06308,DCBWoWhsTpA_utt06309,DCBWoWhsTpA_utt06310,DCBWoWhsTpA_utt06311,DCBWoWhsTpA_utt06312,DCBWoWhsTpA_utt06313,DCBWoWhsTpA_utt06314,DCBWoWhsTpA_utt06315,DCBWoWhsTpA_utt06316,DCBWoWhsTpA_utt06317",13,/Users/rajeshpmu/Desktop/LegalMemoCMT/data/phase2/clancy/corpus/raw/live-lindsay-clancy-trial-day-14/live-lindsay-clancy-trial-day-14_DCBWoWhsTpA.mp4,/Users/rajeshpmu/Desktop/LegalMemoCMT/data/phase2/clancy/corpus/raw/live-lindsay-clancy-trial-day-14/live-lindsay-clancy-trial-day-14_DCBWoWhsTpA.wav,/Users/rajeshpmu/Desktop/LegalMemoCMT/data/processed/phase2/clancy/turn_clips/video/DCBWoWhsTpA/DCBWoWhsTpA_turn06805.mp4,/Users/rajeshpmu/Desktop/LegalMemoCMT/data/processed/phase2/clancy/turn_clips/audio/DCBWoWhsTpA/DCBWoWhsTpA_turn06805.wav,8032.891,8046.555,13.664,created,02:13:52.891,02:14:06.555,0.000,default_zero,SPEAKER_02,11.621,pyannote/speaker-diarization-3.1,Witness,manual_verified_diarization,HIGH,YES,SPEAKING,Witness,YES,Witness 16 identified by manual audio/video review,INCLUDE,,YES,speaker_role=Witness,split_dev;usable,"usable because speaker_role=Witness, witness_speaking_status=SPEAKING, clip_status=created, duration=13.664s, and source is not excluded",YES,0.60,HIGH,manual_clip_review,HUMAN_VERIFIED,joy,0.467539,1.420153,"{""anger"": 0.077549, ""disgust"": 0.011098, ""fear"": 0.121403, ""joy"": 0.467539, ""neutral"": 0.258872, ""sadness"": 0.01568, ""surprise"": 0.047859}",/Users/rajeshpmu/Desktop/LegalMemoCMT/results/paper_aligned_meld_cv/cmt_min/fold_2/best_model.pt,phase1_meld_checkpoint_pseudo_label,"audio,text","audio,text,video","{""audio_dim"": 128, ""audio_model_name"": ""facebook/hubert-base-ls960"", ""dropout"": 0.1, ""encoder_mode"": ""paper"", ""freeze_audio_backbone"": true, ""freeze_text_backbone"": true, ""fusion_dim"": 256, ""fusion_pooling"": ""min"", ""max_audio_len"": 256, ""max_text_len"": 128, ""max_video_len"": 32, ""num_classes"": 7, ""num_heads"": 4, ""num_layers"": 2, ""text_dim"": 256, ""text_model_name"": ""bert-base-uncased"", ""use_video"": false, ""video_dim"": 128, ""vocab_size"": 30000}"
DCBWoWhsTpA_turn06808,DCBWoWhsTpA_turn06808,DCBWoWhsTpA,https://www.youtube.com/live/DCBWoWhsTpA,LIVE: Lindsay Clancy trial Day 14,full_trial_stream,5,/Users/rajeshpmu/Desktop/LegalMemoCMT/data/phase2/clancy/corpus/raw/live-lindsay-clancy-trial-day-14/live-lindsay-clancy-trial-day-14_DCBWoWhsTpA.en.vtt,/Users/rajeshpmu/Desktop/LegalMemoCMT/data/processed/phase2/clancy/turn_clips/video/DCBWoWhsTpA/DCBWoWhsTpA_turn06808.mp4,/Users/rajeshpmu/Desktop/LegalMemoCMT/data/processed/phase2/clancy/turn_clips/audio/DCBWoWhsTpA/DCBWoWhsTpA_turn06808.wav,DCBWoWhsTpA,group_by_youtube_id,dev,stress,text_keyword_heuristic,HIGH,YES,keyword match,YES,"I know it's difficult. Just tell us what you remember. I remember her being very nervous. I remember her saying, ""I just have to tell you guys something."" And then she told us.","I know it's difficult. Just tell us what you remember. I remember her being very nervous. I remember her saying, ""I just have to tell you guys something."" And then she told us.",02:14:27.768,02:14:41.745,13.977,13.977,marker,MEDIUM,1,13,"DCBWoWhsTpA_utt06335#p02,DCBWoWhsTpA_utt06336#p01,DCBWoWhsTpA_utt06337#p01,DCBWoWhsTpA_utt06338#p01,DCBWoWhsTpA_utt06339#p01,DCBWoWhsTpA_utt06340#p01,DCBWoWhsTpA_utt06341#p01,DCBWoWhsTpA_utt06342#p01,DCBWoWhsTpA_utt06343#p01,DCBWoWhsTpA_utt06344#p01,DCBWoWhsTpA_utt06345#p01,DCBWoWhsTpA_utt06346#p01,DCBWoWhsTpA_utt06347#p01","DCBWoWhsTpA_utt06335,DCBWoWhsTpA_utt06336,DCBWoWhsTpA_utt06337,DCBWoWhsTpA_utt06338,DCBWoWhsTpA_utt06339,DCBWoWhsTpA_utt06340,DCBWoWhsTpA_utt06341,DCBWoWhsTpA_utt06342,DCBWoWhsTpA_utt06343,DCBWoWhsTpA_utt06344,DCBWoWhsTpA_utt06345,DCBWoWhsTpA_utt06346,DCBWoWhsTpA_utt06347",13,/Users/rajeshpmu/Desktop/LegalMemoCMT/data/phase2/clancy/corpus/raw/live-lindsay-clancy-trial-day-14/live-lindsay-clancy-trial-day-14_DCBWoWhsTpA.mp4,/Users/rajeshpmu/Desktop/LegalMemoCMT/data/phase2/clancy/corpus/raw/live-lindsay-clancy-trial-day-14/live-lindsay-clancy-trial-day-14_DCBWoWhsTpA.wav,/Users/rajeshpmu/Desktop/LegalMemoCMT/data/processed/phase2/clancy/turn_clips/video/DCBWoWhsTpA/DCBWoWhsTpA_turn06808.mp4,/Users/rajeshpmu/Desktop/LegalMemoCMT/data/processed/phase2/clancy/turn_clips/audio/DCBWoWhsTpA/DCBWoWhsTpA_turn06808.wav,8067.768,8081.745,13.977,created,02:14:27.768,02:14:41.745,0.000,default_zero,SPEAKER_02,6.598,pyannote/speaker-diarization-3.1,Witness,manual_verified_diarization,HIGH,YES,SPEAKING,Witness,YES,Witness 16 identified by manual audio/video review,INCLUDE,,YES,speaker_role=Witness,split_dev;usable,"usable because speaker_role=Witness, witness_speaking_status=SPEAKING, clip_status=created, duration=13.977s, and source is not excluded",YES,0.60,HIGH,manual_clip_review,HUMAN_VERIFIED,neutral,0.343609,1.484332,"{""anger"": 0.139444, ""disgust"": 0.017957, ""fear"": 0.118704, ""joy"": 0.027942, ""neutral"": 0.343609, ""sadness"": 0.341074, ""surprise"": 0.011271}",/Users/rajeshpmu/Desktop/LegalMemoCMT/results/paper_aligned_meld_cv/cmt_min/fold_2/best_model.pt,phase1_meld_checkpoint_pseudo_label,"audio,text","audio,text,video","{""audio_dim"": 128, ""audio_model_name"": ""facebook/hubert-base-ls960"", ""dropout"": 0.1, ""encoder_mode"": ""paper"", ""freeze_audio_backbone"": true, ""freeze_text_backbone"": true, ""fusion_dim"": 256, ""fusion_pooling"": ""min"", ""max_audio_len"": 256, ""max_text_len"": 128, ""max_video_len"": 32, ""num_classes"": 7, ""num_heads"": 4, ""num_layers"": 2, ""text_dim"": 256, ""text_model_name"": ""bert-base-uncased"", ""use_video"": false, ""video_dim"": 128, ""vocab_size"": 30000}"
DCBWoWhsTpA_turn06809,DCBWoWhsTpA_turn06809,DCBWoWhsTpA,https://www.youtube.com/live/DCBWoWhsTpA,LIVE: Lindsay Clancy trial Day 14,full_trial_stream,5,/Users/rajeshpmu/Desktop/LegalMemoCMT/data/phase2/clancy/corpus/raw/live-lindsay-clancy-trial-day-14/live-lindsay-clancy-trial-day-14_DCBWoWhsTpA.en.vtt,/Users/rajeshpmu/Desktop/LegalMemoCMT/data/processed/phase2/clancy/turn_clips/video/DCBWoWhsTpA/DCBWoWhsTpA_turn06809.mp4,/Users/rajeshpmu/Desktop/LegalMemoCMT/data/processed/phase2/clancy/turn_clips/audio/DCBWoWhsTpA/DCBWoWhsTpA_turn06809.wav,DCBWoWhsTpA,group_by_youtube_id,dev,neutral,text_keyword_heuristic,LOW,NO,neutral default,YES,What did she tell you?,What did she tell you?,02:14:41.745,02:14:43.638,1.893,1.893,marker,MEDIUM,1,3,"DCBWoWhsTpA_utt06347#p02,DCBWoWhsTpA_utt06348#p01,DCBWoWhsTpA_utt06349#p01","DCBWoWhsTpA_utt06347,DCBWoWhsTpA_utt06348,DCBWoWhsTpA_utt06349",3,/Users/rajeshpmu/Desktop/LegalMemoCMT/data/phase2/clancy/corpus/raw/live-lindsay-clancy-trial-day-14/live-lindsay-clancy-trial-day-14_DCBWoWhsTpA.mp4,/Users/rajeshpmu/Desktop/LegalMemoCMT/data/phase2/clancy/corpus/raw/live-lindsay-clancy-trial-day-14/live-lindsay-clancy-trial-day-14_DCBWoWhsTpA.wav,/Users/rajeshpmu/Desktop/LegalMemoCMT/data/processed/phase2/clancy/turn_clips/video/DCBWoWhsTpA/DCBWoWhsTpA_turn06809.mp4,/Users/rajeshpmu/Desktop/LegalMemoCMT/data/processed/phase2/clancy/turn_clips/audio/DCBWoWhsTpA/DCBWoWhsTpA_turn06809.wav,8081.745,8083.638,1.893,created,02:14:41.745,02:14:43.638,0.000,default_zero,SPEAKER_02,1.005,pyannote/speaker-diarization-3.1,Witness,manual_verified_diarization,HIGH,YES,SPEAKING,Witness,YES,Witness 16 identified by manual audio/video review,INCLUDE,,YES,speaker_role=Witness,split_dev;usable,"usable because speaker_role=Witness, witness_speaking_status=SPEAKING, clip_status=created, duration=1.893s, and source is not excluded",YES,0.60,HIGH,manual_clip_review,HUMAN_VERIFIED,neutral,0.763835,0.805759,"{""anger"": 0.022984, ""disgust"": 0.159905, ""fear"": 0.018615, ""joy"": 0.021054, ""neutral"": 0.763835, ""sadness"": 0.011288, ""surprise"": 0.00232}",/Users/rajeshpmu/Desktop/LegalMemoCMT/results/paper_aligned_meld_cv/cmt_min/fold_2/best_model.pt,phase1_meld_checkpoint_pseudo_label,"audio,text","audio,text,video","{""audio_dim"": 128, ""audio_model_name"": ""facebook/hubert-base-ls960"", ""dropout"": 0.1, ""encoder_mode"": ""paper"", ""freeze_audio_backbone"": true, ""freeze_text_backbone"": true, ""fusion_dim"": 256, ""fusion_pooling"": ""min"", ""max_audio_len"": 256, ""max_text_len"": 128, ""max_video_len"": 32, ""num_classes"": 7, ""num_heads"": 4, ""num_layers"": 2, ""text_dim"": 256, ""text_model_name"": ""bert-base-uncased"", ""use_video"": false, ""video_dim"": 128, ""vocab_size"": 30000}"
DCBWoWhsTpA_turn06810,DCBWoWhsTpA_turn06810,DCBWoWhsTpA,https://www.youtube.com/live/DCBWoWhsTpA,LIVE: Lindsay Clancy trial Day 14,full_trial_stream,5,/Users/rajeshpmu/Desktop/LegalMemoCMT/data/phase2/clancy/corpus/raw/live-lindsay-clancy-trial-day-14/live-lindsay-clancy-trial-day-14_DCBWoWhsTpA.en.vtt,/Users/rajeshpmu/Desktop/LegalMemoCMT/data/processed/phase2/clancy/turn_clips/video/DCBWoWhsTpA/DCBWoWhsTpA_turn06810.mp4,/Users/rajeshpmu/Desktop/LegalMemoCMT/data/processed/phase2/clancy/turn_clips/audio/DCBWoWhsTpA/DCBWoWhsTpA_turn06810.wav,DCBWoWhsTpA,group_by_youtube_id,dev,neutral,text_keyword_heuristic,LOW,NO,neutral default,YES,She told us that she had thoughts of harming the children.,She told us that she had thoughts of harming the children.,02:14:43.638,02:14:48.870,5.232,5.232,marker,MEDIUM,1,3,"DCBWoWhsTpA_utt06349#p02,DCBWoWhsTpA_utt06350#p01,DCBWoWhsTpA_utt06351#p01","DCBWoWhsTpA_utt06349,DCBWoWhsTpA_utt06350,DCBWoWhsTpA_utt06351",3,/Users/rajeshpmu/Desktop/LegalMemoCMT/data/phase2/clancy/corpus/raw/live-lindsay-clancy-trial-day-14/live-lindsay-clancy-trial-day-14_DCBWoWhsTpA.mp4,/Users/rajeshpmu/Desktop/LegalMemoCMT/data/phase2/clancy/corpus/raw/live-lindsay-clancy-trial-day-14/live-lindsay-clancy-trial-day-14_DCBWoWhsTpA.wav,/Users/rajeshpmu/Desktop/LegalMemoCMT/data/processed/phase2/clancy/turn_clips/video/DCBWoWhsTpA/DCBWoWhsTpA_turn06810.mp4,/Users/rajeshpmu/Desktop/LegalMemoCMT/data/processed/phase2/clancy/turn_clips/audio/DCBWoWhsTpA/DCBWoWhsTpA_turn06810.wav,8083.638,8088.870,5.232,created,02:14:43.638,02:14:48.870,0.000,default_zero,SPEAKER_02,2.505,pyannote/speaker-diarization-3.1,Witness,manual_verified_diarization,HIGH,YES,SPEAKING,Witness,YES,Witness 16 identified by manual audio/video review,INCLUDE,,YES,speaker_role=Witness,split_dev;usable,"usable because speaker_role=Witness, witness_speaking_status=SPEAKING, clip_status=created, duration=5.232s, and source is not excluded",YES,0.60,HIGH,manual_clip_review,HUMAN_VERIFIED,neutral,0.360626,1.508791,"{""anger"": 0.032307, ""disgust"": 0.014585, ""fear"": 0.33249, ""joy"": 0.09266, ""neutral"": 0.360626, ""sadness"": 0.134578, ""surprise"": 0.032753}",/Users/rajeshpmu/Desktop/LegalMemoCMT/results/paper_aligned_meld_cv/cmt_min/fold_2/best_model.pt,phase1_meld_checkpoint_pseudo_label,"audio,text","audio,text,video","{""audio_dim"": 128, ""audio_model_name"": ""facebook/hubert-base-ls960"", ""dropout"": 0.1, ""encoder_mode"": ""paper"", ""freeze_audio_backbone"": true, ""freeze_text_backbone"": true, ""fusion_dim"": 256, ""fusion_pooling"": ""min"", ""max_audio_len"": 256, ""max_text_len"": 128, ""max_video_len"": 32, ""num_classes"": 7, ""num_heads"": 4, ""num_layers"": 2, ""text_dim"": 256, ""text_model_name"": ""bert-base-uncased"", ""use_video"": false, ""video_dim"": 128, ""vocab_size"": 30000}"
DCBWoWhsTpA_turn06822,DCBWoWhsTpA_turn06822,DCBWoWhsTpA,https://www.youtube.com/live/DCBWoWhsTpA,LIVE: Lindsay Clancy trial Day 14,full_trial_stream,5,/Users/rajeshpmu/Desktop/LegalMemoCMT/data/phase2/clancy/corpus/raw/live-lindsay-clancy-trial-day-14/live-lindsay-clancy-trial-day-14_DCBWoWhsTpA.en.vtt,/Users/rajeshpmu/Desktop/LegalMemoCMT/data/processed/phase2/clancy/turn_clips/video/DCBWoWhsTpA/DCBWoWhsTpA_turn06822.mp4,/Users/rajeshpmu/Desktop/LegalMemoCMT/data/processed/phase2/clancy/turn_clips/audio/DCBWoWhsTpA/DCBWoWhsTpA_turn06822.wav,DCBWoWhsTpA,group_by_youtube_id,dev,neutral,text_keyword_heuristic,LOW,NO,neutral default,YES,I believe I remember Pat asking her if she felt like she couldn't be alone with the children and she said no.,I believe I remember Pat asking her if she felt like she couldn't be alone with the children and she said no.,02:18:43.954,02:18:50.602,6.648,6.648,marker,MEDIUM,1,7,"DCBWoWhsTpA_utt06441#p02,DCBWoWhsTpA_utt06442#p01,DCBWoWhsTpA_utt06443#p01,DCBWoWhsTpA_utt06444#p01,DCBWoWhsTpA_utt06445#p01,DCBWoWhsTpA_utt06446#p01,DCBWoWhsTpA_utt06447#p01","DCBWoWhsTpA_utt06441,DCBWoWhsTpA_utt06442,DCBWoWhsTpA_utt06443,DCBWoWhsTpA_utt06444,DCBWoWhsTpA_utt06445,DCBWoWhsTpA_utt06446,DCBWoWhsTpA_utt06447",7,/Users/rajeshpmu/Desktop/LegalMemoCMT/data/phase2/clancy/corpus/raw/live-lindsay-clancy-trial-day-14/live-lindsay-clancy-trial-day-14_DCBWoWhsTpA.mp4,/Users/rajeshpmu/Desktop/LegalMemoCMT/data/phase2/clancy/corpus/raw/live-lindsay-clancy-trial-day-14/live-lindsay-clancy-trial-day-14_DCBWoWhsTpA.wav,/Users/rajeshpmu/Desktop/LegalMemoCMT/data/processed/phase2/clancy/turn_clips/video/DCBWoWhsTpA/DCBWoWhsTpA_turn06822.mp4,/Users/rajeshpmu/Desktop/LegalMemoCMT/data/processed/phase2/clancy/turn_clips/audio/DCBWoWhsTpA/DCBWoWhsTpA_turn06822.wav,8323.954,8330.602,6.648,created,02:18:43.954,02:18:50.602,0.000,default_zero,SPEAKER_02,4.767,pyannote/speaker-diarization-3.1,Witness,manual_verified_diarization,HIGH,YES,SPEAKING,Witness,YES,Witness 16 identified by manual audio/video review,INCLUDE,,YES,speaker_role=Witness,split_dev;usable,"usable because speaker_role=Witness, witness_speaking_status=SPEAKING, clip_status=created, duration=6.648s, and source is not excluded",YES,0.60,HIGH,manual_clip_review,HUMAN_VERIFIED,neutral,0.688851,0.92935,"{""anger"": 0.070144, ""disgust"": 0.009628, ""fear"": 0.203553, ""joy"": 0.022226, ""neutral"": 0.688851, ""sadness"": 0.00307, ""surprise"": 0.002527}",/Users/rajeshpmu/Desktop/LegalMemoCMT/results/paper_aligned_meld_cv/cmt_min/fold_2/best_model.pt,phase1_meld_checkpoint_pseudo_label,"audio,text","audio,text,video","{""audio_dim"": 128, ""audio_model_name"": ""facebook/hubert-base-ls960"", ""dropout"": 0.1, ""encoder_mode"": ""paper"", ""freeze_audio_backbone"": true, ""freeze_text_backbone"": true, ""fusion_dim"": 256, ""fusion_pooling"": ""min"", ""max_audio_len"": 256, ""max_text_len"": 128, ""max_video_len"": 32, ""num_classes"": 7, ""num_heads"": 4, ""num_layers"": 2, ""text_dim"": 256, ""text_model_name"": ""bert-base-uncased"", ""use_video"": false, ""video_dim"": 128, ""vocab_size"": 30000}"
DCBWoWhsTpA_turn06836,DCBWoWhsTpA_turn06836,DCBWoWhsTpA,https://www.youtube.com/live/DCBWoWhsTpA,LIVE: Lindsay Clancy trial Day 14,full_trial_stream,5,/Users/rajeshpmu/Desktop/LegalMemoCMT/data/phase2/clancy/corpus/raw/live-lindsay-clancy-trial-day-14/live-lindsay-clancy-trial-day-14_DCBWoWhsTpA.en.vtt,/Users/rajeshpmu/Desktop/LegalMemoCMT/data/processed/phase2/clancy/turn_clips/video/DCBWoWhsTpA/DCBWoWhsTpA_turn06836.mp4,/Users/rajeshpmu/Desktop/LegalMemoCMT/data/processed/phase2/clancy/turn_clips/audio/DCBWoWhsTpA/DCBWoWhsTpA_turn06836.wav,DCBWoWhsTpA,group_by_youtube_id,dev,neutral,text_keyword_heuristic,LOW,NO,neutral default,YES,"I must have been home at that point. I honestly don't remember. I was back and forth so many times. So, the time frames are really jumbled in my head as far as how long I stayed any particular time. And so you would go and help out when they asked you to and then you would go home when things were calmed down a little bit with Is that right?","I must have been home at that point. I honestly don't remember. I was back and forth so many times. So, the time frames are really jumbled in my head as far as how long I stayed any particular time. And so you would go and help out when they asked you to and then you would go home when things were calmed down a little bit with Is that right?",02:20:56.274,02:21:17.914,21.640,21.640,marker,MEDIUM,1,19,"DCBWoWhsTpA_utt06559#p02,DCBWoWhsTpA_utt06560#p01,DCBWoWhsTpA_utt06561#p01,DCBWoWhsTpA_utt06562#p01,DCBWoWhsTpA_utt06563#p01,DCBWoWhsTpA_utt06564#p01,DCBWoWhsTpA_utt06565#p01,DCBWoWhsTpA_utt06566#p01,DCBWoWhsTpA_utt06567#p01,DCBWoWhsTpA_utt06568#p01,DCBWoWhsTpA_utt06569#p01,DCBWoWhsTpA_utt06570#p01,DCBWoWhsTpA_utt06571#p01,DCBWoWhsTpA_utt06572#p01,DCBWoWhsTpA_utt06573#p01,DCBWoWhsTpA_utt06574#p01,DCBWoWhsTpA_utt06575#p01,DCBWoWhsTpA_utt06576#p01,DCBWoWhsTpA_utt06577#p01","DCBWoWhsTpA_utt06559,DCBWoWhsTpA_utt06560,DCBWoWhsTpA_utt06561,DCBWoWhsTpA_utt06562,DCBWoWhsTpA_utt06563,DCBWoWhsTpA_utt06564,DCBWoWhsTpA_utt06565,DCBWoWhsTpA_utt06566,DCBWoWhsTpA_utt06567,DCBWoWhsTpA_utt06568,DCBWoWhsTpA_utt06569,DCBWoWhsTpA_utt06570,DCBWoWhsTpA_utt06571,DCBWoWhsTpA_utt06572,DCBWoWhsTpA_utt06573,DCBWoWhsTpA_utt06574,DCBWoWhsTpA_utt06575,DCBWoWhsTpA_utt06576,DCBWoWhsTpA_utt06577",19,/Users/rajeshpmu/Desktop/LegalMemoCMT/data/phase2/clancy/corpus/raw/live-lindsay-clancy-trial-day-14/live-lindsay-clancy-trial-day-14_DCBWoWhsTpA.mp4,/Users/rajeshpmu/Desktop/LegalMemoCMT/data/phase2/clancy/corpus/raw/live-lindsay-clancy-trial-day-14/live-lindsay-clancy-trial-day-14_DCBWoWhsTpA.wav,/Users/rajeshpmu/Desktop/LegalMemoCMT/data/processed/phase2/clancy/turn_clips/video/DCBWoWhsTpA/DCBWoWhsTpA_turn06836.mp4,/Users/rajeshpmu/Desktop/LegalMemoCMT/data/processed/phase2/clancy/turn_clips/audio/DCBWoWhsTpA/DCBWoWhsTpA_turn06836.wav,8456.274,8477.914,21.640,created,02:20:56.274,02:21:17.914,0.000,default_zero,SPEAKER_02,6.485,pyannote/speaker-diarization-3.1,Witness,manual_verified_diarization,HIGH,YES,SPEAKING,Witness,YES,Witness 16 identified by manual audio/video review,INCLUDE,,YES,speaker_role=Witness,split_dev;usable,"usable because speaker_role=Witness, witness_speaking_status=SPEAKING, clip_status=created, duration=21.640s, and source is not excluded",YES,0.60,HIGH,manual_clip_review,HUMAN_VERIFIED,neutral,0.840754,0.670773,"{""anger"": 0.028588, ""disgust"": 0.009494, ""fear"": 0.034555, ""joy"": 0.069263, ""neutral"": 0.840754, ""sadness"": 0.014606, ""surprise"": 0.00274}",/Users/rajeshpmu/Desktop/LegalMemoCMT/results/paper_aligned_meld_cv/cmt_min/fold_2/best_model.pt,phase1_meld_checkpoint_pseudo_label,"audio,text","audio,text,video","{""audio_dim"": 128, ""audio_model_name"": ""facebook/hubert-base-ls960"", ""dropout"": 0.1, ""encoder_mode"": ""paper"", ""freeze_audio_backbone"": true, ""freeze_text_backbone"": true, ""fusion_dim"": 256, ""fusion_pooling"": ""min"", ""max_audio_len"": 256, ""max_text_len"": 128, ""max_video_len"": 32, ""num_classes"": 7, ""num_heads"": 4, ""num_layers"": 2, ""text_dim"": 256, ""text_model_name"": ""bert-base-uncased"", ""use_video"": false, ""video_dim"": 128, ""vocab_size"": 30000}"
DCBWoWhsTpA_turn06839,DCBWoWhsTpA_turn06839,DCBWoWhsTpA,https://www.youtube.com/live/DCBWoWhsTpA,LIVE: Lindsay Clancy trial Day 14,full_trial_stream,5,/Users/rajeshpmu/Desktop/LegalMemoCMT/data/phase2/clancy/corpus/raw/live-lindsay-clancy-trial-day-14/live-lindsay-clancy-trial-day-14_DCBWoWhsTpA.en.vtt,/Users/rajeshpmu/Desktop/LegalMemoCMT/data/processed/phase2/clancy/turn_clips/video/DCBWoWhsTpA/DCBWoWhsTpA_turn06839.mp4,/Users/rajeshpmu/Desktop/LegalMemoCMT/data/processed/phase2/clancy/turn_clips/audio/DCBWoWhsTpA/DCBWoWhsTpA_turn06839.wav,DCBWoWhsTpA,group_by_youtube_id,dev,neutral,text_keyword_heuristic,LOW,NO,neutral default,YES,I don't recall. But if that's what the text says then Okay.,I don't recall. But if that's what the text says then Okay.,02:21:24.624,02:21:42.574,17.950,17.950,marker,MEDIUM,1,5,"DCBWoWhsTpA_utt06583#p02,DCBWoWhsTpA_utt06584#p01,DCBWoWhsTpA_utt06585#p01,DCBWoWhsTpA_utt06590#p01,DCBWoWhsTpA_utt06591#p01","DCBWoWhsTpA_utt06583,DCBWoWhsTpA_utt06584,DCBWoWhsTpA_utt06585,DCBWoWhsTpA_utt06590,DCBWoWhsTpA_utt06591",5,/Users/rajeshpmu/Desktop/LegalMemoCMT/data/phase2/clancy/corpus/raw/live-lindsay-clancy-trial-day-14/live-lindsay-clancy-trial-day-14_DCBWoWhsTpA.mp4,/Users/rajeshpmu/Desktop/LegalMemoCMT/data/phase2/clancy/corpus/raw/live-lindsay-clancy-trial-day-14/live-lindsay-clancy-trial-day-14_DCBWoWhsTpA.wav,/Users/rajeshpmu/Desktop/LegalMemoCMT/data/processed/phase2/clancy/turn_clips/video/DCBWoWhsTpA/DCBWoWhsTpA_turn06839.mp4,/Users/rajeshpmu/Desktop/LegalMemoCMT/data/processed/phase2/clancy/turn_clips/audio/DCBWoWhsTpA/DCBWoWhsTpA_turn06839.wav,8484.624,8502.574,17.950,created,02:21:24.624,02:21:42.574,0.000,default_zero,SPEAKER_02,1.861,pyannote/speaker-diarization-3.1,Witness,manual_verified_diarization,HIGH,YES,SPEAKING,Witness,YES,Witness 16 identified by manual audio/video review,INCLUDE,,YES,speaker_role=Witness,split_dev;usable,"usable because speaker_role=Witness, witness_speaking_status=SPEAKING, clip_status=created, duration=17.950s, and source is not excluded",YES,0.60,HIGH,manual_clip_review,HUMAN_VERIFIED,neutral,0.929498,0.347141,"{""anger"": 0.033052, ""disgust"": 0.004446, ""fear"": 0.006628, ""joy"": 0.022669, ""neutral"": 0.929498, ""sadness"": 0.001766, ""surprise"": 0.001942}",/Users/rajeshpmu/Desktop/LegalMemoCMT/results/paper_aligned_meld_cv/cmt_min/fold_2/best_model.pt,phase1_meld_checkpoint_pseudo_label,"audio,text","audio,text,video","{""audio_dim"": 128, ""audio_model_name"": ""facebook/hubert-base-ls960"", ""dropout"": 0.1, ""encoder_mode"": ""paper"", ""freeze_audio_backbone"": true, ""freeze_text_backbone"": true, ""fusion_dim"": 256, ""fusion_pooling"": ""min"", ""max_audio_len"": 256, ""max_text_len"": 128, ""max_video_len"": 32, ""num_classes"": 7, ""num_heads"": 4, ""num_layers"": 2, ""text_dim"": 256, ""text_model_name"": ""bert-base-uncased"", ""use_video"": false, ""video_dim"": 128, ""vocab_size"": 30000}"
DCBWoWhsTpA_turn06847,DCBWoWhsTpA_turn06847,DCBWoWhsTpA,https://www.youtube.com/live/DCBWoWhsTpA,LIVE: Lindsay Clancy trial Day 14,full_trial_stream,5,/Users/rajeshpmu/Desktop/LegalMemoCMT/data/phase2/clancy/corpus/raw/live-lindsay-clancy-trial-day-14/live-lindsay-clancy-trial-day-14_DCBWoWhsTpA.en.vtt,/Users/rajeshpmu/Desktop/LegalMemoCMT/data/processed/phase2/clancy/turn_clips/video/DCBWoWhsTpA/DCBWoWhsTpA_turn06847.mp4,/Users/rajeshpmu/Desktop/LegalMemoCMT/data/processed/phase2/clancy/turn_clips/audio/DCBWoWhsTpA/DCBWoWhsTpA_turn06847.wav,DCBWoWhsTpA,group_by_youtube_id,dev,neutral,text_keyword_heuristic,LOW,NO,neutral default,YES,When was that?,When was that?,02:22:16.157,02:22:18.052,1.895,1.895,marker,MEDIUM,1,3,"DCBWoWhsTpA_utt06619#p02,DCBWoWhsTpA_utt06620#p01,DCBWoWhsTpA_utt06621#p01","DCBWoWhsTpA_utt06619,DCBWoWhsTpA_utt06620,DCBWoWhsTpA_utt06621",3,/Users/rajeshpmu/Desktop/LegalMemoCMT/data/phase2/clancy/corpus/raw/live-lindsay-clancy-trial-day-14/live-lindsay-clancy-trial-day-14_DCBWoWhsTpA.mp4,/Users/rajeshpmu/Desktop/LegalMemoCMT/data/phase2/clancy/corpus/raw/live-lindsay-clancy-trial-day-14/live-lindsay-clancy-trial-day-14_DCBWoWhsTpA.wav,/Users/rajeshpmu/Desktop/LegalMemoCMT/data/processed/phase2/clancy/turn_clips/video/DCBWoWhsTpA/DCBWoWhsTpA_turn06847.mp4,/Users/rajeshpmu/Desktop/LegalMemoCMT/data/processed/phase2/clancy/turn_clips/audio/DCBWoWhsTpA/DCBWoWhsTpA_turn06847.wav,8536.157,8538.052,1.895,created,02:22:16.157,02:22:18.052,0.000,default_zero,SPEAKER_02,0.756,pyannote/speaker-diarization-3.1,Witness,manual_verified_diarization,HIGH,YES,SPEAKING,Witness,YES,Witness 16 identified by manual audio/video review,INCLUDE,,YES,speaker_role=Witness,split_dev;usable,"usable because speaker_role=Witness, witness_speaking_status=SPEAKING, clip_status=created, duration=1.895s, and source is not excluded",YES,0.60,HIGH,manual_clip_review,HUMAN_VERIFIED,neutral,0.647757,1.084718,"{""anger"": 0.040413, ""disgust"": 0.201428, ""fear"": 0.060601, ""joy"": 0.039518, ""neutral"": 0.647757, ""sadness"": 0.007088, ""surprise"": 0.003195}",/Users/rajeshpmu/Desktop/LegalMemoCMT/results/paper_aligned_meld_cv/cmt_min/fold_2/best_model.pt,phase1_meld_checkpoint_pseudo_label,"audio,text","audio,text,video","{""audio_dim"": 128, ""audio_model_name"": ""facebook/hubert-base-ls960"", ""dropout"": 0.1, ""encoder_mode"": ""paper"", ""freeze_audio_backbone"": true, ""freeze_text_backbone"": true, ""fusion_dim"": 256, ""fusion_pooling"": ""min"", ""max_audio_len"": 256, ""max_text_len"": 128, ""max_video_len"": 32, ""num_classes"": 7, ""num_heads"": 4, ""num_layers"": 2, ""text_dim"": 256, ""text_model_name"": ""bert-base-uncased"", ""use_video"": false, ""video_dim"": 128, ""vocab_size"": 30000}"
DCBWoWhsTpA_turn06848,DCBWoWhsTpA_turn06848,DCBWoWhsTpA,https://www.youtube.com/live/DCBWoWhsTpA,LIVE: Lindsay Clancy trial Day 14,full_trial_stream,5,/Users/rajeshpmu/Desktop/LegalMemoCMT/data/phase2/clancy/corpus/raw/live-lindsay-clancy-trial-day-14/live-lindsay-clancy-trial-day-14_DCBWoWhsTpA.en.vtt,/Users/rajeshpmu/Desktop/LegalMemoCMT/data/processed/phase2/clancy/turn_clips/video/DCBWoWhsTpA/DCBWoWhsTpA_turn06848.mp4,/Users/rajeshpmu/Desktop/LegalMemoCMT/data/processed/phase2/clancy/turn_clips/audio/DCBWoWhsTpA/DCBWoWhsTpA_turn06848.wav,DCBWoWhsTpA,group_by_youtube_id,dev,neutral,text_keyword_heuristic,LOW,NO,neutral default,YES,"That was I can't exactly remember when. I'm going to say probably sometime in November, the latter part of November, maybe the early part of December.","That was I can't exactly remember when. I'm going to say probably sometime in November, the latter part of November, maybe the early part of December.",02:22:18.052,02:22:27.115,9.063,9.063,marker,MEDIUM,1,9,"DCBWoWhsTpA_utt06621#p02,DCBWoWhsTpA_utt06622#p01,DCBWoWhsTpA_utt06623#p01,DCBWoWhsTpA_utt06624#p01,DCBWoWhsTpA_utt06625#p01,DCBWoWhsTpA_utt06626#p01,DCBWoWhsTpA_utt06627#p01,DCBWoWhsTpA_utt06628#p01,DCBWoWhsTpA_utt06629#p01","DCBWoWhsTpA_utt06621,DCBWoWhsTpA_utt06622,DCBWoWhsTpA_utt06623,DCBWoWhsTpA_utt06624,DCBWoWhsTpA_utt06625,DCBWoWhsTpA_utt06626,DCBWoWhsTpA_utt06627,DCBWoWhsTpA_utt06628,DCBWoWhsTpA_utt06629",9,/Users/rajeshpmu/Desktop/LegalMemoCMT/data/phase2/clancy/corpus/raw/live-lindsay-clancy-trial-day-14/live-lindsay-clancy-trial-day-14_DCBWoWhsTpA.mp4,/Users/rajeshpmu/Desktop/LegalMemoCMT/data/phase2/clancy/corpus/raw/live-lindsay-clancy-trial-day-14/live-lindsay-clancy-trial-day-14_DCBWoWhsTpA.wav,/Users/rajeshpmu/Desktop/LegalMemoCMT/data/processed/phase2/clancy/turn_clips/video/DCBWoWhsTpA/DCBWoWhsTpA_turn06848.mp4,/Users/rajeshpmu/Desktop/LegalMemoCMT/data/processed/phase2/clancy/turn_clips/audio/DCBWoWhsTpA/DCBWoWhsTpA_turn06848.wav,8538.052,8547.115,9.063,created,02:22:18.052,02:22:27.115,0.000,default_zero,SPEAKER_02,8.205,pyannote/speaker-diarization-3.1,Witness,manual_verified_diarization,HIGH,YES,SPEAKING,Witness,YES,Witness 16 identified by manual audio/video review,INCLUDE,,YES,speaker_role=Witness,split_dev;usable,"usable because speaker_role=Witness, witness_speaking_status=SPEAKING, clip_status=created, duration=9.063s, and source is not excluded",YES,0.60,HIGH,manual_clip_review,HUMAN_VERIFIED,neutral,0.919203,0.405223,"{""anger"": 0.027015, ""disgust"": 0.004961, ""fear"": 0.014365, ""joy"": 0.023503, ""neutral"": 0.919203, ""sadness"": 0.008853, ""surprise"": 0.0021}",/Users/rajeshpmu/Desktop/LegalMemoCMT/results/paper_aligned_meld_cv/cmt_min/fold_2/best_model.pt,phase1_meld_checkpoint_pseudo_label,"audio,text","audio,text,video","{""audio_dim"": 128, ""audio_model_name"": ""facebook/hubert-base-ls960"", ""dropout"": 0.1, ""encoder_mode"": ""paper"", ""freeze_audio_backbone"": true, ""freeze_text_backbone"": true, ""fusion_dim"": 256, ""fusion_pooling"": ""min"", ""max_audio_len"": 256, ""max_text_len"": 128, ""max_video_len"": 32, ""num_classes"": 7, ""num_heads"": 4, ""num_layers"": 2, ""text_dim"": 256, ""text_model_name"": ""bert-base-uncased"", ""use_video"": false, ""video_dim"": 128, ""vocab_size"": 30000}"
DCBWoWhsTpA_turn06850,DCBWoWhsTpA_turn06850,DCBWoWhsTpA,https://www.youtube.com/live/DCBWoWhsTpA,LIVE: Lindsay Clancy trial Day 14,full_trial_stream,5,/Users/rajeshpmu/Desktop/LegalMemoCMT/data/phase2/clancy/corpus/raw/live-lindsay-clancy-trial-day-14/live-lindsay-clancy-trial-day-14_DCBWoWhsTpA.en.vtt,/Users/rajeshpmu/Desktop/LegalMemoCMT/data/processed/phase2/clancy/turn_clips/video/DCBWoWhsTpA/DCBWoWhsTpA_turn06850.mp4,/Users/rajeshpmu/Desktop/LegalMemoCMT/data/processed/phase2/clancy/turn_clips/audio/DCBWoWhsTpA/DCBWoWhsTpA_turn06850.wav,DCBWoWhsTpA,group_by_youtube_id,dev,neutral,text_keyword_heuristic,LOW,NO,neutral default,YES,"She said she was she just said she was afraid to be alone. She And one reason I believe she said she didn't know if she was going to be able to sleep, but mainly she was afraid to be alone.","She said she was she just said she was afraid to be alone. She And one reason I believe she said she didn't know if she was going to be able to sleep, but mainly she was afraid to be alone.",02:22:29.757,02:22:40.097,10.340,10.340,marker,MEDIUM,1,11,"DCBWoWhsTpA_utt06633#p02,DCBWoWhsTpA_utt06634#p01,DCBWoWhsTpA_utt06635#p01,DCBWoWhsTpA_utt06636#p01,DCBWoWhsTpA_utt06637#p01,DCBWoWhsTpA_utt06638#p01,DCBWoWhsTpA_utt06639#p01,DCBWoWhsTpA_utt06640#p01,DCBWoWhsTpA_utt06641#p01,DCBWoWhsTpA_utt06642#p01,DCBWoWhsTpA_utt06643#p01","DCBWoWhsTpA_utt06633,DCBWoWhsTpA_utt06634,DCBWoWhsTpA_utt06635,DCBWoWhsTpA_utt06636,DCBWoWhsTpA_utt06637,DCBWoWhsTpA_utt06638,DCBWoWhsTpA_utt06639,DCBWoWhsTpA_utt06640,DCBWoWhsTpA_utt06641,DCBWoWhsTpA_utt06642,DCBWoWhsTpA_utt06643",11,/Users/rajeshpmu/Desktop/LegalMemoCMT/data/phase2/clancy/corpus/raw/live-lindsay-clancy-trial-day-14/live-lindsay-clancy-trial-day-14_DCBWoWhsTpA.mp4,/Users/rajeshpmu/Desktop/LegalMemoCMT/data/phase2/clancy/corpus/raw/live-lindsay-clancy-trial-day-14/live-lindsay-clancy-trial-day-14_DCBWoWhsTpA.wav,/Users/rajeshpmu/Desktop/LegalMemoCMT/data/processed/phase2/clancy/turn_clips/video/DCBWoWhsTpA/DCBWoWhsTpA_turn06850.mp4,/Users/rajeshpmu/Desktop/LegalMemoCMT/data/processed/phase2/clancy/turn_clips/audio/DCBWoWhsTpA/DCBWoWhsTpA_turn06850.wav,8549.757,8560.097,10.340,created,02:22:29.757,02:22:40.097,0.000,default_zero,SPEAKER_02,8.869,pyannote/speaker-diarization-3.1,Witness,manual_verified_diarization,HIGH,YES,SPEAKING,Witness,YES,Witness 16 identified by manual audio/video review,INCLUDE,,YES,speaker_role=Witness,split_dev;usable,"usable because speaker_role=Witness, witness_speaking_status=SPEAKING, clip_status=created, duration=10.340s, and source is not excluded",YES,0.60,HIGH,manual_clip_review,HUMAN_VERIFIED,neutral,0.41964,1.589876,"{""anger"": 0.142386, ""disgust"": 0.066734, ""fear"": 0.222403, ""joy"": 0.037946, ""neutral"": 0.41964, ""sadness"": 0.080687, ""surprise"": 0.030204}",/Users/rajeshpmu/Desktop/LegalMemoCMT/results/paper_aligned_meld_cv/cmt_min/fold_2/best_model.pt,phase1_meld_checkpoint_pseudo_label,"audio,text","audio,text,video","{""audio_dim"": 128, ""audio_model_name"": ""facebook/hubert-base-ls960"", ""dropout"": 0.1, ""encoder_mode"": ""paper"", ""freeze_audio_backbone"": true, ""freeze_text_backbone"": true, ""fusion_dim"": 256, ""fusion_pooling"": ""min"", ""max_audio_len"": 256, ""max_text_len"": 128, ""max_video_len"": 32, ""num_classes"": 7, ""num_heads"": 4, ""num_layers"": 2, ""text_dim"": 256, ""text_model_name"": ""bert-base-uncased"", ""use_video"": false, ""video_dim"": 128, ""vocab_size"": 30000}"
DCBWoWhsTpA_turn06859,DCBWoWhsTpA_turn06859,DCBWoWhsTpA,https://www.youtube.com/live/DCBWoWhsTpA,LIVE: Lindsay Clancy trial Day 14,full_trial_stream,5,/Users/rajeshpmu/Desktop/LegalMemoCMT/data/phase2/clancy/corpus/raw/live-lindsay-clancy-trial-day-14/live-lindsay-clancy-trial-day-14_DCBWoWhsTpA.en.vtt,/Users/rajeshpmu/Desktop/LegalMemoCMT/data/processed/phase2/clancy/turn_clips/video/DCBWoWhsTpA/DCBWoWhsTpA_turn06859.mp4,/Users/rajeshpmu/Desktop/LegalMemoCMT/data/processed/phase2/clancy/turn_clips/audio/DCBWoWhsTpA/DCBWoWhsTpA_turn06859.wav,DCBWoWhsTpA,group_by_youtube_id,dev,neutral,text_keyword_heuristic,LOW,NO,neutral default,YES,I did not. It was a children's party. I stayed home with Ken.,I did not. It was a children's party. I stayed home with Ken.,02:24:23.855,02:24:33.576,9.721,9.721,marker,MEDIUM,1,5,"DCBWoWhsTpA_utt06719#p02,DCBWoWhsTpA_utt06720#p01,DCBWoWhsTpA_utt06721#p01,DCBWoWhsTpA_utt06722#p01,DCBWoWhsTpA_utt06723#p01","DCBWoWhsTpA_utt06719,DCBWoWhsTpA_utt06720,DCBWoWhsTpA_utt06721,DCBWoWhsTpA_utt06722,DCBWoWhsTpA_utt06723",5,/Users/rajeshpmu/Desktop/LegalMemoCMT/data/phase2/clancy/corpus/raw/live-lindsay-clancy-trial-day-14/live-lindsay-clancy-trial-day-14_DCBWoWhsTpA.mp4,/Users/rajeshpmu/Desktop/LegalMemoCMT/data/phase2/clancy/corpus/raw/live-lindsay-clancy-trial-day-14/live-lindsay-clancy-trial-day-14_DCBWoWhsTpA.wav,/Users/rajeshpmu/Desktop/LegalMemoCMT/data/processed/phase2/clancy/turn_clips/video/DCBWoWhsTpA/DCBWoWhsTpA_turn06859.mp4,/Users/rajeshpmu/Desktop/LegalMemoCMT/data/processed/phase2/clancy/turn_clips/audio/DCBWoWhsTpA/DCBWoWhsTpA_turn06859.wav,8663.855,8673.576,9.721,created,02:24:23.855,02:24:33.576,0.000,default_zero,SPEAKER_02,1.300,pyannote/speaker-diarization-3.1,Witness,manual_verified_diarization,HIGH,YES,SPEAKING,Witness,YES,Witness 16 identified by manual audio/video review,INCLUDE,,YES,speaker_role=Witness,split_dev;usable,"usable because speaker_role=Witness, witness_speaking_status=SPEAKING, clip_status=created, duration=9.721s, and source is not excluded",YES,0.60,HIGH,manual_clip_review,HUMAN_VERIFIED,neutral,0.604089,0.915321,"{""anger"": 0.02704, ""disgust"": 0.016086, ""fear"": 0.335999, ""joy"": 0.012865, ""neutral"": 0.604089, ""sadness"": 0.001475, ""surprise"": 0.002445}",/Users/rajeshpmu/Desktop/LegalMemoCMT/results/paper_aligned_meld_cv/cmt_min/fold_2/best_model.pt,phase1_meld_checkpoint_pseudo_label,"audio,text","audio,text,video","{""audio_dim"": 128, ""audio_model_name"": ""facebook/hubert-base-ls960"", ""dropout"": 0.1, ""encoder_mode"": ""paper"", ""freeze_audio_backbone"": true, ""freeze_text_backbone"": true, ""fusion_dim"": 256, ""fusion_pooling"": ""min"", ""max_audio_len"": 256, ""max_text_len"": 128, ""max_video_len"": 32, ""num_classes"": 7, ""num_heads"": 4, ""num_layers"": 2, ""text_dim"": 256, ""text_model_name"": ""bert-base-uncased"", ""use_video"": false, ""video_dim"": 128, ""vocab_size"": 30000}"
DCBWoWhsTpA_turn06867,DCBWoWhsTpA_turn06867,DCBWoWhsTpA,https://www.youtube.com/live/DCBWoWhsTpA,LIVE: Lindsay Clancy trial Day 14,full_trial_stream,5,/Users/rajeshpmu/Desktop/LegalMemoCMT/data/phase2/clancy/corpus/raw/live-lindsay-clancy-trial-day-14/live-lindsay-clancy-trial-day-14_DCBWoWhsTpA.en.vtt,/Users/rajeshpmu/Desktop/LegalMemoCMT/data/processed/phase2/clancy/turn_clips/video/DCBWoWhsTpA/DCBWoWhsTpA_turn06867.mp4,/Users/rajeshpmu/Desktop/LegalMemoCMT/data/processed/phase2/clancy/turn_clips/audio/DCBWoWhsTpA/DCBWoWhsTpA_turn06867.wav,DCBWoWhsTpA,group_by_youtube_id,dev,neutral,text_keyword_heuristic,LOW,NO,neutral default,YES,"I don't really recall the Museum of Science experience or texts, but if they're there in the text messages, then they were sent. Yes.","I don't really recall the Museum of Science experience or texts, but if they're there in the text messages, then they were sent. Yes.",02:26:47.329,02:26:58.808,11.479,11.479,marker,MEDIUM,1,9,"DCBWoWhsTpA_utt06797#p02,DCBWoWhsTpA_utt06798#p01,DCBWoWhsTpA_utt06799#p01,DCBWoWhsTpA_utt06800#p01,DCBWoWhsTpA_utt06801#p01,DCBWoWhsTpA_utt06802#p01,DCBWoWhsTpA_utt06803#p01,DCBWoWhsTpA_utt06804#p01,DCBWoWhsTpA_utt06805#p01","DCBWoWhsTpA_utt06797,DCBWoWhsTpA_utt06798,DCBWoWhsTpA_utt06799,DCBWoWhsTpA_utt06800,DCBWoWhsTpA_utt06801,DCBWoWhsTpA_utt06802,DCBWoWhsTpA_utt06803,DCBWoWhsTpA_utt06804,DCBWoWhsTpA_utt06805",9,/Users/rajeshpmu/Desktop/LegalMemoCMT/data/phase2/clancy/corpus/raw/live-lindsay-clancy-trial-day-14/live-lindsay-clancy-trial-day-14_DCBWoWhsTpA.mp4,/Users/rajeshpmu/Desktop/LegalMemoCMT/data/phase2/clancy/corpus/raw/live-lindsay-clancy-trial-day-14/live-lindsay-clancy-trial-day-14_DCBWoWhsTpA.wav,/Users/rajeshpmu/Desktop/LegalMemoCMT/data/processed/phase2/clancy/turn_clips/video/DCBWoWhsTpA/DCBWoWhsTpA_turn06867.mp4,/Users/rajeshpmu/Desktop/LegalMemoCMT/data/processed/phase2/clancy/turn_clips/audio/DCBWoWhsTpA/DCBWoWhsTpA_turn06867.wav,8807.329,8818.808,11.479,created,02:26:47.329,02:26:58.808,0.000,default_zero,SPEAKER_02,5.637,pyannote/speaker-diarization-3.1,Witness,manual_verified_diarization,HIGH,YES,SPEAKING,Witness,YES,Witness 16 identified by manual audio/video review,INCLUDE,,YES,speaker_role=Witness,split_dev;usable,"usable because speaker_role=Witness, witness_speaking_status=SPEAKING, clip_status=created, duration=11.479s, and source is not excluded",YES,0.60,HIGH,manual_clip_review,HUMAN_VERIFIED,neutral,0.946717,0.288886,"{""anger"": 0.02167, ""disgust"": 0.003643, ""fear"": 0.006778, ""joy"": 0.01269, ""neutral"": 0.946717, ""sadness"": 0.00713, ""surprise"": 0.001372}",/Users/rajeshpmu/Desktop/LegalMemoCMT/results/paper_aligned_meld_cv/cmt_min/fold_2/best_model.pt,phase1_meld_checkpoint_pseudo_label,"audio,text","audio,text,video","{""audio_dim"": 128, ""audio_model_name"": ""facebook/hubert-base-ls960"", ""dropout"": 0.1, ""encoder_mode"": ""paper"", ""freeze_audio_backbone"": true, ""freeze_text_backbone"": true, ""fusion_dim"": 256, ""fusion_pooling"": ""min"", ""max_audio_len"": 256, ""max_text_len"": 128, ""max_video_len"": 32, ""num_classes"": 7, ""num_heads"": 4, ""num_layers"": 2, ""text_dim"": 256, ""text_model_name"": ""bert-base-uncased"", ""use_video"": false, ""video_dim"": 128, ""vocab_size"": 30000}"
DCBWoWhsTpA_turn06891,DCBWoWhsTpA_turn06891,DCBWoWhsTpA,https://www.youtube.com/live/DCBWoWhsTpA,LIVE: Lindsay Clancy trial Day 14,full_trial_stream,5,/Users/rajeshpmu/Desktop/LegalMemoCMT/data/phase2/clancy/corpus/raw/live-lindsay-clancy-trial-day-14/live-lindsay-clancy-trial-day-14_DCBWoWhsTpA.en.vtt,/Users/rajeshpmu/Desktop/LegalMemoCMT/data/processed/phase2/clancy/turn_clips/video/DCBWoWhsTpA/DCBWoWhsTpA_turn06891.mp4,/Users/rajeshpmu/Desktop/LegalMemoCMT/data/processed/phase2/clancy/turn_clips/audio/DCBWoWhsTpA/DCBWoWhsTpA_turn06891.wav,DCBWoWhsTpA,group_by_youtube_id,dev,confidence,text_keyword_heuristic,HIGH,YES,keyword match,YES,"The text from me was meant to encourage her because I didn't think it did any good to discourage her. So the te text was meant not necessarily what I actually observed that weekend, but it was meant to encourage her because I was encouraging her to do things with the kids to kind of try to get back to normal. So it's not necessarily a representation of exactly what I observed that weekend.","The text from me was meant to encourage her because I didn't think it did any good to discourage her. So the te text was meant not necessarily what I actually observed that weekend, but it was meant to encourage her because I was encouraging her to do things with the kids to kind of try to get back to normal. So it's not necessarily a representation of exactly what I observed that weekend.",02:36:53.278,02:37:20.585,27.307,27.307,marker,MEDIUM,1,23,"DCBWoWhsTpA_utt07287#p02,DCBWoWhsTpA_utt07288#p01,DCBWoWhsTpA_utt07289#p01,DCBWoWhsTpA_utt07290#p01,DCBWoWhsTpA_utt07291#p01,DCBWoWhsTpA_utt07292#p01,DCBWoWhsTpA_utt07293#p01,DCBWoWhsTpA_utt07294#p01,DCBWoWhsTpA_utt07295#p01,DCBWoWhsTpA_utt07296#p01,DCBWoWhsTpA_utt07297#p01,DCBWoWhsTpA_utt07298#p01,DCBWoWhsTpA_utt07299#p01,DCBWoWhsTpA_utt07300#p01,DCBWoWhsTpA_utt07301#p01,DCBWoWhsTpA_utt07302#p01,DCBWoWhsTpA_utt07303#p01,DCBWoWhsTpA_utt07304#p01,DCBWoWhsTpA_utt07305#p01,DCBWoWhsTpA_utt07306#p01,DCBWoWhsTpA_utt07307#p01,DCBWoWhsTpA_utt07308#p01,DCBWoWhsTpA_utt07309#p01","DCBWoWhsTpA_utt07287,DCBWoWhsTpA_utt07288,DCBWoWhsTpA_utt07289,DCBWoWhsTpA_utt07290,DCBWoWhsTpA_utt07291,DCBWoWhsTpA_utt07292,DCBWoWhsTpA_utt07293,DCBWoWhsTpA_utt07294,DCBWoWhsTpA_utt07295,DCBWoWhsTpA_utt07296,DCBWoWhsTpA_utt07297,DCBWoWhsTpA_utt07298,DCBWoWhsTpA_utt07299,DCBWoWhsTpA_utt07300,DCBWoWhsTpA_utt07301,DCBWoWhsTpA_utt07302,DCBWoWhsTpA_utt07303,DCBWoWhsTpA_utt07304,DCBWoWhsTpA_utt07305,DCBWoWhsTpA_utt07306,DCBWoWhsTpA_utt07307,DCBWoWhsTpA_utt07308,DCBWoWhsTpA_utt07309",23,/Users/rajeshpmu/Desktop/LegalMemoCMT/data/phase2/clancy/corpus/raw/live-lindsay-clancy-trial-day-14/live-lindsay-clancy-trial-day-14_DCBWoWhsTpA.mp4,/Users/rajeshpmu/Desktop/LegalMemoCMT/data/phase2/clancy/corpus/raw/live-lindsay-clancy-trial-day-14/live-lindsay-clancy-trial-day-14_DCBWoWhsTpA.wav,/Users/rajeshpmu/Desktop/LegalMemoCMT/data/processed/phase2/clancy/turn_clips/video/DCBWoWhsTpA/DCBWoWhsTpA_turn06891.mp4,/Users/rajeshpmu/Desktop/LegalMemoCMT/data/processed/phase2/clancy/turn_clips/audio/DCBWoWhsTpA/DCBWoWhsTpA_turn06891.wav,9413.278,9440.585,27.307,created,02:36:53.278,02:37:20.585,0.000,default_zero,SPEAKER_02,17.314,pyannote/speaker-diarization-3.1,Witness,manual_verified_diarization,HIGH,YES,SPEAKING,Witness,YES,Witness 16 identified by manual audio/video review,INCLUDE,,YES,speaker_role=Witness,split_dev;usable,"usable because speaker_role=Witness, witness_speaking_status=SPEAKING, clip_status=created, duration=27.307s, and source is not excluded",YES,0.60,HIGH,manual_clip_review,HUMAN_VERIFIED,neutral,0.526747,1.408676,"{""anger"": 0.174912, ""disgust"": 0.030411, ""fear"": 0.05666, ""joy"": 0.145381, ""neutral"": 0.526747, ""sadness"": 0.048885, ""surprise"": 0.017005}",/Users/rajeshpmu/Desktop/LegalMemoCMT/results/paper_aligned_meld_cv/cmt_min/fold_2/best_model.pt,phase1_meld_checkpoint_pseudo_label,"audio,text","audio,text,video","{""audio_dim"": 128, ""audio_model_name"": ""facebook/hubert-base-ls960"", ""dropout"": 0.1, ""encoder_mode"": ""paper"", ""freeze_audio_backbone"": true, ""freeze_text_backbone"": true, ""fusion_dim"": 256, ""fusion_pooling"": ""min"", ""max_audio_len"": 256, ""max_text_len"": 128, ""max_video_len"": 32, ""num_classes"": 7, ""num_heads"": 4, ""num_layers"": 2, ""text_dim"": 256, ""text_model_name"": ""bert-base-uncased"", ""use_video"": false, ""video_dim"": 128, ""vocab_size"": 30000}"
DCBWoWhsTpA_turn06897,DCBWoWhsTpA_turn06897,DCBWoWhsTpA,https://www.youtube.com/live/DCBWoWhsTpA,LIVE: Lindsay Clancy trial Day 14,full_trial_stream,5,/Users/rajeshpmu/Desktop/LegalMemoCMT/data/phase2/clancy/corpus/raw/live-lindsay-clancy-trial-day-14/live-lindsay-clancy-trial-day-14_DCBWoWhsTpA.en.vtt,/Users/rajeshpmu/Desktop/LegalMemoCMT/data/processed/phase2/clancy/turn_clips/video/DCBWoWhsTpA/DCBWoWhsTpA_turn06897.mp4,/Users/rajeshpmu/Desktop/LegalMemoCMT/data/processed/phase2/clancy/turn_clips/audio/DCBWoWhsTpA/DCBWoWhsTpA_turn06897.wav,DCBWoWhsTpA,group_by_youtube_id,dev,neutral,text_keyword_heuristic,LOW,NO,neutral default,YES,That's correct. Without my observation of her,That's correct. Without my observation of her,02:38:42.206,02:38:44.574,2.368,2.368,marker,MEDIUM,1,5,"DCBWoWhsTpA_utt07391#p02,DCBWoWhsTpA_utt07392#p01,DCBWoWhsTpA_utt07393#p01,DCBWoWhsTpA_utt07394#p01,DCBWoWhsTpA_utt07395#p01","DCBWoWhsTpA_utt07391,DCBWoWhsTpA_utt07392,DCBWoWhsTpA_utt07393,DCBWoWhsTpA_utt07394,DCBWoWhsTpA_utt07395",5,/Users/rajeshpmu/Desktop/LegalMemoCMT/data/phase2/clancy/corpus/raw/live-lindsay-clancy-trial-day-14/live-lindsay-clancy-trial-day-14_DCBWoWhsTpA.mp4,/Users/rajeshpmu/Desktop/LegalMemoCMT/data/phase2/clancy/corpus/raw/live-lindsay-clancy-trial-day-14/live-lindsay-clancy-trial-day-14_DCBWoWhsTpA.wav,/Users/rajeshpmu/Desktop/LegalMemoCMT/data/processed/phase2/clancy/turn_clips/video/DCBWoWhsTpA/DCBWoWhsTpA_turn06897.mp4,/Users/rajeshpmu/Desktop/LegalMemoCMT/data/processed/phase2/clancy/turn_clips/audio/DCBWoWhsTpA/DCBWoWhsTpA_turn06897.wav,9522.206,9524.574,2.368,created,02:38:42.206,02:38:44.574,0.000,default_zero,SPEAKER_02,1.805,pyannote/speaker-diarization-3.1,Witness,manual_verified_diarization,HIGH,YES,SPEAKING,Witness,YES,Witness 16 identified by manual audio/video review,INCLUDE,,YES,speaker_role=Witness,split_dev;usable,"usable because speaker_role=Witness, witness_speaking_status=SPEAKING, clip_status=created, duration=2.368s, and source is not excluded",YES,0.60,HIGH,manual_clip_review,HUMAN_VERIFIED,neutral,0.722384,0.916008,"{""anger"": 0.031574, ""disgust"": 0.023709, ""fear"": 0.038824, ""joy"": 0.173386, ""neutral"": 0.722384, ""sadness"": 0.004114, ""surprise"": 0.006008}",/Users/rajeshpmu/Desktop/LegalMemoCMT/results/paper_aligned_meld_cv/cmt_min/fold_2/best_model.pt,phase1_meld_checkpoint_pseudo_label,"audio,text","audio,text,video","{""audio_dim"": 128, ""audio_model_name"": ""facebook/hubert-base-ls960"", ""dropout"": 0.1, ""encoder_mode"": ""paper"", ""freeze_audio_backbone"": true, ""freeze_text_backbone"": true, ""fusion_dim"": 256, ""fusion_pooling"": ""min"", ""max_audio_len"": 256, ""max_text_len"": 128, ""max_video_len"": 32, ""num_classes"": 7, ""num_heads"": 4, ""num_layers"": 2, ""text_dim"": 256, ""text_model_name"": ""bert-base-uncased"", ""use_video"": false, ""video_dim"": 128, ""vocab_size"": 30000}"
DCBWoWhsTpA_turn06901,DCBWoWhsTpA_turn06901,DCBWoWhsTpA,https://www.youtube.com/live/DCBWoWhsTpA,LIVE: Lindsay Clancy trial Day 14,full_trial_stream,5,/Users/rajeshpmu/Desktop/LegalMemoCMT/data/phase2/clancy/corpus/raw/live-lindsay-clancy-trial-day-14/live-lindsay-clancy-trial-day-14_DCBWoWhsTpA.en.vtt,/Users/rajeshpmu/Desktop/LegalMemoCMT/data/processed/phase2/clancy/turn_clips/video/DCBWoWhsTpA/DCBWoWhsTpA_turn06901.mp4,/Users/rajeshpmu/Desktop/LegalMemoCMT/data/processed/phase2/clancy/turn_clips/audio/DCBWoWhsTpA/DCBWoWhsTpA_turn06901.wav,DCBWoWhsTpA,group_by_youtube_id,dev,neutral,text_keyword_heuristic,LOW,NO,neutral default,YES,"I do not recall. I remember speaking to the police. I had just found out what had happened and I was pretty much in shock. So, anything I remember honestly I remember two things I told the police. Anything else that you have there, I must have said, but I'm don't recall them. I can I've been going through my mind. I can honestly recall two things I told the police during that interview. I was pretty much in shock.","I do not recall. I remember speaking to the police. I had just found out what had happened and I was pretty much in shock. So, anything I remember honestly I remember two things I told the police. Anything else that you have there, I must have said, but I'm don't recall them. I can I've been going through my mind. I can honestly recall two things I told the police during that interview. I was pretty much in shock.",02:39:28.850,02:39:56.096,27.246,27.246,marker,MEDIUM,1,25,"DCBWoWhsTpA_utt07415#p02,DCBWoWhsTpA_utt07416#p01,DCBWoWhsTpA_utt07417#p01,DCBWoWhsTpA_utt07418#p01,DCBWoWhsTpA_utt07419#p01,DCBWoWhsTpA_utt07420#p01,DCBWoWhsTpA_utt07421#p01,DCBWoWhsTpA_utt07422#p01,DCBWoWhsTpA_utt07423#p01,DCBWoWhsTpA_utt07424#p01,DCBWoWhsTpA_utt07425#p01,DCBWoWhsTpA_utt07426#p01,DCBWoWhsTpA_utt07427#p01,DCBWoWhsTpA_utt07428#p01,DCBWoWhsTpA_utt07429#p01,DCBWoWhsTpA_utt07430#p01,DCBWoWhsTpA_utt07431#p01,DCBWoWhsTpA_utt07432#p01,DCBWoWhsTpA_utt07433#p01,DCBWoWhsTpA_utt07434#p01,DCBWoWhsTpA_utt07435#p01,DCBWoWhsTpA_utt07436#p01,DCBWoWhsTpA_utt07437#p01,DCBWoWhsTpA_utt07438#p01,DCBWoWhsTpA_utt07439#p01","DCBWoWhsTpA_utt07415,DCBWoWhsTpA_utt07416,DCBWoWhsTpA_utt07417,DCBWoWhsTpA_utt07418,DCBWoWhsTpA_utt07419,DCBWoWhsTpA_utt07420,DCBWoWhsTpA_utt07421,DCBWoWhsTpA_utt07422,DCBWoWhsTpA_utt07423,DCBWoWhsTpA_utt07424,DCBWoWhsTpA_utt07425,DCBWoWhsTpA_utt07426,DCBWoWhsTpA_utt07427,DCBWoWhsTpA_utt07428,DCBWoWhsTpA_utt07429,DCBWoWhsTpA_utt07430,DCBWoWhsTpA_utt07431,DCBWoWhsTpA_utt07432,DCBWoWhsTpA_utt07433,DCBWoWhsTpA_utt07434,DCBWoWhsTpA_utt07435,DCBWoWhsTpA_utt07436,DCBWoWhsTpA_utt07437,DCBWoWhsTpA_utt07438,DCBWoWhsTpA_utt07439",25,/Users/rajeshpmu/Desktop/LegalMemoCMT/data/phase2/clancy/corpus/raw/live-lindsay-clancy-trial-day-14/live-lindsay-clancy-trial-day-14_DCBWoWhsTpA.mp4,/Users/rajeshpmu/Desktop/LegalMemoCMT/data/phase2/clancy/corpus/raw/live-lindsay-clancy-trial-day-14/live-lindsay-clancy-trial-day-14_DCBWoWhsTpA.wav,/Users/rajeshpmu/Desktop/LegalMemoCMT/data/processed/phase2/clancy/turn_clips/video/DCBWoWhsTpA/DCBWoWhsTpA_turn06901.mp4,/Users/rajeshpmu/Desktop/LegalMemoCMT/data/processed/phase2/clancy/turn_clips/audio/DCBWoWhsTpA/DCBWoWhsTpA_turn06901.wav,9568.850,9596.096,27.246,created,02:39:28.850,02:39:56.096,0.000,default_zero,SPEAKER_02,15.525,pyannote/speaker-diarization-3.1,Witness,manual_verified_diarization,HIGH,YES,SPEAKING,Witness,YES,Witness 16 identified by manual audio/video review,INCLUDE,,YES,speaker_role=Witness,split_dev;usable,"usable because speaker_role=Witness, witness_speaking_status=SPEAKING, clip_status=created, duration=27.246s, and source is not excluded",YES,0.60,HIGH,manual_clip_review,HUMAN_VERIFIED,neutral,0.384766,1.434169,"{""anger"": 0.086864, ""disgust"": 0.028548, ""fear"": 0.075403, ""joy"": 0.042873, ""neutral"": 0.384766, ""sadness"": 0.368954, ""surprise"": 0.012593}",/Users/rajeshpmu/Desktop/LegalMemoCMT/results/paper_aligned_meld_cv/cmt_min/fold_2/best_model.pt,phase1_meld_checkpoint_pseudo_label,"audio,text","audio,text,video","{""audio_dim"": 128, ""audio_model_name"": ""facebook/hubert-base-ls960"", ""dropout"": 0.1, ""encoder_mode"": ""paper"", ""freeze_audio_backbone"": true, ""freeze_text_backbone"": true, ""fusion_dim"": 256, ""fusion_pooling"": ""min"", ""max_audio_len"": 256, ""max_text_len"": 128, ""max_video_len"": 32, ""num_classes"": 7, ""num_heads"": 4, ""num_layers"": 2, ""text_dim"": 256, ""text_model_name"": ""bert-base-uncased"", ""use_video"": false, ""video_dim"": 128, ""vocab_size"": 30000}"
DCBWoWhsTpA_turn06910,DCBWoWhsTpA_turn06910,DCBWoWhsTpA,https://www.youtube.com/live/DCBWoWhsTpA,LIVE: Lindsay Clancy trial Day 14,full_trial_stream,5,/Users/rajeshpmu/Desktop/LegalMemoCMT/data/phase2/clancy/corpus/raw/live-lindsay-clancy-trial-day-14/live-lindsay-clancy-trial-day-14_DCBWoWhsTpA.en.vtt,/Users/rajeshpmu/Desktop/LegalMemoCMT/data/processed/phase2/clancy/turn_clips/video/DCBWoWhsTpA/DCBWoWhsTpA_turn06910.mp4,/Users/rajeshpmu/Desktop/LegalMemoCMT/data/processed/phase2/clancy/turn_clips/audio/DCBWoWhsTpA/DCBWoWhsTpA_turn06910.wav,DCBWoWhsTpA,group_by_youtube_id,dev,neutral,text_keyword_heuristic,LOW,NO,neutral default,YES,"Oh, yes. Yes. Yes. I'm sorry.","Oh, yes. Yes. Yes. I'm sorry.",02:41:52.797,02:41:54.595,1.798,1.798,marker,MEDIUM,1,3,"DCBWoWhsTpA_utt07493#p02,DCBWoWhsTpA_utt07494#p01,DCBWoWhsTpA_utt07495#p01","DCBWoWhsTpA_utt07493,DCBWoWhsTpA_utt07494,DCBWoWhsTpA_utt07495",3,/Users/rajeshpmu/Desktop/LegalMemoCMT/data/phase2/clancy/corpus/raw/live-lindsay-clancy-trial-day-14/live-lindsay-clancy-trial-day-14_DCBWoWhsTpA.mp4,/Users/rajeshpmu/Desktop/LegalMemoCMT/data/phase2/clancy/corpus/raw/live-lindsay-clancy-trial-day-14/live-lindsay-clancy-trial-day-14_DCBWoWhsTpA.wav,/Users/rajeshpmu/Desktop/LegalMemoCMT/data/processed/phase2/clancy/turn_clips/video/DCBWoWhsTpA/DCBWoWhsTpA_turn06910.mp4,/Users/rajeshpmu/Desktop/LegalMemoCMT/data/processed/phase2/clancy/turn_clips/audio/DCBWoWhsTpA/DCBWoWhsTpA_turn06910.wav,9712.797,9714.595,1.798,created,02:41:52.797,02:41:54.595,0.000,default_zero,SPEAKER_02,1.766,pyannote/speaker-diarization-3.1,Witness,manual_verified_diarization,HIGH,YES,SPEAKING,Witness,YES,Witness 16 identified by manual audio/video review,INCLUDE,,YES,speaker_role=Witness,split_dev;usable,"usable because speaker_role=Witness, witness_speaking_status=SPEAKING, clip_status=created, duration=1.798s, and source is not excluded",YES,0.60,HIGH,manual_clip_review,HUMAN_VERIFIED,neutral,0.426761,1.225806,"{""anger"": 0.113355, ""disgust"": 0.01031, ""fear"": 0.39455, ""joy"": 0.010967, ""neutral"": 0.426761, ""sadness"": 0.039589, ""surprise"": 0.004467}",/Users/rajeshpmu/Desktop/LegalMemoCMT/results/paper_aligned_meld_cv/cmt_min/fold_2/best_model.pt,phase1_meld_checkpoint_pseudo_label,"audio,text","audio,text,video","{""audio_dim"": 128, ""audio_model_name"": ""facebook/hubert-base-ls960"", ""dropout"": 0.1, ""encoder_mode"": ""paper"", ""freeze_audio_backbone"": true, ""freeze_text_backbone"": true, ""fusion_dim"": 256, ""fusion_pooling"": ""min"", ""max_audio_len"": 256, ""max_text_len"": 128, ""max_video_len"": 32, ""num_classes"": 7, ""num_heads"": 4, ""num_layers"": 2, ""text_dim"": 256, ""text_model_name"": ""bert-base-uncased"", ""use_video"": false, ""video_dim"": 128, ""vocab_size"": 30000}"
DCBWoWhsTpA_turn06938,DCBWoWhsTpA_turn06938,DCBWoWhsTpA,https://www.youtube.com/live/DCBWoWhsTpA,LIVE: Lindsay Clancy trial Day 14,full_trial_stream,5,/Users/rajeshpmu/Desktop/LegalMemoCMT/data/phase2/clancy/corpus/raw/live-lindsay-clancy-trial-day-14/live-lindsay-clancy-trial-day-14_DCBWoWhsTpA.en.vtt,/Users/rajeshpmu/Desktop/LegalMemoCMT/data/processed/phase2/clancy/turn_clips/video/DCBWoWhsTpA/DCBWoWhsTpA_turn06938.mp4,/Users/rajeshpmu/Desktop/LegalMemoCMT/data/processed/phase2/clancy/turn_clips/audio/DCBWoWhsTpA/DCBWoWhsTpA_turn06938.wav,DCBWoWhsTpA,group_by_youtube_id,dev,neutral,text_keyword_heuristic,LOW,NO,neutral default,YES,It's Michael Wulovich. It's uh Visen Victor. U L F as in Frank. O V is invari.,It's Michael Wulovich. It's uh Visen Victor. U L F as in Frank. O V is invari.,02:48:54.460,02:49:01.630,7.170,7.170,marker,MEDIUM,1,7,"DCBWoWhsTpA_utt07803#p02,DCBWoWhsTpA_utt07804#p01,DCBWoWhsTpA_utt07805#p01,DCBWoWhsTpA_utt07806#p01,DCBWoWhsTpA_utt07807#p01,DCBWoWhsTpA_utt07808#p01,DCBWoWhsTpA_utt07809#p01","DCBWoWhsTpA_utt07803,DCBWoWhsTpA_utt07804,DCBWoWhsTpA_utt07805,DCBWoWhsTpA_utt07806,DCBWoWhsTpA_utt07807,DCBWoWhsTpA_utt07808,DCBWoWhsTpA_utt07809",7,/Users/rajeshpmu/Desktop/LegalMemoCMT/data/phase2/clancy/corpus/raw/live-lindsay-clancy-trial-day-14/live-lindsay-clancy-trial-day-14_DCBWoWhsTpA.mp4,/Users/rajeshpmu/Desktop/LegalMemoCMT/data/phase2/clancy/corpus/raw/live-lindsay-clancy-trial-day-14/live-lindsay-clancy-trial-day-14_DCBWoWhsTpA.wav,/Users/rajeshpmu/Desktop/LegalMemoCMT/data/processed/phase2/clancy/turn_clips/video/DCBWoWhsTpA/DCBWoWhsTpA_turn06938.mp4,/Users/rajeshpmu/Desktop/LegalMemoCMT/data/processed/phase2/clancy/turn_clips/audio/DCBWoWhsTpA/DCBWoWhsTpA_turn06938.wav,10134.460,10141.630,7.170,created,02:48:54.460,02:49:01.630,0.000,default_zero,SPEAKER_17,6.450,pyannote/speaker-diarization-3.1,Witness,manual_verified_diarization,HIGH,YES,SPEAKING,Witness,YES,Witness 17 identified by manual audio/video review,INCLUDE,,YES,speaker_role=Witness,split_dev;usable,"usable because speaker_role=Witness, witness_speaking_status=SPEAKING, clip_status=created, duration=7.170s, and source is not excluded",YES,0.60,HIGH,manual_clip_review,HUMAN_VERIFIED,neutral,0.908487,0.446193,"{""anger"": 0.041377, ""disgust"": 0.008134, ""fear"": 0.007845, ""joy"": 0.016697, ""neutral"": 0.908487, ""sadness"": 0.011751, ""surprise"": 0.005709}",/Users/rajeshpmu/Desktop/LegalMemoCMT/results/paper_aligned_meld_cv/cmt_min/fold_2/best_model.pt,phase1_meld_checkpoint_pseudo_label,"audio,text","audio,text,video","{""audio_dim"": 128, ""audio_model_name"": ""facebook/hubert-base-ls960"", ""dropout"": 0.1, ""encoder_mode"": ""paper"", ""freeze_audio_backbone"": true, ""freeze_text_backbone"": true, ""fusion_dim"": 256, ""fusion_pooling"": ""min"", ""max_audio_len"": 256, ""max_text_len"": 128, ""max_video_len"": 32, ""num_classes"": 7, ""num_heads"": 4, ""num_layers"": 2, ""text_dim"": 256, ""text_model_name"": ""bert-base-uncased"", ""use_video"": false, ""video_dim"": 128, ""vocab_size"": 30000}"
DCBWoWhsTpA_turn06939,DCBWoWhsTpA_turn06939,DCBWoWhsTpA,https://www.youtube.com/live/DCBWoWhsTpA,LIVE: Lindsay Clancy trial Day 14,full_trial_stream,5,/Users/rajeshpmu/Desktop/LegalMemoCMT/data/phase2/clancy/corpus/raw/live-lindsay-clancy-trial-day-14/live-lindsay-clancy-trial-day-14_DCBWoWhsTpA.en.vtt,/Users/rajeshpmu/Desktop/LegalMemoCMT/data/processed/phase2/clancy/turn_clips/video/DCBWoWhsTpA/DCBWoWhsTpA_turn06939.mp4,/Users/rajeshpmu/Desktop/LegalMemoCMT/data/processed/phase2/clancy/turn_clips/audio/DCBWoWhsTpA/DCBWoWhsTpA_turn06939.wav,DCBWoWhsTpA,group_by_youtube_id,dev,neutral,text_keyword_heuristic,LOW,NO,neutral default,YES,"And um what do you do for work, sir?","And um what do you do for work, sir?",02:49:01.630,02:49:04.433,2.803,2.803,marker,MEDIUM,1,3,"DCBWoWhsTpA_utt07809#p02,DCBWoWhsTpA_utt07810#p01,DCBWoWhsTpA_utt07811#p01","DCBWoWhsTpA_utt07809,DCBWoWhsTpA_utt07810,DCBWoWhsTpA_utt07811",3,/Users/rajeshpmu/Desktop/LegalMemoCMT/data/phase2/clancy/corpus/raw/live-lindsay-clancy-trial-day-14/live-lindsay-clancy-trial-day-14_DCBWoWhsTpA.mp4,/Users/rajeshpmu/Desktop/LegalMemoCMT/data/phase2/clancy/corpus/raw/live-lindsay-clancy-trial-day-14/live-lindsay-clancy-trial-day-14_DCBWoWhsTpA.wav,/Users/rajeshpmu/Desktop/LegalMemoCMT/data/processed/phase2/clancy/turn_clips/video/DCBWoWhsTpA/DCBWoWhsTpA_turn06939.mp4,/Users/rajeshpmu/Desktop/LegalMemoCMT/data/processed/phase2/clancy/turn_clips/audio/DCBWoWhsTpA/DCBWoWhsTpA_turn06939.wav,10141.630,10144.433,2.803,created,02:49:01.630,02:49:04.433,0.000,default_zero,SPEAKER_17,1.110,pyannote/speaker-diarization-3.1,Witness,manual_verified_diarization,HIGH,YES,SPEAKING,Witness,YES,Witness 17 identified by manual audio/video review,INCLUDE,,YES,speaker_role=Witness,split_dev;usable,"usable because speaker_role=Witness, witness_speaking_status=SPEAKING, clip_status=created, duration=2.803s, and source is not excluded",YES,0.60,HIGH,manual_clip_review,HUMAN_VERIFIED,neutral,0.966416,0.200213,"{""anger"": 0.009663, ""disgust"": 0.008339, ""fear"": 0.004071, ""joy"": 0.008096, ""neutral"": 0.966416, ""sadness"": 0.002771, ""surprise"": 0.000644}",/Users/rajeshpmu/Desktop/LegalMemoCMT/results/paper_aligned_meld_cv/cmt_min/fold_2/best_model.pt,phase1_meld_checkpoint_pseudo_label,"audio,text","audio,text,video","{""audio_dim"": 128, ""audio_model_name"": ""facebook/hubert-base-ls960"", ""dropout"": 0.1, ""encoder_mode"": ""paper"", ""freeze_audio_backbone"": true, ""freeze_text_backbone"": true, ""fusion_dim"": 256, ""fusion_pooling"": ""min"", ""max_audio_len"": 256, ""max_text_len"": 128, ""max_video_len"": 32, ""num_classes"": 7, ""num_heads"": 4, ""num_layers"": 2, ""text_dim"": 256, ""text_model_name"": ""bert-base-uncased"", ""use_video"": false, ""video_dim"": 128, ""vocab_size"": 30000}"
DCBWoWhsTpA_turn06940,DCBWoWhsTpA_turn06940,DCBWoWhsTpA,https://www.youtube.com/live/DCBWoWhsTpA,LIVE: Lindsay Clancy trial Day 14,full_trial_stream,5,/Users/rajeshpmu/Desktop/LegalMemoCMT/data/phase2/clancy/corpus/raw/live-lindsay-clancy-trial-day-14/live-lindsay-clancy-trial-day-14_DCBWoWhsTpA.en.vtt,/Users/rajeshpmu/Desktop/LegalMemoCMT/data/processed/phase2/clancy/turn_clips/video/DCBWoWhsTpA/DCBWoWhsTpA_turn06940.mp4,/Users/rajeshpmu/Desktop/LegalMemoCMT/data/processed/phase2/clancy/turn_clips/audio/DCBWoWhsTpA/DCBWoWhsTpA_turn06940.wav,DCBWoWhsTpA,group_by_youtube_id,dev,neutral,text_keyword_heuristic,LOW,NO,neutral default,YES,Uh I'm an emergency medicine doctor. I work full-time at Newton Welsley Hospital.,Uh I'm an emergency medicine doctor. I work full-time at Newton Welsley Hospital.,02:49:04.433,02:49:07.398,2.965,2.965,marker,MEDIUM,1,7,"DCBWoWhsTpA_utt07811#p02,DCBWoWhsTpA_utt07812#p01,DCBWoWhsTpA_utt07813#p01,DCBWoWhsTpA_utt07814#p01,DCBWoWhsTpA_utt07815#p01,DCBWoWhsTpA_utt07816#p01,DCBWoWhsTpA_utt07817#p01","DCBWoWhsTpA_utt07811,DCBWoWhsTpA_utt07812,DCBWoWhsTpA_utt07813,DCBWoWhsTpA_utt07814,DCBWoWhsTpA_utt07815,DCBWoWhsTpA_utt07816,DCBWoWhsTpA_utt07817",7,/Users/rajeshpmu/Desktop/LegalMemoCMT/data/phase2/clancy/corpus/raw/live-lindsay-clancy-trial-day-14/live-lindsay-clancy-trial-day-14_DCBWoWhsTpA.mp4,/Users/rajeshpmu/Desktop/LegalMemoCMT/data/phase2/clancy/corpus/raw/live-lindsay-clancy-trial-day-14/live-lindsay-clancy-trial-day-14_DCBWoWhsTpA.wav,/Users/rajeshpmu/Desktop/LegalMemoCMT/data/processed/phase2/clancy/turn_clips/video/DCBWoWhsTpA/DCBWoWhsTpA_turn06940.mp4,/Users/rajeshpmu/Desktop/LegalMemoCMT/data/processed/phase2/clancy/turn_clips/audio/DCBWoWhsTpA/DCBWoWhsTpA_turn06940.wav,10144.433,10147.398,2.965,created,02:49:04.433,02:49:07.398,0.000,default_zero,SPEAKER_17,2.535,pyannote/speaker-diarization-3.1,Witness,manual_verified_diarization,HIGH,YES,SPEAKING,Witness,YES,Witness 17 identified by manual audio/video review,INCLUDE,,YES,speaker_role=Witness,split_dev;usable,"usable because speaker_role=Witness, witness_speaking_status=SPEAKING, clip_status=created, duration=2.965s, and source is not excluded",YES,0.60,HIGH,manual_clip_review,HUMAN_VERIFIED,neutral,0.94428,0.300239,"{""anger"": 0.015225, ""disgust"": 0.003832, ""fear"": 0.005443, ""joy"": 0.019402, ""neutral"": 0.94428, ""sadness"": 0.010678, ""surprise"": 0.00114}",/Users/rajeshpmu/Desktop/LegalMemoCMT/results/paper_aligned_meld_cv/cmt_min/fold_2/best_model.pt,phase1_meld_checkpoint_pseudo_label,"audio,text","audio,text,video","{""audio_dim"": 128, ""audio_model_name"": ""facebook/hubert-base-ls960"", ""dropout"": 0.1, ""encoder_mode"": ""paper"", ""freeze_audio_backbone"": true, ""freeze_text_backbone"": true, ""fusion_dim"": 256, ""fusion_pooling"": ""min"", ""max_audio_len"": 256, ""max_text_len"": 128, ""max_video_len"": 32, ""num_classes"": 7, ""num_heads"": 4, ""num_layers"": 2, ""text_dim"": 256, ""text_model_name"": ""bert-base-uncased"", ""use_video"": false, ""video_dim"": 128, ""vocab_size"": 30000}"
DCBWoWhsTpA_turn06944,DCBWoWhsTpA_turn06944,DCBWoWhsTpA,https://www.youtube.com/live/DCBWoWhsTpA,LIVE: Lindsay Clancy trial Day 14,full_trial_stream,5,/Users/rajeshpmu/Desktop/LegalMemoCMT/data/phase2/clancy/corpus/raw/live-lindsay-clancy-trial-day-14/live-lindsay-clancy-trial-day-14_DCBWoWhsTpA.en.vtt,/Users/rajeshpmu/Desktop/LegalMemoCMT/data/processed/phase2/clancy/turn_clips/video/DCBWoWhsTpA/DCBWoWhsTpA_turn06944.mp4,/Users/rajeshpmu/Desktop/LegalMemoCMT/data/processed/phase2/clancy/turn_clips/audio/DCBWoWhsTpA/DCBWoWhsTpA_turn06944.wav,DCBWoWhsTpA,group_by_youtube_id,dev,neutral,text_keyword_heuristic,LOW,NO,neutral default,YES,I am. I'm board certified in emergency medicine.,I am. I'm board certified in emergency medicine.,02:49:12.709,02:49:15.163,2.454,2.454,marker,MEDIUM,1,5,"DCBWoWhsTpA_utt07825#p02,DCBWoWhsTpA_utt07826#p01,DCBWoWhsTpA_utt07827#p01,DCBWoWhsTpA_utt07828#p01,DCBWoWhsTpA_utt07829#p01","DCBWoWhsTpA_utt07825,DCBWoWhsTpA_utt07826,DCBWoWhsTpA_utt07827,DCBWoWhsTpA_utt07828,DCBWoWhsTpA_utt07829",5,/Users/rajeshpmu/Desktop/LegalMemoCMT/data/phase2/clancy/corpus/raw/live-lindsay-clancy-trial-day-14/live-lindsay-clancy-trial-day-14_DCBWoWhsTpA.mp4,/Users/rajeshpmu/Desktop/LegalMemoCMT/data/phase2/clancy/corpus/raw/live-lindsay-clancy-trial-day-14/live-lindsay-clancy-trial-day-14_DCBWoWhsTpA.wav,/Users/rajeshpmu/Desktop/LegalMemoCMT/data/processed/phase2/clancy/turn_clips/video/DCBWoWhsTpA/DCBWoWhsTpA_turn06944.mp4,/Users/rajeshpmu/Desktop/LegalMemoCMT/data/processed/phase2/clancy/turn_clips/audio/DCBWoWhsTpA/DCBWoWhsTpA_turn06944.wav,10152.709,10155.163,2.454,created,02:49:12.709,02:49:15.163,0.000,default_zero,SPEAKER_17,1.684,pyannote/speaker-diarization-3.1,Witness,manual_verified_diarization,HIGH,YES,SPEAKING,Witness,YES,Witness 17 identified by manual audio/video review,INCLUDE,,YES,speaker_role=Witness,split_dev;usable,"usable because speaker_role=Witness, witness_speaking_status=SPEAKING, clip_status=created, duration=2.454s, and source is not excluded",YES,0.60,HIGH,manual_clip_review,HUMAN_VERIFIED,neutral,0.817264,0.697555,"{""anger"": 0.102539, ""disgust"": 0.004661, ""fear"": 0.005144, ""joy"": 0.037504, ""neutral"": 0.817264, ""sadness"": 0.029205, ""surprise"": 0.003683}",/Users/rajeshpmu/Desktop/LegalMemoCMT/results/paper_aligned_meld_cv/cmt_min/fold_2/best_model.pt,phase1_meld_checkpoint_pseudo_label,"audio,text","audio,text,video","{""audio_dim"": 128, ""audio_model_name"": ""facebook/hubert-base-ls960"", ""dropout"": 0.1, ""encoder_mode"": ""paper"", ""freeze_audio_backbone"": true, ""freeze_text_backbone"": true, ""fusion_dim"": 256, ""fusion_pooling"": ""min"", ""max_audio_len"": 256, ""max_text_len"": 128, ""max_video_len"": 32, ""num_classes"": 7, ""num_heads"": 4, ""num_layers"": 2, ""text_dim"": 256, ""text_model_name"": ""bert-base-uncased"", ""use_video"": false, ""video_dim"": 128, ""vocab_size"": 30000}"
